power,density,component_0,component_1,component_2,component_3,gmm_high,kmeans_high
0.0,7.15692129656484e-24,1.0353724674927027e-26,7.146564380640136e-24,3.191249774049576e-30,1.692925894439066e-44,False,False
0.05,8.863163807174081e-24,1.0865517948991651e-26,8.85229497584839e-24,3.313376684347175e-30,1.9418046732546347e-44,False,False
0.1,1.0971559882729963e-23,1.1402370015658924e-26,1.0960154072575658e-23,3.440138868530818e-30,2.227049923252889e-44,False,False
0.15000000000000002,1.3575715342457268e-23,1.1965495882861942e-26,1.356374627486365e-23,3.571710774651106e-30,2.5539428801095816e-44,False,False
0.2,1.6790740708210402e-23,1.2556168880217479e-26,1.6778180831056787e-23,3.708273359424447e-30,2.928526941294988e-44,False,False
0.25,2.0758125161733344e-23,1.317572342968893e-26,2.0744945588289305e-23,3.8500143289221e-30,3.3577169586149625e-44,False,False
0.30000000000000004,2.5651699786566998e-23,1.382555794647354e-26,2.5637870231492746e-23,3.997128388078912e-30,3.8494241018161697e-44,False,False
0.35000000000000003,3.168493002841998e-23,1.4507137876174458e-26,3.167041874072675e-23,4.1498174993415875e-30,4.4126984971030136e-44,False,False
0.4,3.9119829366393046e-23,1.5221998874583115e-26,3.910460305922736e-23,4.3082911507897406e-30,5.057892154246135e-44,False,False
0.45,4.827784936544551e-23,1.5971750136698336e-26,4.8261873142541423e-23,4.472766634070343e-30,5.79684504905743e-44,False,False
0.5,5.955317791444104e-23,1.675807788190936e-26,5.953641519308971e-23,4.643469332505459e-30,6.643097630366577e-44,False,False
0.55,7.342897036328799e-23,1.7582749002588148e-26,7.341138279365243e-23,4.820633019737617e-30,7.612133479069462e-44,False,False
0.6000000000000001,9.049715085684096e-23,1.8447614883663573e-26,9.047869823745724e-23,5.0045001692991105e-30,8.721656369115625e-44,False,False
0.65,1.1148255752033656e-22,1.935461540111139e-26,1.1146319770961124e-22,5.195322275497495e-30,9.991906575268749e-44,False,False
0.7000000000000001,1.3727237021789106e-22,2.0305783107636538e-26,1.372520590414236e-22,5.393360186029047e-30,1.14460219501646e-43,False,False
0.75,1.6895195932606993e-22,2.1303247614225284e-26,1.6893065047957125e-22,5.598884446744105e-30,1.3110450065033093e-43,False,False
0.8,2.0784853549227773e-22,2.2349240176625156e-26,2.078261804399254e-22,5.8121756590045116e-30,1.50154185874043e-43,False,False
0.8500000000000001,2.555842722868583e-22,2.3446098496233318e-26,2.5556082015483836e-22,6.033524850087492e-30,1.7195472069992489e-43,False,False
0.9,3.141409263522721e-22,2.4596271745303438e-26,3.1411632381729365e-22,6.263233857110755e-30,1.969008446448144e-43,False,False
0.9500000000000001,3.85938405531243e-22,2.580232582684057e-26,3.8591259670379997e-22,6.501615724962757e-30,2.254435797123866e-43,False,False
1.0,4.739302494446096e-22,2.706694888002056e-26,4.739031757467343e-22,6.748995118750865e-30,2.580982031274049e-43,False,False
1.05,5.817196070043211e-22,2.839295704246228e-26,5.816912070415699e-22,7.005708751284567e-30,2.9545334199326437e-43,False,False
1.1,7.137000428810445e-22,2.978330048121402e-26,7.13670252308474e-22,7.272105826143924e-30,3.381813466884629e-43,False,False
1.1500000000000001,8.75226405770219e-22,3.124106970483293e-26,8.751951571519673e-22,7.548548496890286e-30,3.870501215864111e-43,False,False
1.2000000000000002,1.0728220762999834e-21,3.2769502169522784e-26,1.0727892989624016e-21,7.835412343005617e-30,4.429366164523636e-43,False,False
1.25,1.3144302185925121e-21,3.4371989192874075e-26,1.314395838470236e-21,8.133086863161953e-30,5.0684221005248075e-43,False,False
1.3,1.6097182311138228e-21,3.605208318936039e-26,1.6096821705886889e-21,8.441975986447534e-30,5.799102495686598e-43,False,False
1.35,1.9704464825165477e-21,3.7813505242416957e-26,1.970408660248853e-21,8.762498602194609e-30,6.634460458802994e-43,False,False
1.4000000000000001,2.410914690067811e-21,3.9660153028562677e-26,2.4108750208196517e-21,9.09508910908491e-30,7.589396662501255e-43,False,False
1.4500000000000002,2.9485020277044315e-21,4.1596109109757925e-26,2.9484604221551177e-21,9.440197984218279e-30,8.680919131210418e-43,False,False
1.5,3.6043203282628446e-21,4.362564961093326e-26,3.604276692814936e-21,9.798292372874759e-30,9.928439313691385e-43,False,False
1.55,4.404003678032513e-21,4.575325330034833e-26,4.4039579146093756e-21,1.0169856699704356e-29,1.135410947345083e-42,False,False
1.6,5.378662420422507e-21,4.798361109129651e-26,5.378614426256024e-21,1.0555393302124744e-29,1.2983207123734515e-42,False,False
1.6500000000000001,6.566035243000893e-21,5.032163598448116e-26,6.565984910409481e-21,1.0955423086720341e-29,1.484457302199802e-42,False,False
1.7000000000000002,8.011879801805872e-21,5.277247347125856e-26,8.011827017961921e-21,1.1370486209471824e-29,1.6971110134676152e-42,False,False
1.75,9.771650457080622e-21,5.534151241888932e-26,9.771595103767076e-21,1.180114278067565e-29,1.9400352001340927e-42,False,False
1.8,1.1912521415590635e-20,5.803439645986726e-26,1.1912463368946231e-20,1.2247973595434398e-29,2.21751100844926e-42,False,False
1.85,1.451582520606284e-20,6.08570359084021e-26,1.4515764336315377e-20,1.2711580890645315e-29,2.5344211006152536e-42,False,False
1.9000000000000001,1.7679990324368956e-20,6.381562022818771e-26,1.7679926495556195e-20,1.319258912943416e-29,2.8963336066389173e-42,False,False
1.9500000000000002,2.152407851178084e-20,6.691663107667161e-26,2.152401158145809e-20,1.3691645814017543e-29,3.3095977136175694e-42,False,False
2.0,2.6192041993357092e-20,7.016685595217684e-26,2.61919718122917e-20,1.420942232802105e-29,3.781452494499338e-42,False,False
2.0500000000000003,3.1857844722349225e-20,7.357340247141472e-26,3.185777113420096e-20,1.4746614809304776e-29,4.3201507973454996e-42,False,False
2.1,3.8731619984140283e-20,7.714371330619997e-26,3.873154282512403e-20,1.5303945054391115e-29,4.9351002648353743e-42,False,False
2.15,4.706707048012112e-20,8.08855818094283e-26,4.706698957865725e-20,1.5882161455635012e-29,5.637023836182126e-42,False,False
2.2,5.717035727029439e-20,8.480716836178674e-26,5.717027244664406e-20,1.6482039972295318e-29,6.438142404325191e-42,False,False
2.25,6.941077192659388e-20,8.891701747205544e-26,6.941068299247333e-20,1.7104385136743742e-29,7.352382665370203e-42,False,False
2.3000000000000003,8.423354338600535e-20,9.322407566532255e-26,8.423345014417955e-20,1.7750031097046372e-29,8.395613610586348e-42,False,False
2.35,1.0217519900912873e-19,9.773771019505169e-26,1.0217510125299879e-19,1.84198426972421e-29,9.58591558047166e-42,False,False
2.4000000000000004,1.238819802758168e-19,1.024677286164583e-25,1.2388187778897142e-19,1.9114716596651912e-29,1.0943886332932144e-41,False,False
2.45,1.5013190978551846e-19,1.0742439926040908e-25,1.5013180234128398e-19,1.9835582429623782e-29,1.2492989181986815e-41,False,False
2.5,1.8186122061370087e-19,1.1261847264883903e-25,1.818611079746453e-19,2.058340400715815e-29,1.4259948949231152e-41,False,False
2.5500000000000003,2.201959949591875e-19,1.1806120389441383e-25,2.2019587687662497e-19,2.135918056191027e-29,1.6275202248437908e-41,False,False
2.6,2.6649002035855175e-19,1.2376437612920281e-25,2.664898965720129e-19,2.2163948038121547e-29,1.8573409506524934e-41,False,False
2.6500000000000004,3.22370063213485e-19,1.2974032500910514e-25,3.223699334501607e-19,2.299878042808896e-29,2.1194037125616564e-41,False,False
2.7,3.8978998648417307e-19,1.3600196434280081e-25,3.897898504583446e-19,2.3864791156824184e-29,2.4182019326908803e-41,False,False
2.75,4.710954076401065e-19,1.425628128962934e-25,4.710952650525322e-19,2.4763134516641948e-29,2.7588510505479025e-41,False,False
2.8000000000000003,5.691009119801596e-19,1.4943702242632532e-25,5.691007625174443e-19,2.569500715343728e-29,3.147174038627782e-41,False,False
2.85,6.871822142455521e-19,1.5663940699834074e-25,6.871820575794923e-19,2.666164960652003e-29,3.5897985928386825e-41,False,False
2.9000000000000004,8.293861086549945e-19,1.6418547364721362e-25,8.293859444418584e-19,2.7664347903898766e-29,4.0942675803125485e-41,False,False
2.95,1.0005615765629803e-18,1.720914544414897e-25,1.0005614044428232e-18,2.8704435215002165e-29,4.669164540129395e-41,False,False
3.0,1.2065160465407794e-18,1.8037434001469215e-25,1.2065158661366534e-18,2.9783293562882245e-29,5.324256273898428e-41,False,False
3.0500000000000003,1.4542015410335179e-18,1.890519146299802e-25,1.454201351950738e-18,3.090235559802067e-29,6.070654836773449e-41,False,False
3.1,1.7519363170856453e-18,1.9814279284754095e-25,1.751936118910826e-18,3.2063106435929186e-29,6.921001549604279e-41,False,False
3.1500000000000004,2.109668639695171e-18,2.076664578670417e-25,2.1096684319954545e-18,3.326708556082927e-29,7.889676004360355e-41,False,False
3.2,2.5392905430097297e-18,2.1764330162085115e-25,2.5392903253319145e-18,3.451588879773723e-29,8.993033433178342e-41,False,False
3.25,3.055010869467641e-18,2.2809466669700446e-25,3.055010641337212e-18,3.5811170355427735e-29,1.0249674262559568e-40,False,False
3.3000000000000003,3.6737985683831144e-18,2.3904289017441843e-25,3.6737983293030645e-18,3.715464494275539e-29,1.168075018535326e-40,False,False
3.35,4.4159092281868314e-18,2.505113494566577e-25,4.415908977636942e-18,3.854808996098113e-29,1.331031166213627e-40,False,False
3.4000000000000004,5.305510163018334e-18,2.625245101942174e-25,5.305509900453825e-18,3.999334777478111e-29,1.516570241935087e-40,False,False
3.45,6.371422135981254e-18,2.7510797638937287e-25,6.371421860831785e-18,4.14923280647448e-29,1.727800725420952e-40,False,False
3.5,7.647999049870027e-18,2.882885427819965e-25,7.64799876153843e-18,4.3047010264256827e-29,1.9682560297354917e-40,False,False
3.5500000000000003,9.17617075538202e-18,3.020942496187411e-25,9.176170453243105e-18,4.465944608375955e-29,2.2419521836461718e-40,False,False
3.6,1.1004678614670921e-17,3.165544399128926e-25,1.1004678298070133e-17,4.6331762125494586e-29,2.5534532882023613e-40,False,False
3.6500000000000004,1.3191538728851427e-17,3.316998193068635e-25,1.3191538397103541e-17,4.8066162591951083e-29,2.9079457876957877e-40,False,False
3.7,1.580577392508119e-17,3.4756251865409516e-25,1.5805773577468824e-17,4.9864932091312587e-29,3.31132273330408e-40,False,False
3.75,1.8929462857574534e-17,3.641761594425967e-25,1.8929462493346718e-17,5.173043854339211e-29,3.7702793740638355e-40,False,False
3.8000000000000003,2.2660163088517672e-17,3.8157592218759176e-25,2.266016270688808e-17,5.366513618955972e-29,4.292421586752154e-40,False,False
3.85,2.7113774990355235e-17,3.997986179263414e-25,2.7113774590501447e-17,5.56715687104093e-29,4.886388856464615e-40,False,False
3.9000000000000004,3.2427924995902276e-17,4.188827629543988e-25,3.2427924576961724e-17,5.775237245493115e-29,5.561993746207378e-40,False,False
3.95,3.876596040295413e-17,4.38868656948293e-25,3.876595996402556e-17,5.99102797851731e-29,6.3303800500911405e-40,False,False
4.0,4.6321663947742625e-17,4.597984646264413e-25,4.632166348788286e-17,6.2148122540468e-29,7.2042021146218795e-40,False,False
4.05,5.532481508279333e-17,4.817163011066386e-25,5.532481460101353e-17,6.446883562545061e-29,8.197828140479443e-40,False,False
4.1000000000000005,6.604774677790083e-17,5.046683211253458e-25,6.604774627316586e-17,6.687546072626284e-29,9.327570648027627e-40,False,False
4.15,7.881307222852933e-17,5.287028122915651e-25,7.881307169975563e-17,6.937115015947996e-29,1.061194770917321e-39,False,False
4.2,9.400278570782478e-17,5.5387029255556935e-25,9.400278515388253e-17,7.19591708584232e-29,1.2071979022388232e-39,False,False
4.25,1.1206897663669516e-16,5.802236120807012e-25,1.1206897605639712e-16,7.464290850175322e-29,1.3731521443853894e-39,False,False
4.3,1.3354643658245312e-16,6.07818059714701e-25,1.3354643597455753e-16,7.742587178934978e-29,1.5617649193776134e-39,False,False
4.3500000000000005,1.5906748626991782e-16,6.367114742660322e-25,1.5906748563312586e-16,8.031169687067664e-29,1.7761084642055072e-39,False,False
4.4,1.8937940488732144e-16,6.669643607991377e-25,1.8937940422027417e-16,8.330415193105108e-29,2.0196686351850117e-39,False,False
4.45,2.2536490825111113e-16,6.986400121724743e-25,2.2536490755238444e-16,8.640714194132498e-29,2.2964001934722297e-39,False,False
4.5,2.6806619721350823e-16,7.318046360530263e-25,2.680661964816142e-16,8.962471357683238e-29,2.610789425997689e-39,False,False
4.55,3.1871318473567384e-16,7.665274876507492e-25,3.1871318396905274e-16,9.29610603114799e-29,2.9679250678203617e-39,False,False
4.6000000000000005,3.787566112487329e-16,8.028810084276936e-25,3.7875661044576255e-16,9.642052769324449e-29,3.373578618144238e-39,False,False
4.65,4.49906875525831e-16,8.409409710476477e-25,4.499068746847905e-16,1.0000761880740514e-28,3.834295284849861e-39,False,False
4.7,5.341795448753853e-16,8.807866308433307e-25,5.34179543994494e-16,1.0372699993416126e-28,4.357496953478805e-39,False,False
4.75,6.339486670195296e-16,9.225008840910394e-25,6.339486660969235e-16,1.0758350640747596e-28,4.951598758544584e-39,False,False
4.800000000000001,7.520091899753772e-16,9.661704333949235e-25,7.520091890090954e-16,1.1158214868222748e-28,5.626141040501884e-39,False,False
4.8500000000000005,8.91650009565523e-16,1.011885960496179e-24,8.91650008553527e-16,1.157281186169922e-28,6.391938703712091e-39,False,False
4.9,1.0567394113985827e-15,1.059742306837005e-24,1.0567394103387173e-15,1.2002679598009627e-28,7.261250252692991e-39,False,False
4.95,1.251824960515611e-15,1.1098386622225436e-24,1.2518249594056408e-15,1.2448375518668888e-28,8.247969079667818e-39,False,False
5.0,1.482250223412062e-15,1.1622787619400735e-24,1.4822502222496498e-15,1.2910477227510146e-28,9.367839910262702e-39,False,False
5.050000000000001,1.7542910907320854e-15,1.2171710927098137e-24,1.7542910895147815e-15,1.3389583213075081e-28,1.0638703690998558e-38,False,False
5.1000000000000005,2.0753149125301985e-15,1.2746291078582424e-24,2.075314911255446e-15,1.3886313596642552e-28,1.2080774627480127e-38,False,False
5.15,2.453966170718156e-15,1.3347714521218536e-24,2.4539661693832222e-15,1.440131090678592e-28,1.3716953562078417e-38,False,False
5.2,2.9003830056084996e-15,1.3977221965074672e-24,2.9003830042106207e-15,1.493524088139605e-28,1.5573182421401513e-38,False,False
5.25,3.4264495973119758e-15,1.4636110836532667e-24,3.4264495958482018e-15,1.5488793298132364e-28,1.7678845074774088e-38,False,False
5.300000000000001,4.0460901918609176e-15,1.532573784154208e-24,4.046090190328203e-15,1.6062682834300684e-28,2.0067220634168304e-38,False,False
5.3500000000000005,4.775611472029342e-15,1.6047521643365104e-24,4.775611470424481e-15,1.665764995718608e-28,2.2775996003467898e-38,False,False
5.4,5.634101021872288e-15,1.6802945659853965e-24,5.634101020191803e-15,1.7274461845919048e-28,2.584784536179227e-38,False,False
5.45,6.643890842573943e-15,1.759356098554103e-24,6.643890840814426e-15,1.7913913345962916e-28,2.933108525453443e-38,False,False
5.5,7.831096268763241e-15,1.8420989444038792e-24,7.831096266920986e-15,1.8576827957387685e-28,3.328041508086365e-38,False,False
5.550000000000001,9.22624223586461e-15,1.9286926776488948e-24,9.226242233935788e-15,1.9264058858091214e-28,3.7757754023820643e-38,False,False
5.6000000000000005,1.0864990690928661e-14,2.019314597205207e-24,1.0864990688909305e-14,1.9976489963211052e-28,4.2833186886674364e-38,False,False
5.65,1.2788985056681364e-14,2.1141500746691077e-24,1.2788985054567036e-14,2.0715037021980974e-28,4.858603289719183e-38,False,False
5.7,1.504683009107796e-14,2.2133929176764047e-24,1.5046830088864376e-14,2.1480648753347833e-28,5.510605334274311e-38,False,False
5.75,1.7695228277861203e-14,2.317245749423796e-24,1.7695228275543858e-14,2.2274308021703968e-28,6.249481592919899e-38,False,False
5.800000000000001,2.080029708919158e-14,2.4259204050622574e-24,2.0800297086765477e-14,2.309703305413799e-28,7.086723604441666e-38,False,False
5.8500000000000005,2.4439095138196364e-14,2.5396383457026833e-24,2.4439095135656674e-14,2.394987870065292e-28,8.035331768501066e-38,False,False
5.9,2.8701389454199196e-14,2.6586310908079997e-24,2.8701389451540324e-14,2.4833937738861525e-28,9.110011970966803e-38,False,False
5.95,3.3691700942522303e-14,2.7831406697768033e-24,3.369170093973891e-14,2.575034222469558e-28,1.0327397635453793e-37,False,False
6.0,3.9531670620549106e-14,2.9134200935610314e-24,3.953167061763548e-14,2.6700264890760913e-28,1.1706300463222177e-37,False,False
6.050000000000001,4.636279555030935e-14,3.049733847195016e-24,4.6362795547259403e-14,2.7684920593971366e-28,1.3267993538774985e-37,False,False
6.1000000000000005,5.4349590626574106e-14,3.1923584041516964e-24,5.4349590623381453e-14,2.8705567814212325e-28,1.5036530946073352e-37,False,False
6.15,6.368324065459069e-14,3.341582763481161e-24,6.368324065124841e-14,2.9763510205787702e-28,1.7039108566844269e-37,False,False
6.2,7.458581660623636e-14,3.497709010728925e-24,7.458581660273842e-14,3.0860098203508335e-28,1.9306471325356122e-37,False,False
6.25,8.73151407396196e-14,3.6610529036729854e-24,8.731514073595835e-14,3.199673068531765e-28,2.187337281154961e-37,False,False
6.300000000000001,1.0217039758846194e-13,3.831944483964027e-24,1.0217039758462971e-13,3.3174856693429167e-28,2.4779093965896468e-37,False,False
6.3500000000000005,1.1949860188145178e-13,4.010728715801224e-24,1.1949860187744126e-13,3.4395977216008053e-28,2.806802835523289e-37,False,False
6.4,1.3970205047281334e-13,4.197766152822449e-24,1.397020504686156e-13,3.5661647031520574e-28,3.179034252086552e-37,False,False
6.45,1.6324690361860114e-13,4.393433634440724e-24,1.6324690361420747e-13,3.697347661790417e-28,3.600272095170722e-37,False,False
6.5,1.9067306171800217e-13,4.5981250129112085e-24,1.9067306171340552e-13,3.8333134128851e-28,4.0769206440849846e-37,False,False
6.550000000000001,2.2260552729290433e-13,4.8122519124663695e-24,2.2260552728809385e-13,3.974234743950429e-28,4.61621479405861e-37,False,False
6.6000000000000005,2.5976746888292497e-13,5.0362445219188965e-24,2.597674688778901e-13,4.120290626400287e-28,5.226326955708792e-37,False,False
6.65,3.029952341162468e-13,5.270552422186503e-24,3.0299523411097575e-13,4.271666434737302e-28,5.916487604282395e-37,False,False
6.7,3.5325559396218645e-13,5.515645450259993e-24,3.5325559395667235e-13,4.428554173432397e-28,6.697121207597028e-37,False,False
6.75,4.116655396235757e-13,5.772014601198951e-24,4.1166553961780365e-13,4.591152711766582e-28,7.579999478798813e-37,False,False
6.800000000000001,4.795149982975628e-13,6.040172969808199e-24,4.79514998291526e-13,4.759668026905681e-28,8.578414144306824e-37,False,False
6.8500000000000005,5.582928848103834e-13,6.3206567337173765e-24,5.582928848040667e-13,4.934313455499393e-28,9.707371691960945e-37,False,False
6.9,6.497169636874987e-13,6.614026179663805e-24,6.497169636808818e-13,5.11530995409634e-28,1.0983812873185547e-36,False,False
6.95,7.55768061423059e-13,6.920866774850606e-24,7.557680614161326e-13,5.302886368682997e-28,1.2426860080137935e-36,False,False
7.0,8.787292425351328e-13,7.241790285337258e-24,8.787292425278912e-13,5.497279713662468e-28,1.4058096109033682e-36,False,False
7.050000000000001,1.0212306465266662e-12,7.577435943500333e-24,1.0212306465190881e-12,5.698735460599905e-28,1.5901878259468825e-36,False,False
7.1000000000000005,1.1863007773398681e-12,7.928471666690273e-24,1.1863007773319505e-12,5.907507837073118e-28,1.7985692212483645e-36,False,False
7.15,1.3774251436625636e-12,8.29559532930049e-24,1.3774251436542609e-12,6.123860135980102e-28,2.0340550684056783e-36,False,False
7.2,1.5986132690512713e-12,8.679536090562155e-24,1.5986132690425952e-12,6.348065035661226e-28,2.3001442473138575e-36,False,False
7.25,1.854475226990897e-12,9.081055780473326e-24,1.85447522698182e-12,6.580404931216743e-28,2.6007838222601225e-36,False,False
7.300000000000001,2.150309009629618e-12,9.500950346374953e-24,2.1503090096201252e-12,6.821172277400084e-28,2.9404259997066884e-36,False,False
7.3500000000000005,2.4922002121481566e-12,9.940051362797258e-24,2.492200212138225e-12,7.070669943493602e-28,3.324092266396839e-36,False,False
7.4,2.8871357099326205e-12,1.0399227607303911e-23,2.8871357099222234e-12,7.329211580576794e-28,3.75744560552643e-36,False,False
7.45,3.3431332255795967e-12,1.087938670518688e-23,3.3431332255687218e-12,7.597122001617089e-28,4.246871800023119e-36,False,False
7.5,3.869388930240196e-12,1.1381476845980077e-23,3.869388930228832e-12,7.874737574826407e-28,4.799570956954917e-36,False,False
7.550000000000001,4.476445502208736e-12,1.1906488574885998e-23,4.4764455021968295e-12,8.162406630740846e-28,5.4236605274165166e-36,False,False
7.6000000000000005,5.176383378660945e-12,1.2455456662347625e-23,5.1763833786485205e-12,8.46048988349759e-28,6.128291253782212e-36,False,False
7.65,5.983038288136608e-12,1.3029462055127555e-23,5.983038288123586e-12,8.76936086680117e-28,6.923777653062533e-36,False,False
7.7,6.91224854628877e-12,1.3629633912401044e-23,6.912248546275149e-12,9.089406385080639e-28,7.821744843604466e-36,False,False
7.75,7.982136040638978e-12,1.42571517305282e-23,7.982136040624725e-12,9.421026980369083e-28,8.83529374515337e-36,False,False
7.800000000000001,9.2134253271897e-12,1.4913247560307012e-23,9.213425327174784e-12,9.76463741543951e-28,9.97918693230313e-36,False,False
7.8500000000000005,1.062980581897051e-11,1.5599208320688196e-23,1.0629805818954927e-11,1.0120667173765153e-27,1.1270057701886808e-35,False,False
7.9,1.2258342670829112e-11,1.6316378213094835e-23,1.2258342670812794e-11,1.0489560976877332e-27,1.2726645229599675e-35,False,False
7.95,1.4129942663650805e-11,1.7066161240660254e-23,1.4129942663633654e-11,1.087177931972475e-27,1.4370059044239098e-35,False,False
8.0,1.627988217316145e-11,1.7850023836890253e-23,1.62798821731436e-11,1.1267799024651291e-27,1.622407644401061e-35,False,False
8.05,1.8748405182876728e-11,1.8669497608440196e-23,1.87484051828581e-11,1.1678113814634651e-27,1.831547692359273e-35,False,False
8.1,2.1581400277943554e-11,1.9526182196892383e-23,2.158140027792403e-11,1.2103234906446736e-27,2.0674418178850574e-35,False,False
8.15,2.483116664798639e-11,2.0421748264640168e-23,2.4831166647965953e-11,1.2543691624425369e-27,2.3334858814766598e-35,False,False
8.200000000000001,2.8557280345218668e-11,2.1357940610179826e-23,2.8557280345197397e-11,1.3000032035557312e-27,2.6335033508568243e-35,False,False
8.25,3.282757340289414e-11,2.2336581418357565e-23,3.2827573402871796e-11,1.347282360661767e-27,2.9717987082323754e-35,False,False
8.3,3.771923993396931e-11,2.3359573651332015e-23,3.7719239933946184e-11,1.3962653884108888e-27,3.3532174726558384e-35,False,False
8.35,4.3320085017480617e-11,2.4428904586276546e-23,4.3320085017456506e-11,1.4470131197796048e-27,3.7832136498909456e-35,False,False
8.4,4.97299340591587e-11,2.5546649506076726e-23,4.972993405913349e-11,1.499588538863875e-27,4.267925521086711e-35,False,False
8.450000000000001,5.70622224036186e-11,2.6714975549565044e-23,5.706222240359192e-11,1.5540568561962207e-27,4.8142607924051447e-35,False,False
8.5,6.544578730047074e-11,2.793614572809628e-23,6.544578730044338e-11,1.6104855866731005e-27,5.429992251943339e-35,False,False
8.55,7.50268869105423e-11,2.921252311554741e-23,7.502688691051307e-11,1.6689446301822314e-27,6.123865219447638e-35,False,False
8.6,8.597147390801735e-11,3.0546575219151873e-23,8.597147390798721e-11,1.729506355022118e-27,6.905718230212725e-35,False,False
8.65,9.846775441940846e-11,3.194087853885118e-23,9.846775441937744e-11,1.7922456842102767e-27,7.786618569190161e-35,False,False
8.700000000000001,1.1272906657311074e-10,3.339812332319809e-23,1.1272906657307764e-10,1.8572401847776582e-27,8.779014466932228e-35,False,False
8.75,1.28997116849569e-10,3.492111853018219e-23,1.2899711684953526e-10,1.9245701601534133e-27,9.8969059880553e-35,False,False
8.8,1.4754561676042409e-10,3.6512797001673583e-23,1.475456167603876e-10,1.9943187457440336e-27,1.115603688822355e-34,False,False
8.85,1.6868436718789418e-10,3.817622086057626e-23,1.6868436718785724e-10,2.0665720078172586e-27,1.2574109990327695e-34,False,False
8.9,1.9276384302949924e-10,3.991458714015277e-23,1.9276384302945974e-10,2.1414190458038957e-27,1.4171028938063779e-34,False,False
8.950000000000001,2.2018033666830765e-10,4.173123365536449e-23,2.2018033666826727e-10,2.218952098133073e-27,1.5969169529389387e-34,False,False
9.0,2.513817252806313e-10,4.362964512650855e-23,2.513817252805879e-10,2.299266651724088e-27,1.7993684217688617e-34,False,False
9.05,2.868739341611444e-10,4.5613459565847167e-23,2.868739341610999e-10,2.3824615552569157e-27,2.0272843799792833e-34,False,False
9.1,3.2722817615532027e-10,4.768647493836398e-23,3.2722817615527297e-10,2.468639136353264e-27,2.2838420792691434e-34,False,False
9.15,3.7308905601174304e-10,4.985265610828273e-23,3.7308905601169445e-10,2.55790532279964e-27,2.572611954088651e-34,False,False
9.200000000000001,4.2518363807939483e-10,5.211614208341815e-23,4.25183638079344e-10,2.6503697679514824e-27,2.8976058700698217e-34,False,False
9.25,4.843315863612653e-10,5.448125356998701e-23,4.843315863612126e-10,2.7461459804606836e-27,3.2633312423919242e-34,False,False
9.3,5.51456497586285e-10,5.695250085098603e-23,5.514564975862328e-10,2.8453514584741782e-27,3.6748517319565955e-34,False,False
9.35,6.275985607751646e-10,5.953459200182972e-23,6.275985607751074e-10,2.9481078284554488e-27,4.1378553118434065e-34,False,False
9.4,7.139286908586777e-10,6.223244145748073e-23,7.139286908586152e-10,3.054540988788073e-27,4.658730591130603e-34,False,False
9.450000000000001,8.117642993746163e-10,6.505117894591894e-23,8.117642993745568e-10,3.164781258321559e-27,5.244652388974965e-34,False,False
9.5,9.225868822465002e-10,6.799615880341215e-23,9.225868822464325e-10,3.2789635300314194e-27,5.9036776701488256e-34,False,False
9.55,1.0480616232675669e-09,7.107296968766735e-23,1.0480616232675011e-09,3.3972274299637205e-27,6.64485308551349e-34,False,False
9.600000000000001,1.1900592323229608e-09,7.428744470566562e-23,1.1900592323228861e-09,3.519717481647553e-27,7.478335508781571e-34,False,False
9.65,1.350680259737069e-09,7.764567197360929e-23,1.3506802597369986e-09,3.646583276158845e-27,8.415527126217376e-34,False,False
9.700000000000001,1.5322821526007045e-09,8.115400562720749e-23,1.5322821526006247e-09,3.777979648029148e-27,9.469226820682439e-34,False,False
9.75,1.737509345694048e-09,8.481907730123357e-23,1.73750934569397e-09,3.9140668571976506e-27,1.0653799797899894e-33,False,False
9.8,1.969326708872235e-09,8.864780809808165e-23,1.969326708872147e-09,4.055010777212104e-27,1.1985367633550291e-33,False,False
9.850000000000001,2.2310567047272836e-09,9.264742106588351e-23,2.231056704727207e-09,4.200983089890142e-27,1.348202117760478e-33,False,False
9.9,2.526420645209594e-09,9.682545420759256e-23,2.5264206452094983e-09,4.352161486662443e-27,1.5164059040326124e-33,False,False
9.950000000000001,2.8595844739207567e-09,1.0118977404332264e-22,2.859584473920679e-09,4.5087298768211774e-27,1.7054254706123584e-33,False,False
10.0,3.2352095422366857e-09,1.0574858974914304e-22,3.2352095422365864e-09,4.670878602912663e-27,1.917815568082742e-33,False,False
10.05,3.658508892557105e-09,1.1051046789653154e-22,3.6585088925570186e-09,4.838804663511532e-27,2.156441847935215e-33,False,False
10.100000000000001,4.135309611099267e-09,1.1548434781761927e-22,4.135309611099154e-09,5.012711943631435e-27,2.424518370896073e-33,False,False
10.15,4.6721218660706225e-09,1.2067955762248453e-22,4.6721218660705456e-09,5.192811453028027e-27,2.7256496003877846e-33,False,False
10.200000000000001,5.276215305100476e-09,1.2610583089576464e-22,5.276215305100351e-09,5.3793215726629976e-27,3.0638774125858013e-33,False,False
10.25,5.955703548836344e-09,1.3177332410100044e-22,5.9557035488362465e-09,5.5724683096054935e-27,3.443733716918878e-33,False,False
10.3,6.719637585996588e-09,1.3769263472235022e-22,6.719637585996441e-09,5.7724855606566785e-27,3.870299350507172e-33,False,False
10.350000000000001,7.578108949306736e-09,1.4387482017444122e-22,7.578108949306652e-09,5.97961538499213e-27,4.3492699877644125e-33,False,False
10.4,8.542363632069046e-09,1.5033141751246382e-22,8.542363632068889e-09,6.194108286129368e-27,4.8870298931429623e-33,False,False
10.450000000000001,9.624927792053248e-09,1.5707446397593327e-22,9.624927792053106e-09,6.41622350353171e-27,5.490734441812534e-33,False,False
10.5,1.083974638344153e-08,1.641165184008777e-22,1.0839746383441391e-08,6.646229314180613e-27,6.168402441079931e-33,False,False
10.55,1.220233595919702e-08,1.71470683536653e-22,1.2202335959196928e-08,6.884403344446005e-27,6.929019405875433e-33,False,False
10.600000000000001,1.3729952995986271e-08,1.7915062930513525e-22,1.3729952995986069e-08,7.131032892609986e-27,7.782653076073472e-33,False,False
10.65,1.544177921222582e-08,1.8717061704148027e-22,1.544177921222576e-08,7.386415262398372e-27,8.740582613378121e-33,False,False
10.700000000000001,1.7359125477520512e-08,1.9554552475735024e-22,1.7359125477520284e-08,7.650858107894022e-27,9.815443082763502e-33,False,False
10.75,1.9505656049320626e-08,2.0429087346915263e-22,1.9505656049320372e-08,7.924679790216484e-27,1.1021387009982838e-32,False,False
10.8,2.190763502071135e-08,2.134228546355339e-22,2.1907635020711106e-08,8.208209746363947e-27,1.2374265014657877e-32,False,False
10.850000000000001,2.4594197022486394e-08,2.229583587502551e-22,2.4594197022486205e-08,8.501788870627713e-27,1.3891827750366726e-32,False,False
10.9,2.7597644393794242e-08,2.3291500513844015e-22,2.7597644393794083e-08,8.80576990900587e-27,1.5593951641683294e-32,False,False
10.950000000000001,3.095377321937292e-08,2.433111730061525e-22,3.095377321937285e-08,9.120517867047887e-27,1.750289119633991e-32,False,False
11.0,3.4702230828477614e-08,2.5416603379523093e-22,3.4702230828477535e-08,9.446410431592628e-27,1.9643560991905196e-32,False,False
11.05,3.8886907561842694e-08,2.654995848976302e-22,3.888690756184233e-08,9.783838406855789e-27,2.2043850794396614e-32,False,False
11.100000000000001,4.3556365839210906e-08,2.7733268478545966e-22,4.3556365839210496e-08,1.0133206165361261e-26,2.473497766521097e-32,False,False
11.15,4.876430980195822e-08,2.8968708961545124e-22,4.8764309801957766e-08,1.04949321142089e-26,2.775187935729792e-32,False,False
11.200000000000001,5.4570099063992e-08,3.0258549136888625e-22,5.457009906399188e-08,1.0869449177194837e-26,3.1133653796807815e-32,False,False
11.25,6.103931038032132e-08,3.1605155759038397e-22,6.103931038032096e-08,1.1257205293324133e-26,3.49240499981863e-32,False,False
11.3,6.824435133737575e-08,3.301099727918407e-22,6.824435133737571e-08,1.1658663932256448e-26,3.917201637532062e-32,False,False
11.350000000000001,7.626513048323793e-08,3.4478648159015033e-22,7.626513048323763e-08,1.2074304627264756e-26,4.3932313095870037e-32,False,False
11.4,8.518978865039493e-08,3.6010793365038813e-22,8.518978865039473e-08,1.2504623526286897e-26,4.9266195888258635e-32,False,False
11.450000000000001,9.511549657939327e-08,3.7610233050903525e-22,9.511549657939272e-08,1.295013396168229e-26,5.524217955975266e-32,False,False
11.5,1.0614932432983297e-07,3.9279887435464913e-22,1.061493243298331e-07,1.341136703932068e-26,6.193689042918964e-32,False,False
11.55,1.184091883665366e-07,4.1022801884677294e-22,1.1840918836653612e-07,1.3888872247650762e-26,6.943601793028075e-32,False,False
11.600000000000001,1.320248826343339e-07,4.284215220571159e-22,1.320248826343341e-07,1.4383218087419753e-26,7.783537681279035e-32,False,False
11.65,1.4713920038588679e-07,4.474125016202195e-22,1.4713920038588644e-07,1.4894992722738657e-26,8.7242092672754e-32,False,False
11.700000000000001,1.6390915400411533e-07,4.67235492184752e-22,1.6390915400411583e-07,1.5424804654201606e-26,9.777592499405612e-32,False,False
11.75,1.8250730056524908e-07,4.879265052599366e-22,1.8250730056524834e-07,1.5973283414810167e-26,1.095707434985281e-31,False,False
11.8,2.0312318142112118e-07,5.09523091555524e-22,2.0312318142112144e-07,1.6541080289451955e-26,1.2277617539866797e-31,False,False
11.850000000000001,2.2596488464107355e-07,5.320644059179815e-22,2.2596488464107342e-07,1.7128869058736672e-26,1.3755944314622948e-31,False,False
11.9,2.512607397455682e-07,5.5559127496916215e-22,2.5126073974556896e-07,1.7737346767994616e-26,1.5410741449409378e-31,False,False
11.950000000000001,2.7926115478624275e-07,5.8014626755873415e-22,2.7926115478624264e-07,1.8367234522284e-26,1.7262888916276972e-31,False,False
12.0,3.102406064813902e-07,6.057737681453943e-22,3.102406064813911e-07,1.9019278308276468e-26,1.9335714915450345e-31,False,False
12.05,3.4449979480260045e-07,6.3252005322729245e-22,3.444997948026003e-07,1.9694249843920216e-26,2.165528028182388e-31,False,False
12.100000000000001,3.8236797412797594e-07,6.60433370946225e-22,3.823679741279764e-07,2.0392947456805203e-26,2.425069561715078e-31,False,False
12.15,4.242054738308598e-07,6.895640239958111e-22,4.242054738308588e-07,2.111619699219922e-26,2.7154474876905795e-31,False,False
12.200000000000001,4.704064219605158e-07,7.199644559687485e-22,4.7040642196051813e-07,2.186485275172937e-26,3.0402929561454724e-31,False,False
12.25,5.21401686493318e-07,7.516893412836825e-22,5.214016864933167e-07,2.2639798463754048e-26,3.4036608128781542e-31,False,False
12.3,5.776620494898771e-07,7.847956788382582e-22,5.776620494898799e-07,2.344194828645859e-26,3.810078576579544e-31,False,False
12.350000000000001,6.397016303853188e-07,8.193428895402911e-22,6.397016303853183e-07,2.427224784478899e-26,4.264601023292771e-31,False,False
12.4,7.080815755664457e-07,8.553929178754167e-22,7.080815755664478e-07,2.5131675302336875e-26,4.772871013867617e-31,False,False
12.450000000000001,7.834140323509227e-07,8.930103376762526e-22,7.834140323509223e-07,2.602124246934718e-26,5.3411872714129425e-31,False,False
12.5,8.663664264788714e-07,9.322624622638855e-22,8.66366426478874e-07,2.6941995948051796e-26,5.976579895001592e-31,False,False
12.55,9.576660632566497e-07,9.732194591401235e-22,9.576660632566474e-07,2.789501831657247e-26,6.6868944839337465e-31,False,False
12.600000000000001,1.0581050735541448e-06,1.015954469416073e-21,1.058105073554146e-06,2.8881429352674606e-26,7.480885844667791e-31,False,False
12.65,1.1685457269509054e-06,1.060543732169324e-21,1.168545726950905e-06,2.9902387298708635e-26,8.36832236115917e-31,False,False
12.700000000000001,1.2899261354499987e-06,1.1070667139307915e-21,1.2899261354500027e-06,3.095909016908925e-26,9.36010222999371e-31,False,False
12.75,1.4232663723314563e-06,1.1556062435094644e-21,1.4232663723314582e-06,3.205277710175624e-26,1.0468382895668325e-30,False,False
12.8,1.5696750318965263e-06,1.2062486523719193e-21,1.569675031896534e-06,3.3184729755048e-26,1.170672517012847e-30,False,False
12.850000000000001,1.730356257057852e-06,1.2590839208025436e-21,1.730356257057851e-06,3.4356273751525085e-26,1.3090253685816499e-30,False,False
12.9,1.9066172629566177e-06,1.3142058300785788e-21,1.9066172629566236e-06,3.5568780170285553e-26,1.463583551481849e-30,False,False
12.950000000000001,2.0998763860324165e-06,1.3717121209045688e-21,2.0998763860324156e-06,3.682366708938882e-26,1.6362278990193198e-30,False,False
13.0,2.311671689231383e-06,1.4317046583593062e-21,2.311671689231394e-06,3.8122401180055024e-26,1.8290554991415048e-30,False,False
13.05,2.5436701553104792e-06,1.4942896036198302e-21,2.5436701553104826e-06,3.9466499354353313e-26,2.0444043206504807e-30,False,False
13.100000000000001,2.7976775014740385e-06,1.5595775927362533e-21,2.797677501474047e-06,4.085753046815185e-26,2.284880616153876e-30,False,False
13.15,3.0756486498610725e-06,1.6276839227432667e-21,3.075648649861087e-06,4.229711708117953e-26,2.5533894116791113e-30,False,False
13.200000000000001,3.3796988896801887e-06,1.6987287454048727e-21,3.379698889680199e-06,4.3786937276058176e-26,2.853168427110525e-30,False,False
13.25,3.7121157680595083e-06,1.772837268900638e-21,3.7121157680595257e-06,4.532872653830695e-26,3.1878258095803905e-30,False,False
13.3,4.075371747934977e-06,1.8501399677749138e-21,4.0753717479349966e-06,4.6924279699285986e-26,3.5613821040645355e-30,False,False
13.350000000000001,4.472137672533919e-06,1.930772801481986e-21,4.472137672533925e-06,4.857545294421379e-26,3.978316932143318e-30,False,False
13.4,4.905297077216152e-06,2.014877441874177e-21,4.905297077216176e-06,5.0284165887380835e-26,4.443620901685822e-30,False,False
13.450000000000001,5.3779613906027985e-06,2.1026015099941656e-21,5.377961390602824e-06,5.205240371678082e-26,4.962853327650359e-30,False,False
13.5,5.893486068044224e-06,2.1940988225454957e-21,5.8934860680442315e-06,5.388221941049322e-26,5.542206407867096e-30,False,False
13.55,6.455487701547008e-06,2.2895296484317183e-21,6.455487701547028e-06,5.577573602713443e-26,6.188576568258152e-30,False,False
13.600000000000001,7.067862151280196e-06,2.389060975769756e-21,7.06786215128023e-06,5.773514907287813e-26,6.909643770191536e-30,False,False
13.65,7.734803744709142e-06,2.492866789798011e-21,7.734803744709166e-06,5.976272894753938e-26,7.713959659381824e-30,False,False
13.700000000000001,8.460825590243497e-06,2.6011283621180835e-21,8.460825590243536e-06,6.186082347235131e-26,8.611045531853979e-30,False,False
13.75,9.250781053028395e-06,2.7140345517255388e-21,9.250781053028422e-06,6.403186050212611e-26,9.611501198967649e-30,False,False
13.8,1.010988644113613e-05,2.831782118302184e-21,1.0109886441136126e-05,6.627835062459006e-26,1.0727125951489631e-29,False,False
13.850000000000001,1.104374495092221e-05,2.9545760482635828e-21,1.1043744950922244e-05,6.860288994975448e-26,1.1971052953406024e-29,False,False
13.9,1.2058371920676201e-05,3.0826298940719033e-21,1.2058371920676196e-05,7.100816299232783e-26,1.3357898540952492e-29,False,False
13.950000000000001,1.316022144191137e-05,3.216166127347144e-21,1.316022144191141e-05,7.349694565017405e-26,1.4903928062717666e-29,False,False
14.0,1.4356214377684186e-05,3.3554165063289277e-21,1.4356214377684203e-05,7.607210828206616e-26,1.6627240074268793e-29,False,False
14.05,1.5653767837196552e-05,3.500622458263581e-21,1.56537678371966e-05,7.873661888791545e-26,1.8547970897435625e-29,False,False
14.100000000000001,1.7060826155595808e-05,3.652035477313825e-21,1.7060826155595824e-05,8.149354639493433e-26,2.0688521772154176e-29,False,False
14.15,1.858589342733357e-05,3.809917538612144e-21,1.8585893427333626e-05,8.434606405315905e-26,2.3073811069866838e-29,False,False
14.200000000000001,2.023806764065493e-05,3.974541529103157e-21,2.0238067640654954e-05,8.729745294396385e-26,2.573155430438841e-29,False,False
14.25,2.2027076459747507e-05,4.146191695844621e-21,2.2027076459747592e-05,9.03511056052725e-26,2.8692574971559637e-29,False,False
14.3,2.396331469977083e-05,4.325164112466168e-21,2.3963314699770838e-05,9.351052977730815e-26,3.1991149576003807e-29,False,False
14.350000000000001,2.6057883538381246e-05,4.511767164507922e-21,2.6057883538381304e-05,9.677935227283253e-26,3.566539056513647e-29,False,False
14.4,2.832263150546445e-05,4.706322054393529e-21,2.832263150546451e-05,1.0016132297600343e-25,3.975767129098105e-29,False,False
14.450000000000001,3.077019729054578e-05,4.909163326820001e-21,3.0770197290545885e-05,1.0366031897399566e-25,4.431509756336332e-29,False,False
14.5,3.341405440477062e-05,5.1206394153761905e-21,3.341405440477066e-05,1.0728034882586012e-25,4.9390030848132765e-29,False,False
14.55,3.6268557731395775e-05,5.341113211236429e-21,3.626855773139592e-05,1.110255569729933e-25,5.50406687062256e-29,False,False
14.600000000000001,3.934899199540311e-05,5.570962654807117e-21,3.9348991995403197e-05,1.1490022829599261e-25,6.133168866900171e-29,False,False
14.65,4.267162217910378e-05,5.81058135123818e-21,4.267162217910399e-05,1.1890879282259259e-25,6.833496240846137e-29,False,False
14.700000000000001,4.625374590644855e-05,6.060379210748504e-21,4.6253745906448646e-05,1.2305583059170475e-25,7.613034779430498e-29,False,False
14.75,5.01137478141482e-05,6.320783114750621e-21,5.011374781414835e-05,1.273460766786411e-25,8.480656724062775e-29,False,False
14.8,5.4271155922659525e-05,6.592237608797347e-21,5.427115592265959e-05,1.3178442638681886e-25,9.446218164154584e-29,False,False
14.850000000000001,5.8746700014537746e-05,6.875205623416765e-21,5.874670001453792e-05,1.3637594061137978e-25,1.052066701860747e-28,False,False
14.9,6.356237202164358e-05,7.170169223937569e-21,6.356237202164373e-05,1.4112585138039972e-25,1.1716162743796598e-28,False,False
14.950000000000001,6.874148841613654e-05,7.477630390456737e-21,6.874148841613686e-05,1.460395675794031e-25,1.3046209027698709e-28,False,False
15.0,7.430875459313408e-05,7.798111829140764e-21,7.430875459313417e-05,1.511226808653217e-25,1.4525800863595862e-28,False,False
15.05,8.029033122530983e-05,8.132157816100696e-21,8.029033122531014e-05,1.5638097177592124e-25,1.6171587544640636e-28,False,False
15.100000000000001,8.671390256156387e-05,8.48033507512914e-21,8.671390256156396e-05,1.618204160412544e-25,1.8002053283906212e-28,False,False
15.15,9.36087466331786e-05,8.843233690638035e-21,9.360874663317913e-05,1.6744719110361635e-25,2.0037717345004308e-28,False,False
15.200000000000001,0.00010100580732162622,9.221468057187572e-21,0.00010100580732162651,1.7326768285286574e-25,2.230135576769859e-28,False,False
15.25,0.00010893776823231101,9.615677867048224e-21,0.00010893776823231144,1.7928849258414847e-25,2.4818246993100498e-28,False,False
15.3,0.00011743912830815835,1.002652913730107e-20,0.00011743912830815841,1.8551644418526014e-25,2.761644393620733e-28,False,False
15.350000000000001,0.00012654627910590758,1.0454715278029691e-20,0.00012654627910590796,1.9195859156113941e-25,3.072707532204297e-28,False,False
15.4,0.00013629758364644317,1.0900958203227168e-20,0.00013629758364644347,1.986222263032774e-25,3.418467939814457e-28,False,False
15.450000000000001,0.00014673345673830312,1.136600948609845e-20,0.00014673345673830358,2.0551488561191267e-25,3.802757346347319e-28,False,False
15.5,0.00015789644666081617,1.18506515605042e-20,0.0001578964466608164,2.12644360479424e-25,4.229826301514486e-28,False,False
15.55,0.000169831318080036,1.235569897036338e-20,0.0001698313180800365,2.2001870414320926e-25,4.704389471324823e-28,False,False
15.600000000000001,0.00018258513605682355,1.2881999668897932e-20,0.00018258513605682377,2.2764624081705774e-25,5.231675780419578e-28,False,False
15.65,0.000196207350992085,1.3430436369677174e-20,0.00019620735099208544,2.355355747098972e-25,5.81748391288477e-28,False,False
15.700000000000001,0.00021074988433934048,1.4001927951497486e-20,0.00021074988433934092,2.4369559934136114e-25,6.468243737769804e-28,False,False
15.75,0.00022626721489943583,1.4597430919208614e-20,0.0002262672148994363,2.5213550716383116e-25,7.191084284679417e-28,False,False
15.8,0.00024281646549648123,1.5217940922678097e-20,0.00024281646549648177,2.608647995008402e-25,7.993908960056498e-28,False,False
15.850000000000001,0.0002604574898178461,1.586449433617776e-20,0.0002604574898178466,2.698932968122191e-25,8.885478766741874e-28,False,False
15.9,0.00027925295918451037,1.653816990055148e-20,0.00027925295918451097,2.7923114929658828e-25,9.875504368778128e-28,False,False
15.950000000000001,0.000299268449001125,1.724009043062725e-20,0.0002992684490011259,2.888888478420303e-25,1.097474793097634e-27,False,False
16.0,0.00032057252461793165,1.7971424590424504e-20,0.00032057252461793203,2.988772353364175e-25,1.2195135759294923e-27,False,False
16.05,0.0003432368263192575,1.8733388738804748e-20,0.0003432368263192588,3.092075183489685e-25,1.3549882874532645e-27,False,False
16.1,0.0003673361531356535,1.9527248848318432e-20,0.00036733615313565434,3.1989127919504904e-25,1.5053630769189281e-27,False,False
16.150000000000002,0.00039294854515899624,2.035432250010883e-20,0.00039294854515899743,3.309404883968068e-25,1.6722599726711445e-27,False,False
16.2,0.0004201553640220814,2.121598095783935e-20,0.00042015536402208224,3.423675175521784e-25,1.8574757224945608e-27,False,False
16.25,0.0004490413711864298,2.2113651323721057e-20,0.00044904137118642997,3.54185152625892e-25,2.0630004102766742e-27,False,False
16.3,0.00047969480366431524,2.304881877985122e-20,0.00047969480366431627,3.66406607675711e-25,2.2910380342051428e-27,False,False
16.35,0.000512207446783573,2.4023028918173018e-20,0.0005122074467835742,3.7904553902840114e-25,2.5440292507998483e-27,False,False
16.400000000000002,0.0005466747035863834,2.5037890162516018e-20,0.0005466747035863841,3.921160599196753e-25,2.8246765101053686e-27,False,False
16.45,0.0005831956604364045,2.6095076286296962e-20,0.0005831956604364047,4.056327556133193e-25,3.13597183053395e-27,False,False
16.5,0.0006218731483921408,2.719632902959353e-20,0.0006218731483921421,4.196106990149078e-25,3.481227487362656e-27,False,False
16.55,0.0006628137998884927,2.834346081946545e-20,0.0006628137998884924,4.340654667961116e-25,3.864109916992311e-27,False,False
16.6,0.0007061281002532228,2.953835759751898e-20,0.0007061281002532237,4.490131560460941e-25,4.2886771700245484e-27,False,False
16.650000000000002,0.0007519304335705716,3.0782981758883413e-20,0.0007519304335705733,4.644704014671341e-25,4.7594202802937024e-27,False,False
16.7,0.0008003391223905732,3.20793752069209e-20,0.0008003391223905756,4.804543931317737e-25,5.281308954516206e-27,False,False
16.75,0.0008514764607700933,3.3429662528154754e-20,0.0008514764607700944,4.9698289482001065e-25,5.859842028530368e-27,False,False
16.8,0.0009054687401199408,3.4836054292067386e-20,0.0009054687401199435,5.140742629548274e-25,6.501103181579046e-27,False,False
16.85,0.0009624462673222951,3.630085048061492e-20,0.0009624462673222947,5.317474661557442e-25,7.211822450142565e-27,False,False
16.900000000000002,0.0010225433745735017,3.7826444052460655e-20,0.0010225433745735025,5.500221054300495e-25,7.999444137921745e-27,False,False
16.95,0.0010858984204000707,3.941532464714871e-20,0.0010858984204000722,5.689184350223805e-25,8.87220177919739e-27,False,False
17.0,0.0011526537812896105,4.107008243462503e-20,0.001152653781289614,5.884573839438498e-25,9.839200879499357e-27,False,False
17.05,0.001222955833374415,4.2793412115707054e-20,0.001222955833374417,6.086605782026036e-25,1.0910510230915353e-26,False,False
17.1,0.0012969549236030878,4.458811707933963e-20,0.0012969549236030904,6.2955036375833225e-25,1.2097262680109983e-26,False,False
17.150000000000002,0.0013748053298352834,4.645711372268061e-20,0.0013748053298352839,6.511498302242491e-25,1.3411766315938436e-26,False,False
17.2,0.0014566652092963383,4.840343594029474e-20,0.001456665209296342,6.7348283534014e-25,1.4867627141225417e-26,False,False
17.25,0.0015426965348327457,5.043023978895923e-20,0.0015426965348327483,6.965740302419086e-25,1.6479884400700356e-26,False,False
17.3,0.0016330650184154696,5.254080833486164e-20,0.0016330650184154724,7.204488855525303e-25,1.82651598552156e-26,False,False
17.35,0.0017279400213472804,5.473855669018543e-20,0.0017279400213472819,7.45133718321425e-25,2.024182242225307e-26,False,False
17.400000000000002,0.0018274944506412464,5.702703724638271e-20,0.0018274944506412503,7.70655719839061e-25,2.243016974551476e-26,False,False
17.45,0.001931904641051838,5.940994511168788e-20,0.001931904641051839,7.970429843551383e-25,2.4852628413366207e-26,False,False
17.5,0.00204135022225671,6.189112376070067e-20,0.002041350222256715,8.24324538729236e-25,2.7533974718415266e-26,False,False
17.55,0.00215601397070692,6.447457090420762e-20,0.002156013970706923,8.525303730438796e-25,3.0501578040135047e-26,False,False
17.6,0.0022760816456859337,6.716444458765989e-20,0.0022760816456859376,8.816914722108674e-25,3.378566914079778e-26,False,False
17.650000000000002,0.0024017418091433797,6.99650695270811e-20,0.0024017418091433823,9.11839848602888e-25,3.741963589393576e-26,False,False
17.7,0.0025331856288980177,7.288094369152096e-20,0.0025331856288980216,9.430085757427589e-25,4.144034921609365e-26,False,False
17.75,0.0026706066648364726,7.591674514146056e-20,0.002670606664836476,9.75231823085011e-25,4.5888522248950865e-26,False,False
17.8,0.0028142006377687816,7.907733913297617e-20,0.0028142006377687863,1.008544891923803e-24,5.080910614242768e-26,False,False
17.85,0.002964165180640542,8.236778549784234e-20,0.0029641651806405446,1.0429842524641805e-24,5.625172612275876e-26,False,False
17.900000000000002,0.0031206995718422253,8.579334631007663e-20,0.0031206995718422318,1.0785875820931513e-24,6.22711618955923e-26,False,False
17.95,0.0032840044504012303,8.935949384990837e-20,0.003284004450401234,1.1153938048893856e-24,6.892787683621826e-26,False,False
18.0,0.003454281512889767,9.307191887649654e-20,0.0034542815128897745,1.1534431324110514e-24,7.628860086034516e-26,False,False
18.05,0.0036317331919326645,9.693653922117248e-20,0.003631733191932667,1.192777105802366e-24,8.442697235345184e-26,False,False
18.1,0.0038165623162533394,1.0095950871344297e-19,0.0038165623162533455,1.2334386392614683e-24,9.342424506862328e-26,False,False
18.150000000000002,0.0040089717522532415,1.0514722645240677e-19,0.004008971752253243,1.2754720649128991e-24,1.0337006648656714e-25,False,False
18.2,0.00420916402717999,1.0950634643675644e-19,0.004209164027179997,1.318923179129093e-24,1.1436333477227878e-25,False,False
18.25,0.004417340934002912,1.1404378756698453e-19,0.0044173409340029154,1.3638392903478528e-24,1.2651314216583277e-25,False,False
18.3,0.004633703118179588,1.187667440339743e-19,0.0046337031181796,1.410269268433083e-24,1.3993981341629139e-25,False,False
18.35,0.004858449646566468,1.2368269610862002e-19,0.004858449646566471,1.4582635956278668e-24,1.5477604871406717e-25,False,False
18.400000000000002,0.005091777558796337,1.2879942134774508e-19,0.005091777558796344,1.5078744191513786e-24,1.7116818150549862e-25,False,False
18.45,0.005333881401519503,1.3412500623208883e-19,0.005333881401519508,1.5591556054906648e-24,1.8927756259186793e-25,False,False
18.5,0.005584952745980143,1.396678582527507e-19,0.00558495274598015,1.6121627964430637e-24,2.092820830319258e-25,False,False
18.55,0.00584517968947659,1.4543671846311193e-19,0.005845179689476597,1.6669534669630546e-24,2.313778495919252e-25,False,False
18.6,0.006114746341333374,1.5144067451383754e-19,0.006114746341333387,1.7235869848727463e-24,2.5578102783019904e-25,False,False
18.650000000000002,0.0063938322940926455,1.576891741892451e-19,0.006393832294092651,1.7821246724939163e-24,2.827298693758387e-25,False,False
18.7,0.006682612080713999,1.6419203946405888e-19,0.006682612080714004,1.842629870263565e-24,3.1248694157540253e-25,False,False
18.75,0.006981254618654308,1.7095948110015015e-19,0.006981254618654304,1.90516800239565e-24,3.4534157945097604e-25,False,False
18.8,0.007289922641781054,1.780021138036954e-19,0.007289922641781054,1.9698066446540552e-24,3.8161258185249273e-25,False,False
18.85,0.007608772121156639,1.8533097196395702e-19,0.007608772121156653,2.0366155943038376e-24,4.216511758125754e-25,False,False
18.900000000000002,0.007937951675813022,1.929575259955463e-19,0.007937951675813038,2.1056669423104258e-24,4.658442754412931e-25,False,False
18.95,0.00827760197471898,2.0089369930700525e-19,0.008277601974718976,2.1770351478568407e-24,5.146180642501899e-25,False,False
19.0,0.008627855131223624,2.0915188591928143e-19,0.008627855131223626,2.2507971152542768e-24,5.684419325904618e-25,False,False
19.05,0.00898883409134005,2.1774496875854107e-19,0.008988834091340058,2.3270322733200153e-24,6.278328049530238e-25,False,False
19.1,0.009360652017311866,2.266863386487854e-19,0.009360652017311887,2.405822657302641e-24,6.933598952324003e-25,False,False
19.150000000000002,0.00974341166798194,2.359899140304781e-19,0.009743411667981965,2.487252993434041e-24,7.65649931730212e-25,False,False
19.200000000000003,0.010137204777557054,2.456701614325922e-19,0.010137204777557052,2.5714107861919846e-24,8.453928976973185e-25,False,False
19.25,0.010542111434433532,2.557421167263073e-19,0.010542111434433543,2.65838640835867e-24,9.33348337618212e-25,False,False
19.3,0.01095819946181789,2.6622140718971565e-19,0.01095819946181791,2.748273193964878e-24,1.030352284264666e-24,False,False
19.35,0.011385523801939525,2.7712427441398027e-19,0.011385523801939522,2.841167534208814e-24,1.1373248668247462e-24,False,False
19.400000000000002,0.011824125905715003,2.88467598082482e-19,0.011824125905715008,2.9371689764466574e-24,1.2552786661924706e-24,False,False
19.450000000000003,0.012274033129778459,3.0026892065571083e-19,0.012274033129778476,3.0363803263488e-24,1.3853278898285608e-24,False,False
19.5,0.01273525814284354,3.1254647299571007e-19,0.012735258142843564,3.1389077533247227e-24,1.5286984455239433e-24,False,False
19.55,0.013207798343409244,3.2531920096539866e-19,0.013207798343409244,3.2448608993175378e-24,1.6867390009721924e-24,False,False
19.6,0.013691635290860796,3.3860679303908325e-19,0.0136916352908608,3.3543529910758314e-24,1.8609331243435995e-24,False,False
19.650000000000002,0.014186734152052622,3.524297089619952e-19,0.014186734152052637,3.4675009560121314e-24,2.0529126101191788e-24,False,False
19.700000000000003,0.014693043165486029,3.668092094981568e-19,0.01469304316548606,3.584425541761422e-24,2.264472104360154e-24,False,False
19.75,0.015210493125216638,3.8176738730698316e-19,0.015210493125216643,3.7052514395556636e-24,2.497585154434008e-24,False,False
19.8,0.015738996886639472,3.9732719899089944e-19,0.01573899688663948,3.830107411536383e-24,2.7544218200811606e-24,False,False
19.85,0.016278448896306082,4.135124983575969e-19,0.016278448896306107,3.959126422126586e-24,3.0373679956767837e-24,False,False
19.900000000000002,0.016828724747926578,4.3034807094209293e-19,0.016828724747926602,4.09244577359349e-24,3.3490466077253285e-24,False,False
19.950000000000003,0.01738968076669942,4.478596698356198e-19,0.017389680766699417,4.230207245930101e-24,3.692340867131297e-24,False,False
20.0,0.017961153624094513,4.660740528699164e-19,0.017961153624094527,4.372557241195307e-24,4.070419772738018e-24,False,False
20.05,0.018542959985188984,4.85019021207253e-19,0.018542959985189005,4.519646932450143e-24,4.4867660811551855e-24,False,False
20.1,0.019134896190618336,5.047234593886071e-19,0.019134896190618367,4.671632417435917e-24,4.9452069781420636e-24,False,False
20.150000000000002,0.019736737975164707,5.252173768939083e-19,0.019736737975164696,4.828674877143155e-24,5.449947708940671e-24,False,False
20.200000000000003,0.020348240224948355,5.465319512706708e-19,0.02034824022494835,4.99094073942506e-24,6.005608449132271e-24,False,False
20.25,0.02096913677512906,5.6869957288909785e-19,0.020969136775129085,5.158601847813435e-24,6.617264724001843e-24,False,False
20.3,0.02159914024995186,5.917538913839175e-19,0.02159914024995191,5.331835635702444e-24,7.290491713256038e-24,False,False
20.35,0.022237941946892208,6.157298638454522e-19,0.02223794194689221,5.510825306064569e-24,8.031412809457048e-24,False,False
20.400000000000002,0.02288521176656755,6.406638048247359e-19,0.02288521176656756,5.695760016878071e-24,8.846752832962133e-24,False,False
20.450000000000003,0.023540598189984472,6.665934382196955e-19,0.02354059818998451,5.886835072439781e-24,9.743896343755623e-24,False,False
20.5,0.024203728304583286,6.935579511119435e-19,0.024203728304583335,6.084252120750517e-24,1.0730951531609067e-23,False,False
20.55,0.02487420788042878,7.215980496263691e-19,0.024874207880428795,6.288219357164452e-24,1.181682021083123e-23,False,False
20.6,0.025551621497770807,7.507560168879988e-19,0.025551621497770814,6.498951734494346e-24,1.3011274494800263e-23,False,False
20.650000000000002,0.026235532727069615,7.810757731537188e-19,0.02623553272706965,6.716671179781081e-24,1.4325040778884175e-23,False,False
20.700000000000003,0.026925484362439227,8.126029381989842e-19,0.026925484362439273,6.941606817929417e-24,1.576989171865925e-23,False,False
20.75,0.027620998709317453,8.453848960425231e-19,0.027620998709317477,7.173995202430732e-24,1.7358746953955954e-23,False,False
20.8,0.028321577927017835,8.794708620951754e-19,0.02832157792701787,7.414080553390557e-24,1.910578339869537e-23,False,False
20.85,0.02902670442665824,9.149119528222843e-19,0.029026704426658258,7.662115003090598e-24,2.1026555992234572e-23,False,False
20.900000000000002,0.029735841324795655,9.517612580116714e-19,0.029735841324795707,7.9183588493214e-24,2.313812989058211e-23,False,False
20.950000000000003,0.030448432952925444,9.900739157433364e-19,0.030448432952925437,8.183080816727309e-24,2.5459225166010934e-23,False,False
21.0,0.031163905422825794,1.0299071901600069e-18,0.031163905422825815,8.456558326414019e-24,2.801037518192152e-23,False,False
21.05,0.031881667247550705,1.071320552141087e-18,0.03188166724755074,8.739077774078908e-24,3.081409991706931e-23,False,False
21.1,0.032601110017685585,1.1143757629870418e-18,0.03260111001768565,9.030934816925075e-24,3.38950956302236e-23,False,False
21.150000000000002,0.03332160913229789,1.1591369612239566e-18,0.0333216091322979,9.332434669640737e-24,3.7280442383842837e-23,False,False
21.200000000000003,0.034042524583821,1.2056707526430585e-18,0.03404252458382103,9.643892409716978e-24,4.099983108440955e-23,False,False
21.25,0.03476320179592203,1.254046303693432e-18,0.03476320179592207,9.965633292405083e-24,4.508581184861014e-23,False,False
21.3,0.03548297251320936,1.3043354383505452e-18,0.03548297251320942,1.0297993075605684e-23,4.9574065669784323e-23,False,False
21.35,0.036201155741445744,1.3566127385877826e-18,0.03620115574144574,1.0641318355003805e-23,5.450370153912251e-23,False,False
21.400000000000002,0.03691705873674081,1.4109556485825626e-18,0.03691705873674081,1.0995966909766212e-23,5.991758137231883e-23,False,False
21.450000000000003,0.0376299780420081,1.4674445827935865e-18,0.037629978042008135,1.1362308059132094e-23,6.586267530623674e-23,False,False
21.5,0.03833920056878244,1.5261630380500143e-18,0.03833920056878243,1.1740723030232324e-23,7.239045016307662e-23,False,False
21.55,0.039044004722311704,1.5871977097995224e-18,0.039044004722311704,1.2131605337493004e-23,7.955729413337501e-23,False,False
21.6,0.039743661567656074,1.6506386126661175e-18,0.039743661567656116,1.2535361173973006e-23,8.742498100561379e-23,False,False
21.650000000000002,0.04043743603435253,1.7165792054751874e-18,0.04043743603435255,1.2952409815019376e-23,9.606117757131894e-23,False,False
21.700000000000003,0.041124588157032904,1.7851165209082235e-18,0.04112458815703296,1.3383184034609337e-23,1.0553999816252322e-22,False,False
21.75,0.04180437434922202,1.8563512999552273e-18,0.041804374349222025,1.3828130534785628e-23,1.1594261063547012e-22,False,False
21.8,0.04247604870738439,1.930388131339797e-18,0.042476048707384424,1.4287710388581652e-23,1.2735789850334325e-22,False,False
21.85,0.04313886434214295,2.0073355960971312e-18,0.043138864342142993,1.47623994968603e-23,1.3988318434404581e-22,False,False
21.900000000000002,0.04379207473345225,2.0873064174917972e-18,0.043792074733452306,1.525268905949602e-23,1.5362502006983563e-22,False,False
21.950000000000003,0.044434935106380746,2.1704176164695167e-18,0.04443493510638076,1.575908606134582e-23,1.6870005014722617e-22,False,False
22.0,0.04506670382403621,2.256790672843207e-18,0.045066703824036235,1.628211377346415e-23,1.85235954401316e-22,False,False
22.05,0.0456866437940621,2.3465516924208252e-18,0.04568664379406215,1.6822312270041485e-23,2.0337247763276523e-22,False,False
22.1,0.04629402388503295,2.4398315802907405e-18,0.04629402388503296,1.7380238961540868e-23,2.2326255392191606e-22,False,False
22.150000000000002,0.04688812034899471,2.536766220486498e-18,0.0468881203489947,1.7956469144549615e-23,2.450735341977215e-22,False,False
22.200000000000003,0.04746821824632295,2.637496662262573e-18,0.04746821824632297,1.855159656884576e-23,2.689885264140836e-22,False,False
22.25,0.048033612869011554,2.7421693132194165e-18,0.04803361286901159,1.9166234022228092e-23,2.952078585082039e-22,False,False
22.3,0.048583611158460445,2.8509361395249032e-18,0.04858361115846046,1.9801013933647122e-23,3.2395067522048346e-22,False,False
22.35,0.04911753311379737,2.9639548734887556e-18,0.0491175331137974,2.045658899520742e-23,3.5545668083959157e-22,False,False
22.400000000000002,0.04963471318675316,3.081389228754656e-18,0.049634713186753186,2.1133632803623573e-23,3.899880410063144e-22,False,False
22.450000000000003,0.05013450165910374,3.2034091233850613e-18,0.05013450165910377,2.1832840521730254e-23,4.27831457873293e-22,False,False
22.5,0.050616265998705695,3.3301909111218767e-18,0.050616265998705695,2.2554929560663072e-23,4.693004341823263e-22,False,False
22.55,0.05107939219017654,3.461917621118632e-18,0.051079392190176556,2.3300640283355536e-23,5.1473774319584085e-22,False,False
22.6,0.05152328603631228,3.598779206447455e-18,0.05152328603631231,2.4070736729994544e-23,5.645181229132284e-22,False,False
22.650000000000002,0.05194737442638929,3.740972801696957e-18,0.051947374426389324,2.4866007366131157e-23,6.190512146265445e-22,False,False
22.700000000000003,0.05235110656756834,3.888702989987727e-18,0.05235110656756834,2.5687265854123454e-23,6.787847676346941e-22,False,False
22.75,0.05273395517570179,4.042182079742049e-18,0.05273395517570181,2.65353518486489e-23,7.442081338521267e-22,False,False
22.8,0.05309541762194541,4.201630391559795e-18,0.053095417621945445,2.7411131817016367e-23,8.158560781309702e-22,False,False
22.85,0.05343501703168609,4.3672765555607614e-18,0.053435017031686106,2.8315499885038383e-23,8.943129323779525e-22,False,False
22.900000000000002,0.053752303332425845,4.539357819568853e-18,0.05375230333242585,2.924937870926546e-23,9.802171240046205e-22,False,False
22.950000000000003,0.05404685424740017,4.718120368527731e-18,0.054046854247400175,3.021372037637061e-23,1.0742661119182595e-21,False,False
23.0,0.05431827623186116,4.903819655546798e-18,0.05431827623186118,3.120950733054103e-23,1.1772217661586622e-21,False,False
23.05,0.054566205349120635,5.09672074499551e-18,0.054566205349120656,3.223775332972029e-23,1.2899162304324658e-21,False,False
23.1,0.0547903080836237,5.297098668075908e-18,0.0547903080836237,3.329950443159703e-23,1.4132583102130371e-21,False,False
23.150000000000002,0.05499028208851081,5.505238791317701e-18,0.05499028208851083,3.439584001024843e-23,1.548240432781577e-21,False,False
23.200000000000003,0.05516585686532305,5.721437198458362e-18,0.05516585686532305,3.552787380438248e-23,1.695946229611026e-21,False,False
23.25,0.055316794373711106,5.946001086184616e-18,0.055316794373711134,3.669675499814176e-23,1.8575587958614693e-21,False,False
23.3,0.05544288956922548,6.179249174229111e-18,0.05544288956922549,3.7903669335484164e-23,2.0343696864971163e-21,False,False
23.35,0.05554397086748586,6.421512130332882e-18,0.05554397086748587,3.9149840269138584e-23,2.2277887136779156e-21,False,False
23.400000000000002,0.05561990053326012,6.673133010603936e-18,0.05561990053326013,4.043653014523524e-23,2.439354615659062e-21,False,False
23.450000000000003,0.055670574993217044,6.9344677158179955e-18,0.055670574993217065,4.176504142466167e-23,2.670746673486173e-21,False,False
23.5,0.05569592507135923,7.205885464227409e-18,0.055695925071359245,4.3136717942304496e-23,2.9237973583387108e-21,False,False
23.55,0.05569591614638665,7.487769281466371e-18,0.05569591614638667,4.4552946205311315e-23,3.2005060994968925e-21,False,False
23.6,0.055670548230490266,7.780516508156484e-18,0.055670548230490266,4.601515673157831e-23,3.503054270629979e-21,False,False
23.650000000000002,0.05561985596932414,8.08453932584181e-18,0.05561985596932414,4.752482542969155e-23,3.833821500477201e-21,False,False
23.700000000000003,0.05554390856315666,8.400265301903279e-18,0.055543908563156684,4.9083475021586966e-23,4.1954034230730585e-21,False,False
23.75,0.05544280960945174,8.728137954121835e-18,0.05544280960945176,5.0692676509230086e-23,4.590630992509364e-21,False,False
23.8,0.055316696867381145,9.068617335589229e-18,0.05531669686738113,5.2354050686681446e-23,5.022591497897087e-21,False,False
23.85,0.05516574194501758,9.422180640682923e-18,0.055165741945017575,5.406926969888857e-23,5.494651425752649e-21,False,False
23.900000000000002,0.05499014991020282,9.789322832849707e-18,0.054990149910202846,5.584005864869142e-23,6.010481329565264e-21,False,False
23.950000000000003,0.05479015882632553,1.0170557294971352e-17,0.054790158826325534,5.766819725344759e-23,6.574082879881279e-21,False,False
24.0,0.054566039214480014,1.0566416503104368e-17,0.05456603921448003,5.955552155284289e-23,7.18981828295048e-21,False,False
24.05,0.05431809344370722,1.097745272442051e-17,0.05431809344370721,6.150392566941626e-23,7.862442271921509e-21,False,False
24.1,0.05404665505124088,1.1404238740202306e-17,0.0540466550512409,6.35153636234143e-23,8.597136891834562e-21,False,False
24.150000000000002,0.05375208799489888,1.184736859477196e-17,0.053752087994898855,6.559185120363318e-23,9.399549318359701e-21,False,False
24.200000000000003,0.053434785839963826,1.2307458371270024e-17,0.05343478583996381,6.773546789594406e-23,1.0275832970482589e-20,False,False
24.25,0.0530951708830971,1.2785146995226396e-17,0.05309517088309708,6.994835887126244e-23,1.1232692199262256e-20,False,False
24.3,0.05273369321601394,1.3281097066898935e-17,0.05273369321601392,7.223273703477923e-23,1.2277430858534424e-20,False,False
24.35,0.05235082973182615,1.379599572339356e-17,0.05235082973182613,7.459088513827927e-23,1.3418005089134889e-20,False,False
24.400000000000002,0.05194708307712095,1.43305555316056e-17,0.051947083077120905,7.702515795752886e-23,1.466308067604131e-20,False,False
24.450000000000003,0.05152298055299813,1.488551541307021e-17,0.051522980552998095,7.953798453662756e-23,1.60220953679539e-20,False,False
24.5,0.051079072968426495,1.5461641601832567e-17,0.05107907296842645,8.213187050143885e-23,1.7505326581419028e-20,False,False
24.55,0.05061593344940625,1.6059728636500596e-17,0.05061593344940623,8.480940044413146e-23,1.9123964946880136e-20,False,False
24.6,0.05013415620753825,1.6680600387671394e-17,0.0501341562075382,8.757324038103053e-23,2.0890194192194593e-20,False,False
24.650000000000002,0.049634355271696934,1.7325111121972807e-17,0.04963435527169688,9.042614028597862e-23,2.281727790044569e-20,False,False
24.700000000000003,0.049117163186591165,1.7994146603997334e-17,0.049117163186591144,9.33709367015115e-23,2.4919653723542782e-20,False,False
24.75,0.048583229682064744,1.8688625237449988e-17,0.04858322968206471,9.64105554301831e-23,2.721303568140272e-20,False,False
24.8,0.04803322031704409,1.9409499246884174e-17,0.04803322031704405,9.954801430851473e-23,2.971452522876158e-20,False,False
24.85,0.04746781510208274,2.0157755901435444e-17,0.04746781510208273,1.0278642606599183e-22,3.244273182815404e-20,False,False
24.900000000000002,0.04688770710447553,2.0934418782017252e-17,0.04688770710447551,1.061290012717871e-22,3.5417903828691496e-20,False,False
24.950000000000003,0.046293601039928224,2.1740549093500178e-17,0.046293601039928196,1.0957905137174206e-22,3.866207051631991e-20,False,False
25.0,0.04568621185476487,2.2577247023427968e-17,0.04568621185476481,1.131399918184584e-22,4.2199196272620007e-20,False,False
25.05,0.04506626330263617,2.3445653148895984e-17,0.04506626330263614,1.168153452972261e-22,4.6055347856401404e-20,False,False
25.1,0.044434486519662336,2.4346949893269346e-17,0.044434486519662315,1.2060874505069957e-22,5.025887590574293e-20,False,False
25.150000000000002,0.04379161860189525,2.5282363034460835e-17,0.04379161860189521,1.2452393830536727e-22,5.484061184825096e-20,False,False
25.200000000000003,0.04313840118892845,2.6253163266569393e-17,0.0431384011889284,1.285647898027798e-22,5.98340815047295e-20,False,False
25.25,0.04247557905740964,2.72606678167228e-17,0.04247557905740961,1.3273528543880627e-22,6.527573677663534e-20,False,False
25.3,0.04180389872812566,2.8306242119038574e-17,0.04180389872812561,1.3703953601409908e-22,7.12052069213983e-20,False,False
25.35,0.0411241070902337,2.939130154768635e-17,0.04112410709023366,1.414817810991643e-22,7.766557104244674e-20,False,False
25.400000000000002,0.04043695004610375,3.0517313211087063e-17,0.04043695004610369,1.4606639301747044e-22,8.47036535533856e-20,False,False
25.450000000000003,0.03974317118011788,3.1685797809376445e-17,0.03974317118011785,1.507978809501649e-22,9.237034451900058e-20,False,False
25.5,0.03904351045464379,3.2898331557307934e-17,0.039043510454643715,1.556808951660411e-22,1.0072094693035604e-19,False,False
25.55,0.038338702936258774,3.4156548174860584e-17,0.0383387029362587,1.6072023138057526e-22,1.0981555313824118e-19,False,False
25.6,0.037629477555156415,3.546214094788726e-17,0.03762947755515635,1.659208352478235e-22,1.1971945284942948e-19,False,False
25.650000000000002,0.03691655590050803,3.681686486121824e-17,0.03691655590050799,1.712878069893083e-22,1.305035752847559e-19,False,False
25.700000000000003,0.03620065105439164,3.822253880672205e-17,0.036200651054391596,1.7682640616386054e-22,1.4224496830802085e-19,False,False
25.75,0.03548246646672982,3.968104786889286e-17,0.035482466466729735,1.8254205658279728e-22,1.5502731756127605e-19,False,False
25.8,0.03476269487350301,4.1194345690648743e-17,0.03476269487350292,1.8844035137469703e-22,1.6894150888659086e-19,False,False
25.85,0.03404201726032601,4.276445692208766e-17,0.03404201726032596,1.945270582043158e-22,1.8408623757820919e-19,False,False
25.900000000000002,0.03332110187328901,4.439347975504883e-17,0.033321101873288954,2.0080812465026256e-22,2.005686682935708e-19,False,False
25.950000000000003,0.032600603278779255,4.6083588546448744e-17,0.03260060327877918,2.072896837461892e-22,2.185051497587049e-19,False,False
26.0,0.031881161473809594,4.783703653340805e-17,0.0318811614738095,2.139780596903824e-22,2.380219887345715e-19,False,False
26.05,0.031163401048187746,4.965615864333374e-17,0.03116340104818769,2.2087977372889787e-22,2.592562880680123e-19,False,False
26.1,0.0304479303996702,5.154337440221988e-17,0.03044793039967013,2.2800155021724783e-22,2.8235685403605553e-19,False,False
26.150000000000002,0.029735341003049677,5.35011909445024e-17,0.0297353410030496,2.3535032286625266e-22,3.074851786073707e-19,False,False
26.200000000000003,0.029026206733937864,5.553220612797167e-17,0.029026206733937767,2.4293324117728494e-22,3.348165026923535e-19,False,False
26.25,0.028321083247812146,5.763911175732406e-17,0.02832108324781209,2.507576770728355e-22,3.6454096693563316e-19,False,False
26.3,0.027620507414709925,5.982469692005248e-17,0.027620507414709845,2.5883123172805247e-22,3.9686485712484613e-19,False,False
26.35,0.02692499680976889,6.2091851438542e-17,0.026924996809768793,2.6716174260936463e-22,4.32011951849896e-19,False,False
26.400000000000002,0.026235049259631504,6.444356944230102e-17,0.026235049259631393,2.7575729072635666e-22,4.702249806507094e-19,False,False
26.450000000000003,0.02555114244455537,6.688295306445166e-17,0.025551142444555294,2.8462620810324863e-22,5.117672015422454e-19,False,False
26.5,0.024873733555900487,6.941321626670485e-17,0.024873733555900383,2.937770854765445e-22,5.569241075062327e-19,False,False
26.55,0.024203259008496972,7.203768879718472e-17,0.024203259008496864,3.0321878022568846e-22,6.060052722943386e-19,False,False
26.6,0.023540134207240097,7.475982028563877e-17,0.023540134207239986,3.129604245434535e-22,6.593463467005958e-19,False,False
26.650000000000002,0.022884753367102266,7.758318448069409e-17,0.022884753367102186,3.2301143385355874e-22,7.173112173366814e-19,False,False
26.700000000000003,0.02223748938560877,8.051148363399943e-17,0.02223748938560868,3.3338151548250353e-22,7.802943408869601e-19,False,False
26.75,0.021598693766682806,8.354855303621373e-17,0.021598693766682688,3.440806775935344e-22,8.487232678352094e-19,False,False
26.8,0.02096869659463544,8.669836571003307e-17,0.02096869659463531,3.551192383903308e-22,9.230613707486151e-19,False,False
26.85,0.020347806556952883,8.996503726553348e-17,0.020347806556952775,3.665078355985328e-22,1.0038107933810988e-18,False,False
26.900000000000002,0.019736311014417505,9.335283092337438e-17,0.019736311014417397,3.7825743623337168e-22,1.0915156381245583e-18,False,False
26.950000000000003,0.019134476116994,9.686616271151412e-17,0.01913447611699386,3.9037934666191436e-22,1.1867654107002453e-18,False,False
27.0,0.01854254696381415,1.0050960684132323e-16,0.018542546963814056,4.0288522296864607e-22,1.290198742448469e-18,False,False
27.05,0.017960747805504957,1.042879012691468e-16,0.017960747805504832,4.157870816335457e-22,1.4025074121539898e-18,False,False
27.1,0.017389282287024525,1.082059534496071e-16,0.017389282287024403,4.290973105316759e-22,1.5244406910417109e-18,False,False
27.150000000000002,0.01682833372910082,1.1226884628708547e-16,0.016828333729100666,4.428286802641955e-22,1.6568100364039675e-18,False,False
27.200000000000003,0.01627806544630491,1.1648184429209213e-16,0.016278065446304762,4.569943558302535e-22,1.8004941612857282e-18,False,False
27.25,0.015738621099739423,1.2085039994943651e-16,0.01573862109973929,4.716079086502294e-22,1.95644450976577e-18,False,False
27.3,0.015210125082277336,1.2538016030529632e-16,0.015210125082277197,4.866833289505031e-22,2.1256911696449313e-18,False,False
27.35,0.014692682934252944,1.3007697378060289e-16,0.014692682934252781,5.0223503852054985e-22,2.3093492567947725e-18,False,False
27.400000000000002,0.014186381787478958,1.3494689721831773e-16,0.014186381787478775,5.182779038535123e-22,2.508625808046231e-18,False,False
27.450000000000003,0.013691290835447094,1.3999620317247488e-16,0.013691290835446936,5.348272496813162e-22,2.7248272223216362e-18,False,False
27.5,0.013207461827559271,1.452313874471222e-16,0.013207461827559093,5.518988729163896e-22,2.9593672927467805e-18,False,False
27.55,0.01273492958523446,1.5065917689352925e-16,0.012734929585234273,5.695090570118076e-22,3.2137758757419555e-18,False,False
27.6,0.012273712537744366,1.56286537474321e-16,0.012273712537744202,5.876745867521688e-22,3.4897082465946695e-18,False,False
27.650000000000002,0.011823813275642322,1.621206826035192e-16,0.011823813275642147,6.064127634881563e-22,3.788955194781948e-18,False,False
27.700000000000003,0.011385219119672108,1.6816908177169132e-16,0.011385219119671913,6.257414208278023e-22,4.1134539163563485e-18,False,False
27.75,0.010957902703071119,1.7443946946576764e-16,0.010957902703070916,6.456789407978615e-22,4.4652997650538005e-18,False,False
27.8,0.010541822565215415,1.8093985439338097e-16,0.010541822565215223,6.6624427048946345e-22,4.846758928449848e-18,False,False
27.85,0.010136923754595599,1.8767852902189888e-16,0.0101369237545954,6.874569392018661e-22,5.260282100503811e-18,False,False
27.900000000000002,0.009743138439156803,1.9466407944266323e-16,0.009743138439156588,7.093370760996634e-22,5.708519227211351e-18,False,False
27.950000000000003,0.009360386522088995,2.0190539557129014e-16,0.009360386522088768,7.3190542839786615e-22,6.1943354078686066e-18,False,False
28.0,0.008988576261208546,2.0941168169522987e-16,0.008988576261208324,7.551833800911296e-22,6.72082804065244e-18,False,False
28.05,0.008627604890133046,2.1719246738015914e-16,0.008627604890132813,7.791929712426162e-22,7.291345307884632e-18,False,False
28.1,0.00827735923951619,2.252576187471633e-16,0.008277359239515936,8.039569178493262e-22,7.909506103496031e-18,False,False
28.150000000000002,0.007937716356677242,2.336173501330188e-16,0.007937716356676982,8.294986323006811e-22,8.579221512879425e-18,False,False
28.200000000000003,0.007608544122031799,2.42282236146363e-16,0.007608544122031549,8.558422444480058e-22,9.304717963554193e-18,False,False
28.25,0.007289701860804328,2.5126322413283703e-16,0.007289701860804055,8.83012623302618e-22,1.0090562173897784e-17,False,False
28.3,0.006981040948579644,2.6057164706284673e-16,0.006981040948579349,9.110353993815091e-22,1.0941688036679534e-17,False,False
28.35,0.006682405409330104,2.702192368559022e-16,0.006682405409329798,9.399369877188904e-22,1.186342558429691e-17,False,False
28.400000000000002,0.006393632504634179,2.802181381560472e-16,0.006393632504633883,9.6974461156411e-22,1.286153219352015e-17,False,False
28.450000000000003,0.006114553312884912,2.9058092257332276e-16,0.006114553312884602,1.0004863267852208e-21,1.394222619924686e-17,False,False
28.5,0.005844993297368112,3.013206034066549e-16,0.005844993297367773,1.0321910469996076e-21,1.5112223099305975e-17,False,False
28.55,0.005584772862173726,3.1245065086412663e-16,0.005584772862173378,1.0648885694526254e-21,1.6378774545801688e-17,False,False
28.6,0.0053337078949865285,3.2398500779705876e-16,0.005333707894986182,1.0986096016663107e-21,1.7749710332899023e-17,False,False
28.650000000000002,0.005091610295884524,3.3593810596486454e-16,0.005091610295884164,1.1333857888808214e-21,1.9233483606408692e-17,False,False
28.700000000000003,0.004858288491356225,3.483248828482171e-16,0.004858288491355847,1.1692497423117082e-21,2.083921953709342e-17,False,False
28.75,0.004633547932829251,3.6116079902858104e-16,0.004633547932828847,1.2062350682470178e-21,2.2576767717363203e-17,False,False
28.8,0.004417191579082327,3.7446185615280473e-16,0.004417191579081921,1.2443763980090095e-21,2.4456758560053334e-17,False,False
28.85,0.0042090203619924655,3.882446155020058e-16,0.004209020361992041,1.2837094188051534e-21,2.6490663998359834e-17,False,False
28.900000000000002,0.004008833635144999,4.0252621718464457e-16,0.004008833635144557,1.32427090549557e-21,2.8690862807836756e-17,False,False
28.950000000000003,0.0038164296049107275,4.173243999743788e-16,0.003816429604910271,1.3660987533023155e-21,3.107071089475475e-17,False,False
29.0,0.003631605743666535,4.326575218137335e-16,0.003631605743666061,1.4092320114893993e-21,3.364461692016674e-17,False,False
29.05,0.003454159184907137,4.485445810055959e-16,0.0034541591849066456,1.4537109180409949e-21,3.6428123655858356e-17,False,False
29.1,0.003283887100064003,4.650052381150288e-16,0.0032838871000634867,1.4995769353673867e-21,3.9437995497087834e-17,False,False
29.150000000000002,0.0031205870569129116,4.820598386046786e-16,0.003120587056912372,1.5468727870686289e-21,4.269231258778156e-17,False,False
29.200000000000003,0.002964057359515003,4.997294362278692e-16,0.0029640573595144533,1.5956424957867912e-21,4.62105720467825e-17,False,False
29.25,0.002814097369696016,5.180358172041161e-16,0.0028140973696954437,1.6459314221783945e-21,5.001379681899866e-17,False,False
29.3,0.0026705078101253773,5.370015252027077e-16,0.0026705078101247753,1.6977863050402806e-21,5.412465271302685e-17,False,False
29.35,0.0025330910491114665,5.566498871607191e-16,0.0025330910491108407,1.751255302621453e-21,5.856757422720379e-17,False,False
29.400000000000002,0.00240165136727954,5.770050399627218e-16,0.0024016513672788964,1.8063880351569223e-21,6.336889980924995e-17,False,False
29.450000000000003,0.002275995206347168,5.980919580104159e-16,0.0022759952063464957,1.863235628657593e-21,6.855701724089041e-17,False,False
29.5,0.0021559314002562377,6.19936481710985e-16,0.0021559314002555377,1.921850759994184e-21,7.416251988830407e-17,False,False
29.55,0.002041271388962207,6.425653469143416e-16,0.0020412713889614745,1.9822877033118682e-21,8.021837461213921e-17,False,False
29.6,0.0019318294152192849,6.660062153300154e-16,0.0019318294152185288,2.0446023778146718e-21,8.676010218742864e-17,False,False
29.650000000000002,0.0018274227047351459,6.902877059556149e-16,0.001827422704734357,2.1088523969598205e-21,9.382597114424141e-17,False,False
29.700000000000003,0.0017278716301006056,7.154394275497836e-16,0.001727871630099782,2.175097119102142e-21,1.0145720600461548e-16,False,False
29.75,0.0016329998589284626,7.414920121834821e-16,0.001632999858927611,2.2433976996316524e-21,1.0969821096049344e-16,False,False
29.8,0.0015426344866610996,7.684771499047189e-16,0.0015426344866602102,2.3138171446473577e-21,1.185968101113366e-16,False,False
29.85,0.0014566061545291122,7.964276245528215e-16,0.0014566061545281826,2.386420366211131e-21,1.28204505459146e-16,False,False
29.900000000000002,0.0013747491531628728,8.2537735075935425e-16,0.0013747491531619037,2.461274239228837e-21,1.3857675394312419e-16,False,False
29.950000000000003,0.0012969015123757074,8.553614121744908e-16,0.0012969015123746954,2.5384476600048904e-21,1.4977326488648525e-16,False,False
30.0,0.0012229050776513413,8.864161009580381e-16,0.0012229050776502914,2.61801160651901e-21,1.6185831932442873e-16,False,False
30.05,0.0011526055738796987,9.185789585763934e-16,0.001152605573878603,2.700039200475749e-21,1.7490111278534126e-16,False,False
30.1,0.0010858526568938525,9.518888179474202e-16,0.001085852656892708,2.784605771176615e-21,1.8897612320744294e-16,False,False
30.150000000000002,0.0010224999533673086,9.863858469768734e-16,0.0010224999533661125,2.871788921269791e-21,2.0416350579070907e-16,False,False
30.200000000000003,0.0009624050896347763,1.022111593531242e-15,0.0009624050896335321,2.961668594429235e-21,2.2054951670953353e-16,False,False
30.25,0.0009054297100014009,1.0591090318933273e-15,0.0009054297100001017,3.0543271450214112e-21,2.3822696774576407e-16,False,False
30.3,0.0008514394851049742,1.0974226107483122e-15,0.0008514394851036162,3.149849409815369e-21,2.5729571404496263e-16,False,False
30.35,0.0008003041108935949,1.137098302749681e-15,0.0008003041108921799,3.2483227817961153e-21,2.778631773517303e-16,False,False
30.400000000000002,0.0007518972987768193,1.1781836557155908e-15,0.0007518972987753404,3.349837286141925e-21,3.000449072431787e-16,False,False
30.450000000000003,0.0007060967575026177,1.2207278455085207e-15,0.0007060967575010708,3.454485658427795e-21,3.23965183053903e-16,False,False
30.5,0.0006627841673050005,1.2647817306517382e-15,0.0006627841673033831,3.562363425119567e-21,3.4975765937184294e-16,False,False
30.55,0.0006218451468581066,1.3103979087387883e-15,0.000621845146856419,3.673568986425317e-21,3.775660581828106e-16,False,False
30.6,0.0005831692135623934,1.3576307746932443e-15,0.000583169213560628,3.788203701570264e-21,4.0754491095333497e-16,False,False
30.650000000000002,0.000546649737676849,1.40653658093808e-15,0.0005466497376750008,3.906371976567995e-21,4.3986035416738596e-16,False,False
30.700000000000003,0.0005121838907987314,1.4571734995359115e-15,0.0005121838907967973,4.028181354556318e-21,4.746909820735142e-16,False,False
30.75,0.00047967258917854715,1.5096016863630197e-15,0.0004796725891765245,4.1537426087753414e-21,5.1222876065614765e-16,False,False
30.8,0.00044902043234354796,1.5638833473822535e-15,0.00044902043234143,4.283169838260915e-21,5.526800071187793e-16,False,False
30.85,0.00042013563748777776,1.6200828070819853e-15,0.0004201356374855599,4.416580566333213e-21,5.962664394592965e-16,False,False
30.900000000000002,0.00039292997007076317,1.6782665791498539e-15,0.0003929299700684401,4.554095841960328e-21,6.432263010293969e-16,False,False
30.950000000000003,0.0003673186710504959,1.7385034394533532e-15,0.0003673186710480632,4.695840344079874e-21,6.938155653023265e-16,False,False
31.0,0.00034322038115945744,1.800864501399897e-15,0.00034322038115690724,4.841942488962658e-21,7.483092264275484e-16,False,False
31.05,0.0003205570626151299,1.865423293752781e-15,0.000320557062612456,4.9925345407081224e-21,8.0700268152837995e-16,False,False
31.1,0.00029925391863900794,1.9322558409810135e-15,0.00029925391863620365,5.1477527249578265e-21,8.702132111011952e-16,False,False
31.150000000000002,0.00027923931114031206,2.0014407462234873e-15,0.0002792393111373717,5.307737345923837e-21,9.382815643035136e-16,False,False
31.200000000000003,0.0002604446769029203,2.07305927695076e-15,0.00026044467689983526,5.472632906822506e-21,1.011573656375202e-15,False,False
31.25,0.0002428044425961499,2.147195453409957e-15,0.0002428044425929109,5.642588233815693e-21,1.090482385923749e-15,False,False
31.3,0.00022625593891231966,2.223936139941109e-15,0.00022625593890891873,5.817756603556545e-21,1.1754295803228793e-15,False,False
31.35,0.000210739314116383,2.30337113925616e-15,0.00021073931411281236,5.998295874444912e-21,1.2668680780261676e-15,False,False
31.400000000000002,0.0001961974472754406,2.3855932897739495e-15,0.00019619744727168925,6.184368621698524e-21,1.3652839571852327e-15,False,False
31.450000000000003,0.00018257586141877044,2.470698566108782e-15,0.00018257586141482774,6.376142276348843e-21,1.4711989205882533e-15,False,False
31.5,0.0001698226368620948,2.5587861828114934e-15,0.00016982263685794984,6.573789268273181e-21,1.5851728476013846e-15,False,False
31.55,0.00015788832491319706,2.649958701466179e-15,0.0001578883249088388,6.77748717338149e-21,1.7078065245049413e-15,False,False
31.6,0.00014672586215984441,2.744322141248625e-15,0.00014672586215525987,6.987418865071377e-21,1.839744565372055e-15,False,False
31.650000000000002,0.00013629048552514023,2.8419860930554095e-15,0.0001362904855203158,7.20377267008017e-21,1.9816785364413465e-15,False,False
31.700000000000003,0.00012653964826016075,2.943063837316654e-15,0.0001265396482550827,7.426742528852419e-21,2.1343502977905584e-15,False,False
31.75,0.0001174329370288428,3.047672465607997e-15,0.00011743293702349636,7.656528160558178e-21,2.2985555770288043e-15,False,False
31.8,0.00010893199022575747,3.15593300618173e-15,0.00010893199022012613,7.893335232890541e-21,2.4751477906932017e-15,False,False
31.85,0.00010100041765359994,3.2679705535404717e-15,0.00010100041764766662,8.13737553678065e-21,2.6650421300661066e-15,False,False
31.900000000000002,9.360372167393642e-05,3.383914402179723e-15,9.360372166768283e-05,8.388867166169869e-21,2.8692199292252594e-15,False,False
31.950000000000003,8.670921993204426e-05,3.5038981846314757e-15,8.670921992545157e-05,8.64803470298414e-21,3.088733334304179e-15,False,False
32.0,8.028596974453146e-05,3.628060013942735e-15,8.02859697375785e-05,8.91510940745674e-21,3.3247102941799967e-15,False,False
32.050000000000004,7.430469422683045e-05,3.756542630728304e-15,7.43046942194953e-05,9.190329413955736e-21,3.5783598941229516e-15,False,False
32.1,6.873771022669593e-05,3.889493554941678e-15,6.8737710218955e-05,9.473939932466261e-21,3.850978055342897e-15,False,False
32.15,6.355885811936474e-05,4.027065242510994e-15,6.355885811119345e-05,9.766193455897319e-21,4.143953624858324e-15,False,False
32.2,5.874343351024944e-05,4.169415246993052e-15,5.874343350162098e-05,1.0067349973370058e-20,4.458774881693906e-15,False,False
32.25,5.4268120881717304e-05,4.316706386401161e-15,5.4268120872603284e-05,1.0377677189663203e-20,4.7970364870965124e-15,False,False
32.300000000000004,5.011092921182355e-05,4.469106915369752e-15,5.0110929202193664e-05,1.0697450750990427e-20,5.160446908246846e-15,False,False
32.35,4.6251129584728956e-05,4.626790702821261e-15,4.62511295745513e-05,1.1026954477284417e-20,5.550836346840456e-15,False,False
32.4,4.266919480490382e-05,4.789937415307079e-15,4.266919479414357e-05,1.136648060118105e-20,5.970165205933017e-15,False,False
32.45,3.9346741020187356e-05,4.958732706200256e-15,3.934674100880788e-05,1.1716330013883716e-20,6.4205331305836155e-15,False,False
32.5,3.6266471352216875e-05,5.133368410920286e-15,3.626647134017941e-05,1.2076812518112579e-20,6.904188660107698e-15,False,False
32.550000000000004,3.34121215267068e-05,5.314042748379869e-15,3.3412121513969166e-05,1.2448247088332672e-20,7.423539532169112e-15,False,False
32.6,3.076840749053335e-05,5.500960528845342e-15,3.076840747705112e-05,1.2830962138470714e-20,7.981163681502112e-15,False,False
32.65,2.832097499750585e-05,5.694333368410589e-15,2.8320974983231475e-05,1.322529579733215e-20,8.57982097878541e-15,False,False
32.7,2.6056351140115176e-05,5.8943799102903964e-15,2.605635112499815e-05,1.363159619193549e-20,9.222465758075284e-15,False,False
32.75,2.3961897800383245e-05,6.101326053142898e-15,2.396189778436958e-05,1.4050221738988955e-20,9.912260184279049e-15,False,False
32.800000000000004,2.2025766989198102e-05,6.315405186641249e-15,2.202576697223005e-05,1.4481541444741817e-20,1.065258851540763e-14,False,False
32.85,2.0236858040197566e-05,6.536858434517035e-15,2.023685802221357e-05,1.492593521344041e-20,1.1447072317798076e-14,False,False
32.9,1.8584776621301394e-05,6.765934905307345e-15,1.858477660223583e-05,1.538379416464359e-20,1.2299586696172582e-14,False,False
32.95,1.705979552442349e-05,7.002891951044519e-15,1.7059795504206254e-05,1.585552095963364e-20,1.321427760428326e-14,False,False
33.0,1.5652817191650532e-05,7.24799543413144e-15,1.5652817170206897e-05,1.6341530137194203e-20,1.419558030602504e-14,False,False
33.050000000000004,1.4355337934266347e-05,7.501520002658116e-15,1.4355337911516513e-05,1.6842248459008057e-20,1.524823906127643e-14,False,False
33.1,1.3159413799408103e-05,7.7637493744174e-15,1.3159413775267004e-05,1.735811526495262e-20,1.6377328115363713e-14,False,False
33.15,1.205762803781647e-05,8.034976629888938e-15,1.205762801219316e-05,1.7889582838570326e-20,1.758827407597858e-14,False,False
33.2,1.1043060125111965e-05,8.31550451446784e-15,1.1043060097909523e-05,1.8437116783001136e-20,1.8886879766584564e-14,False,False
33.25,1.0109256288235679e-05,8.605645750221083e-15,1.0109256259350582e-05,1.900119640767088e-20,2.027934965088991e-14,False,False
33.300000000000004,9.250201488136108e-06,8.905723357466193e-15,9.250201457458e-06,1.9582315126042974e-20,2.1772316928827837e-14,False,False
33.35,8.460292809453447e-06,9.21607098647278e-15,8.460292776864457e-06,2.018098086473506e-20,2.3372872410690157e-14,False,False
33.4,7.73431420780609e-06,9.537033259597378e-15,7.734314173180384e-06,2.079771648433537e-20,2.508859528266428e-14,False,False
33.45,7.067412565338084e-06,9.868966124173752e-15,7.0674125285414455e-06,2.1433060212230603e-20,2.6927585883980205e-14,False,False
33.5,6.455075005396665e-06,1.0212237216483439e-14,6.45507496628591e-06,2.208756608780031e-20,2.889850062328395e-14,False,False
33.550000000000004,5.893107417575557e-06,1.0567226237152406e-14,5.893107375997691e-06,2.2761804420310737e-20,3.1010589169679733e-14,False,False
33.6,5.37761414486816e-06,1.0934325338316847e-14,5.377614100660059e-06,2.3456362259875248e-20,3.327373406216615e-14,False,False
33.65,4.9049787853013185e-06,1.1313939522921954e-14,4.904978738288822e-06,2.4171843881842287e-20,3.56984928899987e-14,False,False
33.7,4.4718460611640654e-06,1.1706487056523526e-14,4.471846011161408e-06,2.4908871284991e-20,3.829614320578421e-14,False,False
33.75,4.075104709784201e-06,1.2112399891971558e-14,4.075104656593035e-06,2.566808470391832e-20,4.1078730342979116e-14,False,False
33.800000000000004,3.7118713507309704e-06,1.2532124107372584e-14,3.7118712941396925e-06,2.6450143136024416e-20,4.405911831988648e-14,False,False
33.85,3.3794752853279682e-06,1.2966120357731455e-14,3.379475225110749e-06,2.725572488348881e-20,4.725104402326074e-14,False,False
33.9,3.0754441854224576e-06,1.3414864340691278e-14,3.075444121338378e-06,2.808552811067991e-20,5.066917487633931e-14,False,False
33.95,2.797490629483949e-06,1.3878847276800709e-14,2.7974905612758933e-06,2.894027141740607e-20,5.4329170208442634e-14,False,False
34.0,2.543499445269586e-06,1.435857640474605e-14,2.5434993726632134e-06,2.982069442847372e-20,5.824774655638255e-14,False,False
34.050000000000004,2.311515819500108e-06,1.485457549200979e-14,2.3115157422027335e-06,3.072755839999225e-20,6.244274714174957e-14,False,False
34.1,2.099734136224982e-06,1.5367385361415992e-14,2.099734053924349e-06,3.166164684290386e-20,6.69332157827547e-14,False,False
34.15,1.906487506808991e-06,1.5897564434048846e-14,1.9064874191719113e-06,3.2623766164215035e-20,7.17394755148251e-14,False,False
34.2,1.7302379557449309e-06,1.644568928904002e-14,1.7302378624159877e-06,3.3614746326427255e-20,7.688321221046365e-14,False,False
34.25,1.5695672277750508e-06,1.701235524073254e-14,1.5695671283750869e-06,3.4635441525671006e-20,8.238756350622557e-14,False,False
34.300000000000004,1.4231681830851775e-06,1.7598176933750476e-14,1.4231680772097539e-06,3.568673088907571e-20,8.827721336295934e-14,False,False
34.35,1.289836748615671e-06,1.8203788956512474e-14,1.2898366358333463e-06,3.676951919189333e-20,9.457849260475965e-14,False,False
34.4,1.1684643948033912e-06,1.882984647374676e-14,1.1684642746540114e-06,3.788473759495212e-20,1.0131948580258951e-13,False,False
34.45,1.0580311083307607e-06,1.947702587858383e-14,1.058030980323544e-06,3.903334440298058e-20,1.0853014489006385e-13,False,False
34.5,9.57598832701278e-07,2.0146025464809433e-14,9.575986963128005e-07,4.021632584440332e-20,1.1624240992176436e-13,False,False
34.550000000000004,8.663053496871615e-07,2.083756611989557e-14,8.663052043592136e-07,4.1434696873204685e-20,1.2449033740857524e-13,False,False
34.6,7.83358575899045e-07,2.155239203942454e-14,7.833584210363676e-07,4.268950199345377e-20,1.3331023668995842e-13,False,False
34.65,7.080312499064442e-07,2.229127146355493e-14,7.080310848743149e-07,4.3981816107159824e-20,1.4274081483010343e-13,False,False
34.7,6.396559864910161e-07,2.3054997436193907e-14,6.396558106126437e-07,4.531274538606171e-20,1.5282333055320464e-13,False,False
34.75,5.776206757380727e-07,2.3844388587547753e-14,5.776204882918773e-07,4.668342816806063e-20,1.6360175776322175e-13,False,False
34.800000000000004,5.213642057656207e-07,2.466028994076389e-14,5.213640059823209e-07,4.8095035878947015e-20,1.7512295922517232e-13,False,False
34.85,4.703724889522165e-07,2.5503573743377516e-14,4.703722760117184e-07,4.954877398014503e-20,1.8743687101839722e-13,False,False
34.9,4.2417477255355225e-07,2.6375140324308274e-14,4.2417454558165984e-07,5.104588294318532e-20,2.00596698407702e-13,False,False
34.95,3.8234021559368884e-07,2.7275918977175933e-14,3.82339973658592e-07,5.258763925165872e-20,2.1465912381541934e-13,False,False
35.0,3.4447471487764717e-07,2.820686887070929e-14,3.444744569861936e-07,5.4175356431397134e-20,2.296845276168983e-13,False,False
35.050000000000004,3.1021796389881557e-07,2.9168979987075515e-14,3.1021768899255417e-07,5.581038610969222e-20,2.4573722252344254e-13,False,False
35.1,2.792407293064811e-07,3.016327408894619e-14,2.7924043625744624e-07,5.749411910431475e-20,2.62885702360412e-13,False,False
35.15,2.512423304553647e-07,3.1190805716165174e-14,2.5124201806159225e-07,5.922798654321287e-20,2.8120290609463975e-13,False,False
35.2,2.2594830838135968e-07,3.225266321290468e-14,2.2594797536213575e-07,6.101346101568122e-20,3.007664980138113e-13,False,False
35.25,2.0310827133513248e-07,3.334996978620244e-14,2.031079163259348e-07,6.285205775592849e-20,3.216591650120737e-13,False,False
35.300000000000004,1.824939047585518e-07,3.448388459682971e-14,1.824935263056705e-07,6.474533585989543e-20,3.439689319902965e-13,False,False
35.35,1.6389713430885967e-07,3.565560388344121e-14,1.6389673086369205e-07,6.669489953626732e-20,3.6778949643643237e-13,False,False
35.4,1.4712843122195098e-07,3.686636212099471e-14,1.471280011349358e-07,6.870239939261793e-20,3.9322058331199955e-13,False,False
35.45,1.3201524996056552e-07,3.811743321446756e-14,1.3201479147473893e-07,7.076953375766036e-20,4.203683214338576e-13,False,False
35.5,1.1840058871567388e-07,3.941013172889642e-14,1.184000999598263e-07,7.289805004058745e-20,4.493456426076969e-13,False,False
35.550000000000004,1.0614166392110302e-07,4.0745814156842076e-14,1.0614114290250849e-07,7.508974612856018e-20,4.802727048401274e-13,False,False
35.6,9.510869050318951e-08,4.212588022436289e-14,9.510813509988991e-08,7.734647182334125e-20,5.132773410304257e-13,False,False
35.65,8.51837601197831e-08,4.3551774236647193e-14,8.51831680723941e-08,7.967013031822098e-20,5.484955346216865e-13,False,False
35.7,7.625981014739844e-08,4.502498646448232e-14,7.625917905040547e-08,8.206267971627661e-20,5.860719237731879e-13,False,False
35.75,6.823967665241652e-08,4.654705457274512e-14,6.82390039449412e-08,8.452613459117007e-20,6.261603357030353e-13,False,False
35.800000000000004,6.103522503318888e-08,4.8119565092177245e-14,6.103450798918301e-08,8.706256759160022e-20,6.689243529415236e-13,False,False
35.85,5.456655244553747e-08,4.974415493570357e-14,5.456578816337959e-08,8.967411109065045e-20,7.145379133318625e-13,False,False
35.9,4.876125652544961e-08,5.142251296061141e-14,4.8760441916898276e-08,9.236295888124458e-20,7.631859457167457e-13,False,False
35.95,4.3553765300868117e-08,5.3156381577944736e-14,4.3552897079347866e-08,9.513136791899133e-20,8.150650433555679e-13,False,False
36.0,3.888472354021965e-08,5.494755841048452e-14,3.888379820838562e-08,9.798166011370638e-20,8.70384177229847e-13,False,False
36.050000000000004,3.470043111972153e-08,5.679789800076519e-14,3.4699444956270804e-08,1.0091622417098393e-19,9.293654515126812e-13,False,False
36.1,3.095232930563829e-08,5.870931357057823e-14,3.0951278351316913e-08,1.0393751748512748e-19,9.922449036021581e-13,False,False
36.15,2.7596531142266755e-08,6.068377883347038e-14,2.7595411185029264e-08,1.0704806808493709e-19,1.05927335125032e-12,False,False
36.2,2.4593392412678224e-08,6.272332986181285e-14,2.4592198971948413e-08,1.1025047663371094e-19,1.130717289456248e-12,False,False
36.25,2.1907119897863858e-08,6.483006701000095e-14,2.1905848207843163e-08,1.1354741848503295e-19,1.2068598399373126e-12,False,False
36.300000000000004,1.9505413901912342e-08,6.700615689546203e-14,1.9504058893882216e-08,1.1694164579581218e-19,1.2880017561450563e-12,False,False
36.35,1.7359142237047126e-08,6.925383443913719e-14,1.7357698520605205e-08,1.2043598969818077e-19,1.3744624869517148e-12,False,False
36.4,1.5442043073552947e-08,7.157540496717859e-14,1.5440504916721507e-08,1.2403336253184335e-19,1.466581302303149e-12,False,False
36.45,1.3730454256722007e-08,7.397324637565916e-14,1.3728815564863567e-08,1.27736760138545e-19,1.5647184843096776e-12,False,False
36.5,1.2203066876659613e-08,7.644981136010464e-14,1.2201321170129177e-08,1.3154926422034094e-19,1.6692565874335854e-12,False,False
36.550000000000004,1.0840701047906966e-08,7.900762971176858e-14,1.0838841438370104e-08,1.3547404476345408e-19,1.7806017716274652e-12,False,False
36.6,9.626102015096386e-09,8.164931068256815e-14,9.624121180433605e-09,1.395143625294355e-19,1.899185212482543e-12,False,False
36.65,8.543754848901184e-09,8.437754542067321e-14,8.54164500661941e-09,1.4367357161557894e-19,2.025464592663551e-12,False,False
36.7,7.579716134120325e-09,8.719510947883582e-14,7.57746901318372e-09,1.4795512208635248e-19,2.159925679132135e-12,False,False
36.75,6.721461179414315e-09,9.010486539751379e-14,6.719067990405591e-09,1.5236256267790584e-19,2.3030839909003e-12,False,False
36.800000000000004,5.957745396648136e-09,9.31097653650137e-14,5.9551968001635e-09,1.5689954357757335e-19,2.455486562305738e-12,False,False
36.85,5.27847860755243e-09,9.621285395684538e-14,5.275764680729823e-09,1.6156981928042205e-19,2.6177138070627184e-12,False,False
36.9,4.674611137042994e-09,9.941727095659463e-14,4.671721338117007e-09,1.6637725152500674e-19,2.790381488620221e-12,False,False
36.95,4.138030646580045e-09,1.0272625426067852e-13,4.1349537773517895e-09,1.713258123103949e-19,2.9741428026467042e-12,False,False
37.0,3.6614687478847778e-09,1.0614314286938122e-13,3.6581929139876877e-09,1.7641958699677537e-19,3.169690577766788e-12,False,False
37.050000000000004,3.23841651764267e-09,1.0967137996669541e-13,3.234929086480053e-09,1.8166277749184706e-19,3.3777596009940325e-12,False,False
37.1,2.8630481079632754e-09,1.1331451609150431e-13,2.8593356641854717e-09,1.8705970552536613e-19,3.599129074637834e-12,False,False
37.15,2.5301517157400486e-09,1.1707621240273201e-13,2.5262000141231943e-09,1.9261481601424262e-19,3.8346252118165956e-12,False,False
37.2,2.2350672370834376e-09,1.2096024404121096e-13,2.2308611526629668e-09,1.9833268052063176e-19,4.08512397807511e-12,False,False
37.25,1.973629991037642e-09,1.2497050359097727e-13,1.969153466342837e-09,2.0421800080556215e-19,4.351553986993442e-12,False,False
37.300000000000004,1.74211995020814e-09,1.2911100464292407e-13,1.7373559394351376e-09,2.1027561248072453e-19,4.634899558079475e-12,False,False
37.35,1.537215965045875e-09,1.3338588546369782e-13,1.532146374998225e-09,2.1651048876098757e-19,4.936203945661647e-12,False,False
37.4,1.3559545136684925e-09,1.3779941277288319e-13,1.3505601412848484e-09,2.229277443205314e-19,5.2565727479472775e-12,False,False
37.45,1.1956925505446319e-09,1.4235598563158347e-13,1.1899530168235888e-09,2.2953263925523557e-19,5.5971775058763035e-12,False,False
37.5,1.0540740653936981e-09,1.4706013944555761e-13,1.0479677455160396e-09,2.3633058315435123e-19,5.95925950189302e-12,False,False
37.550000000000004,9.289999985213607e-10,1.5191655008622876e-13,9.225039479586714e-10,2.433271392843291e-19,6.344133769271551e-12,False,False
37.6,8.186011907569843e-10,1.569300381329144e-13,8.116910671451561e-10,2.5052802888786833e-19,6.753193323167722e-12,False,False
37.65,7.212140754081677e-10,1.6210557323972106e-13,7.13864055951843e-10,2.5793913560132135e-19,7.1879136251373135e-12,False,False
37.7,6.353588464080892e-10,1.6744827863072265e-13,6.275415405704434e-10,2.6556650999362784e-19,7.649857293447682e-12,False,False
37.75,5.597198612983327e-10,1.7296343572698964e-13,5.514062185170584e-10,2.734163742300748e-19,8.140679072132232e-12,False,False
37.800000000000004,4.93128060042508e-10,1.7865648890931786e-13,4.842872721997149e-10,2.814951268643248e-19,8.662131072384368e-12,False,False
37.85,4.345452010755432e-10,1.8453305042044682e-13,4.2514459943474614e-10,2.898093477620082e-19,9.21606830056428e-12,False,False
37.9,3.8304973461278796e-10,1.9059890541077099e-13,3.730546809212042e-10,2.9836580315967567e-19,9.80445448780774e-12,False,False
37.95,3.3782415021996243e-10,1.9686001713162375e-13,3.271979216586921e-10,3.071714508625046e-19,1.0429368236964235e-11,False,False
38.0,2.9814365111226044e-10,2.033225322802832e-13,2.86847318760372e-10,3.162334455847508e-19,1.1093009503374984e-11,False,False
38.050000000000004,2.6336602173383327e-10,2.099927865010588e-13,2.5135832219495365e-10,3.2555914443660325e-19,1.1797706426816223e-11,False,False
38.1,2.329225679824068e-10,2.1687731004683448e-13,2.201597678044213e-10,3.3515611256148825e-19,1.2545922532781432e-11,False,False
38.15,2.063100210945869e-10,2.239828336056235e-13,1.9274577359377246e-10,3.45032128927871e-19,1.3340264322176869e-11,False,False
38.2,1.8308330679385243e-10,2.3131629429684126e-13,1.686685008749302e-10,3.5519519227969617e-19,1.4183489269429039e-11,False,False
38.25,1.6284909091610236e-10,2.388848418419965e-13,1.4753169145861941e-10,3.656535272497013e-19,1.507851424998641e-11,False,False
38.300000000000004,1.4526002145072157e-10,2.4669584491484375e-13,1.289849008101725e-10,3.764155906401316e-19,1.6028424419216504e-11,False,False
38.35,1.3000959484554109e-10,2.5475689767597053e-13,1.1271835499461072e-10,3.8749007787512216e-19,1.703648256576309e-11,False,False
38.400000000000006,1.1682758159278654e-10,2.6307582649704433e-13,9.845836640384944e-11,3.9888592962964956e-19,1.81061389635542e-11,False,False
38.45,1.0547595260550758e-10,2.716606968800806e-13,8.596324975020825e-11,4.106123386394912e-19,1.9241041747805685e-11,False,False
38.5,9.574525376988817e-11,2.8051982057718305e-13,7.501968568503297e-11,4.226787566973504e-19,2.044504784159845e-11,False,False
38.550000000000004,8.745138137362906e-11,2.8966176291641057e-13,6.543948471474762e-11,4.350949018399328e-19,2.172223446087047e-11,False,False
38.6,8.043271591437466e-11,2.990953503395561e-13,5.70567088891624e-11,4.478707657311751e-19,2.3076911227001285e-11,False,False
38.650000000000006,7.454757613165312e-11,3.0882967815777514e-13,4.972511307491575e-11,4.610166212469226e-19,2.4513632917562897e-11,False,False
38.7,6.967195902324595e-11,3.188741185311821e-13,4.3315871542922205e-11,4.745430302663961e-19,2.6037212887250137e-11,False,False
38.75,6.569753514093442e-11,3.2923832867868323e-13,3.7715559131253564e-11,4.88460851675989e-19,2.7652737192540737e-11,False,False
38.800000000000004,6.252987164710298e-11,3.399322593244663e-13,3.282435942979604e-11,5.027812495912118e-19,2.936557945520138e-11,False,False
38.85,6.008685848471882e-11,3.509661633877926e-13,2.8554475302393385e-11,5.175157018023605e-19,3.118141650142148e-11,False,False
38.900000000000006,5.82973155985403e-11,3.623506049228725e-13,2.4828719645854422e-11,5.326760084502369e-19,3.3106244815087057e-11,False,False
38.95,5.7099761472134796e-11,3.740964683158008e-13,2.157926661005117e-11,5.482743009377238e-19,3.514639784549382e-11,False,False
39.0,5.64413253377352e-11,3.862149677457201e-13,1.874654559396204e-11,5.64323051083835e-19,3.730856421170398e-11,False,False
39.050000000000004,5.6276787296866454e-11,3.9871765691756586e-13,1.6278262211422633e-11,5.808350805265232e-19,3.959980684769122e-11,False,False
39.1,5.656773227921101e-11,4.116164390739609e-13,1.4128532107831948e-11,5.978235703808783e-19,4.2027583134481586e-11,False,False
39.150000000000006,5.7281805283977854e-11,4.2492357729400197e-13,1.2257115023745609e-11,6.153020711597623e-19,4.459976606763622e-11,False,False
39.2,5.839205670901114e-11,4.386517050869387e-13,1.0628737860008872e-11,6.332845129635342e-19,4.732466651063116e-11,False,False
39.25,5.98763677932385e-11,4.5281383728887927e-13,9.212496717118874e-12,6.517852159464068e-19,5.021105658704556e-11,False,False
39.300000000000004,6.171694729175345e-11,4.674233812709791e-13,7.981328972804122e-12,6.708189010665222e-19,5.3268194266859696e-11,False,False
39.35,6.389989148248143e-11,4.824941484676859e-13,6.911547438903864e-12,6.904007011274642e-19,5.650584920470915e-11,False,False
39.400000000000006,6.641480048033727e-11,4.980403662339274e-13,5.982429512975207e-12,7.105461721189455e-19,5.993432989058214e-11,False,False
39.45,6.925444461943449e-11,5.140766900403646e-13,5.175855021966064e-12,7.312713048645728e-19,6.356451217615697e-11,False,False
39.5,7.241447536559763e-11,5.306182160159645e-13,4.47598715410427e-12,7.5259253698491515e-19,6.740786924288502e-11,False,False
39.550000000000004,7.589317584857749e-11,5.476804938475672e-13,3.868991499344191e-12,7.745267651843658e-19,7.147650308085936e-11,False,False
39.6,7.969124666365647e-11,5.65279540046238e-13,3.342788775888325e-12,7.970913578700424e-19,7.57831775506306e-11,False,False
39.650000000000006,8.381162309265213e-11,5.834318515904989e-13,2.886837317374259e-12,8.203041681121269e-19,8.034135310338374e-11,False,False
39.7,8.825932034084337e-11,6.021544199568763e-13,2.4919418385006432e-12,8.441835469540712e-19,8.516522323820298e-11,False,False
39.75,9.304130378477347e-11,6.214647455483217e-13,2.150085391757547e-12,8.687483570825036e-19,9.02697527787197e-11,False,False
39.800000000000004,9.816638158117833e-11,6.413808525315224e-13,1.8542817795912764e-12,8.9401798686605e-19,9.567071805503785e-11,False,False
39.85,1.036451173040501e-10,6.61921304094243e-13,1.598445999304784e-12,9.200123647729592e-19,1.0138474908063908e-10,False,False
39.900000000000006,1.0948976055921419e-10,6.831052181342742e-13,1.3772805763715005e-12,9.4675197417758e-19,1.0742937381795751e-10,False,False
39.95,1.1571419377730185e-10,7.049522833917924e-13,1.1861758892985562e-12,9.74257868566028e-19,1.138230646303546e-10,False,False
40.0,1.22333893610189e-10,7.274827760372546e-13,1.0211228090152509e-12,1.0025516871514101e-18,1.2058528702258536e-10,False,False
40.050000000000004,1.2936590555556727e-10,7.507175767272823e-13,8.786361709575011e-13,1.0316556709099314e-18,1.2773655077622807e-10,False,False
40.1,1.3682883061216035e-10,7.746781881413332e-13,7.556877712240933e-13,1.061592679048252e-18,1.3529846359120233e-10,False,False
40.150000000000006,1.447428229265345e-10,7.993867530122663e-13,6.496477317865002e-13,1.0923862059144292e-18,1.4329378734935092e-10,False,False
40.2,1.5312959753357147e-10,8.248660726642817e-13,5.582332158780196e-13,1.1240603983632136e-18,1.5174649712096948e-10,False,False
40.25,1.620124474184818e-10,8.511396260720211e-13,4.794635952830166e-13,1.15664007358861e-18,1.6068184304048668e-10,False,False
40.300000000000004,1.7141626924041524e-10,8.782315894550717e-13,4.1162127800963587e-13,1.1901507374352773e-18,1.7012641518280055e-10,False,False
40.35,1.8136759715777185e-10,9.061668564223428e-13,3.5321749928827223e-13,1.224618603201946e-18,1.8010821157744276e-10,False,False
40.400000000000006,1.9189464428472096e-10,9.349710586813241e-13,3.0296246236451874e-13,1.260070610949525e-18,1.9065670950360565e-10,False,False
40.45,2.0302735138826757e-10,9.646705873275384e-13,2.597392893717411e-13,1.296534447327341e-18,2.018029402150352e-10,False,False
40.5,2.14797442506744e-10,9.952926147298905e-13,2.2258130776458297e-13,1.3340385659311766e-18,2.1357956725021197e-10,False,False
40.550000000000004,2.272384872346643e-10,1.0268651170280586e-12,1.9065225534617958e-13,1.3726122082069946e-18,2.260209684896786e-10,False,False
40.6,2.403859694764438e-10,1.059416897258532e-12,1.63229037693845e-13,1.4122854249148179e-18,2.391633221292051e-10,False,False
40.650000000000006,2.5427736252334103e-10,1.0929776091261895e-12,1.3968671655472804e-13,1.453089098167712e-18,2.530446967445725e-10,False,False
40.7,2.68952210354672e-10,1.127577781439002e-12,1.1948544723161834e-13,1.4950549640602703e-18,2.6770514563094637e-10,False,False
40.75,2.8445221510674495e-10,1.1632488432236016e-12,1.0215911772139212e-13,1.5382156359032617e-18,2.8318680560758465e-10,False,False
40.800000000000004,3.008213306914176e-10,1.2000231495401673e-12,8.730547294914814e-14,1.5826046280791793e-18,2.9953400048632387e-10,False,False
40.85,3.181058625811731e-10,1.2379340080154058e-12,7.457753434248564e-14,1.6282563805358814e-18,3.1679334941055625e-10,False,False
40.900000000000006,3.3635457380989223e-10,1.2770157061129317e-12,6.367614864221848e-14,1.6752062839345349e-18,3.350138802799328e-10,False,False
40.95,3.55618797267913e-10,1.3173035391610539e-12,5.4343520628766964e-14,1.7234907054694128e-18,3.5424714848463326e-10,False,False
41.0,3.7595255439742233e-10,1.3588338391579506e-12,4.635760269494464e-14,1.7731470153768585e-18,3.7454736118242283e-10,False,False
41.050000000000004,3.9741268041972025e-10,1.4016440043754455e-12,3.9527230215556264e-14,1.8242136141517716e-18,3.9597150736091426e-10,False,False
41.1,4.200589562496154e-10,1.4457725297825505e-12,3.368790571669996e-14,1.876729960489708e-18,4.185794939373836e-10,False,False
41.150000000000006,4.439542472749056e-10,1.4912590383108277e-12,2.8698147167856536e-14,1.9307365999744987e-18,4.424342881586929e-10,False,False
41.2,4.691646491999222e-10,1.5381443129841404e-12,2.4436326515105538e-14,1.986275194529522e-18,4.676020665741516e-10,False,False
41.25,4.957596411727379e-10,1.586470329935679e-12,2.079793402754278e-14,2.043388552654027e-18,4.941523708653882e-10,False,False
41.300000000000004,5.238122464350234e-10,1.6362802923362665e-12,1.769321230336849e-14,2.1021206604643524e-18,5.221582708282623e-10,False,False
41.35,5.533992007525063e-10,1.6876186652579137e-12,1.5045111020134866e-14,2.1625167135605474e-18,5.51696534813709e-10,False,False
41.400000000000006,5.84601128902543e-10,1.740531211497744e-12,1.2787519841626002e-14,2.2246231497415963e-18,5.828478079465817e-10,False,False
41.45,6.175027295130775e-10,1.7950650283879869e-12,1.0863742423118495e-14,2.2884876825892137e-18,6.1569679845378e-10,False,False
41.5,6.521929685654044e-10,1.851268585617825e-12,9.225179285424407e-15,2.354159335945087e-18,6.503324724463405e-10,False,False
41.550000000000004,6.887652818905351e-10,1.909191764094449e-12,7.830191542646811e-15,2.421688479303157e-18,6.868482575132081e-10,False,False
41.6,7.273177870066134e-10,1.9688858958705857e-12,6.643121144988485e-15,2.4911268641417452e-18,7.253422554984645e-10,False,False
41.650000000000006,7.679535046624545e-10,2.0304038051669583e-12,5.633446503220006e-15,2.5625276612197957e-18,7.659174648482608e-10,False,False
41.7,8.107805904698152e-10,2.0937998505186076e-12,4.7750551543560876e-15,2.635945498862131e-18,8.086820129281966e-10,False,False
41.75,8.559125770248291e-10,2.159129968074828e-12,4.045617560393814e-15,2.7114365022599147e-18,8.537493987277536e-10,False,False
41.800000000000004,9.03468626937136e-10,2.2264517160831976e-12,3.4260482490599244e-15,2.7890583338123393e-18,9.012387463837428e-10,False,False
41.85,9.53573797203333e-10,2.2958243205890807e-12,2.900042347205529e-15,2.868870234536616e-18,9.512750699715216e-10,False,False
41.900000000000006,1.0063593153801395e-09,2.367308722382417e-12,2.4536771587387027e-15,2.9509330665749484e-18,1.0039895500296679e-09,False,False
41.95,1.0619628680312918e-09,2.4409676252251774e-12,2.0750698304194934e-15,3.0353093568250224e-18,1.0595198223009275e-09,False,False
42.0,1.1205289019419086e-09,2.5168655453925505e-12,1.7540833572840194e-15,3.1220633417257924e-18,1.1180102791910953e-09,False,False
42.050000000000004,1.1822089386134278e-09,2.595068862563025e-12,1.4820742284160169e-15,3.211261013226206e-18,1.1796123844653752e-09,False,False
42.1,1.2471619025726684e-09,2.67564587209241e-12,1.2516759237885962e-15,3.302970165969136e-18,1.244485001721676e-09,False,False
42.150000000000006,1.315554464049393e-09,2.7586668387083814e-12,1.056613261935556e-15,3.3972604457213204e-18,1.31279473720016e-09,False,False
42.2,1.3875613965976071e-09,2.844204051662714e-12,8.915432819888474e-16,3.494203399081648e-18,1.3847162975084516e-09,False,False
42.25,1.4633659502582624e-09,2.932331881379402e-12,7.519189358512814e-16,3.5938725245012425e-18,1.46043286286407e-09,False,False
42.300000000000004,1.5431602408829346e-09,3.0231268376378036e-12,6.33872378945098e-16,3.696343324649175e-18,1.5401364764765736e-09,False,False
42.35,1.6271456562614127e-09,3.1166676293311687e-12,5.341150915295961e-16,3.80169336015814e-18,1.6240284507152911e-09,False,False
42.400000000000006,1.7155332797199045e-09,3.2130352258411153e-12,4.498524461287018e-16,3.9100023047872265e-18,1.712319790731622e-09,False,False
42.45,1.8085443318806157e-09,3.312312920071364e-12,3.7871066808968104e-16,4.021352002036068e-18,1.8052316362285217e-09,False,False
42.5,1.9064106312989854e-09,3.414586393182568e-12,3.186744226187459e-16,4.1358265232508056e-18,1.9029957220955472e-09,False,False
42.550000000000004,2.0093750747203753e-09,3.519943781073721e-12,2.6803350882909785e-16,4.253512227257694e-18,2.0058548586522798e-09,False,False
42.6,2.1176921377246763e-09,3.628475742655066e-12,2.253373546227466e-16,4.374497821565763e-18,2.1140634322701565e-09,False,False
42.650000000000006,2.2316283965548163e-09,3.740275529959057e-12,1.8935619016226e-16,4.4988744251778945e-18,2.2278879271697957e-09,False,False
42.7,2.351463071952869e-09,3.855439060137388e-12,1.5904793622582703e-16,4.62673563305236e-18,2.347607469218056e-09,False,False
42.75,2.477488595856959e-09,3.974064989392786e-12,1.3352998031146603e-16,4.758177582257152e-18,2.4735143925794006e-09,False,False
42.800000000000004,2.610011201841459e-09,4.09625478889575e-12,1.1205513094489942e-16,4.893299019861022e-18,2.6059148301041234e-09,False,False
42.85,2.7493515402139247e-09,4.22211282273792e-12,9.399114183421649e-17,5.032201372605172e-18,2.7451293283678355e-09,False,False
42.900000000000006,2.895845318713924e-09,4.351746427973975e-12,7.880328454415273e-17,5.174988818403117e-18,2.891493488307685e-09,False,False
42.95,3.049843969790502e-09,4.485265996807359e-12,6.603952317474163e-17,5.321768359713202e-18,3.0453586324324063e-09,False,False
43.0,3.21171534546973e-09,4.622785060973859e-12,5.531790880378724e-17,5.472649898835056e-18,3.2070924996182044e-09,False,False
43.050000000000004,3.3818444408568134e-09,4.764420378380326e-12,4.6315866645276455e-17,5.627746315176438e-18,3.377079968534817e-09,False,False
43.1,3.560634147353079e-09,4.910292022056783e-12,3.876109624404972e-17,5.7871735445434764e-18,3.5557238107827362e-09,False,False
43.150000000000006,3.748506036705025e-09,5.060523471480956e-12,3.242384565872925e-17,5.951050660504599e-18,3.743445474858667e-09,False,False
43.2,3.94590117703825e-09,5.2152417063369916e-12,2.7110355419413815e-17,6.1194999578827005e-18,3.94068590210205e-09,False,False
43.25,4.153280982069087e-09,5.37457730276995e-12,2.2657297895223893e-17,6.292647038429111e-18,4.147906375816367e-09,False,False
43.300000000000004,4.371128094725229e-09,5.538664532200808e-12,1.89270632696326e-17,6.470620898736008e-18,4.365589404795339e-09,False,False
43.35,4.5999473064468285e-09,5.7076414627675935e-12,1.5803765202252263e-17,6.653554020444011e-18,4.594239642526722e-09,False,False
43.400000000000006,4.8402665134820865e-09,5.881650063458956e-12,1.3189857974885268e-17,6.841582462805438e-18,4.834384843387218e-09,False,False
43.45,5.092637711532499e-09,6.060836311010943e-12,1.100327292559475e-17,7.034845957659866e-18,5.086576857183359e-09,False,False
43.5,5.35763803014776e-09,6.245350299635518e-12,9.174995653202725e-18,7.233488006888989e-18,5.351392663439638e-09,False,False
43.550000000000004,5.6358708083151026e-09,6.435346353654227e-12,7.647017158358357e-18,7.437655982409302e-18,5.629435446876784e-09,False,False
43.6,5.927966712732757e-09,6.630983143111266e-12,6.370602061672459e-18,7.647501228770564e-18,5.921335715571507e-09,False,False
43.650000000000006,6.234584900306388e-09,6.832423802441076e-12,5.304825550090443e-18,7.86317916842559e-18,6.227752463335987e-09,False,False
43.7,6.556414226453823e-09,7.039836052268962e-12,4.415337960594123e-18,8.08484940973879e-18,6.549374377901357e-09,False,False
43.75,6.894174500853865e-09,7.253392324423887e-12,3.67332209663074e-18,8.312675857805897e-18,6.886921096543435e-09,False,False
43.800000000000004,7.248617792326628e-09,7.47326989024531e-12,3.054613642837719e-18,8.54682682815362e-18,7.24114451083495e-09,False,False
43.85,7.620529784583072e-09,7.699650992267372e-12,2.5389595309556294e-18,8.787475163394692e-18,7.612830122264336e-09,False,False
43.900000000000006,8.010731184637031e-09,7.932722979366242e-12,2.1093929285987813e-18,9.034798352912876e-18,8.002798450513499e-09,False,False
43.95,8.420079185725545e-09,8.172678445458605e-12,1.751706770678159e-18,9.288978655655563e-18,8.411906496239398e-09,False,False
44.0,8.84946898664122e-09,8.41971537184037e-12,1.4540105145682549e-18,9.55020322611248e-18,8.841049260265172e-09,False,False
44.050000000000004,9.29983536943625e-09,8.674037273257892e-12,1.2063571463283538e-18,9.818664243562398e-18,9.291161321137947e-09,False,False
44.1,9.772154337516673e-09,8.935853347806542e-12,1.0004294577687035e-18,1.0094559044669685e-17,9.763218473073855e-09,False,False
44.150000000000006,1.0267444816207239e-08,9.205378630751975e-12,8.292763053533736e-19,1.037809025951906e-17,1.0258239426369188e-08,False,False
44.2,1.078677041792463e-08,9.482834152374128e-12,6.870909966564877e-19,1.0669465951170069e-17,1.0777287572415702e-08,False,False
44.25,1.1331241274163796e-08,9.768447099934041e-12,5.690251665976872e-19,1.09688997588282e-17,1.1321472815525931e-08,False,False
44.300000000000004,1.1902015936564251e-08,1.0062450983867892e-11,4.710325366322312e-19,1.1276611044717853e-17,1.189195347383273e-08,False,False
44.35,1.2500303349387694e-08,1.0365085808314306e-11,3.897378233071632e-19,1.1592825044755041e-17,1.2489938251596754e-08,False,False
44.400000000000006,1.3127364895808637e-08,1.0676598246082894e-11,3.223268018616028e-19,1.1917773023114812e-17,1.3116688285322485e-08,False,False
44.45,1.3784516520483653e-08,1.0997241818176648e-11,2.6645415607518934e-19,1.2251692430792303e-17,1.37735192661473e-08,False,False
44.5,1.4473130930938727e-08,1.1327277077981226e-11,2.201662745768142e-19,1.2594827068259046e-17,1.4461803641045752e-08,False,False
44.550000000000004,1.51946398803831e-08,1.1666971800237126e-11,1.818366009793013e-19,1.294742725231769e-17,1.5182972895453598e-08,False,False
44.6,1.5950536534630328e-08,1.2016601174916643e-11,1.501115229720237e-19,1.330974998726043e-17,1.593851991999551e-08,False,False
44.650000000000006,1.674237792588512e-08,1.2376448006124736e-11,1.2386510448608742e-19,1.3682059140444986e-17,1.673000146407315e-08,False,False
44.7,1.7571787496223907e-08,1.2746802916152455e-11,1.0216123425291633e-19,1.4064625622391027e-17,1.755904067914092e-08,False,False
44.75,1.844045773368023e-08,1.3127964554808083e-11,8.42219911567985e-20,1.4457727571520577e-17,1.842732975458352e-08,False,False
44.800000000000004,1.9350152903921963e-08,1.3520239814159565e-11,6.940121822890176e-20,1.4861650543653903e-17,1.9336632649176743e-08,False,False
44.85,2.030271188058419e-08,1.3923944048821175e-11,5.71624584518914e-20,1.527668770638223e-17,2.028878792120146e-08,False,False
44.900000000000006,2.130005107741242e-08,1.4339401301923066e-11,4.706054141147442e-20,1.5703140038442156e-17,2.1285711660360422e-08,False,False
44.95,2.2344167485441066e-08,1.476694453690402e-11,3.872622420096432e-20,1.6141316534215367e-17,2.232940052472411e-08,False,False
45.0,2.3437141818527405e-08,1.5206915875271987e-11,3.1853386209243975e-20,1.6591534413485208e-17,2.3421934886028675e-08,False,False
45.050000000000004,2.458114177064124e-08,1.56596668404792e-11,2.618835833865908e-20,1.7054119336580424e-17,2.4565482086720487e-08,False,False
45.1,2.5778425388399057e-08,1.6125558608064363e-11,2.1521035207561542e-20,1.7529405625043003e-17,2.576229981224001e-08,False,False
45.150000000000006,2.7031344562421677e-08,1.660496226221522e-11,1.7677476022298613e-20,1.801773648796169e-17,2.7014739582124154e-08,False,False
45.2,2.8342348641181268e-08,1.7098259058911342e-11,1.4513747770775704e-20,1.851946425410558e-17,2.8325250363588347e-08,False,False
45.25,2.9713988171099494e-08,1.7605840695807413e-11,1.1910804643068501e-20,1.9034950610015264e-17,2.9696382311356847e-08,False,False
45.300000000000004,3.114891876674805e-08,1.8128109589024648e-11,9.770231347327875e-21,1.9564566844191116e-17,3.113079063758475e-08,False,False
45.35,3.264990511509689e-08,1.8665479157018958e-11,8.010706293286662e-21,2.0108694097538258e-17,3.263123961582312e-08,False,False
45.400000000000006,3.4219825117857255e-08,1.9218374111699598e-11,6.565064331565321e-21,2.0667723620221256e-17,3.4200606723071505e-08,False,False
45.45,3.5861674176053524e-08,1.978723075697815e-11,5.3778585982274985e-21,2.1242057035093355e-17,3.584188692404912e-08,False,False
45.5,3.7578569621065415e-08,2.0372497294926104e-11,4.40333763864482e-21,2.1832106607861315e-17,3.7558197101933994e-08,False,False
45.550000000000004,3.937375529647801e-08,2.097463413973185e-11,3.6037678930758665e-21,2.2438295524158397e-17,3.935278063989631e-08,False,False
45.6,4.1250606295174204e-08,2.159411423964308e-11,2.9480432562710324e-21,2.306105817369303e-17,4.122901215787038e-08,False,False
45.650000000000006,4.3212633856218414e-08,2.2231423407093308e-11,2.4105331431958776e-21,2.3700840441661618e-17,4.3190402409108186e-08,False,False
45.7,4.52634904261655e-08,2.2887060657211033e-11,1.970128612190015e-21,2.435810000758923e-17,4.524060334114824e-08,False,False
45.75,4.740697488955141e-08,2.3561538554914434e-11,1.6094528756522248e-21,2.5033306651805368e-17,4.738341332596147e-08,False,False
45.800000000000004,4.964703797341543e-08,2.425538357080272e-11,1.3142081850953496e-21,2.572694256972781e-17,4.962278256411628e-08,False,False
45.85,5.198778783081536e-08,2.4969136446056568e-11,1.0726357954483043e-21,2.643950269416036e-17,5.196281866792861e-08,False,False
45.900000000000006,5.4433495808408606e-08,2.5703352566566312e-11,8.750696465819368e-22,2.7171495025801177e-17,5.440779242866986e-08,False,False
45.95,5.698860240326734e-08,2.6458602346514407e-11,7.135676771187468e-22,2.792344097216382e-17,5.6962143772996597e-08,False,False
46.0,5.96577234142235e-08,2.7235471621636923e-11,5.816074146835251e-22,2.869587569512969e-17,5.963048791390545e-08,False,False
46.050000000000004,6.244565629313798e-08,2.8034562052402324e-11,4.738347583473675e-22,2.9489348467336784e-17,6.24176217015956e-08,False,False
46.1,6.535738670159599e-08,2.8856491537345193e-11,3.85856758840963e-22,3.0304423037632076e-17,6.53285301797537e-08,False,False
46.150000000000006,6.839809527866558e-08,2.970189463680013e-11,3.140707735323269e-22,3.114167800581062e-17,6.836839335288716e-08,False,False
46.2,7.157316462543192e-08,3.057142300728937e-11,2.5552367916245914e-22,3.20017072068742e-17,7.154259317042266e-08,False,False
46.25,7.488818651217017e-08,3.146574584681682e-11,2.0779591018957357e-22,3.288512010504459e-17,7.485672073343787e-08,False,False
46.300000000000004,7.834896931410977e-08,3.2385550351334665e-11,1.6890599129930665e-22,3.379254219777513e-17,7.831658372996564e-08,False,False
46.35,8.19615456818653e-08,3.3331542182649196e-11,1.372319800737527e-22,3.4724615430009776e-17,8.192821410495732e-08,False,False
46.400000000000006,8.573218045272836e-08,3.4304445948040373e-11,1.1144685574532212e-22,3.5681998618947023e-17,8.569787597109833e-08,False,False
46.45,8.966737880911578e-08,3.5305005691879815e-11,9.046540388236625e-23,3.6665367889557574e-17,8.963207376675838e-08,False,False
46.5,9.377389469060281e-08,3.63339853995287e-11,7.340057267547481e-23,3.767541712114387e-17,9.373756066752768e-08,False,False
46.550000000000004,9.805873946606756e-08,3.739216951381594e-11,5.952762914112051e-23,3.871285840519416e-17,9.802134725784097e-08,False,False
46.6,1.0252919087260268e-07,3.848036346439175e-11,4.82547354594557e-23,3.977842251482462e-17,1.0249071046935928e-07,False,False
46.650000000000006,1.0719280222795611e-07,3.959939421026792e-11,3.909880715858919e-23,4.087285938609213e-17,1.0715320279287324e-07,False,False
46.7,1.1205741192338094e-07,4.075011079586097e-11,3.1665714551455004e-23,4.199693861147223e-17,1.1201666177058812e-07,False,False
46.75,1.171311532038864e-07,4.193338492085349e-11,2.563405387587335e-23,4.3151449945805324e-17,1.1708921977581412e-07,False,False
46.800000000000004,1.2242246424300255e-07,4.3150111524208226e-11,2.0741850927236493e-23,4.4337203825015835e-17,1.22379314087141e-07,False,False
46.85,1.2794009851926919e-07,4.440120938267194e-11,1.6775672542175036e-23,4.555503189792321e-17,1.27895697264331e-07,False,False
46.900000000000006,1.336931355018044e-07,4.5687621724106395e-11,1.3561714188146334e-23,4.680578757147499e-17,1.3364744783327497e-07,False,False
46.95,1.3969099165237053e-07,4.7010316856009184e-11,1.0958508537478573e-23,4.809034656971217e-17,1.3964398128742402e-07,False,False
47.0,1.459434317515159e-07,4.8370288809572866e-11,8.850963073762471e-24,4.9409607506838285e-17,1.4589506141329666e-07,False,False
47.050000000000004,1.524605805564494e-07,4.9768557999659804e-11,7.145486829987909e-24,5.0764492474708845e-17,1.524108119476852e-07,False,False
47.1,1.5925293479841805e-07,5.120617190106133e-11,5.766009226598886e-24,5.215594764511991e-17,1.5920172857436006e-07,False,False
47.150000000000006,1.6633137552748574e-07,5.268420574143058e-11,4.650729266011659e-24,5.358494388724758e-17,1.662786912681602e-07,False,False
47.2,1.7370718081267848e-07,5.420376321128573e-11,3.749462373968015e-24,5.505247740061811e-17,1.736529769944147e-07,False,False
47.25,1.813920388055977e-07,5.576597719147311e-11,3.0214760539440196e-24,5.655957036398891e-17,1.813362727718467e-07,False,False
47.300000000000004,1.8939806117569678e-07,5.737201049851662e-11,2.4337251452402125e-24,5.810727160053577e-17,1.89340689107091e-07,False,False
47.35,1.9773779692549427e-07,5.90230566482634e-11,1.959413597267525e-24,5.969665725973554e-17,1.9767877380914863e-07,False,False
47.400000000000006,2.064242465941417e-07,6.072034063825893e-11,1.576822910427933e-24,6.132883151638326e-17,2.0636352619217524e-07,False,False
47.45,2.1547087685779316e-07,6.246511974929348e-11,1.2683582583411837e-24,6.300492728712073e-17,2.1540841167503904e-07,False,False
47.5,2.24891635535377e-07,6.425868436656325e-11,1.019772218091672e-24,6.472610696495502e-17,2.2482737678628416e-07,False,False
47.550000000000004,2.3470096700842146e-07,6.610235882090998e-11,8.195333418986683e-25,6.64935631721743e-17,2.3463486458310676e-07,False,False
47.6,2.4491382806367655e-07,6.79975022506092e-11,6.58312791262563e-25,6.830851953212449e-17,2.4484583049311615e-07,False,False
47.650000000000006,2.555457041673904e-07,6.994550948417699e-11,5.285671589053811e-25,7.01722314603152e-17,2.554757585877354e-07,False,False
47.7,2.666126261801108e-07,7.194781194470601e-11,4.2419961871863325e-25,7.208598697531799e-17,2.6654067829607997e-07,False,False
47.75,2.7813118752102286e-07,7.400587857620564e-11,3.4028482910109154e-25,7.405110752994971e-17,2.780571815683953e-07,False,False
47.800000000000004,2.9011856179087845e-07,7.61212167924816e-11,2.7284570180695067e-25,7.606894886323641e-17,2.9004244049801713e-07,False,False
47.85,3.0259252086261586e-07,7.829537344906622e-11,2.1867234464389998e-25,7.81409018736584e-17,3.025142254110245e-07,False,False
47.900000000000006,3.15571453448893e-07,8.05299358387352e-11,1.7517528072318596e-25,8.026839351422459e-17,3.154909234327872e-07,False,False
47.95,3.2907438415573753e-07,8.282653271116477e-11,1.4026651226988611e-25,8.245288770985915e-17,3.2899155754057327e-07,False,False
48.0,3.431209930316267e-07,8.518683531728077e-11,1.1226319299821957e-25,8.46958862977072e-17,3.430358061116135e-07,False,False
48.050000000000004,3.5773163562133955e-07,8.761255847887445e-11,8.980964875672992e-26,8.699892999087058e-17,3.5764402297586184e-07,False,False
48.1,3.729273635339482e-07,9.010546168406983e-11,7.181428173139357e-26,8.936359936617093e-17,3.7283725798289883e-07,False,False
48.150000000000006,3.8872994553439576e-07,9.266735020922989e-11,5.73985418902222e-26,9.17915158765224e-17,3.8863727809239604e-07,False,False
48.2,4.051618891680718e-07,9.5300076267934e-11,4.5855677528163193e-26,9.428434288850518e-17,4.050665889975191e-07,False,False
48.25,4.2224646292787906e-07,9.80055401876183e-11,3.661740680273274e-26,9.684378674577042e-17,4.221484572908475e-07,False,False
48.300000000000004,4.4000771897328095e-07,1.0078569161454122e-10,2.9227002102015603e-26,9.947159785889138e-17,4.3990693318219463e-07,False,False
48.35,4.584705164107891e-07,1.036425307477123e-10,2.3317563728403443e-26,1.0216957182230485e-16,4.5836687377787015e-07,False,False
48.400000000000006,4.776605451454618e-07,1.0657810960244989e-10,1.8594490787460835e-26,1.0493955055903226e-16,4.77553966930922e-07,False,False
48.45,4.976043503128219e-07,1.0959453330425328e-10,1.4821345204791864e-26,1.0778342349379674e-16,4.974947556717338e-07,False,False
48.5,5.183293573007246e-07,1.1269396141367247e-10,1.1808457508284836e-26,1.1070312875529059e-16,5.18216663228608e-07,False,False
48.550000000000004,5.39863897370629e-07,1.1587860928289167e-10,9.403746981448211e-27,1.1370065440826275e-16,5.397480186476453e-07,False,False
48.6,5.622372338876612e-07,1.191507494447555e-10,7.485329376744971e-27,1.1677803971616e-16,5.621180830214365e-07,False,False
48.650000000000006,5.854795891689295e-07,1.2251271303495317e-10,5.955566946945685e-27,1.1993737643507287e-16,5.853570763359589e-07,False,False
48.7,6.096221719593396e-07,1.2596689124816052e-10,4.736281669164069e-27,1.2318081013972456e-16,6.0949620494491e-07,False,False
48.75,6.34697205544266e-07,1.2951573682885974e-10,3.7649061012198965e-27,1.265105415823092e-16,6.345676896809258e-07,False,False
48.800000000000004,6.607379565082452e-07,1.3316176559767027e-10,2.99138968470374e-27,1.299288280849523e-16,6.606047946127182e-07,False,False
48.85,6.877787641488355e-07,1.3690755801396567e-10,2.375713414799605e-27,1.3343798496660936e-16,6.876418564573808e-07,False,False
48.900000000000006,7.158550705547227e-07,1.4075576077561505e-10,1.8858941959750264e-27,1.370403870052666e-16,7.157143146569088e-07,False,False
48.95,7.450034513569453e-07,1.4470908845668954e-10,1.4963831649650837e-27,1.407384699362409e-16,7.448587421277515e-07,False,False
49.0,7.752616471621401e-07,1.4877032518398086e-10,1.1867808196986483e-27,1.4453473198751867e-16,7.751128766924208e-07,False,False
49.050000000000004,8.066685956764762e-07,1.529423263532216e-10,9.408067826284445e-28,1.484317354529793e-16,8.065156532016894e-07,False,False
49.1,8.392644645288556e-07,1.572280203858982e-10,7.454741291410891e-28,1.5243210830443249e-16,8.391072363560361e-07,False,False
49.150000000000006,8.730906848018532e-07,1.6163041052755768e-10,5.904279777879929e-28,1.5653854584343277e-16,8.729290542347886e-07,False,False
49.2,9.081899852785829e-07,1.6615257668857872e-10,4.6741591606536665e-28,1.6075381239377944e-16,9.080238325411426e-07,False,False
49.25,9.446064274136452e-07,1.7079767732831718e-10,3.698641856587856e-28,1.6508074303573662e-16,9.444356295712359e-07,False,False
49.300000000000004,9.823854410360352e-07,1.755689513836251e-10,2.9253866787810882e-28,1.6952224538294962e-16,9.822098719151276e-07,False,False
49.35,1.0215738607916947e-06,1.8046972024274077e-10,2.3127383096293197e-28,1.7408130140307915e-16,1.021393390897369e-06,False,False
49.400000000000006,1.0622199633332779e-06,1.855033897655453e-10,1.8275611822477917e-28,1.7876096928325702e-16,1.0620344597647536e-06,False,False
49.45,1.1043735052642661e-06,1.90673452351252e-10,1.4435092502599444e-28,1.8356438534134832e-16,1.104182831628353e-06,False,False
49.5,1.1480857618445287e-06,1.9598348905455773e-10,1.1396445899975595e-28,1.8849476598424446e-16,1.1478897781669805e-06,False,False
49.550000000000004,1.1934095664640742e-06,2.0143717175136e-10,8.993350318043366e-29,1.9355540971420471e-16,1.1932081290987651e-06,False,False
49.6,1.2403993508913861e-06,2.070382653551401e-10,7.093748778657569e-29,1.9874969918446885e-16,1.2401923124272788e-06,False,False
49.650000000000006,1.2891111863026834e-06,2.127906300851138e-10,5.592838941966175e-29,2.0408110330531435e-16,1.2888983954685198e-06,False,False
49.7,1.3396028250977908e-06,2.1869822378735566e-10,4.4074869761975195e-29,2.0955317940173565e-16,1.3393841266644519e-06,False,False
49.75,1.3919337435082724e-06,2.247651043100225e-10,3.471778249104867e-29,2.1516957542403666e-16,1.3917089781887938e-06,False,False
49.800000000000004,1.4461651850030407e-06,2.3099543193388485e-10,2.733475174057872e-29,2.2093403221256303e-16,1.4459341893501704e-06,False,False
49.85,1.5023602044961547e-06,2.3739347185941666e-10,2.1511985947649438e-29,2.268503858178819e-16,1.5021228107974419e-06,False,False
49.900000000000006,1.560583713361475e-06,2.4396359675166764e-10,1.6921859810461882e-29,2.3292256987776864e-16,1.5603397495318018e-06,False,False
49.95,1.6209025252580037e-06,2.5071028934420966e-10,1.3305092424954647e-29,2.391546180522978e-16,1.6206518147295077e-06,False,False
50.0,1.683385402769713e-06,2.57638145103449e-10,1.0456586017575143e-29,2.4555066651850157e-16,1.6831277643790614e-06,False,False
50.050000000000004,1.74810310486302e-06,2.647518749546481e-10,8.214178736852458e-30,2.5211495652596786e-16,1.7478383527359471e-06,False,False
50.1,1.8151284351645644e-06,2.720563080710028e-10,6.449716101599914e-30,2.588518370148422e-16,1.8148563785976382e-06,False,False
50.150000000000006,1.884536291061816e-06,2.7955639472716366e-10,5.061966471775137e-30,2.6576576729777245e-16,1.8842567344013245e-06,False,False
50.2,1.9564037136279663e-06,2.872572092186298e-10,3.971002363491434e-30,2.7286131980723515e-16,1.956116456145887e-06,False,False
50.25,2.0308099383725966e-06,2.951639528484386e-10,3.1137464292680863e-30,2.801431829098996e-16,2.0305147741396045e-06,False,False
50.300000000000004,2.107836446818791e-06,3.0328195698263083e-10,2.4404423627207705e-30,2.8761616378955746e-16,2.1075331645741864e-06,False,False
50.35,2.187567018906734e-06,3.1161668617601475e-10,1.9118599844427032e-30,2.952851914002832e-16,2.18725540192527e-06,False,False
50.400000000000006,2.2700877862236756e-06,3.201737413697241e-10,1.497082822835332e-30,3.031553194915143e-16,2.269767612179155e-06,False,False
50.45,2.3554872860588844e-06,3.289588631621942e-10,1.1717576215966656e-30,3.112317297067116e-16,2.3551583268844965e-06,False,False
50.5,2.4438565162822185e-06,3.379779351550863e-10,9.167099861153237e-31,3.195197347574152e-16,2.4435185380275448e-06,False,False
50.550000000000004,2.53528899104392e-06,3.4723698737585395e-10,7.1685010518130056e-31,3.280247816744465e-16,2.5349417537285155e-06,False,False
50.6,2.6298807972926348e-06,3.567421997785755e-10,5.60308176268793e-31,3.3675245513809493e-16,2.6295240547560995e-06,False,False
50.650000000000006,2.7277306521082326e-06,3.6649990582476423e-10,4.3775164043357e-31,3.4570848088920355e-16,2.727364151856704e-06,False,False
50.7,2.8289399608447386e-06,3.7651659614590513e-10,3.418462500688967e-31,3.5489872922300153e-16,2.828563443893699e-06,False,False
50.75,2.9336128760785613e-06,3.8679892228945845e-10,2.6683087099372486e-31,3.643292185677461e-16,2.933226076791942e-06,False,False
50.800000000000004,3.0418563573560317e-06,3.9735370055015355e-10,2.0818217576715736e-31,3.740061191500882e-16,3.0414590032814683e-06,False,False
50.85,3.153780231733554e-06,4.0818791588840716e-10,1.6235034958708803e-31,3.83935756749285e-16,3.153372043433725e-06,False,False
50.900000000000006,3.269497255103207e-06,4.193087259377526e-10,1.2655086813915426e-31,3.9412461654235593e-16,3.2690779459831546e-06,False,False
50.95,3.3891231742951155e-06,4.3072346510319033e-10,9.860052902289779e-32,4.0457934704228084e-16,3.3886924504254365e-06,False,False
51.0,3.5127767899477016e-06,4.4243964875241546e-10,7.678839266866879e-32,4.1530676413153793e-16,3.5123343498836428e-06,False,False
51.050000000000004,3.640580020135863e-06,4.544649775019136e-10,5.977424849379031e-32,4.2631385519315857e-16,3.6401255547320442e-06,False,False
51.1,3.7726579647458408e-06,4.668073415999703e-10,4.6508773637519487e-32,4.3760778334161187e-16,3.7721911569666295e-06,False,False
51.150000000000006,3.9091389705854125e-06,4.794748254086611e-10,3.6170779403506685e-32,4.491958917559744e-16,3.908659495310811e-06,False,False
51.2,4.050154697216091e-06,4.924757119869426e-10,2.811791162699018e-32,4.610857081176152e-16,4.049662221043023e-06,False,False
51.25,4.195840183493946e-06,5.058184877770073e-10,2.1847938868035787e-32,4.732849491550829e-16,4.195334364532886e-06,False,False
51.300000000000004,4.34633391480412e-06,5.195118473961125e-10,1.6968368921977103e-32,4.85801525298549e-16,4.345814402470914e-06,False,False
51.35,4.501777890973055e-06,5.335646985360825e-10,1.3172613205273086e-32,4.98643545446472e-16,4.501244325775872e-06,False,False
51.400000000000006,4.662317694842153e-06,5.479861669728714e-10,1.0221296744508485e-32,5.118193218471556e-16,4.6617697081633645e-06,False,False
51.45,4.828102561484141e-06,5.627856016884324e-10,7.927609873458288e-33,5.253373750977836e-16,4.827539775357123e-06,False,False
51.5,4.999285448043827e-06,5.779725801073113e-10,6.1458330494196e-33,5.39206439263876e-16,4.998707474924515e-06,False,False
51.550000000000004,5.1760231041827e-06,5.935569134504212e-10,4.7623516773078195e-33,5.534354671218374e-16,5.1754295467158045e-06,False,False
51.6,5.358476143106076e-06,6.095486522084439e-10,3.6886239591334735e-33,5.680336355275772e-16,5.357866593885822e-06,False,False
51.650000000000006,5.546809113150796e-06,6.259580917373894e-10,2.8556798591218097e-33,5.83010350914182e-16,5.54618315447606e-06,False,False
51.7,5.741190569909179e-06,6.427957779789181e-10,2.2098198472897055e-33,5.983752549215767e-16,5.7405477735328285e-06,False,False
51.75,5.941793148864726e-06,6.600725133080345e-10,1.709253338460356e-33,6.141382301613884e-16,5.94113307573728e-06,False,False
51.800000000000004,6.148793638513604e-06,6.777993625108552e-10,1.3214727727606393e-33,6.303094061201377e-16,6.148115838520773e-06,False,False
51.85,6.362373053944003e-06,6.959876588951177e-10,1.0212033194259965e-33,6.468991652038973e-16,6.3616770656382e-06,False,False
51.900000000000006,6.582716710845594e-06,7.14649010536349e-10,7.888027786808044e-34,6.639181489280346e-16,6.5820020611711485e-06,False,False
51.95,6.81001429991817e-06,7.337953066624058e-10,6.090134182807713e-34,6.813772642549939e-16,6.809280503930141e-06,False,False
52.0,7.044459961648928e-06,7.534387241793538e-10,4.699887979786393e-34,6.992876900840279e-16,7.043706522225462e-06,False,False
52.050000000000004,7.286252361425436e-06,7.735917343416297e-10,3.6253535647430325e-34,7.176608838961319e-16,7.2854787689734255e-06,False,False
52.1,7.535594764950271e-06,7.942671095694924e-10,2.7952164562492565e-34,7.365085885579245e-16,7.534800497104173e-06,False,False
52.150000000000006,7.79269511392233e-06,8.154779304168593e-10,2.1541837069160587e-34,7.558428392882575e-16,7.791879635236094e-06,False,False
52.2,8.057766101947637e-06,8.372375926925901e-10,1.659404428607287e-34,7.7567597079113e-16,8.056928863579288e-06,False,False
52.25,8.331025250641476e-06,8.595598147385243e-10,1.2776855067695248e-34,7.960206245591054e-16,8.330165690030711e-06,False,False
52.300000000000004,8.612694985882537e-06,8.824586448674509e-10,9.833268725405182e-35,8.16889756350947e-16,8.611812526420769e-06,False,False
52.35,8.90300271417764e-06,9.05948468964259e-10,7.564392629738469e-35,8.382966438476308e-16,8.902096764870363e-06,False,False
52.400000000000006,9.202180899094825e-06,9.300440182538604e-10,5.816375460659052e-35,8.602548944909935e-16,9.201250854216328e-06,False,False
52.45,9.510467137720315e-06,9.547603772391188e-10,4.4702624337962306e-35,8.827784535090237e-16,9.509512376460308e-06,False,False
52.5,9.828104237094135e-06,9.80112991812406e-10,3.4341228070488355e-35,9.058816121324547e-16,9.827124123196434e-06,False,False
52.550000000000004,1.015534029057723e-05,1.006117677544347e-09,2.6369435907436726e-35,9.29579016006843e-16,1.0154334171970099e-05,False,False
52.6,1.0492428754101201e-05,1.0327906281534e-09,2.0238954444134948e-35,9.538856738048108e-16,1.049139596251917e-05,False,False
52.650000000000006,1.0839628522251317e-05,1.0601484241600043e-09,1.5526641368224496e-35,9.788169660431433e-16,1.0838568372848363e-05,False,False
52.7,1.119720400412981e-05,1.088208041729045e-09,1.1906090696586023e-35,1.0043886541093354e-15,1.1196115795083717e-05,False,False
52.75,1.1565425198947488e-05,1.1169868617045642e-09,9.125634425726504e-36,1.0306168895026545e-15,1.1564308211055171e-05,False,False
52.800000000000004,1.1944567771288004e-05,1.1465026788406264e-09,6.991319713495441e-36,1.0575182232945579e-15,1.1943421267551623e-05,False,False
52.85,1.2334913125988296e-05,1.1767737112322793e-09,5.353742445419459e-36,1.0851096158135709e-15,1.233373635119194e-05,False,False
52.900000000000006,1.273674848257838e-05,1.207818609950851e-09,4.097868349839395e-36,1.113408446559946e-15,1.2735540662855018e-05,False,False
52.95,1.3150366949218964e-05,1.2396564688876214e-09,3.135167474494347e-36,1.1424325243551885e-15,1.3149127291607667e-05,False,False
53.0,1.3576067596077505e-05,1.2723068348101502e-09,2.397539128079467e-36,1.172200097732209e-15,1.3574795288070495e-05,False,False
53.050000000000004,1.4014155528078748e-05,1.3057897176356168e-09,1.832621924743001e-36,1.2027298655713547e-15,1.401284973715836e-05,False,False
53.1,1.4464941956965625e-05,1.3401256009255142e-09,1.4001748352745898e-36,1.2340409879881953e-15,1.4463601830130638e-05,False,False
53.150000000000006,1.4928744272605311e-05,1.3753354526063275e-09,1.0692859827202687e-36,1.2661530974789425e-15,1.4927368935886564e-05,False,False
53.2,1.5405886113471365e-05,1.4114407359205245e-09,8.162208699349604e-37,1.2990863103291286e-15,1.5404474671436367e-05,False,False
53.25,1.5896697436234045e-05,1.448463420612811e-09,6.227643335782548e-37,1.3328612382920811e-15,1.589524897148058e-05,False,False
53.300000000000004,1.6401514584387543e-05,1.486425994356206e-09,4.7494353980007e-37,1.3674990005430446e-15,1.6400028157025697e-05,False,False
53.35,1.6920680355841205e-05,1.5253514744227582e-09,3.6204491585071457e-37,1.4030212359154642e-15,1.6919155002963767e-05,False,False
53.400000000000006,1.7454544069402374e-05,1.56526341960404e-09,2.75857716670854e-37,1.4394501154260367e-15,1.745297880454335e-05,False,False
53.45,1.8003461630073394e-05,1.6061859423861924e-09,2.100922522421184e-37,1.4768083550948585e-15,1.8001855442654243e-05,False,False
53.5,1.856779559308715e-05,1.6481437213847792e-09,1.5993265694737352e-37,1.51511922906789e-15,1.856614744785067e-05,False,False
53.550000000000004,1.914791522660202e-05,1.6911620140446277e-09,1.2169324817558177e-37,1.5544065830483439e-15,1.9146224063033538e-05,False,False
53.6,1.974419657297545e-05,1.7352666696099273e-09,9.255460462374739e-38,1.5946948480442535e-15,1.9742461304711103e-05,False,False
53.650000000000006,2.035702250853646e-05,1.780484142370112e-09,7.036096582974911e-38,1.6360090544395791e-15,2.035524202275812e-05,False,False
53.7,2.0986782801771533e-05,1.8268415051867776e-09,5.346477830387428e-38,1.6783748463959992e-15,2.0984955958587996e-05,False,False
53.75,2.1633874169840638e-05,1.8743664633075743e-09,4.0607472982022043e-38,1.7218184965933497e-15,2.163199980165553e-05,False,False
53.800000000000004,2.2298700333337613e-05,1.923087368472501e-09,3.0828072622465e-38,1.7663669213161773e-15,2.229677724420274e-05,False,False
53.85,2.2981672069205652e-05,1.973033233318557e-09,2.3393165774002335e-38,1.8120476958944392e-15,2.2979699034160226e-05,False,False
53.900000000000006,2.3683207261721894e-05,2.024233746088652e-09,1.7743277266538852e-38,1.85888907050671e-15,2.368118302611693e-05,False,False
53.95,2.440373095145787e-05,2.0767192856507875e-09,1.345181529677381e-38,1.9069199863536244e-15,2.4401654230265325e-05,False,False
54.0,2.514367538212607e-05,2.130520936833646e-09,1.0193660552404888e-38,1.9561700922107338e-15,2.5141544859233068e-05,False,False
54.050000000000004,2.5903480045219117e-05,2.18567050608487e-09,7.721144054931361e-39,2.0066697613689478e-15,2.5901294372706327e-05,False,False
54.1,2.6683591722346965e-05,2.2422005374583328e-09,5.845684317847506e-39,2.0584501089715235e-15,2.6681349519751006e-05,False,False
54.150000000000006,2.7484464525178306e-05,2.300144328937072e-09,4.423757150821996e-39,2.1115430097570847e-15,2.7482164378737868e-05,False,False
54.2,2.8306559932887453e-05,2.359535949098094e-09,3.346180872613379e-39,2.1659811162170463e-15,2.8304200394772396e-05,False,False
54.25,2.9150346827010024e-05,2.420410254126281e-09,2.5299373271469762e-39,2.221797877178e-15,2.914792641453411e-05,False,False
54.300000000000004,3.0016301523609133e-05,2.4828029051838307e-09,1.9119315014369956e-39,2.2790275568179157e-15,3.0013818718424895e-05,False,False
54.35,3.0904907802650266e-05,2.5467503861423808e-09,1.4442324889649672e-39,2.337705254126379e-15,3.090236104992641e-05,False,False
54.400000000000006,3.1816656934487015e-05,2.6122900216848924e-09,1.0904458597689122e-39,2.3978669228192163e-15,3.181404464206746e-05,False,False
54.45,3.275204770335179e-05,2.679459995784493e-09,8.22949756255494e-40,2.459549391717123e-15,3.274936824089648e-05,False,False
54.5,3.3711586427752505e-05,2.748299370567608e-09,6.2079005315137626e-40,2.522790385599868e-15,3.370883812585914e-05,False,False
54.550000000000004,3.469578697766885e-05,2.818848105568935e-09,4.680781773843785e-40,2.5876285465460684e-15,3.4692968126975586e-05,False,False
54.6,3.5705170788444386e-05,2.8911470773857256e-09,3.527721192548702e-40,2.6541034557698127e-15,3.570227963871287e-05,False,False
54.650000000000006,3.6740266871271484e-05,2.9652380997394482e-09,2.6574942273089807e-40,2.722255655965885e-15,3.673730163044953e-05,False,False
54.7,3.7801611820158975e-05,3.0411639439521627e-09,2.0010254912771434e-40,2.792126674174215e-15,3.779857065342295e-05,False,False
54.75,3.8889749815280056e-05,3.118968359846341e-09,1.506035219638126e-40,2.8637590451763416e-15,3.8886630844056436e-05,False,False
54.800000000000004,4.000523262259102e-05,3.1986960970756867e-09,1.132973758376318e-40,2.937196335435239e-15,4.00020339235567e-05,False,False
54.85,4.114861958961424e-05,3.2803929268956392e-09,8.519356447046734e-41,3.0124831675910565e-15,4.114533919367476e-05,False,False
54.900000000000006,4.232047763727802e-05,3.3641056643819227e-09,6.403183434687609e-41,3.0896652455257514e-15,4.231711352852406e-05,False,False
54.95,4.352138124770434e-05,3.4498821911056705e-09,4.81046781332289e-41,3.1687893800085533e-15,4.351793136234454e-05,False,False
55.0,4.475191244783577e-05,3.5377714782741677e-09,3.6122757743510696e-41,3.249903514936615e-15,4.474837467310755e-05,False,False
55.050000000000004,4.60126607887942e-05,3.6278236103456963e-09,2.7112945406917194e-41,3.333056754183311e-15,4.600903296185073e-05,False,False
55.1,4.730422332086159e-05,3.7200898091279203e-09,2.0341113182568023e-41,3.418299389068331e-15,4.7300503227634176e-05,False,False
55.150000000000006,4.862720456397616e-05,3.814622458369128e-09,1.5253691149408907e-41,3.5056829264640064e-15,4.862338993801223e-05,False,False
55.2,4.9982216473631714e-05,3.911475128851117e-09,1.1433452630253043e-41,3.59526011755116e-15,4.9978304994907654e-05,False,False
55.25,5.136987840207547e-05,4.010702603994182e-09,8.566078707906057e-42,3.687084987240463e-15,5.136586769578444e-05,False,False
55.300000000000004,5.279081705469547e-05,4.112360905983137e-09,6.414885956513821e-42,3.7812128642733306e-15,5.278670469000827e-05,False,False
55.35,5.424566644148706e-05,4.2165073224247844e-09,4.801733304080428e-42,3.877700412017945e-15,5.4241449930286894e-05,False,False
55.400000000000006,5.573506782349665e-05,4.323200433546653e-09,3.5926039720051415e-42,3.976605659976553e-15,5.5730744619086615e-05,False,False
55.45,5.725966965413099e-05,4.432500139947302e-09,2.686722869810061e-42,4.077988036019027e-15,5.7255237149913103e-05,False,False
55.5,5.8820127515228116e-05,4.544467690908853e-09,2.0083463632581926e-42,4.181908399360242e-15,5.8815583043355314e-05,False,False
55.550000000000004,6.041710404778639e-05,4.659165713281837e-09,1.5005710791150292e-42,4.288429074297028e-15,6.041244487778468e-05,False,False
55.6,6.205126887724324e-05,4.776658240953624e-09,1.1206674174413092e-42,4.397613884722192e-15,6.204649221460468e-05,False,False
55.650000000000006,6.372329853320606e-05,4.897010744911376e-09,8.365639283956512e-43,4.509528189433382e-15,6.371840151795166e-05,False,False
55.7,6.543387636352669e-05,5.0202901639102905e-09,6.241999638060256e-43,4.624238918253637e-15,6.542885606873871e-05,False,False
55.75,6.718369244262471e-05,5.146564935758958e-09,4.655330938321511e-43,4.741814608983153e-15,6.71785458729472e-05,False,False
55.800000000000004,6.897344347395471e-05,5.275905029233079e-09,3.4704004871367224e-43,4.8623254451998345e-15,6.89681675640631e-05,False,False
55.85,7.080383268652189e-05,5.408381976629456e-09,2.5858947675214693e-43,4.9858432949280835e-15,7.07984242995593e-05,False,False
55.900000000000006,7.267556972535162e-05,5.544068906972155e-09,1.9259469252913496e-43,5.112441750195693e-15,7.267002565133221e-05,False,False
55.95,7.458937053581255e-05,5.683040579882764e-09,1.4337716798654273e-43,5.242196167497468e-15,7.458368748999065e-05,False,False
56.0,7.654595724170552e-05,5.825373420127835e-09,1.0668857061677143e-43,5.375183709187624e-15,7.654013186291013e-05,False,False
56.050000000000004,7.854605801702267e-05,5.971145552854915e-09,7.935202444257444e-44,5.511483385820161e-15,7.854008686595825e-05,False,False
56.1,8.059040695129155e-05,6.120436839530968e-09,5.899298084561441e-44,5.651176099459073e-15,8.058428650880073e-05,False,False
56.150000000000006,8.267974390841569e-05,6.273328914595884e-09,4.383740995907865e-44,5.794344687980677e-15,8.267347057370693e-05,False,False
56.2,8.481481437892593e-05,6.4299052228439135e-09,3.2560543707321804e-44,5.941073970388438e-15,8.480838446776203e-05,False,False
56.25,8.699636932556081e-05,6.590251057546983e-09,2.4173560691319085e-44,6.091450793165055e-15,8.698977906841184e-05,False,False
56.300000000000004,8.922516502209975e-05,6.754453599333253e-09,1.7938735157695943e-44,6.2455640776833495e-15,8.92184105622548e-05,False,False
56.35,9.150196288536449e-05,6.9226019558348666e-09,1.3305929759919126e-44,6.4035048686998664e-15,9.149504027700512e-05,False,False
56.400000000000006,9.382752930032538e-05,7.094787202119133e-09,9.865085432370931e-45,6.565366383956536e-15,9.382043450655805e-05,False,False
56.45,9.620263543823081e-05,7.271102421917095e-09,7.310695416398428e-45,6.7312440649122354e-15,9.619536432907769e-05,False,False
56.5,9.862805706769832e-05,7.451642749665017e-09,5.415252927473934e-45,6.901235628633334e-15,9.86206054180475e-05,False,False
56.550000000000004,0.00010110457435870202,7.636505413372255e-09,4.0094150560920845e-45,7.075441120865159e-15,0.00010109693784621328,False,False
56.6,0.00010363297167939024,7.825789778331652e-09,2.967191004275378e-45,7.25396297031288e-15,0.0001036251458823578,False,False
56.650000000000006,0.00010621403738568265,8.019597391687752e-09,2.1948872013480615e-45,7.436906044158631e-15,0.00010620601778085421,False,False
56.7,0.00010884856360358749,8.218032027877649e-09,1.6228602549135902e-45,7.624377704840622e-15,0.00010884034556393543,False,False
56.75,0.00011153734600418875,8.42119973496112e-09,1.1993674492605744e-45,7.8164878681245e-15,0.00011152892479663713,False,False
56.800000000000004,0.00011428118357125843,8.629208881855745e-09,8.859834458134547e-46,8.013349062493788e-15,0.00011427255435436307,False,False
56.85,0.00011708087836145042,8.842170206493413e-09,6.541858896825316e-46,8.21507648988937e-15,0.0001170720361830288,False,False
56.900000000000006,0.00011993723525703949,9.06019686491504e-09,4.828129978228441e-46,8.421788087828525e-15,0.000119928175051753,False,False
56.95,0.0001228510617111664,9.283404481319937e-09,3.561713231578438e-46,8.633604592931992e-15,0.00012284177829805155,False,False
57.0,0.00012582316748556435,9.51191119908801e-09,2.6262808186919838e-46,8.850649605893095e-15,0.0001258136555655146,False,False
57.050000000000004,0.000128854364380741,9.74583773279077e-09,1.9356444628455566e-46,9.073049657918188e-15,0.00012884461853393515,False,False
57.1,0.00013194546595859144,9.985307421210051e-09,1.425976055249319e-46,9.300934278672225e-15,0.00013193548064186915,False,False
57.150000000000006,0.00013509728725743356,1.0230446281382457e-08,1.0500285125196617e-46,9.534436065763012e-15,0.00013508705680161814,False,False
57.2,0.00013831064449945014,1.0481383063687e-08,7.728445823332165e-47,9.773690755796511e-15,0.00013830016310661288,False,False
57.25,0.00014158635479053037,1.073824930799528e-08,5.685719852804333e-47,1.0018837297039756e-14,0.0001415756165312037,False,False
57.300000000000004,0.00014492523581252043,1.1001179400902952e-08,4.1810076617381128e-47,1.0270017923725558e-14,0.0001449142346228494,False,False
57.35,0.00014832810550787206,1.1270310634061613e-08,3.0731140995277973e-47,1.0527378232034984e-14,0.00014831683518671046,False,False
57.400000000000006,0.00015179578175671986,1.1545783263630673e-08,2.2577644090106165e-47,1.0791067257796503e-14,0.00015178423596266526,False,False
57.45,0.00015532908204638377,1.1827740570868873e-08,1.6579856818839656e-47,1.1061237555935955e-14,0.00015531725429475206,False,False
57.5,0.00015892882313333313,1.211632892388617e-08,1.2169847734648188e-47,1.1338045281719997e-14,0.0001589167067930712,False,False
57.550000000000004,0.00016259582069763002,1.2411697840576028e-08,8.928771912435358e-48,1.1621650273829355e-14,0.00016258340898816777,False,False
57.6,0.00016633088898989238,1.2714000052748066e-08,6.547877246468123e-48,1.1912216139302866e-14,0.0001663181749779273,False,False
57.650000000000006,0.0001701348404708151,1.3023391571484637e-08,4.799671837266527e-48,1.2209910340394973e-14,0.00017012181706703384,False,False
57.7,0.00017400848544329097,1.3340031753739803e-08,3.5166146118055255e-48,1.2514904283385274e-14,0.00017399514539902244,False,False
57.75,0.00017795263167718744,1.3664083370204861e-08,2.5753735048723098e-48,1.2827373409386801e-14,0.0001779389675809899,False,False
57.800000000000004,0.0001819680840268387,1.3995712674461132e-08,1.8852019755560642e-48,1.3147497287193737e-14,0.00018195408830101655,False,False
57.85,0.00018605564404130945,1.4335089473443192e-08,1.3793604348084617e-48,1.347545970821448e-14,0.0001860413089383604,False,False
57.900000000000006,0.0001902161095675184,1.4682387199235385e-08,1.0087878868952215e-48,1.3811448783536712e-14,0.00019020142716650793,False,False
57.95,0.00019445027434628038,1.5037782982223987e-08,7.374357172300427e-49,1.4155657043167932e-14,0.00019443523654914273,False,False
58.0,0.0001987589276013651,1.5401457725630028e-08,5.388286680173036e-49,1.4508281537503097e-14,0.00019874352612913115,False,False
58.050000000000004,0.0002031428536216603,1.577359618144565e-08,3.935314403751752e-49,1.4869523941064676e-14,0.00020312708001060922,False,False
58.1,0.00020760283133653413,1.6154387027797627e-08,2.8728330732479175e-49,1.5239590658565827e-14,0.00020758667693426637,False,False
58.150000000000006,0.00021213963388451196,1.654402294776505e-08,2.096252359190891e-49,1.5618692933349233e-14,0.00021212308984594548,False,False
58.2,0.00021675402817536882,1.694270070967373e-08,1.528899548861652e-49,1.6007046958248995e-14,0.00021673708545865238,False,False
58.25,0.00022144677444576498,1.735062124889422e-08,1.114593628991434e-49,1.6404873988933273e-14,0.00022142942380811136,False,False
58.300000000000004,0.0002262186258085487,1.776798975116864e-08,8.121876394812597e-50,1.681240045977855e-14,0.00022620085780198474,False,False
58.35,0.00023107032779585534,1.8195015737492976e-08,5.915594696246988e-50,1.7229858102331065e-14,0.00023105213276288788,False,False
58.400000000000006,0.00023600261789616253,1.8631913150581007e-08,4.3066805770260135e-50,1.7657484066413602e-14,0.00023598398596535482,False,False
58.45,0.00024101622508542183,1.9078900442937066e-08,3.133928819372672e-50,1.8095521043931296e-14,0.00024099714616688354,False,False
58.5,0.00024611186935244667,1.9536200666565326e-08,2.279490624450445e-50,1.8544217395440144e-14,0.0002460923331332359,False,False
58.550000000000004,0.0002512902612187102,2.00040415643435e-08,1.6572525963727996e-50,1.9003827279533136e-14,0.0002512702571581419,False,False
58.6,0.00025655210125272046,2.048265566308752e-08,1.204319786100828e-50,1.9474610785108604e-14,0.0002565316185775824,False,False
58.650000000000006,0.0002618980795791627,2.0972280368339415e-08,8.747765867279098e-51,1.99568340665827e-14,0.00026187710727883766,False,False
58.7,0.0002673288753829823,2.1473158060903754e-08,6.351184009318613e-51,2.0450769482107067e-14,0.00026730740220447084,False,False
58.75,0.0002728451564086074,2.198553619516467e-08,4.609082225572715e-51,2.095669573486144e-14,0.0002728231708514554,False,False
58.800000000000004,0.00027844757845451234,2.2509667399212326e-08,3.3433083431906205e-51,2.1474898017484298e-14,0.0002784250687656381,False,False
58.85,0.00028413678486332515,2.3045809576809934e-08,2.4240446991091022e-51,2.2005668159708086e-14,0.00028411373903174266,False,False
58.900000000000006,0.00028991340600770504,2.359422601123161e-08,1.7567381446529481e-51,2.254930477927613e-14,0.0002898898117591448,False,False
58.95,0.00029577805877219735,2.4155185471002676e-08,1.2725523418836856e-51,2.3106113436199437e-14,0.0002957539035636204,False,False
59.0,0.0003017313460313105,2.4728962317574817e-08,9.213963623449707e-52,2.3676406790438438e-14,0.00030170661704531654,False,False
59.050000000000004,0.0003077738561240455,2.5315836614967725e-08,6.668367831936812e-52,2.4260504763074623e-14,0.00030774854026316975,False,False
59.1,0.00031390616232511854,2.591609424140878e-08,4.823861365195401e-52,2.485873470105076e-14,0.0003138802462060184,False,False
59.150000000000006,0.00032012882231314833,2.6530027003007866e-08,3.487966489133691e-52,2.5471431545558335e-14,0.0003201022922606742,False,False
59.2,0.00032644237763603575,2.7157932749496404e-08,2.5208790280291038e-52,2.6098938004144526e-14,0.0003264152196771877,False,False
59.25,0.00033284735317383647,2.7800115492068112e-08,1.821100536841695e-52,2.6741604726627602e-14,0.0003328195530316029,False,False
59.300000000000004,0.00033934425659937407,2.8456885523354954e-08,1.3149766926045595e-52,2.7399790484894638e-14,0.0003393157996864507,False,False
59.35,0.00034593357783688564,2.9128559539572697e-08,9.49083457441559e-53,2.807386235666906e-14,0.00034590444924927186,False,False
59.400000000000006,0.00035261578851899356,2.981546076487524e-08,6.8468839643509925e-53,2.876419591333429e-14,0.0003525859730294648,False,False
59.45,0.0003593913414422805,3.0517919077948134e-08,4.937234415946707e-53,2.9471175411895684e-14,0.00035936082349373157,False,False
59.5,0.00036626067002178435,3.1236271140884574e-08,3.5585800783088377e-53,3.0195193991175594e-14,0.0003662294337204485,False,False
59.550000000000004,0.0003732241877447151,3.1970860530376314e-08,2.5637280454737166e-53,3.093665387232827e-14,0.0003731922168532477,False,False
59.6,0.00038028228762369956,3.272203787125953e-08,1.8461601873632323e-53,3.169596656376692e-14,0.00038024956555413205,False,False
59.650000000000006,0.0003874353416498986,3.3490160972453866e-08,1.328828774023507e-53,3.247355307060314e-14,0.000387401851456453,False,False
59.7,0.0003946837002462899,3.4275594965332995e-08,9.560285938348614e-54,3.3269844108684645e-14,0.000394649424618055,False,False
59.75,0.0004020276917214782,3.5078712444566844e-08,6.875035667208808e-54,3.4085280323342e-14,0.0004019926129749484,False,False
59.800000000000004,0.0004094676217243555,3.5899893611475195e-08,4.941755395274028e-54,3.4920312512935364e-14,0.0004094317217958233,False,False
59.85,0.0004170037726999563,3.673952641993243e-08,3.5505019070258665e-54,3.577540185730839e-14,0.0004169670331377604,False,False
59.900000000000006,0.00042463640334687396,3.759800672486788e-08,2.549766853526428e-54,3.6651020151254694e-14,0.00042459880530349857,False,False
59.95,0.0004323657480765674,3.847573843339747e-08,1.8302626094540352e-54,3.7547650043098275e-14,0.00043232727230058706,False,False
60.0,0.0004401920164749419,3.9373133658636406e-08,1.3131930020838594e-54,3.846578527850572e-14,0.0004401526433028178,False,False
60.050000000000004,0.0004481153927665553,4.02906128762298e-08,9.417723325646846e-55,3.9405930949633554e-14,0.0004480751021142731,False,False
60.1,0.00045613603528182537,4.122860508364775e-08,6.750959631624847e-55,4.036860374972787e-14,0.00045609480663637254,False,False
60.150000000000006,0.00046425407592761987,4.218754796228861e-08,4.8371249972268945e-55,4.135433223329566e-14,0.00046421188833830387,False,False
60.2,0.00047246961966159514,4.316788804243487e-08,3.464266746628229e-55,4.236365708195594e-14,0.00047242645173118953,False,False
60.25,0.00048078274397067556,4.4170080871106785e-08,2.4799193402942522e-55,4.3397131376105986e-14,0.00048073857384640765,False,False
60.300000000000004,0.0004891934983540633,4.519459118286087e-08,1.7744591331560813e-55,4.4455320872513013e-14,0.0004891483037184246,False,False
60.35,0.0004977019038111567,4.624189307357758e-08,1.2691023946588046e-55,4.553880428796373e-14,0.0004976556618725435,False,False
60.400000000000006,0.0005063079523347985,4.73124701772901e-08,9.072553567018396e-56,4.664817358910278e-14,0.0005062606398179737,False,False
60.45,0.0005150116064102205,4.840681584609437e-08,6.482830015779588e-56,4.778403428858015e-14,0.0005149631995465906,False,False
60.5,0.0005238127985201036,4.9525433333198724e-08,4.630223374835931e-56,4.894700574765745e-14,0.0005237632730378238,False,False
60.550000000000004,0.0005327114306561597,5.0668835979153e-08,3.3055327747792212e-56,5.01377214853943e-14,0.0005326607617700423,False,False
60.6,0.0005417073738376204,5.183754740131414e-08,2.3587570313059574e-56,5.135682949456404e-14,0.0005416555362388618,False,False
60.650000000000006,0.0005508004676370782,5.303210168659417e-08,1.6823918801754519e-56,5.2604992564439484e-14,0.0005507474354827871,False,False
60.7,0.0005599905197140436,5.42530435875447e-08,1.1994256584050486e-56,5.388288861058661e-14,0.0005599362666165734,False,False
60.75,0.0005692773053566679,5.550092872182797e-08,8.547157804225891e-57,5.519121101182786e-14,0.0005692218043727552,False,False
60.800000000000004,0.0005786605670320262,5.677632377512882e-08,6.087967497593906e-57,5.653066895451271e-14,0.0005786037906517199,False,False
60.85,0.0005881400139453666,5.8079806707557914e-08,4.3343616356524567e-57,5.790198778425615e-14,0.0005880819340807566,False,False
60.900000000000006,0.0005977153216087731,5.941196696360666e-08,3.084467352752697e-57,5.930590936530751e-14,0.0005976559095825043,False,False
60.95,0.0006073861314196107,6.077340568569745e-08,2.194004064069626e-57,6.07431924476956e-14,0.0006073253579531825,False,False
61.0,0.0006171520502492036,6.216473593139853e-08,1.5599004854367378e-57,6.221461304233213e-14,0.0006170898854510579,False,False
61.050000000000004,0.0006270126500421418,6.35865828943475e-08,1.1085583930423944e-57,6.372096480422643e-14,0.0006269490633955268,False,False
61.1,0.0006369674674266328,6.50395841289481e-08,7.874490642743265e-58,6.526305942398762e-14,0.0006369024277772403,False,False
61.150000000000006,0.0006470160033363192,6.652438977889442e-08,5.590988304510403e-58,6.684172702779575e-14,0.0006469494788796991,False,False
61.2,0.0006571577226439566,6.804166280958063e-08,3.967865222777415e-58,6.845781658599857e-14,0.0006570896809126896,False,False
61.25,0.0006673920538073755,6.959207924446117e-08,2.814669815859636e-58,7.011219633054294e-14,0.0006673224616580196,False,False
61.300000000000004,0.0006777183885281275,7.117632840541075e-08,1.9957227835959756e-58,7.180575418140394e-14,0.000677647212127916,False,False
61.35,0.0006881360814232085,7.279511315715455e-08,1.4144095843105845e-58,7.353939818220921e-14,0.000688063286236511,False,False
61.400000000000006,0.0006986444497102947,7.444915015582678e-08,1.0019646080254514e-58,7.531405694525696e-14,0.0006985700004848257,False,False
61.45,0.0007092427729068492,7.613917010171807e-08,7.094663275210116e-59,7.713068010610536e-14,0.0007091666336596172,False,False
61.5,0.0007199302925435126,7.786591799627721e-08,5.021268098757716e-59,7.899023878796025e-14,0.0007198524265465268,False,False
61.550000000000004,0.0007307062118921775,7.963015340342965e-08,3.5521986753563885e-59,8.089372607604225e-14,0.0007306265816578803,False,False
61.6,0.0007415696957091042,8.143265071527901e-08,2.511789852126319e-59,8.284215750215202e-14,0.0007414882629755462,False,False
61.650000000000006,0.0007525198699934995,8.32741994222552e-08,1.775299254548099e-59,8.483657153965587e-14,0.0007524365957092419,False,False
61.7,0.0007635558217618964,8.515560438777584e-08,1.2541863089288071e-59,8.687803010908262e-14,0.0007634706660706317,False,False
61.75,0.0007746765988387262,8.707768612749252e-08,8.856349688553642e-60,8.896761909458756e-14,0.0007745895210636315,False,False
61.800000000000004,0.0007858812096634452,8.904128109318017e-08,6.251002495946353e-60,9.110644887147924e-14,0.0007857921682912455,False,False
61.85,0.0007971686231145684,9.104724196134819e-08,4.410083416260224e-60,9.329565484505854e-14,0.0007970775757793112,False,False
61.900000000000006,0.000808537768350979,9.309643792663935e-08,3.1098980477220984e-60,9.553639800100244e-14,0.0008084446718175169,False,False
61.95,0.0008199875346708323,9.518975500008492e-08,2.1920361645046903e-60,9.782986546751954e-14,0.0008198923448180027,False,False
62.0,0.0008315167713884157,9.732809631229043e-08,1.5443704875332996e-60,1.0017727108954494e-13,0.0008314194431919268,False,False
62.050000000000004,0.0008431242877292882,9.951238242162351e-08,1.0875706736765253e-60,1.0257985601520494e-13,0.0008430247752442859,False,False
62.1,0.0008548088527440005,1.0174355162747502e-07,7.655361409202316e-61,1.0503888929481113e-13,0.0008547071090873337,False,False
62.150000000000006,0.000866569195240762,1.0402256028867282e-07,5.3861212323852884e-61,1.0755566849265821e-13,0.0008664651725729183,False,False
62.2,0.0008784040037372891,1.0635038314711405e-07,3.7878150558637364e-61,1.1013152031186178e-13,0.0008782976532440105,False,False
62.25,0.0008903119264321883,1.0872801365670525e-07,2.6625858714291614e-61,1.1276780123254045e-13,0.0008902031983057642,False,False
62.300000000000004,0.000902291571196134,1.1115646431767148e-07,1.8707712887229216e-61,1.1546589816359143e-13,0.000902180414616351,False,False
62.35,0.0009143415055831097,1.1363676701632208e-07,1.313832451208121e-61,1.1822722910835276e-13,0.0009142278686978657,False,False
62.400000000000006,0.0009264602568620056,1.1616997337035438e-07,9.222772348403188e-62,1.2105324384444793e-13,0.000926344086767583,False,False
62.45,0.0009386463120688008,1.187571550797631e-07,6.4712057556732e-62,1.2394542461807667e-13,0.0009385275547897756,False,False
62.5,0.0009508981180795832,1.2139940428344708e-07,4.538487506175603e-62,1.2690528685309257e-13,0.0009507767185483947,False,False
62.550000000000004,0.0009632140817046513,1.2409783392158967e-07,3.1815539751107445e-62,1.2993437987513433e-13,0.0009630899837407951,False,False
62.6,0.0009755925698038877,1.268535781038952e-07,2.229305884171881e-62,1.330342876511401e-13,0.0009754657160927491,False,False
62.650000000000006,0.0009880319094236617,1.2966779248376797e-07,1.5613571086566002e-62,1.362066295445704e-13,0.0009879022414949717,False,False
62.7,0.0010005303879554008,1.325416546385116e-07,1.0930424860531356e-62,1.3945306108662988e-13,0.0010003978461613095,False,False
62.75,0.0010130862533160644,1.3547636445564654e-07,7.64846100803996e-63,1.427752747638625e-13,0.0010129507768088348,False,False
62.800000000000004,0.0010256977141506654,1.3847314452541503e-07,5.349501166351536e-63,1.461750008224213e-13,0.0010255592408599638,False,False
62.85,0.0010383629400569751,1.4153324053957335e-07,3.739854720244651e-63,1.4965400808936727e-13,0.0010382214066667807,False,False
62.900000000000006,0.001051080061832636,1.4465792169655863e-07,2.6133549040306204e-63,1.5321410481136084e-13,0.001050935403757726,False,False
62.95,0.0010638471717447045,1.478484811131141e-07,1.8253420943631834e-63,1.5685713951107046e-13,0.0010636993231067354,False,False
63.0,0.001076662323821826,1.511062362424653e-07,1.2743606754852034e-63,1.6058500186170602e-13,0.0010765112174249988,False,False
63.050000000000004,0.0010895235341690966,1.5443252929914194e-07,8.892884859576987e-64,1.64399623580005e-13,0.001089369101475397,False,False
63.1,0.0011024287813057143,1.5782872769053222e-07,6.202905900883989e-64,1.6830297933807933e-13,0.0011022709524097197,False,False
63.150000000000006,0.0011153760065255073,1.6129622445526926e-07,4.324639713165051e-64,1.7229708769450495e-13,0.0011152147101287549,False,False
63.2,0.0011283631142803522,1.648364387085352e-07,3.013747665824709e-64,1.7638401204502403e-13,0.0011281982776652612,False,False
63.25,0.001141387972586583,1.6845081609439107e-07,2.0992591633984814e-64,1.8056586159330278e-13,0.001141219521589923,False,False
63.300000000000004,0.0011544484134543512,1.7214082924522021e-07,1.4615963298786677e-64,1.8484479234211614e-13,0.001154276272440261,False,False
63.35,0.0011675422333400059,1.759079782483747e-07,1.0171641515763228e-64,1.8922300810539254e-13,0.0011673663251725343,False,False
63.400000000000006,0.0011806671936214644,1.797537911201498e-07,7.075495568303811e-65,1.9370276154156654e-13,0.0011804874396366422,False,False
63.45,0.00119382102109653,1.8367982428715654e-07,4.919544535803078e-65,1.982863552086117e-13,0.0011936373410739577,False,False
63.5,0.0012070014085041635,1.8768766307521306e-07,3.4189688612981243e-65,2.0297614264127395e-13,0.001206813720638113,False,False
63.550000000000004,0.0012202060150686123,1.917789222058476e-07,2.3750218529532224e-65,2.0777452945090673e-13,0.001220014235938632,False,False
63.6,0.0012334324670663468,1.9595524630051948e-07,1.6490821477623724e-65,2.1268397444836644e-13,0.0012332365116073621,False,False
63.650000000000006,0.001246678358415725,2.0021831039266127e-07,1.1445089314256325e-65,2.1770699079048814e-13,0.0012464781398876267,False,False
63.7,0.001259941251289251,2.0456982044764364e-07,7.939594052054946e-66,2.228461471505428e-13,0.0012597366812459583,False,False
63.75,0.0012732186767483316,2.0901151389078244e-07,5.505282696881316e-66,2.2810406891323956e-13,0.0012730096650063374,False,False
63.800000000000004,0.0012865081354003838,2.1354516014347883e-07,3.815602879476869e-66,2.3348343939472444e-13,0.0012862945900067562,False,False
63.85,0.001299807098078122,2.1817256116760323e-07,2.6433150363929927e-66,2.389870010880917e-13,0.0012995889252779673,False,False
63.900000000000006,0.0013131130065408992,2.2289555201825253e-07,1.8303616199608325e-66,2.4461755693494985e-13,0.0013128901107442642,False,False
63.95,0.0013264232741978365,2.2771600140496465e-07,1.2668555272939486e-66,2.50377971623519e-13,0.0013261955579460542,False,False
64.0,0.001339735286852609,2.3263581226151946e-07,8.764345632929135e-67,2.562711729138654e-13,0.0013395026507840762,False,False
64.05,0.00135304640346961,2.376569223244329e-07,6.060579010646306e-67,2.6230015299075773e-13,0.0013528087462849863,False,False
64.10000000000001,0.0013663539569612891,2.4278130472026126e-07,4.189005729194811e-67,2.6846796984474674e-13,0.0013661111753881022,False,False
64.15,0.0013796552549963554,2.4801096856182703e-07,2.8940765009703568e-67,2.747777486820112e-13,0.0013794072437530167,False,False
64.2,0.0013929475808286435,2.5334795955349255e-07,1.99853277632604e-67,2.812326833635872e-13,0.0013926942325878575,False,False
64.25,0.0014062281941462688,2.5879436060558477e-07,1.3794779376524688e-67,2.8783603787452556e-13,0.0014059693994978276,False,False
64.3,0.0014194943319408202,2.643522924581044e-07,9.517446816882488e-68,2.9459114782362366e-13,0.0014192299793537714,False,False
64.35000000000001,0.0014327432093962317,2.700239143138288e-07,6.563392461898666e-68,3.0150142197432533e-13,0.0014324731851804173,False,False
64.4,0.0014459720207969857,2.7581142448092695e-07,4.52416572119224e-68,3.085703438074141e-13,0.0014456962090639363,False,False
64.45,0.0014591779404553337,2.817170610252462e-07,3.1171008346690708e-68,3.158014731161738e-13,0.001458896223078508,False,False
64.5,0.0014723581236570757,2.8774310243232375e-07,2.146670626184495e-68,3.231984476346173e-13,0.0014720703802314457,False,False
64.55,0.0014855097076255795,2.9389186827931917e-07,1.4776861119463399e-68,3.3076498469948825e-13,0.0014852158154265353,False,False
64.60000000000001,0.0014986298125035861,3.0016571991695314e-07,1.0167195751391862e-68,3.3850488294670734e-13,0.001498329646445165,False,False
64.65,0.0015117155423523755,3.0656706116158557e-07,6.992337696327164e-69,3.4642202404292927e-13,0.0015114089749447936,False,False
64.7,0.0015247639861678936,3.130983389975804e-07,4.806686740683082e-69,3.545203744529636e-13,0.0015244508874743764,False,False
64.75,0.0015377722189133022,3.1976204429005897e-07,3.3027177461108033e-69,3.628039872437291e-13,0.0015374524565062086,False,False
64.8,0.0015507373025675575,3.265607125081997e-07,2.2682938550705951e-69,3.7127700392550055e-13,0.0015504107414837727,False,False
64.85000000000001,0.0015636562871894806,3.334969244591923e-07,1.5571461925537447e-69,3.799436563311913e-13,0.0015633227898850797,False,False
64.9,0.0015765262119968168,3.405733070329879e-07,1.0684683836986743e-69,3.8880826853442847e-13,0.0015761856383009777,False,False
64.95,0.001589344106459804,3.477925339580166e-07,7.328180857343193e-70,3.9787525880720494e-13,0.0015889963135279715,False,False
65.0,0.001602106991408649,3.55157326567929e-07,5.02380643621523e-70,4.0714914161788295e-13,0.0016017518336749325,False,False
65.05,0.0016148118801544375,3.62670454579575e-07,3.442483224542917e-70,4.1663452967037796e-13,0.001614449209283224,False,False
65.10000000000001,0.001627455779622857,3.7033473688232313e-07,2.3578326802688176e-70,4.263361359853231e-13,0.0016270854444596404,False,False
65.15,0.001640035691500182,3.781530423388547e-07,1.6141963048055082e-70,4.3625877602405813e-13,0.0016396575380215848,False,False
65.2,0.0016525486133909444,3.861282905976032e-07,1.1045920937858776e-70,4.4640736985631934e-13,0.0016521624846539407,False,False
65.25,0.001664991539986665,3.9426345291694457e-07,7.555265450613469e-71,4.567869443724547e-13,0.0016645972760769622,False,False
65.3,0.0016773614642450379,4.025615530013152e-07,5.165349837176059e-71,4.674026355410975e-13,0.001676958902224635,False,False
65.35000000000001,0.0016896553785789572,4.110256678493721e-07,3.5298152024021135e-71,4.782596907131722e-13,0.0016892443524328484,False,False
65.4,0.0017018702760547132,4.196589286143545e-07,2.4110510919433683e-71,4.893634709731528e-13,0.0017014506166367362,False,False
65.45,0.0017140031515987758,4.2846452147683074e-07,1.6461259959584781e-71,5.007194535385599e-13,0.0017135746865765808,False,False
65.5,0.0017260510032124216,4.3744568852989213e-07,1.1233677427409796e-71,5.123332342085761e-13,0.001725613557011559,False,False
65.55,0.0017380108331935954,4.466057286770299e-07,7.662721479263585e-72,5.242105298628156e-13,0.0017375642269407067,False,False
65.60000000000001,0.0017498796493653052,4.559479985428036e-07,5.224519413325372e-72,5.363571810112267e-13,0.0017494237008304065,False,False
65.65,0.0017616544663098684,4.654759133964534e-07,3.560507212765493e-72,5.487791543961156e-13,0.0017611889898476942,False,False
65.7,0.0017733323066083059,4.7519294808863115e-07,2.4253789733697127e-72,5.614825456473645e-13,0.0017728571130987353,False,False
65.75,0.0017849102020841725,4.851026380013805e-07,1.6513896643285366e-72,5.744735819918814e-13,0.0017844250988716989,False,False
65.8,0.0017963851950511327,4.952085800115369e-07,1.1238846294718515e-72,5.877586250183068e-13,0.0017958899858833625,False,False
65.85000000000001,0.001807754339563525,5.055144334677097e-07,7.645327907798278e-73,6.013441734981578e-13,0.001807248824528715,False,False
65.9,0.0018190147026692252,5.160239211809649e-07,5.1984361963381874e-73,6.152368662644398e-13,0.0018184986781328075,False,False
65.95,0.001830163365664042,5.26740830429455e-07,3.533064244227637e-73,6.294434851489407e-13,0.0018296366242041688,False,False
66.0,0.0018411974253469295,5.376690139770469e-07,2.4001178501344798e-73,6.439709579792622e-13,0.0018406597556889818,False,False
66.05,0.0018521139952752518,5.488123911061994e-07,1.6297305806807153e-73,6.58826361636874e-13,0.0018515651822253194,False,False
66.10000000000001,0.0018629102070193584,5.601749486652064e-07,1.106117538361084e-73,6.740169251773139e-13,0.001862350031396678,False,False
66.15,0.0018735832114157157,5.717607421299847e-07,7.50393317324534e-74,6.895500330137829e-13,0.0018730114499840374,False,False
66.2,0.0018841301798178467,5.835738966805801e-07,5.088371983217542e-74,7.054332281654113e-13,0.0018835466052157326,False,False
66.25,0.0018945483053442861,5.956186082925485e-07,3.448823454207258e-74,7.216742155714133e-13,0.0018939526860143215,False,False
66.3,0.00190483480412285,6.078991448433684e-07,2.3364973329802178e-74,7.382808654724425e-13,0.0019042269042397256,False,False
66.35000000000001,0.001914986916530361,6.204198472341087e-07,1.582201644574693e-74,7.552612168605081e-13,0.0019143664959278659,False,False
66.4,0.001925001908427167,6.331851305264184e-07,1.070928778336088e-74,7.726234809987162e-13,0.0019243687225240177,False,False
66.45,0.001934877072385621,6.461994850951597e-07,7.245386582803425e-75,7.903760450123022e-13,0.0019342308721101505,False,False
66.5,0.0019446097289117685,6.59467477796708e-07,4.8996465432188e-75,8.085274755522483e-13,0.001943950260625444,False,False
66.55,0.0019541972276594837,6.729937531531854e-07,3.311846168668409e-75,8.270865225329953e-13,0.001953524233079244,False,False
66.60000000000001,0.0019636369486363027,6.867830345527917e-07,2.2375759032672214e-75,8.460621229456249e-13,0.001962950164755689,False,False
66.65,0.001972926303400154,7.008401254663669e-07,1.5110805389705516e-75,8.654634047480458e-13,0.001972225462409226,False,False
66.7,0.0019820627362462802,7.151699106804271e-07,1.0199988075026268e-75,8.852996908336579e-13,0.001981347565450301,False,False
66.75,0.0019910437253835354,7.297773575468054e-07,6.881988321854225e-76,9.055805030800243e-13,0.001990313947120409,False,False
66.8,0.0019998667840993582,7.446675172490882e-07,4.641201397018185e-76,9.263155664791268e-13,0.0019991221156557947,False,False
66.85000000000001,0.0020085294619126425,7.59845526086061e-07,3.128593314585026e-76,9.475148133507654e-13,0.0020077696154390417,False,False
66.9,0.002017029345713749,7.7531660677227e-07,2.1079971881729443e-76,9.69188387640748e-13,0.0020162540281377893,False,False
66.95,0.002025364060890989,7.910860697560098e-07,1.419688803401349e-76,9.913466493055602e-13,0.002024572973829888,False,False
67.0,0.002033531272442751,8.071593145547985e-07,9.55693215302749e-77,1.0140001787850608e-12,0.0020327241121141973,False,False
67.05,0.0020415286860746206,8.235418311085756e-07,6.430519568685621e-77,1.0371597815650791e-12,0.002040705143206353,False,False
67.10000000000001,0.0020493540492807515,8.402392011508416e-07,4.3248977190326444e-77,1.0608364928315593e-12,0.0020485138090187644,False,False
67.15,0.0020570051524087664,8.572570995978744e-07,2.9074204029313008e-77,1.0850415822180102e-12,0.0020561478942241265,False,False
67.2,0.0020644798297075177,8.746012959562674e-07,1.953628769294624e-77,1.1097865586481994e-12,0.002063605227301776,False,False
67.25,0.0020717759603569945,8.922776557489251e-07,1.3121348369402421e-77,1.1350831752757662e-12,0.0020708836815661624,False,False
67.3,0.0020788914694796815,9.102921419597432e-07,8.80880722284007e-78,1.1609434345227652e-12,0.0020779811761767785,False,False
67.35000000000001,0.002085824329132746,9.286508164971914e-07,5.910959191528625e-78,1.1873795932189815e-12,0.002084895677128872,False,False
67.4,0.002092572559280351,9.473598416768772e-07,3.9646151118803634e-78,1.214404167843973e-12,0.00209162519822427,False,False
67.45,0.00209913422874545,9.664254817234957e-07,2.6579470116894193e-78,1.242029939873899e-12,0.002098167802021697,False,False
67.5,0.002105507456140467,9.858541042921522e-07,1.781122627564721e-78,1.2702699612350253e-12,0.002104521600765905,False,False
67.55,0.002111690410776178,1.0056521820093493e-06,1.1930085028219004e-78,1.299137559866095e-12,0.0021106847572950325,False,False
67.60000000000001,0.0021176813135482422,1.0258262940338731e-06,7.987216796955126e-79,1.328646345391582e-12,0.0021166554859255635,False,False
67.65,0.0021234784378007304,1.046383127637689e-06,5.3450235368260066e-79,1.3588102149079543e-12,0.0021224320533142836,False,False
67.7,0.0021290801101661308,1.0673294798071475e-06,3.5752464735829586e-79,1.3896433588852674e-12,0.002128012779296681,False,False
67.75,0.0021344847113812073,1.088672258864614e-06,2.390366906711621e-79,1.4211602671860762e-12,0.002133396037701183,False,False
67.8,0.002139690677078195,1.1104184861107753e-06,1.5974429754963752e-79,1.453375735204101e-12,0.002138580257138708,False,False
67.85000000000001,0.0021446964985507772,1.1325752974878302e-06,1.0670588593672917e-79,1.4863048701249091e-12,0.0021435639217669846,False,False
67.9,0.0021495007234943386,1.1551499452637188e-06,7.124487085969173e-80,1.5199630973108468e-12,0.002148345572029111,False,False
67.95,0.002154101956719975,1.178149799737697e-06,4.754677302393502e-80,1.5543661668128411e-12,0.0021529238053658722,False,False
68.0,0.0021584988608417967,1.2015823509673432e-06,3.1716898028588533e-80,1.5895301600112107e-12,0.002157297276901301,False,False
68.05,0.0021626901569370225,1.2254552105172872e-06,2.1147672715569077e-80,1.6254714963881995e-12,0.0021614647001010332,False,False
68.10000000000001,0.002166674625178437,1.2497761132298525e-06,1.4094078008279958e-80,1.6622069404346236e-12,0.002165424847403002,False,False
68.15,0.0021704511054387973,1.2745529190177884e-06,9.388862457917266e-81,1.6997536086931964e-12,0.002169176550820027,False,False
68.2,0.0021740184978667142,1.2997936146793867e-06,6.25160454986454e-81,1.7381289769412875e-12,0.002172718702513907,False,False
68.25,0.0021773757634336883,1.3255063157360869e-06,4.1607558829952416e-81,1.777350887515584e-12,0.0021760502553406003,False,False
68.3,0.002180521924451852,1.3516992682928549e-06,2.767930549072879e-81,1.817437556781471e-12,0.002179170223366121,False,False
68.35000000000001,0.002183456065062139,1.3783808509215426e-06,1.8405192224168626e-81,1.8584075827498985e-12,0.0021820776823528085,False,False
68.4,0.002186177331692461,1.405559576567399e-06,1.2232852577413429e-81,1.900279952844472e-12,0.0021847717702156147,False,False
68.45,0.0021886849334856657,1.4332440944790178e-06,8.126758270953925e-82,1.943074051821775e-12,0.002187251687448114,False,False
68.5,0.002190978142696895,1.4614431921618882e-06,5.39646242676521e-82,1.9868096698476304e-12,0.002189516697517924,False,False
68.55,0.002193056295060136,1.4901657973557467e-06,3.581815313986407e-82,2.0315070107324685e-12,0.0021915661272312744,False,False
68.60000000000001,0.0021949187901236836,1.5194209800360212e-06,2.376289975674655e-82,2.077186700328691e-12,0.0021933993670664627,False,False
68.65,0.002196565091554285,1.5492179544394956e-06,1.5757883981358813e-82,2.123869795093145e-12,0.0021950158714759754,False,False
68.7,0.0021979947274097505,1.5795660811145358e-06,1.0444762688125323e-82,2.1715777908179162e-12,0.0021964151591570592,False,False
68.75,0.0021992072903798785,1.610474868995939e-06,6.919926330491272e-83,2.2203326315325106e-12,0.0021975968132905504,False,False
68.8,0.0022002024379954685,1.641953977504749e-06,4.582543335918698e-83,2.2701567185807644e-12,0.0021985604817478066,False,False
68.85000000000001,0.0022009798928053353,1.674013218673246e-06,3.033289809048378e-83,2.321072919875742e-12,0.0021993058772655895,False,False
68.9,0.002201539442521174,1.7066625592952163e-06,2.0068894365879335e-83,2.3731045793359498e-12,0.002199832777588776,False,False
68.95,0.0022018809401301853,1.7399121231019445e-06,1.3271964266090483e-83,2.4262755265065373e-12,0.0022001410255808084,False,False
69.0,0.0022020043039753657,1.7737721929638968e-06,8.77302114396394e-84,2.480610086368587e-12,0.002200230529301794,False,False
69.05,0.0022019095178034596,1.808253213118524e-06,5.796493645200968e-84,2.5361330893403692e-12,0.0022001012620542076,False,False
69.10000000000001,0.0022015966307804592,1.843365791424284e-06,3.8281043508457125e-84,2.5928698814740494e-12,0.0021997532623961643,False,False
69.15,0.0022010657574747373,1.8791207016411412e-06,2.5269950262098406e-84,2.650846334851543e-12,0.0021991866341222513,False,False
69.2,0.002200317077807761,1.9155288857378315e-06,1.667351721024125e-84,2.7100888581833123e-12,0.002198401546211933,False,False
69.25,0.002199350836972414,1.9526014562260053e-06,1.099644415005482e-84,2.770624407613883e-12,0.002197398232745565,False,False
69.3,0.0021981673453190776,1.99034969852156e-06,7.249024026185131e-85,2.83248049773796e-12,0.002196176992788078,False,False
69.35000000000001,0.0021967669782094247,2.0287850733333468e-06,4.776491631664655e-85,2.895685212831171e-12,0.0021947381902404067,False,False
69.4,0.0021951501758381213,2.0679192190794734e-06,3.145869616333518e-85,2.960267218299355e-12,0.0021930822536587744,False,False
69.45,0.0021933174430225377,2.1077639543315074e-06,2.0709739316682146e-85,3.0262557723507122e-12,0.002191209676041952,False,False
69.5,0.0021912693489606113,2.148331280286654e-06,1.3627329634272843e-85,3.093680737894683e-12,0.002189121014586644,False,False
69.55,0.0021890065269570117,2.1896333832683238e-06,8.962911453960024e-86,3.162572594672117e-12,0.002186816890411171,False,False
69.60000000000001,0.0021865296741178522,2.2316826372551155e-06,5.892365341287413e-86,3.2329624516208457e-12,0.0021842979882476343,False,False
69.65,0.0021838395510141123,2.274491606438603e-06,3.871974088972726e-86,3.3048820594811324e-12,0.002181565056102791,False,False
69.7,0.002180936981314025,2.318073047810127e-06,2.543181958889598e-86,3.3783638236456423e-12,0.002178618904887853,False,False
69.75,0.0021778228513847043,2.362439913776705e-06,1.669646922970489e-86,3.4534408172581734e-12,0.002175460408017486,False,False
69.8,0.0021744981098632326,2.407605354806425e-06,1.095655604228666e-86,3.5301467945661302e-12,0.002172090500978279,False,False
69.85000000000001,0.002170963767197597,2.4535827221034883e-06,7.1866369032587785e-87,3.6085162045312682e-12,0.0021685101808669766,False,False
69.9,0.0021672208951577037,2.500385570313077e-06,4.7117209059074225e-87,3.6885842047034895e-12,0.002164720505898806,False,False
69.95,0.0021632706263168674,2.548027660256421e-06,3.087703766603511e-87,3.77038667536299e-12,0.002160722594886224,False,False
70.0,0.00215911415350411,2.596522961696135e-06,2.0225250686546612e-87,3.853960233935124e-12,0.002156517626688453,False,False
70.05,0.002154752729227662,2.6458856561321558e-06,1.3242025341192486e-87,3.939342249683559e-12,0.002152106839632188,False,False
70.10000000000001,0.002150187665070056,2.6961301396283973e-06,8.665969011068498e-88,4.026570858686777e-12,0.002147491530903855,False,False
70.15,0.0021454203310552248,2.7472710256705026e-06,5.668681603798445e-88,4.115684979102925e-12,0.002142673055913869,False,False
70.2,0.0021404521549880685,2.799323148054797e-06,3.706373762068783e-88,4.206724326728896e-12,0.0021376528276332886,False,False
70.25,0.0021352846217668983,2.852301563808727e-06,2.4222478372957295e-88,4.299729430858563e-12,0.0021324323159033604,False,False
70.3,0.0021299192726692805,2.9062215561429475e-06,1.5823048400432564e-88,4.394741650445962e-12,0.002127013046718398,False,False
70.35000000000001,0.002124357704611736,2.961098637435386e-06,1.0331513604442388e-88,4.491803190579265e-12,0.0021213966014824977,False,False
70.4,0.0021186015693838074,3.016948552247353e-06,6.742795106411603e-89,4.590957119270551e-12,0.002115584616240602,False,False
70.45,0.002112652572857029,3.0737872803721593e-06,4.3986376746243184e-89,4.692247384568608e-12,0.0021095787808844105,False,False
70.5,0.0021065124741693458,3.131631039916164e-06,2.8681286785494628e-89,4.795718831998963e-12,0.0021033808383337112,False,False
70.55,0.002100183084885492,3.1904962904127783e-06,1.8693098313984717e-89,4.901417222338759e-12,0.002096992583693663,False,False
70.60000000000001,0.002093666268133965,3.250399735969381e-06,1.2177725036900999e-89,5.00938924973169e-12,0.0020904158633886063,False,False
70.65,0.0020869639377211276,3.311358328447457e-06,7.929636021310875e-90,5.119682560149587e-12,0.002083652574272998,False,False
70.7,0.0020800780572230613,3.3733892706765e-06,5.1611033789829695e-90,5.232345770207253e-12,0.002076704662720038,False,False
70.75,0.002073010639055772,3.4365100197011765e-06,3.357639605165239e-90,5.347428486336547e-12,0.0020695741236886433,False,False
70.8,0.0020657637435244065,3.5007382900627287e-06,2.1833723963209e-90,5.46498132432683e-12,0.002062262999769363,False,False
70.85000000000001,0.002058339477852052,3.5660920571143794e-06,1.4191351838545382e-90,5.585055929238187e-12,0.0020547733802098807,False,False
70.9,0.0020507399951888517,3.632589560371062e-06,9.219809232441596e-91,5.707704995694345e-12,0.0020471073999207743,False,False
70.95,0.002042967493602022,3.7002493068938053e-06,5.987180047603827e-91,5.832982288562461e-12,0.002039267238462147,False,False
71.0,0.0020350242150475152,3.7690900747087686e-06,3.886197943216723e-91,5.9609426640265745e-12,0.0020312551190118633,False,False
71.05,0.00202691244432393,3.839130916261442e-06,2.521330238137724e-91,6.091642091062148e-12,0.0020230733073160275,False,False
71.10000000000001,0.002018634508009458,3.910391161905845e-06,1.63507155286604e-91,6.225137673318941e-12,0.002014724110622413,False,False
71.15,0.0020101927733824766,3.982890423429174e-06,1.0598539159076658e-91,6.361487671419568e-12,0.0020062098765975603,False,False
71.2,0.002001589647326573,4.056648597612349e-06,6.866848573183246e-92,6.500751525682016e-12,0.001997532992228208,False,False
71.25,0.001992827575220648,4.131685869825979e-06,4.44704114743922e-92,6.6429898792726606e-12,0.001988695882707834,False,False
71.3,0.0019839090398149186,4.2080227176626325e-06,2.878637913023527e-92,6.788264601798989e-12,0.0019797010103089928,False,False
71.35000000000001,0.0019748365600934337,4.2856799146052864e-06,1.8625380325391563e-92,6.936638813348901e-12,0.0019705508732421892,False,False
71.4,0.0019656126901239574,4.36467853373214e-06,1.2045517810050265e-92,7.088176908985416e-12,0.001961248004502048,False,False
71.45,0.0019562400178958802,4.445039951458253e-06,7.786602666596023e-93,7.242944583705234e-12,0.001951794970701478,False,False
71.5,0.0019467211641469586,4.5267858513138656e-06,5.031213764729736e-93,7.401008857868624e-12,0.0019421943708946366,False,False
71.55,0.0019370587811796027,4.609938227759828e-06,3.2493743005818926e-93,7.562438103110402e-12,0.0019324488353894055,False,False
71.60000000000001,0.001927255551667495,4.694519390040295e-06,2.0976302065335433e-93,7.727302068740042e-12,0.0019225610245501518,False,False
71.65,0.0019173141874532908,4.780551966072789e-06,1.3535064543882022e-93,7.895671908639661e-12,0.001912533627591545,False,False
71.7,0.001907237428338147,4.868058906375998e-06,8.729592064438538e-94,8.06762020866984e-12,0.0019023693613641514,False,False
71.75,0.001897028040863885,4.957063488035338e-06,5.62768503928148e-94,8.243221014591282e-12,0.0018920709691326286,False,False
71.8,0.0018866888170884979,5.047589318706477e-06,3.626334262622022e-94,8.422549860512632e-12,0.0018816412193472423,False,False
71.85000000000001,0.001876222573355826,5.139660340657171e-06,2.335651801531642e-94,8.605683797873412e-12,0.001871082904409484,False,False
71.9,0.001865632149060122,5.233300834847311e-06,1.5036632300995093e-94,8.792701424971896e-12,0.0018603988394325732,False,False
71.95,0.0018549204054062968,5.328535425047779e-06,9.675987007982411e-95,8.983682917048067e-12,0.0018495918609975658,False,False
72.0,0.001844090224166597,5.425389081997801e-06,6.223607406571696e-95,9.178710056931408e-12,0.0018386648259058893,False,False
72.05,0.0018331445064344908,5.523887127601387e-06,4.0012097375204846e-95,9.377866266263392e-12,0.001827620609929024,False,False
72.10000000000001,0.0018220861713765103,5.624055239162778e-06,2.5712402672593166e-95,9.581236637305983e-12,0.0018164621065561105,False,False
72.15,0.001810918154982815,5.725919453661124e-06,1.6515670896541995e-95,9.7889079653456e-12,0.0018051922257402446,False,False
72.2,0.0017996434088172139,5.829506172064782e-06,1.0603567254617353e-95,1.0000968781704262e-11,0.0017938138926441793,False,False
72.25,0.0017882648987674302,5.934842163684985e-06,6.804715713952388e-96,1.0217509387368178e-11,0.0017823300463862377,False,False
72.3,0.0017767856037963269,6.04195457056945e-06,4.364858732767189e-96,1.0438621887245016e-11,0.0017707436387871362,False,False
72.35000000000001,0.0017652085146948123,6.150870911935812e-06,2.7985470613703745e-96,1.0664400225061567e-11,0.0017590576331184752,False,False
72.4,0.0017535366328372288,6.261619088645107e-06,1.7934829498368153e-96,1.0894940218912305e-11,0.0017472750028536435,False,False
72.45,0.0017417729689398734,6.374227387715689e-06,1.1488520558221248e-96,1.1130339597472278e-11,0.0017353987304218185,False,False
72.5,0.0017299205418234188,6.488724486877284e-06,7.355855255175366e-97,1.1370698036883947e-11,0.0017234318059658439,False,False
72.55,0.0017179823771799358,6.605139459165801e-06,4.707653173134852e-97,1.1616117198332115e-11,0.0017113772261046533,False,False
72.60000000000001,0.001705961506345215,6.723501777558646e-06,3.011465970413867e-97,1.1866700766318167e-11,0.0016992379927009546,False,False
72.65,0.0016938609650770985,6.843841319650893e-06,1.9255450157575484e-97,1.2122554487645872e-11,0.001687017111634893,False,False
72.7,0.0016816837923404884,6.966188372372581e-06,1.2306416458508152e-97,1.238378621113286e-11,0.0016747175915843304,False,False
72.75,0.001669433029099732,7.0905736367468925e-06,7.861614703201668e-98,1.265050592805932e-11,0.0016623424428124803,False,False
72.8,0.0016571117171190384,7.217028232689676e-06,5.019889049328625e-98,1.2922825813367326e-11,0.001649894675963522,False,False
72.85000000000001,0.0016447228977715773,7.345583703850271e-06,3.203898116607433e-98,1.3200860267624998e-11,0.0016373773008668657,False,False
72.9,0.001632269610857952,7.4762720224937646e-06,2.0439275219630727e-98,1.3484725959768025e-11,0.0016247933253507312,False,False
72.95,0.001619754893434594,7.6091255944250005e-06,1.3033303292942994e-98,1.3774541870633634e-11,0.001612145754065628,False,False
73.0,0.001607181778652807,7.744177263954115e-06,8.30702901611698e-99,1.4070429337299589e-11,0.0015994375873184241,False,False
73.05,0.0015945532946089855,7.881460318904023e-06,5.292235587652812e-99,1.4372512098243954e-11,0.0015866718199175687,False,False
73.10000000000001,0.0015818724632066603,8.021008495659713e-06,3.3700382176193664e-99,1.468091633933926e-11,0.001573851440030083,False,False
73.15,0.0015691422990309531,8.162855984259562e-06,2.145026682004894e-99,1.4995770740696118e-11,0.001560979428050921,False,False
73.2,0.0015563658082359605,8.307037433529006e-06,1.3646861600669118e-99,1.5317206524371857e-11,0.0015480587554852255,False,False
73.25,0.001543545987445718,8.453587956256104e-06,8.678308634825961e-100,1.5645357502958745e-11,0.001535092383844105,False,False
73.3,0.0015306858226691957,8.602543134409647e-06,5.516195009907743e-100,1.5980360129067874e-11,0.0015220832635544253,False,False
73.35000000000001,0.0015177882882299234,8.753939024399519e-06,3.504663669064926e-100,1.6322353545724037e-11,0.0015090343328831692,False,False
73.4,0.001504856345710751,8.907812162379434e-06,2.2256419453315686e-100,1.6671479637688485e-11,0.0014959485168768902,False,False
73.45,0.001491892942914195,9.064199569592663e-06,1.4127537357801955e-100,1.702788308372539e-11,0.00148282872631672,False,False
73.5,0.001478901012838948,9.22313875775975e-06,8.963545901999196e-101,1.739171140982878e-11,0.0014696778566894771,False,False
73.55,0.001465883472672929,9.384667734509385e-06,5.6845415463871293e-101,1.7763115043426682e-11,0.0014564987871753046,False,False
73.60000000000001,0.0014528432228034032,9.548825008851765e-06,3.6034065092040036e-101,1.8142247368580478e-11,0.0014432943796523034,False,False
73.65,0.0014397831458445843,9.715649596694645e-06,2.283143918305035e-101,1.8529264782195372e-11,0.001430067477718625,False,False
73.7,0.00142670610568312,9.885181026402733e-06,1.445957516797889e-101,1.892432675126225e-11,0.0014168209057323904,False,False
73.75,0.0014136149465419107,1.0057459344399281e-05,9.153348421548483e-102,1.932759587114656e-11,0.0014035574678699157,False,False
73.8,0.001400512492062635,1.0232525120811084e-05,5.7917081674721045e-102,1.9739237924943932e-11,0.0013902799472025867,False,False
73.85000000000001,0.0013874015444073472,1.0410419455156217e-05,3.662988562741478e-102,2.015942194392115e-11,0.0013769911047927688,False,False
73.9,0.0013742848833795294,1.0591183982074568e-05,2.3156166862570016e-102,2.0588320269060915e-11,0.0013636936788091333,False,False
73.95,0.0013611652655648974,1.0774860877101946e-05,1.4631875389503757e-102,2.1026108613731166e-11,0.0013503903836616865,False,False
74.0,0.0013480454234923538,1.0961492862486494e-05,9.241352431982517e-103,2.1472966127496415e-11,0.001337083909156901,False,False
74.05,0.0013349280648153195,1.1151123213048551e-05,5.834092193260103e-103,2.1929075461093293e-11,0.0013237769196731955,False,False
74.10000000000001,0.0013218158715137907,1.134379576208339e-05,3.6814021213503713e-103,2.2394622832589145e-11,0.0013104720533570835,False,False
74.15,0.0013087114991173763,1.1539554907306725e-05,2.3219637982073466e-103,2.2869798094744735e-11,0.0012971719213402714,False,False
74.2,0.0012956175759495526,1.1738445616843859e-05,1.4638610189782226e-103,2.33547948036032e-11,0.0012838791069779136,False,False
74.25,0.0012825367023934077,1.1940513435261059e-05,9.224577068540836e-104,2.3849810288324434e-11,0.0012705961651083369,False,False
74.3,0.001269471450179085,1.2145804489640296e-05,5.810256386665283e-104,2.4355045722288385e-11,0.0012573256213343998,False,False
74.35000000000001,0.0012564243616931105,1.2354365495696894e-05,3.658022273399161e-104,2.487070619548912e-11,0.0012440699713267074,False,False
74.4,0.0012433979493098346,1.2566243763939657e-05,2.301969737767664e-104,2.539700078824079e-11,0.001230831680148893,False,False
74.45,0.0012303946947450951,1.2781487205874574e-05,1.4479550839975803e-104,2.5934142646220392e-11,0.001217613181605078,False,False
74.5,0.001217417048432333,1.3000144340250534e-05,9.103592008739749e-105,2.64823490568689e-11,0.0012044168776097328,False,False
74.55,0.001204467428921221,1.3222264299348159e-05,5.72100987484774e-105,2.7041841527174603e-11,0.0011912451375800316,False,False
74.60000000000001,0.0011915482222989813,1.3447896835311344e-05,3.593642117307062e-105,2.761284586286377e-11,0.0011781002978508224,False,False
74.65,0.0011786617816344606,1.3677092326520828e-05,2.2563120735689384e-105,2.8195592249020396e-11,0.001164984661112347,False,False
74.7,0.0011658104264450552,1.390990178401118e-05,1.4160080613050962e-105,2.879031533216432e-11,0.0011519004958707288,False,False
74.75,0.0011529964421865648,1.414637685792929e-05,8.882485351071122e-106,2.9397254303806994e-11,0.001138850035931381,False,False
74.8,0.0011402220797660124,1.4386569844035612e-05,5.569362544341916e-106,3.0016652985515825e-11,0.0011258354799053233,False,False
74.85000000000001,0.0011274895550774753,1.4630533690247677e-05,3.490428091026038e-106,3.0648759915510235e-11,0.0011128589907384667,False,False
74.9,0.0011148010485609516,1.4878322003225049e-05,2.1865233337989845e-106,3.12938284368153e-11,0.0010999226952638982,False,False
74.95,0.0011021587047842362,1.5129989054997352e-05,1.3690892270793916e-106,3.1952116787003484e-11,0.001087028683777121,False,False
75.0,0.0010895646320478226,1.538558978963299e-05,8.568634252923276e-107,3.2623888189546823e-11,0.0010741790096343016,False,False
75.05,0.0010770209020128077,1.5645179829950193e-05,5.3603564949332305e-107,3.3309410946812424e-11,0.0010613756888734464,False,False
75.10000000000001,0.0010645295493517087,1.5908815484269587e-05,3.351798926838412e-107,3.4008958534723934e-11,0.0010486206998584797,False,False
75.15,0.0010520925714222003,1.617655375320752e-05,2.0949055968993533e-107,3.472280969912259e-11,0.0010359159829461824,False,False
75.2,0.0010397119279636207,1.644845233651177e-05,1.3087393849997655e-107,3.5451248553855466e-11,0.00102326344017586,False,False
75.25,0.0010273895408162267,1.672456963993707e-05,8.172296275708374e-108,3.6194564680618475e-11,0.0010106649349817243,False,False
75.3,0.0010151272936630468,1.7004964782162196e-05,5.1007877160613656e-108,3.6953053230586707e-11,0.000998122291927832,False,False
75.35000000000001,0.0010029270317942404,1.728969760174776e-05,3.182237664232282e-108,3.7727015027862355e-11,0.0009856372964654769,False,False
75.4,0.000990790561893814,1.7578828664133633e-05,1.9844044371826092e-108,3.8516756674769226e-11,0.0009732116947129231,False,False
75.45,0.0009787196518485457,1.7872419268678055e-05,1.2368868802264875e-108,3.9322590659029304e-11,0.0009608471932572765,False,False
75.5,0.0009667160305789793,1.817053145573535e-05,7.706053008104382e-109,4.0144835462849114e-11,0.0009485454589784086,False,False
75.55,0.0009547813878922967,1.8473228013774285e-05,4.798839411308047e-109,4.098381567395148e-11,0.0009363081188947066,False,False
75.60000000000001,0.0009429173743568764,1.8780572486535902e-05,2.987051135654532e-109,4.18398620985857e-11,0.0009241367600304773,False,False
75.65,0.0009311256011983722,1.909262918022994e-05,1.8584518498657866e-109,4.2713311876546634e-11,0.0009120329293048295,False,False
75.7,0.0009194076402170463,1.940946317077155e-05,1.155745431425178e-109,4.3604508598242895e-11,0.0008999981334417653,False,False
75.75,0.0009077650237261916,1.973114031105588e-05,7.184148037330476e-110,4.45138024238429e-11,0.0008880338389013326,False,False
75.8,0.0008961992445113711,2.0057727238271168e-05,4.463654545939077e-110,4.544155020453713e-11,0.0008761414718315497,False,False
75.85000000000001,0.0008847117558102391,2.038929138125073e-05,2.772094906424942e-110,4.638811560595335e-11,0.0008643224180408715,False,False
75.9,0.0008733039713126931,2.072590096786173e-05,1.7207898247483066e-110,4.735386923375733e-11,0.0008525780229909621,False,False
75.95,0.0008619772651810736,2.1067625032432878e-05,1.0677013196719908e-110,4.8339188761482614e-11,0.0008409095918094511,False,False
76.0,0.000850732972090145,2.1414533423218525e-05,6.621767764881158e-111,4.93444590606205e-11,0.0008293183893224676,False,False
76.05,0.0008395723872865806,2.176669680989971e-05,4.104878687521099e-111,5.037007233301207e-11,0.0008178056401066092,False,False
76.10000000000001,0.0008284967666676229,2.212418669112235e-05,2.5434834962680514e-111,5.141642824558079e-11,0.0008063725285600713,False,False
76.15,0.0008175073268786467,2.2487075402070746e-05,1.5752871734149565e-111,5.248393406744384e-11,0.0007950201989926416,False,False
76.2,0.0008066052454292822,2.285543612207825e-05,9.751979178132776e-112,5.3573004809445755e-11,0.000783749755734199,False,False
76.25,0.0007957916608277944,2.3229342882272374e-05,6.034315448308692e-112,5.4684063366149836e-11,0.0007725622632614585,False,False
76.3,0.0007850676727333756,2.3608870573255214e-05,3.7322048193063623e-112,5.5817540660334175e-11,0.0007614587463425802,False,False
76.35000000000001,0.0007744343421260169,2.3994094952819124e-05,2.3073057312014526e-112,5.69738757900307e-11,0.0007504401901993215,False,False
76.4,0.0007638926914936116,2.438509265369558e-05,1.4257620015492859e-112,5.815351617815127e-11,0.0007395075406863991,False,False
76.45,0.0007534437050359219,2.4781941191339318e-05,8.806252684519013e-113,5.935691772474587e-11,0.0007286617044876645,False,False
76.5,0.0007430883288850811,2.518471897174496e-05,5.436726242377352e-113,6.058454496193452e-11,0.0007179035493287911,False,False
76.55,0.0007328274713422314,2.5593505299296654e-05,3.354949624675134e-113,6.183687121155927e-11,0.0007072339042060638,False,False
76.60000000000001,0.0007226620031299418,2.600838038465071e-05,2.0693633701670998e-113,6.311437874560163e-11,0.0006966535596309117,False,False
76.65,0.0007125927576600342,2.6429425352649594e-05,1.2758209427710162e-113,6.441755894940957e-11,0.0006861632678898254,False,False
76.7,0.0007026205313164083,2.685672225026839e-05,7.862214931126151e-114,6.574691248778866e-11,0.0006757637433192269,False,False
76.75,0.0006927460837525105,2.729035405459166e-05,4.842864443562939e-114,6.710294947399385e-11,0.0006654556625949693,False,False
76.80000000000001,0.000682970138203038,2.773040468082092e-05,2.9816861595435428e-114,6.848618964167965e-11,0.0006552396650360262,False,False
76.85000000000001,0.000673293381809483,2.8176958990312114e-05,1.8349480006634443e-114,6.989716251985288e-11,0.0006451163529220076,False,False
76.9,0.0006637164659591158,2.8630102798643196e-05,1.12872412972e-114,7.133640761088308e-11,0.0006350862918240639,False,False
76.95,0.0006542400066370125,2.908992288370978e-05,6.939913748745966e-115,7.280447457161457e-11,0.000625150010948828,False,False
77.0,0.0006448645847907221,2.9556506993849856e-05,4.265034535299328e-115,7.430192339763873e-11,0.0006153080034949491,False,False
77.05000000000001,0.0006355907467071505,3.002994385599583e-05,2.6199514708027275e-115,7.582932461077453e-11,0.0006055607270218292,False,False
77.10000000000001,0.0006264190044012759,3.051032318385371e-05,1.6086670172592572e-115,7.738725944981035e-11,0.0005959086038301616,False,False
77.15,0.0006173498360162543,3.099773568611002e-05,9.872821468663364e-116,7.897632006456906e-11,0.0005863520213538237,False,False
77.2,0.0006083836862345363,3.149227307466299e-05,6.056456824353134e-116,8.059710971333841e-11,0.0005768913325627631,False,False
77.25,0.0005995209666995499,3.199402807288055e-05,3.713626165381602e-116,8.22502429637346e-11,0.0005675268563764263,False,False
77.30000000000001,0.0005907620564475563,3.2503094423882305e-05,2.2760403459221605e-116,8.393634589704738e-11,0.000558258878087327,False,False
77.35000000000001,0.0005821073023492561,3.30195668988453e-05,1.394324777989501e-116,8.565605631613043e-11,0.0005490876497943535,False,False
77.4,0.0005735570195607238,3.354354130533455e-05,8.537882027619403e-117,8.741002395689178e-11,0.0005400133908453647,False,False
77.45,0.0005651114919832723,3.407511449565463e-05,5.225628959286711e-117,8.919891070344793e-11,0.0005310362882887066,False,False
77.5,0.0005567709727318182,3.461438437522438e-05,3.19690113410511e-117,9.102339080699232e-11,0.0005221564973332032,False,False
77.55000000000001,0.0005485356846113435,3.5161449910972394e-05,1.9548887944520666e-117,9.288415110845365e-11,0.0005133741418162195,False,False
77.60000000000001,0.0005404058206010426,3.5716411139752704e-05,1.1948602800672367e-117,9.47818912649952e-11,0.0005046893146793978,False,False
77.65,0.0005323815443457289,3.627936917678185e-05,7.299857918578842e-118,9.671732398042419e-11,0.0004961020784516226,False,False
77.7,0.0005244629906541211,3.6850426224092934e-05,4.45773149471399e-118,9.869117523957296e-11,0.00048761246573885255,False,False
77.75,0.000516650266003575,3.742968557900964e-05,2.7209190419605826e-118,1.0070418454671731e-10,0.00047922047972038037,False,False
77.80000000000001,0.0005089434490508707,3.801725164263673e-05,1.6600438110300225e-118,1.0275710516810042e-10,0.00047092609465112806,False,False
77.85000000000001,0.0005013425911486609,3.861322992836711e-05,1.0123383640870118e-118,1.0485070437862553e-10,0.00046272925636958864,False,False
77.9,0.0004938477168671553,3.9217727070406384e-05,6.170694653432789e-119,1.0698576371279379e-10,0.00045462988281098476,False,False
77.95,0.00048645882452068084,3.983085083231039e-05,3.7596259059551575e-119,1.0916307921994504e-10,0.00044662786452529104,False,False
78.0,0.0004791758866987009,4.045271011553805e-05,2.2895884522237135e-119,1.1138346172388326e-10,0.00043872306519970113,False,False
78.05000000000001,0.000471998850800915,4.108341496801779e-05,1.393710057958109e-119,1.1364773708695088e-10,0.00043091532218515977,False,False
78.10000000000001,0.0004649276395760608,4.17230765927247e-05,8.479879054036014e-120,1.1595674647862617e-10,0.00042320444702658914,False,False
78.15,0.00045796215166401855,4.237180735627218e-05,5.1571420940488096e-120,1.1831134664872383e-10,0.0004155902259963996,False,False
78.2,0.000451102262140873,4.302972079751137e-05,3.134950969246604e-120,1.207124102052623e-10,0.0004080724206309511,False,False
78.25,0.00044434782306653354,4.369693163614179e-05,1.9048229883637243e-120,1.2316082589708303e-10,0.0004006507682695657,False,False
78.30000000000001,0.0004376986640345665,4.4373555781330867e-05,1.1568597475885447e-120,1.2565749890129742e-10,0.00039332498259573613,False,False
78.35000000000001,0.0004311545927238727,4.505971034033966e-05,7.022779172370542e-121,1.2820335111563366e-10,0.0003860947541801811,False,False
78.4,0.00042471539545184373,4.575551362715812e-05,4.261274687860353e-121,1.3079932145577573e-10,0.00037895975102536375,False,False
78.45,0.00041838083772867147,4.646108517114365e-05,2.5844745736835046e-121,1.3344636615776027e-10,0.0003719196191111614,False,False
78.5,0.0004121506648124419,4.717654572566577e-05,1.5667770921671845e-121,1.3614545908552514e-10,0.0003649739829413169,False,False
78.55000000000001,0.0004060246022646893,4.790201727675503e-05,9.493893989242396e-122,1.3889759204368802e-10,0.000358122446090342,False,False
78.60000000000001,0.00040000235650607845,4.8637623051752256e-05,5.750210701055092e-122,1.4170377509564004e-10,0.0003513645917505506,False,False
78.65,0.00039408361537187,4.938348752796366e-05,3.4811709823121213e-122,1.4456503688704274e-10,0.0003446999832788693,False,False
78.7,0.00038826804866687927,5.0139736441312475e-05,2.1065373637888915e-122,1.4748242497481273e-10,0.00033812816474314153,False,False
78.75,0.0003825553087195851,5.090649679499265e-05,1.2741342619019195e-122,1.5045700616168303e-10,0.00033164866146758614,False,False
78.80000000000001,0.00037694503093510106,5.168389686812043e-05,7.703062780630914e-123,1.534898668364334e-10,0.00032526098057711274,False,False
78.85000000000001,0.0003714368343466985,5.247206622438189e-05,4.654937950652353e-123,1.5658211331987812e-10,0.00031896461154020224,False,False
78.9,0.00036603032216558657,5.3271135720679614e-05,2.8116843970329798e-123,1.597348722167081e-10,0.0003127590267100344,False,False
78.95,0.0003607250823286708,5.408123751577154e-05,1.6975456461917332e-123,1.629492907732742e-10,0.0003066436818636087,False,False
79.0,0.00035552068804399944,5.490250507890481e-05,1.0244212224712338e-123,1.6622653724141658e-10,0.0003006180167385573,False,False
79.05000000000001,0.0003504166983336261,5.5735073198443205e-05,6.179280196422337e-124,1.6956780124842902e-10,0.0002946814555673813,False,False
79.10000000000001,0.00034541265857363537,5.657907799048321e-05,3.7256274584804694e-124,1.729742941732583e-10,0.0002888334076088576,False,False
79.15,0.0003405081010310457,5.7434656907464554e-05,2.2452421086613122e-124,1.7644724952904813e-10,0.00028307326767633136,False,False
79.2,0.0003357025453973646,5.830194874676566e-05,1.3524746921119656e-124,1.7998792335211128e-10,0.00027740041666267547,False,False
79.25,0.00033099549931853704,5.918109365928933e-05,8.143241815151023e-125,1.8359759459745047e-10,0.00027181422206165286,False,False
79.30000000000001,0.0003263864589210467,6.007223315803448e-05,4.900808484585712e-125,1.8727756554092063e-10,0.00026631403848544625,False,False
79.35000000000001,0.00032187490933395697,6.097551012665121e-05,2.948087347638727e-125,1.9102916218814242e-10,0.0002608992081781432,False,False
79.4,0.00031746032520664225,6.189106882798295e-05,1.7726180943543095e-125,1.948537346902802e-10,0.00025556906152492413,False,False
79.45,0.00031314217122201994,6.2819054912589e-05,1.0653497910632693e-125,1.987526577667846e-10,0.000250322917556773,False,False
79.5,0.00030891990260506215,6.375961542724795e-05,6.399874941359603e-126,2.027273311352175e-10,0.0002451600844504834,False,False
79.55000000000001,0.00030479296562638665,6.47128988234427e-05,3.842845868598014e-126,2.0677917994826464e-10,0.00024007986002376317,False,False
79.60000000000001,0.00030076079810073477,6.567905496582144e-05,2.306410782659348e-126,2.1090965523806037e-10,0.00023508153222525786,False,False
79.65,0.00029682282988015805,6.665823514063882e-05,1.3836382817084521e-126,2.1512023436793433e-10,0.00023016437961928464,False,False
79.7,0.00029297848334171973,6.765059206417016e-05,8.296801400399105e-127,2.1941242149169615e-10,0.00022532767186512798,False,False
79.75,0.0002892271738695585,6.86562798911006e-05,4.972800488694005e-127,2.237877480205867e-10,0.0002205706701907098,False,False
79.80000000000001,0.0002855683103311349,6.967545422288809e-05,2.97915837971073e-127,2.282477730979975e-10,0.0002158926278604733,False,False
79.85000000000001,0.0002820012955475182,7.070827211609497e-05,1.7839733579211481e-127,2.3279408408210846e-10,0.00021129279063733882,False,False
79.9,0.0002785255267575506,7.175489209069289e-05,1.0677887777366755e-127,2.374282970365509e-10,0.00020677039723856038,False,False
79.95,0.00027514039607576,7.281547413833383e-05,6.388289011714503e-128,2.421520572292227e-10,0.0002023246797853692,False,False
80.0,0.00027184529094388254,7.389017973058745e-05,3.820198898402514e-128,2.4696703963939384e-10,0.0001979548642462555,False,False
80.05000000000001,0.0002686395945758613,7.497917182714598e-05,2.2834400284893086e-128,2.518749494732276e-10,0.00019366017087376505,False,False
80.10000000000001,0.0002655226863962137,7.608261488398915e-05,1.364254705842189e-128,2.568775226878387e-10,0.00018943981463470161,False,False
80.15,0.00026249394247164606,7.720067486151578e-05,8.147108999804471e-129,2.6197652652405416e-10,0.00018529300563360367,False,False
80.2,0.0002595527359358089,7.833351923263253e-05,4.863106815014144e-129,2.6717376004797474e-10,0.0001812189495294159,False,False
80.25,0.00025669843740709755,7.94813169908021e-05,2.90152492910728e-129,2.7247105470150545e-10,0.00017721684794524164,False,False
80.30000000000001,0.0002539304153994145,8.06442386580501e-05,1.7303781380760923e-129,2.778702748619785e-10,0.00017328589887108902,False,False
80.35000000000001,0.0002512480367257797,8.182245629292546e-05,1.0314731998119394e-129,2.833733184110156e-10,0.00016942529705953535,False,False
80.4,0.0002486506668947499,8.301614349841708e-05,6.14578117766083e-130,2.889821173127835e-10,0.0001656342344142151,False,False
80.45,0.0002461376704995421,8.422547542982158e-05,3.660146370012212e-130,2.94698638201775e-10,0.00016191190037108242,False,False
80.5,0.00024370841159981462,8.545062880256091e-05,2.178823391741167e-130,3.005248829802746e-10,0.00015825748227237094,False,False
80.55000000000001,0.00024136225409603497,8.669178189995078e-05,1.2964262641777436e-130,3.06462889425655e-10,0.00015467016573319484,False,False
80.60000000000001,0.00023909856209639494,8.794911458091384e-05,7.710380809548099e-131,3.125147318076506e-10,0.00015114913500074967,False,False
80.65,0.0002369167002762123,8.922280828764095e-05,4.58359303649041e-131,3.186825215157984e-10,0.00014769357330605035,False,False
80.7,0.0002348160342297891,9.051304605319432e-05,2.7235696723779194e-131,3.2496840769714863e-10,0.00014430266320818739,False,False
80.75,0.00023279593081468875,9.18200125090525e-05,1.617607470089513e-131,3.3137457790445036e-10,0.00014097558693105784,False,False
80.80000000000001,0.0002308557584883994,9.314389389259648e-05,9.603068212310551e-132,3.3790325875496185e-10,0.00013771152669254366,False,False
80.85000000000001,0.0002289948876373759,9.448487805453243e-05,5.698349720432432e-132,3.4455671660002957e-10,0.00013450966502612664,False,False
80.9,0.00022721269089841874,9.5843154466253e-05,3.37979532275663e-132,3.513372582056488e-10,0.0001313691850949073,False,False
80.95,0.00022550854347240146,9.721891422713184e-05,2.003705625727446e-132,3.582472314441284e-10,0.00012828927099803797,False,False
81.0,0.00022388182343032948,9.861235007175027e-05,1.1873524429616252e-132,3.6528902599705584e-10,0.00012526910806955337,False,False
81.05000000000001,0.00022233191201173136,0.00010002365637705628,7.032789172275801e-133,3.724650740697363e-10,0.00012230788316960138,False,False
81.10000000000001,0.00022085819391539022,0.0001014530291694507,4.1636840070758574e-133,3.7977785111727734e-10,0.00011940478496808863,False,False
81.15,0.00021946005758241455,0.00010290066613180214,2.463940079035612e-133,3.8722987658250676e-10,0.00011655900422073642,False,False
81.2,0.00021813689547168225,0.00010436676661038643,1.4574200409788356e-133,3.948237146458919e-10,0.0001137697340375817,False,False
81.25,0.00021688810432765466,0.00010585153162174767,8.616711416076666e-134,4.0256197498766484e-10,0.00011103617014393242,False,False
81.30000000000001,0.0002157130854406015,0.00010735516385948267,5.092142806968271e-134,4.1044731356232297e-10,0.00010835751113380532,False,False
81.35000000000001,0.0002146112448992586,0.00010887786770094213,3.0078890800934824e-134,4.184824333857002e-10,0.00010573295871588311,False,False
81.4,0.00021358199383594972,0.00011041984921385196,1.775927674568188e-134,4.26670085334823e-10,0.00010316171795201233,False,False
81.45,0.0002126247486642137,0.00011198131616284755,1.0480715895751021e-134,4.350130689607057e-10,0.00010064299748829677,False,False
81.5,0.00021173893130897416,0.00011356247801592083,6.182424733602978e-135,4.4351423331432487e-10,9.817600977882006e-05,False,False
81.55000000000001,0.00021092396942930326,0.0001151635459507801,3.645263632452338e-135,4.5217647778594957e-10,9.575997130204548e-05,False,False
81.60000000000001,0.00021017929663382016,0.00011678473286111687,2.1483313370416992e-135,4.610027529580261e-10,9.339410276995085e-05,False,False
81.65,0.00020950435268878432,0.0001184262533627822,1.2655397762245312e-135,4.699960614718754e-10,9.107762932994133e-05,False,False
81.7,0.00020889858371893528,0.00012008832379986491,7.45165177608562e-136,4.79159458908334e-10,8.880978075961195e-05,False,False
81.75,0.00020836144240114456,0.00012177116225067506,4.385625256292611e-136,4.884960546826139e-10,8.658979165441412e-05,False,False
81.80000000000001,0.00020789238815093053,0.0001234749885336257,2.5799583952847687e-136,4.980090129535821e-10,8.44169016082917e-05,False,False
81.85000000000001,0.00020749088730192885,0.00012520002421301398,1.5170367494737447e-136,5.077015535476552e-10,8.229035538736128e-05,False,False
81.9,0.00020715641327835024,0.0001269464926047002,8.916239305195921e-137,5.175769528975731e-10,8.020940309669704e-05,False,False
81.95,0.0002068884467605311,0.00012871461878167796,5.238048874782649e-137,5.276385449962449e-10,7.817330034030784e-05,False,False
82.0,0.00020668647584363588,0.0001305046295795386,3.075810621644398e-137,5.378897223659008e-10,7.618130837437532e-05,False,False
82.05000000000001,0.00020654999618959546,0.00013231675360182412,1.8053102749979144e-137,5.483339370428147e-10,7.423269425383464e-05,False,False
82.10000000000001,0.00020647851117235302,0.00013415122122526665,1.0591228340192855e-137,5.58974701577746e-10,7.23267309723853e-05,False,False
82.15,0.00020647153201651324,0.00013600826460491655,6.210735358532076e-138,5.698155900524906e-10,7.0462697596007e-05,False,False
82.2,0.00020652857792946867,0.00013788811767915013,3.640339875200191e-138,5.808602391126117e-10,6.863987939007967e-05,False,False
82.25,0.00020664917622709788,0.0001397910161745598,2.1327652555631533e-138,5.921123490167167e-10,6.685756794018928e-05,False,False
82.30000000000001,0.00020683286245311994,0.0001417171976107221,1.2489538672486684e-138,6.035756847024834e-10,6.511506126671267e-05,False,False
82.35000000000001,0.00020707918049219672,0.00014366690130484096,7.310581998718829e-139,6.152540768696812e-10,6.341166393327878e-05,False,False
82.4,0.00020738768267688397,0.00014564036837626848,4.277201633459227e-139,6.271514230804864e-10,6.174668714919256e-05,False,False
82.45,0.00020775792988851063,0.00014763784175089262,2.5013226224662552e-139,6.392716888772875e-10,6.0119448865929036e-05,False,False
82.5,0.00020818949165209592,0.00014965956616539764,1.462116282666919e-139,6.516189089183017e-10,5.852927386778925e-05,False,False
82.55000000000001,0.00020868194622539722,0.00015170578817139013,8.542723145938413e-140,6.641971881312354e-10,5.6975493856818764e-05,False,False
82.60000000000001,0.00020923488068218463,0.00015377675613938767,4.988993818832525e-140,6.770107028852641e-10,5.545744753209399e-05,False,False
82.65,0.00020984789098984672,0.00015587272026267452,2.912271200571555e-140,6.900637021816297e-10,5.397448066347063e-05,False,False
82.7,0.0002105205820814282,0.00015799393256101272,1.6992327929819866e-140,7.03360508863115e-10,5.252594615990703e-05,False,False
82.75,0.00021125256792219562,0.0001601406468842133,9.910057212932812e-141,7.169055208426491e-10,5.111120413246092e-05,False,False
82.80000000000001,0.00021204347157083824,0.00016231311891556043,5.77699056707016e-141,7.307032123514065e-10,4.972962195206551e-05,False,False
82.85000000000001,0.00021289292523541908,0.00016451160617508913,3.366118267530175e-141,7.447581352065858e-10,4.838057430219497e-05,False,False
82.9,0.00021380057032415362,0.0001667363680227148,1.9604659271896305e-141,7.590749200992946e-10,4.7063443226518536e-05,False,False
82.95,0.00021476605749114498,0.00016898766566120812,1.1412779913611127e-141,7.736582779026942e-10,4.577761817165861e-05,False,False
83.0,0.00021578904667717426,0.0001712657621390175,6.640882583847737e-142,7.885130010008134e-10,4.4522496025156027e-05,False,False
83.05000000000001,0.000216869207145647,0.00017357092235293232,3.862445607837655e-142,8.036439646382935e-10,4.329748114875055e-05,False,False
83.10000000000001,0.00021800621751380303,0.00017590341305058566,2.245438513017465e-142,8.190561282913806e-10,4.2101985407088503e-05,False,False
83.15,0.0002191997657792993,0.0001782635028328025,1.3047946687618293e-142,8.347545370604919e-10,4.093542819195981e-05,False,False
83.2,0.00022044954934227545,0.00018065146215577254,7.578537353693495e-143,8.507443230846607e-10,3.9797236442180205e-05,False,False
83.25,0.0002217552750229944,0.00018306756333306488,4.399778702891765e-143,8.670307069781856e-10,3.868684465922259e-05,False,False
83.30000000000001,0.00022311665907517452,0.00018551208053746803,2.553162673225187e-143,8.836189992898274e-10,3.7603694918706894e-05,False,False
83.35000000000001,0.00022453342719512,0.00018798528980265884,1.480908941994275e-143,9.005146019848555e-10,3.654723687785924e-05,False,False
83.4,0.00022600531452675516,0.0001904874690247014,8.585793524352627e-144,9.177230099503422e-10,3.5516927779043536e-05,False,False
83.45,0.0002275320656626539,0.00019301889796336197,4.9754772001059444e-144,9.352498125239698e-10,3.4512232449479e-05,False,False
83.5,0.00022911343464119272,0.00019557985824324983,2.8819819496813704e-144,9.531006950467457e-10,3.353262329724754e-05,False,False
83.55000000000001,0.00023074918493991192,0.00019817063335477337,1.668591350833943e-144,9.712814404399658e-10,3.2577580303697995e-05,False,False
83.60000000000001,0.00023243908946519762,0.0002007915086549102,9.65630412514019e-145,9.89797930806777e-10,3.164659101235637e-05,False,False
83.65,0.00023418293053838744,0.00020344277136779645,5.585654878489101e-145,1.0086561490587364e-09,3.073915051444264e-05,False,False
83.7,0.00023598049987840446,0.00020612471058511865,3.229531144186645e-145,1.0278621805676537e-09,2.985476143110506e-05,False,False
83.75,0.00023783159858100592,0.0002088376172663185,1.8664100802750964e-145,1.047422214843172e-09,2.899293389247266e-05,False,False
83.80000000000001,0.0002397360370947779,0.00021158178423860078,1.0781442756093004e-145,1.067342547236422e-09,2.8153185513629763e-05,False,False
83.85000000000001,0.0002416936351939391,0.0002143575061967412,6.225136905231112e-146,1.0876295806701103e-09,2.7335041367617477e-05,False,False
83.9,0.0002437042219480909,0.00021716507970270351,3.5927181529600032e-146,1.1082898273955052e-09,2.6538033955559693e-05,False,False
83.95,0.00024576763568897214,0.0002200048031850421,2.0725241761913806e-146,1.1293299107766182e-09,2.5761703174019032e-05,False,False
84.0,0.00024788372397435487,0.00022287697693810772,1.1950285417933656e-146,1.1507565671020334e-09,2.50055962796796e-05,False,False
84.05000000000001,0.0002500523435491473,0.0002257819031210442,6.88746121630559e-147,1.172576647424787e-09,2.4269267851455484e-05,False,False
84.10000000000001,0.0002522733603038124,0.0002287198857565682,3.967731453885715e-147,1.194797119430668e-09,2.3552279750124505e-05,False,False
84.15,0.0002545466492301976,0.000231691230729549,2.284691626521776e-147,1.2174250693354073e-09,2.2854201075579803e-05,False,False
84.2,0.0002568720943748615,0.0002346962457853597,1.3149678213862685e-147,1.2404677038111305e-09,2.217460812179886e-05,False,False
84.25,0.0002592495887899913,0.0002377352405280179,7.564929348021502e-148,1.2639323519424954e-09,2.151308432962114e-05,False,False
84.30000000000001,0.0002616790344819996,0.00024080852641810544,4.350075984269744e-148,1.2878264672130311e-09,2.0869220237427263e-05,False,False
84.35000000000001,0.0002641603423578999,0.00024391641677045718,2.5002936927243247e-148,1.3121576295218804e-09,2.0242613429812938e-05,False,False
84.4,0.0002666934321695292,0.00024705922675163797,1.4364397786418656e-148,1.3369335472318222e-09,1.963286848434417e-05,False,False
84.45,0.0002692782324557228,0.0002502372733771772,8.2487100308797e-149,1.3621620592484666e-09,1.903959691648638e-05,False,False
84.5,0.0002719146804825094,0.0002534508755085798,4.7346389477232075e-149,1.3878511371315556e-09,1.846241712279204e-05,False,False
84.55000000000001,0.0002746027221814248,0.00025670035385010433,2.7163761667345454e-149,1.4140088872385623e-09,1.7900954322433145e-05,False,False
84.60000000000001,0.00027734231208601315,0.00025998603094529556,1.5577407175920986e-149,1.4406435529010984e-09,1.7354840497164208e-05,False,False
84.65,0.00028013341326660573,0.0002633082311732936,8.928996410221321e-150,1.4677635166347229e-09,1.682371432979579e-05,False,False
84.7,0.000282975997263452,0.000266667280744887,5.115785661811455e-150,1.495377302382441e-09,1.6307221141263306e-05,False,False
84.75,0.00028587004401827587,0.0002700635076983296,2.929707400133845e-150,1.5234935777925328e-09,1.5805012826368818e-05,False,False
84.80000000000001,0.00028881554180434135,0.0002734972418949107,1.677020499667037e-150,1.552121156531132e-09,1.531674778827443e-05,False,False
84.85000000000001,0.00029181248715509384,0.0002769688150142682,9.595214999761153e-151,1.5812690006300326e-09,1.4842090871825345e-05,False,False
84.9,0.0002948608847914631,0.0002804785605494644,5.487483976233605e-151,1.6109462228703277e-09,1.4380713295775303e-05,False,False
84.95,0.0002979607475478718,0.00028402681380179233,3.1368520485951845e-151,1.6411620892022601e-09,1.3932292583990959e-05,False,False
85.0,0.0003011120962970614,0.0002876139118753347,1.7923260685639398e-151,1.6719260212018964e-09,1.3496512495705422e-05,False,False
85.05000000000001,0.00030431495987375137,0.0002912401936712614,1.0236281560365583e-151,1.703247598565122e-09,1.3073062954891708e-05,False,False
85.10000000000001,0.00030756937499724603,0.00029490599988185807,5.843454146483857e-152,1.735136561639429e-09,1.2661639978826064e-05,False,False
85.15,0.0003108753861930261,0.0002986116729843048,3.3342585500223206e-152,1.7676028139941976e-09,1.2261945605906406e-05,False,False
85.2,0.0003142330457133902,0.000302357557234172,1.9016523401389278e-152,1.8006564250298111e-09,1.1873687822793936e-05,False,False
85.25,0.0003176424134572281,0.0003061439986586553,1.0840896210255676e-152,1.8343076326262896e-09,1.1496580490940575e-05,False,False
85.30000000000001,0.0003211035568889502,0.00030997134504953927,6.177339446115585e-153,1.8685668458319863e-09,1.1130343272564843e-05,False,False
85.35000000000001,0.0003246165509566606,0.0003138399459558755,3.51835746977439e-153,1.9034446475928366e-09,1.077470155613808e-05,False,False
85.4,0.0003281814780096359,0.00031775015267639995,2.0029987285473303e-153,1.938951797522874e-09,1.0429386381438493e-05,False,False
85.45,0.0003317984277151256,0.000321702318251658,1.1397867411763736e-153,1.97509923471646e-09,1.0094134364232782e-05,False,False
85.5,0.0003354674969745707,0.00032569679745585,6.482891353371007e-154,2.0118980806028473e-09,9.768687620640256e-06,False,False
85.55000000000001,0.0003391887898392727,0.00032973394678839705,3.685667064008143e-154,2.0493596418437766e-09,9.452793691234064e-06,False,False
85.60000000000001,0.0003429624174255545,0.0003338141244652081,2.0944291597261952e-154,2.087495413274507e-09,9.146205464933392e-06,False,False
85.65,0.00034678849782949123,0.0003379376904096734,1.1896452240473646e-154,2.1263170808891732e-09,8.848681102736442e-06,False,False
85.7,0.0003506671560412239,0.0003421050062433537,6.75416196441285e-155,2.165836524870797e-09,8.559983961345891e-06,False,False
85.75,0.0003545985238589333,0.0003463164352763768,3.832901792582238e-155,2.2060658226667873e-09,8.279882516734031e-06,False,False
85.80000000000001,0.0003585827398024898,0.0003505723424975434,2.1741331026250155e-155,2.2470172521104785e-09,8.00815028769444e-06,False,False
85.85000000000001,0.00036261994902684155,0.00035487309456412125,1.2326698704935905e-155,2.2887032945893326e-09,7.74456575942635e-06,False,False
85.9,0.0003667103032351852,0.0003592190597913533,6.985695462884074e-156,2.3311366382605854e-09,7.488912307193918e-06,False,False
85.95,0.0003708539605919367,0.00036361060814165097,3.957079108525659e-156,2.374330181314832e-09,7.240978120104417e-06,False,False
86.0,0.00037505108563556163,0.00036804811121348053,2.240484955210311e-156,2.4182970352882885e-09,7.000556125045126e-06,False,False
86.05000000000001,0.0003793018491912965,0.0003725319422299498,1.267977499632207e-156,2.4630505284244924e-09,6.767443910818418e-06,False,False
86.10000000000001,0.00038360642828379085,0.00037706247602706814,7.172710090948309e-157,2.508604209085941e-09,6.54144365251358e-06,False,False
86.15,0.0003879650060497116,0.0003816400890417112,4.055619701357569e-157,2.5549718492166084e-09,6.322362036150722e-06,False,False
86.2,0.00039237777165033907,0.00038626515929925836,2.2920990763030465e-157,2.602167447855808e-09,6.110010183633212e-06,False,False
86.25,0.00039684492018418865,0.0003909380664009124,1.2948270507622448e-157,2.650205234704256e-09,5.904203578041556e-06,False,False
86.30000000000001,0.00040136665259967873,0.0003956591915107037,7.311262169091703e-158,2.699099673743043e-09,5.7047619893011304e-06,False,False
86.35000000000001,0.0004059431756078871,0.00040042891734216554,4.1264364995040815e-158,2.7488654669061697e-09,5.511509400255422e-06,False,False
86.4,0.00041057470159542464,0.0004052476281446936,2.327877866091837e-158,2.799517557807522e-09,5.324273933173378e-06,False,False
86.45,0.00041526144853742735,0.00041011570968957107,1.3126454314038881e-158,2.851071135522887e-09,5.142887776720433e-06,False,False
86.5,0.0004200036399107231,0.0004150335492556653,7.398384316133574e-159,2.9035416384278994e-09,4.967187113419727e-06,False,False
86.55000000000001,0.0004248015046071847,0.000420001535614797,4.1680081463750854e-159,2.9569447580925687e-09,4.797012047629343e-06,False,False
86.60000000000001,0.0004296552768472745,0.00042502005901677066,2.347050566823437e-159,3.01129644323325e-09,4.632206534060717e-06,False,False
86.65,0.00043456519609384124,0.0004300895111740762,1.3210478529401457e-159,3.0666129037228712e-09,4.472618306860795e-06,False,False
86.7,0.0004395315069661449,0.0004352102852462492,7.432191106122239e-160,3.1229106146601705e-09,4.318098809281146e-06,False,False
86.75,0.00044455445915416277,0.00044038277582388827,4.179433338339944e-160,3.180206320498601e-09,4.168503123954498e-06,False,False
86.80000000000001,0.00044963430733317673,0.00044560737891233824,2.3492008683922223e-160,3.2385170392361195e-09,4.023689903798713e-06,False,False
86.85000000000001,0.0004547713110786542,0.00045088449191502063,1.319851646186736e-160,3.2978600666661893e-09,3.883521303567389e-06,False,False
86.9,0.0004599657347814742,0.000456214513616429,7.41194690843898e-161,3.358252980691351e-09,3.747862912064112e-06,False,False
86.95,0.0004652178475634535,0.00046159784416477005,4.160463314196164e-161,3.419713645699732e-09,3.6165836850378266e-06,False,False
87.0,0.0004705279231932444,0.00046703488505425315,2.334281937982783e-161,3.482260217005701e-09,3.4895558787744323e-06,False,False
87.05000000000001,0.0004758962400025803,0.00047252603910703605,1.3090828641297314e-161,3.545911145355393e-09,3.3666549843992524e-06,False,False
87.10000000000001,0.0004813230808028939,0.000478071710454808,7.338092501961137e-162,3.6106851814979324e-09,3.2477596629042933e-06,False,False
87.15,0.0004868087328023221,0.00048367230452002865,4.111510860478917e-162,3.676601380823485e-09,3.1327516809123167e-06,False,False
87.2,0.0004923534875231006,0.0004893282279968027,2.3026181159588105e-162,3.7436791080687355e-09,3.021515847190085e-06,False,False
87.25,0.0004979576407193572,0.0004950398888313941,1.2889753385041993e-162,3.8119380420909305e-09,2.9139399499211057e-06,False,False
87.30000000000001,0.0005036214922953179,0.0005008076962023895,7.212229118563572e-163,3.881398180711319e-09,2.809914694747778e-06,False,False
87.35000000000001,0.0005093453462239244,0.0005066320605004862,4.033635377313842e-163,3.9520798456289115e-09,2.709333643592176e-06,False,False
87.4,0.0005151295104658807,0.0005125133933079306,2.254893192234711e-163,4.024003687405671e-09,2.6120931542631218e-06,False,False
87.45,0.0005209742968891322,0.000518452107377583,1.259962237929816e-163,4.097190690523817e-09,2.518092320857356e-06,False,False
87.5,0.0005268800211887537,0.000524448616611614,7.037060722667376e-164,4.171662178516474e-09,2.427232914961039e-06,False,False
87.55000000000001,0.0005328470028073165,0.0005305033360398396,3.928504759404359e-164,4.2474398191725414e-09,2.3394193276572475e-06,False,False
87.60000000000001,0.0005388755648556493,0.0005366166817976762,2.192125854959313e-164,4.324545629816675e-09,2.2545585123447117e-06,False,False
87.65,0.000544966034034092,0.0005427890711037378,1.2226605532527872e-164,4.403001982665743e-09,2.172559928371554e-06,False,False
87.7,0.0005511187405541444,0.0005490209222370467,6.81629743277676e-165,4.482831610262293e-09,2.0933354854880708e-06,False,False
87.75,0.000557334018060612,0.0005553126545138796,3.7983360077386283e-165,4.56405761098646e-09,2.0167994891210474e-06,False,False
87.80000000000001,0.0005636122035541583,0.0005616646882642314,2.115633542638338e-165,4.646703454647175e-09,1.9428685864718264e-06,False,False
87.85000000000001,0.0005699536373143303,0.0005680774448079027,1.1778492861508558e-165,4.730792988153735e-09,1.8714617134398533e-06,False,False
87.9,0.0005763586628230308,0.000574551346430217,6.55452490245525e-166,4.816350441268954e-09,1.8025000423722064e-06,False,False
87.95,0.0005828276266884193,0.0005810868163573473,3.645817525105232e-166,4.903400432444802e-09,1.7359069306398753e-06,False,False
88.0,0.0005893608785692832,0.00058768427873127,2.026986490911998e-166,4.9919679747416775e-09,1.6716078700402268e-06,False,False
88.05000000000001,0.0005959587710998395,0.0005943441585843317,1.1264424176868735e-166,5.082078481832545e-09,1.6095304370248835e-06,False,False
88.10000000000001,0.000602621659814958,0.0006010668818134321,6.2570460815209616e-167,5.1737577740928515e-09,1.5496042437518167e-06,False,False
88.15,0.0006093499030758753,0.0006078528751538324,3.4740168977154684e-167,5.2670320847776256e-09,1.4917608899594748e-06,False,False
88.2,0.0006161438619962945,0.0006147025661525667,1.927954211487762e-167,5.361928066286657e-09,1.4359339156609224e-06,False,False
88.25,0.0006230039003689263,0.0006216163831414753,1.0694579659489629e-167,5.458472796519086e-09,1.3820587546549758e-06,False,False
88.30000000000001,0.0006299303845924804,0.0006285947552098452,5.929702976916655e-168,5.556693785318556e-09,1.3300726888510326e-06,False,False
88.35000000000001,0.0006369236835990484,0.000635638112176663,3.2862785758339154e-168,5.656618981009929e-09,1.2799148034040354e-06,False,False
88.4,0.0006439841687819206,0.0006427468845624887,1.820446947334081e-168,5.7582767770292894e-09,1.2315259426551716e-06,False,False
88.45,0.0006511122139238197,0.0006499215035609256,1.0079845931325887e-168,5.8616960186478056e-09,1.1848486668740827e-06,False,False
88.5,0.000658308195125518,0.0006571624010097111,5.57868676111588e-169,5.9669060097910925e-09,1.139827209797485e-06,False,False
88.55000000000001,0.0006655724907348872,0.0006644700093614084,3.0861162064946973e-169,6.073936519955368e-09,1.0964074369589653e-06,False,False
88.60000000000001,0.000672905481276306,0.000671844761653709,1.7064547999713144e-169,6.182817791221234e-09,1.0545368048044728e-06,False,False
88.65,0.0006803075493804805,0.0006792870914793478,9.431472853814017e-170,6.293580545367051e-09,1.0141643205873338e-06,False,False
88.7,0.0006877790797146462,0.0006867974329556194,5.210344804285349e-170,6.406255991082587e-09,9.752405030368382e-07,False,False
88.75,0.0006953204589131288,0.0006943762206935037,2.877104429122404e-170,6.5208758312844996e-09,9.3771734379369e-07,False,False
88.80000000000001,0.000702932075508272,0.0007020238897663951,1.5879872178667728e-170,6.6374722705350616e-09,9.015482696055597e-07,False,False
88.85000000000001,0.0007106143198617333,0.0007097408756784366,8.760736029808547e-171,6.75607802256527e-09,8.666881052757699e-07,False,False
88.9,0.000718367584096145,0.0007175276143324693,4.8309929407610505e-171,6.876726317904014e-09,8.33093037357631e-07,False,False
88.95,0.0007261922620270725,0.0007253845419975734,2.662774729032049e-171,6.999450911614248e-09,8.007205785871118e-07,False,False
89.0,0.000734088749095361,0.0007333120952762255,1.4670153770299735e-171,7.124286091138035e-09,7.695295330459766e-07,False,False
89.05000000000001,0.0007420574422997835,0.0007413107110710514,8.078618898646845e-172,7.2512666842513436e-09,7.394799620474599e-07,False,False
89.10000000000001,0.0007500987401299865,0.000749380826551183,4.44674056174092e-172,7.380428067130516e-09,7.105331507364327e-07,False,False
89.15,0.0007582130424998051,0.0007575228791182391,2.446519481528512e-172,7.511806172531654e-09,6.826515753956257e-07,False,False
89.2,0.0007664007506808302,0.0007657373063718821,1.3454196938966696e-172,7.64543749808432e-09,6.557988714496155e-07,False,False
89.25,0.0007746622672362742,0.0007740245460750021,7.395526511266721e-173,7.781359114701009e-09,6.299398021578609e-07,False,False
89.30000000000001,0.0007829979959551547,0.0007823850361184934,4.0633350248457286e-173,7.919608675104082e-09,6.050402279881051e-07,False,False
89.35000000000001,0.0007914083417867177,0.0007908192144856324,2.2315076540026023e-173,8.060224422471401e-09,5.810670766613069e-07,False,False
89.4,0.0007998937107751439,0.0007993275192160863,1.2249443124731755e-173,8.203245199202584e-09,5.579883138590463e-07,False,False
89.45,0.0008084545099945325,0.0008079103883694907,6.7210407105921695e-174,8.34871045580693e-09,5.357729145844876e-07,False,False
89.5,0.0008170911474840898,0.0008165682599886625,3.6860304801374876e-174,8.496660259914962e-09,5.143908351676209e-07,False,False
89.55000000000001,0.0008258040321836145,0.0008253015720624036,2.0206148197314104e-174,8.647135305414992e-09,4.938129859056465e-07,False,False
89.60000000000001,0.0008345935738691604,0.0008341107624879082,1.1071599345893607e-174,8.800176921716318e-09,4.7401120432917423e-07,False,False
89.65,0.0008434601830889699,0.0008429962690328023,6.063723706532165e-175,8.955827083140839e-09,4.5495822908485573e-07,False,False
89.7,0.0008524042710995991,0.0008519585292967564,3.3194846386584043e-175,9.114128418444512e-09,4.366276744251446e-07,False,False
89.75,0.0008614262498022532,0.000860997980672736,1.81636923630611e-175,9.27512422047031e-09,4.189940052956716e-07,False,False
89.80000000000001,0.0008705265316793092,0.0008701150603078427,9.934358489077354e-176,9.438858455934594e-09,4.0203251301081176e-07,False,False
89.85000000000001,0.0008797055297310485,0.0008793102050637663,5.430974123858434e-176,9.60537577534816e-09,3.8571929150797245e-07,False,False
89.9,0.000888963657412566,0.0008885838514768716,2.9676853652087487e-176,9.774721523074377e-09,3.7003121417104676e-07,False,False
89.95,0.0008983013285708228,0.0008979364357178629,1.6209148167329462e-176,9.946941747525304e-09,3.5494591121363005e-07,False,False
90.0,0.0009077189573819103,0.0009073683935510844,8.849214961542507e-177,1.0122083211498166e-08,3.40441747612419e-07,False,False
90.05000000000001,0.0009172169582884169,0.0009168801602934316,4.828936709906185e-177,1.0300193402653673e-08,3.264978015813685e-07,False,False
90.10000000000001,0.0009267957459369792,0.0009264721707728584,2.633907370050985e-177,1.0481320544137965e-08,3.1309384357711576e-07,False,False
90.15,0.0009364557351159695,0.0009361448592865398,1.435990931570448e-177,1.0665513605350386e-08,3.0021031582620493e-07,False,False
90.2,0.0009461973406932898,0.0009458986595586126,7.825374174811066e-178,1.0852822312858176e-08,2.878283123647629e-07,False,False
90.25,0.0009560209775542973,0.0009557340046975558,4.2624641947164603e-178,1.1043297161460744e-08,2.7592955958119573e-07,False,False
90.30000000000001,0.0009659270605398689,0.0009656513271531928,2.3206978006816706e-178,1.1236989425404784e-08,2.6449639725259917e-07,False,False
90.35000000000001,0.000975916004384529,0.0009756510586732935,1.262928177870197e-178,1.1433951169752297e-08,2.535117600656076e-07,False,False
90.4,0.000985988223654713,0.000985733630259839,6.869749976457165e-179,1.1634235261903905e-08,2.429591596124034e-07,False,False
90.45,0.0009961441326871107,0.0009958994721248739,3.735127447078486e-179,1.183789538327855e-08,2.3282266685278356e-07,False,False
90.5,0.0010063841455270758,0.0010061490136460017,2.0298882727026062e-179,1.2044986041152216e-08,2.2308689503311518e-07,False,False
90.55000000000001,0.001016708675867151,0.0010164826833215187,1.102658576204446e-179,1.2255562580657315e-08,2.1373698305317183e-07,False,False
90.60000000000001,0.0010271181369856136,0.001026900908725143,5.9870405615219345e-180,1.2469681196944773e-08,2.047585792718693e-07,False,False
90.65,0.0010376129416851218,0.0010374041164604316,3.249268175346982e-180,1.2687398947511247e-08,1.9613782574298454e-07,False,False
90.7,0.001048193502231411,0.0010479927321147776,1.7626298843371779e-180,1.2908773764692795e-08,1.8786134287208772e-07,False,False
90.75,0.0010588602302920296,0.0010586671802130744,9.557381386823889e-181,1.3133864468327574e-08,1.7991621448591211e-07,False,False
90.80000000000001,0.001069613536875101,0.0010694278841710172,5.179870715594338e-181,1.3362730778589717e-08,1.7228997330554093e-07,False,False
90.85000000000001,0.0010804538322681636,0.0010802752662480203,2.806087049630448e-181,1.3595433328995876e-08,1.649705868148454e-07,False,False
90.9,0.0010913815259770184,0.001091209747499823,1.519447063884227e-181,1.383203367958777e-08,1.579464435156952e-07,False,False
90.95,0.0011023970266645844,0.0011022317477306935,8.223794032353447e-182,1.4072594330291372e-08,1.5120633956160436e-07,False,False
91.0,0.0011135007420898105,0.001113341685445312,4.448986530233626e-182,1.4317178734456191e-08,1.447394657615058e-07,False,False
91.05000000000001,0.0011246930790465562,0.0011245399778002977,2.405759296426062e-182,1.4565851312576196e-08,1.3853539494550663e-07,False,False
91.10000000000001,0.0011359744433025174,0.0011358270405553666,1.3003057115074508e-182,1.481867746619467e-08,1.3258406968454183e-07,False,False
91.15,0.001147345239538142,0.001147203288024192,7.024913537238774e-183,1.507572359199581e-08,1.268757903559501e-07,False,False
91.2,0.0011588058712855194,0.0011586691330248765,3.793487978382704e-183,1.533705709608444e-08,1.2140120354713647e-07,False,False
91.25,0.0011703567408673067,0.0011702249868301106,2.0475695226012762e-183,1.5602746408456733e-08,1.1615129078953941e-07,False,False
91.30000000000001,0.0011819982493356058,0.0011818712591169962,1.1046910024137805e-183,1.5872860997664748e-08,1.1111735761527655e-07,False,False
91.35000000000001,0.0011937307964108284,0.001193608357916514,5.95724131182236e-184,1.6147471385674966e-08,1.062910229289243e-07,False,False
91.4,0.0012055547804205474,0.0012054366895627002,3.211084868361018e-184,1.6426649162927286e-08,1.0166420868699801e-07,False,False
91.45,0.0012174705982383478,0.0012173566586414655,1.7300577137446992e-184,1.6710467003591948e-08,9.722912987784177e-08,False,False
91.5,0.0012294786452225744,0.0012293686679390988,9.316903858404777e-185,1.6998998681030797e-08,9.297828479470407e-08,False,False
91.55000000000001,0.001241579315155141,0.0012414731183904642,5.01516068708893e-185,1.7292319083463367e-08,8.890444559492857e-08,False,False
91.60000000000001,0.0012537730001802186,0.0012536704090268492,2.6983625866651578e-185,1.7590504229840404e-08,8.50006491382828e-08,False,False
91.65,0.0012660600907429302,0.001265960936923547,1.4511689468237773e-185,1.7893631285928435e-08,8.126018809755462e-08,False,False
91.7,0.0012784409755280052,0.0012783450971470922,7.800776982116848e-186,1.8201778580606504e-08,7.767660233469618e-08,False,False
91.75,0.001290916041398361,0.0012908232827022015,4.191408242502009e-186,1.851502562237844e-08,7.424367053586521e-08,False,False
91.80000000000001,0.0013034856733336383,0.0013033958844784234,2.251045533804147e-186,1.8833453116103517e-08,7.095540209886408e-08,False,False
91.85000000000001,0.001316150254368702,0.0013160632911964592,1.2084002666183825e-186,1.9157142979946753e-08,6.780602926657485e-08,False,False
91.9,0.0013289101655320984,0.001328825889354236,6.483948557610178e-187,1.948617836255389e-08,6.478999950009824e-08,False,False
91.95,0.0013417657857843987,0.0013416840631726534,3.477527110573491e-187,1.9820643660450986e-08,6.19019680854462e-08,False,False
92.0,0.0013547174919565556,0.0013546381945410502,1.8642480775216384e-187,2.0160624535673394e-08,5.913679096771779e-08,False,False
92.05000000000001,0.0013677656586881495,0.0013676886629624078,9.98939299319274e-188,2.0506207933625987e-08,5.6489517806829025e-08,False,False
92.10000000000001,0.0013809106583655823,0.0013808358454982343,5.3502824520405807e-188,2.0857482101177074e-08,5.395538524896904e-08,False,False
92.15,0.0013941528610602494,0.0013940801167132341,2.864287029715392e-188,2.1214536604990175e-08,5.152981040806181e-08,False,False
92.2,0.0014074926344665633,0.0014074218486196618,1.5327050155118387e-188,2.157746235009468e-08,4.920838455164862e-08,False,False
92.25,0.0014209303438400035,0.0014208614106214219,8.197904152968877e-189,2.1946351598699563e-08,4.698686698568908e-08,False,False
92.30000000000001,0.0014344663519350418,0.0014343991694579224,4.382776354183256e-189,2.2321297989252446e-08,4.48611791329131e-08,False,False
92.35000000000001,0.0014481010189430037,0.001448035489147649,2.342059904113594e-189,2.2702396555746927e-08,4.28273987994533e-08,False,False
92.4,0.0014618347024298885,0.0014617707309315183,1.2509757870489977e-189,2.308974374728168e-08,4.088175462459738e-08,False,False
92.45,0.0014756677572741197,0.0014756052532159621,6.678855146089261e-190,2.3483437447873594e-08,3.902062070862088e-08,False,False
92.5,0.0014896005356041827,0.0014895394115157742,3.564161384463586e-190,2.3883576996528e-08,3.7240511413749656e-08,False,False
92.55000000000001,0.0015036333867362679,0.0015035735583967284,1.9011435585467356e-190,2.4290263207569817e-08,3.5538076333424165e-08,False,False
92.60000000000001,0.0015177666571117706,0.001517708043417954,1.0136188535187735e-190,2.4703598391237247e-08,3.391009542513371e-08,False,False
92.65,0.0015320006902347781,0.0015319432130741014,5.401777145822206e-191,2.512368637454315e-08,3.2353474302192375e-08,False,False
92.7,0.0015463358266094736,0.0015462794107372745,2.877404125445614e-191,2.5550632522405062e-08,3.086523967994253e-08,False,False
92.75,0.0015607724036774777,0.001560716976598746,1.532030023880556e-191,2.598454375904843e-08,2.944253497195882e-08,False,False
92.80000000000001,0.001575310755755096,0.0015752562476104744,8.153346637190224e-192,2.642552858968599e-08,2.808261603193773e-08,False,False
92.85000000000001,0.0015899512139705488,0.001589897557426394,4.337173069410284e-192,2.6873697122475438e-08,2.6782847037051676e-08,False,False
92.9,0.001604694106201137,0.0016046412363435367,2.306108911198494e-192,2.7329161090761236e-08,2.5540696508643115e-08,False,False
92.95,0.001619539757010279,0.00161948761124294,1.2256178887346592e-192,2.779203387560072e-08,2.4353733466239884e-08,False,False
93.0,0.0016344884875846013,0.0016344370055303605,6.510773452784529e-193,2.826243052857973e-08,2.321962371095671e-08,False,False
93.05000000000001,0.00164954061567086,0.0016494897390768278,3.4571027893486753e-193,2.8740467794921096e-08,2.2136126234450975e-08,False,False
93.10000000000001,0.0016646964555128785,0.001664646128158993,1.834823174136464e-193,2.922626413688799e-08,2.1101089749689294e-08,False,False
93.15,0.0016799563177884427,0.001679906485399342,9.733708959069814e-194,2.9719939757487845e-08,2.0112449339871126e-08,False,False
93.2,0.0016953205095460602,0.0016952711197062132,5.161366659146653e-194,3.0221616624478125e-08,1.9168223221953306e-08,False,False
93.25,0.001710789334141783,0.001710740336213671,2.7356043349845325e-194,3.0731418494678054e-08,1.8266509621297376e-08,False,False
93.30000000000001,0.0017263630911759258,0.001726314436221231,1.44925253974113e-194,3.124947093859122e-08,1.7405483754057222e-08,False,False
93.35000000000001,0.0017420420764296893,0.001741993717133411,7.674269963745783e-195,3.177590136533987e-08,1.658339491400581e-08,False,False
93.4,0.001757826581801903,0.0017577784723991968,4.0619286529885384e-195,3.2310839047917986e-08,1.5798563660582756e-08,False,False
93.45,0.0017737168952455735,0.001773668991451319,2.148966892474828e-195,3.285441514876317e-08,1.504937910503307e-08,False,False
93.5,0.0017897133007044699,0.001789665559645434,1.1363951570153716e-195,3.3406762745654035e-08,1.433429629158164e-08,False,False
93.55000000000001,0.0018058160780497063,0.0018057684581991801,6.00663495933928e-196,3.3968016857934707e-08,1.3651833670672542e-08,False,False
93.60000000000001,0.0018220255030162312,0.0018219779641310966,3.173476745646237e-196,3.453831447307082e-08,1.3000570661378529e-08,False,False
93.65,0.00183834184713936,0.0018382943501994873,1.6758749784418418e-196,3.511779457354226e-08,1.237914530016169e-08,False,False
93.7,0.0018547653776912717,0.0018547178848411301,8.846065057032526e-197,3.570659816407394e-08,1.1786251973246165e-08,False,False
93.75,0.0018712963576174556,0.0018712488321099264,4.6672477698979955e-197,3.630486829920967e-08,1.1220639229931877e-08,False,False
93.80000000000001,0.0018879350454732325,0.0018878874516154477,2.4613524161830153e-197,3.6912750111233936e-08,1.0681107674255081e-08,False,False
93.85000000000001,0.001904681695360169,0.0019046339984614012,1.2974450085524468e-197,3.753039083844335e-08,1.0166507932470482e-08,False,False
93.9,0.0019215365568626,0.001921488723184053,6.836067376030617e-198,3.8157939853774635e-08,9.675738693898444e-09,False,False
93.95,0.0019384998749840602,0.0019384518716905454,3.6001941758371e-198,3.879554869379012e-08,9.207744822752594e-09,False,False
94.0,0.001955571890083806,0.001955523685197179,1.8951680720191307e-198,3.944337108802663e-08,8.761515538624868e-09,False,False
94.05000000000001,0.001972752837813299,0.0019727044001676456,9.971758523533713e-199,4.01015629887118e-08,8.336082663374404e-09,False,False
94.10000000000001,0.001990042949052725,0.0019899942482511936,5.244426347848912e-199,4.077028260085071e-08,7.930518932228573e-09,False,False
94.15,0.002007442449847585,0.0020073934562208034,2.7569344725129613e-199,4.144969041268892e-08,7.543936366966062e-09,False,False
94.2,0.0020249515613452243,0.0020249022459112895,1.4486287919374551e-199,4.213994922655445e-08,7.175484709116599e-09,False,False
94.25,0.002042570499731502,0.002042520834157404,7.608341492556962e-200,4.28412241900833e-08,6.824349911167351e-09,False,False
94.30000000000001,0.0020602994761674404,0.0020602494327319277,3.9941566833533345e-200,4.355368282783352e-08,6.489752683827516e-09,False,False
94.35000000000001,0.0020781386967258994,0.0020780882482837305,2.0958606958368354e-200,4.4277495073291063e-08,6.170947097458323e-09,False,False
94.4,0.002096088362328423,0.002096037482275888,1.0992638467237751e-200,4.50128333012736e-08,5.867219235831046e-09,False,False
94.45,0.0021141486686820123,0.0021140973309237525,5.762934613264628e-201,4.5759872360734127e-08,5.577885900431991e-09,False,False
94.5,0.0021323198062160385,0.00213226798513307,3.019865877883987e-201,4.651878960797098e-08,5.302293363584204e-09,False,False
94.55000000000001,0.0021506019600192323,0.0021505496304381265,1.5817353965157274e-201,4.728976494024767e-08,5.039816168709248e-09,False,False
94.60000000000001,0.0021689953097767064,0.0021689424469398975,8.280989380587758e-202,4.807298082982712e-08,4.789855976102278e-09,False,False
94.65,0.002187500029707106,0.0021874466092442965,4.3334404970259325e-202,4.8868622358425913e-08,4.551840452642646e-09,False,False
94.7,0.0022061162884998782,0.0022060622864004207,2.2666562552189627e-202,4.967687725209193e-08,4.325222203912087e-09,False,False
94.75,0.00222484424925254,0.0022247896418388768,1.1850609959168555e-202,5.049793591650992e-08,4.109477747237422e-09,False,False
94.80000000000001,0.0022436840694081816,0.0022436288333101853,6.1929555268937e-203,5.133199147274142e-08,3.904106524222086e-09,False,False
94.85000000000001,0.0022626359006929636,0.002262580012823222,3.234874480130767e-203,5.2179239793400946e-08,3.7086299513747905e-09,False,False
94.9,0.002281699889053852,0.002281643326583803,1.688959058162388e-203,5.3039879539277305e-08,3.5225905074866344e-09,False,False
94.95,0.0023008761745963585,0.0023008189149333097,8.814202540948213e-204,5.3914112196400337e-08,3.345550856451952e-09,False,False
95.0,0.0023201648915225554,0.0023201069122874354,4.597790149263392e-204,5.4802142113561246e-08,3.1770930042674963e-09,False,False
95.05000000000001,0.0023395661680690803,0.002339507447075052,2.3972729263058208e-204,5.57041765402899e-08,3.0168174889861985e-09,False,False
95.10000000000001,0.00235908012644542,0.002359020641677156,1.2493612493605347e-204,5.6620425665294246e-08,2.8643426024401647e-09,False,False
95.15,0.002378706882772305,0.002378646612366005,6.508198615382484e-205,5.7551102655368095e-08,2.7193036425855213e-09,False,False
95.2,0.002398446547020219,0.0023983854692443294,3.388720737615848e-205,5.849642369477068e-08,2.5813521953596254e-09,False,False
95.25,0.0024182992229481895,0.0024182373161847235,1.7636523373290649e-205,5.945660802508328e-08,2.4501554449760966e-09,False,False
95.30000000000001,0.002438265008042679,0.0024382022507691815,9.174710974773605e-206,6.043187798554983e-08,2.325395511618953e-09,False,False
95.35000000000001,0.002458343993456642,0.002458280364228774,4.7706111738743134e-206,6.142245905390326e-08,2.206768815530889e-09,False,False
95.4,0.0024785362639488987,0.0024784717413835504,2.479464336406153e-206,6.24285798876885e-08,2.0939854665236304e-09,False,False
95.45,0.0024988418978236027,0.002498776460582561,1.2880832314454464e-206,6.345047236608031e-08,1.986768677971322e-09,False,False
95.5,0.0025192609668699436,0.0025191945936441093,6.688553461976303e-207,6.448837163220675e-08,1.8848542043780964e-09,False,False
95.55000000000001,0.0025397935363021228,0.0025397262057961895,3.4715441644906474e-207,6.554251613598238e-08,1.7879898016422566e-09,False,False
95.60000000000001,0.002560439664699497,0.002560371355617108,1.8010070059216387e-207,6.661314767745365e-08,1.6959347091685981e-09,False,False
95.65,0.0025811994039469837,0.00258113009497638,9.339213967061243e-208,6.770051145066751e-08,1.608459153008852e-09,False,False
95.7,0.002602072799175761,0.0026020024689757996,4.840692154057461e-208,6.880485608806385e-08,1.5253438692388837e-09,False,False
95.75,0.002623059888704115,0.0026229885158907625,2.5078803864480527e-208,6.992643370539902e-08,1.4463796468072504e-09,False,False
95.80000000000001,0.002644160703978681,0.0026440882671118476,1.2986986502994405e-208,7.106549994720734e-08,1.3713668891167878e-09,False,False
95.85000000000001,0.0026653752695158417,0.002665301747086612,6.722211540179121e-209,7.22223140328038e-08,1.3001151936258436e-09,False,False
95.9,0.0026867036028434604,0.002686628973261709,3.477908697529568e-209,7.339713880283662e-08,1.2324429487804577e-09,False,False
95.95,0.002708145714442948,0.002708069956025238,1.7985660606087283e-209,7.45902407663924e-08,1.1681769476132027e-09,False,False
96.0,0.0027297016076915444,0.0027296246986493796,9.296871469488026e-210,7.580189014866347e-08,1.1071520173669265e-09,False,False
96.05000000000001,0.0027513712788049473,0.0027512931972333444,4.8034079817843926e-210,7.703236093917718e-08,1.0492106645246465e-09,False,False
96.10000000000001,0.0027731547167802553,0.002773075440646582,2.480643411609086e-210,7.828193094059998e-08,9.942027346484255e-10,False,False
96.15,0.0027950519033392678,0.0027949714104723634,1.2805054156085076e-210,7.955088181811958e-08,9.419850864510827e-10,False,False
96.2,0.002817062812872058,0.0028169810809516318,6.606945359535849e-211,8.083949914940889e-08,8.924212795454826e-10,False,False
96.25,0.0028391874123809588,0.002839104418927203,3.4073929962140884e-211,8.214807247518057e-08,8.453812753354516e-10,False,False
96.30000000000001,0.0028614256614248193,0.0028613413837883152,1.7564910988212527e-211,8.347689535033835e-08,8.007411505319685e-10,False,False
96.35000000000001,0.0028837775120637015,0.0028836919274154854,9.050485895362685e-212,8.482626539572891e-08,7.583828227966963e-10,False,False
96.4,0.0029062429088039417,0.0029061559941258074,4.6612248611383496e-212,8.61964843505045e-08,7.181937880328561e-10,False,False
96.45,0.002928821788543533,0.0029287335206185376,2.399553448827972e-212,8.758785812509835e-08,6.800668688611804e-10,False,False
96.5,0.002951514080517927,0.0029514244359211037,1.2347044621192732e-212,8.900069685482216e-08,6.438999738351528e-10,False,False
96.55000000000001,0.0029743197062463114,0.0029742286613354944,6.350352351019554e-213,9.043531495409127e-08,6.095958669663529e-10,False,False
96.60000000000001,0.0029972385794781397,0.0029971461103850197,3.2646365896053106e-213,9.189203117128175e-08,5.77061947146383e-10,False,False
96.65,0.0030202706061402277,0.003020176688761547,1.677544619572903e-213,9.337116864423213e-08,5.462100370670581e-10,False,False
96.7,0.0030434156842842224,0.0030433202942730855,8.616195266115766e-214,9.487305495638853e-08,5.169561812555458e-10,False,False
96.75,0.00306667370403448,0.0030665768167918357,4.423430423490866e-214,9.639802219360455e-08,4.892204528551143e-10,False,False
96.80000000000001,0.003090044547536438,0.0030899461382026695,2.2698914249043298e-214,9.794640700160271e-08,4.629267687961703e-10,False,False
96.85000000000001,0.0031135280889053956,0.0031134281323520383,1.1642685963705589e-214,9.951855064410054e-08,4.380027130155026e-10,False,False
96.9,0.0031371241941758237,0.003137022664997394,5.969026381922183e-215,1.0111479906161446e-07,4.143793673944908e-10,False,False
96.95,0.0031608327212510946,0.0031607295937570177,3.058834845974753e-215,1.0273550293094026e-07,3.919911500996722e-10,False,False
97.0,0.003184653519853737,0.0031845487680603516,1.5667899431567873e-215,1.0438101772532405e-07,3.707756610208397e-10,False,False
97.05000000000001,0.003208586431476141,0.0032084800290988298,8.021724403900322e-216,1.0605170377532752e-07,3.5067353401366365e-10,False,False
97.10000000000001,0.003232631289331791,0.0032325232097771667,4.105130000085714e-216,1.0774792633039218e-07,3.3162829566492296e-10,False,False
97.15,0.003256787918307071,0.0032566781346652176,2.0998501714691556e-216,1.0947005562111751e-07,3.135862303092621e-10,False,False
97.2,0.0032810561349134663,0.0032809446199502943,1.0736232725911974e-216,1.1121846692225047e-07,2.964962510369605e-10,False,False
97.25,0.0033054357472404377,0.003305322473390041,5.486782459599439e-217,1.129935406163994e-07,2.803097764421072e-10,False,False
97.30000000000001,0.0033299265549087144,0.0033298114942658416,2.80275916811163e-217,1.1479566225848052e-07,2.64980612870459e-10,False,False
97.35000000000001,0.0033545283490242312,0.0033544114733367516,1.431054052334788e-217,1.1662522264089627e-07,2.504648419355574e-10,False,False
97.4,0.0033792409121326077,0.0033791221927940416,7.30345755098166e-218,1.1848261785946718e-07,2.36720713080741e-10,False,False
97.45,0.003404064018174172,0.003403943426216251,3.7256598078015983e-218,1.2036824938010822e-07,2.237085409735019e-10,False,False
97.5,0.0034289974324395517,0.0034288749385248413,1.8996784654004148e-218,1.222825241062705e-07,2.1139060752694768e-10,False,False
97.55000000000001,0.0034540409115259595,0.003453916485940451,9.681869358691812e-219,1.2422585444714662e-07,1.9973106835132389e-10,False,False
97.60000000000001,0.0034791942032939465,0.0034790678159396945,4.932198565115853e-219,1.2619865838665342e-07,1.886958634463565e-10,False,False
97.65,0.0035044570468248343,0.0035043286672126516,2.5114474912195657e-219,1.2820135955319775e-07,1.7825263195266847e-10,False,False
97.7,0.0035298291723788204,0.003529698769620899,1.2782325366803127e-219,1.3023438729023105e-07,1.6837063078790602e-10,False,False
97.75,0.0035553103013535744,0.003555177844156192,6.5027618526446606e-220,1.322981767276035e-07,1.590206570000707e-10,False,False
97.80000000000001,0.0035809001462436263,0.0035807656028998005,3.3066486131813773e-220,1.3439316885372356e-07,1.501749736774095e-10,False,False
97.85000000000001,0.0036065984106002707,0.003606461748982441,1.680662302592771e-220,1.3651981058853062e-07,1.4180723926064954e-10,False,False
97.9,0.003632404788992239,0.003632265976544943,8.538372294256898e-221,1.3867855485729345e-07,1.3389244010961108e-10,False,False
97.95,0.003658318966966985,0.003658177970699497,4.3358268569862583e-221,1.408698606652338e-07,1.2640682618232454e-10,False,False
98.0,0.0036843406210126496,0.0036841974074916296,2.200751420101546e-221,1.43094193172991e-07,1.1932784969047881e-10,False,False
98.05000000000001,0.0037104694185207273,0.003710323953862851,1.1165348061929562e-221,1.4535202377293294e-07,1.1263410660067426e-10,False,False
98.10000000000001,0.0037367050177494,0.00373655726761396,5.662076815685e-222,1.4764383016631845e-07,1.0630528085629689e-10,False,False
98.15,0.0037630470677876646,0.0037628969973691334,2.8699971378901545e-222,1.4997009644132745e-07,1.0032209119997217e-10,False,False
98.2,0.0037894952085200315,0.0037893427825406423,1.4540836324052564e-222,1.5233131315195783e-07,9.466624048158858e-11,False,False
98.25,0.003816049070592112,0.0038158942532943436,7.36375827668287e-223,1.547279773978035e-07,8.932036734158013e-11,False,False
98.30000000000001,0.003842708275376797,0.0038425510305158893,3.7274504374307406e-223,1.571605929047239e-07,8.426800016381576e-11,False,False
98.35000000000001,0.0038694724349412615,0.003869312725777645,1.8859338118270355e-223,1.596296701063966e-07,7.949351319682488e-11,False,False
98.4,0.00389634115201475,0.0038961789413064366,9.537690640053374e-224,1.6213572622679826e-07,7.498208474634088e-11,False,False
98.45,0.003923314019956995,0.003923149269951973,4.821278647239e-224,1.6467928536357652e-07,7.07196573462485e-11,False,False
98.5,0.003950390622727561,0.003950223295156091,2.436034578775834e-224,1.6726087857235659e-07,6.66928998189127e-11,False,False
98.55000000000001,0.003977570534855879,0.00397740059092276,1.230288262454815e-224,1.6988104395197735e-07,6.288917113966219e-11,False,False
98.60000000000001,0.004004853321412068,0.0040046807217888536,6.210585260697721e-225,1.725403267306639e-07,5.929648602380492e-11,False,False
98.65,0.004032238537978607,0.0040320632427957755,3.1337214591320623e-225,1.752392793531547e-07,5.5903482158033337e-11,False,False
98.7,0.004059725730622799,0.004059547699461839,1.580485335291676e-225,1.7797846156878205e-07,5.269938900144056e-11,False,False
98.75,0.004087314435869994,0.004087133627755476,7.967512714300079e-226,1.8075844052052185e-07,4.96739980845397e-11,False,False
98.80000000000001,0.004115004180677752,0.004114820554069282,4.014738617566224e-226,1.835797908350198e-07,4.681763473779251e-11,False,False
98.85000000000001,0.004142794482410704,0.004142607995194857,2.0220598291782914e-226,1.864430947135988e-07,4.4121131184090576e-11,False,False
98.9,0.004170684848816372,0.00417049545829855,1.0179652270925818e-226,1.8934894202426888e-07,4.1575800932473246e-11,False,False
98.95,0.004198674778001806,0.004198482440898004,5.122407213428518e-227,1.9229793039473406e-07,3.917341441310247e-11,False,False
99.0,0.004226763758411056,0.0042265684308395715,2.576424814577678e-227,1.9529066530641438e-07,3.690617579611047e-11,False,False
99.05000000000001,0.004254951268803497,0.004254752906276607,1.2952782171621464e-227,1.983277601894928e-07,3.4766700939457884e-11,False,False
99.10000000000001,0.004283236778233116,0.004283035335648609,6.508948964302999e-228,2.0140983651898975e-07,3.274799641333519e-11,False,False
99.15,0.004311619746028651,0.004311415177661297,3.269346009157805e-228,2.0453752391188551e-07,3.084343955094763e-11,False,False
99.2,0.004340099621774518,0.004339891881267538,1.641395059681876e-228,2.0771146022528906e-07,2.9046759477747978e-11,False,False
99.25,0.004368675845292866,0.004368464885649187,8.236971688252686e-229,2.1093229165567002e-07,2.735201907328129e-11,False,False
99.30000000000001,0.004397347846626284,0.004397133620199846,4.131656809192793e-229,2.1420067283916258e-07,2.5753597821857357e-11,False,False
99.35000000000001,0.004426115046021626,0.004425897504508502,2.0714913439705484e-229,2.1751726695294456e-07,2.4246175510204248e-11,False,False
99.4,0.0044549768539147135,0.004454755948344174,1.0381120236989965e-229,2.208827458177171e-07,2.282471673212286e-11,False,False
99.45,0.004483932670915863,0.004483708351641407,5.200050187374547e-230,2.2429779000127594e-07,2.148445616196323e-11,False,False
99.5,0.0045129818877965525,0.0045127541044867525,2.6035928177032023e-230,2.2776308892319794e-07,2.0220884560441893e-11,False,False
99.55000000000001,0.004542123885476895,0.004541892587106196,1.3029891823601305e-230,2.312793409606471e-07,1.9029735477972384e-11,False,False
99.60000000000001,0.004571358035014032,0.004571123169853505,6.517946195596801e-231,2.3484725355530787e-07,1.7906972622250008e-11,False,False
99.65,0.004600683697591713,0.004600445213199623,3.258989399044833e-231,2.3846754332147105e-07,1.6848777858333576e-11,False,False
99.7,0.004630100224510651,0.004629858067722954,1.6287609186856663e-231,2.4214093615525715e-07,1.5851539810919643e-11,False,False
99.75,0.004659606957179848,0.0046593610741006665,8.136431042691742e-232,2.458681673450107e-07,1.491184303987165e-11,False,False
99.80000000000001,0.004689203227109119,0.004688953563100984,4.062681455568178e-232,2.4964998168286536e-07,1.4026457761398209e-11,False,False
99.85000000000001,0.00471888835590235,0.004718634855576441,2.0276538241530238e-232,2.5348713357748547e-07,1.3192330088533436e-11,False,False
99.9,0.004748661655251945,0.004748404262458205,1.0115260368438337e-232,2.5738038716801493e-07,1.2406572765781653e-11,False,False
99.95,0.0047785224269342435,0.004778261084751345,5.043854345829868e-233,2.613305164392158e-07,1.1666456373952729e-11,False,False
100.0,0.004808469962805877,0.004808204613531138,2.5139128798405026e-233,2.6533830533782867e-07,1.0969400982313245e-11,False,False
100.05000000000001,0.004838503544801268,0.004838234129940414,1.2523915393649092e-233,2.694045478901603e-07,1.031296822624378e-11,False,False
100.10000000000001,0.004868622444931053,0.004868348905187885,6.236375298744224e-234,2.735300483209006e-07,9.694853789603454e-12,False,False
100.15,0.004898825925281649,0.004898548200547591,3.1040347603559844e-234,2.7771562117319804e-07,9.112880271969458e-12,False,False
100.2,0.004929113238015724,0.004928831267359307,1.544269610263254e-234,2.819620914299818e-07,8.564990421850148e-12,False,False
100.25,0.004959483625373921,0.004959197347030039,7.679304519654354e-235,2.862702946365638e-07,8.049240717850336e-12,False,False
100.30000000000001,0.004989936319677409,0.004989645671036587,3.81700624090339e-235,2.906410770245119e-07,7.563795280615857e-12,False,False
100.35000000000001,0.005020470543331665,0.005020175460929115,1.896383054901793e-235,2.9507529563682176e-07,7.1069200991935314e-12,False,False
100.4,0.005051085508831306,0.0050507859283358755,9.417409983924006e-236,2.9957381845439126e-07,6.676977556211662e-12,False,False
100.45,0.005081780418765874,0.005081476274968934,4.674542418046632e-236,3.0413752452380664e-07,6.272421237029642e-12,False,False
100.5,0.005112554465826873,0.005112245692630999,2.3192573843970054e-236,3.087673040864569e-07,5.891791008704717e-12,False,False
100.55000000000001,0.005143406832815776,0.005143093363223357,1.150167274974759e-236,3.1346405870898437e-07,5.533708355300628e-12,False,False
100.60000000000001,0.005174336692653129,0.005174018458754843,5.701318208933068e-237,3.182287014150819e-07,5.196871956704834e-12,False,False
100.65,0.00520534320838886,0.005205020141351992,2.8248264500768373e-237,3.2306215681865895e-07,4.880053498733239e-12,False,False
100.7,0.0052364255332135725,0.005236097563270222,1.3989766850948231e-237,3.2796536125837506e-07,4.582093702891276e-12,False,False
100.75,0.005267582810470973,0.005267249866906141,6.925185293522443e-238,3.3293926293354983e-07,4.301898564714967e-12,False,False
100.80000000000001,0.005298814173671474,0.0052984761848110015,3.426529973012102e-238,3.379848220414844e-07,4.0384357901530125e-12,False,False
100.85000000000001,0.005330118746506847,0.005329775639705197,1.6946494998156922e-238,3.431030109161736e-07,3.7907314199585825e-12,False,False
100.9,0.0053614956428660225,0.005361147344493988,8.377365349951769e-239,3.4829481416845844e-07,3.557866632545461e-12,False,False
100.95,0.005392943966852057,0.005392590402284253,4.13939852071583e-239,3.5356122882759e-07,3.3389747162287724e-12,False,False
101.0,0.005424462812800144,0.005424103906402425,2.0444158523699432e-239,3.58903264484251e-07,3.1332382022102996e-12,False,False
101.05000000000001,0.005456051265296888,0.00545568694041357,1.0092609155180819e-239,3.643219434350277e-07,2.939886150092313e-12,False,False
101.10000000000001,0.0054877083992005485,0.005487338578141538,4.980120901475234e-240,3.6981830082834834e-07,2.7581915781048427e-12,False,False
101.15,0.005519433279662648,0.005519057883690369,2.4562837374187144e-240,3.753933848119133e-07,2.5874690306151515e-12,False,False
101.2,0.005551224962150495,0.005550843911466746,1.2109309940770223e-240,3.8104825668160594e-07,2.427072275854563e-12,False,False
101.25,0.005583082492471079,0.005582695706203655,5.967088419817852e-241,3.8678399103191403e-07,2.2763921271451073e-12,False,False
101.30000000000001,0.005615004906795952,0.0056146123029851905,2.9390553627402883e-241,3.926016759078727e-07,2.134854381241501e-12,False,False
101.35000000000001,0.005646991231687344,0.005646592727272478,1.4469558376414883e-241,3.9850241295852963e-07,2.0019178677201684e-12,False,False
101.4,0.005679040484125518,0.005678635994930852,7.120409997528618e-242,4.044873175919654e-07,1.877072603648216e-12,False,False
101.45,0.005711151671537072,0.005710741112258105,3.50232901443058e-242,4.105575191318608e-07,1.7598380480536596e-12,False,False
101.5,0.005743323791824689,0.005742907076013957,1.7219125777022738e-242,4.1671416097563704e-07,1.6497614509905333e-12,False,False
101.55000000000001,0.005775555833397867,0.0057751328734506925,8.461891849702824e-243,4.229584007541794e-07,1.5464162922540484e-12,False,False
101.60000000000001,0.005807846775204815,0.005807417482344924,4.156483473618446e-243,4.2929141049314574e-07,1.4494008050488943e-12,False,False
101.65,0.005840195586765729,0.005839759871030623,2.040736167389153e-243,4.3571437677590195e-07,1.3583365801496148e-12,False,False
101.7,0.005872601228207029,0.005872158998433256,1.001497525222488e-243,4.422285009080617e-07,1.2728672463180493e-12,False,False
101.75,0.005905062650296854,0.005904613814105118,4.9126419807534555e-244,4.488349990836651e-07,1.1926572229556541e-12,False,False
101.80000000000001,0.005937578794481814,0.005937123258261877,2.4086991840496976e-244,4.5553510255301006e-07,1.1173905411733145e-12,False,False
101.85000000000001,0.005970148592924808,0.005969686261820247,1.180462598503222e-244,4.6233005779213344e-07,1.0467697296546758e-12,False,False
101.9,0.006002770968544114,0.006002301746436934,5.782612800652644e-245,4.692211266739796e-07,9.805147618735106e-13,False,False
101.95,0.006035444835053703,0.006034968624548695,2.8313803299040985e-245,4.7620958664124887e-07,9.183620614016913e-13,False,False
102.0,0.006068169097004566,0.006067685799413623,1.3857169321060286e-245,4.832967308809451e-07,8.600635622106373e-13,False,False
102.05000000000001,0.006100942649827507,0.006100452165153622,6.778803614548772e-246,4.904838685006419e-07,8.053858210283949e-13,False,False
102.10000000000001,0.006133764379876857,0.006133266606798042,3.3146203832783576e-246,4.977723247064746e-07,7.541091789653584e-13,False,False
102.15,0.006166633164475588,0.0061661280003285765,1.6200064988293145e-246,5.051634409828803e-07,7.060269697650874e-13,False,False
102.2,0.006199547871961507,0.0061990352127252926,7.914107269152827e-247,5.126585752740817e-07,6.609447721735875e-13,False,False
102.25,0.006232507361734728,0.006231987102013882,3.8644645154607073e-247,5.202591021673549e-07,6.186797040497185e-13,False,False
102.30000000000001,0.0062655104843062515,0.006264982517314115,1.8861617389626106e-247,5.27966413078068e-07,5.790597559630798e-13,False,False
102.35000000000001,0.006298556081347778,0.0062980202988894285,9.201756859404485e-248,5.357819164365192e-07,5.419231621427473e-13,False,False
102.4,0.006331642985742837,0.006331099278197845,4.4870901185303566e-248,5.437070378766001e-07,5.071178067515592e-13,False,False
102.45,0.006364770021638864,0.006364218277943939,2.1870617542169884e-248,5.517432204262635e-07,4.745006635667252e-13,False,False
102.5,0.0063979360045007365,0.006397376112132096,1.065514871855833e-248,5.598919246998454e-07,4.4393726724766897e-13,False,False
102.55000000000001,0.006431139741165318,0.006430571586120922,5.188719590301508e-249,5.681546290922389e-07,4.1530121446777857e-13,False,False
102.60000000000001,0.006464380029897289,0.006463803496678846,2.5255914704012305e-249,5.76532829974923e-07,3.884736932772037e-13,False,False
102.65,0.006497655660446197,0.006497070632040972,1.2287632639310073e-249,5.850280418938996e-07,3.633430391499722e-13,False,False
102.7,0.006530965414104629,0.006530371771967053,5.975517894042734e-250,5.936417977695031e-07,3.3980431625052236e-13,False,False
102.75,0.006564308063767545,0.006563705687800695,2.904591748804061e-250,6.023756490981349e-07,3.1775892253217463e-13,False,False
102.80000000000001,0.006597682373993014,0.00659707114252975,1.4112269548724514e-250,6.112311661559184e-07,2.9711421735379647e-13,False,False
102.85000000000001,0.00663108710106384,0.006630466890847854,6.8534751500899324e-251,6.202099382042901e-07,2.777831703708194e-13,False,False
102.9,0.006664520993050634,0.006663891679217257,3.3268026401441455e-251,6.293135736975654e-07,2.5968403052295137e-13,False,False
102.95,0.006697982789875954,0.006697344245932719,1.6141557896794434e-251,6.385437004924453e-07,2.4274001400407006e-13,False,False
103.0,0.006731471223379592,0.006730823321186657,7.828275017374656e-252,6.479019660595421e-07,2.2687901015922937e-13,False,False
103.05000000000001,0.006764985017385187,0.006764327627135465,3.794800216055631e-252,6.573900376968681e-07,2.1203330431052437e-13,False,False
103.10000000000001,0.006798522887767856,0.0067978558779669684,1.838713117465077e-252,6.670096027453573e-07,1.9813931656713058e-13,False,False
103.15,0.006832083542523091,0.006831406779969149,8.905150175415041e-253,6.767623688064293e-07,1.8513735572579357e-13,False,False
103.2,0.006865665681836869,0.006864979031599943,4.3109276761248195e-253,6.866500639615748e-07,1.7297138741637364e-13,False,False
103.25,0.006899267998156839,0.006898571323558261,2.0859430226684754e-253,6.966744369940117e-07,1.6158881569273672e-13,False,False
103.30000000000001,0.006932889176264727,0.00693218233885617,1.0088726807441107e-253,7.068372576124177e-07,1.5094027731273178e-13,False,False
103.35000000000001,0.006966527893349853,0.006965810752892211,4.877221706509235e-254,7.17140316676738e-07,1.4097944799209616e-13,False,False
103.4,0.00700018281908402,0.006999455233525929,2.3567355325608247e-254,7.275854264261219e-07,1.316628599560727e-13,False,False
103.45,0.0070338526156971766,0.0070331144411535235,1.1382860595458276e-254,7.381744207089665e-07,1.229497301495281e-13,False,False
103.5,0.00706753593805465,0.007066787028784634,5.495335350403152e-255,7.489091552150902e-07,1.1480179850124044e-13,False,False
103.55000000000001,0.0071012314337352165,0.0071004716421203245,2.6517904298235063e-255,7.597915077100726e-07,1.0718317567125363e-13,False,False
103.60000000000001,0.007134937743110474,0.0071341669196321456,1.2790467347285738e-255,7.70823378271743e-07,1.0006019974153362e-13,False,False
103.65,0.007168653499425339,0.007167871492642417,6.166458930783457e-256,7.820066895288729e-07,9.340130133988695e-14,False,False
103.7,0.007202377328879661,0.007201583985405581,2.9715804272329946e-256,7.933433869020488e-07,8.717687671530241e-14,False,False
103.75,0.007236107850710894,0.007235303015190695,1.4313351959830243e-256,8.048354388467667e-07,8.135916830946289e-14,False,False
103.80000000000001,0.007269843677278097,0.007269027192365086,6.891240830541616e-257,8.164848370987567e-07,7.592215239444876e-14,False,False
103.85000000000001,0.007303583414146804,0.007302755120479046,3.3163145806433883e-257,8.282935969215359e-07,7.084143337051925e-14,False,False
103.9,0.007337325660175208,0.0073364853963517615,1.5952039955790633e-257,8.402637573562581e-07,6.6094144340452e-14,False,False
103.95,0.007371069007601362,0.007370216610158227,7.669710171736686e-258,8.523973814737997e-07,6.165885359834215e-14,False,False
104.0,0.007404812042131485,0.007403947345517343,3.685902920685879e-258,8.646965566291704e-07,5.751547669096089e-14,False,False
104.05000000000001,0.007438553343029433,0.007437676179581078,1.7705616285548633e-258,8.771633947182122e-07,5.364519372895029e-14,False,False
104.10000000000001,0.0074722914832071686,0.0074714016831247,8.501203631629943e-259,8.898000324366175e-07,5.003037164322379e-14,False,False
104.15,0.007506025029316351,0.007505122420638159,4.079923366882162e-259,9.026086315413277e-07,4.665449109907664e-14,False,False
104.2,0.007539752541841082,0.007538836950418478,1.9571576434106245e-259,9.155913791142374e-07,4.3502077796724576e-14,False,False
104.25,0.007573472575191628,0.007572543824663243,9.384298775647819e-260,9.28750487828304e-07,4.055863790228302e-14,False,False
104.30000000000001,0.0076071836777991935,0.007606241589565167,4.497592044497058e-260,9.4208819621604e-07,3.781059736770274e-14,False,False
104.35000000000001,0.007640884392211834,0.0076399287854076545,2.1545695088696595e-260,9.556067689403902e-07,3.5245244911861075e-14,False,False
104.4,0.007674573255191435,0.007673603946661515,1.0316756364392041e-260,9.69308497068072e-07,3.285067844793886e-14,False,False
104.45,0.007708248797811578,0.0077072656020826255,4.937738148945941e-261,9.83195698345316e-07,3.061575475447129e-14,False,False
104.5,0.00774190954555666,0.007740912274810656,2.3621917682205035e-261,9.972707174760735e-07,2.853004219898705e-14,False,False
104.55000000000001,0.0077755540184218435,0.007774542482468854,1.1295474093271164e-261,1.0115359264027028e-06,2.658377633409349e-14,False,False
104.60000000000001,0.0078091807310141075,0.0078081547372647565,5.398784490557303e-262,1.0259937245891198e-06,2.4767818196170484e-14,False,False
104.65,0.007842788192654429,0.007841747546092046,2.579228001055646e-262,1.0406465393064902e-06,2.3073615146580992e-14,False,False
104.7,0.0078763749074807,0.007875319410633285,1.2316454139995155e-262,1.0554968259214e-06,2.1493164104523612e-14,False,False
104.75,0.0079099393745519,0.007908868827463701,5.878734800206108e-263,1.0705470681865908e-06,2.001897702932566e-14,False,False
104.80000000000001,0.007943480087953118,0.007942394288155952,2.804686081554845e-263,1.085799778534242e-06,1.8644048518199415e-14,False,False
104.85000000000001,0.007976995536901553,0.00797589427938582,1.3374786722438395e-263,1.1012574983718006e-06,1.7361825393224935e-14,False,False
104.9,0.008010484205853506,0.008009367283038967,6.37516878174368e-264,1.1169227983804448e-06,1.6166178158637955e-14,False,False
104.95,0.008043944574612405,0.008042811776318538,3.0373771718526944e-264,1.1327982788161064e-06,1.5051374216415143e-14,False,False
105.0,0.0080773751184376,0.008076226231853776,1.4464651603779943e-264,1.1488865698131355e-06,1.401205273465432e-14,False,False
105.05000000000001,0.008110774308154291,0.008109609117809564,6.885245759787585e-265,1.1651903316905943e-06,1.3043201069405207e-14,False,False
105.10000000000001,0.008144140610264248,0.008142958897996842,3.275918818720093e-265,1.181712255261199e-06,1.2140132646406113e-14,False,False
105.15,0.008177472487057478,0.008176274031984041,1.5579339125086155e-265,1.1984550621429532e-06,1.1298466214652582e-14,False,False
105.2,0.008210768396724907,0.008209552975209323,7.405717592044408e-266,1.215421505073453e-06,1.051410638889695e-14,False,False
105.25,0.008244026793471786,0.008242794179093776,3.518742432393467e-266,1.2326143682268842e-06,9.783225403037261e-15,False,False
105.30000000000001,0.008277246127632105,0.008275996091155473,1.67112919032041e-266,1.250036467533786e-06,9.102246000955517e-15,False,False
105.35000000000001,0.008310424845783837,0.008309157155124376,7.932951297657217e-267,1.2676906510034671e-06,8.467825395691981e-15,False,False
105.4,0.008343561390865116,0.008342275811058186,3.764105319737102e-267,1.2855797990492915e-06,7.87684023192555e-15,False,False
105.45,0.008376654202291094,0.008375350495458962,1.785216781218618e-267,1.3037068248166307e-06,7.326372490584051e-15,False,False
105.5,0.00840970171607194,0.008408379641390611,8.462961601384429e-268,1.3220746745136743e-06,6.8136962780305694e-15,False,False
105.55000000000001,0.0084427023649313,0.008441361678597223,4.0101073226691517e-268,1.3406863277450216e-06,6.336265445697186e-15,False,False
105.60000000000001,0.0084756545784259,0.00847429503362217,1.8992924284593772e-268,1.3595447978480632e-06,5.891701989256958e-15,False,False
105.65,0.008508556783065804,0.008507178129928097,8.991453315120733e-269,1.3786531322322844e-06,5.477785179461487e-15,False,False
105.7,0.008541407402435442,0.00854000938801763,4.2547119802084985e-269,1.39801441272135e-06,5.092441379635386e-15,False,False
105.75,0.008574204857315517,0.008572787225554889,2.0123923340308055e-269,1.4176317558980894e-06,4.733734507509401e-15,False,False
105.80000000000001,0.008606947565805658,0.008605510057487798,9.513873181551617e-270,1.4375083134523897e-06,4.3998571016158595e-15,False,False
105.85000000000001,0.008639633943447692,0.008638176296171075,4.495771992972321e-270,1.4576472725319485e-06,4.089121954858434e-15,False,False
105.9,0.008672262403349975,0.008670784351490084,2.123505609692421e-270,1.4780518560960344e-06,3.799954280119275e-15,False,False
105.95,0.008704831356312118,0.008703332630985312,1.0025470499555138e-270,1.4987253232721013e-06,3.5308843748881737e-15,False,False
106.0,0.008737339210950606,0.008735819539977612,4.7310586271287326e-271,1.519670969715422e-06,3.280540753890468e-15,False,False
106.05000000000001,0.008769784373825161,0.008768243481694154,2.231588485929661e-271,1.540892127971674e-06,3.0476437205710908e-15,False,False
106.10000000000001,0.00880216524956569,0.008800602857395014,1.0521365548538263e-271,1.5623921678425103e-06,2.8309993500584477e-15,False,False
106.15,0.008834480240999943,0.008832896066500555,4.9582945559935784e-272,1.5841744967541865e-06,2.6294938578953528e-15,False,False
106.2,0.008866727749281907,0.008865121506719349,2.335580025154865e-272,1.606242560129167e-06,2.4420883303909864e-15,False,False
106.25,0.00889890617402085,0.00889727757417682,1.0996624540446334e-272,1.6285998417607924e-06,2.267813793918319e-15,False,False
106.30000000000001,0.008931013913410805,0.008929362663544512,5.175189507022419e-273,1.6512498641910313e-06,2.1057666018687106e-15,False,False
106.35000000000001,0.008963049364360987,0.00896137516816995,2.4344190268260866e-273,1.6741961890912547e-06,1.9551041192774963e-15,False,False
106.4,0.008995010922626641,0.00899331348020718,1.1446339565875923e-273,1.697442417646203e-06,1.8150406863599507e-15,False,False
106.45,0.009026896982940447,0.009025175990747829,5.37947796533984e-274,1.7209921909409678e-06,1.6848438433503537e-15,False,False
106.5,0.009058705939144686,0.009056961089952773,2.5270617606906246e-274,1.7448491903511692e-06,1.5638308001194208e-15,False,False
106.55000000000001,0.009090436184323791,0.009088667167184405,1.1865711775479705e-274,1.7690171379362502e-06,1.4513651350649588e-15,False,False
106.60000000000001,0.009122086110937544,0.009120292611139369,5.568958087322285e-275,1.7934997968359478e-06,1.3468537087279672e-15,False,False
106.65,0.009153654110954855,0.009151835809981943,2.6125001224765735e-275,1.8183009716699625e-06,1.2497437784862128e-15,False,False
106.7,0.009185138575987949,0.009183295151477849,1.2250135860373412e-275,1.8434245089407885e-06,1.159520301524341e-15,False,False
106.75,0.009216537897427133,0.009214669023128624,5.741530903644727e-276,1.8688742974398115e-06,1.0757034140731625e-15,False,False
106.80000000000001,0.009247850466576108,0.009245955812306448,2.689779776038885e-276,1.8946542686565955e-06,9.978460756586978e-16,False,False
106.85000000000001,0.009279074674787566,0.009277153906389455,1.2595283774203639e-276,1.920768397191431e-06,9.255318678027216e-16,False,False
106.9,0.009310208913599557,0.009308261692897541,5.895238844595985e-277,1.9472207011711843e-06,8.583729372756464e-16,False,False
106.95,0.009341251574872035,0.009339277559628574,2.7580178288687365e-277,1.974015242668393e-06,7.960080746221137e-16,False,False
107.0,0.009372201050923895,0.009370199894795036,1.289718558216066e-277,2.0011561281236805e-06,7.381009192604025e-16,False,False
107.05000000000001,0.009403055734670554,0.009401027087161107,6.028302604120775e-278,2.0286475087714987e-06,6.843382830031093e-16,False,False
107.10000000000001,0.009433814019761804,0.0094317575261801,2.8164195852035276e-278,2.056493581069154e-06,6.344285843589484e-16,False,False
107.15,0.009464474300720052,0.009462389602132337,1.315230533266877e-278,2.0846985871292862e-06,5.881003864565055e-16,False,False
107.2,0.00949503497307905,0.009492921706263348,6.139155374756005e-279,2.1132668151556217e-06,5.451010318828461e-16,False,False
107.25,0.009525494433522803,0.009523352230922415,2.864293933320544e-279,2.142202599882167e-06,5.051953681532608e-16,False,False
107.30000000000001,0.009555851080024961,0.009553679569701488,1.3357609928266417e-279,2.1715103230157812e-06,4.681645579266074e-16,False,False
107.35000000000001,0.00958610331198846,0.00958390211757435,6.226473533878969e-280,2.2011944136821666e-06,4.338049684537237e-16,False,False
107.4,0.00961624953038545,0.00961401827103617,2.9010669509309244e-280,2.23125934887533e-06,4.0192713509657445e-16,False,False
107.45,0.009646288137897538,0.009644026428243265,1.351062912188908e-280,2.2617096539104732e-06,3.7235479408452406e-16,False,False
107.5,0.009676217539056382,0.009673924989153154,6.289202941616312e-281,2.292549902880334e-06,3.4492397998192494e-16,False,False
107.55000000000001,0.009706036140384317,0.009703712355664884,2.9262933544238115e-281,2.32378471911508e-06,3.1948218363041935e-16,False,False
107.60000000000001,0.00973574235053545,0.009733386931759517,1.360950497996571e-281,2.3554187756455674e-06,2.9588756660026406e-16,False,False
107.65,0.009765334580436874,0.009762947123640932,6.3265801200939805e-282,2.3874567956703483e-06,2.7400822843899796e-16,False,False
107.7,0.009794811243430023,0.00979239133987675,2.9396654726832874e-282,2.419903553025979e-06,2.537215232441732e-16,False,False
107.75,0.009824170755412358,0.009821717991539471,1.3653029427904064e-282,2.452763872661009e-06,2.349134223099692e-16,False,False
107.80000000000001,0.009853411534979097,0.009850925492347763,6.338147719208696e-283,2.4860426311135466e-06,2.174779198069348e-16,False,False
107.85000000000001,0.009882532003565075,0.009880012258807882,2.9410194926428953e-283,2.5197447569923126e-06,2.0131647865021681e-16,False,False
107.9,0.009911530585586914,0.009908976710355283,1.3640668817067697e-283,2.5538752314614155e-06,1.8633751389539199e-16,False,False
107.95,0.009940405708585164,0.009937817269496264,6.323763830850445e-284,2.5884390887286757e-06,1.7245591117337337e-16,False,False
108.0,0.009969155803366443,0.009966532361949757,2.9303387993499466e-284,2.6234414165375797e-06,1.5959257783704592e-16,False,False
108.05000000000001,0.00999777930414598,0.009995120416789176,1.357257481501043e-284,2.658887356662929e-06,1.4767402464353151e-16,False,False
108.10000000000001,0.010026274648689841,0.010023579866584295,6.283604886440552e-285,2.6947821054100688e-06,1.3663197593750496e-16,False,False
108.15,0.010054640278457495,0.010051909147543251,2.907754315286543e-285,2.731130914117946e-06,1.2640300643351628e-16,False,False
108.2,0.010082874638744266,0.010080106699654477,1.344958130797764e-285,2.7679390896657095e-06,1.1692820281949938e-16,False,False
108.25,0.010110976178823769,0.010108170966828683,6.218162055034527e-286,2.8052119949831015e-06,1.0815284851978086e-16,False,False
108.30000000000001,0.0101389433520905,0.010136100397040835,2.8735418293149787e-286,2.8429550495645975e-06,1.0002613006477062e-16,False,False
108.35000000000001,0.010166774616202134,0.010163893442472057,1.327318740436202e-286,2.881173729987199e-06,9.25008636163487e-17,False,False
108.4,0.01019446843322207,0.010191548559651556,6.128231244770179e-287,2.919873570432119e-06,8.55332402932695e-17,False,False
108.45,0.010222023269761698,0.010219064209598411,2.828116391372348e-287,2.9590601632101258e-06,7.90825890301762e-17,False,False
108.5,0.010249437597122674,0.010246438857963313,1.3045527023331539e-287,2.9987391592907293e-06,7.311115578722309e-17,False,False
108.55000000000001,0.010276709891439107,0.0102736709751702,6.0148969923189554e-288,3.0389162688351863e-06,6.75838980054553e-17,False,False
108.60000000000001,0.01030383863381953,0.010300759036557737,2.7720239322422648e-288,3.0795972617332635e-06,6.246829327614534e-17,False,False
108.65,0.010330822310488933,0.01032770152252073,1.2769325931119478e-288,3.120787968143931e-06,5.773416126061275e-17,False,False
108.7,0.01035765941293039,0.010354496918651302,5.879510696128056e-289,3.1624942790398274e-06,5.335349796101699e-17,False,False
108.75,0.01038434843802675,0.010381143715879945,2.7059303449376546e-289,3.204722146755628e-06,4.9300321502340936e-17,False,False
108.80000000000001,0.01041088788820194,0.010407640410616351,1.244784743445092e-289,3.247477585540291e-06,4.555052864171633e-17,False,False
108.85000000000001,0.010437276271562178,0.010433985504890032,5.723663804267992e-290,3.2907666721131455e-06,4.2081761273478154e-17,False,False
108.9,0.010463512102036998,0.010460177506490748,2.630608332941438e-290,3.334595546224013e-06,3.8873282247189374e-17,False,False
108.95,0.010489593899519888,0.01048621492910863,1.208482824322492e-290,3.378970411217119e-06,3.590585986156439e-17,False,False
109.0,0.01051552019000869,0.010512096292474064,5.5491567003447475e-291,3.4238975345990222e-06,3.316166043986573e-17,False,False
109.05000000000001,0.010541289505745942,0.010537820122497309,2.5469223883502033e-291,3.4693832486104723e-06,3.062414843225501e-17,False,False
109.10000000000001,0.010566900385358562,0.010563384951407738,1.168440626405639e-291,3.5154339508022007e-06,2.8277993527837767e-17,False,False
109.15,0.010592351373997506,0.010588789317892868,5.357964137286223e-292,3.562056104614785e-06,2.6108984293952216e-17,False,False
109.2,0.010617641023476938,0.010614031767236949,2.4558123077658296e-292,3.609256239962404e-06,2.4103947892794954e-17,False,False
109.25,0.010642767892413089,0.010639110851459245,1.1251042272821641e-292,3.657040953820655e-06,2.2250675455840682e-17,False,False
109.30000000000001,0.010667730546362773,0.010664025129451941,5.152198145439891e-293,3.70541691081842e-06,2.0537852724892558e-17,False,False
109.35000000000001,0.010692527557961446,0.010688773167117591,2.3582756845562786e-293,3.7543908438335998e-06,1.8954995595103508e-17,False,False
109.4,0.010717157507060872,0.010713353537506269,1.0789437534145602e-293,3.803969554593202e-06,1.7492390220031986e-17,False,False
109.45,0.010741618980866455,0.010737764820952168,4.934069386032024e-294,3.854159914277187e-06,1.614103736192243e-17,False,False
109.5,0.010765910574073964,0.010762005605209823,2.2553498317673337e-294,3.904968864126546e-06,1.4892600691932235e-17,False,False
109.55000000000001,0.010790030889005913,0.010786074485589842,1.0304449485271642e-294,3.956403416055445e-06,1.3739358765176321e-17,False,False
109.60000000000001,0.010813978535747394,0.010809970065094125,4.705847933325691e-295,4.008470653267397e-06,1.2674160414236774e-17,False,False
109.65,0.010837752132281532,0.010833690954550645,2.1480935906726627e-295,4.061177730875685e-06,1.1690383322307841e-17,False,False
109.7,0.01086135030462417,0.010857235772747638,9.801007581829462e-296,4.114531876527762e-06,1.0781895553517941e-17,False,False
109.75,0.010884771686958323,0.010880603146567283,4.46982444902245e-296,4.168540391033878e-06,9.94301983321207e-18,False,False
109.80000000000001,0.010908014921767843,0.010903791711118827,2.0375694659930153e-296,4.223210648999825e-06,9.168500385224913e-18,False,False
109.85000000000001,0.010931078659970568,0.010926800109871094,9.28403131686624e-297,4.2785500994638e-06,8.453472146447612e-18,False,False
109.9,0.01095396156105101,0.010949626994784472,4.2282726627125784e-297,4.334566266537553e-06,7.7934321913717e-18,False,False
109.95,0.010976662293192272,0.010972271026442217,1.9248265013523133e-297,4.391266750051605e-06,7.184213210848906e-18,False,False
110.0,0.01099917953340735,0.01099473087418115,8.758352277406253e-298,4.448659226204704e-06,6.621958900062606e-18,False,False
110.05000000000001,0.01102151196766995,0.011017005216221726,3.9834139953338275e-298,4.506751448217498e-06,6.10310112075115e-18,False,False
110.10000000000001,0.011043658291044388,0.011039092739797385,1.8108842690851847e-298,4.565551246990354e-06,5.624338712079928e-18,False,False
110.15,0.01106561720781505,0.011060992141283291,8.228641903138414e-299,4.625066531765557e-06,5.1826178332762415e-18,False,False
110.2,0.011087387431615104,0.011082702126324302,3.7373850626339816e-299,4.685305290793556e-06,4.775113729278814e-18,False,False
110.25,0.011108967685554264,0.011104221409962258,1.6967182989980463e-299,4.746275592003611e-06,4.3992138182178194e-18,False,False
110.30000000000001,0.011130356702346215,0.011125548716762529,7.699346368806089e-300,4.807985583678603e-06,4.0525020066073714e-18,False,False
110.35000000000001,0.011151553224434896,0.011146682780939764,3.492208677294247e-300,4.870443495134112e-06,3.7327441447048175e-18,False,False
110.4,0.011172556004120359,0.011167622346482962,1.5832472134456025e-300,4.9336576374018945e-06,3.4378745406148297e-18,False,False
110.45,0.01119336380368358,0.011188366167279662,7.174629736558394e-301,4.997636403917463e-06,3.1659834574268147e-18,False,False
110.5,0.011213975395510575,0.011208913007239365,3.2497688367780754e-301,5.062388271212131e-06,2.9153055229816246e-18,False,False
110.55000000000001,0.01123438956221575,0.011229261640416143,1.4713217734925685e-301,5.127921799609247e-06,2.684208986816196e-18,False,False
110.60000000000001,0.011254605096764307,0.011249410851130376,6.65832622847787e-302,5.1942456339247304e-06,2.4711857634400748e-18,False,False
110.65,0.011274620802593846,0.011269359434089672,3.0117900445085627e-302,5.261368504172104e-06,2.2748422053864786e-18,False,False
110.7,0.011294435493735138,0.011289106194508876,1.36171597557642e-302,5.329299226271643e-06,2.09389055347616e-18,False,False
110.75,0.011314047994931974,0.011308649948229216,6.153902164446945e-303,5.398046702763975e-06,1.9271410154453457e-18,False,False
110.80000000000001,0.011333457141760052,0.011327989521836524,2.779821170222898e-303,5.46761992352804e-06,1.773494427550368e-18,False,False
110.85000000000001,0.01135266178074503,0.011347123752778522,1.2551202724363542e-303,5.538027966503285e-06,1.6319354569800367e-18,False,False
110.9,0.01137166076947964,0.011366051489481225,5.6644278077517356e-304,5.6092799984164136e-06,1.5015263058999392e-18,False,False
110.95,0.011390452976739815,0.011384771591464305,2.5552239162897855e-304,5.681385275512334e-06,1.3814008807423425e-18,False,False
111.0,0.011409037282599833,0.011403282929455553,1.15213692849042e-304,5.754353144289574e-06,1.270759392943891e-18,False,False
111.05000000000001,0.011427412578546561,0.01142158438550432,5.192559071145849e-305,5.828193042240052e-06,1.1688633597465753e-18,False,False
111.10000000000001,0.011445577767592516,0.01143967485309393,2.3391658252972566e-305,5.902914498593162e-06,1.0750309759189026e-18,False,False
111.15,0.011463531764388194,0.011457553237253136,1.0532774603946143e-305,5.978527135064464e-06,9.88632829338421e-19,False,False
111.2,0.0114812734953331,0.011475218454666489,4.740528768538711e-306,6.055040666608548e-06,9.090879353172909e-19,False,False
111.25,0.011498801898685837,0.011492669433783664,2.1326176443807333e-306,6.132464902176415e-06,8.358600663530439e-19,False,False
111.30000000000001,0.011516115924673206,0.011509905114927737,9.589620600677105e-307,6.210809745477285e-06,7.684543556635736e-19,False,False
111.35000000000001,0.011533214535598083,0.01152692445040234,4.3101468601443176e-307,6.290085195744712e-06,7.064141544223433e-19,False,False
111.4,0.011550096705946292,0.011543726404597783,1.9363547568360905e-307,6.3703013485072915e-06,6.493181240568488e-19,False,False
111.45,0.011566761422492366,0.011560309954096005,8.695208513711435e-308,6.451468396363671e-06,5.967775463194064e-19,False,False
111.5,0.01158320768440417,0.011576674087774411,3.9028089376273903e-308,6.533596629761994e-06,5.484338350879625e-19,False,False
111.55000000000001,0.01159943450334638,0.011592817806908599,1.7509623042733457e-308,6.61669643778386e-06,5.039562350165837e-19,False,False
111.60000000000001,0.011615440903582784,0.011608740125273864,7.85196793985975e-309,6.700778308932577e-06,4.630396932336673e-19,False,False
111.65,0.01163122592207754,0.011624440069245616,3.519512034705797e-309,6.785852831926069e-06,4.2540289128747043e-19,False,False
111.7,0.011646788608595027,0.011639916677898541,1.57684355422868e-309,6.871930696494056e-06,3.9078642546982637e-19,False,False
111.75,0.011662128025798782,0.011655169003104598,7.06150019409856e-310,6.959022694179711e-06,3.5895112451213373e-19,False,False
111.80000000000001,0.011677243249348932,0.011670196109629789,3.1608767302281e-310,7.047139719145835e-06,3.2967649445060165e-19,False,False
111.85000000000001,0.011692133367998686,0.011684997075229698,1.41423101986647e-310,7.136292768985339e-06,3.027592812025461e-19,False,False
111.9,0.011706797483689359,0.011699570990743818,6.3246336461486e-311,7.226492945536431e-06,2.7801214208671366e-19,False,False
111.95,0.011721234711644277,0.011713916960188583,2.827174434901e-311,7.3177514557020195e-06,2.552624181630555e-19,False,False
112.0,0.011735444180461423,0.011728034100849155,1.2631998097507e-311,7.410079612273634e-06,2.343509998624306e-19,False,False
112.05000000000001,0.011749425032204691,0.011741921543369931,5.641488586416e-312,7.503488834759928e-06,2.151312789300305e-19,False,False
112.10000000000001,0.011763176422493955,0.01175557843184373,2.51835871886e-312,7.597990650219377e-06,1.9746818021902766e-19,False,False
112.15,0.011776697520593812,0.011769003923899722,1.123682676e-312,7.693596694097779e-06,1.8123726734683224e-19,False,False
112.2,0.011789987509501052,0.011782197190789987,5.0115491567e-313,7.790318711069903e-06,1.6632391666806e-19,False,False
112.25,0.01180304558603065,0.011795157417474769,2.2340995418e-313,7.888168555885784e-06,1.5262255442750166e-19,False,False
112.30000000000001,0.011815870960900598,0.01180788380270638,9.9548623692e-314,7.987158194221394e-06,1.4003595233644553e-19,False,False
112.35000000000001,0.011828462858815265,0.011820375559111742,4.4337399423e-314,8.087299703533708e-06,1.2847457716780176e-19,False,False
112.4,0.011840820518547485,0.011832631913273571,1.9738192865e-314,8.188605273920425e-06,1.1785599029201892e-19,False,False
112.45,0.011852943193019152,0.011844652105810176,8.78307873e-315,8.291087208983938e-06,1.0810429337876785e-19,False,False
112.5,0.011864830149380565,0.011856435391453861,3.906504953e-315,8.394757926699828e-06,9.914961676982986e-20,False,False
112.55000000000001,0.011876480669088222,0.011867981039127935,1.73672957e-315,8.499629960289823e-06,9.092764728899383e-20,False,False
112.60000000000001,0.01188789404798137,0.011879288332022283,7.7175283e-316,8.60571595909907e-06,8.337919249586369e-20,False,False
112.65,0.011899069596357044,0.011890356567667562,3.4278869e-316,8.713028689478135e-06,7.644977861390121e-20,False,False
112.7,0.01191000663904357,0.011901185058007902,1.5218679e-316,8.821581035669098e-06,7.008927957025078e-20,False,False
112.75,0.011920704515472887,0.0119117731294722,6.7535113e-317,8.931386000696267e-06,6.425157477659242e-20,False,False
112.80000000000001,0.011931162579751199,0.011922120123043948,2.995605e-317,9.042456707261401e-06,5.88942334581284e-20,False,False
112.85000000000001,0.011941380200728213,0.011932225394329575,1.3281334e-317,9.154806398642901e-06,5.3978223502405415e-20,False,False
112.9,0.011951356762064956,0.011942088313625355,5.88574e-318,9.268448439600164e-06,4.946764295214193e-20,False,False
112.95,0.011961091662300055,0.01195170826598278,2.60713e-318,9.383396317281642e-06,4.53294724075265e-20,False,False
113.0,0.011970584314914599,0.01196108465127247,1.15432e-318,9.499663642137663e-06,4.1533346734115814e-20,False,False
113.05000000000001,0.011979834148395402,0.011970216884246572,5.1085e-319,9.61726414883762e-06,3.805134459361928e-20,False,False
113.10000000000001,0.01198884060629681,0.011979104394599618,2.25976e-319,9.736211697191332e-06,3.485779442690058e-20,False,False
113.15,0.011997603147300981,0.011987746627027908,9.9915e-320,9.856520273075144e-06,3.1929095622276004e-20,False,False
113.2,0.012006121245276674,0.01199614304128732,4.416e-320,9.978203989362096e-06,2.9243553698261065e-20,False,False
113.25,0.012014394389336448,0.012004293112249598,1.9506e-320,1.0101277086856547e-05,2.6781228418731865e-20,False,False
113.30000000000001,0.012022422083892316,0.01201219632995709,8.61e-321,1.0225753935233246e-05,2.452379384075043e-20,False,False
113.35000000000001,0.012030203848709887,0.012019852199675914,3.8e-321,1.0351649033980458e-05,2.2454409371372307e-20,False,False
113.4,0.012037739218960942,0.012027260241947597,1.675e-321,1.0478977013347909e-05,2.0557600980139854e-20,False,False
113.45,0.012045027745274396,0.012034419992639097,7.4e-322,1.0607752635298575e-05,1.8819151779113997e-20,False,False
113.5,0.012052068993785744,0.012041331002991278,3.26e-322,1.073799079446502e-05,1.722600124248319e-20,False,False
113.55000000000001,0.012058862546184898,0.012047992839665789,1.43e-322,1.0869706519110064e-05,1.5766152393518863e-20,False,False
113.60000000000001,0.01206540799976243,0.012054405084790335,6.4e-323,1.1002914972091478e-05,1.4428586338144193e-20,False,False
113.65,0.012071704967454215,0.01206056733600238,3e-323,1.1137631451831394e-05,1.3203183571997084e-20,False,False
113.7,0.012077753077884496,0.012066479206491218,1e-323,1.1273871393289562e-05,1.2080651531921636e-20,False,False
113.75,0.012083551975407374,0.012072140325038441,5e-324,1.141165036894109e-05,1.1052457903494917e-20,False,False
113.80000000000001,0.012089101320146534,0.012077550336056784,5e-324,1.1550984089758316e-05,1.0110769233835702e-20,False,False
113.85000000000001,0.012094400788033552,0.012082708899627355,0.0,1.1691888406196882e-05,9.248394433701996e-21,False,False
113.9,0.01209945007084442,0.01208761569153523,0.0,1.1834379309186229e-05,8.458732785009096e-21,False,False
113.95,0.012104248876234526,0.012092270403303408,0.0,1.1978472931123972e-05,7.735726099599718e-21,False,False
114.0,0.012108796927772022,0.012096672742225149,0.0,1.2124185546874702e-05,7.073814702506927e-21,False,False
114.05000000000001,0.012113093964969396,0.012100822431394627,0.0,1.2271533574772788e-05,6.467896938301607e-21,False,False
114.10000000000001,0.012117139743313604,0.012104719209735975,0.0,1.2420533577629288e-05,5.913291922511424e-21,False,False
114.15,0.012120934034294392,0.012108362832030662,0.0,1.2571202263743283e-05,5.4057052817114374e-21,False,False
114.2,0.012124476625431108,0.0121117530689432,0.0,1.2723556487916935e-05,4.94119764585313e-21,False,False
114.25,0.012127767320297684,0.012114889707045213,0.0,1.2877613252474878e-05,4.516155674819189e-21,False,False
114.30000000000001,0.012130805938546098,0.012117772548837821,0.0,1.3033389708287617e-05,4.127265418213973e-21,False,False
114.35000000000001,0.012133592315928183,0.012120401412772376,0.0,1.3190903155798764e-05,3.7714878231051975e-21,False,False
114.4,0.012136126304315558,0.012122776133269505,0.0,1.3350171046056805e-05,3.4460362189295385e-21,False,False
114.45,0.01213840777171825,0.012124896560736502,0.0,1.351121098175039e-05,3.148355622162151e-21,False,False
114.5,0.012140436602301269,0.01212676256158303,0.0,1.3674040718247741e-05,2.8761037156933157e-21,False,False
114.55000000000001,0.012142212696399778,0.012128374018235147,0.0,1.3838678164640247e-05,2.627133369255194e-21,False,False
114.60000000000001,0.012143735970532438,0.01212973082914765,0.0,1.4005141384789525e-05,2.399476577753998e-21,False,False
114.65,0.012145006357413123,0.012130832908814749,0.0,1.4173448598379016e-05,2.191329704060301e-21,False,False
114.7,0.012146023805961002,0.012131680187779038,0.0,1.4343618181968952e-05,2.001039921761082e-21,False,False
114.75,0.012146788281308852,0.012132272612638797,0.0,1.4515668670055462e-05,1.8270927616242937e-21,False,False
114.80000000000001,0.01214729976480974,0.012132610146053602,0.0,1.4689618756133471e-05,1.6681006731397013e-21,False,False
114.85000000000001,0.012147558254042005,0.012132692766748238,0.0,1.4865487293763232e-05,1.5227925195164935e-21,False,False
114.9,0.012147563762812584,0.012132520469514947,0.0,1.5043293297641082e-05,1.3900039309866155e-21,False,False
114.95,0.012147316321158634,0.012132093265213965,0.0,1.5223055944673554e-05,1.2686684472301964e-21,False,False
115.0,0.01214681597534745,0.012131411180772392,0.0,1.5404794575055386e-05,1.1578093852351312e-21,False,False
115.05000000000001,0.012146062787874702,0.012130474259181347,0.0,1.5588528693351272e-05,1.0565323739721901e-21,False,False
115.10000000000001,0.012145056837461045,0.012129282559491469,0.0,1.57742779695811e-05,9.640185019374719e-22,False,False
115.15,0.012143798219047009,0.012127836156806703,0.0,1.596206224030922e-05,8.7951802791658e-22,False,False
115.2,0.012142287043786157,0.012126135142276416,0.0,1.615190150973708e-05,8.023446092925599e-22,False,False
115.25,0.012140523439036629,0.012124179623085821,0.0,1.634381595079932e-05,7.3187000587067015e-22,False,False
115.30000000000001,0.012138507548350984,0.012121969722444725,0.0,1.653782590626378e-05,6.67519220560126e-22,False,False
115.35000000000001,0.012136239531464416,0.012119505579574585,0.0,1.67339518898346e-05,6.0876604135220205e-22,False,False
115.4,0.01213371956428115,0.012116787349693894,0.0,1.693221458725947e-05,5.551289518885537e-22,False,False
115.45,0.012130947838859327,0.012113815204001883,0.0,1.7132634857439573e-05,5.061673805437106e-22,False,False
115.5,0.012127924563394095,0.012110589329660554,0.0,1.7335233733543536e-05,4.614782603650718e-22,False,False
115.55000000000001,0.012124649962199158,0.01210710992977503,0.0,1.754003242412457e-05,4.206928744433032e-22,False,False
115.60000000000001,0.01212112427568649,0.012103377223372255,0.0,1.774705231424072e-05,3.834739633374421e-22,False,False
115.65,0.012117347760344567,0.012099391445377996,0.0,1.7956314966579082e-05,3.4951307306708716e-22,False,False
115.7,0.012113320688714803,0.012095152846592223,0.0,1.8167842122582677e-05,3.185281239228349e-22,False,False
115.75,0.01210904334936636,0.012090661693662784,0.0,1.838165570358085e-05,2.90261181944802e-22,False,False
115.80000000000001,0.01210451604686938,0.012085918269057465,0.0,1.859777781192292e-05,2.64476416391364e-22,False,False
115.85000000000001,0.01209973910176649,0.012080922871034374,0.0,1.8816230732114754e-05,2.4095822787411717e-22,False,False
115.9,0.012094712850542646,0.012075675813610683,0.0,1.9037036931958916e-05,2.195095330806646e-22,False,False
115.95,0.012089437645593431,0.012070177426529738,0.0,1.9260219063697526e-05,1.999501931530166e-22,False,False
116.0,0.01208391385519166,0.012064428055226504,0.0,1.948579996515826e-05,1.8211557384281884e-22,False,False
116.05000000000001,0.01207814186345232,0.01205842806079142,0.0,1.9713802660903542e-05,1.6585522653420027e-22,False,False
116.10000000000001,0.012072122070295963,0.012052177819932581,0.0,1.9944250363382323e-05,1.510316801160569e-22,False,False
116.15,0.01206585489141041,0.012045677724936333,0.0,2.0177166474085317e-05,1.3751933450498642e-22,False,False
116.2,0.012059340758210928,0.01203892818362623,0.0,2.0412574584702704e-05,1.2520344737358438e-22,False,False
116.25,0.012052580117798686,0.012031929619320394,0.0,2.065049847828482e-05,1.1397920633104503e-22,False,False
116.30000000000001,0.012045573432917664,0.012024682470787262,0.0,2.0890962130405784e-05,1.0375087943966263e-22,False,False
116.35000000000001,0.01203832118191008,0.012017187192199748,0.0,2.113398971032918e-05,9.443103753570279e-23,False,False
116.4,0.012030823858669971,0.012009444253087795,0.0,2.1379605582177842e-05,8.593984236057488e-23,False,False
116.45,0.012023081972595471,0.012001454138289364,0.0,2.162783430610477e-05,7.820439500224855e-23,False,False
116.5,0.012015096048539299,0.011993217347899831,0.0,2.1878700639467552e-05,7.11581396004373e-23,False,False
116.55000000000001,0.012006866626757822,0.01198473439721982,0.0,2.2132229538005195e-05,6.474031768599643e-23,False,False
116.60000000000001,0.011998394262858493,0.011976005816701484,0.0,2.2388446157017082e-05,5.889546890779578e-23,False,False
116.65,0.011989679527745748,0.011967032151893216,0.0,2.264737585254512e-05,5.357297425189853e-23,False,False
116.7,0.011980723007565374,0.01195781396338282,0.0,2.2909044182557536e-05,4.8726638180871925e-23,False,False
116.75,0.01197152530364728,0.011948351826739152,0.0,2.3173476908135524e-05,4.4314306417413815e-23,False,False
116.80000000000001,0.011962087032446885,0.011938646332452223,0.0,2.3440699994662006e-05,4.02975163687794e-23,False,False
116.85000000000001,0.0119524088254848,0.01192869808587179,0.0,2.371073961301246e-05,3.664117743833037e-23,False,False
116.9,0.011942491329285166,0.011918507707144426,0.0,2.3983622140748445e-05,3.331327869989304e-23,False,False
116.95,0.011932335205312406,0.011908075831149095,0.0,2.425937416331291e-05,3.0284621621178363e-23,False,False
117.0,0.011921941129906457,0.01189740310743123,0.0,2.453802247522747e-05,2.752857571563873e-23,False,False
117.05000000000001,0.01191130979421663,0.011886490200135337,0.0,2.481959408129212e-05,2.5020855179467366e-23,False,False
117.10000000000001,0.011900441904133906,0.011875337787936119,0.0,2.5104116197786316e-05,2.2739314733064532e-23,False,False
117.15,0.011889338180221802,0.011863946563968128,0.0,2.5391616253672805e-05,2.06637630355048e-23,False,False
117.2,0.01187799935764577,0.011852317235753978,0.0,2.5682121891802552e-05,1.8775792177438265e-23,False,False
117.25,0.011866426186101233,0.011840450525131115,0.0,2.5975660970121786e-05,1.7058621883360112e-23,False,False
117.30000000000001,0.01185461942974002,0.011828347168177135,0.0,2.6272261562880803e-05,1.5496957169339104e-23,False,False
117.35000000000001,0.011842579867095554,0.011816007915133726,0.0,2.6571951961844084e-05,1.4076858307862394e-23,False,False
117.4,0.011830308291006626,0.01180343353032913,0.0,2.6874760677502785e-05,1.2785622048238274e-23,False,False
117.45,0.011817805508539562,0.011790624792099276,0.0,2.718071644028786e-05,1.1611673129770968e-23,False,False
117.5,0.01180507234090926,0.011777582492707482,0.0,2.7489848201785468e-05,1.0544465206241286e-23,False,False
117.55000000000001,0.011792109623398743,0.011764307438262792,0.0,2.7802185135953096e-05,9.574390374812023e-24,False,False
117.60000000000001,0.011778918205277296,0.011750800448636967,0.0,2.811775664033734e-05,8.692696570807693e-24,False,False
117.65,0.011765498949717373,0.01173706235738008,0.0,2.8436592337293324e-05,7.891412152435128e-24,False,False
117.7,0.011751852733710025,0.011723094011634827,0.0,2.8758722075204667e-05,7.163277056906982e-24,False,False
117.75,0.01173798044797916,0.011708896272049456,0.0,2.9084175929705057e-05,6.501679961982543e-24,False,False
117.80000000000001,0.011723882996894317,0.011694470012689421,0.0,2.9412984204900852e-05,5.900600935113264e-24,False,False
117.85000000000001,0.011709561298382324,0.011679816120947725,0.0,2.974517743459415e-05,5.354559096487327e-24,False,False
117.9,0.011695016283837449,0.011664935497453947,0.0,3.008078638350784e-05,4.858564862665779e-24,False,False
117.95,0.01168024889803053,0.011649829055982023,0.0,3.0419842048510588e-05,4.408076374512153e-24,False,False
118.0,0.0116652600990166,0.011634497723356755,0.0,3.0762375659842956e-05,3.998959746983659e-24,False,False
118.05000000000001,0.011650050858041399,0.011618942439359061,0.0,3.1108418682344315e-05,3.627452809380481e-24,False,False
118.10000000000001,0.011634622159446686,0.011603164156630005,0.0,3.1458002816680045e-05,3.29013203304198e-24,False,False
118.15,0.01161897500057414,0.011587163840573582,0.0,3.181116000056995e-05,2.983882369471871e-24,False,False
118.2,0.01160311039166833,0.011570942469258315,0.0,3.216792241001653e-05,2.7058697456696793e-24,False,False
118.25,0.011587029355778185,0.011554501033317649,0.0,3.252832246053394e-05,2.4535159852134907e-24,False,False
118.30000000000001,0.011570732928657521,0.011537840535849149,0.0,3.28923928083774e-05,2.2244759435668587e-24,False,False
118.35000000000001,0.011554222158664352,0.01152096199231258,0.0,3.326016635177218e-05,2.0166166643110968e-24,False,False
118.4,0.01153749810665891,0.011503866430426763,0.0,3.36316762321441e-05,1.8279983796808585e-24,False,False
118.45,0.011520561845900704,0.011486554890065358,0.0,3.4006955835348736e-05,1.6568571940401526e-24,False,False
118.5,0.011503414461944379,0.011469028423151487,0.0,3.4386038792901385e-05,1.5015893028869751e-24,False,False
118.55000000000001,0.011486057052534472,0.011451288093551264,0.0,3.476895898320683e-05,1.3607366127394863e-24,False,False
118.60000000000001,0.011468490727499033,0.011433334976966249,0.0,3.515575053278863e-05,1.232973638926643e-24,False,False
118.65,0.011450716608642289,0.01141517016082477,0.0,3.554644781751894e-05,1.1170955689763212e-24,False,False
118.7,0.011432735829636099,0.011396794744172253,0.0,3.594108546384719e-05,1.0120073890530445e-24,False,False
118.75,0.01141454953591048,0.011378209837560454,0.0,3.633969835002874e-05,9.16713979813105e-25,False,False
118.80000000000001,0.011396158884543027,0.011359416562935676,0.0,3.6742321607352994e-05,8.30311096199918e-25,False,False
118.85000000000001,0.011377565044147374,0.011340416053526,0.0,3.714899062137066e-05,7.519771531523088e-25,False,False
118.9,0.01135876919476058,0.011321209453727459,0.0,3.755974103312112e-05,6.809657460076477e-25,False,False
118.95,0.011339772527729636,0.011301797918989274,0.0,3.797460874035807e-05,6.165988406048459e-25,False,False
119.0,0.011320576245596879,0.011282182615698109,0.0,3.839362989877481e-05,5.582605737756585e-25,False,False
119.05000000000001,0.011301181561984595,0.011262364721061369,0.0,3.881684092322873e-05,5.0539161010743195e-25,False,False
119.10000000000001,0.01128158970147856,0.011242345422989597,0.0,3.924427848896392e-05,4.574840056039345e-25,False,False
119.15,0.011261801899510718,0.011222125919977887,0.0,3.967597953283406e-05,4.140765332038166e-25,False,False
119.2,0.011241819402240975,0.011201707420986456,0.0,4.011198125452274e-05,3.7475042907420853e-25,False,False
119.25,0.011221643466438072,0.011181091145320312,0.0,4.0552321117763064e-05,3.391255222095661e-25,False,False
119.30000000000001,0.011201275359359584,0.011160278322508035,0.0,4.099703685155597e-05,3.0685671316604423e-25,False,False
119.35000000000001,0.011180716358631148,0.011139270192179758,0.0,4.1446166451386226e-05,2.776307707736642e-25,False,False
119.4,0.011159967752124671,0.011118068003944239,0.0,4.18997481804382e-05,2.5116341841812873e-25,False,False
119.45,0.011139030837835982,0.011096673017265177,0.0,4.235782057080848e-05,2.2719668399454476e-25,False,False
119.5,0.01111790692376142,0.011075086501336701,0.0,4.282042242471756e-05,2.0549648992539015e-25,False,False
119.55000000000001,0.01109659732777381,0.011053309734958088,0.0,4.328759281571933e-05,1.8585046172587816e-25,False,False
119.60000000000001,0.011075103377497618,0.011031344006407711,0.0,4.375937108990809e-05,1.680659355071737e-25,False,False
119.65,0.011053426410183345,0.011009190613316223,0.0,4.423579686712461e-05,1.5196814654800016e-25,False,False
119.7,0.011031567772581184,0.010986850862539034,0.0,4.471691004215889e-05,1.373985826530656e-25,False,False
119.75,0.01100952882081401,0.010964326070028061,0.0,4.520275078595065e-05,1.242134874645173e-25,False,False
119.80000000000001,0.010987310920249578,0.01094161756070279,0.0,4.5693359546788424e-05,1.1228250021362796e-25,False,False
119.85000000000001,0.010964915445372177,0.010918726668320665,0.0,4.618877705150402e-05,1.0148741960438471e-25,False,False
119.9,0.010942343779653441,0.01089565473534678,0.0,4.66890443066671e-05,9.172108061887336e-26,False,False
119.95,0.010919597315422745,0.010872403112822976,0.0,4.719420259977464e-05,8.288633403600603e-26,False,False
120.0,0.01089667745373674,0.010848973160236298,0.0,4.770429350043857e-05,7.489511936787839e-26,False,False
120.05000000000001,0.010873585604248384,0.010825366245386813,0.0,4.821935886157039e-05,6.766762275042717e-26,False,False
120.10000000000001,0.010850323185075474,0.010801583744254913,0.0,4.8739440820561974e-05,6.113151208357036e-26,False,False
120.15,0.010826891622668401,0.010777627040867948,0.0,4.9264581800464584e-05,5.522124240729216e-26,False,False
120.2,0.010803292351677556,0.010753497527166391,0.0,4.9794824511163125e-05,4.987742513020129e-26,False,False
120.25,0.010779526814819966,0.010729196602869421,0.0,5.033021195054762e-05,4.5046255301012757e-26,False,False
120.30000000000001,0.010755596462745681,0.01070472567534001,0.0,5.087078740568111e-05,4.067899163643087e-26,False,False
120.35000000000001,0.010731502753903483,0.010680086159449518,0.0,5.141659445396337e-05,3.673148449531072e-26,False,False
120.4,0.010707247154406057,0.010655279477441762,0.0,5.1967676964291955e-05,3.316374742288673e-26,False,False
120.45,0.010682831137894897,0.010630307058796683,0.0,5.252407909821802e-05,2.993956828414832e-26,False,False
120.5,0.01065825618540462,0.010605170340093529,0.0,5.308584531109896e-05,2.7026156365290715e-26,False,False
120.55000000000001,0.010633523785226867,0.01057987076487362,0.0,5.365302035324682e-05,2.439382214995398e-26,False,False
120.60000000000001,0.010608635432773801,0.010554409783502739,0.0,5.4225649271071325e-05,2.2015686775341411e-26,False,False
120.65,0.010583592630441289,0.010528788853033065,0.0,5.480377740822081e-05,1.9867418444937787e-26,False,False
120.7,0.010558396887471509,0.010503009437064802,0.0,5.538745040671612e-05,1.7926993321872148e-26,False,False
120.75,0.010533049719815484,0.010477073005607412,0.0,5.597671420808147e-05,1.6174478651975597e-26,False,False
120.80000000000001,0.01050755264999501,0.010450981034940538,0.0,5.657161505447015e-05,1.4591836070456928e-26,False,False
120.85000000000001,0.010481907206964404,0.010424735007474624,0.0,5.717219948978447e-05,1.3162743232483787e-26,False,False
120.9,0.010456114925971968,0.010398336411611177,0.0,5.777851436079235e-05,1.1872432077546416e-26,False,False
120.95,0.01043017734842104,0.010371786741602808,0.0,5.8390606818237255e-05,1.0707542191788173e-26,False,False
121.0,0.010404096021730948,0.010345087497413006,0.0,5.900852431794381e-05,9.655987872816119e-27,False,False
121.05000000000001,0.01037787249919754,0.010318240184575628,0.0,5.963231462191713e-05,8.706837629189622e-27,False,False
121.10000000000001,0.010351508339853682,0.010291246314054247,0.0,6.026202579943693e-05,7.850204962883035e-27,False,False
121.15,0.010325005108329314,0.010264107402101168,0.0,6.089770622814699e-05,7.077149388602917e-27,False,False
121.2,0.01029836437471152,0.010236824970116385,0.0,6.153940459513689e-05,6.379586739861815e-27,False,False
121.25,0.010271587714404319,0.010209400544506291,0.0,6.218716989801951e-05,5.750207898983438e-27,False,False
121.30000000000001,0.010244676707988253,0.010181835656542255,0.0,6.28410514460014e-05,5.182405167581053e-27,False,False
121.35000000000001,0.01021763294108004,0.010154131842219097,0.0,6.350109886094679e-05,4.67020556617836e-27,False,False
121.4,0.010190458004191829,0.010126290642113381,0.0,6.416736207843684e-05,4.20821041719937e-27,False,False
121.45,0.010163153492590489,0.010098313601241672,0.0,6.483989134882039e-05,3.791540625142466e-27,False,False
121.5,0.010135721006156954,0.010070202268918695,0.0,6.551873723825907e-05,3.4157871218850566e-27,False,False
121.55000000000001,0.010108162149245188,0.010041958198615421,0.0,6.620395062976596e-05,3.0769659942635283e-27,False,False
121.60000000000001,0.010080478530541375,0.010013582947817146,0.0,6.689558272423586e-05,2.7714778557618895e-27,False,False
121.65,0.010052671762922953,0.009985078077881482,0.0,6.759368504147078e-05,2.4960710647367456e-27,False,False
121.7,0.010024743463317604,0.009956445153896416,0.0,6.829830942119613e-05,2.247808428486484e-27,False,False
121.75,0.009996695252562391,0.009927685744538317,0.0,6.900950802407064e-05,2.0240370659542007e-27,False,False
121.80000000000001,0.009968528755262697,0.009898801421930014,0.0,6.97273333326887e-05,1.8223611322711655e-27,False,False
121.85000000000001,0.009940245599651497,0.009869793761498925,0.0,7.045183815257415e-05,1.640617135958967e-27,False,False
121.9,0.009911847417448357,0.00984066434183519,0.0,7.118307561316829e-05,1.476851604678374e-27,False,False
121.95,0.009883335843718767,0.009811414744549957,0.0,7.192109916880764e-05,1.3293008781755268e-27,False,False
122.0,0.009854712516733432,0.00978204655413374,0.0,7.26659625996953e-05,1.1963728277310338e-27,False,False
122.05000000000001,0.00982597907782773,0.009752561357814871,0.0,7.341772001286337e-05,1.0766303201708183e-27,False,False
122.10000000000001,0.009797137171261293,0.009722960745418159,0.0,7.417642584312631e-05,9.68776261512278e-28,False,False
122.15,0.00976818844407762,0.00969324630922359,0.0,7.494213485402781e-05,8.716400707596855e-28,False,False
122.2,0.009739134545964088,0.009663419643825307,0.0,7.57149021387772e-05,7.841654483738816e-28,False,False
122.25,0.00970997712911187,0.009633482345990702,0.0,7.649478312117723e-05,7.053993166489269e-28,False,False
122.30000000000001,0.00968071784807628,0.009603436014519746,0.0,7.728183355654365e-05,6.3448182075919745e-28,False,False
122.35000000000001,0.00965135835963718,0.009573282250104558,0.0,7.80761095326143e-05,5.706372896970833e-28,False,False
122.4,0.009621900322659593,0.009543022655189144,0.0,7.887766747045113e-05,5.131660658050396e-28,False,False
122.45,0.009592345397954791,0.009512658833829462,0.0,7.968656412533036e-05,4.614371202069949e-28,False,False
122.5,0.009562695248141356,0.009482192391553727,0.0,8.050285658762453e-05,4.148813792410943e-28,False,False
122.55000000000001,0.009532951537506669,0.009451624935222992,0.0,8.132660228367431e-05,3.729856940665485e-28,False,False
122.60000000000001,0.00950311593186874,0.0094209580728921,0.0,8.215785897664972e-05,3.3528739202629733e-28,False,False
122.65,0.009473190098438243,0.009390193413670844,0.0,8.299668476740312e-05,3.013693541563784e-28,False,False
122.7,0.00944317570568088,0.00935933256758557,0.0,8.384313809530984e-05,2.70855568498984e-28,False,False
122.75,0.009413074423180186,0.009328377145441089,0.0,8.469727773909978e-05,2.434071136469532e-28,False,False
122.80000000000001,0.009382887921500618,0.009297328758682942,0.0,8.555916281767786e-05,2.1871853127192763e-28,False,False
122.85000000000001,0.009352617872051057,0.009266189019260134,0.0,8.642885279093336e-05,1.965145503056504e-28,False,False
122.9,0.009322265946948674,0.009234959539488139,0.0,8.73064074605398e-05,1.7654712899285015e-28,False,False
122.95,0.009291833818883176,0.009203641931912433,0.0,8.819188697074221e-05,1.5859278424945842e-28,False,False
123.0,0.009261323160981562,0.009172237809172432,0.0,8.908535180913386e-05,1.4245018067133736e-28,False,False
123.05000000000001,0.00923073564667327,0.009140748783865844,0.0,8.998686280742163e-05,1.2793795417622791e-28,False,False
123.10000000000001,0.009200072949555755,0.009109176468413574,0.0,9.089648114217901e-05,1.1489274764956555e-28,False,False
123.15,0.009169336743260549,0.00907752247492497,0.0,9.181426833558915e-05,1.031674381270956e-28,False,False
123.2,0.009138528701319886,0.009045788415063712,0.0,9.274028625617426e-05,9.262953700508178e-29,False,False
123.25,0.009107650497033618,0.009013975899914114,0.0,9.367459711951342e-05,8.315974654085553e-29,False,False
123.30000000000001,0.009076703803336948,0.008982086539848005,0.0,9.461726348894936e-05,7.465065751077791e-29,False,False
123.35000000000001,0.009045690292668423,0.008950121944392138,0.0,9.556834827627921e-05,6.700557434446031e-29,False,False
123.4,0.009014611636838562,0.008918083722096124,0.0,9.652791474243878e-05,6.013745536792447e-29,False,False
123.45,0.008983469506899149,0.008885973480400981,0.0,9.749602649816791e-05,5.396795697738291e-29,False,False
123.5,0.008952265573012921,0.008853792825508253,0.0,9.847274750466647e-05,4.8426571640859355e-29,False,False
123.55000000000001,0.008921001504323942,0.008821543362249705,0.0,9.945814207423632e-05,4.344985059809701e-29,False,False
123.60000000000001,0.008889678968828614,0.008789226693957713,0.0,0.00010045227487090913,3.8980703009443473e-29,False,False
123.65,0.008858299633247208,0.00875684442233614,0.0,0.0001014552109110633,3.496776410058304e-29,False,False
123.7,0.00882686516289601,0.008724398147331995,0.0,0.00010246701556402368,3.136482557008568e-29,False,False
123.75,0.008795377221560324,0.008691889467007673,0.0,0.00010348775455265088,2.813032217784472e-29,False,False
123.80000000000001,0.008763837471367783,0.00865931997741387,0.0,0.00010451749395391407,2.522686902126308e-29,False,False
123.85000000000001,0.008732247572662688,0.008626691272463242,0.0,0.0001055563001994503,2.2620844538320696e-29,False,False
123.9,0.008700609183880739,0.008594004943804636,0.0,0.00010660424007611132,2.028201475784471e-29,False,False
123.95,0.008668923961424648,0.008561262580698155,0.0,0.00010766138072649303,1.818319475225889e-29,False,False
124.0,0.008637193559540346,0.008528465769890895,0.0,0.0001087277896494518,1.6299943641173018e-29,False,False
124.05000000000001,0.008605419630193997,0.008495616095493395,0.0,0.00010980353470060632,1.4610289849432874e-29,False,False
124.10000000000001,0.008573603822949732,0.008462715138856906,0.0,0.00011088868409282208,1.3094483644253174e-29,False,False
124.15,0.008541747784847994,0.008429764478451311,0.0,0.00011198330639668445,1.1734774266075547e-29,False,False
124.2,0.00850985316028488,0.008396765689743929,0.0,0.0001130874705409526,1.0515209229825082e-29,False,False
124.25,0.008477921590892038,0.008363720345079042,0.0,0.00011420124581299973,9.421453609906607e-30,False,False
124.30000000000001,0.008445954715417463,0.008330630013558228,0.0,0.00011532470185923765,8.440627336067098e-30,False,False
124.35000000000001,0.008413954169607076,0.008297496260921546,0.0,0.0001164579086855232,7.561158720311766e-30,False,False
124.4,0.008381921586087002,0.008264320649429457,0.0,0.00011760093665755248,6.77265260940301e-30,False,False
124.45,0.008349858594246888,0.008231104737745656,0.0,0.00011875385650123463,6.065771714894629e-30,False,False
124.5,0.008317766820123777,0.008197850080820723,0.0,0.00011991673930305199,5.432129814769405e-30,False,False
124.55000000000001,0.008285647886287,0.008164558229776606,0.0,0.00012108965651040167,4.8641956490503675e-30,False,False
124.60000000000001,0.008253503411723965,0.008131230731792045,0.0,0.0001222726799319206,4.3552064475610054e-30,False,False
124.65,0.008221335011726545,0.008097869129988748,0.0,0.00012346588173779499,3.8990901325287326e-30,False,False
124.7,0.008189144297778625,0.00806447496331858,0.0,0.00012466933446005055,3.490395333051329e-30,False,False
124.75,0.008156932877444404,0.008031049766451576,0.0,0.00012588311099282642,3.1242284335551334e-30,False,False
124.80000000000001,0.008124702354257532,0.007997595069664897,0.0,0.00012710728459263096,2.79619695516733e-30,False,False
124.85000000000001,0.008092454327611286,0.007964112398732714,0.0,0.0001283419288785789,2.502358638203301e-30,False,False
124.9,0.008060190392649574,0.007930603274816959,0.0,0.00012958711783261296,2.2391756564607143e-30,False,False
124.95,0.008027912140158796,0.007897069214359087,0.0,0.00013084292579970447,2.0034734503802103e-30,False,False
125.0,0.007995621156460807,0.00786351172897277,0.0,0.00013210942748803718,1.792403716964563e-30,False,False
125.05000000000001,0.007963319023306676,0.007829932325337505,0.0,0.00013338669796917206,1.603411140189968e-30,False,False
125.10000000000001,0.007931007317771474,0.007796332505093278,0.0,0.00013467481267819188,1.434203486975237e-30,False,False
125.15,0.007898687612149924,0.0077627137647361,0.0,0.00013597384741383044,1.282724731039319e-30,False,False
125.2,0.007866361473853192,0.007729077595514606,0.0,0.0001372838783385789,1.1471309005710803e-30,False,False
125.25,0.007834030465306393,0.007695425483327622,0.0,0.0001386049819787743,1.0257683759146159e-30,False,False
125.30000000000001,0.007801696143847393,0.007661758908622727,0.0,0.00013993723522466876,9.171543907646794e-31,False,False
125.35000000000001,0.007769360061626363,0.007628079346295879,0.0,0.00014128071533047723,8.199595149609326e-31,False,False
125.4,0.007737023765506359,0.007594388265591959,0.0,0.00014263549991440865,7.3299191913080055e-31,False,False
125.45,0.007704688796965114,0.00756068713000644,0.0,0.00014400166695867318,6.551832413987967e-31,False,False
125.5,0.007672356691997528,0.0075269773971880565,0.0,0.00014537929480947163,5.855758943679558e-31,False,False
125.55000000000001,0.007640028981019458,0.007493260518842499,0.0,0.00014676846217696331,5.23311666783492e-31,False,False
125.60000000000001,0.007607707188772437,0.007459537940637221,0.0,0.0001481692481352124,4.676214888837669e-31,False,False
125.65,0.007575392834229321,0.007425811102107201,0.0,0.00014958173212211576,4.178162435878483e-31,False,False
125.7,0.007543087430501181,0.007392081436561875,0.0,0.00015100599393930793,3.732785175059505e-31,False,False
125.75,0.007510792484745128,0.007358350370993083,0.0,0.00015244211375204395,3.3345519641666296e-31,False,False
125.80000000000001,0.00747850949807317,0.007324619325984099,0.0,0.0001538901720890632,2.9785081945050088e-31,False,False
125.85000000000001,0.007446239965462228,0.0072908897156198004,0.0,0.00015535024984242806,2.660216148574677e-31,False,False
125.9,0.007413985375665176,0.007257162947397827,0.0,0.00015682242826734515,2.3757014801143956e-31,False,False
125.95,0.0073817472111228875,0.007223440422140933,0.0,0.00015830678898196037,2.121405193026474e-31,False,False
126.0,0.00734952694787754,0.007189723533910402,0.0,0.00015980341396713385,1.8941405586688398e-31,False,False
126.05000000000001,0.007317326055486756,0.007156013669920563,0.0,0.00016131238556619208,1.6910544676735777e-31,False,False
126.10000000000001,0.007285145996939151,0.007122312210454488,0.0,0.00016283378648465546,1.5095927634378975e-31,False,False
126.15,0.00725298822857063,0.007088620528780681,0.0,0.00016436769978994697,1.347469150304801e-31,False,False
126.2,0.007220854199982113,0.007054939991071037,0.0,0.00016591420891107412,1.2026373107150493e-31,False,False
126.25,0.007188745353958116,0.0070212719563198306,0.0,0.0001674733976382887,1.0732659027255405e-31,False,False
126.30000000000001,0.007156663126386613,0.006987617776263887,0.0,0.00016904535012272434,9.577161426687794e-32,False,False
126.35000000000001,0.007124608946179926,0.006953978795303916,0.0,0.0001706301508760069,8.545217077451768e-32,False,False
126.4,0.0070925842351967396,0.006920356350426902,0.0,0.00017222788476984647,7.623707203287043e-32,False,False
126.45,0.007060590408165335,0.0068867517711297364,0.0,0.00017383863703560024,6.800896000336738e-32,False,False
126.5,0.007028628872607779,0.006853166379343963,0.0,0.00017546249326381338,6.066285914032941e-32,False,False
126.55000000000001,0.0069967010287654095,0.0068196014893616794,0.0,0.00017709953940373615,5.410487946897846e-32,False,False
126.60000000000001,0.006964808269525444,0.00678605840776263,0.0,0.0001787498617628129,4.825105448193364e-32,False,False
126.65,0.006932951980348562,0.006752538433342401,0.0,0.0001804135470061517,4.302629994729408e-32,False,False
126.7,0.006901133539197805,0.0067190428570418435,0.0,0.00018209068215596422,3.836348114465812e-32,False,False
126.75,0.0068693543164686345,0.0066855729618776494,0.0,0.00018378135459098206,3.4202577324104947e-32,False,False
126.80000000000001,0.006837615674919933,0.006652130022874084,0.0,0.00018548565204584903,3.048993333201242e-32,False,False
126.85000000000001,0.006805918969606425,0.006618715306995942,0.0,0.00018720366261048324,2.7177589379542346e-32,False,False
126.9,0.006774265547812026,0.006585330073082607,0.0,0.00018893547472942032,2.4222680856549795e-32,False,False
126.95,0.006742656748984478,0.006551975571783358,0.0,0.00019068117720112438,2.1586900926184443e-32,False,False
127.0,0.006711093904671117,0.006518653045493841,0.0,0.00019244085917727606,1.923601938299293e-32,False,False
127.05000000000001,0.006679578338455746,0.006485363728293711,0.0,0.00019421461016203337,1.7139451928643373e-32,False,False
127.10000000000001,0.006648111365896769,0.006452108845885512,0.0,0.00019600252001126416,1.5269874622042306e-32,False,False
127.15,0.006616694294466401,0.006418889615534646,0.0,0.00019780467893175656,1.3602878801676492e-32,False,False
127.2,0.006585328423491043,0.006385707246010642,0.0,0.0001996211774803968,1.2116662263668428e-32,False,False
127.25,0.006554015044092886,0.006352562937529569,0.0,0.00020145210656332337,1.0791752914924178e-32,False,False
127.30000000000001,0.006522755439132667,0.006319457881697613,0.0,0.00020329755743505307,9.610761511950087e-33,False,False
127.35000000000001,0.006491550883153515,0.006286393261455934,0.0,0.0002051576216975775,8.558160446949626e-33,False,False
127.4,0.00646040264232604,0.006253370251026607,0.0,0.0002070323912994358,7.620085857770597e-33,False,False
127.45,0.006429311974394601,0.006220390015859844,0.0,0.0002089219585347561,6.784160620854884e-33,False,False
127.5,0.006398280128624659,0.0061874537125823845,0.0,0.00021082641604226951,6.03933603982027e-33,False,False
127.55000000000001,0.006367308345751355,0.006154562488947062,0.0,0.000212745856804297,5.375750269673394e-33,False,False
127.60000000000001,0.006336397857929331,0.006121717483783629,0.0,0.00021468037414570492,4.7846017205713656e-33,False,False
127.65,0.006305549888683521,0.006088919826950677,0.0,0.0002166300617328365,4.258035867914683e-33,False,False
127.7,0.0062747656528612545,0.006056170639288845,0.0,0.0002185950135724097,3.7890440595329236e-33,False,False
127.75,0.006244046356585573,0.0060234710325751855,0.0,0.0002205753240103887,3.3713730577347707e-33,False,False
127.80000000000001,0.006213393197209539,0.005990822109478708,0.0,0.00022257108773082547,2.9994441857955395e-33,False,False
127.85000000000001,0.006182807363271851,0.005958224963517182,0.0,0.00022458239975466998,2.6682810665977403e-33,False,False
127.9,0.00615229003445358,0.0059256806790150204,0.0,0.00022660935543855512,2.3734450470280203e-33,False,False
127.95,0.006121842381536021,0.0058931903310624765,0.0,0.0002286520504735484,2.11097749663783e-33,False,False
128.0,0.006091465566359817,0.005860754985475943,0.0,0.0002307105808838727,1.8773482541105e-33,False,False
128.05,0.006061160741785087,0.00582837569875948,0.0,0.00023278504302560101,1.669409571277208e-33,False,False
128.1,0.006030929051652863,0.005796053518067555,0.0,0.00023487553358531442,1.4843549726886932e-33,False,False
128.15,0.006000771630747588,0.005763789481168847,0.0,0.00023698214957873956,1.3196825099031895e-33,False,False
128.20000000000002,0.005970689604760768,0.0057315846164114285,0.0,0.00023910498834934206,1.1731619444300821e-33,False,False
128.25,0.005940684090255873,0.005699439942688976,0.0,0.00024124414756689932,1.04280544232584e-33,False,False
128.3,0.005910756194634185,0.005667356469408141,0.0,0.000243399725226042,9.268414073756229e-34,False,False
128.35,0.005880907016102044,0.005635335196457297,0.0,0.0002455718196447532,8.236911191359379e-34,False,False
128.4,0.005851137643639024,0.005603377114176174,0.0,0.00024776052946285347,7.319478773340907e-34,False,False
128.45000000000002,0.005821449156967377,0.0055714832033269416,0.0,0.0002499659536404362,6.503583856585235e-34,False,False
128.5,0.005791842626522551,0.005539654435066276,0.0,0.00025218819145628304,5.778061361989274e-34,False,False
128.55,0.005762319113424831,0.005507891770918593,0.0,0.00025442734250624824,5.1329658106192215e-34,False,False
128.6,0.005732879669452227,0.005476196162750624,0.0,0.00025668350670159687,4.5594390030075225e-34,False,False
128.65,0.005703525337014217,0.005444568552746881,0.0,0.00025895678426733084,4.049591955301647e-34,False,False
128.70000000000002,0.005674257149126993,0.0054130098733865374,0.0,0.0002612472757404629,3.5963995670529094e-34,False,False
128.75,0.005645076129389561,0.005381521047421289,0.0,0.0002635550819682705,3.1936066574048734e-34,False,False
128.8,0.0056159832919608806,0.005350102987854362,0.0,0.00026588030410651636,2.835644151357675e-34,False,False
128.85,0.005586979641538452,0.0053187565979208274,0.0,0.0002682230436176247,2.51755432740869e-34,False,False
128.9,0.005558066173337661,0.005287482771068817,0.0,0.00027058340226884136,2.2349241537930597e-34,False,False
128.95000000000002,0.005529243873072442,0.005256282390942099,0.0,0.00027296148213034303,1.983825844237663e-34,False,False
129.0,0.005500513716936973,0.005225156331363647,0.0,0.0002753573855733246,1.760763856842887e-34,False,False
129.05,0.005471876671588357,0.0051941054563203045,0.0,0.0002777712152680546,1.5626276426041037e-34,False,False
129.1,0.005443333694130642,0.005163130619948767,0.0,0.00028020307418187893,1.3866495241936643e-34,False,False
129.15,0.0054148857320996105,0.005132232666522393,0.0,0.00028265306557721836,1.2303671518653453e-34,False,False
129.20000000000002,0.0053865337234489255,0.005101412430439417,0.0,0.0002851212930095036,1.091590042562501e-34,False,False
129.25,0.0053582785965371575,0.005070670736212069,0.0,0.0002876078603250941,9.683697612267109e-35,False,False
129.3,0.005330121270115966,0.005040008398456806,0.0,0.0002901128716591615,8.589733505979691e-35,False,False
129.35,0.005302062653319333,0.0050094262218858135,0.0,0.0002926364314335238,7.618596580548519e-35,False,False
129.4,0.005274103645653788,0.004978925001299326,0.0,0.0002951786443544662,6.756582457953192e-35,False,False
129.45000000000002,0.00524624513698981,0.004948505521579302,0.0,0.0002977396154105059,5.991506043901417e-35,False,False
129.5,0.005218488007554127,0.0049181685576839985,0.0,0.00030031944987013535,5.3125341986659e-35,False,False
129.55,0.005190833127923148,0.004887914874643623,0.0,0.00030291825327952984,4.7100367139028947e-35,False,False
129.6,0.005163281359017429,0.0048577452275572145,0.0,0.0003055361314602075,4.175453606456713e-35,False,False
129.65,0.005135833552096995,0.004827660361590329,0.0,0.00030817319050667176,3.701176954734768e-35,False,False
129.70000000000002,0.005108490548758043,0.004797661011974049,0.0,0.0003108295367839995,3.280445694870927e-35,False,False
129.75,0.0050812531809302595,0.004767747904004849,0.0,0.000313505276925406,2.9072519649456875e-35,False,False
129.8,0.005054122270875299,0.004737921753045522,0.0,0.0003162005178297742,2.576257738250851e-35,False,False
129.85,0.005027098631186417,0.0047081832645272876,0.0,0.0003189153666591338,2.2827206228975615e-35,False,False
129.9,0.005000183064788823,0.004678533133952696,0.0,0.0003216499308361241,2.0224278267143828e-35,False,False
129.95000000000002,0.004973376364941198,0.004648972046899794,0.0,0.00032440431804140146,1.7916373949598514e-35,False,False
130.0,0.004946679315238157,0.004619500679027136,0.0,0.0003271786362110212,1.587025925242918e-35,False,False
130.05,0.004920092689613597,0.00459011969607981,0.0,0.00032997299353378545,1.4056420504820336e-35,False,False
130.1,0.004893617252345156,0.004560829753896621,0.0,0.00033278749844853784,1.2448650578473516e-35,False,False
130.15,0.00486725375805946,0.0045316314984180164,0.0,0.0003356222596414453,1.1023680804094407e-35,False,False
130.20000000000002,0.004841002951738478,0.0045025255656952635,0.0,0.00033847738604321563,9.760853595768544e-36,False,False
130.25,0.004814865568726713,0.004473512581900411,0.0,0.00034135298682629907,8.641831311167273e-36,False,False
130.3,0.0047888423347393,0.004444593163337252,0.0,0.0003442491714020489,7.650337363477462e-36,False,False
130.35,0.004762933965871206,0.004415767916453381,0.0,0.00034716604941782816,6.771926036025948e-36,False,False
130.4,0.00473714116860709,0.0043870374378529855,0.0,0.0003501037307541044,5.9937778384314933e-36,False,False
130.45000000000002,0.004711464639832306,0.004358402314310824,0.0,0.00035306232552148196,5.3045175889389365e-36,False,False
130.5,0.004685905066844679,0.004329863122786973,0.0,0.0003560419440577121,4.6940527157942836e-36,False,False
130.55,0.004660463127367168,0.0043014204304425065,0.0,0.000359042696924665,4.153429545246743e-36,False,False
130.6,0.004635139489561524,0.0042730747946562704,0.0,0.0003620646949052481,3.674705588590318e-36,False,False
130.65,0.0046099348120426245,0.004244826763042317,0.0,0.00036510804900030945,3.2508360588022255e-36,False,False
130.70000000000002,0.004584849743893978,0.0042166768734685015,0.0,0.0003681728704254795,2.8755730417309476e-36,False,False
130.75,0.004559884924683797,0.004188625654075801,0.0,0.0003712592706079894,2.5433759199468385e-36,False,False
130.8,0.004535040984481994,0.004160673623298535,0.0,0.00037436736118345154,2.2493318016363836e-36,False,False
130.85,0.004510318543878213,0.004132821289885627,0.0,0.0003774972539925843,1.989084844327455e-36,False,False
130.9,0.004485718214000414,0.004105069152922487,0.0,0.0003806490610779235,1.7587734856011044e-36,False,False
130.95000000000002,0.0044612405965345,0.004077417701854024,0.0,0.00038382289468046944,1.554974701930722e-36,False,False
131.0,0.004436886283744633,0.004049867416508322,0.0,0.00038701886723631145,1.3746545138214034e-36,False,False
131.05,0.004412655858494406,0.00402241876712119,0.0,0.00039023709137321345,1.2151240418208061e-36,False,False
131.1,0.004388549894268837,0.003995072214361696,0.0,0.00039347767990714403,1.0740004948867468e-36,False,False
131.15,0.0043645689551970925,0.0039678282093582986,0.0,0.0003967407458387919,9.49172541058371e-37,False,False
131.20000000000002,0.004340713596076047,0.003940687193726031,0.0,0.000400026402350016,8.387695713186257e-37,False,False
131.25,0.0043169843623946155,0.00391364959959434,0.0,0.00040333476280027416,7.4113442176467276e-37,False,False
131.3,0.004293381790358754,0.0038867158496357383,0.0,0.00040666594072301203,6.547991674630414e-37,False,False
131.35,0.0042699064069173735,0.0038598863570953853,0.0,0.0004100200498219937,5.784636443071618e-37,False,False
131.4,0.004246558729788864,0.0038331615258212427,0.0,0.0004133972039676217,5.109763933948887e-37,False,False
131.45000000000002,0.00422333926748841,0.0038065417502952223,0.0,0.000416797517193187,4.5131775643115945e-37,False,False
131.5,0.004200248519356035,0.003780027415664944,0.0,0.0004202211036910974,3.985848808875432e-37,False,False
131.55,0.004177286975585331,0.0037536188977762655,0.0,0.00042366807780907167,3.519784205374182e-37,False,False
131.6,0.004154455117252961,0.003727316563206693,0.0,0.00042713855404626614,3.1079074089508323e-37,False,False
131.65,0.004131753416348715,0.003701120769299324,0.0,0.0004306326470493964,2.7439546034660395e-37,False,False
131.70000000000002,0.004109182335806502,0.0036750318641977178,0.0,0.00043415047160878675,2.422381766650008e-37,False,False
131.75,0.0040867423295357615,0.003649050186881359,0.0,0.0004376921426543999,2.1382824540654275e-37,False,False
131.8,0.004064433842453633,0.0036231760672018162,0.0,0.0004412577752518256,1.8873149162438307e-37,False,False
131.85,0.004042257310517968,0.003597409825919758,0.0,0.00044484748459821,1.6656374961411682e-37,False,False
131.9,0.004020213160760613,0.0035717517747424336,0.0,0.0004484613860181736,1.4698513720611198e-37,False,False
131.95000000000002,0.00399830181132171,0.003546202216362048,0.0,0.0004520995949596594,1.296949816071231e-37,False,False
132.0,0.003976523671484436,0.003520761444494677,0.0,0.0004557622269897602,1.144273231113458e-37,False,False
132.05,0.003954879141710337,0.0034954297439198285,0.0,0.0004594493977905043,1.0094693128011684e-37,False,False
132.1,0.0039333686136753965,0.0034702073905208126,0.0,0.0004631612231545832,8.904577554435811e-38,False,False
132.15,0.003911992470306593,0.0034450946513255266,0.0,0.00046689781898106523,7.853989871638775e-38,False,False
132.20000000000002,0.0038907510858191413,0.003420091784548098,0.0,0.00047065930127104084,6.926664770072272e-38,False,False
132.25,0.003869644825754241,0.0033951990396309966,0.0,0.00047444578612324716,6.108222084624579e-38,False,False
132.3,0.0038486740470174163,0.0033704166572877652,0.0,0.0004782573897296492,5.385949595821619e-38,False,False
132.35,0.0038278390979174606,0.003345744869546502,0.0,0.0004820942283709638,4.748610705167058e-38,False,False
132.4,0.003807140318205867,0.0033211838997937006,0.0,0.0004859564184121696,4.1862741534697947e-38,False,False
132.45000000000002,0.003786578039116863,0.003296733962818915,0.0,0.0004898440762979486,3.6901632712448105e-38,False,False
132.5,0.003766152583407929,0.0032723952648598307,0.0,0.0004937573185481036,3.252522534483951e-38,False,False
132.55,0.003745864265400865,0.003248168003647922,0.0,0.0004976962617529411,2.8664994513613504e-38,False,False
132.6,0.003725713391023362,0.0032240523684547774,0.0,0.0005016610225685821,2.5260400293055775e-38,False,False
132.65,0.003705700257851056,0.0032000485401387857,0.0,0.000505651717712276,2.22579627050511e-38,False,False
132.70000000000002,0.0036858251551501694,0.003176156691192544,0.0,0.000509668463957631,1.961044320172476e-38,False,False
132.75,0.0036660883639204936,0.0031523769857906606,0.0,0.0005137113781298313,1.727612048242423e-38,False,False
132.8,0.0036464901569388825,0.003128709579838076,0.0,0.0005177805771008105,1.5218149838826184e-38,False,False
132.85,0.00362703079880337,0.0031051546210190063,0.0,0.0005218761777843633,1.340399645219135e-38,False,False
132.9,0.003607710545977455,0.003081712248846203,0.0,0.0005259982971312487,1.1804934157792325e-38,False,False
132.95000000000002,0.003588529646835091,0.0030583825947108766,0.0,0.0005301470521242199,1.0395602159128757e-38,False,False
133.0,0.003569488341706005,0.0030351657819329674,0.0,0.000534322559773034,9.153613032390043e-39,False,False
133.05,0.0035505868629213217,0.003012061925811896,0.0,0.0005385249371094219,8.059206122256992e-39,False,False
133.1,0.0035318254348598666,0.0029890711336778716,0.0,0.0005427543011819954,7.094941104419566e-39,False,False
133.15,0.0035132042739946154,0.0029661935049434722,0.0,0.0005470107690511436,6.245427087847931e-39,False,False
133.20000000000002,0.0034947235889397047,0.0029434291311558436,0.0,0.0005512944577838612,5.497083159628454e-39,False,False
133.25,0.003476383580497746,0.0029207780960491974,0.0,0.000555605484448551,4.837926744619246e-39,False,False
133.3,0.003458184441707514,0.0028982404755977234,0.0,0.0005599439661097912,4.257386568203489e-39,False,False
133.35,0.0034401263578920636,0.002875816338069034,0.0,0.000564310019823036,3.746137379020421e-39,False,False
133.4,0.00342220950670712,0.002853505744077811,0.0,0.0005687037626293112,3.295953915101628e-39,False,False
133.45000000000002,0.003404434058189866,0.0028313087466400343,0.0,0.0005731253115498355,2.8995818861391752e-39,False,False
133.5,0.003386800174808078,0.0028092253912274595,0.0,0.00057757478358062,2.550624000835287e-39,False,False
133.55,0.0033693080115094797,0.0027872557158224497,0.0,0.0005820522956870327,2.243439295226642e-39,False,False
133.6,0.003351957715771594,0.002765399750973304,0.0,0.0005865579647982942,1.9730542188498068e-39,False,False
133.65,0.0033347494276517067,0.0027436575198497366,0.0,0.0005910919078019746,1.7350841135606238e-39,False,False
133.70000000000002,0.003317683279837286,0.002722029038298886,0.0,0.0005956542415384028,1.5256638773899748e-39,False,False
133.75,0.003300759397696591,0.0027005143149015174,0.0,0.0006002450827950721,1.3413867452962045e-39,False,False
133.8,0.003283977899329545,0.0026791133510285486,0.0,0.0006048645483010002,1.1792502421515192e-39,False,False
133.85,0.0032673388956190315,0.002657826140898011,0.0,0.0006095127547210206,1.0366084725874974e-39,False,False
133.9,0.0032508424902821984,0.002636652671632118,0.0,0.0006141898186500768,9.111300090413982e-40,False,False
133.95000000000002,0.0032344887799222433,0.0026155929233148104,0.0,0.0006188958566074365,8.007607249399969e-40,False,False
134.0,0.0032182778540803462,0.0025946468690494517,0.0,0.0006236309850308905,7.036909956870133e-40,False,False
134.05,0.0032022097952877173,0.002573814475016805,0.0,0.0006283953202709125,6.183267571249251e-40,False,False
134.1,0.0031862846791181317,0.0025530957005333796,0.0,0.0006331889785847524,5.432639704172295e-40,False,False
134.15,0.003170502574240394,0.0025324904981098616,0.0,0.0006380120761305306,4.772660947257892e-40,False,False
134.20000000000002,0.003154863542471201,0.002511998813509945,0.0,0.0006428647289612506,4.192442154338e-40,False,False
134.25,0.0031393676388280995,0.0024916205858092986,0.0,0.0006477470530188011,3.682395166735647e-40,False,False
134.3,0.003124014911582661,0.0024713557474547445,0.0,0.0006526591641279165,3.2340782318398445e-40,False,False
134.35,0.0031088054023138334,0.002451204224323764,0.0,0.000657601177990073,2.8400596858746443e-40,False,False
134.4,0.003093739145961427,0.002431165935784044,0.0,0.0006625732101773837,2.4937977552256418e-40,False,False
134.45000000000002,0.0030788161708797984,0.002411240794753385,0.0,0.0006675753761264157,2.1895345812958696e-40,False,False
134.5,0.003064036498891675,0.0023914287077596817,0.0,0.0006726077911319967,1.922202795351147e-40,False,False
134.55,0.0030494001453420555,0.0023717295750010814,0.0,0.0006776705703409767,1.6873431655852471e-40,False,False
134.6,0.003034907119152357,0.002352143290406427,0.0,0.000682763828745932,1.481032011635102e-40,False,False
134.65,0.003020557422874546,0.0023326697416956852,0.0,0.0006878876811788645,1.2998172346385486e-40,False,False
134.70000000000002,0.003006351052745518,0.0023133088104406955,0.0,0.0006930422423048249,1.1406619459960805e-40,False,False
134.75,0.0029922879987414716,0.00229406037212595,0.0,0.0006982276266155251,1.0008947973132436e-40,False,False
134.8,0.002978368244632413,0.002274924296209505,0.0,0.0007034439484229096,8.781662194026505e-41,False,False
134.85,0.002964591768036792,0.0022559004461841273,0.0,0.000708691321852664,7.70409871322012e-41,False,False
134.9,0.0029509585404761266,0.0022369886796383934,0.0,0.0007139698608377278,6.758086826390091e-41,False,False
134.95000000000002,0.0029374685274297686,0.002218188848318052,0.0,0.0007192796791117237,5.927649447229896e-41,False,False
135.0,0.0029241216883897593,0.0021995007981873826,0.0,0.0007246208902023775,5.198739709683497e-41,False,False
135.05,0.0029109179769155544,0.0021809243694906437,0.0,0.0007299936074249099,4.55900902456171e-41,False,False
135.1,0.002897857340689054,0.002162459396813707,0.0,0.0007353979438753479,3.997602855271817e-41,False,False
135.15,0.0028849397215694574,0.002144105709145604,0.0,0.0007408340124238525,3.5049809184249294e-41,False,False
135.20000000000002,0.0028721650556482593,0.0021258631299402937,0.0,0.0007463019257079633,3.0727589043815496e-41,False,False
135.25,0.0028595332733042196,0.002107731477178388,0.0,0.0007518017961258343,2.6935691563209244e-41,False,False
135.3,0.0028470442992583537,0.00208971056342892,0.0,0.0007573337358294339,2.3609380495741714e-41,False,False
135.35,0.0028346980526289347,0.002071800195911257,0.0,0.0007628978567176787,2.0691780804413089e-41,False,False
135.4,0.002822494446986461,0.0020540001765568866,0.0,0.0007684942704295785,1.8132929096809405e-41,False,False
135.45000000000002,0.0028104333904086813,0.0020363103020713856,0.0,0.000774123088337294,1.5888938140390529e-41,False,False
135.5,0.0027985147855354936,0.002018730363996302,0.0,0.0007797844215391954,1.3921261827898954e-41,False,False
135.55,0.002786738529623921,0.0020012601487710406,0.0,0.0007854783808528812,1.219604858206058e-41,False,False
135.6,0.002775104514602978,0.0019838994377948506,0.0,0.0007912050768081338,1.0683572616871956e-41,False,False
135.65,0.0027636126271285383,0.0019666480074886565,0.0,0.0007969646196398832,9.357733731983173e-42,False,False
135.70000000000002,0.002752262748638114,0.0019495056293570249,0.0,0.0008027571192810927,8.195617427026583e-42,False,False
135.75,0.0027410547554056323,0.001932472070049999,0.0,0.0008085826853556371,7.177108101507683e-42,False,False
135.8,0.0027299885185960646,0.0019155470914249168,0.0,0.00081444142717115,6.284548968719687e-42,False,False
135.85,0.0027190639043200805,0.0018987304506082772,0.0,0.0008203334537118028,5.5024430726467006e-42,False,False
135.9,0.0027082807736885073,0.001882021900057417,0.0,0.0008262588736310978,4.8171904670385377e-42,False,False
135.95000000000002,0.0026976389828668626,0.001865421187622284,0.0,0.0008322177952445816,4.2168572064973553e-42,False,False
136.0,0.0026871383831296018,0.0018489280566070484,0.0,0.0008382103265225522,3.690972319821916e-42,False,False
136.05,0.0026767788209143967,0.0018325422458316516,0.0,0.0008442365750827418,3.2303493943753706e-42,False,False
136.1,0.0026665601378762865,0.0018162634896933692,0.0,0.0008502966481829182,2.8269298041755276e-42,False,False
136.15,0.002656482170941681,0.0018000915182281546,0.0,0.0008563906527135242,2.4736449701926654e-42,False,False
136.20000000000002,0.0026465447523622496,0.0017840260571720353,0.0,0.0008625186951902147,2.1642953547320677e-42,False,False
136.25,0.002636747709768724,0.0017680668280223159,0.0,0.0008686808817464057,1.8934441677491798e-42,False,False
136.3,0.002627090866224473,0.0017522135480986848,0.0,0.0008748773181257892,1.656324005973142e-42,False,False
136.35,0.002617574040279079,0.001736465930604297,0.0,0.0008811081096747832,1.4487548596958042e-42,False,False
136.4,0.0026081970460216032,0.0017208236846866071,0.0,0.0008873733613349977,1.267072110463042e-42,False,False
136.45000000000002,0.002598959693133841,0.0017052865154982173,0.0,0.0008936731776356232,1.1080633087499687e-42,False,False
136.5,0.002589861786943322,0.001689854124257505,0.0,0.000900007662685819,9.689126666676643e-43,False,False
136.55,0.002580903128476183,0.0016745262083091097,0.0,0.0009063769201670717,8.471523292238126e-43,False,False
136.6,0.0025720835145098646,0.0016593024611843783,0.0,0.0009127810533254906,7.40619600720252e-43,False,False
136.65,0.002563402737625637,0.0016441825726615155,0.0,0.0009192201649641225,6.474194023520615e-43,False,False
136.70000000000002,0.0025548605862609104,0.001629166228825727,0.0,0.0009256943574351877,5.658913246076843e-43,False,False
136.75,0.0025464568447614135,0.0016142531121290983,0.0,0.0009322037326323178,4.9458071507291735e-43,False,False
136.8,0.0025381912934330847,0.0015994429014503206,0.0,0.0009387483919827667,4.322133099813663e-43,False,False
136.85,0.0025300637085938853,0.001584735272154325,0.0,0.0009453284364395583,3.776729774358639e-43,False,False
136.9,0.0025220738626252574,0.0015701298961516043,0.0,0.0009519439664736574,3.2998219262344455e-43,False,False
136.95000000000002,0.0025142215240235508,0.0015556264419574926,0.0,0.0009585950820660592,2.8828491142857174e-43,False,False
137.0,0.002506506457451038,0.00154122457475115,0.0,0.0009652818826998884,2.518315493653709e-43,False,False
137.05,0.002498928423786844,0.0015269239564343713,0.0,0.000972004467352468,2.1996580837361854e-43,False,False
137.1,0.0024914871801775943,0.0015127242456902678,0.0,0.0009787629344873267,1.921131253401137e-43,False,False
137.15,0.002484182480087852,0.0014986250980416112,0.0,0.0009855573820462397,1.6777054373417951e-43,False,False
137.20000000000002,0.0024770140733502773,0.0014846261659091059,0.0,0.0009923879074411706,1.4649783394210375e-43,False,False
137.25,0.002469981706215587,0.0014707270986693427,0.0,0.0009992546075462468,1.2790970914800344e-43,False,False
137.3,0.002463085121402245,0.0014569275427125472,0.0,0.0010061575786896964,1.1166900229399504e-43,False,False
137.35,0.0024563240581458885,0.0014432271415001706,0.0,0.0010130969166457205,9.74806860703895e-44,False,False
137.4,0.0024496982522485265,0.0014296255356221243,0.0,0.0010200727166264035,8.508663231008733e-44,False,False
137.45000000000002,0.0024432074361274503,0.0014161223628539105,0.0,0.0010270850732735407,7.426101983279855e-44,False,False
137.5,0.00243685133886389,0.0014027172582134133,0.0,0.0010341340806504773,6.480631091419062e-44,False,False
137.55,0.0024306296862513775,0.001389409854017455,0.0,0.0010412198322339253,5.654972633041273e-44,False,False
137.6,0.0024245422008438867,0.0013761997799381727,0.0,0.0010483424209057177,4.934015751302625e-44,False,False
137.65,0.002418588602003615,0.0013630866630590186,0.0,0.0010555019389445995,4.3045461887180176e-44,False,False
137.70000000000002,0.0024127686059485557,0.001350070127930623,0.0,0.001062698478017936,3.7550094084657553e-44,False,False
137.75,0.0024070819257997317,0.0013371497966262998,0.0,0.0010699321291734371,3.2753031533704494e-44,False,False
137.8,0.0024015282716281627,0.0013243252887973002,0.0,0.0010772029828308635,2.8565958028270067e-44,False,False
137.85,0.0023961073505015186,0.0013115962217278528,0.0,0.0010845111287736684,2.4911673356296247e-44,False,False
137.9,0.0023908188665304852,0.0012989622103898094,0.0,0.001091856656140679,2.1722700995803699e-44,False,False
137.95000000000002,0.0023856625209148314,0.001286422867497137,0.0,0.001099239653417698,1.8940069335723175e-44,False,False
138.0,0.002380638011989154,0.0012739778035600286,0.0,0.0011066602084291238,1.6512244903901722e-44,False,False
138.05,0.002375745035268278,0.0012616266269387302,0.0,0.0011141184083295532,1.4394198739277987e-44,False,False
138.1,0.0023709832834924744,0.0012493689438971506,0.0,0.0011216143395953225,1.254658937402033e-44,False,False
138.15,0.00236635244667214,0.0012372043586560508,0.0,0.0011291480880160913,1.0935047934114912e-44,False,False
138.20000000000002,0.0023618522121323982,0.0012251324734460515,0.0,0.0011367197386863463,9.529552658674582e-45,False,False
138.25,0.0023574822645571775,0.0012131528885602515,0.0,0.0011443293759969288,8.303881709506658e-45,False,False
138.3,0.0023532422860330824,0.0012012652024065381,0.0,0.0011519770836265447,7.235134520427945e-45,False,False
138.35,0.0023491319560928724,0.0011894690115596628,0.0,0.0011596629445332141,6.303313144009264e-45,False,False
138.4,0.0023451509517586474,0.0011777639108128772,0.0,0.0011673870409457708,5.490956112661558e-45,False,False
138.45000000000002,0.002341298947584647,0.00116614949322937,0.0,0.0011751494543552792,4.782818259596283e-45,True,False
138.5,0.0023375756156997773,0.0011546253501933,0.0,0.0011829502655064782,4.1655907591166785e-45,True,False
138.55,0.0023339806258497117,0.0011431910714605024,0.0,0.0011907895543892117,3.627656359101245e-45,True,False
138.6,0.0023305136454387382,0.0011318462452089388,0.0,0.0011986674002298,3.158875403737139e-45,True,False
138.65,0.002327174339571166,0.0011205904580887064,0.0,0.0012065838814824634,2.7503987923848438e-45,True,False
138.70000000000002,0.002323962371092474,0.00110942329527181,0.0,0.0012145390758206648,2.394504500484051e-45,True,False
138.75,0.002320877400630014,0.0010983443405015367,0.0,0.0012225330601284808,2.0844547089252736e-45,True,False
138.8,0.002317919086633444,0.0010873531761414754,0.0,0.0012305659104919695,1.8143709567064927e-45,True,False
138.85,0.0023150870854147386,0.0010764493832242717,0.0,0.0012386377021904689,1.5791250543660207e-45,True,False
138.9,0.002312381051187881,0.0010656325414999243,0.0,0.0012467485096879592,1.374243778279464e-45,True,False
138.95000000000002,0.002309800636108174,0.0010549022294838323,0.0,0.0012548984066243455,1.1958256133991914e-45,True,False
139.0,0.002307345490311202,0.0010442580245044327,0.0,0.0012630874658067694,1.040468028713709e-45,True,False
139.05,0.002305015261951384,0.0010336995027504688,0.0,0.0012713157592009186,9.052039594415653e-46,True,False
139.1,0.002302809597240255,0.0010232262393179792,0.0,0.001279583357922274,7.874463360796075e-46,True,False
139.15,0.0023007281404842424,0.0010128378082568208,0.0,0.001287890332227421,6.849396458234491e-46,True,False
139.20000000000002,0.0022987705341222056,0.0010025337826169278,0.0,0.00129623675150528,5.957176391476114e-46,True,False
139.25,0.0022969364187625228,0.000992313734494149,0.0,0.0013046226842683766,5.18066405710507e-46,True,False
139.3,0.0022952254332198148,0.0009821772350757081,0.0,0.001313048198144106,4.504921412186929e-46,True,False
139.35,0.0022936372145513067,0.0009721238546853693,0.0,0.0013215133598659386,3.916930121697454e-46,True,False
139.4,0.0022921713980928273,0.0009621531628281338,0.0,0.0013300182352646943,3.4053460000722975e-46,True,False
139.45000000000002,0.0022908276174943903,0.0009522647282346529,0.0,0.001338562889259738,2.960284714987067e-46,True,False
139.5,0.002289605504755429,0.0009424581189052169,0.0,0.0013471473858502178,2.573134792442602e-46,True,False
139.55,0.0022885046902596513,0.0009327329021533591,0.0,0.001355771788106296,2.2363944616347406e-46,True,False
139.6,0.002287524802809474,0.0009230886446491469,0.0,0.0013644361581603328,1.943529314839048e-46,True,False
139.65,0.0022866654696601357,0.0009135249124620061,0.0,0.0013731405571981328,1.6888481394448567e-46,True,False
139.70000000000002,0.002285926316553366,0.0009040412711032485,0.0,0.0013818850454501202,1.4673946132169768e-46,True,False
139.75,0.0022853069677507202,0.0008946372855681662,0.0,0.0013906696821825576,1.274852845801005e-46,True,False
139.8,0.0022848070460664976,0.0008853125203777397,0.0,0.0013994945256887643,1.1074650047070988e-46,True,False
139.85,0.002284426172900291,0.0008760665396200158,0.0,0.0014083596332802794,9.619594870887384e-47,True,False
139.9,0.00228416396826913,0.0008668989069910261,0.0,0.0014172650612781091,8.354882935994159e-47,True,False
139.95000000000002,0.0022840200508392728,0.0008578091858353874,0.0,0.0014262108650038854,7.255724310045085e-47,True,False
140.0,0.0022839940379575587,0.0008487969391864755,0.0,0.0014351970987710855,6.300543191080768e-47,True,False
140.05,0.0022840855456824406,0.0008398617298062005,0.0,0.0014442238158762443,5.470563076440403e-47,True,False
140.1,0.0022842941888145713,0.0008310031202244464,0.0,0.0014532910685901282,4.749445224301378e-47,True,False
140.15,0.002284619580927025,0.0008222206727780499,0.0,0.0014623989081489744,4.1229735935821693e-47,True,False
140.20000000000002,0.002285061334395116,0.0008135139496494541,0.0,0.0014715473847456675,3.5787803151138794e-47,True,False
140.25,0.002285619060425894,0.0008048825129049315,0.0,0.0014807365475209633,3.106106504294128e-47,True,False
140.3,0.002286292369087121,0.0007963259245324051,0.0,0.0014899664445547206,2.695593886805161e-47,True,False
140.35,0.0022870808693360102,0.0007878437464789303,0.0,0.001499237122857083,2.3391032864622866e-47,True,False
140.4,0.0022879841690474573,0.0007794355406877118,0.0,0.001508548628359749,2.0295565284467022e-47,True,False
140.45000000000002,0.0022890018750419553,0.0007711008691347952,0.0,0.0015179010059071611,1.7607987513533312e-47,True,False
140.5,0.0022901335931130758,0.0007628392938653193,0.0,0.0015272942992477598,1.527478505699228e-47,True,False
140.55,0.0022913789280546177,0.0007546503770293722,0.0,0.001536728551025246,1.3249433518995248e-47,True,False
140.6,0.0022927374836872873,0.0007465336809174987,0.0,0.0015462038027697948,1.1491489633981403e-47,True,False
140.65,0.002294208862885099,0.0007384887679957475,0.0,0.001555720094889354,9.965799960346253e-48,True,False
140.70000000000002,0.0022957926676012617,0.0007305152009403847,0.0,0.0015652774666608804,8.641812075854582e-48,True,False
140.75,0.002297488498893807,0.0007226125426721745,0.0,0.0015748759562216332,7.492975058404678e-48,True,False
140.8,0.0022992959569507294,0.0007147803563902573,0.0,0.001584515600560476,6.496217731882302e-48,True,False
140.85,0.0023012146411148216,0.0007070182056056798,0.0,0.0015941964355091428,5.631494636337945e-48,True,False
140.9,0.0023032441499080555,0.000699325654174468,0.0,0.0016039184957335913,4.88139097207349e-48,True,False
140.95000000000002,0.0023053840810556424,0.0006917022663303606,0.0,0.0016136818147252851,4.230778892595638e-48,True,False
141.0,0.0023076340315096606,0.0006841476067171156,0.0,0.0016234864247925494,3.666518502668465e-48,True,False
141.05,0.0023099935974723487,0.000676661240420413,0.0,0.0016333323570519376,3.1771977733171874e-48,True,False
141.1,0.0023124623744189606,0.0006692427329994083,0.0,0.0016432196414195557,2.7529063315798954e-48,True,False
141.15,0.002315039957120316,0.0006618916505178325,0.0,0.0016531483066024829,2.3850387330519724e-48,True,False
141.20000000000002,0.0023177259396648846,0.0006546075595747576,0.0,0.001663118380090131,2.066123392078623e-48,True,False
141.25,0.002320519915480594,0.0006473900273349242,0.0,0.001673129888145669,1.7896738384328625e-48,True,False
141.3,0.002323421477356152,0.000640238621558685,0.0,0.0016831828557974673,1.550059399816614e-48,True,False
141.35,0.002326430217462091,0.0006331529106315872,0.0,0.0016932773068305052,1.3423927846463125e-48,True,False
141.4,0.0023295457273713855,0.0006261324635935119,0.0,0.0017034132637778765,1.1624323664147754e-48,True,True
141.45000000000002,0.0023327675980797107,0.0006191768501674764,0.0,0.0017135907479122335,1.0064972556658649e-48,True,True
141.5,0.002336095420025309,0.0006122856407880072,0.0,0.001723809779237304,8.713934936482886e-49,True,True
141.55,0.0023395287831085615,0.000605458406629128,0.0,0.0017340703764794345,7.543499177577227e-49,True,True
141.6,0.002343067276711073,0.0005986947196319911,0.0,0.0017443725570790844,6.529624370324617e-49,True,True
141.65,0.0023467104897145186,0.0005919941525320729,0.0,0.0017547163371824468,5.651456198147699e-49,True,True
141.70000000000002,0.002350458010519014,0.0005853562788860295,0.0,0.0017651017316329873,4.890906383654791e-49,True,True
141.75,0.002354309427061204,0.0005787806730981346,0.0,0.0017755287539630744,4.2322873943280965e-49,True,True
141.8,0.002358264326831961,0.0005722669104463339,0.0,0.00178599741638563,3.6619951791584176e-49,True,True
141.85,0.0023623222968936855,0.0005658145671079454,0.0,0.0017965077297857459,3.1682336489420627e-49,True,True
141.9,0.0023664829238973463,0.0005594232201849327,0.0,0.0018070597037124153,2.740775432230854e-49,True,True
141.95000000000002,0.002370745794099037,0.000553092447728842,0.0,0.0018176533463702012,2.3707541519704346e-49,True,True
142.0,0.002375110493376307,0.0005468218287653255,0.0,0.001828288664610986,2.050484088315452e-49,True,True
142.05,0.002379576607244041,0.0005406109433182894,0.0,0.0018389656639257574,1.7733036329954344e-49,True,True
142.1,0.0023841437208700442,0.0005344593724336931,0.0,0.001849684348436354,1.5334394103081226e-49,True,True
142.15,0.002388811419090258,0.0005283666982029251,0.0,0.0018604447208873359,1.3258883484171102e-49,True,True
142.20000000000002,0.002393579286423636,0.0005223325037858523,0.0,0.0018712467826377888,1.1463153400617768e-49,True,True
142.25,0.002398446907086677,0.0005163563734334598,0.0,0.001882090533653222,9.909644409077793e-50,True,True
142.3,0.0024034138650076225,0.0005104378925101244,0.0,0.0018929759724974997,8.56581822605373e-50,True,True
142.35,0.0024084797438402752,0.0005045766475155426,0.0,0.001903903096324738,7.403489313929944e-50,True,True
142.4,0.0024136441269775716,0.0004987722261062463,0.0,0.0019148719008713266,6.398245063386661e-50,True,True
142.45000000000002,0.002418906597564687,0.0004930242171167969,0.0,0.0019258823804478955,5.528942880257017e-50,True,True
142.5,0.00242426673851195,0.0004873322105805774,0.0,0.0019369345279313746,4.7772740209953425e-50,True,True
142.55,0.002429724132507308,0.0004816957977502265,0.0,0.0019480283347570848,4.127385356159838e-50,True,True
142.6,0.0024352783620285442,0.00047611457111773685,0.0,0.001959163790910809,3.5655514017800314e-50,True,True
142.65,0.002440929009355125,0.0004705881244341435,0.0,0.0019703408849209877,3.0798899669348075e-50,True,True
142.70000000000002,0.0024466756565797595,0.00046511605272890583,0.0,0.001981559603850856,2.6601156421911875e-50,True,True
142.75,0.002452517885619572,0.00045969795232889116,0.0,0.001992819933290686,2.297326114906878e-50,True,True
142.8,0.002458455278227075,0.0004543334208770108,0.0,0.0020041218573500657,1.9838169588576168e-50,True,True
142.85,0.0024644874160006745,0.0004490220573505283,0.0,0.0020154653586501522,1.712921120227857e-50,True,True
142.9,0.002470613880395022,0.000443763462078967,0.0,0.0020268504183160547,1.4788698210616924e-50,True,True
142.95000000000002,0.0024768342527308916,0.00043855723676172005,0.0,0.0020382770159691776,1.2766720347142872e-50,True,True
143.0,0.0024831481142049204,0.00043340298448527097,0.0,0.0020497451297196525,1.1020100642261958e-50,True,True
143.05,0.0024895550458988885,0.0004283003097400779,0.0,0.0020612547361588186,9.51149081372975e-51,True,True
143.1,0.0024960546287888193,0.00042324881843713527,0.0,0.002072805810351685,8.208587678961714e-51,True,True
143.15,0.0025026464437536726,0.0004182481179241501,0.0,0.002084398325829526,7.083454467541939e-51,True,True
143.20000000000002,0.002509330071583851,0.00041329781700142465,0.0,0.0020960322545824296,6.111933050648446e-51,True,True
143.25,0.0025161050929893135,0.00040839752593736415,0.0,0.0021077075670519517,5.273134959996555e-51,True,True
143.3,0.002522971088607472,0.00040354685648365637,0.0,0.0021194242321238184,4.549000679602209e-51,True,True
143.35,0.002529927639010737,0.00039874542189013783,0.0,0.002131182217120604,3.9239180913670465e-51,True,True
143.4,0.002536974324713855,0.00039399283691928736,0.0,0.0021429814877945686,3.3843921682209734e-51,True,True
143.45000000000002,0.002544110726180853,0.0003892887178604335,0.0,0.0021548220083204236,2.9187590607558876e-51,True,True
143.5,0.0025513364238318285,0.00038463268254360035,0.0,0.0021667037412882307,2.5169386360240583e-51,True,True
143.55,0.0025586509980493693,0.0003800243503530343,0.0,0.0021786266476963396,2.170220318920445e-51,True,True
143.6,0.002566054029184741,0.00037546334224042814,0.0,0.0021905906869443144,1.871077773260285e-51,True,True
143.65,0.002573545097563784,0.00037094928073778364,0.0,0.002202595816826007,1.6130085551717983e-51,True,True
143.70000000000002,0.0025811237834925858,0.0003664817899699998,0.0,0.0022146419935225848,1.390395387833614e-51,True,True
143.75,0.0025887896672627817,0.0003620604956671097,0.0,0.0022267291715956767,1.1983861543221309e-51,True,True
143.8,0.0025965423291567824,0.0003576850251762089,0.0,0.0022388573039805737,1.0327900935148697e-51,True,True
143.85,0.0026043813494525015,0.00035335500747309416,0.0,0.0022510263419794102,8.899880204962093e-52,True,True
143.9,0.0026123063084280626,0.0003490700731735514,0.0,0.002263236235254511,7.668546845803272e-52,True,True
143.95000000000002,0.002620316786366058,0.00034482985454437895,0.0,0.002275486931821683,6.6069163086063324e-52,True,True
144.0,0.002628412363557702,0.0003406339855140748,0.0,0.0022877783780436323,5.691691502606771e-52,True,True
144.05,0.0026365926203066677,0.0003364821016832229,0.0,0.002300110518623449,4.902760928887217e-52,True,True
144.1,0.0026448571369326592,0.00033237384033460405,0.0,0.0023124832965980614,4.222764839688732e-52,True,True
144.15,0.002653205493774836,0.00032830884044296867,0.0,0.0023248966533318716,3.636720241055867e-52,True,True
144.20000000000002,0.002661637271194878,0.0003242867426845532,0.0,0.002337350528510333,3.1316967906840144e-52,True,True
144.25,0.0026701520495799346,0.00032030718944627625,0.0,0.002349844860133662,2.696536711897231e-52,True,True
144.3,0.0026787494093452454,0.0003163698248346438,0.0,0.0023623795845106113,2.3216127705827836e-52,True,True
144.35,0.0026874289309366207,0.0003124742946843909,0.0,0.0023749546362522318,1.998619163711634e-52,True,True
144.4,0.002696190194832599,0.0003086202465668005,0.0,0.002387569948265807,1.7203908623312222e-52,True,True
144.45000000000002,0.002705032781546503,0.0003048073297977718,0.0,0.0024002254517487337,1.4807475530252187e-52,True,True
144.5,0.0027139562716281328,0.00030103519544558865,0.0,0.00241292107618255,1.2743588421981657e-52,True,True
144.55,0.0027229602456654233,0.00029730349633840317,0.0,0.0024256567493270214,1.0966278379930945e-52,True,True
144.6,0.0027320442842856834,0.00029361188707147107,0.0,0.0024384323972142167,9.435906145233541e-53,True,True
144.65,0.0027412079681568384,0.00028996002401407623,0.0,0.002451247944142764,8.118294005080488e-53,True,True
144.70000000000002,0.0027504508779882756,0.0002863475653162169,0.0,0.002464103312672064,6.983976263845296e-53,True,True
144.75,0.0027597725945316407,0.00028277417091500455,0.0,0.0024769984236166376,6.007552166066318e-53,True,True
144.8,0.0027691726985813337,0.0002792395025407915,0.0,0.0024899331960405464,5.167127324141356e-53,True,True
144.85,0.0027786507709748704,0.00027574322372306157,0.0,0.002502907547251811,4.443831594459311e-53,True,True
144.9,0.0027882063925930146,0.0002722849997960235,0.0,0.0025159213927970006,3.821402981249163e-53,True,True
144.95000000000002,0.002797839144359765,0.0002688644979039785,0.0,0.0025289746464557893,3.2858285620733744e-53,True,True
145.0,0.0028075486072420583,0.00026548138700641316,0.0,0.0025420672202356547,2.8250346522563783e-53,True,True
145.05,0.0028173343622494807,0.00026213533788283487,0.0,0.0025551990243666517,2.4286194834374926e-53,True,True
145.1,0.002827195990433549,0.00025882602313738077,0.0,0.002568369967296172,2.0876225861304644e-53,True,True
145.15,0.002837133072887052,0.00025555311720314557,0.0,0.0025815799556839093,1.7943258569533527e-53,True,True
145.20000000000002,0.0028471451907430504,0.00025231629634629314,0.0,0.002594828894396764,1.5420819748097768e-53,True,True
145.25,0.002857231925173823,0.0002491152386699088,0.0,0.002608116686503916,1.3251664211815015e-53,True,True
145.3,0.002867392857389554,0.00024594962411760593,0.0,0.0026214432332719553,1.1386498703869888e-53,True,True
145.35,0.0028776275686369494,0.0002428191344769189,0.0,0.0026348084341600328,9.782881569958463e-54,True,True
145.4,0.002887935640197604,0.0002397234533824289,0.0,0.002648212186815182,8.404274089412157e-54,True,True
145.45000000000002,0.0028983166533863,0.00023666226631868515,0.0,0.002661654387067617,7.219222643742792e-54,True,True
145.5,0.0029087701895490546,0.00023363526062288023,0.0,0.0026751349289261804,6.20065374960676e-54,True,True
145.55,0.0029192958300611606,0.00023064212548729406,0.0,0.002688653704573868,5.325266442181019e-54,True,True
145.6,0.002929893156324888,0.0002276825519615345,0.0,0.0027022106043633615,4.5730086188842016e-54,True,True
145.65,0.0029405617497672773,0.00022475623295452657,0.0,0.0027158055168127505,3.9266257876925e-54,True,True
145.70000000000002,0.002951301191837528,0.00022186286323630817,0.0,0.0027294383286012264,3.3712722484027184e-54,True,True
145.75,0.002962111064004518,0.00021900213943959357,0.0,0.0027431089245649265,2.89417610298512e-54,True,True
145.8,0.002972990947753984,0.0002161737600611202,0.0,0.002756817187692871,2.4843506721291325e-54,True,True
145.85,0.002983940424585693,0.0002133774254627997,0.0,0.002770562999122898,2.1323459145989134e-54,True,True
145.9,0.0029949590760104308,0.00021061283787263816,0.0,0.002784346238137795,1.830034326059658e-54,True,True
145.95000000000002,0.003006046483546886,0.00020787970138546997,0.0,0.002798166782161416,1.5704265536371808e-54,True,True
146.0,0.0030172022287184,0.00020517772196347416,0.0,0.002812024506754933,1.3475126180167734e-54,True,True
146.05,0.003028425893049688,0.00020250660743648797,0.0,0.0028259192856132024,1.1561252005924531e-54,True,True
146.1,0.0030397170580632503,0.00019986606750213676,0.0,0.0028398509905611198,9.91821941297684e-55,True,True
146.15,0.0030510753052759316,0.00019725581372574534,0.0,0.0028538194915501878,8.507841138745537e-55,True,True
146.20000000000002,0.0030625002161951205,0.0001946755595400767,0.0,0.0028678246566550486,7.297294086427915e-55,True,True
146.25,0.0030739913723150567,0.0001921250202448665,0.0,0.002881866352070191,6.25836866202745e-55,True,True
146.3,0.003085548355112901,0.00018960391300616632,0.0,0.0028959444421067394,5.366822757946967e-55,True,True
146.35,0.0030971707460447652,0.00018711195685551678,0.0,0.002910058789189258,4.601825851349997e-55,True,True
146.4,0.0031088581265416703,0.00018464887268891534,0.0,0.002924209253852758,3.9454806955133426e-55,True,True
146.45000000000002,0.003120610078005309,0.0001822143832656232,0.0,0.0029383956947396854,3.3824118155443216e-55,True,True
146.5,0.003132426181803849,0.00017980821320678117,0.0,0.0029526179685970735,2.899411514008482e-55,True,True
146.55,0.0031443060192676286,0.0001774300889938483,0.0,0.0029668759302737885,2.4851353800996966e-55,True,True
146.6,0.003156249171684667,0.0001750797389668793,0.0,0.0029811694327177905,2.1298404062610696e-55,True,True
146.65,0.0031682552202962106,0.00017275689332261462,0.0,0.002995498326973605,1.8251597730708437e-55,True,True
146.70000000000002,0.003180323746292184,0.00017046128411241714,0.0,0.0030098624621797713,1.563909187878737e-55,True,True
146.75,0.003192454330806489,0.00016819264524003342,0.0,0.003024261685566463,1.339920373275061e-55,True,True
146.8,0.0032046465549123914,0.0001659507124591895,0.0,0.0030386958424532076,1.1478979137418255e-55,True,True
146.85,0.003216899999617643,0.00016373522337103768,0.0,0.0030531647762466136,9.832961963146061e-56,True,True
146.9,0.003229214245859753,0.00016154591742142838,0.0,0.0030676683284383286,8.42213635463703e-56,True,True
146.95000000000002,0.0032415888745009926,0.00015938253589804096,0.0,0.0030822063386029583,7.213017637903662e-56,True,True
147.0,0.0032540234663235223,0.00015724482192735196,0.0,0.0030967786443961754,6.176871072078147e-56,True,True
147.05,0.0032665176020243623,0.0001551325204714497,0.0,0.0031113850815529206,5.289040535585835e-56,True,True
147.1,0.003279070862210333,0.0001530453783247118,0.0,0.0031260254838856257,4.528371735734458e-56,True,True
147.15,0.0032916828273929655,0.00015098314411032064,0.0,0.0031406996832826525,3.876716682812382e-56,True,True
147.20000000000002,0.003304353077983363,0.00014894556827665036,0.0,0.003155407509706718,3.3185080225225613e-56,True,True
147.25,0.0033170811942869844,0.00014693240309350032,0.0,0.003170148791193493,2.840393415390416e-56,True,True
147.3,0.003329866756498493,0.00014494340264819167,0.0,0.0031849233538503064,2.430921524494771e-56,True,True
147.35,0.003342709344696399,0.00014297832284153485,0.0,0.0031997310218548703,2.0802723542668016e-56,True,True
147.4,0.003355608538837876,0.00014103692138364897,0.0,0.003214571617454231,1.7800256997310354e-56,True,True
147.45000000000002,0.003368563918753347,0.00013911895778966394,0.0,0.0032294449609636925,1.5229623403495097e-56,True,True
147.5,0.003381575064141211,0.00013722419337528069,0.0,0.0032443508707659338,1.3028933652452773e-56,True,True
147.55,0.0033946415545624284,0.00013535239125220627,0.0,0.0032592891633102306,1.1145136640534588e-56,True,True
147.6,0.00340776296943516,0.00013350331632347258,0.0,0.0032742596531116913,9.532761745936157e-57,True,True
147.65,0.003420938888029336,0.00013167673527861686,0.0,0.003289262152750727,8.152839575803595e-57,True,True
147.70000000000002,0.003434168889461261,0.00012987241658875734,0.0,0.0033042964728725063,6.971975805650962e-57,True,True
147.75,0.0034474525526881233,0.0001280901305015387,0.0,0.0033193624221865914,5.961556475603468e-57,True,True
147.8,0.003460789456502651,0.00012632964903596384,0.0,0.003334459807466688,5.09706615407427e-57,True,True
147.85,0.0034741791795275248,0.0001245907459771194,0.0,0.00334958843355041,4.35750299834434e-57,True,True
147.9,0.0034876213002100684,0.0001228731968707759,0.0,0.003364748103339295,3.7248769928056643e-57,True,True
147.95000000000002,0.0035011153968166598,0.00012117677901789324,0.0,0.003379938617798774,3.183779580823737e-57,True,True
148.0,0.0035146610474273664,0.00011950127146900737,0.0,0.0033951597759583614,2.7210145693879937e-57,True,True
148.05,0.0035282578299304485,0.00011784645501851479,0.0,0.003410411374911942,2.3252816151042577e-57,True,True
148.1,0.0035419053220169367,0.00011621211219886055,0.0,0.0034256932098180796,1.9869048283500532e-57,True,True
148.15,0.003555603101175177,0.00011459802727461379,0.0,0.0034410050739005662,1.6976000877497e-57,True,True
148.20000000000002,0.003569350744685416,0.00011300398623645698,0.0,0.0034563467584489602,1.4502755638142174e-57,True,True
148.25,0.003583147829614373,0.00011142977679506913,0.0,0.003471718052819311,1.2388607294513457e-57,True,True
148.3,0.0035969939328099137,0.00010987518837491696,0.0,0.0034871187444349997,1.058159804066666e-57,True,True
148.35,0.0036108886308955624,0.00010834001210795931,0.0,0.0035025486187876096,9.037261525641801e-58,True,True
148.4,0.0036248315002652774,0.00010682404082725064,0.0,0.0035180074594380276,7.71754653991859e-58,True,True
148.45000000000002,0.003638822117078007,0.00010532706906046837,0.0,0.003533495048017543,6.589894782927904e-58,True,True
148.5,0.0036528600572524714,0.00010384889302334478,0.0,0.003549011164229128,5.6264507341487524e-58,True,True
148.55,0.0036669448964618662,0.00010238931061301641,0.0,0.0035645555858488565,4.803384773560311e-58,True,True
148.6,0.0036810762101286095,0.0001009481214012978,0.0,0.003580128088727319,4.1003133782596246e-58,True,True
148.65,0.003695253573419172,9.952512662786404e-05,0.0,0.0035957284467913117,3.499802523252324e-58,True,True
148.70000000000002,0.003709476561238854,9.812012919336715e-05,0.0,0.00361135643204549,2.986942389457422e-58,True,True
148.75,0.003723744748226695,9.673293365246716e-05,0.0,0.0036270118145742343,2.5489831768070976e-58,True,True
148.8,0.0037380577087504038,9.536334620679049e-05,0.0,0.0036426943625436255,2.1750232746386523e-58,True,True
148.85,0.0037524150169012745,9.401117469782303e-05,0.0,0.003658403842203454,1.8557422893389515e-58,True,True
148.9,0.003766816246489183,9.267622859972059e-05,0.0,0.0036741400178894714,1.5831724996364694e-58,True,True
148.95000000000002,0.0037812609710376932,9.135831901206366e-05,0.0,0.003689902652025634,1.3505032281761041e-58,True,True
149.0,0.0037957487637790706,9.005725865253679e-05,0.0,0.003705691505126542,1.1519134055814104e-58,True,True
149.05,0.00381027919764954,8.877286184954366e-05,0.0,0.003721506335800001,9.824282786593558e-59,True,True
149.1,0.0038248518452843744,8.750494453476691e-05,0.0,0.0037373469007496167,8.377967936255236e-59,True,True
149.15,0.003839466279013284,8.625332423565492e-05,0.0,0.0037532129547776356,7.143866818752751e-59,True,True
149.20000000000002,0.0038541220708556193,8.501782006786159e-05,0.0,0.0037691042507877665,6.090947016433284e-59,True,True
149.25,0.00386881879251583,8.379825272761958e-05,0.0,0.0037850205397882168,5.19269853925787e-59,True,True
149.3,0.0038835560153789002,8.25944444840599e-05,0.0,0.0038009615708948508,4.4264770394419385e-59,True,True
149.35,0.0038983333105058406,8.140621917148291e-05,0.0,0.003816927091334363,3.772942076205671e-59,True,True
149.4,0.003913150248629284,8.023340218156719e-05,0.0,0.0038329168464477227,3.2155767236929794e-59,True,True
149.45000000000002,0.003928006400149127,7.907582045553897e-05,0.0,0.0038489305796935917,2.740276784699756e-59,True,True
149.5,0.003942901335128231,7.793330247628413e-05,0.0,0.0038649680326519552,2.3349995603941523e-59,True,True
149.55,0.003957834623288287,7.680567826041549e-05,0.0,0.0038810289450278744,1.9894635720413393e-59,True,True
149.6,0.003972805834005562,7.56927793502995e-05,0.0,0.003897113054655271,1.694891869315221e-59,True,True
149.65,0.0039878145363069885,7.459443880602938e-05,0.0,0.0039132200975009615,1.4437926206845004e-59,True,True
149.70000000000002,0.004002860298866041,7.351049119736737e-05,0.0,0.0039293498076686815,1.229771590031174e-59,True,True
149.75,0.004017942689998959,7.244077259563805e-05,0.0,0.003945501917403324,1.0473718818113983e-59,True,True
149.8,0.00403306127766087,7.138512056558437e-05,0.0,0.003961676157095294,8.919370034231772e-60,True,True
149.85,0.004048215629442083,7.034337415719167e-05,0.0,0.003977872255284895,7.594938639785395e-60,True,True
149.9,0.004063405312564435,6.931537389746665e-05,0.0,0.003994089938666978,6.46652817127214e-60,True,True
149.95000000000002,0.004078629893877754,6.830096178219205e-05,0.0,0.004010328932095568,5.505222737194759e-60,True,True
150.0,0.004093888939856347,6.729998126764192e-05,0.0,0.0040265889585887156,4.686357679924478e-60,True,True
150.05,0.004109182016595719,6.631227726226546e-05,0.0,0.004042869739333456,3.9888966728546414e-60,True,True
150.1,0.004124508689809155,6.533769611834831e-05,0.0,0.004059170993690815,3.394899774266934e-60,True,True
150.15,0.004139868524824693,6.437608562363533e-05,0.0,0.004075492439201061,2.889069202409261e-60,True,True
150.20000000000002,0.004155261086581879,6.342729499293661e-05,0.0,0.004091833791588952,2.4583615155002536e-60,True,True
150.25,0.004170685939628897,6.249117485970177e-05,0.0,0.004108194764769193,2.091656522231921e-60,True,True
150.3,0.00418614264811958,6.156757726757032e-05,0.0,0.004124575070852021,1.7794746528787709e-60,True,True
150.35,0.004201630775810711,6.0656355661905665e-05,0.0,0.004140974420148807,1.5137357224405735e-60,True,True
150.4,0.004217149886059238,5.97573648812996e-05,0.0,0.004157392521177945,1.28755304468219e-60,True,True
150.45000000000002,0.00423269954181976,5.887046114906455e-05,0.0,0.0041738290806707,1.0950577345661882e-60,True,True
150.5,0.004248279305641985,5.799550206470354e-05,0.0,0.004190283803577292,9.312487878522851e-61,True,True
150.55,0.004263888739668442,5.713234659536146e-05,0.0,0.004206756393073083,7.918651689839154e-61,True,True
150.6,0.004279527405632078,5.628085506726763e-05,0.0,0.004223246550564821,6.732766875170034e-61,True,True
150.65,0.004295194864854279,5.5440889157154925e-05,0.0,0.004239753975697124,5.723909127473232e-61,True,True
150.70000000000002,0.004310890678242633,5.46123118836737e-05,0.0,0.004256278366358963,4.865737774112904e-61,True,True
150.75,0.004326614406289132,5.379498759878964e-05,0.0,0.004272819418690347,4.135818642181907e-61,True,True
150.8,0.004342365609068315,5.2988781979170024e-05,0.0,0.004289376827089153,3.515046619906617e-61,True,True
150.85,0.004358143846235524,5.2193562017566275e-05,0.0,0.004305950284217969,2.987153285576837e-61,True,True
150.9,0.0043739486770253844,5.140919601418098e-05,0.0,0.004322539481011205,2.5382871145178693e-61,True,True
150.95000000000002,0.00438977966025023,5.0635553568034774e-05,0.0,0.004339144106682198,2.1566556020220336e-61,True,True
151.0,0.004405636354298832,4.987250556832339e-05,0.0,0.004355763848730513,1.8322202010745887e-61,True,True
151.05,0.004421518317135154,4.911992418576962e-05,0.0,0.004372398392949395,1.5564363069370794e-61,True,True
151.1,0.004437425106297195,4.837768286397698e-05,0.0,0.004389047423433227,1.322031659235792e-61,True,True
151.15,0.004453356278896036,4.7645656310773905e-05,0.0,0.004405710622585272,1.122817504474973e-61,True,True
151.20000000000002,0.004469311391614939,4.692372048956345e-05,0.0,0.004422387671125382,9.535276920822019e-62,True,True
151.25,0.004485290000708595,4.621175261066895e-05,0.0,0.004439078248097935,8.096815858481497e-62,True,True
151.3,0.004501291662002563,4.550963112268023e-05,0.0,0.004455782030879891,6.874672776864368e-62,True,True
151.35,0.0045173159308926755,4.481723570380663e-05,0.0,0.00447249869518888,5.836421070970657e-62,True,True
151.4,0.00453336236234478,4.41344472532266e-05,0.0,0.004489227915091557,4.954479305152031e-62,True,True
151.45000000000002,0.004549430510894368,4.3461147882447434e-05,0.0,0.004505969363011932,4.205389609101735e-62,True,True
151.5,0.0045655199306465855,4.279722090666688e-05,0.0,0.004522722709739923,3.5692031899727254e-62,True,True
151.55,0.004581630175276162,4.2142550836140004e-05,0.0,0.004539487624440031,3.028957113163663e-62,True,True
151.6,0.004597760798027598,4.149702336755805e-05,0.0,0.0045562637746600475,2.5702288409752437e-62,True,True
151.65,0.004613911351715434,4.08605253754292e-05,0.0,0.004573050826340015,2.180757011629475e-62,True,True
151.70000000000002,0.004630081388724654,4.0232944903473876e-05,0.0,0.004589848443821189,1.8501186413983498e-62,True,True
151.75,0.004646270461011209,3.961417115602696e-05,0.0,0.004606656289855191,1.5694543826618814e-62,True,True
151.8,0.0046624781201027535,3.900409448945073e-05,0.0,0.004623474025613311,1.3312347073594606e-62,True,True
151.85,0.004678703917099368,3.8402606403562946e-05,0.0,0.0046403013106958175,1.1290609397778546e-62,True,True
151.9,0.004694947402674606,3.780959953307305e-05,0.0,0.004657137803141539,9.574959616881398e-63,True,True
151.95000000000002,0.004711208127076463,3.722496763903639e-05,0.0,0.004673983159437433,8.119201793404411e-63,True,True
152.0,0.0047274856401286714,3.664860560032035e-05,0.0,0.004690837034528354,6.884089952032831e-63,True,True
152.05,0.004743779491232043,3.608040940508527e-05,0.0,0.004707699081826965,5.836285842604277e-63,True,True
152.1,0.004760089229365929,3.552027614228489e-05,0.0,0.0047245689532236495,4.947472493219797e-63,True,True
152.15,0.00477641440308989,3.4968103993179215e-05,0.0,0.004741446299096717,4.1936003428729755e-63,True,True
152.20000000000002,0.004792754560545426,3.442379222286957e-05,0.0,0.00475833076832256,3.5542461896071356e-63,True,True
152.25,0.004809109249457885,3.388724117184934e-05,0.0,0.0047752220082860454,3.012068126679014e-63,True,True
152.3,0.004825478017138588,3.3358352247573925e-05,0.0,0.004792119664891014,2.552342140912781e-63,True,True
152.35,0.004841860410486861,3.283702791605366e-05,0.0,0.0048090233825708135,2.1625681784185486e-63,True,True
152.4,0.004858255975992552,3.232317169346356e-05,0.0,0.004825932804299091,1.832135297922348e-63,True,True
152.45000000000002,0.004874664259738323,3.1816688137778376e-05,0.0,0.004842847571600555,1.5520370777869465e-63,True,True
152.5,0.004891084807402399,3.1317482840427503e-05,0.0,0.004859767324561974,1.314629759161774e-63,True,True
152.55,0.004907517164261226,3.082546241797274e-05,0.0,0.004876691701843259,1.113426728582488e-63,True,True
152.6,0.004923960875192412,3.034053450381208e-05,0.0,0.004893620340688606,9.429238976407881e-64,True,True
152.65,0.004940415484677778,2.986260773990445e-05,0.0,0.004910552876937877,7.984513497479973e-64,True,True
152.70000000000002,0.004956880536806474,2.939159176852254e-05,0.0,0.0049274889450379574,6.76047315560794e-64,True,True
152.75,0.004973355575278363,2.8927397224029456e-05,0.0,0.004944428178054336,5.723511272212268e-64,True,True
152.8,0.004989840143407474,2.8469935724680907e-05,0.0,0.0049613702076827994,4.845123024864418e-64,True,True
152.85,0.005006333784125588,2.8019119864456987e-05,0.0,0.004978314664261138,4.101133360820229e-64,True,True
152.9,0.005022836039986036,2.7574863204917888e-05,0.0,0.004995261176781121,3.4710413830541766e-64,True,True
152.95000000000002,0.005039346453167532,2.7137080267090874e-05,0.0,0.00501220937290045,2.937463694829943e-64,True,True
153.0,0.005055864565478285,2.670568652338382e-05,0.0,0.005029158878954904,2.4856618138348705e-64,True,True
153.05,0.00507238991836014,2.6280598389527503e-05,0.0,0.00504610931997062,2.103140999814153e-64,True,True
153.1,0.005088922052892922,2.5861733216550258e-05,0.0,0.005063060319676383,1.779309738741631e-64,True,True
153.15,0.005105460509798942,2.54490092827792e-05,0.0,0.00508001150051617,1.505190741635567e-64,True,True
153.20000000000002,0.005122004829447548,2.5042345785875738e-05,0.0,0.005096962483661675,1.2731756895171904e-64,True,True
153.25,0.00513855455185993,2.4641662834899743e-05,0.0,0.005113912889025036,1.0768171237256735e-64,True,True
153.3,0.005155109216714069,2.4246881442405994e-05,0.0,0.005130862335271674,9.106518735871068e-65,True,True
153.35,0.005171668363349726,2.38579235165745e-05,0.0,0.005147810439833156,7.700512573753093e-65,True,True
153.4,0.005188231530773662,2.3474711853370625e-05,0.0,0.0051647568189203035,6.51094009853947e-65,True,True
153.45000000000002,0.005204798257665013,2.309717012874145e-05,0.0,0.005181701087536277,5.5045849938173274e-65,True,True
153.5,0.005221368082380694,2.2725222890843423e-05,0.0,0.0051986428594898645,4.653313156858841e-65,True,True
153.55,0.005237940542961175,2.235879555230441e-05,0.0,0.0052155817474088765,3.93329749686431e-65,True,True
153.60000000000002,0.005254515177136082,2.1997814382521603e-05,0.0,0.0052325173627535745,3.324360608327579e-65,True,True
153.65,0.00527109152233027,2.164220649999289e-05,0.0,0.005249449315830284,2.809417452170262e-65,True,True
153.70000000000002,0.005287669115669793,2.1291899864683063e-05,0.0,0.005266377215805122,2.3740028769979288e-65,True,True
153.75,0.005304247493988159,2.094682327042787e-05,0.0,0.005283300670717738,2.0058711058972804e-65,True,True
153.8,0.005320826193832659,2.060690633737117e-05,0.0,0.005300219287495299,1.6946562617269315e-65,True,True
153.85000000000002,0.005337404751470887,2.02720795044411e-05,0.0,0.005317132671966453,1.4315846577256109e-65,True,True
153.9,0.005353982702897329,1.9942274021861384e-05,0.0,0.005334040428875477,1.209230984608766e-65,True,True
153.95000000000002,0.0053705595838402335,1.9617421943699468e-05,0.0,0.005350942161896538,1.0213117176835175e-65,True,True
154.0,0.005387134929768413,1.9297456120453888e-05,0.0,0.00536783747364797,8.62510079767331e-66,True,True
154.05,0.0054037082758984605,1.898231019167684e-05,0.0,0.005384725965706791,7.283277549638416e-66,True,True
154.10000000000002,0.005420279157201805,1.867191857863712e-05,0.0,0.00540160723862318,6.149592776923051e-66,True,True
154.15,0.0054368471084121775,1.8366216477019995e-05,0.0,0.005418480891935161,5.191856403426069e-66,True,True
154.20000000000002,0.005453411664033034,1.8065139849665327e-05,0.0,0.005435346524183377,4.382841882076204e-66,True,True
154.25,0.005469972358345233,1.7768625419346398e-05,0.0,0.005452203732925889,3.6995231604733724e-66,True,True
154.3,0.005486528725414773,1.747661066158552e-05,0.0,0.005469052114753197,3.122428587932157e-66,True,True
154.35000000000002,0.005503080299100744,1.7189033797511276e-05,0.0,0.005485891265303237,2.635093897057755e-66,True,True
154.4,0.005519626613063303,1.690583378675394e-05,0.0,0.0055027207792765626,2.2235991142332694e-66,True,True
154.45000000000002,0.005536167200772006,1.6626950320380737e-05,0.0,0.0055195402504516315,1.8761765615097777e-66,True,True
154.5,0.0055527015955139595,1.6352323813872684e-05,0.0,0.00553634927170009,1.5828790698558107e-66,True,True
154.55,0.005569229330402443,1.608189540013969e-05,0.0,0.005553147435002308,1.335299183650329e-66,True,True
154.60000000000002,0.0055857499383854215,1.5815606922578218e-05,0.0,0.005569934331462852,1.1263315437956322e-66,True,True
154.65,0.005602262952254333,1.5553400928168223e-05,0.0,0.005586709551326167,9.499718301132643e-67,True,True
154.70000000000002,0.005618767904652945,1.52952206606112e-05,0.0,0.005603472683992339,8.0114665530166e-67,True,True
154.75,0.005635264328086376,1.504101005351056e-05,0.0,0.005620223318032871,6.755696602198925e-67,True,True
154.8,0.005651751754930265,1.4790713723591239e-05,0.0,0.005636961041206681,5.6961978704395226e-67,True,True
154.85000000000002,0.005668229717440022,1.4544276963962932e-05,0.0,0.005653685440476065,4.8023832277464906e-67,True,True
154.9,0.005684697747760252,1.4301645737423262e-05,0.0,0.005670396102022836,4.0484182750842095e-67,True,True
154.95000000000002,0.005701155377934361,1.406276666980309e-05,0.0,0.005687092611264562,3.4124850412483795e-67,True,True
155.0,0.005717602139914143,1.382758704335458e-05,0.0,0.005703774552870793,2.8761594071614192e-67,True,True
155.05,0.0057340375655697065,1.3596054790179716e-05,0.0,0.00572044151077953,2.423884744814579e-67,True,True
155.10000000000002,0.005750461186699321,1.3368118485702611e-05,0.0,0.005737093068213629,2.042526946608498e-67,True,True
155.15,0.005766872535039577,1.3143727342182762e-05,0.0,0.005753728807697395,1.7209982978748594e-67,True,True
155.20000000000002,0.005783271142275534,1.2922831202270852e-05,0.0,0.005770348311073268,1.4499395737523302e-67,True,True
155.25,0.005799656540051096,1.2705380532608002e-05,0.0,0.00578695115951849,1.2214513744992266e-67,True,True
155.3,0.005816028259979465,1.2491326417465854e-05,0.0,0.005803536933562004,1.0288670959194992e-67,True,True
155.35000000000002,0.00583238583365373,1.2280620552431e-05,0.0,0.005820105213101302,8.665611020972274e-68,True,True
155.4,0.005848728792657566,1.2073215238130829e-05,0.0,0.005836655577419441,7.297866585069119e-68,True,True
155.45000000000002,0.005865056668576148,1.186906337400227e-05,0.0,0.005853187605202149,6.145390222823918e-68,True,True
155.5,0.005881368993007021,1.1668118452104314e-05,0.0,0.00586970087455492,5.174397962766736e-68,True,True
155.55,0.005897665297571291,1.147033455097184e-05,0.0,0.005886194963020321,4.356392542610008e-68,True,True
155.60000000000002,0.005913945113924764,1.1275666329513883e-05,0.0,0.0059026694475952535,3.667338529333578e-68,True,True
155.65,0.005930207973769318,1.1084069020953721e-05,0.0,0.005919123904748375,3.0869657648577778e-68,True,True
155.70000000000002,0.00594645340886441,1.0895498426812057e-05,0.0,0.0059355579104376065,2.5981812333574744e-68,True,True
155.75,0.005962680951038547,1.0709910910934122e-05,0.0,0.00595197104012762,2.1865725241609166e-68,True,True
155.8,0.005978890132201098,1.0527263393558132e-05,0.0,0.0059683628688075455,1.8399886675733863e-68,True,True
155.85000000000002,0.005995080484354026,1.0347513345428614e-05,0.0,0.005984732971008607,1.548186322782852e-68,True,True
155.9,0.006011251539603887,1.0170618781951248e-05,0.0,0.006001080920821942,1.3025311589796012e-68,True,True
155.95000000000002,0.006027402830173847,9.996538257391185e-06,0.0,0.006017406291916468,1.0957458452755332e-68,True,True
156.0,0.00604353388841587,9.825230859115045e-06,0.0,0.00603370865755676,9.216973961771047e-69,True,True
156.05,0.006059644246822975,9.656656201874497e-06,0.0,0.006049987590621111,7.7521774473787e-69,True,True
156.10000000000002,0.006075733438041669,9.49077442213435e-06,0.0,0.006066242663619541,6.519523668174566e-69,True,True
156.15,0.006091800994884396,9.327546172442478e-06,0.0,0.006082473448711963,5.482325839277601e-69,True,True
156.20000000000002,0.006107846450342252,9.166932615842729e-06,0.0,0.006098679517726415,4.609678516972932e-69,True,True
156.25,0.0061238693375975945,9.00889542033167e-06,0.0,0.006114860442177273,3.8755491523396854e-69,True,True
156.3,0.006139869190037011,8.853396753356561e-06,0.0,0.006131015793283658,3.2580119789337384e-69,True,True
156.35000000000002,0.0061558455412641325,8.700399276357787e-06,0.0,0.006147145141987784,2.7386019991778295e-69,True,True
156.4,0.006171797925112806,8.549866139352737e-06,0.0,0.006163248058973455,2.3017702974124762e-69,True,True
156.45000000000002,0.006187725875660168,8.401760975562662e-06,0.0,0.006179324114684617,1.934424833059585e-69,True,True
156.5,0.00620362892723998,8.256047896082793e-06,0.0,0.0061953728793439,1.6255433382828007e-69,True,True
156.55,0.0062195066144559216,8.112691484593687e-06,0.0,0.00621139392297134,1.3658470313171606e-69,True,True
156.60000000000002,0.006235358472195142,7.971656792116435e-06,0.0,0.006227386815403031,1.1475256188474558e-69,True,True
156.65,0.006251184035641735,7.832909331809167e-06,0.0,0.006243351126309932,9.64005548735206e-70,True,True
156.70000000000002,0.0062669828402905255,7.696415073806076e-06,0.0,0.006259286425216721,8.097547306324917e-70,True,True
156.75,0.006282754421960715,7.562140440099246e-06,0.0,0.0062751922815206225,6.801180025127313e-70,True,True
156.8,0.00629849831680988,7.430052299461432e-06,0.0,0.006291068264510426,5.7117851632120876e-70,True,True
156.85000000000002,0.006314214061347818,7.3001179624120675e-06,0.0,0.006306913943385416,4.7964097148982676e-70,True,True
156.9,0.00632990119245068,7.172305176224263e-06,0.0,0.006322728887274457,4.027332626838849e-70,True,True
156.95000000000002,0.006345559247375084,7.0465821199737165e-06,0.0,0.00633851266525512,3.3812364620879043e-70,True,True
157.0,0.006361187763772404,6.922917399629956e-06,0.0,0.0063542648463727775,2.8385098349539425e-70,True,True
157.05,0.006376786279703059,6.8012800431880076e-06,0.0,0.006369984999659878,2.382660031021672e-70,True,True
157.10000000000002,0.006392354333650971,6.681639495842681e-06,0.0,0.006385672694155133,1.9998184578612845e-70,True,True
157.15,0.006407891464538045,6.56396561520336e-06,0.0,0.006401327498922851,1.6783242973714958e-70,True,True
157.20000000000002,0.006423397211738854,6.448228666549978e-06,0.0,0.006416948983072308,1.4083740294039847e-70,True,True
157.25,0.006438871115095193,6.334399318130795e-06,0.0,0.00643253671577707,1.181726434852459e-70,True,True
157.3,0.006454312714931009,6.22244863649998e-06,0.0,0.006448090266294513,9.914543210609671e-71,True,True
157.35000000000002,0.006469721552067112,6.1123480818970495e-06,0.0,0.006463609203985226,8.317355906830062e-71,True,True
157.4,0.0064850971678362315,6.004069503666231e-06,0.0,0.006479093098332565,6.976774371067738e-71,True,True
157.45000000000002,0.006500439104097945,5.897585135716294e-06,0.0,0.006494541518962236,5.8516842910096015e-71,True,True
157.5,0.006515746903253851,5.792867592021435e-06,0.0,0.006509954035661831,4.9075407298211865e-71,True,True
157.55,0.0065310201082626924,5.689889862161287e-06,0.0,0.006525330218400541,4.115321364697566e-71,True,True
157.60000000000002,0.006546258262655653,5.588625306902014e-06,0.0,0.006540669637348756,3.4506460482348964e-71,True,True
157.65,0.006561460910551625,5.489047653816557e-06,0.0,0.006555971862897815,2.8930363399711397e-71,True,True
157.70000000000002,0.006576627596672695,5.391130992944619e-06,0.0,0.006571236465679758,2.4252928189114727e-71,True,True
157.75,0.0065917578663595355,5.294849772492846e-06,0.0,0.0065864630165870545,2.032971495390172e-71,True,True
157.8,0.006606851265587041,5.200178794573428e-06,0.0,0.006601651086792472,1.7039435953306207e-71,True,True
157.85000000000002,0.006621907340979824,5.107093210982772e-06,0.0,0.006616800247768853,1.4280254786960813e-71,True,True
157.9,0.0066369256398280205,5.0155685190187225e-06,0.0,0.006631910071309013,1.1966675499524664e-71,True,True
157.95000000000002,0.006651905710102978,4.925580557336539e-06,0.0,0.00664698012954565,1.0026927834870748e-71,True,True
158.0,0.006666847100473045,4.837105501844187e-06,0.0,0.006662009994971215,8.400769732217446e-72,True,True
158.05,0.006681749360319552,4.750119861635261e-06,0.0,0.006676999240457923,7.037640670425042e-72,True,True
158.10000000000002,0.006696612039752608,4.664600474961012e-06,0.0,0.0066919474392776596,5.895110001759489e-72,True,True
158.15,0.006711434689627239,4.580524505240078e-06,0.0,0.0067068541651220046,4.937573284499755e-72,True,True
158.20000000000002,0.006726216861559359,4.497869437106021e-06,0.0,0.006721718992122266,4.135157088079723e-72,True,True
158.25,0.006740958107941943,4.416613072493253e-06,0.0,0.006736541494869458,3.462799026405173e-72,True,True
158.3,0.006755657981961171,4.336733526759697e-06,0.0,0.006751321248434425,2.8994750614149835e-72,True,True
158.35000000000002,0.006770316037612684,4.25820922484757e-06,0.0,0.006766057828387842,2.427550567139374e-72,True,True
158.4,0.006784931829717802,4.1810188974808976e-06,0.0,0.006780750810820337,2.0322353869740272e-72,True,True
158.45000000000002,0.006799504913940008,4.105141577399937e-06,0.0,0.0067953997723626145,1.7011262653059736e-72,True,True
158.5,0.006814034846801131,4.030556595632914e-06,0.0,0.006810004290205506,1.4238226829978254e-72,True,True
158.55,0.006828521185697969,3.957243577803626e-06,0.0,0.006824563942120175,1.191604353751178e-72,True,True
158.60000000000002,0.006842963488918654,3.885182440476037e-06,0.0,0.006839078306478188,9.971605117453243e-73,True,True
158.65,0.006857361315659212,3.814353387534682e-06,0.0,0.006853546962271687,8.343626962797195e-73,True,True
158.70000000000002,0.006871714226040168,3.744736906601061e-06,0.0,0.006867969489133576,6.980740637651566e-73,True,True
158.75,0.0068860217811231045,3.6763137654860463e-06,0.0,0.0068823454673576255,5.839893710623389e-73,True,True
158.8,0.006900283542927368,3.6090650086774057e-06,0.0,0.0068966744779187005,4.885007103809974e-73,True,True
158.85000000000002,0.006914499074446734,3.542971953863206e-06,0.0,0.00691095610249288,4.0858486291173483e-73,True,True
158.9,0.006928667939666139,3.47801618848987e-06,0.0,0.006925189923477657,3.4170879979230704e-73,True,True
158.95000000000002,0.00694278970357849,3.414179566355265e-06,0.0,0.006939375524012143,2.8575041488197386e-73,True,True
159.0,0.006956863932201408,3.3514442042368317e-06,0.0,0.00695351248799718,2.3893204092623835e-73,True,True
159.05,0.006970890192594139,3.289792478553585e-06,0.0,0.006967600400115592,1.997646931729287e-73,True,True
159.10000000000002,0.006984868052874349,3.229207022062995e-06,0.0,0.006981638845852291,1.670013142446624e-73,True,True
159.15,0.006998797082235074,3.1696707205915644e-06,0.0,0.006995627411514484,1.3959757107376266e-73,True,True
159.20000000000002,0.007012676850961635,3.111166709799204e-06,0.0,0.0070095656842518485,1.1667898738372181e-73,True,True
159.25,0.007026506930448614,3.05367837197758e-06,0.0,0.0070234532520766415,9.751339062290754e-74,True,True
159.3,0.007040286893216787,2.9971893328813464e-06,0.0,0.007037289703883914,8.148781637348994e-74,True,True
159.35000000000002,0.0070540163129301815,2.9416834585931e-06,0.0,0.0070510746294715956,6.808915107071352e-74,True,True
159.4,0.007067694764413054,2.887144852420857e-06,0.0,0.007064807619560642,5.6887909578985436e-74,True,True
159.45000000000002,0.007081321823667006,2.833557851828362e-06,0.0,0.007078488265815183,4.752464131704698e-74,True,True
159.5,0.007094897067887967,2.7809070253982113e-06,0.0,0.007092116160862573,3.969854017432673e-74,True,True
159.55,0.007108420075483356,2.729177169826699e-06,0.0,0.007105690898313538,3.3157901911477373e-74,True,True
159.60000000000002,0.007121890426089141,2.6783533069512877e-06,0.0,0.007119212072782198,2.769213018884475e-74,True,True
159.65,0.007135307700586951,2.6284206808095858e-06,0.0,0.007132679279906143,2.3125040578914828e-74,True,True
159.70000000000002,0.007148671481121217,2.5793647547299405e-06,0.0,0.007146092116366498,1.9309252375236363e-74,True,True
159.75,0.007161981351116331,2.5311712084536426e-06,0.0,0.00715945017990788,1.6121491954263506e-74,True,True
159.8,0.007175236895293741,2.483825935287962e-06,0.0,0.00717275306935846,1.3458659923992562e-74,True,True
159.85000000000002,0.007188437699689166,2.437315039290514e-06,0.0,0.007186000384649878,1.1234538181853666e-74,True,True
159.9,0.007201583351669683,2.391624832483973e-06,0.0,0.007199191726837208,9.377033041486879e-75,True,True
159.95000000000002,0.0072146734399510075,2.3467418321013793e-06,0.0,0.007212326698118913,7.825867393107383e-75,True,True
160.0,0.007227707554614537,2.3026527578619403e-06,0.0,0.00722540490185668,6.530648954964031e-75,True,True
160.05,0.007240685287124619,2.2593445292763917e-06,0.0,0.007238425942595345,5.449253490462217e-75,True,True
160.10000000000002,0.007253606230345655,2.216804262982635e-06,0.0,0.0072513894260826765,4.546471773454684e-75,True,True
160.15,0.007266469978559306,2.1750192701106866e-06,0.0,0.007264294959289205,3.7928773904055607e-75,True,True
160.20000000000002,0.007279276127481681,2.133977053676902e-06,0.0,0.007277142150428011,3.163879431016804e-75,True,True
160.25,0.007292024274280414,2.0936653060076327e-06,0.0,0.007289930608974417,2.638929954976167e-75,True,True
160.3,0.007304714017591929,2.0540719061913963e-06,0.0,0.0073026599456857445,2.200861013694702e-75,True,True
160.35000000000002,0.007317344957538471,2.015184917560098e-06,0.0,0.0073153297726209245,1.835330104756363e-75,True,True
160.4,0.007329916695745337,1.9769925851983493e-06,0.0,0.0073279397031601485,1.5303563713172332e-75,True,True
160.45000000000002,0.007342428835357952,1.9394833334811272e-06,0.0,0.007340489352024482,1.2759327362706564e-75,True,True
160.5,0.00735488098105898,1.9026457636395983e-06,0.0,0.007352978335295346,1.0637015716739134e-75,True,True
160.55,0.007367272739085438,1.8664686513543168e-06,0.0,0.0073654062704340915,8.866835232780572e-76,True,True
160.60000000000002,0.00737960371724577,1.8309409443763496e-06,0.0,0.007377772776301398,7.39050801377125e-76,True,True
160.65,0.007391873524936886,1.79605176017549e-06,0.0,0.007390077473176719,6.159376656931729e-76,True,True
160.70000000000002,0.007404081773161266,1.7617903836154871e-06,0.0,0.007402319982777659,5.1328201822089926e-76,True,True
160.75,0.007416228074543897,1.7281462646564047e-06,0.0,0.00741449992827925,4.276930111836955e-76,True,True
160.8,0.007428312043349353,1.6951090160833103e-06,0.0,0.007426616934333278,3.563404088268576e-76,True,True
160.85000000000002,0.007440333295498704,1.6626684112615895e-06,0.0,0.007438670627087451,2.9686213792897226e-76,True,True
160.9,0.007452291448586501,1.6308143819183382e-06,0.0,0.007450660634204587,2.4728704463822608e-76,True,True
160.95000000000002,0.0074641861218976875,1.5995370159496603e-06,0.0,0.007462586584881748,2.0597036297550758e-76,True,True
161.0,0.007476016936424502,1.5688265552539282e-06,0.0,0.0074744481098692524,1.715398085280394e-76,True,True
161.05,0.007487783514883306,1.538673393590223e-06,0.0,0.007486244841489728,1.4285055242854246e-76,True,True
161.10000000000002,0.007499485481731475,1.5090680744623888e-06,0.0,0.007497976413657015,1.1894761651863264e-76,True,True
161.15,0.0075111224631840895,1.4800012890279772e-06,0.0,0.007509642461895065,9.903446970783672e-77,True,True
161.20000000000002,0.00752269408723082,1.451463874032001e-06,0.0,0.007521242623356795,8.244680557288808e-77,True,True
161.25,0.007534199983652546,1.4234468097655156e-06,0.0,0.007532776536842794,6.863064856239497e-77,True,True
161.3,0.007545639784038135,1.3959412180483781e-06,0.0,0.007544243842820089,5.712407611727273e-77,True,True
161.35000000000002,0.00755701312180095,1.3689383602363982e-06,0.0,0.007555644183440725,4.754196105319656e-77,True,True
161.4,0.0075683196321956045,1.3424296352523293e-06,0.0,0.007566977202560359,3.956323641843823e-77,True,True
161.45000000000002,0.0075795589523344215,1.3164065776406075e-06,0.0,0.007578242545756785,3.2920266870337666e-77,True,True
161.5,0.007590730721203966,1.2908608556458025e-06,0.0,0.007589439860348321,2.7389979026796006e-77,True,True
161.55,0.007601834579681532,1.2657842693141228e-06,0.0,0.0076005687954122285,2.278646043979257e-77,True,True
161.60000000000002,0.007612870170551574,1.24116874861828e-06,0.0,0.007611629001802959,1.8954784642341484e-77,True,True
161.65,0.007623837138521996,1.2170063516051157e-06,0.0,0.007622620132170396,1.576585967429632e-77,True,True
161.70000000000002,0.007634735130240581,1.1932892625658552e-06,0.0,0.007633541840978023,1.3112130882490766e-77,True,True
161.75,0.007645563794311168,1.1700097902290258e-06,0.0,0.007644393784520952,1.0903996691795454e-77,True,True
161.8,0.007656322781309943,1.147160365975394e-06,0.0,0.007655175620943971,9.066819356109016e-78,True,True
161.85000000000002,0.007667011743801485,1.124733542075148e-06,0.0,0.0076658870102594145,7.538432174593421e-78,True,True
161.9,0.00767763033635497,1.1027219899467853e-06,0.0,0.007676527614365032,6.267060928216736e-78,True,True
161.95000000000002,0.007688178215560188,1.0811184984376544e-06,0.0,0.007687097097061754,5.209590881475707e-78,True,True
162.0,0.007698655040043461,1.059915972125979e-06,0.0,0.007697595124071335,4.33012204425545e-78,True,True
162.05,0.0077090604704836314,1.0391074296439702e-06,0.0,0.007708021363053995,3.598764867306579e-78,True,True
162.10000000000002,0.007719394169627909,1.0186860020220764e-06,0.0,0.007718375483625887,2.990636459662719e-78,True,True
162.15,0.00772965580230759,9.98644931053962e-07,0.0,0.007728657157376541,2.485024024643981e-78,True,True
162.20000000000002,0.007739845035453903,9.789775676820128e-07,0.0,0.0077388660578862215,2.0646877281345382e-78,True,True
162.25,0.007749961538113523,9.59677370403414e-07,0.0,0.007749001860743131,1.7152798182199433e-78,True,True
162.3,0.007760004981464317,9.407379036962132e-07,0.0,0.007759064243560624,1.4248606593427306e-78,True,True
162.35000000000002,0.007769975038830689,9.22152836465538e-07,0.0,0.007769052885994235,1.18349555237731e-78,True,True
162.4,0.0077798713856991695,9.03915940509496e-07,0.0,0.0077789674697586715,9.829188893407308e-79,True,True
162.45000000000002,0.007789693699733718,8.860210890046846e-07,0.0,0.007788807678644718,8.162544254871646e-79,True,True
162.5,0.007799441660790991,8.684622550111549e-07,0.0,0.007798573198535987,6.777823154794904e-79,True,True
162.55,0.007809114950935651,8.512335099964436e-07,0.0,0.007808263717425661,5.627451153333565e-79,True,True
162.60000000000002,0.007818713254455417,8.343290223787523e-07,0.0,0.007817878925433045,4.671862489833242e-79,True,True
162.65,0.00782823625787618,8.177430560888348e-07,0.0,0.007827418514820095,3.8781552024521865e-79,True,True
162.70000000000002,0.007837683649976964,8.014699691504615e-07,0.0,0.007836882180007824,3.218971532886312e-79,True,True
162.75,0.007847055121804843,7.85504212279442e-07,0.0,0.007846269617592565,2.6715659720235088e-79,True,True
162.8,0.007856350366689711,7.698403275007124e-07,0.0,0.00785558052636222,2.217029576728896e-79,True,True
162.85000000000002,0.007865569080259085,7.544729467835844e-07,0.0,0.00786481460731231,1.8396444191881156e-79,True,True
162.9,0.00787471096045268,7.393967906947667e-07,0.0,0.00787397156366199,1.5263463913144212e-79,True,True
162.95000000000002,0.007883775707537002,7.246066670690576e-07,0.0,0.00788305110086994,1.2662782220294928e-79,True,True
163.0,0.00789276302411981,7.100974696975613e-07,0.0,0.007892052926650116,1.0504175952256296e-79,True,True
163.05,0.007901672615164489,6.958641770330963e-07,0.0,0.00790097675098746,8.71267781431315e-80,True,True
163.10000000000002,0.00791050418800433,6.819018509128147e-07,0.0,0.007909822286153428,7.22600300542235e-80,True,True
163.15,0.00791925745235674,6.682056352976773e-07,0.0,0.007918589246721449,5.9924088637239246e-80,True,True
163.20000000000002,0.007927932120337313,6.547707550286335e-07,0.0,0.007927277349582295,4.96891484645346e-80,True,True
163.25,0.007936527906473858,6.415925145994746e-07,0.0,0.007935886313959263,4.1198223303296414e-80,True,True
163.3,0.007945044527720277,6.286662969459345e-07,0.0,0.007944415861423334,3.415483855863916e-80,True,True
163.35000000000002,0.007953481703470388,6.1598756225109e-07,0.0,0.00795286571590814,2.831279882430169e-80,True,True
163.4,0.007961839155571618,6.035518467667303e-07,0.0,0.007961235603724859,2.3467681526937714e-80,True,True
163.45000000000002,0.007970116608338648,5.913547616505717e-07,0.0,0.007969525253577003,1.944976620575366e-80,True,True
163.5,0.007978313788566832,5.793919918191974e-07,0.0,0.007977734396575021,1.6118157725261392e-80,True,True
163.55,0.007986430425545704,5.67659294816412e-07,0.0,0.007985862766250887,1.3355902311104443e-80,True,True
163.60000000000002,0.00799446625107215,5.561524996970248e-07,0.0,0.007993910098572456,1.1065929091177817e-80,True,True
163.65,0.0080024209994637,5.44867505925705e-07,0.0,0.008001876131957781,9.167677952276757e-81,True,True
163.70000000000002,0.008010294407571568,5.338002822908443e-07,0.0,0.008009760607289284,7.594297933901443e-81,True,True
163.75,0.008018086214793604,5.229468658332901e-07,0.0,0.008017563267927772,6.29031986408584e-81,True,True
163.8,0.008025796163087165,5.123033607896485e-07,0.0,0.008025283859726387,5.209723154931201e-81,True,True
163.85000000000002,0.008033423996981913,5.018659375501461e-07,0.0,0.008032922131044368,4.314330165393487e-81,True,True
163.9,0.00804096946359236,4.916308316307709e-07,0.0,0.00804047783276073,3.5724727619671033e-81,True,True
163.95000000000002,0.00804843231263047,4.815943426595702e-07,0.0,0.008047950718287815,2.957885044237389e-81,True,True
164.0,0.008055812296418033,4.7175283337698766e-07,0.0,0.008055340543584665,2.4487839681839895e-81,True,True
164.05,0.008063109169898986,4.621027286499659e-07,0.0,0.008062647067170348,2.0271060591097898e-81,True,True
164.10000000000002,0.008070322690651556,4.5264051449981214e-07,0.0,0.008069870050137063,1.6778737775908296e-81,True,True
164.15,0.008077452618900315,4.43362737143505e-07,0.0,0.008077009256163174,1.3886695684434883e-81,True,True
164.20000000000002,0.008084498717528149,4.3426600204838653e-07,0.0,0.008084064451526107,1.1491993365419106e-81,True,True
164.25,0.008091460752088067,4.253469730000984e-07,0.0,0.008091035405115068,9.509301808784069e-82,True,True
164.3,0.008098338490814873,4.1660237118350215e-07,0.0,0.008097921888443702,7.867897849279686e-82,True,True
164.35000000000002,0.008105131704636791,4.080289742765604e-07,0.0,0.008104723675662518,6.509169948039195e-82,True,True
164.4,0.00811184016718682,3.996236155569225e-07,0.0,0.008111440543571274,5.384548898196435e-82,True,True
164.45000000000002,0.008118463654814195,3.9138318302111124e-07,0.0,0.008118072271631175,4.453791236108621e-82,True,True
164.5,0.008125001946595418,3.8330461851619016e-07,0.0,0.008124618641976913,3.6835553840852833e-82,True,True
164.55,0.00813145482434551,3.7538491688366697e-07,0.0,0.008131079439428633,3.046220723929689e-82,True,True
164.60000000000002,0.008137822072628796,3.6762112511562165e-07,0.0,0.00813745445150369,2.5189082525416274e-82,True,True
164.65,0.008144103478769812,3.6001034152278426e-07,0.0,0.008143743468428295,2.0826684917673255e-82,True,True
164.70000000000002,0.008150298832863948,3.5254971491448074e-07,0.0,0.008149946283149044,1.7218081564225954e-82,True,True
164.75,0.00815640792778803,3.452364437903449e-07,0.0,0.008156062691344246,1.4233319277989256e-82,True,True
164.8,0.008162430559210702,3.3806777554353414e-07,0.0,0.008162092491435163,1.1764797021449945e-82,True,True
164.85000000000002,0.008168366525602733,3.3104100567544813e-07,0.0,0.008168035484597066,9.723430234647962e-83,True,True
164.9,0.008174215628247179,3.241534770217077e-07,0.0,0.008173891474770163,8.035471829634796e-83,True,True
164.95000000000002,0.008179977671249368,3.174025789892896e-07,0.0,0.008179660268670388,6.639877695887392e-83,True,True
165.0,0.00818565246154682,3.107857468047166e-07,0.0,0.008185341675800019,5.486123671130869e-83,True,True
165.05,0.00819123980891894,3.043004607730883e-07,0.0,0.008190935508458171,4.532396793666772e-83,True,True
165.10000000000002,0.008196739525996664,2.9794424554791636e-07,0.0,0.008196441581751125,3.7440968165810395e-83,True,True
165.15,0.008202151428271916,2.917146694115337e-07,0.0,0.008201859713602513,3.09259488849058e-83,True,True
165.20000000000002,0.00820747533410692,2.856093435660037e-07,0.0,0.00820718972476336,2.5542053702173094e-83,True,True
165.25,0.00821271106474338,2.7962592143441985e-07,0.0,0.00821243143882195,2.1093342775672643e-83,True,True
165.3,0.008217858444311549,2.737620979723693e-07,0.0,0.00821758468221358,1.7417740796707674e-83,True,True
165.35000000000002,0.008222917299839098,2.68015608989562e-07,0.0,0.008222649284230117,1.438119757906718e-83,True,True
165.4,0.008227887461259912,2.6238423048138893e-07,0.0,0.008227625077029429,1.1872853232005522e-83,True,True
165.45000000000002,0.00823276876142263,2.568657779703331e-07,0.0,0.008232511895644666,9.801035496870167e-84,True,True
165.5,0.008237561036099201,2.514581058571284e-07,0.0,0.008237309577993351,8.089946350629114e-84,True,True
165.55,0.008242264123993145,2.4615910678147446e-07,0.0,0.00824201796488637,6.676919459601934e-84,True,True
165.60000000000002,0.008246877866747736,2.409667109922776e-07,0.0,0.008246636900036746,5.510150363059638e-84,True,True
165.65,0.008251402108954026,2.358788857272077e-07,0.0,0.008251166230068304,4.54681809208936e-84,True,True
165.70000000000002,0.008255836698158747,2.3089363460149803e-07,0.0,0.008255605804524153,3.751530876500071e-84,True,True
165.75,0.008260181484872004,2.2600899700589428e-07,0.0,0.008259955475875007,3.0950401526155388e-84,True,True
165.8,0.008264436322574885,2.2122304751355095e-07,0.0,0.008264215099527376,2.5531766653218944e-84,True,True
165.85000000000002,0.008268601067726844,2.16533895295862e-07,0.0,0.008268384533831555,2.105970396832367e-84,True,True
165.9,0.008272675579773028,2.1193968354702747e-07,0.0,0.008272463640089484,1.7369226328611303e-84,True,True
165.95000000000002,0.008276659721151356,2.074385889172824e-07,0.0,0.008276452282562446,1.4324039269950881e-84,True,True
166.0,0.008280553357299523,2.030288209546824e-07,0.0,0.008280350328478571,1.1811562390092276e-84,True,True
166.05,0.008284356356661787,1.9870862155528914e-07,0.0,0.008284157648040238,9.738812627601429e-85,True,True
166.10000000000002,0.008288068590695653,1.9447626442171645e-07,0.0,0.008287874114431238,8.029000568775803e-85,True,True
166.15,0.00829168993387837,1.903300545298506e-07,0.0,0.008291499603823844,6.618716567639748e-85,True,True
166.20000000000002,0.008295220263713276,1.8626832760368264e-07,0.0,0.008295033995385677,5.455604707061565e-85,True,True
166.25,0.008298659460736001,1.8228944959815996e-07,0.0,0.008298477171286409,4.496440217980634e-85,True,True
166.3,0.008302007408520521,1.7839181618988488e-07,0.0,0.00830182901670433,3.7055405359549524e-85,True,True
166.35000000000002,0.008305263993684983,1.7457385227563784e-07,0.0,0.00830508941983271,3.053452229246884e-85,True,True
166.4,0.008308429105897502,1.7083401147855982e-07,0.0,0.008308258271886023,2.5158660111334746e-85,True,True
166.45000000000002,0.008311502637881659,1.6717077566190708e-07,0.0,0.008311335467106001,2.0727203079441298e-85,True,True
166.5,0.008314484485421958,1.6358265445030938e-07,0.0,0.008314320902767508,1.707460689120352e-85,True,True
166.55,0.008317374547369015,1.6006818475836893e-07,0.0,0.008317214479184265,1.4064281213261153e-85,True,True
166.60000000000002,0.008320172725644703,1.5662593032657334e-07,0.0,0.00832001609971438,1.1583536882713547e-85,True,True
166.65,0.00832287892524701,1.5325448126435623e-07,0.0,0.008322725670765752,9.539412894525141e-86,True,True
166.70000000000002,0.008325493054254859,1.4995245360024743e-07,0.0,0.008325343101801263,7.855230337396647e-86,True,True
166.75,0.00832801502383266,1.4671848883902812e-07,0.0,0.008327868305343825,6.467746928777746e-86,True,True
166.8,0.008330444748234784,1.4355125352573925e-07,0.0,0.00833030119698126,5.324807710055163e-86,True,True
166.85000000000002,0.008332782144809802,1.40449438816521e-07,0.0,0.008332641695370992,4.383405582572854e-86,True,True
166.9,0.008335027134004639,1.3741176005613596e-07,0.0,0.00833488972224458,3.6080803482850855e-86,True,True
166.95000000000002,0.008337179639368458,1.3443695636209872e-07,0.0,0.008337045202412097,2.9695973072744256e-86,True,True
167.0,0.008339239587556509,1.3152379021534618e-07,0.0,0.008339108063766296,2.4438567062864838e-86,True,True
167.05,0.008341206908333704,1.2867104705731333e-07,0.0,0.008341078237286654,2.0109937989495583e-86,True,True
167.10000000000002,0.008343081534578092,1.2587753489337022e-07,0.0,0.008342955657043202,1.654636276522953e-86,True,True
167.15,0.008344863402284113,1.2314208390249885e-07,0.0,0.008344740260200214,1.3612916118632932e-86,True,True
167.20000000000002,0.008346552450565753,1.2046354605313462e-07,0.0,0.00834643198701971,1.1198416391052017e-86,True,True
167.25,0.008348148621659505,1.1784079472510673e-07,0.0,0.008348030780864784,9.21125641157882e-87,True,True
167.3,0.008349651860927105,1.152727243375436e-07,0.0,0.00834953658820277,7.575964804267936e-87,True,True
167.35000000000002,0.008351062116858207,1.1275824998271837e-07,0.0,0.008350949358608226,6.230370041393847e-87,True,True
167.4,0.008352379341072805,1.1029630706570523e-07,0.0,0.008352269044765747,5.123261826980871e-87,True,True
167.45000000000002,0.008353603488323555,1.0788585094978015e-07,0.0,0.008353495602472612,4.212462789820662e-87,True,True
167.5,0.00835473451649785,1.0552585660750211e-07,0.0,0.008354628990641247,3.463238657522883e-87,True,True
167.55,0.008355772386619793,1.0321531827735954e-07,0.0,0.008355669171301516,2.8469876291461804e-87,True,True
167.60000000000002,0.008356717062851966,1.0095324912593839e-07,0.0,0.008356616109602848,2.3401600236024305e-87,True,True
167.65,0.008357568512497093,9.87386809155069e-08,0.0,0.008357469773816182,1.9233678343476243e-87,True,True
167.70000000000002,0.008358326705999407,9.65706636769495e-08,0.0,0.008358230135335733,1.5806508822212193e-87,True,True
167.75,0.00835899161694598,9.444826538798746e-08,0.0,0.008358897168680594,1.2988720872315664e-87,True,True
167.8,0.008359563222067816,9.237057165657483e-08,0.0,0.008359470851496163,1.0672191912740295e-87,True,True
167.85000000000002,0.008360041501240789,9.033668540943989e-08,0.0,0.008359951164555379,8.767942344796417e-88,True,True
167.9,0.00836042643748639,8.834572658566285e-08,0.0,0.00836033809175981,7.202753646194707e-88,True,True
167.95000000000002,0.008360718016972381,8.639683183522644e-08,0.0,0.008360631620140549,5.916382627638162e-88,True,True
168.0,0.008360916229013152,8.448915422248732e-08,0.0,0.008360831739858928,4.859266991577287e-88,True,True
168.05,0.008361021066070012,8.26218629344613e-08,0.0,0.008360938444207083,3.990635735954806e-88,True,True
168.10000000000002,0.008361032523751304,8.079414299388703e-08,0.0,0.008360951729608317,3.2769531264525886e-88,True,True
168.15,0.008360950600812276,7.900519497697431e-08,0.0,0.008360871595617304,2.690637481797804e-88,True,True
168.20000000000002,0.008360775299154855,7.72542347357777e-08,0.0,0.00836069804492012,2.2090063431529243e-88,True,True
168.25,0.008360506623827197,7.554049312513525e-08,0.0,0.008360431083334076,1.8134081141559664e-88,True,True
168.3,0.008360144583023145,7.386321573408509e-08,0.0,0.008360070719807416,1.4885072797527136e-88,True,True
168.35000000000002,0.00835968918808142,7.222166262172001e-08,0.0,0.008359616966418798,1.2216961010304639e-88,True,True
168.4,0.00835914045348468,7.061510805739295e-08,0.0,0.008359069838376627,1.0026104556989147e-88,True,True
168.45000000000002,0.00835849839685847,6.904284026521392e-08,0.0,0.008358429354018204,8.227314278103194e-89,True,True
168.5,0.008357763038969877,6.750416117279147e-08,0.0,0.00835769553480871,6.750574927412107e-89,True,True
168.55,0.008356934403726146,6.599838616412745e-08,0.0,0.008356868405339985,5.538348156609344e-89,True,True
168.60000000000002,0.008356012518173018,6.452484383662939e-08,0.0,0.008355947993329185,4.543353837581713e-89,True,True
168.65,0.008354997412492968,6.308287576216222e-08,0.0,0.00835493432961721,3.72674506902091e-89,True,True
168.70000000000002,0.008353889120003233,6.167183625208415e-08,0.0,0.008353827448166986,3.0566071628646917e-89,True,True
168.75,0.008352687677153706,6.029109212621405e-08,0.0,0.008352627386061578,2.506723220769063e-89,True,True
168.8,0.008351393123524592,5.894002248565492e-08,0.0,0.008351334183502111,2.0555590546943046e-89,True,True
168.85000000000002,0.008350005501824019,5.761801848943604e-08,0.0,0.008349947883805532,1.6854285605325963e-89,True,True
168.9,0.008348524857885314,5.632448313489906e-08,0.0,0.008348468533402183,1.3818075343334184e-89,True,True
168.95000000000002,0.008346951240664249,5.505883104177583e-08,0.0,0.008346896181833213,1.1327695866689597e-89,True,True
169.0,0.00834528470223606,5.3820488239913623e-08,0.0,0.00834523088174782,9.285224759508252e-90,True,True
169.05,0.008343525297792252,5.26088919605723e-08,0.0,0.008343472688900299,7.610270224221489e-90,True,True
169.10000000000002,0.00834167308563738,5.142349043125795e-08,0.0,0.008341621662146945,6.236839264646046e-90,True,True
169.15,0.008339728127185433,5.026374267402649e-08,0.0,0.008339677863442765,5.110764175175862e-90,True,True
169.20000000000002,0.00833769048695631,4.9129118307208514e-08,0.0,0.008337641357838009,4.1875880203833925e-90,True,True
169.25,0.008335560232571908,4.80190973505076e-08,0.0,0.00833551221347456,3.4308274182047394e-90,True,True
169.3,0.008333337434752165,4.693317003340832e-08,0.0,0.00833329050158213,2.810545446435214e-90,True,True
169.35000000000002,0.008331022167310883,4.5870836606860264e-08,0.0,0.008330976296474276,2.3021794282191536e-90,True,True
169.4,0.008328614507151435,4.483160715816946e-08,0.0,0.008328569675544274,1.8855781720872194e-90,True,True
169.45000000000002,0.008326114534262219,4.381500142905856e-08,0.0,0.008326070719260793,1.5442113202563156e-90,True,True
169.5,0.008323522331712047,4.282054863684901e-08,0.0,0.008323479511163417,1.2645201035630683e-90,True,True
169.55,0.008320837985645285,4.184778729870469e-08,0.0,0.008320796137857986,1.0353842663907918e-90,True,True
169.60000000000002,0.008318061585276839,4.0896265058903193e-08,0.0,0.008318020689011777,8.476844192732478e-91,True,True
169.65,0.008315193222887029,3.996553851907793e-08,0.0,0.008315153257348511,6.93942772502063e-91,True,True
169.70000000000002,0.008312232993816247,3.905517307138781e-08,0.0,0.00831219393864318,5.680282426963128e-91,True,True
169.75,0.008309180996459452,3.8164742734572596e-08,0.0,0.008309142831716724,4.6491442242982485e-91,True,True
169.8,0.008306037332260522,3.729382999283936e-08,0.0,0.008306000038430529,3.8048095660469846e-91,True,True
169.85000000000002,0.008302802105706398,3.644202563754847e-08,0.0,0.008302765663680762,3.1135055723643164e-91,True,True
169.9,0.008299475424321147,3.560892861164168e-08,0.0,0.008299439815392533,2.5475527562874327e-91,True,True
169.95000000000002,0.008296057398659747,3.47941458567771e-08,0.0,0.00829602260451389,2.084267910084852e-91,True,True
170.0,0.00829254814230182,3.3997292163130225e-08,0.0,0.008292514145009661,1.7050641151735212e-91,True,True
170.05,0.00828894777184512,3.3217990021809103e-08,0.0,0.0082889145538551,1.3947125318176205e-91,True,True
170.10000000000002,0.008285256406898893,3.24558694798536e-08,0.0,0.008285223951029413,1.1407369484889393e-91,True,True
170.15,0.008281474170077071,3.171056799776887e-08,0.0,0.008281442459509071,9.329172653973139e-92,True,True
170.20000000000002,0.008277601186991293,3.0981730309556614e-08,0.0,0.008277570205260992,7.62882353488976e-92,True,True
170.25,0.008273637586243823,3.026900828520619e-08,0.0,0.008273607317235544,6.237762344896132e-92,True,True
170.3,0.008269583499420178,2.9572060795599344e-08,0.0,0.008269553927359386,5.099844053394053e-92,True,True
170.35000000000002,0.008265439061081731,2.889055357979995e-08,0.0,0.008265410170528155,4.1690949338643694e-92,True,True
170.4,0.008261204408758093,2.822415911467989e-08,0.0,0.008261176184598982,3.407873688508989e-92,True,True
170.45000000000002,0.008256879682939321,2.7572556486850062e-08,0.0,0.008256852110382835,2.7853643386488084e-92,True,True
170.5,0.008252465027068006,2.693543126686018e-08,0.0,0.008252438091636742,2.276341148809073e-92,True,True
170.55,0.008247960587531177,2.6312475385624098e-08,0.0,0.008247934275055793,1.860156584226321e-92,True,True
170.60000000000002,0.008243366513652048,2.5703387013042798e-08,0.0,0.008243340810265041,1.5199121092871703e-92,True,True
170.65,0.008238682957681646,2.510787043878307e-08,0.0,0.008238657849811207,1.241778862280084e-92,True,True
170.70000000000002,0.008233910074790188,2.4525635955179017e-08,0.0,0.008233885549154236,1.0144411726896204e-92,True,True
170.75,0.008229048023058442,2.3956399742225098e-08,0.0,0.008229024066658699,8.286407532764726e-93,True,True
170.8,0.00822409696346878,2.3399883754618973e-08,0.0,0.008224073563585028,6.768033911818708e-93,True,True
170.85000000000002,0.008219057059896218,2.2855815610830412e-08,0.0,0.008219034204080614,5.5273323691316245e-93,True,True
170.9,0.008213928479099209,2.232392848415396e-08,0.0,0.008213906155170727,4.513624759487165e-93,True,True
170.95000000000002,0.008208711390710286,2.180396099571745e-08,0.0,0.00820868958674929,3.6854637048077047e-93,True,True
171.0,0.008203405967226605,2.1295657109416994e-08,0.0,0.0082033846715695,3.008954651927971e-93,True,True
171.05,0.008198012384000324,2.0798766028737794e-08,0.0,0.008197991585234297,2.4563823213410004e-93,True,True
171.10000000000002,0.008192530819228761,2.0313042095440567e-08,0.0,0.008192510506186669,2.0050864413664506e-93,True,True
171.15,0.008186961453944513,1.9838244690074037e-08,0.0,0.008186941615699826,1.6365416176229083e-93,True,True
171.20000000000002,0.00818130447200532,1.93741381342871e-08,0.0,0.008181285097867187,1.335604348340369e-93,True,True
171.25,0.008175560060083856,1.8920491594912318e-08,0.0,0.008175541139592265,1.0898968847434652e-93,True,True
171.3,0.00816972840765733,1.847707898978583e-08,0.0,0.008169709930578344,8.893031174614118e-94,True,True
171.35000000000002,0.00816380970699697,1.8043678895282577e-08,0.0,0.008163791663318072,7.255561619976614e-94,True,True
171.4,0.008157804153157302,1.7620074455530172e-08,0.0,0.00815778653308285,5.919009970138019e-94,True,True
171.45000000000002,0.008151711943965374,1.7206053293278007e-08,0.0,0.008151694737912088,4.828185248008737e-94,True,True
171.5,0.00814553328000977,1.680140742239561e-08,0.0,0.008145516478602349,3.9379989374772583e-94,True,True
171.55,0.008139268364629446,1.6405933161965494e-08,0.0,0.00813925195869629,3.211619462302922e-94,True,True
171.60000000000002,0.008132917403902545,1.6019431051953432e-08,0.0,0.008132901384471501,2.6189631279111637e-94,True,True
171.65,0.008126480606634975,1.5641705770421127e-08,0.0,0.008126464964929202,2.135460308637177e-94,True,True
171.70000000000002,0.008119958184348786,1.5272566052260038e-08,0.0,0.008119942911782738,1.7410467784223313e-94,True,True
171.75,0.008113350351270624,1.491182460942021e-08,0.0,0.00811333543944602,1.4193391842690403e-94,True,True
171.8,0.008106657324319795,1.4559298052605766e-08,0.0,0.008106642765021746,1.1569611131720377e-94,True,True
171.85000000000002,0.008099879323096347,1.4214806814417602e-08,0.0,0.008099865108289535,9.429923032190504e-95,True,True
171.9,0.008093016569868959,1.3878175073912583e-08,0.0,0.00809300269169389,7.685185426897757e-95,True,True
171.95000000000002,0.008086069289562708,1.3549230682558948e-08,0.0,0.00808605574033203,6.26263887714455e-95,True,True
172.0,0.008079037709746693,1.3227805091565026e-08,0.0,0.008079024481941598,5.102901735684276e-95,True,True
172.05,0.008071922060621486,1.2913733280552504e-08,0.0,0.008071909146888205,4.1575153149957934e-95,True,True
172.10000000000002,0.008064722575006554,1.2606853687558472e-08,0.0,0.008064709968152867,3.38693862314592e-95,True,True
172.15,0.008057439488327434,1.2307008140337367e-08,0.0,0.008057427181319297,2.7589105001433975e-95,True,True
172.20000000000002,0.008050073038602815,1.2014041788942841e-08,0.0,0.008050061024561031,2.2471119750412962e-95,True,True
172.25,0.008042623466431526,1.1727803039569577e-08,0.0,0.00804261173862849,1.8300739231959226e-95,True,True
172.3,0.00803509101497932,1.1448143489628565e-08,0.0,0.008035079566835832,1.4902851297203144e-95,True,True
172.35000000000002,0.0080274759299656,1.1174917864040092e-08,0.0,0.008027464755047738,1.213464064989017e-95,True,True
172.4,0.00801977845964998,1.0907983952718405e-08,0.0,0.008019767551666031,9.879643832076131e-96,True,True
172.45000000000002,0.008011998854818701,1.0647202549230168e-08,0.0,0.00801198820761616,8.04289637468492e-96,True,True
172.5,0.008004137368770993,1.0392437390607229e-08,0.0,0.0080041269763336,6.546971868803531e-96,True,True
172.55,0.007996194257305153,1.014355509828948e-08,0.0,0.007996184113750061,5.328749354040334e-96,True,True
172.60000000000002,0.007988169778704757,9.900425120183565e-09,0.0,0.007988159878279643,4.336775369913072e-96,True,True
172.65,0.00798006419372448,9.662919673813577e-09,0.0,0.007980054530804807,3.5291114941557286e-96,True,True
172.70000000000002,0.007971877765575928,9.430913690546165e-09,0.0,0.007971868334662237,2.8715781958876616e-96,True,True
172.75,0.007963610759913376,9.204284760873041e-09,0.0,0.007963601555628615,2.3363221776507495e-96,True,True
172.8,0.007955263444819288,8.982913080728595e-09,0.0,0.00795525446190621,1.900647736050564e-96,True,True
172.85000000000002,0.007946836090789808,8.76668139882837e-09,0.0,0.007946827324108412,1.5460635820272308e-96,True,True
172.9,0.00793832897072008,8.55547496500748e-09,0.0,0.00793832041524511,1.2575054751307278e-96,True,True
172.95000000000002,0.007929742359889413,8.349181479542451e-09,0.0,0.007929734010707937,1.0227023066986352e-96,True,True
173.0,0.007921076535946495,8.147691043440479e-09,0.0,0.007921068388255454,8.316592130291354e-97,True,True
173.05,0.007912331778894248,7.950896109675531e-09,0.0,0.007912323827998141,6.762361555613044e-97,True,True
173.10000000000002,0.0079035083710748,7.758691435358793e-09,0.0,0.007903500612383362,5.498043702479182e-97,True,True
173.15,0.007894606597154167,7.570974034823513e-09,0.0,0.007894599026180133,4.46966325768017e-97,True,True
173.20000000000002,0.007885626744106951,7.387643133608981e-09,0.0,0.00788561935646382,3.633274732909515e-97,True,True
173.25,0.007876569101200855,7.2086001233292934e-09,0.0,0.007876561892600732,2.9531022806357213e-97,True,True
173.3,0.007867433959981088,7.0337485174080635e-09,0.0,0.00786742692623257,2.400023841631201e-97,True,True
173.35000000000002,0.00785822161425471,6.862993907666519e-09,0.0,0.007858214751260806,1.9503360105045188e-97,True,True
173.4,0.007848932360074855,6.696243921747891e-09,0.0,0.00784892566383093,1.5847477348203635e-97,True,True
173.45000000000002,0.007839566495724749,6.533408181363326e-09,0.0,0.007839559962316573,1.2875605342528142e-97,True,True
173.5,0.007830124321701843,6.374398261346189e-09,0.0,0.007830117947303582,1.0460007350717575e-97,True,True
173.55,0.00782060614070157,6.219127649497207e-09,0.0,0.007820599921573919,8.496755858515838e-98,True,True
173.60000000000002,0.007811012257601224,6.0675117072096425e-09,0.0,0.00781100619008952,6.901303170185013e-98,True,True
173.65,0.007801342979443637,5.919467630857782e-09,0.0,0.007801337059976013,5.604874455466185e-98,True,True
173.70000000000002,0.007791598615420739,5.774914413935783e-09,0.0,0.00779159284050633,4.5515308308235074e-98,True,True
173.75,0.007781779476857081,5.633772809934372e-09,0.0,0.0077817738430842704,3.6957782487082226e-98,True,True
173.8,0.007771885877193178,5.495965295940007e-09,0.0,0.007771880381227889,3.0006209556762935e-98,True,True
173.85000000000002,0.007761918131968897,5.361416036945321e-09,0.0,0.007761912770552865,2.435977022009912e-98,True,True
173.9,0.00775187655880657,5.23005085085654e-09,0.0,0.007751871328755724,1.9773887245451276e-98,True,True
173.95000000000002,0.007741761477394134,5.1017971741856815e-09,0.0,0.007741756375596958,1.6049730192281812e-98,True,True
174.0,0.007731573209468148,4.9765840284156e-09,0.0,0.007731568232884124,1.3025674915025673e-98,True,True
174.05,0.00772131207879673,4.854341987024146e-09,0.0,0.007721307224454738,1.0570354460620223e-98,True,True
174.10000000000002,0.0077109784111623406,4.735003143157258e-09,0.0,0.007710973676159196,8.577005396126448e-99,True,True
174.15,0.007700572534344595,4.618501077937457e-09,0.0,0.007700567915843519,6.958868539035521e-99,True,True
174.20000000000002,0.007690094778102858,4.504770829396604e-09,0.0,0.0076900902733320325,5.645447821885458e-99,True,True
174.25,0.0076795454741588574,4.393748862022318e-09,0.0,0.007679541080409997,4.579467486100153e-99,True,True
174.3,0.007668924956179116,4.2853730369050905e-09,0.0,0.0076689206708060835,3.714397502193873e-99,True,True
174.35000000000002,0.007658233559757415,4.179582582476659e-09,0.0,0.007658229380174837,3.012441305802554e-99,True,True
174.4,0.007647471622397068,4.07631806582754e-09,0.0,0.00764746754607901,2.442899641508094e-99,True,True
174.45000000000002,0.007636639483493171,3.975521364593445e-09,0.0,0.007636635507971803,1.98084035079873e-99,True,True
174.5,0.007625737484314728,3.877135639400446e-09,0.0,0.007625733607179091,1.6060170045846699e-99,True,True
174.55,0.007614765967986796,3.781105306857414e-09,0.0,0.007614762186881484,1.3019899169932132e-99,True,True
174.60000000000002,0.007603725279472398,3.687376013087043e-09,0.0,0.007603721592096383,1.0554117360305554e-99,True,True
174.65,0.007592615765554536,3.595894607784079e-09,0.0,0.0075926121696599244,8.554468549766323e-100,True,True
174.70000000000002,0.007581437774817941,3.5066091187914055e-09,0.0,0.007581434268208824,6.932996251276439e-100,True,True
174.75,0.007570191657630948,3.419468727185052e-09,0.0,0.007570188238162224,5.618310192496116e-100,True,True
174.8,0.007558877766127112,3.3344237428570945e-09,0.0,0.0075588744317033685,4.5524719432389276e-100,True,True
174.85000000000002,0.0075474964541868824,3.2514255805886556e-09,0.0,0.007547493202761301,3.688464934719376e-100,True,True
174.9,0.00753604807741917,3.170426736602729e-09,0.0,0.007536044906992435,2.9881394199651113e-100,True,True
174.95000000000002,0.00752453299314281,3.0913807655882e-09,0.0,0.007524529901762041,2.420543384847885e-100,True,True
175.0,0.007512951560368011,3.014242258186561e-09,0.0,0.0075129485461257525,1.9605670618847584e-100,True,True
175.05,0.007501304139777697,2.9389668189316174e-09,0.0,0.007501301200810882,1.5878422351259355e-100,True,True
175.10000000000002,0.007489591093708833,2.8655110446349408e-09,0.0,0.007489588228197797,1.285848532882405e-100,True,True
175.15,0.0074778127861336524,2.7938325032074727e-09,0.0,0.007477809992301145,1.0411878567990785e-100,True,True
175.20000000000002,0.007465969582640745,2.7238897129094808e-09,0.0,0.007465966858751035,8.42995374427269e-101,True,True
175.25,0.007454061850416326,2.6556421220211965e-09,0.0,0.007454059194774204,6.824614200486041e-101,True,True
175.3,0.007442089958225124,2.5890500889251752e-09,0.0,0.007442087369175043,5.524434591013539e-101,True,True
175.35000000000002,0.0074300542763915175,2.5240748625934946e-09,0.0,0.007430051752316657,4.471511818360368e-101,True,True
175.4,0.0074179551767803616,2.460678563471438e-09,0.0,0.0074179527161018005,3.6189096995498964e-101,True,True
175.45000000000002,0.0074057930327779235,2.398824164750323e-09,0.0,0.007405790633953761,2.928585628043692e-101,True,True
175.5,0.0073935682192727255,2.3384754740222603e-09,0.0,0.00739356588079725,2.369708484757688e-101,True,True
175.55,0.007381281112636269,2.2795971153089507e-09,0.0,0.007381278833039152,1.9172941047635867e-101,True,True
175.60000000000002,0.0073689320907038185,2.2221545114581853e-09,0.0,0.0073689298685493095,1.5510984607728167e-101,True,True
175.65,0.007356521532755064,2.16611386690012e-09,0.0,0.007356519366641201,1.2547199791986748e-101,True,True
175.70000000000002,0.007344049819494712,2.111442150756926e-09,0.0,0.0073440477080525665,1.0148715464877102e-101,True,True
175.75,0.007331517333033132,2.05810708029914e-09,0.0,0.007331515274926053,8.20790188329921e-102,True,True
175.8,0.007318924456866816,2.0060771047414225e-09,0.0,0.007318922450789714,6.637584341850083e-102,True,True
175.85000000000002,0.0073062715758589625,1.955321389371878e-09,0.0,0.00730626962053757,5.3671627592571585e-102,True,True
175.9,0.007293559076219843,1.905809800007953e-09,0.0,0.007293557170410051,4.339466049547596e-102,True,True
175.95000000000002,0.007280787345487283,1.8575128877728027e-09,0.0,0.007280785487974398,3.5082023974908646e-102,True,True
176.0,0.007267956772506976,1.81040187418611e-09,0.0,0.007267954962105105,2.8358927587114487e-102,True,True
176.05,0.007255067747412843,1.764448636562687e-09,0.0,0.007255065982964203,2.2921961719571825e-102,True,True
176.10000000000002,0.007242120661607301,1.719625693713669e-09,0.0,0.0072421189419816165,1.8525527316962348e-102,True,True
176.15,0.0072291159077416175,1.675906191943597e-09,0.0,0.007229114231835423,1.4970840767282419e-102,True,True
176.20000000000002,0.0072160538796959585,1.6332638913381211e-09,0.0,0.007216052246432063,1.2097026169171134e-102,True,True
176.25,0.007202934972559748,1.5916731523366828e-09,0.0,0.0072029333808865965,9.77389942450447e-103,True,True
176.3,0.007189759582611747,1.5511089225841616e-09,0.0,0.007189758031502821,7.896123419471074e-103,True,True
176.35000000000002,0.007176528107300189,1.5115467240565565e-09,0.0,0.007176526595753463,6.37847425076953e-103,True,True
176.4,0.0071632409452229194,1.4729626404549165e-09,0.0,0.007163239472260273,5.152007683142335e-103,True,True
176.45000000000002,0.007149898496107382,1.4353333048624316e-09,0.0,0.0071498970607740825,4.1609549515687703e-103,True,True
176.5,0.0071365011607908155,1.3986358876596169e-09,0.0,0.007136499762154926,3.360209400505015e-103,True,True
176.55,0.007123049341200096,1.3628480846921318e-09,0.0,0.00712304797835201,2.7132917078606714e-103,True,True
176.60000000000002,0.007109543440331883,1.3279481056868148e-09,0.0,0.007109542112383777,2.190702729034829e-103,True,True
176.65,0.007095983862232533,1.293914662910431e-09,0.0,0.007095982568317874,1.7685902543358164e-103,True,True
176.70000000000002,0.007082371011978065,1.2607269600666895e-09,0.0,0.007082369751251099,1.427669962978438e-103,True,True
176.75,0.0070687052956540835,1.2283646814269406e-09,0.0,0.0070687040672894035,1.1523521962280506e-103,True,True
176.8,0.007054987120335745,1.1968079811893338e-09,0.0,0.00705498592352776,9.300353624257772e-104,True,True
176.85000000000002,0.007041216894067609,1.1660374730626465e-09,0.0,0.007041215728030136,7.505342341594111e-104,True,True
176.9,0.0070273950258435865,1.1360342200697293e-09,0.0,0.007027393889809365,6.056174325637372e-104,True,True
176.95000000000002,0.007013521925586737,1.10677972456644e-09,0.0,0.007013520818807011,4.886332831759117e-104,True,True
177.0,0.006999598004129222,1.078255918471831e-09,0.0,0.006999596925873301,3.9420718887042903e-104,True,True
177.05,0.00698562367319207,1.0504451537051266e-09,0.0,0.006985622622746915,3.179968740991628e-104,True,True
177.10000000000002,0.006971599345365096,1.023330192825693e-09,0.0,0.0069715983220349,2.564944536210194e-104,True,True
177.15,0.006957525434086698,9.968941998715953e-10,0.0,0.0069575244371924945,2.0686638376622922e-104,True,True
177.20000000000002,0.006943402353623664,9.71120731392908e-10,0.0,0.0069434013825029305,1.668240588178049e-104,True,True
177.25,0.006929230519051057,9.459937276760605e-10,0.0,0.006929229573057332,1.3451919529423673e-104,True,True
177.3,0.006915010346231977,9.214975041549009e-10,0.0,0.006915009424734468,1.0845926439048268e-104,True,True
177.35000000000002,0.006900742251797392,8.976167430052773e-10,0.0,0.006900741354180646,8.743913749638776e-105,True,True
177.4,0.006886426653125982,8.743364849189753e-10,0.0,0.006886425778789496,7.048584201591405e-105,True,True
177.45000000000002,0.0068720639683239,8.516421210536292e-10,0.0,0.006872063116681783,5.681391743669394e-105,True,True
177.5,0.006857654616204659,8.295193851550508e-10,0.0,0.006857653786685274,4.5789341300955536e-105,True,True
177.55,0.006843199016268857,8.079543458483154e-10,0.0,0.006843198208314513,3.690038291923961e-105,True,True
177.60000000000002,0.0068286975886840936,7.869333990944392e-10,0.0,0.006828696801750696,2.9734056773895518e-105,True,True
177.65,0.006814150754264748,7.664432608090282e-10,0.0,0.006814149987821491,2.3957101691608902e-105,True,True
177.70000000000002,0.0067995589344518065,7.464709596397139e-10,0.0,0.0067995581879808495,1.930061745489291e-105,True,True
177.75,0.006784922551292739,7.270038298993109e-10,0.0,0.006784921824288917,1.5547656825441223e-105,True,True
177.8,0.006770242027421331,7.080295046511148e-10,0.0,0.006770241319391825,1.2523205462311111e-105,True,True
177.85000000000002,0.0067555177860375215,6.89535908943717e-10,0.0,0.006755517096501618,1.00860910017995e-105,True,True
177.9,0.006740750250887364,6.715112531918929e-10,0.0,0.006740749579376114,8.122450535024858e-106,True,True
177.95000000000002,0.006725939846242788,6.53944026700754e-10,0.0,0.0067259391922987665,6.54045684928535e-106,True,True
178.0,0.006711086996881628,6.36822991330276e-10,0.0,0.006711086360058639,5.266061307607197e-106,True,True
178.05,0.006696192128067433,6.20137175297111e-10,0.0,0.006696191507930259,4.239557731461679e-106,True,True
178.10000000000002,0.0066812556655294906,6.038758671111434e-10,0.0,0.006681255061653625,3.412809231595796e-106,True,True
178.15,0.006666278035442733,5.880286096437645e-10,0.0,0.006666277447414127,2.7470103058385046e-106,True,True
178.20000000000002,0.006651259664407718,5.725851943252579e-10,0.0,0.006651259091822523,2.2108810701278133e-106,True,True
178.25,0.006636200979430628,5.57535655468752e-10,0.0,0.006636200421894981,1.7792103253646277e-106,True,True
178.3,0.006621102407903311,5.428702647178186e-10,0.0,0.0066211018650330425,1.4316801906350103e-106,True,True
178.35000000000002,0.0066059643775832535,5.285795256155213e-10,0.0,0.006605963849003729,1.1519179826844094e-106,True,True
178.4,0.006590787316573761,5.146541682921294e-10,0.0,0.006590786801919591,9.267314825511743e-107,True,True
178.45000000000002,0.0065755716533039115,5.010851442691032e-10,0.0,0.006575571152218773,7.45492180279585e-107,True,True
178.5,0.006560317816508829,4.878636213770779e-10,0.0,0.006560317328645207,5.996379135224871e-107,True,True
178.55,0.0065450262352096744,4.749809787852307e-10,0.0,0.006545025760228692,4.822718276041643e-107,True,True
178.60000000000002,0.006529697338693948,4.6242880213994117e-10,0.0,0.0065296968762651435,3.878390354547726e-107,True,True
178.65,0.00651433155649567,4.501988788103189e-10,0.0,0.006514331106296783,3.1186594957530653e-107,True,True
178.70000000000002,0.006498929318375547,4.382831932383911e-10,0.0,0.006498928880092355,2.507501596217579e-107,True,True
178.75,0.006483491054301401,4.266739223918891e-10,0.0,0.006483490627627477,2.015910714285733e-107,True,True
178.8,0.006468017194428309,4.1536343131724054e-10,0.0,0.006468016779064878,1.6205341391815955e-107,True,True
178.85000000000002,0.006452508169079094,4.043442687909473e-10,0.0,0.006452507764734819,1.3025724627995334e-107,True,True
178.9,0.0064369644087246235,3.9360916306707547e-10,0.0,0.006436964015115461,1.0468932927209094e-107,True,True
178.95000000000002,0.006421386343964277,3.8315101771889334e-10,0.0,0.0064213859608132536,8.413171822651536e-108,True,True
179.0,0.006405774405506389,3.7296290757278264e-10,0.0,0.0064057740325434796,6.760423713887624e-108,True,True
179.05,0.006390129024148769,3.6303807473229207e-10,0.0,0.00639012866111069,5.43181401014219e-108,True,True
179.10000000000002,0.006374450630759237,3.533699246906142e-10,0.0,0.006374450277389311,4.363878817317526e-108,True,True
179.15,0.006358739656256254,3.439520225294879e-10,0.0,0.006358739312304226,3.505559070211268e-108,True,True
179.20000000000002,0.006342996531589478,3.3477808920273993e-10,0.0,0.006342996196811383,2.8157799602899097e-108,True,True
179.25,0.006327221687720543,3.2584199790275454e-10,0.0,0.00632722136187854,2.2615018874859962e-108,True,True
179.3,0.006311415555603704,3.171377705079307e-10,0.0,0.006311415238465933,1.816151241506939e-108,True,True
179.35000000000002,0.006295578566166693,3.0865957410962146e-10,0.0,0.006295578257507113,1.4583571186251847e-108,True,True
179.4,0.006279711150291479,3.004017176167059e-10,0.0,0.0062797108498897644,1.170934430832613e-108,True,True
179.45000000000002,0.006263813738795194,2.923586484361859e-10,0.0,0.006263813446436541,9.400654329294004e-109,True,True
179.5,0.006247886762411028,2.845249492282648e-10,0.0,0.006247886477886077,7.54641018003656e-109,True,True
179.55,0.0062319306517692324,2.768953347341859e-10,0.0,0.006231930374873893,6.057306472901913e-109,True,True
179.60000000000002,0.006215945837378147,2.6946464867539366e-10,0.0,0.006215945567913503,4.861558370488096e-109,True,True
179.65,0.006199932749605345,2.622278607224261e-10,0.0,0.006199932487377481,3.901470055496074e-109,True,True
179.70000000000002,0.00618389181865865,2.5518006353204943e-10,0.0,0.006183891563478589,3.130674155414712e-109,True,True
179.75,0.006167823474567516,2.4831646985123815e-10,0.0,0.006167823226251042,2.5119111557589966e-109,True,True
179.8,0.006151728147164121,2.416324096864396e-10,0.0,0.006151727905531709,2.01524335564759e-109,True,True
179.85000000000002,0.006135606266064835,2.3512332753686956e-10,0.0,0.006135606030941501,1.616618475302591e-109,True,True
179.9,0.006119458260651515,2.2878477969034455e-10,0.0,0.006119458031866735,1.2967145805599084e-109,True,True
179.95000000000002,0.006103284560052982,2.226124315803348e-10,0.0,0.006103284337440549,1.0400113218691079e-109,True,True
180.0,0.006087085593126535,2.1660205520297806e-10,0.0,0.006087085376524484,8.340432209054822e-110,True,True
180.05,0.0060708617884395145,2.10749526592656e-10,0.0,0.006070861577689985,6.687993817241877e-110,True,True
180.10000000000002,0.00605461357425093,2.0505082335495615e-10,0.0,0.0060546133692001075,5.362409622579089e-110,True,True
180.15,0.006038341378493224,1.995020222557262e-10,0.0,0.006038341178991197,4.2991334374559823e-110,True,True
180.20000000000002,0.006022045628753926,1.9409929686501582e-10,0.0,0.006022045434654631,3.4463444460555e-110,True,True
180.25,0.006005726752257647,1.8883891525473685e-10,0.0,0.00600572656341873,2.76244254150755e-110,True,True
180.3,0.005989385175847842,1.8371723774883054e-10,0.0,0.005989384992130603,2.214035818689606e-110,True,True
180.35000000000002,0.005973021325968894,1.7873071472485428e-10,0.0,0.005973021147238175,1.7743236786290115e-110,True,True
180.4,0.005956635628648108,1.738758844658226e-10,0.0,0.0059566354547722295,1.4217979070630954e-110,True,True
180.45000000000002,0.005940228509477872,1.691493710612096e-10,0.0,0.005940228340328496,1.1391993000806212e-110,True,True
180.5,0.005923800393597796,1.6454788235609166e-10,0.0,0.0059238002290499196,9.126796452432087e-111,True,True
180.55,0.005907351705677065,1.6006820794729768e-10,0.0,0.005907351545608855,7.311287080192933e-111,True,True
180.60000000000002,0.005890882869896692,1.5570721722560952e-10,0.0,0.005890882714189479,5.856337884056336e-111,True,True
180.65,0.0058743943099320494,1.5146185746295698e-10,0.0,0.005874394158470191,4.690457776575523e-111,True,True
180.70000000000002,0.005857886448935232,1.4732915194363614e-10,0.0,0.00585788630160608,3.756307631540227e-111,True,True
180.75,0.0058413597095177735,1.4330619813860345e-10,0.0,0.005841359566211575,3.0079034442506758e-111,True,True
180.8,0.005824814513733195,1.3939016592184733e-10,0.0,0.005824814374343022,2.408371315472365e-111,True,True
180.85000000000002,0.005808251283059793,1.3557829582797702e-10,0.0,0.0058082511474814935,1.9281455638631774e-111,True,True
180.9,0.005791670438383481,1.3186789735006707e-10,0.0,0.005791670306515576,1.5435226460195995e-111,True,True
180.95000000000002,0.005775072399980588,1.282563472768762e-10,0.0,0.005775072271724242,1.23550074158664e-111,True,True
181.0,0.005758457587501,1.2474108806861542e-10,0.0,0.005758457462759902,9.888486654216189e-112,True,True
181.05,0.005741826419951022,1.2131962627034522e-10,0.0,0.005741826298631397,7.913588610781654e-112,True,True
181.10000000000002,0.0057251793156767455,1.1798953096222555e-10,0.0,0.005725179197687206,6.332481418996637e-112,True,True
181.15,0.005708516692347108,1.1474843224576552e-10,0.0,0.005708516577598673,5.066770055614322e-112,True,True
181.20000000000002,0.005691838966937309,1.1159401976528541e-10,0.0,0.005691838855343285,4.0536409904316106e-112,True,True
181.25,0.0056751465557121974,1.0852404126382355e-10,0.0,0.005675146447188157,3.2427703031050583e-112,True,True
181.3,0.0056584398742097535,1.0553630117268143e-10,0.0,0.0056584397686734525,2.5938443282990894e-112,True,True
181.35000000000002,0.005641719337224701,1.0262865923391386e-10,0.0,0.005641719234596038,2.0745716818005896e-112,True,True
181.4,0.0056249853587921625,9.97990291549727e-11,0.0,0.005624985258993132,1.65908944136999e-112,True,True
181.45000000000002,0.00560823835217142,9.704537729481776e-11,0.0,0.005608238255126044,1.326685461784411e-112,True,True
181.5,0.005591478729829824,9.436572138080154e-11,0.0,0.005591478635464096,1.0607742217011014e-112,True,True
181.55,0.005574706903426628,9.175812925559625e-11,0.0,0.005574706811668501,8.480759763112311e-113,True,True
181.60000000000002,0.005557923283797201,8.922071765354006e-11,0.0,0.005557923194576476,6.779589234073015e-113,True,True
181.65,0.005541128280937,8.67516510057053e-11,0.0,0.005541128194185347,5.41912062708565e-113,True,True
181.70000000000002,0.005524322303985895,8.434914027305556e-11,0.0,0.005524322219636752,4.3312282576749974e-113,True,True
181.75,0.005507505761212484,8.201144180707506e-11,0.0,0.005507505679201041,3.461386870191885e-113,True,True
181.8,0.005490679059998477,7.973685623721734e-11,0.0,0.005490678980261613,2.765960849736123e-113,True,True
181.85000000000002,0.005473842606823241,7.752372738461265e-11,0.0,0.005473842529299519,2.210032864624778e-113,True,True
181.9,0.005456996807248474,7.537044120139887e-11,0.0,0.00545699673187803,1.7656647706386773e-113,True,True
181.95000000000002,0.005440142065902769,7.327542473512218e-11,0.0,0.005440141992627347,1.4105048646693428e-113,True,True
182.0,0.0054232787864666124,7.123714511764272e-11,0.0,0.005423278715229465,1.1266726226133183e-113,True,True
182.05,0.005406407371657132,6.925410857796884e-11,0.0,0.005406407302403024,8.998657265387069e-114,True,True
182.10000000000002,0.005389528223213245,6.73248594785023e-11,0.0,0.005389528155888382,7.186451471880727e-114,True,True
182.15,0.00537264174188069,6.54479793741443e-11,0.0,0.005372641676432708,5.738628357469497e-114,True,True
182.20000000000002,0.005355748327397258,6.362208609375121e-11,0.0,0.00535574826377517,4.5820362368937105e-114,True,True
182.25,0.005338848378478154,6.184583284343631e-11,0.0,0.005338848316632324,3.658185765088427e-114,True,True
182.3,0.005321942292801367,6.011790733120238e-11,0.0,0.005321942232683458,2.920315731966481e-114,True,True
182.35000000000002,0.005305030466993225,5.843703091244666e-11,0.0,0.00530503040855619,2.3310451057189678e-114,True,True
182.4,0.00528811329661403,5.680195775583146e-11,0.0,0.005288113239812069,1.860494381986209e-114,True,True
182.45000000000002,0.0052711911761437556,5.5211474029073796e-11,0.0,0.005271191120932283,1.4847825857373818e-114,True,True
182.5,0.005254264498967973,5.366439710419974e-11,0.0,0.00525426444530357,1.1848249315600342e-114,True,True
182.55,0.005237333657363664,5.215957478180198e-11,0.0,0.005237333605204091,9.453710954980471e-115,True,True
182.60000000000002,0.005220399042485439,5.069588453388296e-11,0.0,0.005220398991789551,7.542360246457435e-115,True,True
182.65,0.005203461044351565,4.927223276484442e-11,0.0,0.005203460995079333,6.016848002561206e-115,True,True
182.70000000000002,0.005186520051830301,4.788755409020849e-11,0.0,0.005186520003942743,4.799407499155703e-115,True,True
182.75,0.005169576452626265,4.654081063267247e-11,0.0,0.005169576406085455,3.827921540496609e-115,True,True
182.8,0.005152630633266918,4.523099133507908e-11,0.0,0.005152630588035925,3.052778160226846e-115,True,True
182.85000000000002,0.00513568297908916,4.3957111289934794e-11,0.0,0.005135682935132052,2.434357072687365e-115,True,True
182.9,0.005118733874226083,4.271821108507327e-11,0.0,0.005118733831507869,1.9410205469995573e-115,True,True
182.95000000000002,0.005101783701593673,4.151335616510232e-11,0.0,0.0051017836600803215,1.5475076368510242e-115,True,True
183.0,0.00508483284287791,4.034163620827364e-11,0.0,0.005084832802536273,1.233650916444775e-115,True,True
183.05,0.005067881678521635,3.920216451839948e-11,0.0,0.0050678816393194695,9.833510527832671e-116,True,True
183.10000000000002,0.005050930587711845,3.8094077431491725e-11,0.0,0.005050930549617764,7.837574915088683e-116,True,True
183.15,0.005033979948366891,3.701653373676153e-11,0.0,0.005033979911350351,6.246138926795585e-116,True,True
183.20000000000002,0.005017030137123842,3.59687141116545e-11,0.0,0.005017030101155124,4.977352406246077e-116,True,True
183.25,0.005000081529326062,3.4949820570598394e-11,0.0,0.005000081494376235,3.9659018186997983e-116,True,True
183.3,0.004983134499010705,3.3959075927132743e-11,0.0,0.004983134465051628,3.159674482007101e-116,True,True
183.35000000000002,0.004966189418896558,3.2995723269123344e-11,0.0,0.004966189385900825,2.517094633075719e-116,True,True
183.4,0.004949246660371775,3.205902544674128e-11,0.0,0.004949246628312751,2.0049962336406878e-116,True,True
183.45000000000002,0.004932306593481908,3.114826457291685e-11,0.0,0.004932306562333637,1.5969245416428043e-116,True,True
183.5,0.0049153695869179215,3.026274153597968e-11,0.0,0.0049153695566551804,1.271780160698948e-116,True,True
183.55,0.004898436008004416,2.9401775524185815e-11,0.0,0.004898435978602637,1.0127366176604983e-116,True,True
183.60000000000002,0.004881506222687911,2.8564703561871992e-11,0.0,0.004881506194123206,8.063763777777656e-117,True,True
183.65,0.004864580595525291,2.7750880056946928e-11,0.0,0.004864580567774406,6.420012850342624e-117,True,True
183.70000000000002,0.0048476594896722765,2.6959676359463646e-11,0.0,0.0048476594627126016,5.1108226916615076e-117,True,True
183.75,0.004830743266872199,2.6190480331010922e-11,0.0,0.004830743240681711,4.068202365072643e-117,True,True
183.8,0.004813832287444609,2.5442695924663108e-11,0.0,0.004813832262001914,3.23795715725811e-117,True,True
183.85000000000002,0.00479692691027435,2.471574277524972e-11,0.0,0.004796926885558604,2.5768934694548234e-117,True,True
183.9,0.004780027492800431,2.4009055799690926e-11,0.0,0.0047800274687913764,2.0505891175088227e-117,True,True
183.95000000000002,0.004763134391005214,2.3322084807165567e-11,0.0,0.004763134367683125,1.6316148455686874e-117,True,True
184.0,0.0047462479594036575,2.2654294118885226e-11,0.0,0.004746247936749363,1.2981158859044118e-117,True,True
184.05,0.004729368551032685,2.2005162197232343e-11,0.0,0.004729368529027516,1.0326807887887056e-117,True,True
184.10000000000002,0.004712496517440654,2.137418128405722e-11,0.0,0.004712496496066471,8.214394335454076e-118,True,True
184.15,0.004695632208677033,2.0760857047904842e-11,0.0,0.004695632187916175,6.533438596259198e-118,True,True
184.20000000000002,0.0046787759732820206,2.0164708239961585e-11,0.0,0.004678775953117314,5.195949203230292e-118,True,True
184.25,0.004661928158276523,1.9585266358521695e-11,0.0,0.0046619281386912495,4.131852372102755e-118,True,True
184.3,0.004645089109151984,1.9022075321759172e-11,0.0,0.0046450890901299086,3.285349008013415e-118,True,True
184.35000000000002,0.0046282591698606395,1.8474691148619068e-11,0.0,0.0046282591513859455,2.6120112600275347e-118,True,True
184.4,0.004611438682805602,1.794268164762424e-11,0.0,0.0046114386648629215,2.076468723545493e-118,True,True
184.45000000000002,0.004594627988831256,1.742562611341476e-11,0.0,0.004594627971405628,1.650564726721692e-118,True,True
184.5,0.004577827427213711,1.692311503083595e-11,0.0,0.004577827410290599,1.3118873434891394e-118,True,True
184.55,0.004561037335651373,1.6434749786387506e-11,0.0,0.00456103731921662,1.0425990891579245e-118,True,True
184.60000000000002,0.004544258050255646,1.5960142386866444e-11,0.0,0.004544258034295504,8.285046623897566e-119,True,True
184.65,0.004527489905541803,1.549891518502464e-11,0.0,0.004527489890042885,6.583083881452447e-119,True,True
184.70000000000002,0.004510733234419835,1.5050700612074213e-11,0.0,0.004510733219369138,5.230228195850323e-119,True,True
184.75,0.004493988368185659,1.4615140916879793e-11,0.0,0.004493988353570514,4.1549777546471516e-119,True,True
184.8,0.004477255636512158,1.4191887911670925e-11,0.0,0.00447725562232027,3.300453245401347e-119,True,True
184.85000000000002,0.0044605353674406515,1.3780602724123044e-11,0.0,0.0044605353536600455,2.621412001217183e-119,True,True
184.9,0.004443827887372224,1.338095555564989e-11,0.0,0.00444382787399127,2.0818709177500584e-119,True,True
184.95000000000002,0.004427133521059345,1.2992625445758397e-11,0.0,0.004427133508066714,1.6532142121578614e-119,True,True
185.0,0.004410452591597529,1.2615300042322685e-11,0.0,0.0044104525789822316,1.3126872843671018e-119,True,True
185.05,0.0043937854204171775,1.2248675377627137e-11,0.0,0.0043937854081685,1.0421980187363197e-119,True,True
185.10000000000002,0.004377132327275473,1.1892455650047651e-11,0.0,0.004377132315383021,8.273628656474982e-120,True,True
185.15,0.0043604936302485105,1.154635301122724e-11,0.0,0.0043604936187021555,6.567477939864672e-120,True,True
185.20000000000002,0.004343869645723351,1.1210087358615431e-11,0.0,0.0043438696345132685,5.212643660079007e-120,True,True
185.25,0.004327260688390504,1.0883386133243806e-11,0.0,0.004327260677507115,4.136892813017154e-120,True,True
185.3,0.004310667071236171,1.056598412260487e-11,0.0,0.004310667060670184,3.28282185661765e-120,True,True
185.35000000000002,0.004294089105534949,1.0257623268515604e-11,0.0,0.004294089095277326,2.6048167781913742e-120,True,True
185.4,0.004277527100842455,9.958052479840582e-12,0.0,0.004277527090884396,2.0666353870592902e-120,True,True
185.45000000000002,0.004260981364988071,9.667027449957299e-12,0.0,0.004260981355321041,1.6394846659891477e-120,True,True
185.5,0.004244452204067995,9.384310478850125e-12,0.0,0.0042444521946836756,1.3004919648033268e-120,True,True
185.55,0.00422793992243814,9.109670299714683e-12,0.0,0.00422793991332847,1.0314894821296225e-120,True,True
185.60000000000002,0.0042114448227074715,8.84288190996883e-12,0.0,0.004211444813864586,8.180479322423204e-121,True,True
185.65,0.00419496720573117,8.583726406557168e-12,0.0,0.00419496719714744,6.487083903605471e-121,True,True
185.70000000000002,0.004178507370604109,8.33199082544542e-12,0.0,0.004178507362272115,5.143717346687938e-121,True,True
185.75,0.00416206561465442,8.087467985204485e-12,0.0,0.004162065606566952,4.078134007898692e-121,True,True
185.8,0.004145642233437121,7.849956334578936e-12,0.0,0.004145642225587159,3.232977679738181e-121,True,True
185.85000000000002,0.004129237520727925,7.61925980394675e-12,0.0,0.0041292375131086615,2.5627175114780082e-121,True,True
185.9,0.004112851768517197,7.395187660571272e-12,0.0,0.004112851761122,2.0312135421663606e-121,True,True
185.95000000000002,0.004096485267003888,7.1775543675532055e-12,0.0,0.0040964852598263345,1.6097826663692434e-121,True,True
186.0,0.004080138304589863,6.966179446392277e-12,0.0,0.004080138297623679,1.2756623171372124e-121,True,True
186.05,0.0040638111678740025,6.760887343067162e-12,0.0,0.004063811161113114,1.0107902016011314e-121,True,True
186.10000000000002,0.004047504141646775,6.561507297549875e-12,0.0,0.004047504135085262,8.00835167821512e-122,True,True
186.15,0.00403121750888467,6.367873216666905e-12,0.0,0.004031217502516793,6.344275971467779e-122,True,True
186.20000000000002,0.004014951550744884,6.179823550225027e-12,0.0,0.004014951544565057,5.02548305027822e-122,True,True
186.25,0.003998706546560125,5.99720117032286e-12,0.0,0.003998706540562925,3.980433525701727e-122,True,True
186.3,0.003982482773833476,5.819853253765702e-12,0.0,0.003982482768013618,3.152388648622771e-122,True,True
186.35000000000002,0.003966280508233432,5.647631167509753e-12,0.0,0.003966280502585804,2.496352734267942e-122,True,True
186.4,0.0039501000235891036,5.480390357058512e-12,0.0,0.00395010001810871,1.9766462996627822e-122,True,True
186.45000000000002,0.0039339415918853565,5.317990237738274e-12,0.0,0.003933941586567365,1.5649800046481372e-122,True,True
186.5,0.003917805483258363,5.160294088782261e-12,0.0,0.003917805478098063,1.2389262048159252e-122,True,True
186.55,0.003901691965990969,5.007168950150908e-12,0.0,0.0039016919609837996,9.807061558370836e-123,True,True
186.60000000000002,0.00388560130650846,4.85848552202303e-12,0.0,0.003885601301649971,7.76227778154314e-123,True,True
186.65,0.0038695337693742254,4.7141180668886926e-12,0.0,0.0038695337646601044,6.143222935407462e-123,True,True
186.70000000000002,0.003853489617285661,4.57394431417944e-12,0.0,0.0038534896127117137,4.861386920661115e-123,True,True
186.75,0.0038374691110701995,4.437845367373803e-12,0.0,0.003837469106632355,3.846634451966517e-123,True,True
186.8,0.0038214725096813915,4.305705613513542e-12,0.0,0.003821472505375681,3.043395978248647e-123,True,True
186.85000000000002,0.0038055000701951547,4.1774126350724955e-12,0.0,0.0038055000660177436,2.407647064769491e-123,True,True
186.9,0.0037895520478061894,4.052857124117534e-12,0.0,0.0037895520437533268,1.90451326941933e-123,True,True
186.95000000000002,0.0037736286958243337,3.931932798704429e-12,0.0,0.0037736286918923995,1.5063711796326632e-123,True,True
187.0,0.0037577302656713273,3.814536321453002e-12,0.0,0.0037577302618567883,1.1913429791103033e-123,True,True
187.05,0.00374185700687738,3.70056722024544e-12,0.0,0.003741857003176815,9.421031113217262e-124,True,True
187.10000000000002,0.00372600916707814,3.589927810995814e-12,0.0,0.0037260091634882075,7.449324328090259e-124,True,True
187.15,0.0037101869920115518,3.4825231224372763e-12,0.0,0.0037101869885290276,5.889686038253409e-124,True,True
187.20000000000002,0.0036943907255149867,3.3782608228762237e-12,0.0,0.0036943907221367255,4.656120620398132e-124,True,True
187.25,0.003678620609522444,3.2770511488648448e-12,0.0,0.0036786206062453934,3.6805533493493954e-124,True,True
187.3,0.0036628768840618266,3.1788068357416362e-12,0.0,0.0036628768808830143,2.9091011929611213e-124,True,True
187.35000000000002,0.00364715978725239,3.0834430499943513e-12,0.0,0.00364715978416895,2.299118501188751e-124,True,True
187.4,0.0036314695553023475,2.990877323397976e-12,0.0,0.0036314695523114665,1.8168568083549782e-124,True,True
187.45000000000002,0.0036158064225064045,2.9010294888831206e-12,0.0,0.003615806419605375,1.4356112787848558e-124,True,True
187.5,0.0036001706212436947,2.8138216180913766e-12,0.0,0.0036001706184298726,1.1342527457806667e-124,True,True
187.55,0.003584562381975551,2.7291779605734567e-12,0.0,0.0035845623792463755,8.960652459278028e-125,True,True
187.60000000000002,0.0035689819332436184,2.6470248845900656e-12,0.0,0.00356898193059659,7.078255648906585e-125,True,True
187.65,0.003553429501667921,2.567290819472978e-12,0.0,0.0035534294991006257,5.590744839144296e-125,True,True
187.70000000000002,0.0035379053119451134,2.4899061995074617e-12,0.0,0.003537905309455205,4.415398598981789e-125,True,True
187.75,0.0035224095868469016,2.414803409297516e-12,0.0,0.003522409584432091,3.4867995079932955e-125,True,True
187.8,0.003506942547218414,2.3419167305749052e-12,0.0,0.003506942544876495,2.753219603398339e-125,True,True
187.85000000000002,0.003491504411976908,2.2711822904163207e-12,0.0,0.0034915044097057193,2.1737597694193313e-125,True,True
187.9,0.0034760953981103795,2.2025380108317186e-12,0.0,0.003476095395907841,1.7160860348517462e-125,True,True
187.95000000000002,0.0034607157206764335,2.1359235596890877e-12,0.0,0.0034607157185405015,1.354638404956884e-125,True,True
188.0,0.003445365592801174,2.071280302941567e-12,0.0,0.0034453655907298914,1.069213731161355e-125,True,True
188.05,0.0034300452256782847,2.0085512581228444e-12,0.0,0.003430045223669726,8.438446232024496e-126,True,True
188.10000000000002,0.003414754828568145,1.947681049079166e-12,0.0,0.003414754826620464,6.659126486160782e-126,True,True
188.15,0.003399494608797158,1.888615861905167e-12,0.0,0.0033994946069085354,5.254469280688541e-126,True,True
188.20000000000002,0.0033842647717570035,1.831303402053184e-12,0.0,0.0033842647699257014,4.145694230619356e-126,True,True
188.25,0.0033690655209042963,1.7756928525858457e-12,0.0,0.003369065519128597,3.2705628064926385e-126,True,True
188.3,0.0033538970577599997,1.7217348335418514e-12,0.0,0.003353897056038262,2.5799098850012303e-126,True,True
188.35000000000002,0.0033387595819092896,1.6693813623869675e-12,0.0,0.003338759580239904,2.034901519583137e-126,True,True
188.4,0.0033236532910012775,1.618585815521583e-12,0.0,0.0033236532893826886,1.6048670933692612e-126,True,True
188.45000000000002,0.0033085783807489492,1.5693028908177724e-12,0.0,0.003308578379179644,1.2655857173463294e-126,True,True
188.5,0.0032935350449292324,1.521488571159347e-12,0.0,0.003293535043407744,9.979318282233431e-127,True,True
188.55,0.003278523475383094,1.47510008895844e-12,0.0,0.003278523473907991,7.868047991042857e-127,True,True
188.60000000000002,0.0032635438620158114,1.4300958916239558e-12,0.0,0.0032635438605857145,6.202830914664968e-127,True,True
188.65,0.0032485963927973427,1.3864356079564901e-12,0.0,0.0032485963914109044,4.889559122612911e-127,True,True
188.70000000000002,0.0032336812537627235,1.3440800154460002e-12,0.0,0.003233681252418645,3.85395178844921e-127,True,True
188.75,0.003218798629012741,1.3029910084490052e-12,0.0,0.003218798627709745,3.0373837821955326e-127,True,True
188.8,0.0032039487007144633,1.2631315672216334e-12,0.0,0.0032039486994513335,2.3935906437860044e-127,True,True
188.85000000000002,0.0031891316491021726,1.2244657277871155e-12,0.0,0.003189131647877703,1.8860660776662044e-127,True,True
188.9,0.003174347652478118,1.1869585526153005e-12,0.0,0.0031743476512911604,1.4860066264274797e-127,True,True
188.95000000000002,0.0031595968872135723,1.1505761020932317e-12,0.0,0.00315959688606299,1.1706886414365261e-127,True,True
189.0,0.0031448795277498796,1.1152854067662649e-12,0.0,0.0031448795266345946,9.221867539622009e-128,True,True
189.05,0.0031301957465996815,1.0810544403291462e-12,0.0,0.0031301957455186226,7.263620934122346e-128,True,True
189.10000000000002,0.003115545714348166,1.0478520933479898e-12,0.0,0.003115545713300315,5.720635541485135e-128,True,True
189.15,0.0031009295996545293,1.0156481476934274e-12,0.0,0.003100929598638876,4.504973129735294e-128,True,True
189.20000000000002,0.003086347569253354,9.844132516665903e-13,0.0,0.003086347568268942,3.5472920572960423e-128,True,True
189.25,0.0030717997879563543,9.541188957998668e-13,0.0,0.003071799787002232,2.7929200552719806e-128,True,True
189.3,0.003057286418653913,9.247373893141746e-13,0.0,0.003057286417729177,2.198755198763034e-128,True,True
189.35000000000002,0.0030428076223170133,8.962418372161607e-13,0.0,0.003042807621420768,1.7308206603534357e-128,True,True
189.4,0.003028363557999038,8.686061180178983e-13,0.0,0.0030283635571304313,1.3623355150772598e-128,True,True
189.45000000000002,0.003013954382837792,8.418048620629691e-13,0.0,0.0030139543819959827,1.0721928406268552e-128,True,True
189.5,0.0029995802520575883,8.15813430442979e-13,0.0,0.0029995802512417756,8.437592443049564e-129,True,True
189.55,0.002985241318971434,7.906078944886248e-13,0.0,0.0029852413181808233,6.639280260503994e-129,True,True
189.60000000000002,0.0029709377349832955,7.66165015820555e-13,0.0,0.002970937734217132,5.2237246419215236e-129,True,True
189.65,0.0029566696495905162,7.424622269447913e-13,0.0,0.00295666964884805,4.1095698521124214e-129,True,True
189.70000000000002,0.0029424372103861915,7.1947761237853e-13,0.0,0.0029424372096667176,3.232728813568345e-129,True,True
189.75,0.002928240563061877,6.971898902923615e-13,0.0,0.0029282405623646856,2.542722687924531e-129,True,True
189.8,0.0029140798514100856,6.755783946548306e-13,0.0,0.002914079850734508,1.999795278657893e-129,True,True
189.85000000000002,0.0028999552173271798,6.546230578664897e-13,0.0,0.0028999552166725537,1.5726384724481946e-129,True,True
189.9,0.00288586680081613,6.343043938700492e-13,0.0,0.002885866800181821,1.236599508744189e-129,True,True
189.95000000000002,0.0028718147399894546,6.146034817240906e-13,0.0,0.00287181473937485,9.722681517990873e-130,True,True
190.0,0.002857799171072314,5.955019496281464e-13,0.0,0.0028577991704768053,7.643633706686032e-130,True,True
190.05,0.0028438202284055184,5.769819593868396e-13,0.0,0.002843820227828533,6.008561219233129e-130,True,True
190.10000000000002,0.0028298780444488483,5.590261913016657e-13,0.0,0.0028298780438898146,4.7227823390079e-130,True,True
190.15,0.002815972749784265,5.416178294787524e-13,0.0,0.0028159727492426457,3.711779656862277e-130,True,True
190.20000000000002,0.0028021044731193407,5.247405475416101e-13,0.0,0.0028021044725945947,2.9169115522574596e-130,True,True
190.25,0.002788273341290709,5.083784947381263e-13,0.0,0.002788273340782329,2.2920344996384782e-130,True,True
190.3,0.002774479479267634,4.925162824309728e-13,0.0,0.002774479478775113,1.800843019518564e-130,True,True
190.35000000000002,0.0027607230101556477,4.771389709615111e-13,0.0,0.002760723009678508,1.4147750093491751e-130,True,True
190.4,0.0027470040552003178,4.622320568768937e-13,0.0,0.002747004054738079,1.1113624510194137e-130,True,True
190.45000000000002,0.0027333227337909727,4.477814605107086e-13,0.0,0.0027333227333431903,8.729329275323226e-131,True,True
190.5,0.0027196791634647418,4.3377351390778374e-13,0.0,0.0027196791630309633,6.85587433281417e-131,True,True
190.55,0.002706073459910389,4.2019494908367803e-13,0.0,0.0027060734594901927,5.383957683808224e-131,True,True
190.60000000000002,0.0026925057369725125,4.070328866100598e-13,0.0,0.0026925057365654753,4.227632654697106e-131,True,True
190.65,0.0026789761066556093,3.9427482451706224e-13,0.0,0.0026789761062613344,3.3193241549146033e-131,True,True
190.70000000000002,0.0026654846791283457,3.819086275040898e-13,0.0,0.0026654846787464324,2.6059069579203573e-131,True,True
190.75,0.002652031562727857,3.699225164508732e-13,0.0,0.002652031562357933,2.0456200003297911e-131,True,True
190.8,0.002638616863964147,3.583050582204207e-13,0.0,0.0026386168636058386,1.6056387232937907e-131,True,True
190.85000000000002,0.0026252406875245595,3.470451557462643e-13,0.0,0.002625240687177514,1.2601653166375354e-131,True,True
190.9,0.002611903136278356,3.3613203839608855e-13,0.0,0.002611903135942219,9.889265300129044e-132,True,True
190.95000000000002,0.00259860431128127,3.2555525260431037e-13,0.0,0.0025986043109557135,7.759921894040127e-132,True,True
191.0,0.002585344311780329,3.1530465276644e-13,0.0,0.0025853443114650207,6.088460441372154e-132,True,True
191.05,0.0025721232352185204,3.053703923879238e-13,0.0,0.002572123234913152,4.776551272145487e-132,True,True
191.10000000000002,0.002558941177239764,2.9574291548073703e-13,0.0,0.0025589411769440175,3.746952742653252e-132,True,True
191.15,0.0025457982316937607,2.8641294820087603e-13,0.0,0.0025457982314073487,2.93899470841028e-132,True,True
191.20000000000002,0.00253269449064105,2.7737149072023276e-13,0.0,0.0025326944903636766,2.3050280204625845e-132,True,True
191.25,0.0025196300443580876,2.686098093265371e-13,0.0,0.002519630044089477,1.8076337057535466e-132,True,True
191.3,0.00250660498134239,2.601194287450019e-13,0.0,0.002506604981082267,1.4174295056185654e-132,True,True
191.35000000000002,0.0024936193883177797,2.5189212467580025e-13,0.0,0.0024936193880658883,1.1113460843790458e-132,True,True
191.4,0.002480673350239712,2.439199165413513e-13,0.0,0.002480673349995789,8.71272476805232e-133,True,True
191.45000000000002,0.0024677669503005697,2.3619506043771834e-13,0.0,0.0024677669500643737,6.829917896308138e-133,True,True
191.5,0.0024549002699352164,2.2871004228460215e-13,0.0,0.0024549002697065027,5.353450452242272e-133,True,True
191.55,0.0024420733888264,2.2145757116837936e-13,0.0,0.002442073388604941,4.19574328918819e-133,True,True
191.60000000000002,0.00242928638491044,2.1443057287300884e-13,0.0,0.002429286384696004,3.28806842236591e-133,True,True
191.65,0.002416539334382797,2.0762218359357648e-13,0.0,0.0024165393341751746,2.5764967596793485e-133,True,True
191.70000000000002,0.002403832311703834,2.0102574382749057e-13,0.0,0.002403832311502806,2.0187157504001793e-133,True,True
191.75,0.0023911653896045914,1.9463479243850172e-13,0.0,0.002391165389409958,1.5815304533559836e-133,True,True
191.8,0.0023785386390926364,1.8844306088867206e-13,0.0,0.002378538638904191,1.2389014549945182e-133,True,True
191.85000000000002,0.002365952129457974,1.8244446763382905e-13,0.0,0.0023659521292755292,9.70404459407944e-134,True,True
191.9,0.00235340592827906,1.76633112677872e-13,0.0,0.0023534059281024237,7.600210498554134e-134,True,True
191.95000000000002,0.0023409001014287768,1.7100327228160673e-13,0.0,0.0023409001012577764,5.951895186769256e-134,True,True
192.0,0.0023284347130806435,1.6554939382187807e-13,0.0,0.002328434712915093,4.660599079379305e-134,True,True
192.05,0.0023160098257148662,1.6026609079677165e-13,0.0,0.0023160098255546025,3.6490938418050404e-134,True,True
192.10000000000002,0.002303625500124684,1.5514813797292907e-13,0.0,0.0023036254999695325,2.8568348532948033e-134,True,True
192.15,0.0022912817954225824,1.5019046667098718e-13,0.0,0.0022912817952723858,2.236361750673958e-134,True,True
192.20000000000002,0.002278978769046655,1.4538816018534357e-13,0.0,0.0022789787689012657,1.7504745157987005e-134,True,True
192.25,0.0022667164767670874,1.4073644933454232e-13,0.0,0.0022667164766263445,1.370018229152367e-134,True,True
192.3,0.002254494972692503,1.3623070813860818e-13,0.0,0.002254494972556271,1.0721454719146785e-134,True,True
192.35000000000002,0.0022423143092766182,1.3186644961987185e-13,0.0,0.002242314309144748,8.389535232369816e-135,True,True
192.4,0.002230174537324743,1.276393217238043e-13,0.0,0.002230174537197102,6.564156175668171e-135,True,True
192.45000000000002,0.0022180757060004507,1.235451033565282e-13,0.0,0.0022180757058768985,5.135428949726267e-135,True,True
192.5,0.002206017862832272,1.195797005358132e-13,0.0,0.002206017862712689,4.0172731421717956e-135,True,True
192.55,0.0021940010537204514,1.1573914265231215e-13,0.0,0.0021940010536047085,3.1422650436656834e-135,True,True
192.60000000000002,0.002182025322943747,1.1201957883804181e-13,0.0,0.0021820253228317264,2.4575993502999193e-135,True,True
192.65,0.0021700907131663115,1.0841727443906499e-13,0.0,0.0021700907130578883,1.9219238207835514e-135,True,True
192.70000000000002,0.002158197265444539,1.0492860758948553e-13,0.0,0.002158197265339608,1.502858431411716e-135,True,True
192.75,0.0021463450192341295,1.0155006588393658e-13,0.0,0.0021463450191325745,1.175051202751395e-135,True,True
192.8,0.0021345340123969923,9.827824314577058e-14,0.0,0.0021345340122987124,9.186547546581991e-136,True,True
192.85000000000002,0.0021227642812084147,9.510983628832252e-14,0.0,0.0021227642811133002,7.181326617038589e-136,True,True
192.9,0.0021110358603641014,9.204164226659369e-14,0.0,0.0021110358602720583,5.613243064919231e-136,True,True
192.95000000000002,0.002099348782987366,8.907055511683839e-14,0.0,0.0020993487828982935,4.387123235304373e-136,True,True
193.0,0.0020877030806363507,8.619356308160582e-14,0.0,0.002087703080550158,3.428488018948275e-136,True,True
193.05,0.0020760987833112676,8.340774581779785e-14,0.0,0.002076098783227855,2.6790588570015277e-136,True,True
193.10000000000002,0.002064535919461703,8.071027168544578e-14,0.0,0.00206453591938099,2.0932383854191076e-136,True,True
193.15,0.002053014515994,7.809839511491133e-14,0.0,0.0020530145159158987,1.6353546193965356e-136,True,True
193.20000000000002,0.0020415345982786005,7.556945405031163e-14,0.0,0.00204153459820303,1.2775032407385115e-136,True,True
193.25,0.0020300961901575493,7.312086746703045e-14,0.0,0.002030096190084425,9.978583494490222e-137,True,True
193.3,0.002018699313951905,7.075013296119908e-14,0.0,0.002018699313881154,7.793501031554257e-137,True,True
193.35000000000002,0.0020073439904693463,6.845482440915291e-14,0.0,0.002007343990400887,6.086296637816857e-137,True,True
193.4,0.001996030239011675,6.623258969484924e-14,0.0,0.001996030238945443,4.752591098846112e-137,True,True
193.45000000000002,0.001984758077382465,6.40811485033454e-14,0.0,0.0019847580773183797,3.710774826174298e-137,True,True
193.5,0.0019735275218946908,6.199829017847457e-14,0.0,0.0019735275218326926,2.897047191340737e-137,True,True
193.55,0.0019623385873784355,5.998187164287312e-14,0.0,0.0019623385873184514,2.2615352129722657e-137,True,True
193.60000000000002,0.001951191287188605,5.802981537862429e-14,0.0,0.0019511912871305753,1.7652570532511695e-137,True,True
193.65,0.001940085633212727,5.614010746677484e-14,0.0,0.001940085633156584,1.377746680077289e-137,True,True
193.70000000000002,0.0019290216358786943,5.431079568406061e-14,0.0,0.0019290216358243833,1.0751959195480148e-137,True,True
193.75,0.0019179993041626938,5.253998765522479e-14,0.0,0.0019179993041101506,8.390013477334262e-138,True,True
193.8,0.001907018645596992,5.0825849059325753e-14,0.0,0.001907018645546167,6.546279228178124e-138,True,True
193.85000000000002,0.0018960796662779412,4.916660188852581e-14,0.0,0.0018960796662287718,5.107204054088953e-138,True,True
193.9,0.001885182370873857,4.756052275783844e-14,0.0,0.0018851823708262976,3.9840860576496855e-138,True,True
193.95000000000002,0.0018743267626330393,4.600594126439608e-14,0.0,0.0018743267625870288,3.107642327042587e-138,True,True
194.0,0.0018635128433917717,4.450123839483029e-14,0.0,0.0018635128433472693,2.4237630582907038e-138,True,True
194.05,0.0018527406135823822,4.304484497936986e-14,0.0,0.001852740613539334,1.8901928339672887e-138,True,True
194.10000000000002,0.0018420100722413145,4.1635240191345096e-14,0.0,0.0018420100721996794,1.4739368587181756e-138,True,True
194.15,0.0018313212170172658,4.027095009078204e-14,0.0,0.0018313212169769914,1.1492339918739334e-138,True,True
194.20000000000002,0.0018206740441792653,3.89505462108297e-14,0.0,0.0018206740441403153,8.959728777656712e-139,True,True
194.25,0.001810068548624939,3.767264418580014e-14,0.0,0.001810068548587265,6.98454436065068e-139,True,True
194.3,0.0017995047238886141,3.643590241961169e-14,0.0,0.0017995047238521784,5.444250671911109e-139,True,True
194.35000000000002,0.0017889825621496304,3.52390207934969e-14,0.0,0.0017889825621143882,4.24321427422263e-139,True,True
194.4,0.0017785020542405454,3.408073941182572e-14,0.0,0.0017785020542064594,3.306805337265411e-139,True,True
194.45000000000002,0.0017680631896554186,3.2959837384961266e-14,0.0,0.001768063189622456,2.576790514144512e-139,True,True
194.5,0.001757665956558172,3.187513164808585e-14,0.0,0.0017576659565262927,2.007735105673596e-139,True,True
194.55,0.0017473103417908456,3.082547581494276e-14,0.0,0.0017473103417600191,1.5641936882168267e-139,True,True
194.60000000000002,0.0017369963308820392,2.9809759065513043e-14,0.0,0.0017369963308522239,1.2185166336665319e-139,True,True
194.65,0.001726723908055228,2.8826905066625706e-14,0.0,0.001726723908026401,9.491376726044341e-140,True,True
194.70000000000002,0.0017164930562372142,2.7875870924563846e-14,0.0,0.001716493056209334,7.392371390292771e-140,True,True
194.75,0.0017063037570665286,2.6955646168740258e-14,0.0,0.0017063037570395718,5.756985826434712e-140,True,True
194.8,0.0016961559909019004,2.6065251765537412e-14,0.0,0.0016961559908758301,4.4829444717184315e-140,True,True
194.85000000000002,0.001686049736830711,2.5203739161451493e-14,0.0,0.001686049736805506,3.4905058910569136e-140,True,True
194.9,0.0016759849726775257,2.437018935467724e-14,0.0,0.0016759849726531496,2.717504098406012e-140,True,True
194.95000000000002,0.0016659616750125301,2.3563711994318494e-14,0.0,0.0016659616749889659,2.115479673318821e-140,True,True
195.0,0.001655979819160167,2.2783444506425354e-14,0.0,0.0016559798191373796,1.6466614651484167e-140,True,True
195.05,0.001646039379207575,2.2028551246065704e-14,0.0,0.001646039379185544,1.2816121162071347e-140,True,True
195.10000000000002,0.0016361403280132497,2.1298222674692976e-14,0.0,0.001636140327991948,9.973915931401066e-141,True,True
195.15,0.001626282637215576,2.059167456205824e-14,0.0,0.001626282637194982,7.761249031365161e-141,True,True
195.20000000000002,0.0016164662772414338,1.9908147211961693e-14,0.0,0.0016164662772215242,6.038851506818112e-141,True,True
195.25,0.0016066912173148412,1.924690471114785e-14,0.0,0.0016066912172955942,4.6982259480560326e-141,True,True
195.3,0.0015969574254655564,1.8607234200664835e-14,0.0,0.001596957425446945,3.6548559465937576e-141,True,True
195.35000000000002,0.0015872648685377334,1.7988445169041513e-14,0.0,0.0015872648685197432,2.8429121916157826e-141,True,True
195.4,0.0015776135121986102,1.7389868766634958e-14,0.0,0.0015776135121812153,2.2111257600780043e-141,True,True
195.45000000000002,0.0015680033209471151,1.6810857140536356e-14,0.0,0.0015680033209303035,1.719571581385677e-141,True,True
195.5,0.0015584342581226411,1.6250782789435623e-14,0.0,0.001558434258106389,1.3371615825809444e-141,True,True
195.55,0.0015489062859136554,1.5709037937851518e-14,0.0,0.0015489062858979467,1.0396911294323093e-141,True,True
195.60000000000002,0.00153941936536648,1.518503392917174e-14,0.0,0.0015394193653512902,8.083167963091639e-142,True,True
195.65,0.0015299734563939545,1.4678200636942355e-14,0.0,0.0015299734563792755,6.28370350073032e-142,True,True
195.70000000000002,0.0015205685177842026,1.4187985893875048e-14,0.0,0.0015205685177700112,4.884347812198796e-142,True,True
195.75,0.0015112045072093513,1.3713854938053242e-14,0.0,0.0015112045071956368,3.796245557358723e-142,True,True
195.8,0.0015018813812342807,1.3255289875826996e-14,0.0,0.0015018813812210227,2.9502500586300516e-142,True,True
195.85000000000002,0.0014925990953253763,1.2811789160912702e-14,0.0,0.0014925990953125637,2.2925571734962804e-142,True,True
195.9,0.0014833576038593087,1.2382867089213409e-14,0.0,0.001483357603846923,1.7813052151378234e-142,True,True
195.95000000000002,0.0014741568601317541,1.1968053308900743e-14,0.0,0.001474156860119785,1.383927439017894e-142,True,True
196.0,0.001464996816366234,1.1566892345310652e-14,0.0,0.0014649968163546643,1.0750907307560881e-142,True,True
196.05,0.001455877423722824,1.1178943140208395e-14,0.0,0.001455877423711645,8.350908618981933e-143,True,True
196.10000000000002,0.0014467986323070065,1.0803778605008016e-14,0.0,0.0014467986322961996,6.486033118185507e-143,True,True
196.15,0.0014377603911784002,1.0440985187526345e-14,0.0,0.00143776039116796,5.037109697565353e-143,True,True
196.20000000000002,0.00142876264835959,1.0090162451873955e-14,0.0,0.0014287626483494977,3.91147422391481e-143,True,True
196.25,0.0014198053508448988,9.750922671096913e-15,0.0,0.0014198053508351488,3.037080846543079e-143,True,True
196.3,0.0014108884446091972,9.422890432186012e-15,0.0,0.001410888444599772,2.3579199108878453e-143,True,True
196.35000000000002,0.0014020118746166893,9.105702253093203e-15,0.0,0.001402011874607583,1.8304529202941904e-143,True,True
196.4,0.00139317558482974,8.799006211393381e-15,0.0,0.00139317558482094,1.4208390780633315e-143,True,True
196.45000000000002,0.0013843795182176253,8.502461584248736e-15,0.0,0.0013843795182091221,1.1027778636949805e-143,True,True
196.5,0.0013756236167653893,8.21573849934127e-15,0.0,0.0013756236167571715,8.558309793777356e-144,True,True
196.55,0.0013669078214825878,7.93851759644218e-15,0.0,0.0013669078214746484,6.641172835169037e-144,True,True
196.60000000000002,0.0013582320724121375,7.670489699307886e-15,0.0,0.0013582320724044644,5.152979078336118e-144,True,True
196.65,0.001349596308639079,7.411355497590163e-15,0.0,0.0013495963086316628,3.9978711434684673e-144,True,True
196.70000000000002,0.00134100046829936,7.160825238463718e-15,0.0,0.0013410004682921982,3.101387425231709e-144,True,True
196.75,0.0013324444885886837,6.9186184276829955e-15,0.0,0.0013324444885817618,2.4056922428193458e-144,True,True
196.8,0.0013239283057712118,6.684463539782994e-15,0.0,0.0013239283057645257,1.865868060147574e-144,True,True
196.85000000000002,0.0013154518551884286,6.45809773715477e-15,0.0,0.001315451855181965,1.4470335810507574e-144,True,True
196.9,0.0013070150712678565,6.239266597727585e-15,0.0,0.001307015071261616,1.1221039876140409e-144,True,True
196.95000000000002,0.0012986178875318687,6.027723851000735e-15,0.0,0.0012986178875258382,8.700504143820298e-145,True,True
197.0,0.0012902602366064364,5.823231122177009e-15,0.0,0.0012902602366006114,6.745475158602513e-145,True,True
197.05,0.001281942050229891,5.625557684150997e-15,0.0,0.001281942050224262,5.229226976043596e-145,True,True
197.10000000000002,0.0012736632592616824,5.43448021712116e-15,0.0,0.0012736632592562466,4.0533980585624775e-145,True,True
197.15,0.001265423793691138,5.2497825755934224e-15,0.0,0.0012654237936858851,3.1416502442795397e-145,True,True
197.20000000000002,0.0012572235826461594,5.071255562555256e-15,0.0,0.0012572235826410858,2.4347435801904168e-145,True,True
197.25,0.0012490625544020067,4.898696710606126e-15,0.0,0.001249062554397105,1.886711260122024e-145,True,True
197.3,0.001240940636389967,4.731910069832463e-15,0.0,0.001240940636385235,1.4618892413581106e-145,True,True
197.35000000000002,0.0012328577552061172,4.570706002226296e-15,0.0,0.0012328577552015428,1.1326098001464747e-145,True,True
197.4,0.0012248138366199748,4.414900982449086e-15,0.0,0.0012248138366155604,8.774108021836208e-146,True,True
197.45000000000002,0.0012168088055832264,4.2643174047494305e-15,0.0,0.001216808805578959,6.796455148588039e-146,True,True
197.5,0.0012088425862383828,4.11878339585046e-15,0.0,0.0012088425862342644,5.264034781462715e-146,True,True
197.55,0.0012009151019274646,3.978132633623801e-15,0.0,0.0012009151019234828,4.07672917773491e-146,True,True
197.60000000000002,0.0011930262752006362,3.8422041713783664e-15,0.0,0.0011930262751967925,3.156907012190338e-146,True,True
197.65,0.0011851760278248846,3.7108422675917494e-15,0.0,0.0011851760278211703,2.4443789464987113e-146,True,True
197.70000000000002,0.0011773642807925955,3.583896220920135e-15,0.0,0.001177364280789011,1.892483474057329e-146,True,True
197.75,0.001169590954330236,3.4612202103279396e-15,0.0,0.0011695909543267711,1.4650500905429905e-146,True,True
197.8,0.0011618559679068819,3.342673140179866e-15,0.0,0.0011618559679035386,1.1340433808844304e-146,True,True
197.85000000000002,0.0011541592402428808,3.2281184901468346e-15,0.0,0.0011541592402396494,8.777355310358532e-147,True,True
197.9,0.0011465006893183645,3.1174241697782067e-15,0.0,0.0011465006893152472,6.792888823527948e-147,True,True
197.95000000000002,0.0011388802323818415,3.0104623775990142e-15,0.0,0.0011388802323788283,5.256566354279789e-147,True,True
198.0,0.0011312977859587188,2.9071094645949555e-15,0.0,0.001131297785955812,4.0673037931295984e-147,True,True
198.05,0.001123753265859839,2.807245801950598e-15,0.0,0.0011237532658570292,3.146790925555171e-147,True,True
198.10000000000002,0.0011162465871899735,2.7107556529125844e-15,0.0,0.001116246587187263,2.4343666129214366e-147,True,True
198.15,0.0011087776643563438,2.6175270486509097e-15,0.0,0.001108777664353724,1.883045845358155e-147,True,True
198.20000000000002,0.0011013464110770392,2.527451667996655e-15,0.0,0.0011013464110745117,1.4564400764664742e-147,True,True
198.25,0.0010939527403895386,2.440424720938633e-15,0.0,0.0010939527403870956,1.1263702325606887e-147,True,True
198.3,0.001086596564659076,2.3563448357626402e-15,0.0,0.0010865965646567183,8.710167862881217e-148,True,True
198.35000000000002,0.0010792777955871196,2.275113949723412e-15,0.0,0.0010792777955848424,6.734862007106634e-148,True,True
198.4,0.0010719963442197282,2.1966372031400974e-15,0.0,0.001071996344217532,5.207001409457626e-148,True,True
198.45000000000002,0.0010647521209559425,2.1208228368108932e-15,0.0,0.0010647521209538192,4.025348679306757e-148,True,True
198.5,0.001057545035556135,2.047582092645375e-15,0.0,0.0010575450355540872,3.111545327600177e-148,True,True
198.55,0.0010503749971503536,1.9768291174150795e-15,0.0,0.0010503749971483751,2.4049473618902326e-148,True,True
198.60000000000002,0.0010432419142466273,1.9084808695275682e-15,0.0,0.0010432419142447178,1.8586252593444017e-148,True,True
198.65,0.0010361456947392735,1.8424570287303794e-15,0.0,0.001036145694737428,1.4362661049155533e-148,True,True
198.70000000000002,0.0010290862459171345,1.7786799086549535e-15,0.0,0.0010290862459153552,1.1097746609045285e-148,True,True
198.75,0.001022063474471877,1.7170743721137728e-15,0.0,0.0010220634744701588,8.574158629803301e-149,True,True
198.8,0.0010150772865061592,1.6575677490649332e-15,0.0,0.001015077286504501,6.62376689525673e-149,True,True
198.85000000000002,0.0010081275875418836,1.6000897571630023e-15,0.0,0.0010081275875402813,5.116528328949325e-149,True,True
198.9,0.0010012142825283408,1.544572424815664e-15,0.0,0.0010012142825267974,3.9518690238998015e-149,True,True
198.95000000000002,0.0009943372758503786,1.4909500166691669e-15,0.0,0.0009943372758488864,3.0520139782005792e-149,True,True
199.0,0.0009874964713365293,1.4391589614477979e-15,0.0,0.0009874964713350869,2.356824862083636e-149,True,True
199.05,0.0009806917722670985,1.3891377820739864e-15,0.0,0.0009806917722657077,1.8198052768128646e-149,True,True
199.10000000000002,0.0009739230813822769,1.340827027999416e-15,0.0,0.0009739230813809372,1.4050097748719695e-149,True,True
199.15,0.0009671903008901784,1.2941692096778568e-15,0.0,0.0009671903008888826,1.084652416102327e-149,True,True
199.20000000000002,0.0009604933324748419,1.2491087351138631e-15,0.0,0.0009604933324735902,8.372567294648716e-150,True,True
199.25,0.0009538320773042765,1.2055918484231507e-15,0.0,0.0009538320773030699,6.462246534815614e-150,True,True
199.3,0.0009472064360384083,1.163566570341671e-15,0.0,0.0009472064360372421,4.987296800218699e-150,True,True
199.35000000000002,0.0009406163088370359,1.122982640623585e-15,0.0,0.000940616308835912,3.8486083965588063e-150,True,True
199.4,0.0009340615953677631,1.083791462268929e-15,0.0,0.0009340615953666774,2.969607478563789e-150,True,True
199.45000000000002,0.0009275421948138607,1.0459460475243568e-15,0.0,0.000927542194812813,2.2911376920605293e-150,True,True
199.5,0.0009210580058821718,1.009400965601871e-15,0.0,0.0009210580058811587,1.7675029546653337e-150,True,True
199.55,0.0009146089268109057,9.74112292061731e-16,0.0,0.0009146089268099298,1.3634082683830159e-150,True,True
199.60000000000002,0.0009081948553774907,9.400375598082197e-16,0.0,0.0009081948553765483,1.0515950060815636e-150,True,True
199.65,0.0009018156889063196,9.07135711647378e-16,0.0,0.0009018156889054103,8.110132006691058e-151,True,True
199.70000000000002,0.0008954713242765085,8.753670543584056e-16,0.0,0.0008954713242756295,6.254090305564268e-151,True,True
199.75,0.000889161657929623,8.446932142314508e-16,0.0,0.0008891616579287766,4.8223329170477245e-151,True,True
199.8,0.0008828865858773635,8.150770940256448e-16,0.0,0.0008828865858765459,3.717979982141963e-151,True,True
199.85000000000002,0.0008766460037092242,7.864828313033871e-16,0.0,0.0008766460037084369,2.8662477160652038e-151,True,True
199.9,0.0008704398066001372,7.588757580975047e-16,0.0,0.0008704398065993752,2.209414565561441e-151,True,True
199.95000000000002,0.0008642678893180334,7.322223618696652e-16,0.0,0.0008642678893172994,1.702932839150818e-151,True,True
200.0,0.0008581301462314639,7.064902477197007e-16,0.0,0.0008581301462307557,1.3124254538068197e-151,True,True
200.05,0.0008520264713170821,6.816481018062857e-16,0.0,0.0008520264713164005,1.0113665497920791e-151,True,True
200.10000000000002,0.000845956758167197,6.576656559414113e-16,0.0,0.0008459567581665364,7.792904300707368e-152,True,True
200.15,0.000839920899997207,6.345136533213125e-16,0.0,0.0008399208999965724,6.004086176383331e-152,True,True
200.20000000000002,0.0008339187896530629,6.12163815358458e-16,0.0,0.0008339187896524487,4.625421424160218e-152,True,True
200.25,0.0008279503196186662,5.905888095799265e-16,0.0,0.0008279503196180759,3.562972864879767e-152,True,True
200.3,0.000822015382023251,5.697622185584233e-16,0.0,0.0008220153820226791,2.7442933840694486e-152,True,True
200.35000000000002,0.0008161138686487143,5.496585098436501e-16,0.0,0.0008161138686481649,2.113515216801825e-152,True,True
200.4,0.0008102456709369514,5.3025300686233675e-16,0.0,0.0008102456709364192,1.6275601054918826e-152,True,True
200.45000000000002,0.000804410679997086,5.115218607563847e-16,0.0,0.0008044106799965741,1.2532147838400706e-152,True,True
200.5,0.0007986087866127677,4.934420231296682e-16,0.0,0.0007986087866122721,9.64874434997098e-153,True,True
200.55,0.000792839881249323,4.759912196745129e-16,0.0,0.0007928398812488468,7.428017296524532e-153,True,True
200.60000000000002,0.0007871038540609818,4.591479246503794e-16,0.0,0.0007871038540605212,5.717837776899279e-153,True,True
200.65,0.0007814005948979775,4.428913361874622e-16,0.0,0.0007814005948975341,4.400961502131163e-153,True,True
200.70000000000002,0.000775729993313667,4.2720135238928344e-16,0.0,0.0007757299933132383,3.387038443720562e-153,True,True
200.75,0.0007700919385716003,4.1205854820901117e-16,0.0,0.0007700919385711883,2.6064506055202634e-153,True,True
200.8,0.000764486319652553,3.9744415307472387e-16,0.0,0.0007644863196521539,2.005560136287709e-153,True,True
200.85000000000002,0.0007589130252615211,3.833400292401765e-16,0.0,0.0007589130252611371,1.5430453672008064e-153,True,True
200.9,0.0007533719438346997,3.697286508377716e-16,0.0,0.0007533719438343282,1.1870759813695252e-153,True,True
200.95000000000002,0.00074786296354638,3.56593083611553e-16,0.0,0.0007478629635460232,9.131353528725472e-154,True,True
201.0,0.0007423859723158837,3.4391696530861726e-16,0.0,0.0007423859723155379,7.023419567286586e-154,True,True
201.05,0.0007369408578143713,3.3168448670786136e-16,0.0,0.000736940857814039,5.401556035471241e-154,True,True
201.10000000000002,0.0007315275074717046,3.1988037326597666e-16,0.0,0.0007315275074713831,4.153803758616969e-154,True,True
201.15,0.0007261458084831995,3.0848986736080025e-16,0.0,0.000726145808482892,3.19396299941295e-154,True,True
201.20000000000002,0.0007207956478163858,2.974987111131099e-16,0.0,0.0007207956478160864,2.4556733837461233e-154,True,True
201.25,0.0007154769122177111,2.868931297684334e-16,0.0,0.0007154769122174224,1.887852859179016e-154,True,True
201.3,0.0007101894882192083,2.766598156208179e-16,0.0,0.0007101894882189308,1.451184053763407e-154,True,True
201.35000000000002,0.0007049332621451454,2.66785912461458e-16,0.0,0.0007049332621448791,1.1154077806434608e-154,True,True
201.4,0.0006997081201186154,2.5725900053522457e-16,0.0,0.0006997081201183574,8.572384815111747e-155,True,True
201.45000000000002,0.0006945139480680798,2.4806708198890805e-16,0.0,0.0006945139480678291,6.58758851331934e-155,True,True
201.5,0.0006893506317339137,2.391985667954749e-16,0.0,0.0006893506317336735,5.0618361778777564e-155,True,True
201.55,0.0006842180566748803,2.306422591389627e-16,0.0,0.0006842180566746471,3.889076839479036e-155,True,True
201.60000000000002,0.0006791161082745713,2.2238734424538417e-16,0.0,0.0006791161082743474,2.9877329655354033e-155,True,True
201.65,0.0006740446717478312,2.144233756451963e-16,0.0,0.000674044671747615,2.2950589787984387e-155,True,True
201.70000000000002,0.0006690036321471,2.067402628535423e-16,0.0,0.0006690036321468925,1.7627987699674294e-155,True,True
201.75,0.000663992874368777,1.9932825945486716e-16,0.0,0.0006639928743685751,1.35384343580704e-155,True,True
201.8,0.0006590122831594742,1.9217795157879067e-16,0.0,0.0006590122831592814,1.039659113745787e-155,True,True
201.85000000000002,0.0006540617431223129,1.852802467547853e-16,0.0,0.0006540617431221254,7.983076719123839e-156,True,True
201.9,0.0006491411387231027,1.7862636313335065e-16,0.0,0.0006491411387229227,6.129237605709346e-156,True,True
201.95000000000002,0.0006442503542965337,1.7220781906189506e-16,0.0,0.0006442503542963589,4.705431209275166e-156,True,True
202.0,0.0006393892740523102,1.6601642300395135e-16,0.0,0.0006393892740521437,3.612012265448435e-156,True,True
202.05,0.0006345577820812496,1.6004426379052648e-16,0.0,0.0006345577820810871,2.772399556580309e-156,True,True
202.10000000000002,0.000629755762361331,1.5428370119298613e-16,0.0,0.0006297557623611763,2.1277433488432372e-156,True,True
202.15,0.0006249830987637362,1.4872735680696606e-16,0.0,0.0006249830987635852,1.6328243906228948e-156,True,True
202.20000000000002,0.0006202396750587904,1.4336810523731956e-16,0.0,0.0006202396750586461,1.2529003575970149e-156,True,True
202.25,0.0006155253749219477,1.3819906557435471e-16,0.0,0.0006155253749218079,9.612811005301338e-157,True,True
202.3,0.0006108400819396449,1.3321359315188077e-16,0.0,0.0006108400819395105,7.374644524299576e-157,True,True
202.35000000000002,0.0006061836796151991,1.284052715779882e-16,0.0,0.0006061836796150691,5.657031472964341e-157,True,True
202.4,0.0006015560513746054,1.237679050296604e-16,0.0,0.0006015560513744809,4.339032622932256e-157,True,True
202.45000000000002,0.0005969570805723185,1.192955108026879e-16,0.0,0.0005969570805721975,3.327775748006321e-157,True,True
202.5,0.000592386650497,1.149823121085986e-16,0.0,0.0005923866504968846,2.5519490887784744e-157,True,True
202.55,0.0005878446443772111,1.1082273111052977e-16,0.0,0.000587844644377099,1.9568015160885915e-157,True,True
202.60000000000002,0.000583330945387073,1.0681138219032745e-16,0.0,0.0005833309453869662,1.500300876355393e-157,True,True
202.65,0.0005788454366518941,1.0294306543930062e-16,0.0,0.0005788454366517898,1.1501825285378872e-157,True,True
202.70000000000002,0.0005743880012537247,9.921276036536354e-17,0.0,0.0005743880012536256,8.816820237932374e-158,True,True
202.75,0.0005699585222369298,9.56156198095253e-17,0.0,0.0005699585222368327,6.7579351946931725e-158,True,True
202.8,0.0005655568826136466,9.214696406486559e-17,0.0,0.0005655568826135546,5.179321568650774e-158,True,True
202.85000000000002,0.0005611829653692812,8.880227519142334e-17,0.0,0.000561182965369191,3.969068055725004e-158,True,True
202.9,0.0005568366534678928,8.557719152056815e-17,0.0,0.000556836653467807,3.0413123947916666e-158,True,True
202.95000000000002,0.0005525178298575857,8.246750234267323e-17,0.0,0.0005525178298575016,2.3301846379336096e-158,True,True
203.0,0.0005482263774758392,7.946914277211885e-17,0.0,0.0005482263774757597,1.7851571522225883e-158,True,True
203.05,0.0005439621792548034,7.657818878375626e-17,0.0,0.0005439621792547253,1.367474984073121e-158,True,True
203.10000000000002,0.0005397251181265471,7.379085241529577e-17,0.0,0.0005397251181264729,1.0474158533195748e-158,True,True
203.15,0.0005355150770282843,7.110347713012596e-17,0.0,0.0005355150770282121,8.02187170881903e-159,True,True
203.20000000000002,0.0005313319389075214,6.851253333530337e-17,0.0,0.0005313319389074528,6.143121401104307e-159,True,True
203.25,0.0005271755867272175,6.601461404966284e-17,0.0,0.0005271755867271502,4.70391321253312e-159,True,True
203.3,0.0005230459034708421,6.360643071706443e-17,0.0,0.0005230459034707783,3.601524051223571e-159,True,True
203.35000000000002,0.000518942772147456,6.128480916004093e-17,0.0,0.0005189427721473931,2.75721196807474e-159,True,True
203.4,0.0005148660757966935,5.904668566921316e-17,0.0,0.0005148660757966344,2.1106236835741302e-159,True,True
203.45000000000002,0.0005108156974937438,5.688910322400782e-17,0.0,0.0005108156974936857,1.615504885987596e-159,True,True
203.5,0.0005067915203542727,5.4809207840357296e-17,0.0,0.0005067915203542162,1.2364101487075552e-159,True,True
203.55,0.0005027934275392991,5.2804245041185796e-17,0.0,0.0005027934275392458,9.461797804981922e-160,True,True
203.60000000000002,0.0004988213022600588,5.0871556445645626e-17,0.0,0.0004988213022600077,7.240050269276605e-160,True,True
203.65,0.0004948750277827937,4.900857647317057e-17,0.0,0.0004948750277827435,5.539445790760171e-160,True,True
203.70000000000002,0.0004909544874335059,4.721282915856215e-17,0.0,0.000490954487433457,4.23787232369055e-160,True,True
203.75,0.0004870595646026987,4.5481925074440237e-17,0.0,0.0004870595646026525,3.24180013979701e-160,True,True
203.8,0.0004831901427500423,4.3813558357498686e-17,0.0,0.0004831901427499969,2.4795988228460405e-160,True,True
203.85000000000002,0.00047934610540901676,4.2205503835142246e-17,0.0,0.00047934610540897383,1.896415179740223e-160,True,True
203.9,0.0004755273361915172,4.065561424916744e-17,0.0,0.00047552733619147467,1.4502478856485453e-160,True,True
203.95000000000002,0.0004717337187923905,3.9161817573280147e-17,0.0,0.0004717337187923508,1.1089395572793255e-160,True,True
204.0,0.00046796513699398287,3.7722114421339755e-17,0.0,0.0004679651369939437,8.478720651301516e-161,True,True
204.05,0.0004642214746705805,3.6334575543301786e-17,0.0,0.0004642214746705437,6.482008475760677e-161,True,True
204.10000000000002,0.000460502615792877,3.4997339405975856e-17,0.0,0.00046050261579283985,4.955023048281295e-161,True,True
204.15,0.0004568084444323411,3.37086098557516e-17,0.0,0.00045680844443230667,3.787377370160719e-161,True,True
204.20000000000002,0.000453138844765586,3.246665386057805e-17,0.0,0.00045313884476555185,2.8945982649642133e-161,True,True
204.25,0.00044949370107867355,3.126979932857093e-17,0.0,0.0004494937010786417,2.2120494513478597e-161,True,True
204.3,0.00044587289777139,3.01164330006716e-17,0.0,0.00044587289777135795,1.69027816895894e-161,True,True
204.35000000000002,0.00044227631936147115,2.900499841491385e-17,0.0,0.00044227631936144155,1.29145223917693e-161,True,True
204.4,0.0004387038504888071,2.793399393989289e-17,0.0,0.0004387038504887774,9.866323099484694e-162,True,True
204.45000000000002,0.0004351553759195659,2.690197087513796e-17,0.0,0.0004351553759195382,7.53683719350108e-162,True,True
204.5,0.0004316307805503346,2.590753161615194e-17,0.0,0.0004316307805503073,5.756781566778321e-162,True,True
204.55,0.0004281299494121574,2.494932788195366e-17,0.0,0.0004281299494121316,4.3967035564007997e-162,True,True
204.60000000000002,0.00042465276767459005,2.402605900303925e-17,0.0,0.0004246527676745643,3.357619163645267e-162,True,True
204.65,0.00042119912064966927,2.313647026773572e-17,0.0,0.00042119912064964596,2.563849344229037e-162,True,True
204.70000000000002,0.0004177688937958695,2.227935132499169e-17,0.0,0.0004177688937958458,1.9575388284383353e-162,True,True
204.75,0.0004143619727220078,2.145353464172206e-17,0.0,0.00041436197272198616,1.4944627177300908e-162,True,True
204.8,0.0004109782431911111,2.0657894012864418e-17,0.0,0.0004109782431910893,1.1408186221745066e-162,True,True
204.85000000000002,0.00040761759112424177,1.9891343122393194e-17,0.0,0.00040761759112422177,8.707729609339045e-163,True,True
204.9,0.000404279902604294,1.9152834153568955e-17,0.0,0.000404279902604274,6.645843112207158e-163,True,True
204.95000000000002,0.0004009650638797218,1.8441356446774388e-17,0.0,0.00040096506387970316,5.0716824212608267e-163,True,True
205.0,0.00039767296136827054,1.7755935203339902e-17,0.0,0.0003976729613682521,3.869998832456231e-163,True,True
205.05,0.00039440348166062044,1.7095630233801342e-17,0.0,0.000394403481660603,2.952748336533907e-163,True,True
205.10000000000002,0.00039115651152403513,1.645953474911056e-17,0.0,0.00039115651152401806,2.2526766095930912e-163,True,True
205.15,0.0003879319379059371,1.5846774193333872e-17,0.0,0.000387931937905921,1.7184151081688286e-163,True,True
205.20000000000002,0.00038472964793745884,1.525650511645134e-17,0.0,0.0003847296479374423,1.3107326918792608e-163,True,True
205.25,0.0003815495289369538,1.468791408590542e-17,0.0,0.0003815495289369392,9.996707787048624e-164,True,True
205.3,0.0003783914684134673,1.4140216635581182e-17,0.0,0.00037839146841345196,7.623539939943673e-164,True,True
205.35000000000002,0.0003752553540701607,1.3612656250963612e-17,0.0,0.00037525535407014675,5.813172079249512e-164,True,True
205.4,0.00037214107380771633,1.3104503389244493e-17,0.0,0.0003721410738077017,4.43227292091605e-164,True,True
205.45000000000002,0.00036904851572766665,1.2615054533196416e-17,0.0,0.00036904851572765407,3.3790656288363388e-164,True,True
205.5,0.00036597756813573894,1.2143631277675761e-17,0.0,0.0003659775681357255,2.5758678321966964e-164,True,True
205.55,0.0003629281195450946,1.1689579447642705e-17,0.0,0.00036292811954508275,1.9633934643083893e-164,True,True
205.60000000000002,0.0003599000586795974,1.1252268246636972e-17,0.0,0.00035990005867958525,1.4964007698869805e-164,True,True
205.65,0.00035689327447698834,1.083108943467205e-17,0.0,0.00035689327447697717,1.1403687864482428e-164,True,True
205.70000000000002,0.0003539076560920525,1.0425456534550284e-17,0.0,0.0003539076560920408,8.689595022434065e-165,True,True
205.75,0.0003509430928997398,1.003480406563725e-17,0.0,0.0003509430928997285,6.620801515734493e-165,True,True
205.8,0.00034799947449823995,9.658586804156247e-18,0.0,0.0003479994744982294,5.044038778131416e-165,True,True
205.85000000000002,0.0003450766907120372,9.296279069107885e-18,0.0,0.0003450766907120279,3.84240449458866e-165,True,True
205.9,0.0003421746315949105,8.947374032937773e-18,0.0,0.00034217463159490083,2.926742830345558e-165,True,True
205.95000000000002,0.0003392931874328909,8.611383056111409e-18,0.0,0.0003392931874328807,2.2290656591987185e-165,True,True
206.0,0.0003364322487472069,8.287835044783938e-18,0.0,0.0003364322487471977,1.6975320235059536e-165,True,True
206.05,0.0003335917062971664,7.976275830772926e-18,0.0,0.0003335917062971576,1.2926171304859316e-165,True,True
206.10000000000002,0.0003307714510830157,7.676267573078903e-18,0.0,0.00033077145108300753,9.841893359388439e-166,True,True
206.15,0.0003279713743487563,7.38738818021255e-18,0.0,0.0003279713743487473,7.492801362451553e-166,True,True
206.20000000000002,0.0003251913675849126,7.109230752621017e-18,0.0,0.0003251913675849051,5.703830358950938e-166,True,True
206.25,0.0003224313225312977,6.841403044527373e-18,0.0,0.0003224313225312893,4.341559907129115e-166,True,True
206.3,0.0003196911311796897,6.583526944515266e-18,0.0,0.0003196911311796821,3.304317817743799e-166,True,True
206.35000000000002,0.00031697068577652457,6.3352379742209916e-18,0.0,0.0003169706857765172,2.5146331876243245e-166,True,True
206.4,0.00031426987882551426,6.096184804510892e-18,0.0,0.0003142698788255075,1.91348159971211e-166,True,True
206.45000000000002,0.0003115886030902423,5.866028788544834e-18,0.0,0.00031158860309023505,1.455897345831026e-166,True,True
206.5,0.00030892675159672464,5.644443511148185e-18,0.0,0.0003089267515967184,1.1076282779492788e-166,True,True
206.55,0.0003062842176359301,5.4311143539302864e-18,0.0,0.00030628421763592364,8.425857926557756e-167,True,True
206.60000000000002,0.0003036608947662651,5.2257380756112444e-18,0.0,0.00030366089476625916,6.40901142327285e-167,True,True
206.65,0.0003010566768160268,5.028022407032363e-18,0.0,0.00030105667681602056,4.874440527225663e-167,True,True
206.70000000000002,0.00029847145788580574,4.837685660346407e-18,0.0,0.0002984714578858003,3.706938004216143e-167,True,True
206.75,0.0002959051323508795,4.6544563519001494e-18,0.0,0.00029590513235087376,2.818789767578932e-167,True,True
206.8,0.0002933575948635358,4.47807283833619e-18,0.0,0.00029335759486353056,2.1432205577139034e-167,True,True
206.85000000000002,0.00029082874035539616,4.308282965461018e-18,0.0,0.0002908287403553905,1.6294005666323772e-167,True,True
206.9,0.00028831846403967433,4.1448437294370504e-18,0.0,0.0002883184640396699,1.2386416412263604e-167,True,True
206.95000000000002,0.0002858266614134178,3.987520949874294e-18,0.0,0.00028582666141341274,9.414999603140786e-168,True,True
207.0,0.00028335322825970614,3.836088954411841e-18,0.0,0.0002833532282597018,7.155693867443001e-168,True,True
207.05,0.00028089806064981576,3.690330274390233e-18,0.0,0.0002808980606498116,5.438010169751557e-168,True,True
207.10000000000002,0.00027846105494535445,3.550035351234093e-18,0.0,0.0002784610549453503,4.1322357912162877e-168,True,True
207.15,0.0002760421078003568,3.415002253171627e-18,0.0,0.0002760421078003523,3.1396916007636048e-168,True,True
207.20000000000002,0.00027364111616333696,3.2850364019352385e-18,0.0,0.0002736411161633331,2.3853148060368907e-168,True,True
207.25,0.00027125797727933337,3.1599503090980037e-18,0.0,0.0002712579772793292,1.8120126834408558e-168,True,True
207.3,0.0002688925886918822,3.0395633217093246e-18,0.0,0.00026889258869187933,1.3763648697309236e-168,True,True
207.35000000000002,0.0002665448482449974,2.923701376911111e-18,0.0,0.0002665448482449937,1.0453524506069372e-168,True,True
207.4,0.0002642146540850784,2.8121967652196236e-18,0.0,0.0002642146540850752,7.938687758708722e-169,True,True
207.45000000000002,0.0002619019046628117,2.7048879021736933e-18,0.0,0.0002619019046628079,6.028253631805168e-169,True,True
207.5,0.00025960649873502757,2.601619108058992e-18,0.0,0.0002596064987350245,4.577107670229023e-169,True,True
207.55,0.0002573283353665244,2.5022403954259887e-18,0.0,0.0002573283353665215,3.474941979036527e-169,True,True
207.60000000000002,0.00025506731393186254,2.4066072641322997e-18,0.0,0.0002550673139318599,2.637915034100515e-169,True,True
207.65,0.0002528233341171238,2.3145805036462444e-18,0.0,0.0002528233341171209,2.0023079194112807e-169,True,True
207.70000000000002,0.0002505962959216312,2.2260260023589556e-18,0.0,0.0002505962959216289,1.5196995808165944e-169,True,True
207.75,0.00024838609965965614,2.1408145636614576e-18,0.0,0.00024838609965965294,1.153297734401507e-169,True,True
207.8,0.0002461926459620622,2.0588217285495515e-18,0.0,0.00024619264596205983,8.751488988306367e-170,True,True
207.85000000000002,0.0002440158357779532,1.9799276045299046e-18,0.0,0.00024401583577795044,6.640171235878244e-170,True,True
207.9,0.00024185557037625566,1.904016700606406e-18,0.0,0.00024185557037625368,5.0377130234674635e-170,True,True
207.95000000000002,0.0002397117513472911,1.8309777681347376e-18,0.0,0.0002397117513472886,3.8215925844287005e-170,True,True
208.0,0.00023758428060430812,1.7607036473400237e-18,0.0,0.00023758428060430503,2.8987593581191185e-170,True,True
208.05,0.0002354730603849793,1.6930911192989234e-18,0.0,0.00023547306038497706,2.198552083181346e-170,True,True
208.10000000000002,0.00023337799325288356,1.6280407631958045e-18,0.0,0.00023337799325288153,1.667316967178427e-170,True,True
208.15,0.00023129898209893558,1.565456818666967e-18,0.0,0.00023129898209893357,1.2643182230459812e-170,True,True
208.20000000000002,0.00022923593014279416,1.5052470530554352e-18,0.0,0.00022923593014279115,9.58630940613554e-171,True,True
208.25,0.00022718874093424448,1.4473226334042451e-18,0.0,0.0002271887409342425,7.267805615551414e-171,True,True
208.3,0.00022515731835454338,1.3915980030206978e-18,0.0,0.00022515731835454135,5.509497379341241e-171,True,True
208.35000000000002,0.0002231415666177346,1.3379907624525346e-18,0.0,0.00022314156661773287,4.176163324771801e-171,True,True
208.4,0.0002211413902719385,1.2864215547199746e-18,0.0,0.00022114139027193627,3.16519000680575e-171,True,True
208.45000000000002,0.00021915669420059902,1.2368139546539694e-18,0.0,0.00021915669420059742,2.398716449164692e-171,True,True
208.5,0.0002171873836237245,1.1890943621970195e-18,0.0,0.0002171873836237223,1.8176692379128796e-171,True,True
208.55,0.00021523336409906725,1.1431918995258733e-18,0.0,0.00021523336409906546,1.3772336265578135e-171,True,True
208.60000000000002,0.00021329454152330604,1.0990383118624166e-18,0.0,0.000213294541523304,1.043415286590719e-171,True,True
208.65,0.00021137082213317364,1.05656787184203e-18,0.0,0.0002113708221331722,7.904303161862146e-172,True,True
208.70000000000002,0.00020946211250656832,1.0157172873143027e-18,0.0,0.00020946211250656642,5.98724181831139e-172,True,True
208.75,0.00020756831956363412,9.764256124548791e-19,0.0,0.00020756831956363257,4.534681886010663e-172,True,True
208.8,0.00020568935056781,9.386341620712273e-19,0.0,0.00020568935056780794,3.434184863147221e-172,True,True
208.85000000000002,0.00020382511312685164,9.02286428989818e-19,0.0,0.00020382511312685061,2.6005028241698834e-172,True,True
208.9,0.0002019755151938317,8.673280044154185e-19,0.0,0.00020197551519383021,1.9690094770812992e-172,True,True
208.95000000000002,0.00020014046506809148,8.337065011573586e-19,0.0,0.00020014046506809045,1.4907166416123856e-172,True,True
209.0,0.00019831987139619505,8.013714796215185e-19,0.0,0.00019831987139619353,1.1284938837274949e-172,True,True
209.05,0.00019651364317282294,7.702743764695379e-19,0.0,0.0001965136431728217,8.542011190949696e-173,True,True
209.10000000000002,0.0001947216897416682,7.403684358512091e-19,0.0,0.00019472168974166666,6.4651391859471386e-173,True,True
209.15,0.0001929439207962819,7.116086431183511e-19,0.0,0.00019294392079628086,4.892743388275495e-173,True,True
209.20000000000002,0.0001911802463809034,6.83951660932133e-19,0.0,0.0001911802463809019,3.702404072271854e-173,True,True
209.25,0.00018943057689126111,6.573557676791958e-19,0.0,0.00018943057689126017,2.801379896824706e-173,True,True
209.3,0.0001876948230753446,6.317807981138028e-19,0.0,0.00018769482307534323,2.119419945766579e-173,True,True
209.35000000000002,0.0001859728960341528,6.071880861475686e-19,0.0,0.0001859728960341516,1.60331495363279e-173,True,True
209.4,0.00018426470722241565,5.835404097098637e-19,0.0,0.0001842647072224143,1.2127673200388935e-173,True,True
209.45000000000002,0.00018257016844928104,5.608019376051678e-19,0.0,0.0001825701684492801,9.172610342526042e-174,True,True
209.5,0.0001808891918789945,5.389381782965803e-19,0.0,0.0001808891918789933,6.936896592483603e-174,True,True
209.55,0.0001792216900315285,5.179159305463112e-19,0.0,0.00017922169003152757,5.245589639543498e-174,True,True
209.60000000000002,0.00017756757578321004,4.977032358472531e-19,0.0,0.0001775675757832089,3.966251248379955e-174,True,True
209.65,0.00017592676236730426,4.782693325815243e-19,0.0,0.00017592676236730345,2.9986304535761696e-174,True,True
209.70000000000002,0.0001742991633745821,4.595846118442843e-19,0.0,0.00017429916337458124,2.2668484657310166e-174,True,True
209.75,0.00017268469275386235,4.416205748734111e-19,0.0,0.000172684692753862,1.7134792440884962e-174,True,True
209.8,0.00017108326481252522,4.2434979202741137e-19,0.0,0.00017108326481252435,1.295066362397893e-174,True,True
209.85000000000002,0.00016949479421700283,4.077458632563452e-19,0.0,0.00016949479421700243,9.787280047669889e-175,True,True
209.9,0.00016791919599325062,3.9178338001214744e-19,0.0,0.00016791919599324975,7.395862418180977e-175,True,True
209.95000000000002,0.00016635638552717934,3.764378885467863e-19,0.0,0.00016635638552717886,5.588206531569606e-175,True,True
210.0,0.00016480627856508548,3.616858545486114e-19,0.0,0.0001648062785650848,4.221948099394911e-175,True,True
210.05,0.00016326879121403317,3.4750462906867125e-19,0.0,0.0001632687912140327,3.189408507881705e-175,True,True
210.10000000000002,0.0001617438399422346,3.338724156908876e-19,0.0,0.00016174383994223377,2.409152119140616e-175,True,True
210.15,0.0001602313415793902,3.2076823890125343e-19,0.0,0.0001602313415793897,1.819596591087567e-175,True,True
210.20000000000002,0.0001587312133170141,3.0817191361300622e-19,0.0,0.0001587312133170132,1.3741774655415425e-175,True,True
210.25,0.00015724337270873472,2.9606401580625497e-19,0.0,0.00015724337270873437,1.0376893201513639e-175,True,True
210.3,0.0001557677376705721,2.8442585424177647e-19,0.0,0.00015576773767057115,7.83517476883086e-176,True,True
210.35000000000002,0.0001543042264811906,2.7323944321053995e-19,0.0,0.00015430422648119005,5.91543716906443e-176,True,True
210.4,0.00015285275778213604,2.624874762814162e-19,0.0,0.00015285275778213517,4.465620575229755e-176,True,True
210.45000000000002,0.000151413250578036,2.5215330101113894e-19,0.0,0.00015141325057803568,3.370804857058973e-176,True,True
210.5,0.00014998562423679983,2.422208945819263e-19,0.0,0.00014998562423679913,2.5441471019645173e-176,True,True
210.55,0.0001485697984897712,2.326748403330639e-19,0.0,0.00014856979848977008,1.9200283556348456e-176,True,True
210.60000000000002,0.00014716569343188062,2.2350030515431204e-19,0.0,0.00014716569343187991,1.448871544965923e-176,True,True
210.65,0.0001457732295217678,2.1468301770991237e-19,0.0,0.00014577322952176675,1.0932234539148577e-176,True,True
210.70000000000002,0.00014439232758187362,2.06209247463149e-19,0.0,0.00014439232758187295,8.24792710963225e-177,True,True
210.75,0.00014302290879853233,1.9806578447254423e-19,0.0,0.0001430229087985313,6.222107420719645e-177,True,True
210.8,0.0001416648947220176,1.9023991993165841e-19,0.0,0.00014166489472201707,4.69339397671523e-177,True,True
210.85000000000002,0.00014031820726659197,1.8271942742564554e-19,0.0,0.00014031820726659108,3.5399190860480434e-177,True,True
210.9,0.00013898276871051517,1.754925448784809e-19,0.0,0.00013898276871051463,2.6696632024068157e-177,True,True
210.95000000000002,0.0001376585016960453,1.6854795716586704e-19,0.0,0.00013765850169604455,2.0131513754250537e-177,True,True
211.0,0.00013634532922941495,1.6187477936964106e-19,0.0,0.00013634532922941444,1.5179351068987901e-177,True,True
211.05,0.00013504317468078687,1.5546254065033243e-19,0.0,0.000135043174680786,1.144423574350515e-177,True,True
211.10000000000002,0.0001337519617841909,1.4930116871549082e-19,0.0,0.0001337519617841904,8.627345724393881e-178,True,True
211.15,0.00013247161463744478,1.4338097486201792e-19,0.0,0.0001324716146374438,6.503159786393796e-178,True,True
211.20000000000002,0.00013120205770204295,1.3769263957167711e-19,0.0,0.00013120205770204255,4.9014938797129897e-178,True,True
211.25,0.00012994321580304743,1.322271986396397e-19,0.0,0.00012994321580304672,3.6939356108109705e-178,True,True
211.3,0.00012869501412893466,1.2697602981657419e-19,0.0,0.00012869501412893404,2.7836010639358425e-178,True,True
211.35000000000002,0.00012745737823144666,1.2193083994568147e-19,0.0,0.00012745737823144574,2.0974010605109183e-178,True,True
211.4,0.00012623023402540573,1.1708365257647065e-19,0.0,0.00012623023402540535,1.5802026628041509e-178,True,True
211.45000000000002,0.00012501350778852208,1.1242679603798094e-19,0.0,0.00012501350778852116,1.190421910932222e-178,True,True
211.5,0.00012380712616117602,1.0795289195465053e-19,0.0,0.00012380712616117575,8.966972773595026e-179,True,True
211.55,0.0001226110161461882,1.03654844188599e-19,0.0,0.00012261101614618764,6.75379084281936e-179,True,True
211.60000000000002,0.0001214251051085652,9.952582819280317e-20,0.0,0.00012142510510856496,5.0863492727620636e-179,True,True
211.65,0.0001202493207752361,9.555928076007444e-20,0.0,0.00012024932077523554,3.830201025746544e-179,True,True
211.70000000000002,0.00011908359123475804,9.174889015337096e-20,0.0,0.00011908359123475779,2.8839901568996992e-179,True,True
211.75,0.00011792784493702394,8.808858660348265e-20,0.0,0.0001179278449370236,2.1713148167228322e-179,True,True
211.8,0.0001167820106929305,8.457253316058879e-20,0.0,0.00011678201069293027,1.6345892358355805e-179,True,True
211.85000000000002,0.00011564601767405017,8.119511688675044e-20,0.0,0.00011564601767404973,1.230414073541669e-179,True,True
211.9,0.00011451979541227116,7.795094037678271e-20,0.0,0.00011451979541227102,9.260848122863723e-180,True,True
211.95000000000002,0.00011340327379942826,7.483481359547564e-20,0.0,0.00011340327379942784,6.969587107155343e-180,True,True
212.0,0.00011229638308691604,7.184174601953399e-20,0.0,0.00011229638308691582,5.2446940111890156e-180,True,True
212.05,0.00011119905388528423,6.896693907301405e-20,0.0,0.00011119905388528391,3.946299814557825e-180,True,True
212.10000000000002,0.00011011121716381909,6.620577884548703e-20,0.0,0.00011011121716381906,2.9690452416165457e-180,True,True
212.15,0.00010903280425010977,6.355382908249863e-20,0.0,0.00010903280425010925,2.233574126536421e-180,True,True
212.20000000000002,0.00010796374682959081,6.100682443829724e-20,0.0,0.00010796374682959069,1.6801217018861696e-180,True,True
212.25,0.00010690397694508561,5.856066398118605e-20,0.0,0.0001069039769450852,1.2636823787683583e-180,True,True
212.3,0.00010585342699631394,5.621140494213953e-20,0.0,0.00010585342699631383,9.503682833579314e-181,True,True
212.35000000000002,0.00010481202973940462,5.3955256697766916e-20,0.0,0.00010481202973940413,7.146653979995788e-181,True,True
212.4,0.00010377971828637647,5.1788574978902967e-20,0.0,0.00010377971828637646,5.373662581642757e-181,True,True
212.45000000000002,0.00010275642610461583,4.9707856296537446e-20,0.0,0.00010275642610461554,4.0401254207649574e-181,True,True
212.5,0.00010174208701633369,4.7709732577044974e-20,0.0,0.00010174208701633357,3.0372190724514136e-181,True,True
212.55,0.00010073663519801018,4.5790965998936355e-20,0.0,0.00010073663519800988,2.283043602614336e-181,True,True
212.60000000000002,9.974000517982527e-05,4.394844402372419e-20,0.0,9.974000517982524e-05,1.715967704968464e-181,True,True
212.65,9.875213184507664e-05,4.217917461367172e-20,0.0,9.875213184507618e-05,1.2896172413422505e-181,True,True
212.70000000000002,9.777295042957608e-05,4.048028162951832e-20,0.0,9.777295042957595e-05,9.691017281330797e-182,True,True
212.75,9.680239652104713e-05,3.884900040151537e-20,0.0,9.680239652104684e-05,7.28173251908637e-182,True,True
212.8,9.58404060584912e-05,3.728267346731817e-20,0.0,9.584040605849057e-05,5.470876263905196e-182,True,True
212.85000000000002,9.488691533155526e-05,3.577874647056879e-20,0.0,9.488691533155498e-05,4.1099437629536934e-182,True,True
212.9,9.394186097988044e-05,3.433476421417636e-20,0.0,9.394186097987991e-05,3.087249173445487e-182,True,True
212.95000000000002,9.300517999243214e-05,3.2948366862559743e-20,0.0,9.300517999243187e-05,2.318805400875723e-182,True,True
213.0,9.207680970683105e-05,3.1617286287310506e-20,0.0,9.20768097068306e-05,1.7414609485308445e-182,True,True
213.05,9.11566878086553e-05,3.03393425509314e-20,0.0,9.115668780865503e-05,1.307735741234283e-182,True,True
213.10000000000002,9.024475233074513e-05,2.911244052352176e-20,0.0,9.02447523307447e-05,9.819357306643974e-183,True,True
213.15,8.934094165248413e-05,2.793456662744675e-20,0.0,8.934094165248387e-05,7.372299157839905e-183,True,True
213.20000000000002,8.844519449907343e-05,2.6803785705221024e-20,0.0,8.844519449907293e-05,5.534516074254353e-183,True,True
213.25,8.755744994079433e-05,2.5718238006020133e-20,0.0,8.755744994079408e-05,4.1544465217607596e-183,True,True
213.3,8.66776473922567e-05,2.4676136286374962e-20,0.0,8.667764739225621e-05,3.1181967115288675e-183,True,True
213.35000000000002,8.580572661163717e-05,2.3675763020807224e-20,0.0,8.580572661163692e-05,2.340187536938875e-183,True,True
213.4,8.494162769990786e-05,2.2715467718276148e-20,0.0,8.494162769990747e-05,1.756121789756052e-183,True,True
213.45000000000002,8.408529110004682e-05,2.1793664340492253e-20,0.0,8.408529110004666e-05,1.3176965767772981e-183,True,True
213.5,8.323665759624861e-05,2.0908828818292994e-20,0.0,8.323665759624823e-05,9.886282593783654e-184,True,True
213.55,8.23956683131109e-05,2.0059496662389572e-20,0.0,8.239566831311066e-05,7.416644107741175e-184,True,True
213.60000000000002,8.156226471482308e-05,1.9244260664974064e-20,0.0,8.156226471482262e-05,5.563379366531861e-184,True,True
213.65,8.073638860433362e-05,1.8461768688764808e-20,0.0,8.073638860433337e-05,4.172791911643184e-184,True,True
213.70000000000002,7.99179821225136e-05,1.771072154021474e-20,0.0,7.991798212251316e-05,3.12947579554566e-184,True,True
213.75,7.910698774730732e-05,1.698987092373471e-20,0.0,7.910698774730716e-05,2.3467848857656233e-184,True,True
213.8,7.830334829287337e-05,1.629801747387474e-20,0.0,7.8303348292873e-05,1.759672247736205e-184,True,True
213.85000000000002,7.750700690871481e-05,1.5634008862548507e-20,0.0,7.750700690871465e-05,1.3193107570636237e-184,True,True
213.9,7.671790707880301e-05,1.4996737978471233e-20,0.0,7.671790707880258e-05,9.890522581848886e-185,True,True
213.95000000000002,7.593599262068394e-05,1.4385141176099255e-20,0.0,7.593599262068371e-05,7.413925042012204e-185,True,True
214.0,7.516120768458692e-05,1.3798196591457203e-20,0.0,7.516120768458656e-05,5.5569176306209717e-185,True,True
214.05,7.439349675251048e-05,1.3234922522329262e-20,0.0,7.43934967525104e-05,4.164631162506031e-185,True,True
214.10000000000002,7.363280463731214e-05,1.2694375870395713e-20,0.0,7.36328046373118e-05,3.120871923736989e-185,True,True
214.15,7.287907648177799e-05,1.2175650642975011e-20,0.0,7.287907648177784e-05,2.3384719477252416e-185,True,True
214.20000000000002,7.213225775769066e-05,1.1677876512124523e-20,0.0,7.213225775769032e-05,1.752044769476632e-185,True,True
214.25,7.139229426488565e-05,1.1200217428937158e-20,0.0,7.139229426488562e-05,1.312547565659818e-185,True,True
214.3,7.065913213029969e-05,1.074187029094605e-20,0.0,7.065913213029941e-05,9.831996582042223e-186,True,True
214.35000000000002,6.993271780700988e-05,1.0302063660634528e-20,0.0,6.99327178070098e-05,7.364193705770004e-186,True,True
214.4,6.921299807326762e-05,9.880056533115415e-21,0.0,6.921299807326729e-05,5.515253828637149e-186,True,True
214.45000000000002,6.84999200315173e-05,9.475137151121347e-21,0.0,6.849992003151723e-05,4.1301195473233e-186,True,True
214.5,6.779343110741831e-05,9.086621865519095e-21,0.0,6.779343110741805e-05,3.092548768248404e-186,True,True
214.55,6.70934790488458e-05,8.713854039614066e-21,0.0,6.70934790488458e-05,2.315406819098726e-186,True,True
214.60000000000002,6.640001192489689e-05,8.356202995597847e-21,0.0,6.640001192489658e-05,1.7333843675318173e-186,True,True
214.65,6.571297812487852e-05,8.013063001531608e-21,0.0,6.571297812487838e-05,1.2975355327221266e-186,True,True
214.70000000000002,6.503232635729474e-05,7.683852297329507e-21,0.0,6.503232635729443e-05,9.711816331514e-187,True,True
214.75,6.435800564882402e-05,7.368012158266625e-21,0.0,6.435800564882395e-05,7.268394278288915e-187,True,True
214.8,6.368996534329007e-05,7.065005994578607e-21,0.0,6.368996534328982e-05,5.439178503372449e-187,True,True
214.85000000000002,6.302815510062491e-05,6.7743184857876665e-21,0.0,6.302815510062477e-05,4.069911468627037e-187,True,True
214.9,6.237252489582783e-05,6.495454748430382e-21,0.0,6.23725248958276e-05,3.0450429968463745e-187,True,True
214.95000000000002,6.172302501791198e-05,6.227939535918171e-21,0.0,6.172302501791185e-05,2.2780261915177965e-187,True,True
215.0,6.107960606885269e-05,5.971316469307733e-21,0.0,6.107960606885246e-05,1.7040440347858622e-187,True,True
215.05,6.0442218962520216e-05,5.725147297801782e-21,0.0,6.0442218962519775e-05,1.274558372541298e-187,True,True
215.10000000000002,5.981081492361398e-05,5.4890111878498e-21,0.0,5.981081492361376e-05,9.532250870794238e-188,True,True
215.15,5.918534548658755e-05,5.2625040397555575e-21,0.0,5.918534548658722e-05,7.128333559723133e-188,True,True
215.20000000000002,5.8565762494564076e-05,5.045237830742913e-21,0.0,5.856576249456391e-05,5.330124831066699e-188,True,True
215.25,5.7952018098254466e-05,4.8368399834707525e-21,0.0,5.795201809825419e-05,3.985139821106818e-188,True,True
215.3,5.7344064754859723e-05,4.6369527590223114e-21,0.0,5.7344064754859554e-05,2.979247360740889e-188,True,True
215.35000000000002,5.674185522697709e-05,4.445232673436089e-21,0.0,5.6741855226976725e-05,2.2270316013050867e-188,True,True
215.4,5.614534258149325e-05,4.261349936876215e-21,0.0,5.6145342581493086e-05,1.6645736389125488e-188,True,True
215.45000000000002,5.555448018847678e-05,4.0849879145757934e-21,0.0,5.5554480188476517e-05,1.244046065893855e-188,True,True
215.5,5.496922172006373e-05,3.9158426087221914e-21,0.0,5.4969221720063575e-05,9.296655295078115e-189,True,True
215.55,5.438952114933809e-05,3.753622160477108e-21,0.0,5.4389521149337786e-05,6.946624297504999e-189,True,True
215.60000000000002,5.3815332749207534e-05,3.5980463713652444e-21,0.0,5.3815332749207425e-05,5.190123718305023e-189,True,True
215.65,5.324661109127589e-05,3.448846243284122e-21,0.0,5.324661109127559e-05,3.877380539523331e-189,True,True
215.70000000000002,5.268331104470595e-05,3.305763536422159e-21,0.0,5.2683311044705804e-05,2.896382793079723e-189,True,True
215.75,5.2125387775085825e-05,3.1685503443987252e-21,0.0,5.2125387775085533e-05,2.1633675336250852e-189,True,True
215.8,5.157279674328156e-05,3.0369686859614205e-21,0.0,5.157279674328145e-05,1.6157027846377803e-189,True,True
215.85000000000002,5.102549370429444e-05,2.9107901126070488e-21,0.0,5.102549370429421e-05,1.2065614787868617e-189,True,True
215.9,5.048343470610646e-05,2.789795331511729e-21,0.0,5.048343470610637e-05,9.009366504771904e-190,True,True
215.95000000000002,4.9946576088526776e-05,2.673773843181819e-21,0.0,4.994657608852646e-05,6.726604135830264e-190,True,True
216.0,4.941487448203175e-05,2.5625235932590116e-21,0.0,4.9414874482031647e-05,5.021740908513042e-190,True,True
216.05,4.888828680660252e-05,2.455850637933254e-21,0.0,4.8888286806602295e-05,3.748603881823055e-190,True,True
216.10000000000002,4.8366770270557364e-05,2.3535688224401074e-21,0.0,4.836677027055727e-05,2.7979607362976373e-190,True,True
216.15,4.7850282369383034e-05,2.2554994721367027e-21,0.0,4.785028236938276e-05,2.0881923361159437e-190,True,True
216.20000000000002,4.733878088455775e-05,2.1614710956713765e-21,0.0,4.733878088455761e-05,1.558318389962264e-190,True,True
216.25,4.6832223882378085e-05,2.071319099780147e-21,0.0,4.68322238823779e-05,1.1627830993280723e-190,True,True
216.3,4.6330569712774364e-05,1.98488551526e-21,0.0,4.633056971277431e-05,8.675570480254933e-191,True,True
216.35000000000002,4.583377700813091e-05,1.9020187336877718e-21,0.0,4.583377700813066e-05,6.472233700356121e-191,True,True
216.4,4.534180468209647e-05,1.8225732544682734e-21,0.0,4.534180468209641e-05,4.827998818613741e-191,True,True
216.45000000000002,4.48546119283961e-05,1.746409441811948e-21,0.0,4.485461192839592e-05,3.601114550987635e-191,True,True
216.5,4.4372158219638666e-05,1.6733932912581218e-21,0.0,4.437215821963858e-05,2.6857373219407893e-191,True,True
216.55,4.389440330612155e-05,1.6033962053727642e-21,0.0,4.3894403306121345e-05,2.0028431930986497e-191,True,True
216.60000000000002,4.3421307214633036e-05,1.5362947782665882e-21,0.0,4.342130721463295e-05,1.4934379388596333e-191,True,True
216.65,4.2952830247253344e-05,1.4719705885898897e-21,0.0,4.295283024725318e-05,1.1134846321377673e-191,True,True
216.70000000000002,4.248893298014968e-05,1.4103100006756708e-21,0.0,4.248893298014959e-05,8.301146753200364e-192,True,True
216.75,4.202957626237477e-05,1.3512039735152069e-21,0.0,4.2029576262374604e-05,6.1879781637289214e-192,True,True
216.8,4.157472121465655e-05,1.2945478772603742e-21,0.0,4.15747212146565e-05,4.612286430721055e-192,True,True
216.85000000000002,4.1124329228192656e-05,1.2402413169613808e-21,0.0,4.1124329228192466e-05,3.4374831963448437e-192,True,True
216.9,4.067836196343684e-05,1.1881879632575288e-21,0.0,4.067836196343676e-05,2.5616613421753778e-192,True,True
216.95000000000002,4.023678134888759e-05,1.138295389750744e-21,0.0,4.02367813488874e-05,1.908796638792887e-192,True,True
217.0,3.9799549579873326e-05,1.0904749168017394e-21,0.0,3.9799549579873285e-05,1.4221795363582773e-192,True,True
217.05,3.936662911733642e-05,1.0446414614980035e-21,0.0,3.936662911733627e-05,1.0595123068129414e-192,True,True
217.10000000000002,3.8937982686615034e-05,1.0007133935536544e-21,0.0,3.893798268661495e-05,7.892496583311833e-193,True,True
217.15,3.851357327622527e-05,9.5861239690915e-22,0.0,3.851357327622512e-05,5.878677233284116e-193,True,True
217.20000000000002,3.809336413663842e-05,9.182633368086562e-22,0.0,3.8093364136638346e-05,4.3782609865894053e-193,True,True
217.25,3.7677318779062106e-05,8.795941321412147e-22,0.0,3.7677318779061936e-05,3.260472134045786e-193,True,True
217.3,3.726540097421451e-05,8.42535632839688e-22,0.0,3.7265400974214264e-05,2.427818162644033e-193,True,True
217.35000000000002,3.6857574751102366e-05,8.070215021401098e-22,0.0,3.685757475110223e-05,1.807626235346116e-193,True,True
217.4,3.645380439579608e-05,7.729881035110068e-22,0.0,3.645380439579591e-05,1.3457299945171797e-193,True,True
217.45000000000002,3.605405445020171e-05,7.403743920699369e-22,0.0,3.6054054450201574e-05,1.0017608279408111e-193,True,True
217.5,3.565828971083755e-05,7.09121810311753e-22,0.0,3.565828971083735e-05,7.456361836943612e-194,True,True
217.55,3.52664752276034e-05,6.791741879791436e-22,0.0,3.526647522760333e-05,5.549408834058361e-194,True,True
217.60000000000002,3.4878576302555916e-05,6.50477645913681e-22,0.0,3.487857630255572e-05,4.129745455718907e-194,True,True
217.65,3.44945584886777e-05,6.229805037305134e-22,0.0,3.449455848867757e-05,3.0729582745376067e-194,True,True
217.70000000000002,3.411438758864936e-05,5.966331911671142e-22,0.0,3.411438758864917e-05,2.28637182300163e-194,True,True
217.75,3.373802965362042e-05,5.713881629617503e-22,0.0,3.373802965362032e-05,1.7009591031606723e-194,True,True
217.8,3.336545098197939e-05,5.471998171226018e-22,0.0,3.33654509819792e-05,1.2653122159379215e-194,True,True
217.85000000000002,3.299661811812416e-05,5.240244164546935e-22,0.0,3.299661811812407e-05,9.411489166564913e-195,True,True
217.9,3.2631497851233085e-05,5.018200132161317e-22,0.0,3.26314978512329e-05,6.999641686981098e-195,True,True
217.95000000000002,3.227005721403307e-05,4.805463767805791e-22,0.0,3.227005721403298e-05,5.205351818331252e-195,True,True
218.0,3.191226348157267e-05,4.601649241876862e-22,0.0,3.191226348157252e-05,3.870625766220272e-195,True,True
218.05,3.155808416998971e-05,4.406386534674476e-22,0.0,3.155808416998962e-05,2.8778562395061287e-195,True,True
218.10000000000002,3.1207487035284384e-05,4.2193207962936073e-22,0.0,3.120748703528418e-05,2.1395075532082244e-195,True,True
218.15,3.08604400720885e-05,4.0401117321105697e-22,0.0,3.08604400720884e-05,1.5904329667339066e-195,True,True
218.20000000000002,3.0516911512437622e-05,3.8684330128548606e-22,0.0,3.051691151243745e-05,1.1821531154084763e-195,True,True
218.25,3.0176869824542828e-05,3.7039717082959083e-22,0.0,3.017686982454274e-05,8.785953683716606e-196,True,True
218.3,2.9840283711562865e-05,3.5464277436103776e-22,0.0,2.98402837115627e-05,6.5292140198092825e-196,True,True
218.35000000000002,2.950712211037718e-05,3.3955133775345846e-22,0.0,2.9507122110377095e-05,4.851652825531334e-196,True,True
218.4,2.9177354190360386e-05,3.2509527014395172e-22,0.0,2.9177354190360223e-05,3.6047516080641107e-196,True,True
218.45000000000002,2.8850949352154774e-05,3.1124811585002873e-22,0.0,2.8850949352154716e-05,2.6780444985110863e-196,True,True
218.5,2.8527877226448372e-05,2.979845082165134e-22,0.0,2.852787722644824e-05,1.989376806488759e-196,True,True
218.55,2.8208107672748123e-05,2.852801253157533e-22,0.0,2.8208107672748042e-05,1.4776552742152537e-196,True,True
218.60000000000002,2.789161077815993e-05,2.731116474279349e-22,0.0,2.789161077815975e-05,1.0974532343726143e-196,True,True
218.65,2.7578356856164833e-05,2.614567162305671e-22,0.0,2.7578356856164802e-05,8.149964816271043e-197,True,True
218.70000000000002,2.7268316445399355e-05,2.5029389562953178e-22,0.0,2.726831644539925e-05,6.051767874118316e-197,True,True
218.75,2.6961460308435907e-05,2.3960263416652143e-22,0.0,2.6961460308435877e-05,4.493301967235233e-197,True,True
218.8,2.6657759430564498e-05,2.2936322893997686e-22,0.0,2.6657759430564373e-05,3.3358442607278196e-197,True,True
218.85000000000002,2.6357185018575884e-05,2.1955679097971795e-22,0.0,2.635718501857583e-05,2.4762970720404664e-197,True,True
218.9,2.6059708499546845e-05,2.1016521201714232e-22,0.0,2.6059708499546723e-05,1.8380466860162185e-197,True,True
218.95000000000002,2.576530151962446e-05,2.0117113259560204e-22,0.0,2.5765301519624428e-05,1.3641657728312794e-197,True,True
219.0,2.5473935942816134e-05,1.9255791146759151e-22,0.0,2.547393594281599e-05,1.0123590649530519e-197,True,True
219.05,2.5185583849775953e-05,1.8430959622739744e-22,0.0,2.5185583849775947e-05,7.512056052033381e-198,True,True
219.10000000000002,2.4900217536598224e-05,1.7641089513005297e-22,0.0,2.490021753659813e-05,5.573652395844455e-198,True,True
219.15,2.4617809513607817e-05,1.6884715004923126e-22,0.0,2.461780951360779e-05,4.135021358624546e-198,True,True
219.20000000000002,2.4338332504155512e-05,1.6160431052860534e-22,0.0,2.4338332504155424e-05,3.0674143905897898e-198,True,True
219.25,2.40617594434139e-05,1.546689088831054e-22,0.0,2.4061759443413872e-05,2.2752229556813388e-198,True,True
219.3,2.3788063477175258e-05,1.4802803630800228e-22,0.0,2.378806347717515e-05,1.6874553396595536e-198,True,True
219.35000000000002,2.3517217960651483e-05,1.4166931995565716e-22,0.0,2.3517217960651476e-05,1.2514036889957423e-198,True,True
219.4,2.3249196457276835e-05,1.3558090094114488e-22,0.0,2.3249196457276747e-05,9.279389207074557e-199,True,True
219.45000000000002,2.2983972737510227e-05,1.2975141323961867e-22,0.0,2.298397273751018e-05,6.88015412722134e-199,True,True
219.5,2.2721520777643534e-05,1.2416996343974098e-22,0.0,2.2721520777643426e-05,5.100746736332676e-199,True,True
219.55,2.2461814758607885e-05,1.1882611131880866e-22,0.0,2.2461814758607858e-05,3.781169708331585e-199,True,True
219.60000000000002,2.2204829064786054e-05,1.1370985120675076e-22,0.0,2.220482906478597e-05,2.8026921445118477e-199,True,True
219.65,2.195053828282419e-05,1.0881159410723992e-22,0.0,2.1950538282824006e-05,2.077214947570653e-199,True,True
219.70000000000002,2.1698917200446742e-05,1.0412215054562418e-22,0.0,2.169891720044662e-05,1.5393745368754273e-199,True,True
219.75,2.1449940805275594e-05,9.963271411450842e-23,0.0,2.1449940805275475e-05,1.140680387616257e-199,True,True
219.8,2.120358428364818e-05,9.533484568885698e-23,0.0,2.1203584283648096e-05,8.451629826968031e-200,True,True
219.85000000000002,2.095982301944167e-05,9.122045828385739e-23,0.0,2.09598230194415e-05,6.261433555113999e-200,True,True
219.9,2.0718632592896913e-05,8.728180252958658e-23,0.0,2.0718632592896852e-05,4.6383541183275434e-200,True,True
219.95000000000002,2.047998877944665e-05,8.35114527376897e-23,0.0,2.047998877944652e-05,3.435665267277893e-200,True,True
220.0,2.0243867548545632e-05,7.99022935362977e-23,0.0,2.0243867548545554e-05,2.5445711762182103e-200,True,True
220.05,2.0010245062503706e-05,7.644750705020593e-23,0.0,2.0010245062503578e-05,1.8844090396018974e-200,True,True
220.10000000000002,1.977909767532142e-05,7.314056060442114e-23,0.0,1.9779097675321358e-05,1.3953802476529317e-200,True,True
220.15,1.9550401931529093e-05,6.997519492992223e-23,0.0,1.9550401931528984e-05,1.0331580876035682e-200,True,True
220.20000000000002,1.932413456502692e-05,6.69454128513968e-23,0.0,1.932413456502685e-05,7.648879251351892e-201,True,True
220.25,1.9100272497930884e-05,6.404546843750815e-23,0.0,1.910027249793076e-05,5.6622057555123915e-201,True,True
220.3,1.887879283941806e-05,6.126985659498219e-23,0.0,1.887879283941799e-05,4.191122023008698e-201,True,True
220.35000000000002,1.8659672884578503e-05,5.86133030886216e-23,0.0,1.865967288457838e-05,3.1019284811831802e-201,True,True
220.4,1.844289011326696e-05,5.607075496999264e-23,0.0,1.8442890113266904e-05,2.295567523945281e-201,True,True
220.45000000000002,1.8228422188959678e-05,5.363737139827129e-23,0.0,1.8228422188959576e-05,1.6986549939202603e-201,True,True
220.5,1.801624695761351e-05,5.1308514837381703e-23,0.0,1.801624695761346e-05,1.2568316393668283e-201,True,True
220.55,1.7806342446528168e-05,4.9079742614171e-23,0.0,1.780634244652807e-05,9.298349079018988e-202,True,True
220.60000000000002,1.7598686863211737e-05,4.694679882301538e-23,0.0,1.7598686863211686e-05,6.878462983098618e-202,True,True
220.65,1.739325859424986e-05,4.4905606562798437e-23,0.0,1.7393258594249764e-05,5.087843908649771e-202,True,True
220.70000000000002,1.7190036204176572e-05,4.295226049277904e-23,0.0,1.719003620417652e-05,3.762989185186263e-202,True,True
220.75,1.698899843435104e-05,4.108301969443831e-23,0.0,1.698899843435093e-05,2.7828447462621064e-202,True,True
220.8,1.67901242018345e-05,3.9294300826826733e-23,0.0,1.679012420183444e-05,2.0577935528767527e-202,True,True
220.85000000000002,1.65933925982737e-05,3.75826715635525e-23,0.0,1.659339259827361e-05,1.5214982008505265e-202,True,True
220.9,1.6398782888785116e-05,3.594484429991679e-23,0.0,1.6398782888785082e-05,1.1248585161437925e-202,True,True
220.95000000000002,1.620627451084394e-05,3.437767011922078e-23,0.0,1.6206274510843853e-05,8.315362272771599e-203,True,True
221.0,1.601584707317646e-05,3.287813300772263e-23,0.0,1.6015847073176425e-05,6.146406301229052e-203,True,True
221.05,1.5827480354655435e-05,3.144334430808394e-23,0.0,1.582748035465536e-05,4.542743050560826e-203,True,True
221.10000000000002,1.5641154303199343e-05,3.007053740162625e-23,0.0,1.5641154303199312e-05,3.3571588914944086e-203,True,True
221.15,1.545684903467548e-05,2.8757062610047336e-23,0.0,1.545684903467541e-05,2.4807467836893802e-203,True,True
221.20000000000002,1.5274544831805265e-05,2.750038230766295e-23,0.0,1.5274544831805248e-05,1.8329465211595315e-203,True,True
221.25,1.5094222143075607e-05,2.6298066235583772e-23,0.0,1.5094222143075537e-05,1.3541724299120953e-203,True,True
221.3,1.4915861581650864e-05,2.5147787009577516e-23,0.0,1.4915861581650834e-05,1.0003568671548962e-203,True,True
221.35000000000002,1.4739443924291575e-05,2.404731581371577e-23,0.0,1.473944392429152e-05,7.389120765147691e-204,True,True
221.4,1.45649501102744e-05,2.2994518272206282e-23,0.0,1.4564950110274396e-05,5.457420123264597e-204,True,True
221.45000000000002,1.4392361240317169e-05,2.198735049212897e-23,0.0,1.43923612403171e-05,4.030313487209252e-204,True,True
221.5,1.4221658575507218e-05,2.1023855270088104e-23,0.0,1.4221658575507202e-05,2.9760970161932373e-204,True,True
221.55,1.4052823536233753e-05,2.0102158456063798e-23,0.0,1.40528235362337e-05,2.1974153683237843e-204,True,True
221.60000000000002,1.3885837701123629e-05,1.922046546803617e-23,0.0,1.3885837701123614e-05,1.6223107548624578e-204,True,True
221.65,1.3720682805981715e-05,1.8377057951194983e-23,0.0,1.3720682805981653e-05,1.1976026645122265e-204,True,True
221.70000000000002,1.3557340742733688e-05,1.7570290575814733e-23,0.0,1.3557340742733675e-05,8.839918814265154e-205,True,True
221.75,1.3395793558374944e-05,1.6798587968107175e-23,0.0,1.3395793558374882e-05,6.524400554368921e-205,True,True
221.8,1.3236023453920702e-05,1.6060441768588988e-23,0.0,1.3236023453920675e-05,4.814927719774895e-205,True,True
221.85000000000002,1.3078012783362782e-05,1.5354407812739172e-23,0.0,1.3078012783362731e-05,3.5530043946626636e-205,True,True
221.9,1.2921744052628236e-05,1.467910342891408e-23,0.0,1.2921744052628131e-05,2.621552345770052e-205,True,True
221.95000000000002,1.27671999185426e-05,1.403320484870079e-23,0.0,1.2767199918542551e-05,1.9340965031283382e-205,True,True
222.0,1.2614363187798322e-05,1.3415444725095872e-23,0.0,1.2614363187798227e-05,1.4267719483823292e-205,True,True
222.05,1.246321681592472e-05,1.282460975405765e-23,0.0,1.2463216815924661e-05,1.052416870040918e-205,True,True
222.10000000000002,1.2313743906264885e-05,1.2259538395190739e-23,0.0,1.2313743906264784e-05,7.762075392731313e-206,True,True
222.15,1.216592770895418e-05,1.1719118687469652e-23,0.0,1.2165927708954144e-05,5.724330877460305e-206,True,True
222.20000000000002,1.2019751619904324e-05,1.1202286156090681e-23,0.0,1.2019751619904245e-05,4.221126988084701e-206,True,True
222.25,1.1875199179790949e-05,1.070802180669486e-23,0.0,1.1875199179790915e-05,3.112353534733836e-206,True,True
222.3,1.1732254073045489e-05,1.0235350203353238e-23,0.0,1.1732254073045425e-05,2.2945960672685598e-206,True,True
222.35000000000002,1.1590900126851057e-05,9.783337626863904e-24,0.0,1.1590900126851025e-05,1.691532643991865e-206,True,True
222.4,1.1451121310142915e-05,9.351090310038564e-24,0.0,1.145112131014284e-05,1.2468417571794344e-206,True,True
222.45000000000002,1.131290173261191e-05,8.937752746800506e-24,0.0,1.1312901732611878e-05,9.189652945389596e-207,True,True
222.5,1.1176225643714165e-05,8.542506072043929e-24,0.0,1.1176225643714103e-05,6.772417113716339e-207,True,True
222.55,1.1041077431682468e-05,8.16456650932377e-24,0.0,1.1041077431682446e-05,4.990511990136914e-207,True,True
222.60000000000002,1.0907441622544305e-05,7.803183883574636e-24,0.0,1.0907441622544244e-05,3.677082084118891e-207,True,True
222.65,1.077530287914219e-05,7.457640196161382e-24,0.0,1.0775302879142147e-05,2.7090583718612266e-207,True,True
222.70000000000002,1.0644646000159326e-05,7.127248259682507e-24,0.0,1.0644646000159266e-05,1.9956768406276e-207,True,True
222.75,1.0515455919149297e-05,6.811350390049388e-24,0.0,1.0515455919149266e-05,1.4700052597404391e-207,True,True
222.8,1.0387717703569819e-05,6.509317153463888e-24,0.0,1.0387717703569761e-05,1.082690625559569e-207,True,True
222.85000000000002,1.0261416553820954e-05,6.220546166021654e-24,0.0,1.0261416553820924e-05,7.973457447752247e-208,True,True
222.9,1.0136537802287881e-05,5.944460943750189e-24,0.0,1.0136537802287807e-05,5.871455880303028e-208,True,True
222.95000000000002,1.001306691238693e-05,5.680509800991793e-24,0.0,1.00130669123869e-05,4.323164283660456e-208,True,True
223.0,9.890989477617765e-06,5.4281647951220186e-24,0.0,9.8909894776177e-06,3.182837699880222e-208,True,True
223.05,9.770291220617685e-06,5.18692071567398e-24,0.0,9.770291220617657e-06,2.3430635300232446e-208,True,True
223.10000000000002,9.650957992222423e-06,4.9562941160253294e-24,0.0,9.65095799222236e-06,1.7246876422705543e-208,True,True
223.15,9.532975770529538e-06,4.7358223858739796e-24,0.0,9.53297577052951e-06,1.2693858576083162e-208,True,True
223.20000000000002,9.416330659967266e-06,4.52506286280456e-24,0.0,9.416330659967197e-06,9.34186691420058e-209,True,True
223.25,9.301008890367225e-06,4.323591981318498e-24,0.0,9.301008890367215e-06,6.874332161764504e-209,True,True
223.3,9.186996816041776e-06,4.131004457763452e-24,0.0,9.18699681604174e-06,5.058062212309554e-209,True,True
223.35000000000002,9.07428091486546e-06,3.946912509667816e-24,0.0,9.074280914865434e-06,3.721299605911382e-209,True,True
223.4,8.962847787361347e-06,3.770945108042493e-24,0.0,8.962847787361311e-06,2.737549140815441e-209,True,True
223.45000000000002,8.852684155790827e-06,3.60274726127418e-24,0.0,8.85268415579081e-06,2.0136594622914753e-209,True,True
223.5,8.743776863249222e-06,3.441979329292002e-24,0.0,8.743776863249175e-06,1.4810405425612386e-209,True,True
223.55,8.636112872764154e-06,3.288316366739703e-24,0.0,8.636112872764151e-06,1.0891926043896815e-209,True,True
223.60000000000002,8.529679266400053e-06,3.1414474939433345e-24,0.0,8.529679266400012e-06,8.009386233941035e-210,True,True
223.65,8.424463244365515e-06,3.001075294509556e-24,0.0,8.424463244365506e-06,5.889122751885288e-210,True,True
223.70000000000002,8.320452124126163e-06,2.8669152384408603e-24,0.0,8.320452124126115e-06,4.3297098449761795e-210,True,True
223.75,8.217633339521438e-06,2.738695129699409e-24,0.0,8.217633339521435e-06,3.182905876729098e-210,True,True
223.8,8.115994439886058e-06,2.616154577193804e-24,0.0,8.115994439886028e-06,2.3396215643137378e-210,True,True
223.85000000000002,8.015523089175684e-06,2.4990444882090417e-24,0.0,8.015523089175675e-06,1.719587390058774e-210,True,True
223.9,7.916207065097441e-06,2.3871265833357368e-24,0.0,7.91620706509741e-06,1.2637457394242262e-210,True,True
223.95000000000002,7.818034258244078e-06,2.2801729319983266e-24,0.0,7.818034258244069e-06,9.286498089402363e-211,True,True
224.0,7.720992671233857e-06,2.177965507717336e-24,0.0,7.720992671233828e-06,6.823403589176188e-211,True,True
224.05,7.625070417853322e-06,2.080295762275092e-24,0.0,7.6250704178533135e-06,5.013106858521025e-211,True,True
224.10000000000002,7.530255722206116e-06,1.9869642179926453e-24,0.0,7.5302557222060745e-06,3.6827283164460686e-211,True,True
224.15,7.436536917864981e-06,1.8977800773544627e-24,0.0,7.436536917864914e-06,2.7051367020705845e-211,True,True
224.20000000000002,7.3439024470287045e-06,1.8125608492520525e-24,0.0,7.3439024470286706e-06,1.986852233861419e-211,True,True
224.25,7.252340859684064e-06,1.7311319911469522e-24,0.0,7.2523408596840105e-06,1.4591459625249668e-211,True,True
224.3,7.161840812770933e-06,1.653326566481956e-24,0.0,7.161840812770894e-06,1.0714914826956246e-211,True,True
224.35000000000002,7.072391069353309e-06,1.5789849166989842e-24,0.0,7.072391069353251e-06,7.867477782635837e-212,True,True
224.4,6.983980497793637e-06,1.507954347247102e-24,0.0,6.983980497793618e-06,5.776159055943247e-212,True,True
224.45000000000002,6.896598070932266e-06,1.44008882699087e-24,0.0,6.896598070932209e-06,4.2403292422397123e-212,True,True
224.5,6.810232865271063e-06,1.3752487004537807e-24,0.0,6.810232865271043e-06,3.112553540220475e-212,True,True
224.55,6.72487406016161e-06,1.3133004123541653e-24,0.0,6.7248740601615725e-06,2.284498614301963e-212,True,True
224.60000000000002,6.640510936997755e-06,1.254116243915162e-24,0.0,6.640510936997735e-06,1.6765703594597105e-212,True,True
224.65,6.557132878412867e-06,1.1975740604503588e-24,0.0,6.557132878412824e-06,1.2302956412912838e-212,True,True
224.70000000000002,6.47472936748086e-06,1.1435570697486593e-24,0.0,6.474729367480841e-06,9.027219517992853e-213,True,True
224.75,6.393289986922839e-06,1.0919535908016447e-24,0.0,6.3932899869227926e-06,6.623008892393545e-213,True,True
224.8,6.312804418316718e-06,1.042656832434941e-24,0.0,6.312804418316694e-06,4.8586262185454465e-213,True,True
224.85000000000002,6.233262441312768e-06,9.955646814252803e-25,0.0,6.2332624413127226e-06,3.563924189168833e-213,True,True
224.9,6.154653932852376e-06,9.505794997000422e-25,0.0,6.154653932852358e-06,2.6139678497050563e-213,True,True
224.95000000000002,6.0769688663919754e-06,9.076079302350408e-25,0.0,6.0769688663919306e-06,1.917029706172048e-213,True,True
225.0,6.000197311131097e-06,8.665607112817544e-25,0.0,6.000197311131074e-06,1.4057699656049628e-213,True,True
225.05,5.924329431244949e-06,8.273524985695044e-25,0.0,5.924329431244911e-06,1.0307574787327936e-213,True,True
225.10000000000002,5.849355485121346e-06,7.899016951453463e-25,0.0,5.8493554851213235e-06,7.557106546673756e-214,True,True
225.15,5.775265824602253e-06,7.541302885260313e-25,0.0,5.775265824602221e-06,5.540021022019745e-214,True,True
225.20000000000002,5.702050894229203e-06,7.199636948519523e-25,0.0,5.702050894229182e-06,4.060916845716315e-214,True,True
225.25,5.6297012304939965e-06,6.87330609745152e-25,0.0,5.62970123049396e-06,2.9764157720138867e-214,True,True
225.3,5.558207461092751e-06,6.561628655859926e-25,0.0,5.558207461092729e-06,2.1813226771045606e-214,True,True
225.35000000000002,5.487560304185405e-06,6.263952949356056e-25,0.0,5.4875603041853645e-06,1.5984646932140385e-214,True,True
225.4,5.417750567658686e-06,5.979655998420716e-25,0.0,5.41775056765867e-06,1.1712321856191026e-214,True,True
225.45000000000002,5.348769148394047e-06,5.708142267797344e-25,0.0,5.348769148394008e-06,8.581036815445273e-215,True,True
225.5,5.280607031539724e-06,5.448842469816666e-25,0.0,5.280607031539714e-06,6.286274608205751e-215,True,True
225.55,5.213255289787231e-06,5.201212419349194e-25,0.0,5.213255289787193e-06,4.6047255311061985e-215,True,True
225.60000000000002,5.146705082652159e-06,4.964731938186145e-25,0.0,5.146705082652145e-06,3.3726476021846395e-215,True,True
225.65,5.080947655759549e-06,4.738903806735353e-25,0.0,5.080947655759521e-06,2.4699888835328094e-215,True,True
225.70000000000002,5.015974340132989e-06,4.523252761012488e-25,0.0,5.015974340132983e-06,1.808738773271235e-215,True,True
225.75,4.951776551489044e-06,4.317324532992376e-25,0.0,4.951776551489021e-06,1.3243827483190777e-215,True,True
225.8,4.888345789534868e-06,4.1206849324636055e-25,0.0,4.8883457895348575e-06,9.696343625347449e-216,True,True
225.85000000000002,4.825673637271206e-06,3.932918968615488e-25,0.0,4.825673637271179e-06,7.098380860085634e-216,True,True
225.9,4.763751760298846e-06,3.753630009651261e-25,0.0,4.763751760298841e-06,5.1959793170080234e-216,True,True
225.95000000000002,4.702571906129886e-06,3.5824389788028723e-25,0.0,4.702571906129868e-06,3.8030527247184435e-216,True,True
226.0,4.642125903503104e-06,3.4189835851876696e-25,0.0,4.642125903503099e-06,2.783262035664419e-216,True,True
226.05,4.582405661703611e-06,3.2629175880101056e-25,0.0,4.582405661703589e-06,2.036726254387722e-216,True,True
226.10000000000002,4.523403169886794e-06,3.1139100926826484e-25,0.0,4.523403169886785e-06,1.490280587072918e-216,True,True
226.15,4.465110496406642e-06,2.9716448774933514e-25,0.0,4.4651104964066205e-06,1.0903357282185502e-216,True,True
226.20000000000002,4.407519788147905e-06,2.8358197495085986e-25,0.0,4.4075197881478995e-06,7.976442870624892e-217,True,True
226.25,4.350623269863213e-06,2.706145928458125e-25,0.0,4.350623269863196e-06,5.8346537874664676e-217,True,True
226.3,4.294413243513535e-06,2.582347457396022e-25,0.0,4.29441324351353e-06,4.2675413724553014e-217,True,True
226.35000000000002,4.238882087613759e-06,2.4641606389893333e-25,0.0,4.2388820876137365e-06,3.1210246992148997e-217,True,True
226.4,4.1840222565817595e-06,2.351333496330371e-25,0.0,4.184022256581725e-06,2.282303980210458e-217,True,True
226.45000000000002,4.129826280091939e-06,2.243625257217471e-25,0.0,4.1298262800919195e-06,1.6688088194012012e-217,True,True
226.5,4.076286762433269e-06,2.140805860894408e-25,0.0,4.076286762433236e-06,1.2201030182831505e-217,True,True
226.55,4.023396381870734e-06,2.042655486279534e-25,0.0,4.023396381870715e-06,8.919555934062083e-218,True,True
226.60000000000002,3.971147890011864e-06,1.9489641007599271e-25,0.0,3.971147890011832e-06,6.519987778526872e-218,True,True
226.65,3.919534111176639e-06,1.8595310286622743e-25,0.0,3.9195341111766175e-06,4.765485436181462e-218,True,True
226.70000000000002,3.868547941771969e-06,1.774164538552376e-25,0.0,3.868547941771934e-06,3.4827662576075607e-218,True,True
226.75,3.818182349670184e-06,1.692681448550413e-25,0.0,3.818182349670169e-06,2.545061764028856e-218,True,True
226.8,3.768430373591621e-06,1.6149067488834075e-25,0.0,3.7684303735915968e-06,1.8596411218160662e-218,True,True
226.85000000000002,3.7192851224913195e-06,1.5406732409306155e-25,0.0,3.719285122491302e-06,1.3586787167883937e-218,True,True
226.9,3.6707397749499237e-06,1.469821192048517e-25,0.0,3.670739774949897e-06,9.925701727789776e-219,True,True
226.95000000000002,3.6227875785682887e-06,1.402198005492702e-25,0.0,3.6227875785682777e-06,7.250408644534544e-219,True,True
227.0,3.575421849366808e-06,1.3376579047842272e-25,0.0,3.575421849366782e-06,5.2956657526543736e-219,True,True
227.05,3.528635971187971e-06,1.2760616318934304e-25,0.0,3.528635971187958e-06,3.867545783568925e-219,True,True
227.10000000000002,3.4824233951037926e-06,1.2172761586446388e-25,0.0,3.4824233951037668e-06,2.824276274858416e-219,True,True
227.15,3.4367776388265765e-06,1.1611744107671914e-25,0.0,3.4367776388265668e-06,2.062223391184174e-219,True,True
227.20000000000002,3.391692286124114e-06,1.1076350040449429e-25,0.0,3.391692286124092e-06,1.505639694937759e-219,True,True
227.25,3.347160986238698e-06,1.0565419920400136e-25,0.0,3.347160986238688e-06,1.099165832879316e-219,True,True
227.3,3.3031774533101884e-06,1.0077846248873034e-25,0.0,3.303177453310167e-06,8.023469400387516e-220,True,True
227.35000000000002,3.2597354658030017e-06,9.612571186799636e-26,0.0,3.259735465802992e-06,5.85622828472862e-220,True,True
227.4,3.216828865937181e-06,9.168584349851793e-26,0.0,3.216828865937157e-06,4.2739615581611035e-220,True,True
227.45000000000002,3.174451559123073e-06,8.744920700500014e-26,0.0,3.1744515591230637e-06,3.118889885530679e-220,True,True
227.5,3.1325975134005124e-06,8.340658532761045e-26,0.0,3.1325975134004895e-06,2.2757591047910987e-220,True,True
227.55,3.0912607588811918e-06,7.954917545596545e-26,0.0,3.091260758881183e-06,1.660387107204159e-220,True,True
227.60000000000002,3.0504353871956902e-06,7.586857001109684e-26,0.0,3.0504353871956703e-06,1.2112930700266522e-220,True,True
227.65,3.010115550943734e-06,7.235673963840983e-26,0.0,3.0101155509437227e-06,8.835801064117413e-221,True,True
227.70000000000002,2.970295463148717e-06,6.900601617632811e-26,0.0,2.970295463148698e-06,6.444651575485812e-221,True,True
227.75,2.9309693967159723e-06,6.580907656680883e-26,0.0,2.930969396715964e-06,4.700128942401791e-221,True,True
227.8,2.8921316838948455e-06,6.275892747534009e-26,0.0,2.8921316838948243e-06,3.427495702366484e-221,True,True
227.85000000000002,2.8537767157446047e-06,5.984889058950076e-26,0.0,2.8537767157445966e-06,2.4991992505657734e-221,True,True
227.9,2.8158989416043088e-06,5.707258856642036e-26,0.0,2.815898941604293e-06,1.8221396628928846e-221,True,True
227.95000000000002,2.778492868566088e-06,5.442393160081172e-26,0.0,2.7784928685660773e-06,1.32837060846404e-221,True,True
228.0,2.74155306095278e-06,5.189710458646045e-26,0.0,2.74155306095276e-06,9.68308336015352e-222,True,True
228.05,2.7050741397986704e-06,4.948655484519871e-26,0.0,2.70507413979866e-06,7.057727725473772e-222,True,True
228.10000000000002,2.6690507823346453e-06,4.71869803985733e-26,0.0,2.669050782334626e-06,5.143668200263255e-222,True,True
228.15,2.6334777214765113e-06,4.4993318758423725e-26,0.0,2.6334777214765016e-06,3.748329911617304e-222,True,True
228.20000000000002,2.5983497453173702e-06,4.2900736213654377e-26,0.0,2.598349745317351e-06,2.731237632490316e-222,True,True
228.25,2.563661696623608e-06,4.0904617591490046e-26,0.0,2.563661696623599e-06,1.9899308433356882e-222,True,True
228.3,2.5294084723345324e-06,3.900055647237328e-26,0.0,2.5294084723345138e-06,1.449683833644248e-222,True,True
228.35000000000002,2.495585023065712e-06,3.718434583864864e-26,0.0,2.4955850230656983e-06,1.0560036632505008e-222,True,True
228.4,2.462186352616037e-06,3.545196913797565e-26,0.0,2.462186352616019e-06,7.691558902756372e-223,True,True
228.45000000000002,2.429207517478186e-06,3.379959174328008e-26,0.0,2.429207517478177e-06,5.601703688434509e-223,True,True
228.5,2.3966436263531163e-06,3.2223552791826583e-26,0.0,2.396643626353107e-06,4.079272437897181e-223,True,True
228.55,2.3644898396676454e-06,3.072035738674528e-26,0.0,2.364489839667645e-06,2.970312249813227e-223,True,True
228.60000000000002,2.332741369096184e-06,2.9286669145095085e-26,0.0,2.332741369096167e-06,2.162610554223845e-223,True,True
228.65,2.3013934770855605e-06,2.7919303077207696e-26,0.0,2.301393477085543e-06,1.5743864618090596e-223,True,True
228.70000000000002,2.270441476383622e-06,2.661521878274016e-26,0.0,2.2704414763836136e-06,1.1460437356535363e-223,True,True
228.75,2.239880729571504e-06,2.5371513949500844e-26,0.0,2.2398807295714874e-06,8.341571048964351e-224,True,True
228.8,2.209706648599059e-06,2.4185418141697309e-26,0.0,2.2097066485990507e-06,6.070875568084031e-224,True,True
228.85000000000002,2.1799146943242296e-06,2.305428686486967e-26,0.0,2.1799146943242135e-06,4.417856714912624e-224,True,True
228.9,2.1505003760555214e-06,2.197559589529672e-26,0.0,2.1505003760555134e-06,3.214613302856741e-224,True,True
228.95000000000002,2.1214592510982275e-06,2.094693586221579e-26,0.0,2.121459251098212e-06,2.3388515936849045e-224,True,True
229.0,2.0927869243039655e-06,1.9966007071702485e-26,0.0,2.0927869243039575e-06,1.701505707002846e-224,True,True
229.05,2.0644790476237206e-06,1.9030614561527813e-26,0.0,2.0644790476237053e-06,1.2377159034193824e-224,True,True
229.10000000000002,2.0365313196642637e-06,1.8138663376810978e-26,0.0,2.0365313196642556e-06,9.002545995874034e-225,True,True
229.15,2.0089394852480904e-06,1.728815405668466e-26,0.0,2.0089394852480755e-06,6.547364860947131e-225,True,True
229.20000000000002,1.9816993349765074e-06,1.647717832266031e-26,0.0,1.9816993349764997e-06,4.7612891220609775e-225,True,True
229.25,1.954806704796472e-06,1.5703914959768933e-26,0.0,1.9548067047964575e-06,3.462098195653009e-225,True,True
229.3,1.9282574755703368e-06,1.4966625881934884e-26,0.0,1.9282574755703296e-06,2.5171611818330337e-225,True,True
229.35000000000002,1.9020475726493909e-06,1.42636523734376e-26,0.0,1.9020475726493767e-06,1.8299511071250848e-225,True,True
229.4,1.8761729654503486e-06,1.359341149865061e-26,0.0,1.8761729654503416e-06,1.3302239523592467e-225,True,True
229.45000000000002,1.8506296670353753e-06,1.2954392672604652e-26,0.0,1.8506296670353618e-06,9.668672666496097e-226,True,True
229.5,1.8254137336953061e-06,1.2345154385242603e-26,0.0,1.8254137336952991e-06,7.026932274437987e-226,True,True
229.55,1.8005212645361738e-06,1.1764321072543798e-26,0.0,1.8005212645361606e-06,5.1064783483989126e-226,True,True
229.60000000000002,1.7759484010689533e-06,1.1210580128005421e-26,0.0,1.7759484010689467e-06,3.7105136912805056e-226,True,True
229.65,1.7516913268026573e-06,1.068267904824053e-26,0.0,1.7516913268026444e-06,2.695897640322639e-226,True,True
229.70000000000002,1.7277462668404107e-06,1.0179422706738775e-26,0.0,1.7277462668404012e-06,1.9585270554459485e-226,True,True
229.75,1.7041094874790777e-06,9.699670750092755e-27,0.0,1.7041094874790652e-06,1.4226975011014028e-226,True,True
229.8,1.6807772958117066e-06,9.242335111239896e-27,0.0,1.6807772958117002e-06,1.0333617418598656e-226,True,True
229.85000000000002,1.6577460393334877e-06,8.806377634518346e-27,0.0,1.6577460393334757e-06,7.504970770592202e-227,True,True
229.9,1.6350121055505822e-06,8.390807807555594e-27,0.0,1.6350121055505758e-06,5.450074617113958e-227,True,True
229.95000000000002,1.6125719215922676e-06,7.99468059523337e-27,0.0,1.612571921592256e-06,3.957425136335548e-227,True,True
230.0,1.5904219538261233e-06,7.617094371182129e-27,0.0,1.5904219538261171e-06,2.873292136021028e-227,True,True
