timestamp,date,month,weekend,시간,level,생산량,production_positive,기온,풍속,습도,강수량,profile_weight
2021-01-01 00:00:00,2021-01-01,1,0,0,61.25,0,0,-3.2,2.4,71,0.0,1.0
2021-01-01 01:00:00,2021-01-01,1,0,1,104.5,0,0,-4.5,1.5,77,0.0,1.0
2021-01-01 02:00:00,2021-01-01,1,0,2,103.75,0,0,-3.9,2.6,58,0.0,1.0
2021-01-01 03:00:00,2021-01-01,1,0,3,105.25,0,0,-4.1,2.6,56,0.0,1.0
2021-01-01 04:00:00,2021-01-01,1,0,4,106.75,0,0,-4.6,2.6,60,0.0,1.0
2021-01-01 05:00:00,2021-01-01,1,0,5,92.25,0,0,-5.5,2.1,66,0.0,1.0
2021-01-01 06:00:00,2021-01-01,1,0,6,106.5,0,0,-5.6,1.5,67,0.0,1.0
2021-01-01 07:00:00,2021-01-01,1,0,7,61.0,0,0,-6.8,0.6,73,0.0,1.0
2021-01-01 08:00:00,2021-01-01,1,0,8,24.0,0,0,-5.6,0.0,72,0.0,1.0
2021-01-01 09:00:00,2021-01-01,1,0,9,22.0,0,0,-3.3,1.2,62,0.0,1.0
2021-01-01 10:00:00,2021-01-01,1,0,10,22.0,0,0,-1.2,2.1,54,0.0,1.0
2021-01-01 11:00:00,2021-01-01,1,0,11,25.0,0,0,-0.1,3.5,50,0.0,1.0
2021-01-01 12:00:00,2021-01-01,1,0,12,22.25,0,0,1.5,2.8,45,0.0,1.0
2021-01-01 13:00:00,2021-01-01,1,0,13,22.25,0,0,2.6,3.5,44,0.0,1.0
2021-01-01 14:00:00,2021-01-01,1,0,14,22.5,0,0,2.6,3.3,43,0.0,1.0
2021-01-01 15:00:00,2021-01-01,1,0,15,24.75,0,0,3.5,3.0,42,0.0,1.0
2021-01-01 16:00:00,2021-01-01,1,0,16,22.75,0,0,3.0,3.1,43,0.0,1.0
2021-01-01 17:00:00,2021-01-01,1,0,17,22.25,0,0,2.2,1.6,50,0.0,1.0
2021-01-01 18:00:00,2021-01-01,1,0,18,24.75,0,0,1.1,1.2,55,0.0,1.0
2021-01-01 19:00:00,2021-01-01,1,0,19,22.0,0,0,1.3,1.1,55,0.0,1.0
2021-01-01 20:00:00,2021-01-01,1,0,20,22.0,0,0,1.2,1.8,57,0.0,1.0
2021-01-01 21:00:00,2021-01-01,1,0,21,23.5,0,0,0.9,1.6,59,0.0,1.0
2021-01-01 22:00:00,2021-01-01,1,0,22,23.0,0,0,-0.2,1.8,63,0.0,1.0
2021-01-01 23:00:00,2021-01-01,1,0,23,22.0,0,0,0.0,1.9,57,0.0,1.0
2021-01-02 00:00:00,2021-01-02,1,1,0,63.25,0,0,-0.7,1.1,60,0.0,0.14285714285714285
2021-01-02 01:00:00,2021-01-02,1,1,1,104.5,0,0,-1.7,1.0,64,0.0,0.14285714285714285
2021-01-02 02:00:00,2021-01-02,1,1,2,103.75,0,0,-2.5,1.7,66,0.0,0.14285714285714285
2021-01-02 03:00:00,2021-01-02,1,1,3,105.25,0,0,-2.4,0.8,72,0.0,0.14285714285714285
2021-01-02 04:00:00,2021-01-02,1,1,4,106.75,0,0,-1.4,1.8,74,0.0,0.14285714285714285
2021-01-02 05:00:00,2021-01-02,1,1,5,92.25,0,0,-1.1,1.5,74,0.0,0.14285714285714285
2021-01-02 06:00:00,2021-01-02,1,1,6,106.5,0,0,-0.7,2.1,68,0.0,0.14285714285714285
2021-01-02 07:00:00,2021-01-02,1,1,7,61.0,0,0,-2.1,0.2,74,0.0,0.14285714285714285
2021-01-02 08:00:00,2021-01-02,1,1,8,24.0,0,0,-1.9,1.4,65,0.0,0.14285714285714285
2021-01-02 09:00:00,2021-01-02,1,1,9,22.0,0,0,0.1,0.9,56,0.0,0.14285714285714285
2021-01-02 10:00:00,2021-01-02,1,1,10,22.0,0,0,1.0,1.4,58,0.0,0.14285714285714285
2021-01-02 11:00:00,2021-01-02,1,1,11,25.0,0,0,1.4,2.3,43,0.0,0.14285714285714285
2021-01-02 12:00:00,2021-01-02,1,1,12,22.25,0,0,2.6,3.1,39,0.0,0.14285714285714285
2021-01-02 13:00:00,2021-01-02,1,1,13,22.25,0,0,2.6,4.1,35,0.0,0.14285714285714285
2021-01-02 14:00:00,2021-01-02,1,1,14,22.5,0,0,2.6,4.4,31,0.0,0.14285714285714285
2021-01-02 15:00:00,2021-01-02,1,1,15,24.75,0,0,2.6,3.5,30,0.0,0.14285714285714285
2021-01-02 16:00:00,2021-01-02,1,1,16,22.75,0,0,2.4,3.7,27,0.0,0.14285714285714285
2021-01-02 17:00:00,2021-01-02,1,1,17,22.25,0,0,1.2,3.6,26,0.0,0.14285714285714285
2021-01-02 18:00:00,2021-01-02,1,1,18,24.75,0,0,0.3,3.0,28,0.0,0.14285714285714285
2021-01-02 19:00:00,2021-01-02,1,1,19,22.0,0,0,-0.6,3.2,30,0.0,0.14285714285714285
2021-01-02 20:00:00,2021-01-02,1,1,20,22.0,0,0,-0.9,3.3,30,0.0,0.14285714285714285
2021-01-02 21:00:00,2021-01-02,1,1,21,23.5,0,0,-1.2,2.8,31,0.0,0.14285714285714285
2021-01-02 22:00:00,2021-01-02,1,1,22,23.0,0,0,-1.7,3.1,33,0.0,0.14285714285714285
2021-01-02 23:00:00,2021-01-02,1,1,23,22.0,0,0,-2.1,2.9,35,0.0,0.14285714285714285
2021-01-03 00:00:00,2021-01-03,1,1,0,22.0,0,0,-2.1,2.8,34,0.0,0.5
2021-01-03 01:00:00,2021-01-03,1,1,1,24.75,0,0,-2.5,2.1,35,0.0,0.5
2021-01-03 02:00:00,2021-01-03,1,1,2,22.0,0,0,-2.5,2.9,34,0.0,0.5
2021-01-03 03:00:00,2021-01-03,1,1,3,22.0,0,0,-2.5,3.3,36,0.0,0.5
2021-01-03 04:00:00,2021-01-03,1,1,4,23.75,0,0,-2.2,3.3,35,0.0,0.5
2021-01-03 05:00:00,2021-01-03,1,1,5,22.0,0,0,-2.5,3.5,39,0.0,0.5
2021-01-03 06:00:00,2021-01-03,1,1,6,22.0,0,0,-2.3,3.6,39,0.0,0.5
2021-01-03 07:00:00,2021-01-03,1,1,7,23.75,0,0,-2.5,4.7,38,0.0,0.5
2021-01-03 08:00:00,2021-01-03,1,1,8,22.0,0,0,-2.3,4.2,32,0.0,0.5
2021-01-03 09:00:00,2021-01-03,1,1,9,22.5,0,0,-2.5,3.2,29,0.0,0.5
2021-01-03 10:00:00,2021-01-03,1,1,10,22.75,0,0,-1.3,4.3,27,0.0,0.5
2021-01-03 11:00:00,2021-01-03,1,1,11,23.75,0,0,0.0,3.5,25,0.0,0.5
2021-01-03 12:00:00,2021-01-03,1,1,12,22.0,0,0,1.1,3.8,23,0.0,0.5
2021-01-03 13:00:00,2021-01-03,1,1,13,22.0,0,0,2.5,3.8,22,0.0,0.5
2021-01-03 14:00:00,2021-01-03,1,1,14,24.25,0,0,2.5,3.6,24,0.0,0.5
2021-01-03 15:00:00,2021-01-03,1,1,15,22.0,0,0,2.3,3.1,27,0.0,0.5
2021-01-03 16:00:00,2021-01-03,1,1,16,22.75,0,0,1.7,2.5,29,0.0,0.5
2021-01-03 17:00:00,2021-01-03,1,1,17,22.75,0,0,1.2,1.9,31,0.0,0.5
2021-01-03 18:00:00,2021-01-03,1,1,18,23.25,0,0,0.9,1.8,33,0.0,0.5
2021-01-03 19:00:00,2021-01-03,1,1,19,22.0,0,0,0.9,1.8,34,0.0,0.5
2021-01-03 20:00:00,2021-01-03,1,1,20,22.0,0,0,0.6,1.7,37,0.0,0.5
2021-01-03 21:00:00,2021-01-03,1,1,21,25.0,0,0,0.4,2.3,37,0.0,0.5
2021-01-03 22:00:00,2021-01-03,1,1,22,22.75,0,0,0.0,1.8,38,0.0,0.5
2021-01-03 23:00:00,2021-01-03,1,1,23,22.5,0,0,-0.4,0.6,39,0.0,0.5
2021-01-04 00:00:00,2021-01-04,1,0,0,67.75,0,0,-0.1,1.7,39,0.0,0.25
2021-01-04 01:00:00,2021-01-04,1,0,1,108.0,0,0,-0.9,1.3,44,0.0,0.25
2021-01-04 02:00:00,2021-01-04,1,0,2,109.75,0,0,-0.4,1.4,42,0.0,0.25
2021-01-04 03:00:00,2021-01-04,1,0,3,106.5,0,0,-2.1,1.5,50,0.0,0.25
2021-01-04 04:00:00,2021-01-04,1,0,4,108.75,0,0,-1.9,1.8,50,0.0,0.25
2021-01-04 05:00:00,2021-01-04,1,0,5,90.25,0,0,-2.8,1.3,53,0.0,0.25
2021-01-04 06:00:00,2021-01-04,1,0,6,108.75,0,0,-4.2,0.7,60,0.0,0.25
2021-01-04 07:00:00,2021-01-04,1,0,7,128.25,0,0,-3.0,3.3,56,0.0,0.25
2021-01-04 08:00:00,2021-01-04,1,0,8,156.25,165,1,-2.7,4.1,53,0.0,0.25
2021-01-04 09:00:00,2021-01-04,1,0,9,160.25,313,1,-1.5,2.4,48,0.0,0.25
2021-01-04 10:00:00,2021-01-04,1,0,10,156.5,2757,1,0.4,2.4,39,0.0,0.25
2021-01-04 11:00:00,2021-01-04,1,0,11,148.75,983,1,2.1,2.5,31,0.0,0.25
2021-01-04 12:00:00,2021-01-04,1,0,12,89.25,96,1,4.0,3.3,30,0.0,0.25
2021-01-04 13:00:00,2021-01-04,1,0,13,155.25,791,1,5.4,3.1,32,0.0,0.25
2021-01-04 14:00:00,2021-01-04,1,0,14,152.0,2485,1,6.2,3.4,35,0.0,0.25
2021-01-04 15:00:00,2021-01-04,1,0,15,140.0,2313,1,6.3,3.2,35,0.0,0.25
2021-01-04 16:00:00,2021-01-04,1,0,16,141.5,1906,1,6.2,2.8,37,0.0,0.25
2021-01-04 17:00:00,2021-01-04,1,0,17,122.25,1725,1,4.6,1.8,38,0.0,0.25
2021-01-04 18:00:00,2021-01-04,1,0,18,139.25,0,0,3.1,1.5,42,0.0,0.25
2021-01-04 19:00:00,2021-01-04,1,0,19,112.75,0,0,2.1,1.0,45,0.0,0.25
2021-01-04 20:00:00,2021-01-04,1,0,20,100.75,46,1,1.6,1.0,47,0.0,0.25
2021-01-04 21:00:00,2021-01-04,1,0,21,108.25,40,1,0.5,0.8,53,0.0,0.25
2021-01-04 22:00:00,2021-01-04,1,0,22,106.75,0,0,0.9,0.4,52,0.0,0.25
2021-01-04 23:00:00,2021-01-04,1,0,23,97.0,52,1,0.2,0.8,56,0.0,0.25
2021-01-05 00:00:00,2021-01-05,1,0,0,24.0,0,0,0.1,0.5,58,0.0,0.06666666666666667
2021-01-05 01:00:00,2021-01-05,1,0,1,21.25,0,0,0.3,0.9,60,0.0,0.06666666666666667
2021-01-05 02:00:00,2021-01-05,1,0,2,21.25,0,0,0.2,0.4,60,0.0,0.06666666666666667
2021-01-05 03:00:00,2021-01-05,1,0,3,22.5,0,0,-0.1,0.7,63,0.0,0.06666666666666667
2021-01-05 04:00:00,2021-01-05,1,0,4,23.25,0,0,1.7,1.8,58,0.0,0.06666666666666667
2021-01-05 05:00:00,2021-01-05,1,0,5,21.25,0,0,1.5,1.0,61,0.0,0.06666666666666667
2021-01-05 06:00:00,2021-01-05,1,0,6,21.25,0,0,1.0,1.6,62,0.0,0.06666666666666667
2021-01-05 07:00:00,2021-01-05,1,0,7,23.75,0,0,-0.4,0.5,67,0.0,0.06666666666666667
2021-01-05 08:00:00,2021-01-05,1,0,8,21.0,0,0,0.6,2.1,67,0.0,0.06666666666666667
2021-01-05 09:00:00,2021-01-05,1,0,9,21.0,0,0,2.0,2.7,64,0.0,0.06666666666666667
2021-01-05 10:00:00,2021-01-05,1,0,10,22.5,0,0,4.1,2.0,64,0.0,0.06666666666666667
2021-01-05 11:00:00,2021-01-05,1,0,11,22.0,0,0,4.6,3.0,52,0.0,0.06666666666666667
2021-01-05 12:00:00,2021-01-05,1,0,12,21.0,0,0,5.7,3.4,31,0.0,0.06666666666666667
2021-01-05 13:00:00,2021-01-05,1,0,13,21.0,0,0,4.7,3.5,29,0.0,0.06666666666666667
2021-01-05 14:00:00,2021-01-05,1,0,14,22.75,0,0,3.4,3.8,28,0.0,0.06666666666666667
2021-01-05 15:00:00,2021-01-05,1,0,15,21.0,0,0,3.1,3.1,32,0.0,0.06666666666666667
2021-01-05 16:00:00,2021-01-05,1,0,16,21.0,0,0,2.1,2.8,33,0.0,0.06666666666666667
2021-01-05 17:00:00,2021-01-05,1,0,17,23.25,0,0,1.3,2.3,34,0.0,0.06666666666666667
2021-01-05 18:00:00,2021-01-05,1,0,18,21.0,0,0,0.6,2.4,33,0.0,0.06666666666666667
2021-01-05 19:00:00,2021-01-05,1,0,19,21.0,0,0,-0.3,1.5,29,0.0,0.06666666666666667
2021-01-05 20:00:00,2021-01-05,1,0,20,23.25,0,0,-0.7,1.9,27,0.0,0.06666666666666667
2021-01-05 21:00:00,2021-01-05,1,0,21,21.25,0,0,-1.8,1.7,30,0.0,0.06666666666666667
2021-01-05 22:00:00,2021-01-05,1,0,22,21.0,0,0,-2.3,2.7,29,0.0,0.06666666666666667
2021-01-05 23:00:00,2021-01-05,1,0,23,24.0,0,0,-3.7,1.6,34,0.0,0.06666666666666667
2021-01-06 00:00:00,2021-01-06,1,0,0,24.0,0,0,-4.5,2.5,37,0.0,0.06666666666666667
2021-01-06 01:00:00,2021-01-06,1,0,1,21.25,0,0,-4.9,4.4,39,0.0,0.06666666666666667
2021-01-06 02:00:00,2021-01-06,1,0,2,21.25,0,0,-5.5,4.8,43,0.0,0.06666666666666667
2021-01-06 03:00:00,2021-01-06,1,0,3,22.5,0,0,-5.9,3.9,43,0.0,0.06666666666666667
2021-01-06 04:00:00,2021-01-06,1,0,4,23.25,0,0,-6.5,3.3,42,0.0,0.06666666666666667
2021-01-06 05:00:00,2021-01-06,1,0,5,21.25,0,0,-6.8,3.3,43,0.0,0.06666666666666667
2021-01-06 06:00:00,2021-01-06,1,0,6,21.25,0,0,-7.1,3.7,50,0.0,0.06666666666666667
2021-01-06 07:00:00,2021-01-06,1,0,7,23.75,0,0,-7.5,1.7,52,0.0,0.06666666666666667
2021-01-06 08:00:00,2021-01-06,1,0,8,21.0,0,0,-6.6,4.6,46,0.0,0.06666666666666667
2021-01-06 09:00:00,2021-01-06,1,0,9,21.0,0,0,-6.4,4.2,50,0.0,0.06666666666666667
2021-01-06 10:00:00,2021-01-06,1,0,10,22.5,0,0,-4.7,3.5,45,0.0,0.06666666666666667
2021-01-06 11:00:00,2021-01-06,1,0,11,22.0,0,0,-2.5,4.6,36,0.0,0.06666666666666667
2021-01-06 12:00:00,2021-01-06,1,0,12,21.0,0,0,-0.9,5.0,35,0.0,0.06666666666666667
2021-01-06 13:00:00,2021-01-06,1,0,13,21.0,0,0,-0.4,4.8,35,0.0,0.06666666666666667
2021-01-06 14:00:00,2021-01-06,1,0,14,22.75,0,0,-0.1,4.2,34,0.0,0.06666666666666667
2021-01-06 15:00:00,2021-01-06,1,0,15,21.0,0,0,0.6,3.1,32,0.0,0.06666666666666667
2021-01-06 16:00:00,2021-01-06,1,0,16,21.0,0,0,0.7,1.6,32,0.0,0.06666666666666667
2021-01-06 17:00:00,2021-01-06,1,0,17,23.25,0,0,-0.1,1.3,34,0.0,0.06666666666666667
2021-01-06 18:00:00,2021-01-06,1,0,18,21.0,0,0,-1.5,1.9,38,0.0,0.06666666666666667
2021-01-06 19:00:00,2021-01-06,1,0,19,21.0,0,0,-2.0,1.8,39,0.0,0.06666666666666667
2021-01-06 20:00:00,2021-01-06,1,0,20,23.25,0,0,-1.9,0.8,40,0.0,0.06666666666666667
2021-01-06 21:00:00,2021-01-06,1,0,21,21.25,0,0,-2.5,1.2,42,0.0,0.06666666666666667
2021-01-06 22:00:00,2021-01-06,1,0,22,21.0,0,0,-3.3,1.0,48,0.0,0.06666666666666667
2021-01-06 23:00:00,2021-01-06,1,0,23,24.0,0,0,-1.8,2.5,50,0.0,0.06666666666666667
2021-01-07 00:00:00,2021-01-07,1,0,0,22.75,0,0,-2.2,0.9,53,0.0,0.5
2021-01-07 01:00:00,2021-01-07,1,0,1,23.0,34,1,-2.3,1.3,55,0.0,0.5
2021-01-07 02:00:00,2021-01-07,1,0,2,21.5,0,0,-1.2,3.2,55,0.0,0.5
2021-01-07 03:00:00,2021-01-07,1,0,3,22.25,56,1,-1.0,3.0,55,0.0,0.5
2021-01-07 04:00:00,2021-01-07,1,0,4,24.25,278,1,-1.4,4.0,43,0.0,0.5
2021-01-07 05:00:00,2021-01-07,1,0,5,22.0,0,0,-5.9,4.4,85,0.2,0.5
2021-01-07 06:00:00,2021-01-07,1,0,6,22.25,20,1,-6.0,4.9,55,0.2,0.5
2021-01-07 07:00:00,2021-01-07,1,0,7,56.25,2841,1,-6.8,4.5,53,0.2,0.5
2021-01-07 08:00:00,2021-01-07,1,0,8,171.0,538,1,-8.6,4.5,52,0.2,0.5
2021-01-07 09:00:00,2021-01-07,1,0,9,166.0,1384,1,-8.0,5.9,29,0.2,0.5
2021-01-07 10:00:00,2021-01-07,1,0,10,160.75,957,1,-7.7,6.4,24,0.2,0.5
2021-01-07 11:00:00,2021-01-07,1,0,11,168.25,1013,1,-7.4,5.9,23,0.2,0.5
2021-01-07 12:00:00,2021-01-07,1,0,12,115.0,797,1,-7.1,6.1,21,0.2,0.5
2021-01-07 13:00:00,2021-01-07,1,0,13,174.75,1293,1,-6.7,4.8,20,0.2,0.5
2021-01-07 14:00:00,2021-01-07,1,0,14,174.5,2314,1,-6.3,4.4,21,0.2,0.5
2021-01-07 15:00:00,2021-01-07,1,0,15,162.5,1043,1,-6.5,4.7,18,0.2,0.5
2021-01-07 16:00:00,2021-01-07,1,0,16,165.25,1546,1,-6.6,4.6,19,0.2,0.5
2021-01-07 17:00:00,2021-01-07,1,0,17,135.75,451,1,-7.6,3.0,21,0.2,0.5
2021-01-07 18:00:00,2021-01-07,1,0,18,152.25,380,1,-8.4,3.3,23,0.2,0.5
2021-01-07 19:00:00,2021-01-07,1,0,19,129.5,1652,1,-9.0,2.8,24,0.2,0.5
2021-01-07 20:00:00,2021-01-07,1,0,20,108.25,194,1,-9.6,3.0,23,0.2,0.5
2021-01-07 21:00:00,2021-01-07,1,0,21,111.0,0,0,-9.8,4.1,23,0.2,0.5
2021-01-07 22:00:00,2021-01-07,1,0,22,94.75,2,1,-10.4,4.0,25,0.2,0.5
2021-01-07 23:00:00,2021-01-07,1,0,23,98.25,12,1,-10.6,3.6,26,0.2,0.5
2021-01-08 00:00:00,2021-01-08,1,0,0,63.0,0,0,-10.8,3.7,28,0.2,0.25
2021-01-08 01:00:00,2021-01-08,1,0,1,99.0,0,0,-11.4,2.6,31,0.0,0.25
2021-01-08 02:00:00,2021-01-08,1,0,2,102.75,2,1,-12.0,1.5,34,0.0,0.25
2021-01-08 03:00:00,2021-01-08,1,0,3,99.5,148,1,-11.6,2.4,37,0.0,0.25
2021-01-08 04:00:00,2021-01-08,1,0,4,105.0,498,1,-11.1,3.2,39,0.0,0.25
2021-01-08 05:00:00,2021-01-08,1,0,5,87.25,33,1,-11.6,4.0,42,0.0,0.25
2021-01-08 06:00:00,2021-01-08,1,0,6,97.5,60,1,-11.7,4.4,44,0.0,0.25
2021-01-08 07:00:00,2021-01-08,1,0,7,93.25,1507,1,-11.6,4.3,44,0.0,0.25
2021-01-08 08:00:00,2021-01-08,1,0,8,154.0,777,1,-11.9,3.1,43,0.0,0.25
2021-01-08 09:00:00,2021-01-08,1,0,9,160.25,325,1,-10.2,4.5,34,0.0,0.25
2021-01-08 10:00:00,2021-01-08,1,0,10,142.0,2427,1,-9.1,5.4,30,0.0,0.25
2021-01-08 11:00:00,2021-01-08,1,0,11,164.25,695,1,-7.9,5.0,28,0.0,0.25
2021-01-08 12:00:00,2021-01-08,1,0,12,102.75,48,1,-6.5,2.8,28,0.0,0.25
2021-01-08 13:00:00,2021-01-08,1,0,13,164.75,4386,1,-5.6,3.4,28,0.0,0.25
2021-01-08 14:00:00,2021-01-08,1,0,14,165.75,1270,1,-5.4,4.2,30,0.0,0.25
2021-01-08 15:00:00,2021-01-08,1,0,15,161.25,3947,1,-5.0,4.3,30,0.0,0.25
2021-01-08 16:00:00,2021-01-08,1,0,16,158.0,613,1,-4.6,2.4,31,0.0,0.25
2021-01-08 17:00:00,2021-01-08,1,0,17,136.25,184,1,-5.8,2.5,34,0.0,0.25
2021-01-08 18:00:00,2021-01-08,1,0,18,153.75,754,1,-7.0,0.9,38,0.0,0.25
2021-01-08 19:00:00,2021-01-08,1,0,19,141.75,4008,1,-7.5,1.0,39,0.0,0.25
2021-01-08 20:00:00,2021-01-08,1,0,20,128.75,0,0,-7.4,3.8,31,0.0,0.25
2021-01-08 21:00:00,2021-01-08,1,0,21,121.25,28,1,-8.0,4.2,31,0.0,0.25
2021-01-08 22:00:00,2021-01-08,1,0,22,107.0,30,1,-8.8,2.6,36,0.0,0.25
2021-01-08 23:00:00,2021-01-08,1,0,23,101.25,43,1,-9.3,2.7,41,0.0,0.25
2021-01-09 00:00:00,2021-01-09,1,1,0,67.75,0,0,-9.4,3.1,42,0.0,1.0
2021-01-09 01:00:00,2021-01-09,1,1,1,98.75,32,1,-9.6,4.5,45,0.0,1.0
2021-01-09 02:00:00,2021-01-09,1,1,2,103.75,0,0,-9.7,4.1,46,0.0,1.0
2021-01-09 03:00:00,2021-01-09,1,1,3,105.25,23,1,-9.5,4.7,46,0.0,1.0
2021-01-09 04:00:00,2021-01-09,1,1,4,106.75,0,0,-10.2,4.1,49,0.0,1.0
2021-01-09 05:00:00,2021-01-09,1,1,5,92.25,0,0,-10.5,3.7,50,0.0,1.0
2021-01-09 06:00:00,2021-01-09,1,1,6,106.5,64,1,-10.0,3.6,47,0.0,1.0
2021-01-09 07:00:00,2021-01-09,1,1,7,61.0,548,1,-10.3,2.4,49,0.0,1.0
2021-01-09 08:00:00,2021-01-09,1,1,8,24.0,0,0,-9.7,4.3,47,0.0,1.0
2021-01-09 09:00:00,2021-01-09,1,1,9,22.0,0,0,-7.8,2.9,40,0.0,1.0
2021-01-09 10:00:00,2021-01-09,1,1,10,22.0,0,0,-6.5,3.0,32,0.0,1.0
2021-01-09 11:00:00,2021-01-09,1,1,11,25.0,0,0,-5.3,4.3,27,0.0,1.0
2021-01-09 12:00:00,2021-01-09,1,1,12,109.75,0,0,-4.1,4.2,25,0.0,1.0
2021-01-09 13:00:00,2021-01-09,1,1,13,169.25,0,0,-3.7,4.7,25,0.0,1.0
2021-01-09 14:00:00,2021-01-09,1,1,14,22.5,0,0,-3.0,4.5,25,0.0,1.0
2021-01-09 15:00:00,2021-01-09,1,1,15,24.75,0,0,-2.3,3.6,27,0.0,1.0
2021-01-09 16:00:00,2021-01-09,1,1,16,150.75,0,0,-2.2,2.9,29,0.0,1.0
2021-01-09 17:00:00,2021-01-09,1,1,17,129.25,0,0,-3.1,2.7,33,0.0,1.0
2021-01-09 18:00:00,2021-01-09,1,1,18,154.5,0,0,-4.1,2.9,39,0.0,1.0
2021-01-09 19:00:00,2021-01-09,1,1,19,131.5,0,0,-5.2,2.6,43,0.0,1.0
2021-01-09 20:00:00,2021-01-09,1,1,20,109.25,0,0,-5.8,3.8,37,0.0,1.0
2021-01-09 21:00:00,2021-01-09,1,1,21,105.0,0,0,-6.4,4.2,37,0.0,1.0
2021-01-09 22:00:00,2021-01-09,1,1,22,23.0,0,0,-6.7,4.6,40,0.0,1.0
2021-01-09 23:00:00,2021-01-09,1,1,23,94.5,0,0,-7.2,4.4,43,0.0,1.0
2021-01-10 00:00:00,2021-01-10,1,1,0,64.75,0,0,-7.3,2.4,45,0.0,1.0
2021-01-10 01:00:00,2021-01-10,1,1,1,102.5,0,0,-7.2,4.2,48,0.0,1.0
2021-01-10 02:00:00,2021-01-10,1,1,2,104.25,0,0,-7.4,2.8,50,0.0,1.0
2021-01-10 03:00:00,2021-01-10,1,1,3,99.25,0,0,-7.3,2.6,54,0.0,1.0
2021-01-10 04:00:00,2021-01-10,1,1,4,23.75,0,0,-8.1,2.3,57,0.0,1.0
2021-01-10 05:00:00,2021-01-10,1,1,5,22.0,0,0,-8.5,2.8,59,0.0,1.0
2021-01-10 06:00:00,2021-01-10,1,1,6,22.0,0,0,-8.2,3.3,57,0.0,1.0
2021-01-10 07:00:00,2021-01-10,1,1,7,23.75,0,0,-7.6,2.7,54,0.0,1.0
2021-01-10 08:00:00,2021-01-10,1,1,8,155.0,0,0,-7.1,2.7,54,0.0,1.0
2021-01-10 09:00:00,2021-01-10,1,1,9,22.5,0,0,-5.9,2.8,49,0.0,1.0
2021-01-10 10:00:00,2021-01-10,1,1,10,163.75,0,0,-3.4,2.0,42,0.0,1.0
2021-01-10 11:00:00,2021-01-10,1,1,11,160.75,0,0,-1.5,3.5,33,0.0,1.0
2021-01-10 12:00:00,2021-01-10,1,1,12,22.0,0,0,0.9,2.4,32,0.0,1.0
2021-01-10 13:00:00,2021-01-10,1,1,13,22.0,0,0,0.8,3.9,32,0.0,1.0
2021-01-10 14:00:00,2021-01-10,1,1,14,162.25,0,0,1.5,3.6,30,0.0,1.0
2021-01-10 15:00:00,2021-01-10,1,1,15,22.0,0,0,1.8,3.0,31,0.0,1.0
2021-01-10 16:00:00,2021-01-10,1,1,16,22.75,0,0,1.3,3.4,33,0.0,1.0
2021-01-10 17:00:00,2021-01-10,1,1,17,22.75,0,0,0.3,2.5,35,0.0,1.0
2021-01-10 18:00:00,2021-01-10,1,1,18,122.25,0,0,-0.5,1.9,37,0.0,1.0
2021-01-10 19:00:00,2021-01-10,1,1,19,22.0,0,0,-1.2,2.2,39,0.0,1.0
2021-01-10 20:00:00,2021-01-10,1,1,20,22.0,0,0,-2.1,2.3,42,0.0,1.0
2021-01-10 21:00:00,2021-01-10,1,1,21,129.0,0,0,-2.4,2.5,43,0.0,1.0
2021-01-10 22:00:00,2021-01-10,1,1,22,117.5,0,0,-3.3,1.9,46,0.0,1.0
2021-01-10 23:00:00,2021-01-10,1,1,23,104.75,0,0,-3.3,2.1,45,0.0,1.0
2021-01-11 00:00:00,2021-01-11,1,0,0,69.75,0,0,-4.3,1.5,50,0.0,0.25
2021-01-11 01:00:00,2021-01-11,1,0,1,107.0,0,0,-4.2,2.4,53,0.0,0.25
2021-01-11 02:00:00,2021-01-11,1,0,2,104.25,0,0,-4.2,2.7,55,0.0,0.25
2021-01-11 03:00:00,2021-01-11,1,0,3,101.0,0,0,-3.9,2.0,54,0.0,0.25
2021-01-11 04:00:00,2021-01-11,1,0,4,111.25,0,0,-4.0,2.4,57,0.0,0.25
2021-01-11 05:00:00,2021-01-11,1,0,5,89.75,0,0,-4.8,2.4,58,0.0,0.25
2021-01-11 06:00:00,2021-01-11,1,0,6,105.25,0,0,-4.6,2.5,58,0.0,0.25
2021-01-11 07:00:00,2021-01-11,1,0,7,133.0,0,0,-4.1,2.5,61,0.0,0.25
2021-01-11 08:00:00,2021-01-11,1,0,8,167.5,299,1,-3.8,2.7,62,0.0,0.25
2021-01-11 09:00:00,2021-01-11,1,0,9,168.0,710,1,-3.0,2.2,59,0.0,0.25
2021-01-11 10:00:00,2021-01-11,1,0,10,156.0,661,1,-1.3,1.7,54,0.0,0.25
2021-01-11 11:00:00,2021-01-11,1,0,11,167.75,864,1,0.4,1.4,48,0.0,0.25
2021-01-11 12:00:00,2021-01-11,1,0,12,104.0,368,1,1.7,1.3,46,0.0,0.25
2021-01-11 13:00:00,2021-01-11,1,0,13,153.5,626,1,1.7,1.2,46,0.0,0.25
2021-01-11 14:00:00,2021-01-11,1,0,14,158.5,2202,1,2.2,0.6,47,0.0,0.25
2021-01-11 15:00:00,2021-01-11,1,0,15,149.5,601,1,3.0,1.1,45,0.0,0.25
2021-01-11 16:00:00,2021-01-11,1,0,16,156.75,1308,1,2.8,1.5,46,0.0,0.25
2021-01-11 17:00:00,2021-01-11,1,0,17,135.75,683,1,2.8,1.5,50,0.0,0.25
2021-01-11 18:00:00,2021-01-11,1,0,18,144.75,985,1,1.9,2.5,55,0.0,0.25
2021-01-11 19:00:00,2021-01-11,1,0,19,136.0,1266,1,-0.2,3.0,54,0.0,0.25
2021-01-11 20:00:00,2021-01-11,1,0,20,120.75,608,1,-0.7,1.5,56,0.0,0.25
2021-01-11 21:00:00,2021-01-11,1,0,21,109.25,26,1,-1.2,0.0,58,0.0,0.25
2021-01-11 22:00:00,2021-01-11,1,0,22,104.0,48,1,-1.1,1.5,59,0.0,0.25
2021-01-11 23:00:00,2021-01-11,1,0,23,99.75,12,1,-1.3,2.0,56,0.0,0.25
2021-01-12 00:00:00,2021-01-12,1,0,0,24.0,0,0,-2.5,1.5,58,0.0,0.06666666666666667
2021-01-12 01:00:00,2021-01-12,1,0,1,21.25,0,0,-2.6,2.8,58,0.0,0.06666666666666667
2021-01-12 02:00:00,2021-01-12,1,0,2,21.25,0,0,-3.1,1.8,59,0.0,0.06666666666666667
2021-01-12 03:00:00,2021-01-12,1,0,3,22.5,0,0,-3.4,1.9,58,0.0,0.06666666666666667
2021-01-12 04:00:00,2021-01-12,1,0,4,23.25,0,0,-3.2,2.2,56,0.0,0.06666666666666667
2021-01-12 05:00:00,2021-01-12,1,0,5,21.25,0,0,-3.6,2.5,57,0.0,0.06666666666666667
2021-01-12 06:00:00,2021-01-12,1,0,6,21.25,0,0,-3.7,2.2,58,0.0,0.06666666666666667
2021-01-12 07:00:00,2021-01-12,1,0,7,23.75,0,0,-4.9,1.2,64,0.0,0.06666666666666667
2021-01-12 08:00:00,2021-01-12,1,0,8,21.0,0,0,-3.9,1.6,63,0.0,0.06666666666666667
2021-01-12 09:00:00,2021-01-12,1,0,9,21.0,0,0,-2.0,1.6,58,0.0,0.06666666666666667
2021-01-12 10:00:00,2021-01-12,1,0,10,22.5,0,0,-0.3,1.5,53,0.0,0.06666666666666667
2021-01-12 11:00:00,2021-01-12,1,0,11,22.0,0,0,1.2,2.1,48,0.0,0.06666666666666667
2021-01-12 12:00:00,2021-01-12,1,0,12,21.0,0,0,3.1,2.6,42,0.0,0.06666666666666667
2021-01-12 13:00:00,2021-01-12,1,0,13,21.0,0,0,4.0,2.0,38,0.0,0.06666666666666667
2021-01-12 14:00:00,2021-01-12,1,0,14,22.75,0,0,4.8,3.1,32,0.0,0.06666666666666667
2021-01-12 15:00:00,2021-01-12,1,0,15,21.0,0,0,5.1,2.2,33,0.0,0.06666666666666667
2021-01-12 16:00:00,2021-01-12,1,0,16,21.0,0,0,4.4,2.8,35,0.0,0.06666666666666667
2021-01-12 17:00:00,2021-01-12,1,0,17,23.25,0,0,3.2,1.9,38,0.0,0.06666666666666667
2021-01-12 18:00:00,2021-01-12,1,0,18,21.0,0,0,1.7,1.4,41,0.0,0.06666666666666667
2021-01-12 19:00:00,2021-01-12,1,0,19,21.0,0,0,1.2,1.7,45,0.0,0.06666666666666667
2021-01-12 20:00:00,2021-01-12,1,0,20,23.25,0,0,1.1,2.4,46,0.0,0.06666666666666667
2021-01-12 21:00:00,2021-01-12,1,0,21,21.25,0,0,0.7,2.0,47,0.0,0.06666666666666667
2021-01-12 22:00:00,2021-01-12,1,0,22,21.0,0,0,1.7,3.3,47,0.0,0.06666666666666667
2021-01-12 23:00:00,2021-01-12,1,0,23,24.0,0,0,1.6,3.2,49,0.0,0.06666666666666667
2021-01-13 00:00:00,2021-01-13,1,0,0,24.0,0,0,-0.4,0.5,56,0.0,0.06666666666666667
2021-01-13 01:00:00,2021-01-13,1,0,1,21.25,0,0,0.0,1.2,58,0.0,0.06666666666666667
2021-01-13 02:00:00,2021-01-13,1,0,2,21.25,0,0,-0.9,0.0,60,0.0,0.06666666666666667
2021-01-13 03:00:00,2021-01-13,1,0,3,22.5,0,0,-1.5,0.2,64,0.0,0.06666666666666667
2021-01-13 04:00:00,2021-01-13,1,0,4,23.25,0,0,-1.5,0.3,68,0.0,0.06666666666666667
2021-01-13 05:00:00,2021-01-13,1,0,5,21.25,0,0,-1.8,0.2,70,0.0,0.06666666666666667
2021-01-13 06:00:00,2021-01-13,1,0,6,21.25,0,0,0.5,1.8,64,0.0,0.06666666666666667
2021-01-13 07:00:00,2021-01-13,1,0,7,23.75,0,0,-2.8,0.9,77,0.0,0.06666666666666667
2021-01-13 08:00:00,2021-01-13,1,0,8,21.0,0,0,-0.1,1.6,67,0.0,0.06666666666666667
2021-01-13 09:00:00,2021-01-13,1,0,9,21.0,0,0,1.3,0.9,69,0.0,0.06666666666666667
2021-01-13 10:00:00,2021-01-13,1,0,10,22.5,0,0,4.6,0.3,52,0.0,0.06666666666666667
2021-01-13 11:00:00,2021-01-13,1,0,11,22.0,0,0,6.3,1.3,47,0.0,0.06666666666666667
2021-01-13 12:00:00,2021-01-13,1,0,12,21.0,0,0,9.8,3.6,41,0.0,0.06666666666666667
2021-01-13 13:00:00,2021-01-13,1,0,13,21.0,0,0,10.5,4.6,38,0.0,0.06666666666666667
2021-01-13 14:00:00,2021-01-13,1,0,14,22.75,0,0,10.8,5.2,32,0.0,0.06666666666666667
2021-01-13 15:00:00,2021-01-13,1,0,15,21.0,0,0,11.2,5.0,31,0.0,0.06666666666666667
2021-01-13 16:00:00,2021-01-13,1,0,16,21.0,0,0,11.1,4.0,34,0.0,0.06666666666666667
2021-01-13 17:00:00,2021-01-13,1,0,17,23.25,0,0,10.3,4.1,41,0.0,0.06666666666666667
2021-01-13 18:00:00,2021-01-13,1,0,18,21.0,0,0,9.4,3.6,45,0.0,0.06666666666666667
2021-01-13 19:00:00,2021-01-13,1,0,19,21.0,0,0,9.1,3.5,47,0.0,0.06666666666666667
2021-01-13 20:00:00,2021-01-13,1,0,20,23.25,0,0,8.8,3.2,50,0.0,0.06666666666666667
2021-01-13 21:00:00,2021-01-13,1,0,21,21.25,0,0,8.8,2.8,52,0.0,0.06666666666666667
2021-01-13 22:00:00,2021-01-13,1,0,22,21.0,0,0,8.3,1.6,56,0.0,0.06666666666666667
2021-01-13 23:00:00,2021-01-13,1,0,23,24.0,0,0,7.4,1.7,55,0.0,0.06666666666666667
2021-01-14 00:00:00,2021-01-14,1,0,0,22.0,0,0,7.6,2.7,57,0.0,0.3333333333333333
2021-01-14 01:00:00,2021-01-14,1,0,1,22.25,14,1,7.0,1.1,55,0.0,0.3333333333333333
2021-01-14 02:00:00,2021-01-14,1,0,2,24.25,8,1,7.1,1.9,55,0.0,0.3333333333333333
2021-01-14 03:00:00,2021-01-14,1,0,3,22.0,97,1,4.6,0.9,66,0.0,0.3333333333333333
2021-01-14 04:00:00,2021-01-14,1,0,4,22.75,16,1,4.7,1.5,69,0.0,0.3333333333333333
2021-01-14 05:00:00,2021-01-14,1,0,5,23.5,0,0,2.6,0.7,74,0.0,0.3333333333333333
2021-01-14 06:00:00,2021-01-14,1,0,6,22.75,62,1,3.1,1.5,76,0.0,0.3333333333333333
2021-01-14 07:00:00,2021-01-14,1,0,7,61.75,280,1,2.1,1.4,82,0.0,0.3333333333333333
2021-01-14 08:00:00,2021-01-14,1,0,8,182.5,844,1,0.3,0.1,79,0.0,0.3333333333333333
2021-01-14 09:00:00,2021-01-14,1,0,9,178.25,1104,1,5.9,2.7,63,0.0,0.3333333333333333
2021-01-14 10:00:00,2021-01-14,1,0,10,171.0,498,1,7.2,1.9,57,0.0,0.3333333333333333
2021-01-14 11:00:00,2021-01-14,1,0,11,181.25,1465,1,9.0,2.9,41,0.0,0.3333333333333333
2021-01-14 12:00:00,2021-01-14,1,0,12,118.75,6345,1,10.1,3.2,32,0.0,0.3333333333333333
2021-01-14 13:00:00,2021-01-14,1,0,13,185.5,898,1,12.7,1.4,16,0.0,0.3333333333333333
2021-01-14 14:00:00,2021-01-14,1,0,14,176.75,535,1,12.7,1.7,16,0.0,0.3333333333333333
2021-01-14 15:00:00,2021-01-14,1,0,15,177.75,550,1,12.3,2.1,28,0.0,0.3333333333333333
2021-01-14 16:00:00,2021-01-14,1,0,16,171.25,1064,1,11.2,2.8,32,0.0,0.3333333333333333
2021-01-14 17:00:00,2021-01-14,1,0,17,146.25,249,1,9.6,2.0,41,0.0,0.3333333333333333
2021-01-14 18:00:00,2021-01-14,1,0,18,172.75,1016,1,7.9,0.4,51,0.0,0.3333333333333333
2021-01-14 19:00:00,2021-01-14,1,0,19,150.25,2446,1,7.3,0.9,59,0.0,0.3333333333333333
2021-01-14 20:00:00,2021-01-14,1,0,20,119.25,9,1,7.0,0.3,65,0.0,0.3333333333333333
2021-01-14 21:00:00,2021-01-14,1,0,21,123.0,8,1,5.9,1.1,69,0.0,0.3333333333333333
2021-01-14 22:00:00,2021-01-14,1,0,22,111.5,53,1,4.9,0.8,75,0.0,0.3333333333333333
2021-01-14 23:00:00,2021-01-14,1,0,23,106.75,0,0,4.2,0.2,76,0.0,0.3333333333333333
2021-01-15 00:00:00,2021-01-15,1,0,0,76.0,0,0,4.6,1.3,74,0.0,0.25
2021-01-15 01:00:00,2021-01-15,1,0,1,110.25,91,1,3.7,0.3,80,0.0,0.25
2021-01-15 02:00:00,2021-01-15,1,0,2,117.25,70,1,5.0,1.7,72,0.0,0.25
2021-01-15 03:00:00,2021-01-15,1,0,3,115.75,0,0,5.2,2.0,77,0.0,0.25
2021-01-15 04:00:00,2021-01-15,1,0,4,109.75,98,1,4.1,0.1,78,0.0,0.25
2021-01-15 05:00:00,2021-01-15,1,0,5,97.25,0,0,3.6,0.3,85,0.0,0.25
2021-01-15 06:00:00,2021-01-15,1,0,6,118.25,54,1,5.2,0.4,85,0.0,0.25
2021-01-15 07:00:00,2021-01-15,1,0,7,132.25,457,1,3.4,0.2,91,0.0,0.25
2021-01-15 08:00:00,2021-01-15,1,0,8,187.75,560,1,3.4,0.3,93,0.0,0.25
2021-01-15 09:00:00,2021-01-15,1,0,9,185.75,624,1,5.9,0.3,83,0.0,0.25
2021-01-15 10:00:00,2021-01-15,1,0,10,164.25,1090,1,11.7,3.1,70,0.0,0.25
2021-01-15 11:00:00,2021-01-15,1,0,11,173.25,908,1,14.6,5.2,61,0.0,0.25
2021-01-15 12:00:00,2021-01-15,1,0,12,111.75,1763,1,14.5,4.1,60,0.0,0.25
2021-01-15 13:00:00,2021-01-15,1,0,13,171.25,946,1,15.9,4.9,54,0.0,0.25
2021-01-15 14:00:00,2021-01-15,1,0,14,177.0,2022,1,15.3,3.4,54,0.0,0.25
2021-01-15 15:00:00,2021-01-15,1,0,15,163.0,614,1,16.0,3.2,50,0.0,0.25
2021-01-15 16:00:00,2021-01-15,1,0,16,169.75,1324,1,16.0,4.7,46,0.0,0.25
2021-01-15 17:00:00,2021-01-15,1,0,17,133.5,95,1,15.3,4.8,49,0.0,0.25
2021-01-15 18:00:00,2021-01-15,1,0,18,161.25,1019,1,14.0,3.3,54,0.0,0.25
2021-01-15 19:00:00,2021-01-15,1,0,19,155.5,2553,1,13.4,3.9,61,0.0,0.25
2021-01-15 20:00:00,2021-01-15,1,0,20,127.75,3,1,13.2,4.0,64,0.0,0.25
2021-01-15 21:00:00,2021-01-15,1,0,21,127.0,31,1,12.6,2.2,66,0.0,0.25
2021-01-15 22:00:00,2021-01-15,1,0,22,114.5,17,1,12.5,1.6,67,0.0,0.25
2021-01-15 23:00:00,2021-01-15,1,0,23,107.75,6,1,12.4,0.4,67,0.0,0.25
2021-01-16 00:00:00,2021-01-16,1,1,0,63.25,0,0,13.2,2.4,63,0.0,1.0
2021-01-16 01:00:00,2021-01-16,1,1,1,104.5,0,0,10.5,3.7,67,0.0,1.0
2021-01-16 02:00:00,2021-01-16,1,1,2,103.75,118,1,8.3,0.8,69,0.0,1.0
2021-01-16 03:00:00,2021-01-16,1,1,3,111.5,0,0,7.4,3.5,64,0.0,1.0
2021-01-16 04:00:00,2021-01-16,1,1,4,106.75,60,1,6.7,3.3,51,0.0,1.0
2021-01-16 05:00:00,2021-01-16,1,1,5,92.25,35,1,5.5,2.6,43,0.0,1.0
2021-01-16 06:00:00,2021-01-16,1,1,6,114.75,62,1,4.2,3.1,45,0.0,1.0
2021-01-16 07:00:00,2021-01-16,1,1,7,61.0,424,1,3.0,2.4,52,0.0,1.0
2021-01-16 08:00:00,2021-01-16,1,1,8,177.0,0,0,2.3,2.9,58,0.0,1.0
2021-01-16 09:00:00,2021-01-16,1,1,9,22.0,0,0,2.5,3.1,61,0.0,1.0
2021-01-16 10:00:00,2021-01-16,1,1,10,22.0,0,0,3.4,3.6,56,0.0,1.0
2021-01-16 11:00:00,2021-01-16,1,1,11,25.0,0,0,4.8,3.0,47,0.0,1.0
2021-01-16 12:00:00,2021-01-16,1,1,12,22.25,0,0,5.2,2.9,44,0.0,1.0
2021-01-16 13:00:00,2021-01-16,1,1,13,22.25,0,0,6.3,3.2,28,0.0,1.0
2021-01-16 14:00:00,2021-01-16,1,1,14,170.5,0,0,6.3,3.9,28,0.0,1.0
2021-01-16 15:00:00,2021-01-16,1,1,15,163.0,0,0,6.6,3.7,24,0.0,1.0
2021-01-16 16:00:00,2021-01-16,1,1,16,22.75,0,0,6.0,3.7,20,0.0,1.0
2021-01-16 17:00:00,2021-01-16,1,1,17,22.25,0,0,4.8,2.9,23,0.0,1.0
2021-01-16 18:00:00,2021-01-16,1,1,18,167.75,0,0,2.4,2.8,32,0.0,1.0
2021-01-16 19:00:00,2021-01-16,1,1,19,139.0,0,0,1.7,2.6,28,0.0,1.0
2021-01-16 20:00:00,2021-01-16,1,1,20,22.0,0,0,1.0,4.6,29,0.0,1.0
2021-01-16 21:00:00,2021-01-16,1,1,21,23.5,0,0,0.2,2.6,33,0.0,1.0
2021-01-16 22:00:00,2021-01-16,1,1,22,23.0,0,0,-0.4,1.8,35,0.0,1.0
2021-01-16 23:00:00,2021-01-16,1,1,23,105.5,0,0,-0.6,4.3,37,0.0,1.0
2021-01-17 00:00:00,2021-01-17,1,1,0,71.75,0,0,-0.9,4.4,34,0.0,0.25
2021-01-17 01:00:00,2021-01-17,1,1,1,106.5,0,0,-1.1,4.6,31,0.0,0.25
2021-01-17 02:00:00,2021-01-17,1,1,2,112.25,0,0,-2.0,6.6,39,0.0,0.25
2021-01-17 03:00:00,2021-01-17,1,1,3,116.25,0,0,-2.3,6.0,38,0.0,0.25
2021-01-17 04:00:00,2021-01-17,1,1,4,112.5,0,0,-2.7,7.0,40,0.0,0.25
2021-01-17 05:00:00,2021-01-17,1,1,5,97.25,0,0,-3.1,6.8,43,0.0,0.25
2021-01-17 06:00:00,2021-01-17,1,1,6,120.5,0,0,-3.2,7.3,37,0.0,0.25
2021-01-17 07:00:00,2021-01-17,1,1,7,141.0,0,0,-3.5,7.6,32,0.0,0.25
2021-01-17 08:00:00,2021-01-17,1,1,8,190.25,0,0,-4.1,5.1,29,0.0,0.25
2021-01-17 09:00:00,2021-01-17,1,1,9,180.0,0,0,-3.7,5.0,31,0.0,0.25
2021-01-17 10:00:00,2021-01-17,1,1,10,166.0,0,0,-2.7,4.8,28,0.0,0.25
2021-01-17 11:00:00,2021-01-17,1,1,11,183.0,0,0,-1.0,4.2,24,0.0,0.25
2021-01-17 12:00:00,2021-01-17,1,1,12,103.0,0,0,0.1,4.8,21,0.0,0.25
2021-01-17 13:00:00,2021-01-17,1,1,13,182.75,0,0,0.5,5.0,19,0.0,0.25
2021-01-17 14:00:00,2021-01-17,1,1,14,178.75,0,0,0.8,4.2,17,0.0,0.25
2021-01-17 15:00:00,2021-01-17,1,1,15,169.75,0,0,1.1,3.0,18,0.0,0.25
2021-01-17 16:00:00,2021-01-17,1,1,16,168.5,24,1,1.3,2.5,19,0.0,0.25
2021-01-17 17:00:00,2021-01-17,1,1,17,138.0,0,0,0.2,3.0,21,0.0,0.25
2021-01-17 18:00:00,2021-01-17,1,1,18,170.25,0,0,-0.7,1.8,26,0.0,0.25
2021-01-17 19:00:00,2021-01-17,1,1,19,159.0,0,0,-1.4,1.7,29,0.0,0.25
2021-01-17 20:00:00,2021-01-17,1,1,20,138.5,0,0,-2.1,1.7,31,0.0,0.25
2021-01-17 21:00:00,2021-01-17,1,1,21,126.75,0,0,-1.9,1.8,31,0.0,0.25
2021-01-17 22:00:00,2021-01-17,1,1,22,125.0,0,0,-2.0,2.7,30,0.0,0.25
2021-01-17 23:00:00,2021-01-17,1,1,23,111.0,0,0,-2.3,3.4,32,0.0,0.25
2021-01-18 00:00:00,2021-01-18,1,0,0,80.0,0,0,-3.2,1.3,37,0.0,0.25
2021-01-18 01:00:00,2021-01-18,1,0,1,111.75,0,0,-2.5,1.7,43,0.0,0.25
2021-01-18 02:00:00,2021-01-18,1,0,2,115.0,0,0,-2.4,1.4,51,0.0,0.25
2021-01-18 03:00:00,2021-01-18,1,0,3,114.0,0,0,-2.9,1.4,50,0.0,0.25
2021-01-18 04:00:00,2021-01-18,1,0,4,111.5,0,0,-2.9,2.2,54,0.0,0.25
2021-01-18 05:00:00,2021-01-18,1,0,5,101.5,0,0,-1.5,3.1,52,0.0,0.25
2021-01-18 06:00:00,2021-01-18,1,0,6,120.5,0,0,-2.5,1.0,56,0.0,0.25
2021-01-18 07:00:00,2021-01-18,1,0,7,133.0,0,0,-2.2,3.1,58,0.0,0.25
2021-01-18 08:00:00,2021-01-18,1,0,8,161.5,592,1,-3.7,0.8,64,0.0,0.25
2021-01-18 09:00:00,2021-01-18,1,0,9,170.5,622,1,-1.0,0.4,57,0.0,0.25
2021-01-18 10:00:00,2021-01-18,1,0,10,164.75,3127,1,1.5,1.0,53,0.0,0.25
2021-01-18 11:00:00,2021-01-18,1,0,11,177.25,1300,1,3.2,2.1,57,0.0,0.25
2021-01-18 12:00:00,2021-01-18,1,0,12,101.5,60,1,4.3,3.7,56,0.0,0.25
2021-01-18 13:00:00,2021-01-18,1,0,13,174.25,902,1,4.4,3.5,57,0.0,0.25
2021-01-18 14:00:00,2021-01-18,1,0,14,163.5,854,1,4.4,4.7,52,0.0,0.25
2021-01-18 15:00:00,2021-01-18,1,0,15,155.5,1424,1,5.5,3.6,43,0.0,0.25
2021-01-18 16:00:00,2021-01-18,1,0,16,161.75,1378,1,4.6,3.7,43,0.0,0.25
2021-01-18 17:00:00,2021-01-18,1,0,17,147.5,816,1,4.6,3.7,44,0.0,0.25
2021-01-18 18:00:00,2021-01-18,1,0,18,150.25,1268,1,3.5,3.2,53,0.0,0.25
2021-01-18 19:00:00,2021-01-18,1,0,19,137.5,2095,1,3.3,1.6,51,0.0,0.25
2021-01-18 20:00:00,2021-01-18,1,0,20,117.25,158,1,2.7,4.3,52,0.0,0.25
2021-01-18 21:00:00,2021-01-18,1,0,21,113.5,163,1,1.1,3.0,51,0.0,0.25
2021-01-18 22:00:00,2021-01-18,1,0,22,114.0,62,1,-0.1,2.5,45,0.0,0.25
2021-01-18 23:00:00,2021-01-18,1,0,23,106.25,324,1,-0.9,2.5,40,0.0,0.25
2021-01-19 00:00:00,2021-01-19,1,0,0,24.0,0,0,-2.3,3.0,41,0.0,0.06666666666666667
2021-01-19 01:00:00,2021-01-19,1,0,1,21.25,0,0,-3.0,3.4,35,0.0,0.06666666666666667
2021-01-19 02:00:00,2021-01-19,1,0,2,21.25,0,0,-3.6,1.9,38,0.0,0.06666666666666667
2021-01-19 03:00:00,2021-01-19,1,0,3,22.5,0,0,-4.2,2.2,39,0.0,0.06666666666666667
2021-01-19 04:00:00,2021-01-19,1,0,4,23.25,0,0,-4.6,3.1,44,0.0,0.06666666666666667
2021-01-19 05:00:00,2021-01-19,1,0,5,21.25,0,0,-5.3,2.3,48,0.0,0.06666666666666667
2021-01-19 06:00:00,2021-01-19,1,0,6,21.25,0,0,-5.7,2.2,52,0.0,0.06666666666666667
2021-01-19 07:00:00,2021-01-19,1,0,7,23.75,0,0,-6.0,2.1,53,0.0,0.06666666666666667
2021-01-19 08:00:00,2021-01-19,1,0,8,21.0,0,0,-5.9,1.7,55,0.0,0.06666666666666667
2021-01-19 09:00:00,2021-01-19,1,0,9,21.0,0,0,-4.7,3.1,51,0.0,0.06666666666666667
2021-01-19 10:00:00,2021-01-19,1,0,10,22.5,0,0,-3.1,2.1,43,0.0,0.06666666666666667
2021-01-19 11:00:00,2021-01-19,1,0,11,22.0,0,0,-1.3,3.0,30,0.0,0.06666666666666667
2021-01-19 12:00:00,2021-01-19,1,0,12,21.0,0,0,0.2,2.2,25,0.0,0.06666666666666667
2021-01-19 13:00:00,2021-01-19,1,0,13,21.0,0,0,2.0,2.5,19,0.0,0.06666666666666667
2021-01-19 14:00:00,2021-01-19,1,0,14,22.75,0,0,2.9,2.3,13,0.0,0.06666666666666667
2021-01-19 15:00:00,2021-01-19,1,0,15,21.0,0,0,2.8,1.9,8,0.0,0.06666666666666667
2021-01-19 16:00:00,2021-01-19,1,0,16,21.0,0,0,3.2,1.7,23,0.0,0.06666666666666667
2021-01-19 17:00:00,2021-01-19,1,0,17,23.25,0,0,1.9,3.0,39,0.0,0.06666666666666667
2021-01-19 18:00:00,2021-01-19,1,0,18,21.0,0,0,0.7,0.8,44,0.0,0.06666666666666667
2021-01-19 19:00:00,2021-01-19,1,0,19,21.0,0,0,0.3,1.3,43,0.0,0.06666666666666667
2021-01-19 20:00:00,2021-01-19,1,0,20,23.25,0,0,-0.3,1.9,44,0.0,0.06666666666666667
2021-01-19 21:00:00,2021-01-19,1,0,21,21.25,0,0,-1.9,0.3,44,0.0,0.06666666666666667
2021-01-19 22:00:00,2021-01-19,1,0,22,21.0,0,0,-1.3,1.1,38,0.0,0.06666666666666667
2021-01-19 23:00:00,2021-01-19,1,0,23,24.0,0,0,-2.1,1.7,37,0.0,0.06666666666666667
2021-01-20 00:00:00,2021-01-20,1,0,0,24.0,0,0,-2.4,1.5,35,0.0,0.06666666666666667
2021-01-20 01:00:00,2021-01-20,1,0,1,21.25,0,0,-2.2,1.3,35,0.0,0.06666666666666667
2021-01-20 02:00:00,2021-01-20,1,0,2,21.25,0,0,-2.3,1.3,36,0.0,0.06666666666666667
2021-01-20 03:00:00,2021-01-20,1,0,3,22.5,0,0,-2.6,1.0,38,0.0,0.06666666666666667
2021-01-20 04:00:00,2021-01-20,1,0,4,23.25,0,0,-2.4,1.2,39,0.0,0.06666666666666667
2021-01-20 05:00:00,2021-01-20,1,0,5,21.25,0,0,-3.2,0.9,46,0.0,0.06666666666666667
2021-01-20 06:00:00,2021-01-20,1,0,6,21.25,0,0,-2.6,1.7,41,0.0,0.06666666666666667
2021-01-20 07:00:00,2021-01-20,1,0,7,23.75,0,0,-2.9,0.9,39,0.0,0.06666666666666667
2021-01-20 08:00:00,2021-01-20,1,0,8,21.0,0,0,-2.7,0.4,38,0.0,0.06666666666666667
2021-01-20 09:00:00,2021-01-20,1,0,9,21.0,0,0,0.8,1.1,30,0.0,0.06666666666666667
2021-01-20 10:00:00,2021-01-20,1,0,10,22.5,0,0,3.8,1.3,28,0.0,0.06666666666666667
2021-01-20 11:00:00,2021-01-20,1,0,11,22.0,0,0,6.1,0.9,25,0.0,0.06666666666666667
2021-01-20 12:00:00,2021-01-20,1,0,12,21.0,0,0,7.8,1.8,37,0.0,0.06666666666666667
2021-01-20 13:00:00,2021-01-20,1,0,13,21.0,0,0,8.7,1.7,46,0.0,0.06666666666666667
2021-01-20 14:00:00,2021-01-20,1,0,14,22.75,0,0,9.1,2.2,52,0.0,0.06666666666666667
2021-01-20 15:00:00,2021-01-20,1,0,15,21.0,0,0,9.9,2.4,52,0.0,0.06666666666666667
2021-01-20 16:00:00,2021-01-20,1,0,16,21.0,0,0,9.1,2.8,57,0.0,0.06666666666666667
2021-01-20 17:00:00,2021-01-20,1,0,17,23.25,0,0,8.2,2.4,65,0.0,0.06666666666666667
2021-01-20 18:00:00,2021-01-20,1,0,18,21.0,0,0,6.9,1.7,69,0.0,0.06666666666666667
2021-01-20 19:00:00,2021-01-20,1,0,19,21.0,0,0,6.5,1.6,73,0.0,0.06666666666666667
2021-01-20 20:00:00,2021-01-20,1,0,20,23.25,0,0,5.8,1.2,77,0.0,0.06666666666666667
2021-01-20 21:00:00,2021-01-20,1,0,21,21.25,0,0,6.0,1.1,78,0.0,0.06666666666666667
2021-01-20 22:00:00,2021-01-20,1,0,22,21.0,0,0,5.0,1.5,76,0.0,0.06666666666666667
2021-01-20 23:00:00,2021-01-20,1,0,23,24.0,0,0,2.5,0.7,89,0.0,0.06666666666666667
2021-01-21 00:00:00,2021-01-21,1,0,0,23.25,522,1,2.4,1.5,87,0.0,0.5
2021-01-21 01:00:00,2021-01-21,1,0,1,23.75,227,1,1.8,0.1,91,0.0,0.5
2021-01-21 02:00:00,2021-01-21,1,0,2,22.25,54,1,2.0,0.9,84,0.0,0.5
2021-01-21 03:00:00,2021-01-21,1,0,3,22.5,99,1,1.3,0.8,85,0.0,0.5
2021-01-21 04:00:00,2021-01-21,1,0,4,24.5,708,1,0.3,0.3,93,0.0,0.5
2021-01-21 05:00:00,2021-01-21,1,0,5,22.25,57,1,0.2,0.9,98,0.0,0.5
2021-01-21 06:00:00,2021-01-21,1,0,6,22.25,332,1,0.1,0.3,97,0.0,0.5
2021-01-21 07:00:00,2021-01-21,1,0,7,57.5,1617,1,-0.5,0.7,93,0.0,0.5
2021-01-21 08:00:00,2021-01-21,1,0,8,189.5,489,1,0.4,0.7,98,0.0,0.5
2021-01-21 09:00:00,2021-01-21,1,0,9,189.25,447,1,4.2,0.2,80,0.0,0.5
2021-01-21 10:00:00,2021-01-21,1,0,10,185.0,1884,1,6.3,0.8,67,0.0,0.5
2021-01-21 11:00:00,2021-01-21,1,0,11,181.0,1164,1,9.6,1.4,60,0.0,0.5
2021-01-21 12:00:00,2021-01-21,1,0,12,114.5,85,1,12.4,1.5,53,0.0,0.5
2021-01-21 13:00:00,2021-01-21,1,0,13,189.5,1692,1,13.0,1.9,47,0.0,0.5
2021-01-21 14:00:00,2021-01-21,1,0,14,189.25,796,1,12.2,3.0,58,0.0,0.5
2021-01-21 15:00:00,2021-01-21,1,0,15,168.5,562,1,12.2,2.7,57,0.0,0.5
2021-01-21 16:00:00,2021-01-21,1,0,16,160.0,900,1,12.7,2.0,57,0.0,0.5
2021-01-21 17:00:00,2021-01-21,1,0,17,134.0,350,1,12.0,0.5,62,0.0,0.5
2021-01-21 18:00:00,2021-01-21,1,0,18,156.25,952,1,12.0,2.1,57,0.0,0.5
2021-01-21 19:00:00,2021-01-21,1,0,19,143.25,3581,1,11.0,1.3,64,0.1,0.5
2021-01-21 20:00:00,2021-01-21,1,0,20,126.75,100,1,10.1,1.4,68,0.1,0.5
2021-01-21 21:00:00,2021-01-21,1,0,21,126.75,63,1,9.6,0.1,73,0.1,0.5
2021-01-21 22:00:00,2021-01-21,1,0,22,114.0,351,1,8.4,1.4,88,0.4,0.5
2021-01-21 23:00:00,2021-01-21,1,0,23,112.25,183,1,7.8,1.6,98,0.6,0.5
2021-01-22 00:00:00,2021-01-22,1,0,0,71.25,0,0,7.6,1.8,98,0.6,0.25
2021-01-22 01:00:00,2021-01-22,1,0,1,108.0,124,1,7.1,0.5,98,0.0,0.25
2021-01-22 02:00:00,2021-01-22,1,0,2,112.75,854,1,7.2,0.3,98,0.0,0.25
2021-01-22 03:00:00,2021-01-22,1,0,3,113.0,108,1,7.6,0.5,98,0.0,0.25
2021-01-22 04:00:00,2021-01-22,1,0,4,116.5,140,1,7.6,0.0,96,0.0,0.25
2021-01-22 05:00:00,2021-01-22,1,0,5,93.5,0,0,7.5,0.1,98,0.0,0.25
2021-01-22 06:00:00,2021-01-22,1,0,6,114.0,1007,1,7.6,0.9,98,0.2,0.25
2021-01-22 07:00:00,2021-01-22,1,0,7,138.5,682,1,7.8,0.9,98,0.6,0.25
2021-01-22 08:00:00,2021-01-22,1,0,8,171.0,120,1,7.7,0.2,98,1.3,0.25
2021-01-22 09:00:00,2021-01-22,1,0,9,166.5,786,1,8.2,0.5,98,2.0,0.25
2021-01-22 10:00:00,2021-01-22,1,0,10,172.25,915,1,8.2,1.0,98,2.2,0.25
2021-01-22 11:00:00,2021-01-22,1,0,11,172.25,452,1,8.5,0.9,98,2.3,0.25
2021-01-22 12:00:00,2021-01-22,1,0,12,110.75,286,1,9.2,0.7,98,2.3,0.25
2021-01-22 13:00:00,2021-01-22,1,0,13,166.25,1215,1,9.1,1.9,98,2.3,0.25
2021-01-22 14:00:00,2021-01-22,1,0,14,156.5,466,1,9.9,2.6,98,2.3,0.25
2021-01-22 15:00:00,2021-01-22,1,0,15,156.25,3684,1,10.6,1.8,98,2.3,0.25
2021-01-22 16:00:00,2021-01-22,1,0,16,159.75,1081,1,10.6,0.8,94,2.3,0.25
2021-01-22 17:00:00,2021-01-22,1,0,17,119.75,733,1,10.7,1.7,91,2.3,0.25
2021-01-22 18:00:00,2021-01-22,1,0,18,152.5,658,1,10.7,0.7,89,2.3,0.25
2021-01-22 19:00:00,2021-01-22,1,0,19,155.75,1279,1,11.1,2.4,87,2.3,0.25
2021-01-22 20:00:00,2021-01-22,1,0,20,132.5,11,1,10.9,1.4,90,2.3,0.25
2021-01-22 21:00:00,2021-01-22,1,0,21,125.5,171,1,10.8,2.1,91,2.3,0.25
2021-01-22 22:00:00,2021-01-22,1,0,22,113.5,3,1,10.9,1.9,88,2.3,0.25
2021-01-22 23:00:00,2021-01-22,1,0,23,113.25,532,1,10.6,1.8,91,2.3,0.25
2021-01-23 00:00:00,2021-01-23,1,1,0,69.0,257,1,11.0,2.0,87,2.3,0.25
2021-01-23 01:00:00,2021-01-23,1,1,1,102.5,477,1,10.6,2.9,88,0.0,0.25
2021-01-23 02:00:00,2021-01-23,1,1,2,119.5,157,1,10.4,2.6,91,0.0,0.25
2021-01-23 03:00:00,2021-01-23,1,1,3,103.0,371,1,10.0,3.3,94,0.0,0.25
2021-01-23 04:00:00,2021-01-23,1,1,4,111.75,36,1,9.7,2.9,96,0.0,0.25
2021-01-23 05:00:00,2021-01-23,1,1,5,95.25,894,1,9.6,3.3,94,0.0,0.25
2021-01-23 06:00:00,2021-01-23,1,1,6,116.75,233,1,9.6,3.1,95,0.0,0.25
2021-01-23 07:00:00,2021-01-23,1,1,7,140.25,743,1,9.8,3.5,92,0.0,0.25
2021-01-23 08:00:00,2021-01-23,1,1,8,162.5,0,0,9.9,3.2,91,0.0,0.25
2021-01-23 09:00:00,2021-01-23,1,1,9,159.75,0,0,9.5,2.0,98,1.3,0.25
2021-01-23 10:00:00,2021-01-23,1,1,10,148.0,0,0,11.5,3.8,95,1.6,0.25
2021-01-23 11:00:00,2021-01-23,1,1,11,155.75,12,1,10.7,3.8,98,5.2,0.25
2021-01-23 12:00:00,2021-01-23,1,1,12,93.0,0,0,10.6,3.5,93,6.2,0.25
2021-01-23 13:00:00,2021-01-23,1,1,13,153.25,0,0,11.0,4.2,85,6.2,0.25
2021-01-23 14:00:00,2021-01-23,1,1,14,151.0,0,0,11.2,4.1,80,6.2,0.25
2021-01-23 15:00:00,2021-01-23,1,1,15,150.0,0,0,11.0,4.2,74,6.2,0.25
2021-01-23 16:00:00,2021-01-23,1,1,16,159.5,0,0,10.8,4.7,72,6.2,0.25
2021-01-23 17:00:00,2021-01-23,1,1,17,128.0,0,0,10.6,4.0,71,6.2,0.25
2021-01-23 18:00:00,2021-01-23,1,1,18,161.5,0,0,10.4,3.5,71,6.2,0.25
2021-01-23 19:00:00,2021-01-23,1,1,19,136.75,0,0,10.2,4.0,67,6.3,0.25
2021-01-23 20:00:00,2021-01-23,1,1,20,127.5,0,0,10.1,3.9,70,6.3,0.25
2021-01-23 21:00:00,2021-01-23,1,1,21,125.75,0,0,9.8,2.8,67,6.3,0.25
2021-01-23 22:00:00,2021-01-23,1,1,22,114.0,0,0,10.0,3.2,67,6.3,0.25
2021-01-23 23:00:00,2021-01-23,1,1,23,110.0,0,0,9.9,3.7,60,6.3,0.25
2021-01-24 00:00:00,2021-01-24,1,1,0,70.25,0,0,9.8,3.9,66,,0.25
2021-01-24 01:00:00,2021-01-24,1,1,1,111.0,0,0,9.3,3.2,70,0.0,0.25
2021-01-24 02:00:00,2021-01-24,1,1,2,118.0,0,0,9.5,3.6,62,0.0,0.25
2021-01-24 03:00:00,2021-01-24,1,1,3,116.75,0,0,9.4,2.3,63,0.0,0.25
2021-01-24 04:00:00,2021-01-24,1,1,4,116.25,0,0,9.2,3.3,64,0.0,0.25
2021-01-24 05:00:00,2021-01-24,1,1,5,101.0,0,0,9.1,3.4,65,0.0,0.25
2021-01-24 06:00:00,2021-01-24,1,1,6,117.75,0,0,9.0,4.3,64,0.0,0.25
2021-01-24 07:00:00,2021-01-24,1,1,7,149.25,0,0,9.0,4.2,62,0.0,0.25
2021-01-24 08:00:00,2021-01-24,1,1,8,182.0,0,0,8.9,3.7,65,0.0,0.25
2021-01-24 09:00:00,2021-01-24,1,1,9,161.75,0,0,9.0,3.3,62,0.0,0.25
2021-01-24 10:00:00,2021-01-24,1,1,10,154.0,0,0,8.5,3.2,73,0.0,0.25
2021-01-24 11:00:00,2021-01-24,1,1,11,163.5,0,0,8.3,3.1,78,0.0,0.25
2021-01-24 12:00:00,2021-01-24,1,1,12,105.25,0,0,8.8,3.0,76,0.0,0.25
2021-01-24 13:00:00,2021-01-24,1,1,13,170.5,0,0,8.7,3.2,78,0.0,0.25
2021-01-24 14:00:00,2021-01-24,1,1,14,163.25,0,0,8.9,3.1,75,0.0,0.25
2021-01-24 15:00:00,2021-01-24,1,1,15,150.25,0,0,8.7,2.6,79,0.0,0.25
2021-01-24 16:00:00,2021-01-24,1,1,16,162.25,0,0,8.7,3.9,77,0.0,0.25
2021-01-24 17:00:00,2021-01-24,1,1,17,134.75,0,0,8.6,3.0,77,0.0,0.25
2021-01-24 18:00:00,2021-01-24,1,1,18,149.75,0,0,8.7,3.5,79,0.0,0.25
2021-01-24 19:00:00,2021-01-24,1,1,19,159.25,0,0,8.5,2.6,80,0.0,0.25
2021-01-24 20:00:00,2021-01-24,1,1,20,135.5,0,0,8.0,2.8,85,0.0,0.25
2021-01-24 21:00:00,2021-01-24,1,1,21,131.0,0,0,8.4,2.4,83,0.0,0.25
2021-01-24 22:00:00,2021-01-24,1,1,22,121.25,0,0,8.9,2.4,75,0.0,0.25
2021-01-24 23:00:00,2021-01-24,1,1,23,114.75,0,0,9.0,1.9,66,0.0,0.25
2021-01-25 00:00:00,2021-01-25,1,0,0,71.0,0,0,9.0,1.5,67,0.0,0.25
2021-01-25 01:00:00,2021-01-25,1,0,1,119.0,0,0,8.9,1.4,64,0.0,0.25
2021-01-25 02:00:00,2021-01-25,1,0,2,117.0,0,0,8.6,1.9,65,0.0,0.25
2021-01-25 03:00:00,2021-01-25,1,0,3,119.25,0,0,8.4,1.6,66,0.0,0.25
2021-01-25 04:00:00,2021-01-25,1,0,4,118.25,0,0,8.1,2.6,69,0.0,0.25
2021-01-25 05:00:00,2021-01-25,1,0,5,106.0,0,0,7.6,2.7,71,0.0,0.25
2021-01-25 06:00:00,2021-01-25,1,0,6,114.25,0,0,7.7,2.1,70,0.0,0.25
2021-01-25 07:00:00,2021-01-25,1,0,7,135.0,0,0,7.6,1.1,71,0.0,0.25
2021-01-25 08:00:00,2021-01-25,1,0,8,155.75,796,1,8.2,2.4,71,0.0,0.25
2021-01-25 09:00:00,2021-01-25,1,0,9,169.75,417,1,8.8,2.1,69,0.0,0.25
2021-01-25 10:00:00,2021-01-25,1,0,10,171.75,383,1,9.7,1.9,66,0.0,0.25
2021-01-25 11:00:00,2021-01-25,1,0,11,180.25,1971,1,9.9,2.9,67,0.0,0.25
2021-01-25 12:00:00,2021-01-25,1,0,12,121.75,0,0,9.8,3.7,65,0.0,0.25
2021-01-25 13:00:00,2021-01-25,1,0,13,179.25,1330,1,10.7,3.3,59,0.0,0.25
2021-01-25 14:00:00,2021-01-25,1,0,14,177.0,1732,1,10.6,3.5,62,0.0,0.25
2021-01-25 15:00:00,2021-01-25,1,0,15,174.5,926,1,10.2,3.2,66,0.0,0.25
2021-01-25 16:00:00,2021-01-25,1,0,16,166.25,2269,1,9.9,3.1,67,0.0,0.25
2021-01-25 17:00:00,2021-01-25,1,0,17,141.0,797,1,9.3,2.3,68,0.0,0.25
2021-01-25 18:00:00,2021-01-25,1,0,18,141.5,896,1,8.6,1.9,72,0.0,0.25
2021-01-25 19:00:00,2021-01-25,1,0,19,110.25,2599,1,8.5,2.2,72,0.0,0.25
2021-01-25 20:00:00,2021-01-25,1,0,20,108.75,78,1,8.2,1.6,75,0.0,0.25
2021-01-25 21:00:00,2021-01-25,1,0,21,116.25,36,1,8.1,1.5,77,0.0,0.25
2021-01-25 22:00:00,2021-01-25,1,0,22,123.0,181,1,8.1,2.0,77,0.0,0.25
2021-01-25 23:00:00,2021-01-25,1,0,23,101.75,30,1,8.4,1.2,77,0.0,0.25
2021-01-26 00:00:00,2021-01-26,1,0,0,24.0,0,0,8.4,1.0,78,0.0,0.06666666666666667
2021-01-26 01:00:00,2021-01-26,1,0,1,21.25,0,0,8.5,2.2,78,0.0,0.06666666666666667
2021-01-26 02:00:00,2021-01-26,1,0,2,21.25,0,0,8.0,1.0,80,0.0,0.06666666666666667
2021-01-26 03:00:00,2021-01-26,1,0,3,22.5,0,0,7.8,2.9,81,0.0,0.06666666666666667
2021-01-26 04:00:00,2021-01-26,1,0,4,23.25,0,0,7.6,3.1,83,0.0,0.06666666666666667
2021-01-26 05:00:00,2021-01-26,1,0,5,21.25,0,0,7.4,2.6,84,0.0,0.06666666666666667
2021-01-26 06:00:00,2021-01-26,1,0,6,21.25,0,0,7.2,1.4,85,0.0,0.06666666666666667
2021-01-26 07:00:00,2021-01-26,1,0,7,23.75,0,0,7.0,1.6,90,0.2,0.06666666666666667
2021-01-26 08:00:00,2021-01-26,1,0,8,21.0,0,0,6.8,0.7,98,0.7,0.06666666666666667
2021-01-26 09:00:00,2021-01-26,1,0,9,21.0,0,0,6.9,0.7,98,1.5,0.06666666666666667
2021-01-26 10:00:00,2021-01-26,1,0,10,22.5,0,0,7.2,1.6,98,3.0,0.06666666666666667
2021-01-26 11:00:00,2021-01-26,1,0,11,22.0,0,0,7.4,3.1,98,4.1,0.06666666666666667
2021-01-26 12:00:00,2021-01-26,1,0,12,21.0,0,0,7.2,3.4,98,4.6,0.06666666666666667
2021-01-26 13:00:00,2021-01-26,1,0,13,21.0,0,0,6.8,3.2,98,6.3,0.06666666666666667
2021-01-26 14:00:00,2021-01-26,1,0,14,22.75,0,0,6.8,3.4,98,8.0,0.06666666666666667
2021-01-26 15:00:00,2021-01-26,1,0,15,21.0,0,0,6.7,1.5,98,9.2,0.06666666666666667
2021-01-26 16:00:00,2021-01-26,1,0,16,21.0,0,0,6.5,2.5,98,10.3,0.06666666666666667
2021-01-26 17:00:00,2021-01-26,1,0,17,23.25,0,0,6.5,2.6,98,11.1,0.06666666666666667
2021-01-26 18:00:00,2021-01-26,1,0,18,21.0,0,0,5.8,2.2,98,11.1,0.06666666666666667
2021-01-26 19:00:00,2021-01-26,1,0,19,21.0,0,0,6.1,3.2,98,11.1,0.06666666666666667
2021-01-26 20:00:00,2021-01-26,1,0,20,23.25,0,0,6.5,1.8,92,11.1,0.06666666666666667
2021-01-26 21:00:00,2021-01-26,1,0,21,21.25,0,0,6.0,1.8,86,11.1,0.06666666666666667
2021-01-26 22:00:00,2021-01-26,1,0,22,21.0,0,0,5.9,1.3,89,11.1,0.06666666666666667
2021-01-26 23:00:00,2021-01-26,1,0,23,24.0,0,0,5.9,0.6,85,11.1,0.06666666666666667
2021-01-27 00:00:00,2021-01-27,1,0,0,24.0,0,0,6.3,2.1,81,11.1,0.06666666666666667
2021-01-27 01:00:00,2021-01-27,1,0,1,21.25,0,0,5.7,1.1,86,0.0,0.06666666666666667
2021-01-27 02:00:00,2021-01-27,1,0,2,21.25,0,0,4.9,1.1,88,0.0,0.06666666666666667
2021-01-27 03:00:00,2021-01-27,1,0,3,22.5,0,0,3.9,0.5,88,0.0,0.06666666666666667
2021-01-27 04:00:00,2021-01-27,1,0,4,23.25,0,0,3.4,0.8,82,0.0,0.06666666666666667
2021-01-27 05:00:00,2021-01-27,1,0,5,21.25,0,0,3.5,2.8,81,0.0,0.06666666666666667
2021-01-27 06:00:00,2021-01-27,1,0,6,21.25,0,0,3.2,3.2,78,0.0,0.06666666666666667
2021-01-27 07:00:00,2021-01-27,1,0,7,23.75,0,0,3.7,3.2,69,0.0,0.06666666666666667
2021-01-27 08:00:00,2021-01-27,1,0,8,21.0,0,0,3.9,1.7,60,0.0,0.06666666666666667
2021-01-27 09:00:00,2021-01-27,1,0,9,21.0,0,0,4.4,4.5,59,0.0,0.06666666666666667
2021-01-27 10:00:00,2021-01-27,1,0,10,22.5,0,0,5.5,3.1,58,0.0,0.06666666666666667
2021-01-27 11:00:00,2021-01-27,1,0,11,22.0,0,0,6.9,3.8,52,0.0,0.06666666666666667
2021-01-27 12:00:00,2021-01-27,1,0,12,21.0,0,0,8.0,3.3,45,0.0,0.06666666666666667
2021-01-27 13:00:00,2021-01-27,1,0,13,21.0,0,0,9.3,2.5,41,0.0,0.06666666666666667
2021-01-27 14:00:00,2021-01-27,1,0,14,22.75,0,0,10.2,1.8,39,0.0,0.06666666666666667
2021-01-27 15:00:00,2021-01-27,1,0,15,21.0,0,0,9.7,2.9,46,0.0,0.06666666666666667
2021-01-27 16:00:00,2021-01-27,1,0,16,21.0,0,0,8.9,3.6,50,0.0,0.06666666666666667
2021-01-27 17:00:00,2021-01-27,1,0,17,23.25,0,0,7.8,2.4,43,0.0,0.06666666666666667
2021-01-27 18:00:00,2021-01-27,1,0,18,21.0,0,0,6.8,2.0,46,0.0,0.06666666666666667
2021-01-27 19:00:00,2021-01-27,1,0,19,21.0,0,0,6.4,2.1,46,0.0,0.06666666666666667
2021-01-27 20:00:00,2021-01-27,1,0,20,23.25,0,0,5.9,1.9,51,0.0,0.06666666666666667
2021-01-27 21:00:00,2021-01-27,1,0,21,21.25,0,0,5.3,2.3,51,0.0,0.06666666666666667
2021-01-27 22:00:00,2021-01-27,1,0,22,21.0,0,0,4.7,1.2,54,0.0,0.06666666666666667
2021-01-27 23:00:00,2021-01-27,1,0,23,24.0,0,0,4.2,1.3,58,0.0,0.06666666666666667
2021-01-28 00:00:00,2021-01-28,1,0,0,23.75,0,0,3.5,1.1,62,0.0,0.5
2021-01-28 01:00:00,2021-01-28,1,0,1,25.5,24,1,3.3,1.0,63,0.0,0.5
2021-01-28 02:00:00,2021-01-28,1,0,2,24.0,437,1,2.9,0.4,64,0.0,0.5
2021-01-28 03:00:00,2021-01-28,1,0,3,23.5,1,1,2.3,0.3,68,0.0,0.5
2021-01-28 04:00:00,2021-01-28,1,0,4,25.5,827,1,2.3,0.5,68,0.0,0.5
2021-01-28 05:00:00,2021-01-28,1,0,5,23.5,120,1,2.1,1.0,71,0.0,0.5
2021-01-28 06:00:00,2021-01-28,1,0,6,23.0,110,1,1.9,0.9,72,0.0,0.5
2021-01-28 07:00:00,2021-01-28,1,0,7,57.0,16,1,2.1,0.9,71,0.0,0.5
2021-01-28 08:00:00,2021-01-28,1,0,8,174.75,375,1,2.0,0.7,73,0.0,0.5
2021-01-28 09:00:00,2021-01-28,1,0,9,178.25,347,1,3.6,0.2,68,0.0,0.5
2021-01-28 10:00:00,2021-01-28,1,0,10,167.25,810,1,5.7,0.7,67,0.0,0.5
2021-01-28 11:00:00,2021-01-28,1,0,11,182.75,1049,1,9.3,4.0,52,0.0,0.5
2021-01-28 12:00:00,2021-01-28,1,0,12,121.25,309,1,10.6,3.9,42,0.0,0.5
2021-01-28 13:00:00,2021-01-28,1,0,13,185.0,1034,1,11.0,3.9,26,0.0,0.5
2021-01-28 14:00:00,2021-01-28,1,0,14,180.25,2238,1,11.3,5.3,25,0.0,0.5
2021-01-28 15:00:00,2021-01-28,1,0,15,181.5,861,1,10.0,5.8,35,0.0,0.5
2021-01-28 16:00:00,2021-01-28,1,0,16,167.75,1685,1,9.4,4.0,35,0.0,0.5
2021-01-28 17:00:00,2021-01-28,1,0,17,150.0,512,1,3.3,5.7,67,0.1,0.5
2021-01-28 18:00:00,2021-01-28,1,0,18,176.75,971,1,0.9,6.3,65,0.1,0.5
2021-01-28 19:00:00,2021-01-28,1,0,19,152.75,1690,1,0.1,5.2,46,0.1,0.5
2021-01-28 20:00:00,2021-01-28,1,0,20,111.75,358,1,-1.0,4.8,48,0.0,0.5
2021-01-28 21:00:00,2021-01-28,1,0,21,117.75,40,1,-1.3,4.2,42,0.0,0.5
2021-01-28 22:00:00,2021-01-28,1,0,22,109.0,12,1,-2.3,5.5,42,0.0,0.5
2021-01-28 23:00:00,2021-01-28,1,0,23,107.25,4,1,-3.0,5.9,39,0.0,0.5
2021-01-29 00:00:00,2021-01-29,1,0,0,66.25,0,0,-3.6,3.6,39,0.0,0.3333333333333333
2021-01-29 01:00:00,2021-01-29,1,0,1,104.25,81,1,-4.0,4.1,33,0.0,0.3333333333333333
2021-01-29 02:00:00,2021-01-29,1,0,2,112.5,634,1,-4.8,3.0,37,0.0,0.3333333333333333
2021-01-29 03:00:00,2021-01-29,1,0,3,103.5,2,1,-5.1,2.2,29,0.0,0.3333333333333333
2021-01-29 04:00:00,2021-01-29,1,0,4,109.75,1,1,-6.1,2.4,33,0.0,0.3333333333333333
2021-01-29 05:00:00,2021-01-29,1,0,5,90.0,24,1,-6.3,2.1,35,0.0,0.3333333333333333
2021-01-29 06:00:00,2021-01-29,1,0,6,113.0,2,1,-6.5,1.8,35,0.0,0.3333333333333333
2021-01-29 07:00:00,2021-01-29,1,0,7,136.75,1288,1,-6.8,1.8,37,0.0,0.3333333333333333
2021-01-29 08:00:00,2021-01-29,1,0,8,202.0,364,1,-6.8,3.9,37,0.0,0.3333333333333333
2021-01-29 09:00:00,2021-01-29,1,0,9,179.25,301,1,-6.2,4.2,32,0.0,0.3333333333333333
2021-01-29 10:00:00,2021-01-29,1,0,10,162.75,601,1,-5.0,3.2,31,0.0,0.3333333333333333
2021-01-29 11:00:00,2021-01-29,1,0,11,193.25,1135,1,-4.2,4.6,28,0.0,0.3333333333333333
2021-01-29 12:00:00,2021-01-29,1,0,12,117.75,2095,1,-2.7,4.1,24,0.0,0.3333333333333333
2021-01-29 13:00:00,2021-01-29,1,0,13,186.5,809,1,-2.0,5.3,25,0.0,0.3333333333333333
2021-01-29 14:00:00,2021-01-29,1,0,14,177.25,972,1,-0.4,3.7,26,0.0,0.3333333333333333
2021-01-29 15:00:00,2021-01-29,1,0,15,163.25,868,1,-0.4,4.1,25,0.0,0.3333333333333333
2021-01-29 16:00:00,2021-01-29,1,0,16,163.75,1383,1,-0.3,4.2,23,0.0,0.3333333333333333
2021-01-29 17:00:00,2021-01-29,1,0,17,127.5,255,1,-0.4,3.7,24,0.0,0.3333333333333333
2021-01-29 18:00:00,2021-01-29,1,0,18,165.5,1132,1,-1.3,3.1,27,0.0,0.3333333333333333
2021-01-29 19:00:00,2021-01-29,1,0,19,160.25,4121,1,-1.9,1.8,29,0.0,0.3333333333333333
2021-01-29 20:00:00,2021-01-29,1,0,20,134.5,76,1,-2.4,2.5,30,0.0,0.3333333333333333
2021-01-29 21:00:00,2021-01-29,1,0,21,123.75,51,1,-3.2,1.6,32,0.0,0.3333333333333333
2021-01-29 22:00:00,2021-01-29,1,0,22,112.5,63,1,-3.2,2.7,30,0.0,0.3333333333333333
2021-01-29 23:00:00,2021-01-29,1,0,23,103.5,82,1,-3.0,4.0,27,0.0,0.3333333333333333
2021-01-30 00:00:00,2021-01-30,1,1,0,67.0,213,1,-2.9,3.9,25,0.0,0.3333333333333333
2021-01-30 01:00:00,2021-01-30,1,1,1,104.0,72,1,-3.2,2.3,28,0.0,0.3333333333333333
2021-01-30 02:00:00,2021-01-30,1,1,2,109.75,81,1,-4.5,0.9,32,0.0,0.3333333333333333
2021-01-30 03:00:00,2021-01-30,1,1,3,112.0,325,1,-4.4,0.9,33,0.0,0.3333333333333333
2021-01-30 04:00:00,2021-01-30,1,1,4,109.0,3,1,-5.1,2.0,37,0.0,0.3333333333333333
2021-01-30 05:00:00,2021-01-30,1,1,5,98.25,13,1,-5.3,1.6,40,0.0,0.3333333333333333
2021-01-30 06:00:00,2021-01-30,1,1,6,114.25,42,1,-5.8,1.2,43,0.0,0.3333333333333333
2021-01-30 07:00:00,2021-01-30,1,1,7,131.5,783,1,-5.6,1.1,45,0.0,0.3333333333333333
2021-01-30 08:00:00,2021-01-30,1,1,8,179.75,0,0,-5.0,0.6,43,0.0,0.3333333333333333
2021-01-30 09:00:00,2021-01-30,1,1,9,178.75,0,0,-2.2,0.5,42,0.0,0.3333333333333333
2021-01-30 10:00:00,2021-01-30,1,1,10,158.5,0,0,1.0,1.0,45,0.0,0.3333333333333333
2021-01-30 11:00:00,2021-01-30,1,1,11,144.0,0,0,4.0,1.5,41,0.0,0.3333333333333333
2021-01-30 12:00:00,2021-01-30,1,1,12,107.75,0,0,6.8,3.4,44,0.0,0.3333333333333333
2021-01-30 13:00:00,2021-01-30,1,1,13,166.5,0,0,8.2,3.9,44,0.0,0.3333333333333333
2021-01-30 14:00:00,2021-01-30,1,1,14,165.75,0,0,8.6,4.5,43,0.0,0.3333333333333333
2021-01-30 15:00:00,2021-01-30,1,1,15,163.5,0,0,8.9,3.3,43,0.0,0.3333333333333333
2021-01-30 16:00:00,2021-01-30,1,1,16,160.5,0,0,9.0,2.5,42,0.0,0.3333333333333333
2021-01-30 17:00:00,2021-01-30,1,1,17,156.25,0,0,8.6,2.3,43,0.0,0.3333333333333333
2021-01-30 18:00:00,2021-01-30,1,1,18,159.5,0,0,7.3,1.5,49,0.0,0.3333333333333333
2021-01-30 19:00:00,2021-01-30,1,1,19,141.25,0,0,6.9,1.0,49,0.0,0.3333333333333333
2021-01-30 20:00:00,2021-01-30,1,1,20,109.0,0,0,6.9,1.8,48,0.0,0.3333333333333333
2021-01-30 21:00:00,2021-01-30,1,1,21,112.75,0,0,4.9,1.2,57,0.0,0.3333333333333333
2021-01-30 22:00:00,2021-01-30,1,1,22,105.75,0,0,6.1,1.6,45,0.0,0.3333333333333333
2021-01-30 23:00:00,2021-01-30,1,1,23,104.0,0,0,5.5,1.7,42,0.0,0.3333333333333333
2021-01-31 00:00:00,2021-01-31,1,1,0,24.0,0,0,4.4,1.4,38,0.0,0.06666666666666667
2021-01-31 01:00:00,2021-01-31,1,1,1,21.25,0,0,1.3,1.5,60,0.0,0.06666666666666667
2021-01-31 02:00:00,2021-01-31,1,1,2,21.25,0,0,1.7,1.7,47,0.0,0.06666666666666667
2021-01-31 03:00:00,2021-01-31,1,1,3,22.5,0,0,3.6,2.3,36,0.0,0.06666666666666667
2021-01-31 04:00:00,2021-01-31,1,1,4,23.25,0,0,2.8,2.7,38,0.0,0.06666666666666667
2021-01-31 05:00:00,2021-01-31,1,1,5,21.25,0,0,2.3,3.1,40,0.0,0.06666666666666667
2021-01-31 06:00:00,2021-01-31,1,1,6,21.25,0,0,0.9,1.0,43,0.0,0.06666666666666667
2021-01-31 07:00:00,2021-01-31,1,1,7,23.75,0,0,1.8,2.4,37,0.0,0.06666666666666667
2021-01-31 08:00:00,2021-01-31,1,1,8,21.0,0,0,1.7,1.8,38,0.0,0.06666666666666667
2021-01-31 09:00:00,2021-01-31,1,1,9,21.0,0,0,3.6,1.3,33,0.0,0.06666666666666667
2021-01-31 10:00:00,2021-01-31,1,1,10,22.5,0,0,6.5,0.6,35,0.0,0.06666666666666667
2021-01-31 11:00:00,2021-01-31,1,1,11,22.0,0,0,8.4,0.5,33,0.0,0.06666666666666667
2021-01-31 12:00:00,2021-01-31,1,1,12,21.0,0,0,9.8,1.6,22,0.0,0.06666666666666667
2021-01-31 13:00:00,2021-01-31,1,1,13,21.0,0,0,11.3,3.0,17,0.0,0.06666666666666667
2021-01-31 14:00:00,2021-01-31,1,1,14,22.75,0,0,10.9,3.4,32,0.0,0.06666666666666667
2021-01-31 15:00:00,2021-01-31,1,1,15,21.0,0,0,10.6,3.9,39,0.0,0.06666666666666667
2021-01-31 16:00:00,2021-01-31,1,1,16,21.0,0,0,11.3,3.2,33,0.0,0.06666666666666667
2021-01-31 17:00:00,2021-01-31,1,1,17,23.25,0,0,10.3,4.0,31,0.0,0.06666666666666667
2021-01-31 18:00:00,2021-01-31,1,1,18,21.0,0,0,9.3,3.4,43,0.0,0.06666666666666667
2021-01-31 19:00:00,2021-01-31,1,1,19,21.0,0,0,8.8,2.5,50,0.0,0.06666666666666667
2021-01-31 20:00:00,2021-01-31,1,1,20,23.25,0,0,8.7,3.9,49,0.0,0.06666666666666667
2021-01-31 21:00:00,2021-01-31,1,1,21,21.25,0,0,8.4,2.4,51,0.0,0.06666666666666667
2021-01-31 22:00:00,2021-01-31,1,1,22,21.0,0,0,9.4,3.3,51,0.0,0.06666666666666667
2021-01-31 23:00:00,2021-01-31,1,1,23,24.0,0,0,9.3,3.1,56,0.0,0.06666666666666667
2021-02-01 00:00:00,2021-02-01,2,0,0,61.25,0,0,9.3,3.0,64,0.0,0.3333333333333333
2021-02-01 01:00:00,2021-02-01,2,0,1,98.5,0,0,10.1,3.9,67,0.0,0.3333333333333333
2021-02-01 02:00:00,2021-02-01,2,0,2,103.5,0,0,9.7,3.7,77,0.0,0.3333333333333333
2021-02-01 03:00:00,2021-02-01,2,0,3,102.5,0,0,9.1,2.9,95,0.8,0.3333333333333333
2021-02-01 04:00:00,2021-02-01,2,0,4,104.75,0,0,9.2,3.2,98,2.3,0.3333333333333333
2021-02-01 05:00:00,2021-02-01,2,0,5,89.5,0,0,9.5,3.5,98,5.1,0.3333333333333333
2021-02-01 06:00:00,2021-02-01,2,0,6,108.5,0,0,10.3,3.1,98,8.3,0.3333333333333333
2021-02-01 07:00:00,2021-02-01,2,0,7,122.0,0,0,10.3,1.0,98,9.8,0.3333333333333333
2021-02-01 08:00:00,2021-02-01,2,0,8,179.25,541,1,9.9,1.0,98,11.0,0.3333333333333333
2021-02-01 09:00:00,2021-02-01,2,0,9,173.0,432,1,9.8,2.4,98,11.9,0.3333333333333333
2021-02-01 10:00:00,2021-02-01,2,0,10,170.5,402,1,10.3,0.9,98,12.1,0.3333333333333333
2021-02-01 11:00:00,2021-02-01,2,0,11,174.25,630,1,10.1,2.2,98,12.1,0.3333333333333333
2021-02-01 12:00:00,2021-02-01,2,0,12,93.5,284,1,12.6,3.3,72,12.1,0.3333333333333333
2021-02-01 13:00:00,2021-02-01,2,0,13,169.5,318,1,12.7,1.1,64,12.1,0.3333333333333333
2021-02-01 14:00:00,2021-02-01,2,0,14,164.5,7437,1,12.6,3.6,62,12.1,0.3333333333333333
2021-02-01 15:00:00,2021-02-01,2,0,15,151.75,878,1,12.2,3.1,66,12.1,0.3333333333333333
2021-02-01 16:00:00,2021-02-01,2,0,16,162.0,4585,1,11.9,3.6,66,12.1,0.3333333333333333
2021-02-01 17:00:00,2021-02-01,2,0,17,123.5,598,1,11.5,1.5,67,12.1,0.3333333333333333
2021-02-01 18:00:00,2021-02-01,2,0,18,146.5,1777,1,11.3,2.2,58,12.1,0.3333333333333333
2021-02-01 19:00:00,2021-02-01,2,0,19,143.5,1913,1,11.0,2.9,57,12.1,0.3333333333333333
2021-02-01 20:00:00,2021-02-01,2,0,20,120.75,8,1,10.9,2.6,59,12.1,0.3333333333333333
2021-02-01 21:00:00,2021-02-01,2,0,21,121.0,181,1,10.4,2.0,61,12.1,0.3333333333333333
2021-02-01 22:00:00,2021-02-01,2,0,22,105.75,97,1,10.1,2.8,61,12.1,0.3333333333333333
2021-02-01 23:00:00,2021-02-01,2,0,23,98.5,287,1,10.3,3.1,55,12.1,0.3333333333333333
2021-02-02 00:00:00,2021-02-02,2,0,0,62.25,0,0,9.2,2.6,59,12.1,0.3333333333333333
2021-02-02 01:00:00,2021-02-02,2,0,1,102.0,53,1,8.5,2.7,46,0.0,0.3333333333333333
2021-02-02 02:00:00,2021-02-02,2,0,2,108.75,127,1,6.6,1.4,43,0.0,0.3333333333333333
2021-02-02 03:00:00,2021-02-02,2,0,3,103.5,32,1,5.9,2.1,36,0.0,0.3333333333333333
2021-02-02 04:00:00,2021-02-02,2,0,4,99.75,69,1,5.0,3.2,32,0.0,0.3333333333333333
2021-02-02 05:00:00,2021-02-02,2,0,5,84.5,5,1,3.3,4.0,34,0.0,0.3333333333333333
2021-02-02 06:00:00,2021-02-02,2,0,6,102.5,500,1,1.5,3.6,27,0.0,0.3333333333333333
2021-02-02 07:00:00,2021-02-02,2,0,7,132.0,711,1,-0.1,2.6,23,0.0,0.3333333333333333
2021-02-02 08:00:00,2021-02-02,2,0,8,172.25,789,1,-0.8,3.7,27,0.0,0.3333333333333333
2021-02-02 09:00:00,2021-02-02,2,0,9,176.5,1354,1,-0.4,4.7,23,0.0,0.3333333333333333
2021-02-02 10:00:00,2021-02-02,2,0,10,172.75,847,1,0.2,3.7,20,0.0,0.3333333333333333
2021-02-02 11:00:00,2021-02-02,2,0,11,167.5,535,1,0.8,5.0,20,0.0,0.3333333333333333
2021-02-02 12:00:00,2021-02-02,2,0,12,102.75,25,1,1.7,3.7,20,0.0,0.3333333333333333
2021-02-02 13:00:00,2021-02-02,2,0,13,181.75,2071,1,2.0,4.0,18,0.0,0.3333333333333333
2021-02-02 14:00:00,2021-02-02,2,0,14,177.0,1125,1,2.2,4.0,18,0.0,0.3333333333333333
2021-02-02 15:00:00,2021-02-02,2,0,15,155.5,978,1,2.8,3.9,16,0.0,0.3333333333333333
2021-02-02 16:00:00,2021-02-02,2,0,16,167.0,6974,1,2.9,3.5,17,0.0,0.3333333333333333
2021-02-02 17:00:00,2021-02-02,2,0,17,136.25,340,1,1.9,3.1,20,0.0,0.3333333333333333
2021-02-02 18:00:00,2021-02-02,2,0,18,151.5,869,1,0.5,1.7,24,0.0,0.3333333333333333
2021-02-02 19:00:00,2021-02-02,2,0,19,127.5,2312,1,-0.4,2.9,28,0.0,0.3333333333333333
2021-02-02 20:00:00,2021-02-02,2,0,20,112.5,1,1,-1.2,3.5,29,0.0,0.3333333333333333
2021-02-02 21:00:00,2021-02-02,2,0,21,111.25,177,1,-1.6,3.5,31,0.0,0.3333333333333333
2021-02-02 22:00:00,2021-02-02,2,0,22,100.5,184,1,-2.0,3.1,36,0.0,0.3333333333333333
2021-02-02 23:00:00,2021-02-02,2,0,23,96.0,50,1,-2.8,0.7,39,0.0,0.3333333333333333
2021-02-03 00:00:00,2021-02-03,2,0,0,66.0,7,1,-3.5,0.9,43,0.0,0.3333333333333333
2021-02-03 01:00:00,2021-02-03,2,0,1,105.0,487,1,-2.8,1.1,42,0.0,0.3333333333333333
2021-02-03 02:00:00,2021-02-03,2,0,2,112.5,119,1,-3.5,0.3,46,0.0,0.3333333333333333
2021-02-03 03:00:00,2021-02-03,2,0,3,105.25,499,1,-3.7,0.2,46,0.0,0.3333333333333333
2021-02-03 04:00:00,2021-02-03,2,0,4,105.75,28,1,-3.4,2.1,58,0.0,0.3333333333333333
2021-02-03 05:00:00,2021-02-03,2,0,5,91.25,37,1,-3.7,2.8,67,0.0,0.3333333333333333
2021-02-03 06:00:00,2021-02-03,2,0,6,112.0,212,1,-4.1,2.2,69,0.0,0.3333333333333333
2021-02-03 07:00:00,2021-02-03,2,0,7,128.5,873,1,-4.0,3.1,56,0.0,0.3333333333333333
2021-02-03 08:00:00,2021-02-03,2,0,8,170.25,234,1,-3.9,2.5,44,0.0,0.3333333333333333
2021-02-03 09:00:00,2021-02-03,2,0,9,169.75,297,1,-3.2,3.3,35,0.0,0.3333333333333333
2021-02-03 10:00:00,2021-02-03,2,0,10,155.5,931,1,-2.0,4.1,29,0.0,0.3333333333333333
2021-02-03 11:00:00,2021-02-03,2,0,11,162.0,850,1,-0.7,4.1,24,0.0,0.3333333333333333
2021-02-03 12:00:00,2021-02-03,2,0,12,101.5,110,1,1.3,3.6,20,0.0,0.3333333333333333
2021-02-03 13:00:00,2021-02-03,2,0,13,158.0,693,1,2.0,3.3,15,0.0,0.3333333333333333
2021-02-03 14:00:00,2021-02-03,2,0,14,158.75,1683,1,3.5,2.5,15,0.0,0.3333333333333333
2021-02-03 15:00:00,2021-02-03,2,0,15,151.25,1489,1,4.0,1.4,15,0.0,0.3333333333333333
2021-02-03 16:00:00,2021-02-03,2,0,16,160.0,849,1,4.7,1.1,15,0.0,0.3333333333333333
2021-02-03 17:00:00,2021-02-03,2,0,17,132.25,508,1,4.2,0.9,15,0.0,0.3333333333333333
2021-02-03 18:00:00,2021-02-03,2,0,18,132.0,666,1,2.6,0.9,18,0.0,0.3333333333333333
2021-02-03 19:00:00,2021-02-03,2,0,19,114.75,3591,1,1.8,0.4,29,0.0,0.3333333333333333
2021-02-03 20:00:00,2021-02-03,2,0,20,122.25,32,1,0.4,1.0,36,0.0,0.3333333333333333
2021-02-03 21:00:00,2021-02-03,2,0,21,122.75,18,1,0.6,0.9,30,0.0,0.3333333333333333
2021-02-03 22:00:00,2021-02-03,2,0,22,112.75,306,1,0.5,2.2,33,0.0,0.3333333333333333
2021-02-03 23:00:00,2021-02-03,2,0,23,104.5,17,1,0.2,2.6,39,0.0,0.3333333333333333
2021-02-04 00:00:00,2021-02-04,2,0,0,67.75,231,1,1.0,3.5,42,0.0,0.25
2021-02-04 01:00:00,2021-02-04,2,0,1,108.0,132,1,1.2,3.1,39,0.0,0.25
2021-02-04 02:00:00,2021-02-04,2,0,2,109.75,40,1,2.1,2.6,42,0.0,0.25
2021-02-04 03:00:00,2021-02-04,2,0,3,106.5,630,1,2.2,2.7,52,0.0,0.25
2021-02-04 04:00:00,2021-02-04,2,0,4,108.75,155,1,2.9,2.5,63,0.0,0.25
2021-02-04 05:00:00,2021-02-04,2,0,5,90.25,116,1,2.8,2.4,68,0.0,0.25
2021-02-04 06:00:00,2021-02-04,2,0,6,108.75,322,1,2.6,2.1,67,0.0,0.25
2021-02-04 07:00:00,2021-02-04,2,0,7,128.25,469,1,2.8,1.9,65,0.0,0.25
2021-02-04 08:00:00,2021-02-04,2,0,8,156.25,793,1,2.8,2.7,49,0.0,0.25
2021-02-04 09:00:00,2021-02-04,2,0,9,160.25,751,1,3.1,2.8,36,0.0,0.25
2021-02-04 10:00:00,2021-02-04,2,0,10,156.5,3151,1,3.7,3.9,25,0.0,0.25
2021-02-04 11:00:00,2021-02-04,2,0,11,148.75,1159,1,4.9,3.7,20,0.0,0.25
2021-02-04 12:00:00,2021-02-04,2,0,12,89.25,108,1,5.4,3.8,17,0.0,0.25
2021-02-04 13:00:00,2021-02-04,2,0,13,155.25,695,1,6.5,3.4,15,0.0,0.25
2021-02-04 14:00:00,2021-02-04,2,0,14,152.0,1221,1,6.8,3.4,15,0.0,0.25
2021-02-04 15:00:00,2021-02-04,2,0,15,140.0,760,1,7.2,2.9,14,0.0,0.25
2021-02-04 16:00:00,2021-02-04,2,0,16,141.5,679,1,7.2,3.1,15,0.0,0.25
2021-02-04 17:00:00,2021-02-04,2,0,17,122.25,310,1,6.3,3.6,16,0.0,0.25
2021-02-04 18:00:00,2021-02-04,2,0,18,139.25,1043,1,4.9,3.1,19,0.0,0.25
2021-02-04 19:00:00,2021-02-04,2,0,19,112.75,951,1,4.0,2.8,21,0.0,0.25
2021-02-04 20:00:00,2021-02-04,2,0,20,100.75,81,1,3.0,2.9,24,0.0,0.25
2021-02-04 21:00:00,2021-02-04,2,0,21,108.25,2,1,1.5,1.4,27,0.0,0.25
2021-02-04 22:00:00,2021-02-04,2,0,22,106.75,312,1,1.7,1.9,26,0.0,0.25
2021-02-04 23:00:00,2021-02-04,2,0,23,97.0,300,1,1.4,1.9,26,0.0,0.25
2021-02-05 00:00:00,2021-02-05,2,0,0,63.25,60,1,1.8,1.5,25,0.0,0.14285714285714285
2021-02-05 01:00:00,2021-02-05,2,0,1,104.5,128,1,1.5,2.2,26,0.0,0.14285714285714285
2021-02-05 02:00:00,2021-02-05,2,0,2,103.75,234,1,0.4,2.0,30,0.0,0.14285714285714285
2021-02-05 03:00:00,2021-02-05,2,0,3,105.25,148,1,-0.1,2.5,33,0.0,0.14285714285714285
2021-02-05 04:00:00,2021-02-05,2,0,4,106.75,140,1,-0.3,3.6,34,0.0,0.14285714285714285
2021-02-05 05:00:00,2021-02-05,2,0,5,92.25,213,1,0.2,2.6,32,0.0,0.14285714285714285
2021-02-05 06:00:00,2021-02-05,2,0,6,106.5,33,1,-0.7,4.0,38,0.0,0.14285714285714285
2021-02-05 07:00:00,2021-02-05,2,0,7,61.0,2623,1,-0.5,1.3,39,0.0,0.14285714285714285
2021-02-05 08:00:00,2021-02-05,2,0,8,24.0,686,1,0.1,3.2,41,0.0,0.14285714285714285
2021-02-05 09:00:00,2021-02-05,2,0,9,22.0,662,1,1.8,1.8,40,0.0,0.14285714285714285
2021-02-05 10:00:00,2021-02-05,2,0,10,22.0,2737,1,2.8,1.6,41,0.0,0.14285714285714285
2021-02-05 11:00:00,2021-02-05,2,0,11,25.0,633,1,6.1,2.0,35,0.0,0.14285714285714285
2021-02-05 12:00:00,2021-02-05,2,0,12,22.25,18,1,7.8,1.3,23,0.0,0.14285714285714285
2021-02-05 13:00:00,2021-02-05,2,0,13,22.25,1901,1,9.0,2.0,18,0.0,0.14285714285714285
2021-02-05 14:00:00,2021-02-05,2,0,14,22.5,1826,1,10.3,2.0,18,0.0,0.14285714285714285
2021-02-05 15:00:00,2021-02-05,2,0,15,24.75,439,1,10.6,1.9,21,0.0,0.14285714285714285
2021-02-05 16:00:00,2021-02-05,2,0,16,22.75,3627,1,10.1,3.2,14,0.0,0.14285714285714285
2021-02-05 17:00:00,2021-02-05,2,0,17,22.25,116,1,9.8,3.7,16,0.0,0.14285714285714285
2021-02-05 18:00:00,2021-02-05,2,0,18,24.75,1063,1,8.8,2.3,20,0.0,0.14285714285714285
2021-02-05 19:00:00,2021-02-05,2,0,19,22.0,666,1,8.0,1.6,22,0.0,0.14285714285714285
2021-02-05 20:00:00,2021-02-05,2,0,20,22.0,595,1,7.7,2.6,25,0.0,0.14285714285714285
2021-02-05 21:00:00,2021-02-05,2,0,21,23.5,0,0,7.0,1.3,26,0.0,0.14285714285714285
2021-02-05 22:00:00,2021-02-05,2,0,22,23.0,0,0,6.7,0.9,26,0.0,0.14285714285714285
2021-02-05 23:00:00,2021-02-05,2,0,23,22.0,500,1,6.9,2.2,25,0.0,0.14285714285714285
2021-02-06 00:00:00,2021-02-06,2,1,0,66.25,300,1,6.8,2.6,25,0.0,0.16666666666666666
2021-02-06 01:00:00,2021-02-06,2,1,1,106.0,100,1,5.9,0.8,27,0.0,0.16666666666666666
2021-02-06 02:00:00,2021-02-06,2,1,2,104.0,564,1,5.0,0.4,27,0.0,0.16666666666666666
2021-02-06 03:00:00,2021-02-06,2,1,3,106.5,32,1,4.6,0.6,27,0.0,0.16666666666666666
2021-02-06 04:00:00,2021-02-06,2,1,4,108.75,361,1,2.2,1.6,36,0.0,0.16666666666666666
2021-02-06 05:00:00,2021-02-06,2,1,5,90.0,0,0,3.7,1.6,30,0.0,0.16666666666666666
2021-02-06 06:00:00,2021-02-06,2,1,6,102.25,4,1,3.4,1.8,30,0.0,0.16666666666666666
2021-02-06 07:00:00,2021-02-06,2,1,7,70.5,1510,1,1.3,0.5,36,0.0,0.16666666666666666
2021-02-06 08:00:00,2021-02-06,2,1,8,22.75,0,0,2.4,0.0,39,0.0,0.16666666666666666
2021-02-06 09:00:00,2021-02-06,2,1,9,25.0,0,0,6.3,0.3,38,0.0,0.16666666666666666
2021-02-06 10:00:00,2021-02-06,2,1,10,26.0,0,0,8.8,1.1,30,0.0,0.16666666666666666
2021-02-06 11:00:00,2021-02-06,2,1,11,26.25,0,0,11.1,1.0,26,0.0,0.16666666666666666
2021-02-06 12:00:00,2021-02-06,2,1,12,24.5,0,0,11.6,2.1,23,0.0,0.16666666666666666
2021-02-06 13:00:00,2021-02-06,2,1,13,23.0,0,0,14.0,1.0,23,0.0,0.16666666666666666
2021-02-06 14:00:00,2021-02-06,2,1,14,22.25,0,0,14.2,1.6,24,0.0,0.16666666666666666
2021-02-06 15:00:00,2021-02-06,2,1,15,22.5,0,0,14.9,1.7,24,0.0,0.16666666666666666
2021-02-06 16:00:00,2021-02-06,2,1,16,24.75,0,0,14.5,1.8,35,0.0,0.16666666666666666
2021-02-06 17:00:00,2021-02-06,2,1,17,22.5,0,0,14.1,1.1,39,0.0,0.16666666666666666
2021-02-06 18:00:00,2021-02-06,2,1,18,22.0,0,0,11.7,0.3,44,0.0,0.16666666666666666
2021-02-06 19:00:00,2021-02-06,2,1,19,24.5,0,0,11.2,0.2,41,0.0,0.16666666666666666
2021-02-06 20:00:00,2021-02-06,2,1,20,22.5,0,0,11.1,1.5,42,0.0,0.16666666666666666
2021-02-06 21:00:00,2021-02-06,2,1,21,22.75,0,0,9.0,0.5,52,0.0,0.16666666666666666
2021-02-06 22:00:00,2021-02-06,2,1,22,22.5,0,0,8.8,2.0,59,0.0,0.16666666666666666
2021-02-06 23:00:00,2021-02-06,2,1,23,24.25,0,0,8.6,1.0,65,0.0,0.16666666666666666
2021-02-07 00:00:00,2021-02-07,2,1,0,22.5,0,0,8.1,1.5,70,0.0,0.2
2021-02-07 01:00:00,2021-02-07,2,1,1,21.75,0,0,6.2,1.3,75,0.0,0.2
2021-02-07 02:00:00,2021-02-07,2,1,2,24.5,0,0,7.0,1.7,73,0.0,0.2
2021-02-07 03:00:00,2021-02-07,2,1,3,22.0,0,0,6.0,2.2,70,0.0,0.2
2021-02-07 04:00:00,2021-02-07,2,1,4,22.5,0,0,5.8,2.0,72,0.0,0.2
2021-02-07 05:00:00,2021-02-07,2,1,5,22.25,0,0,6.1,2.3,74,0.0,0.2
2021-02-07 06:00:00,2021-02-07,2,1,6,23.75,0,0,5.1,1.0,78,0.0,0.2
2021-02-07 07:00:00,2021-02-07,2,1,7,21.75,0,0,6.8,1.9,67,0.0,0.2
2021-02-07 08:00:00,2021-02-07,2,1,8,21.5,0,0,5.3,2.3,80,0.0,0.2
2021-02-07 09:00:00,2021-02-07,2,1,9,24.0,0,0,8.1,0.9,69,0.0,0.2
2021-02-07 10:00:00,2021-02-07,2,1,10,22.25,0,0,9.0,1.8,63,0.0,0.2
2021-02-07 11:00:00,2021-02-07,2,1,11,22.0,0,0,10.8,2.6,57,0.0,0.2
2021-02-07 12:00:00,2021-02-07,2,1,12,24.0,0,0,11.8,1.9,50,0.0,0.2
2021-02-07 13:00:00,2021-02-07,2,1,13,23.0,0,0,12.7,1.7,43,0.0,0.2
2021-02-07 14:00:00,2021-02-07,2,1,14,22.25,0,0,13.6,2.0,38,0.0,0.2
2021-02-07 15:00:00,2021-02-07,2,1,15,22.25,0,0,13.4,1.9,44,0.0,0.2
2021-02-07 16:00:00,2021-02-07,2,1,16,25.0,0,0,12.5,2.0,60,0.0,0.2
2021-02-07 17:00:00,2021-02-07,2,1,17,22.0,0,0,11.6,0.7,61,0.0,0.2
2021-02-07 18:00:00,2021-02-07,2,1,18,22.0,0,0,10.9,1.3,54,0.0,0.2
2021-02-07 19:00:00,2021-02-07,2,1,19,23.75,0,0,10.2,1.9,38,0.0,0.2
2021-02-07 20:00:00,2021-02-07,2,1,20,22.0,0,0,10.0,2.8,38,0.0,0.2
2021-02-07 21:00:00,2021-02-07,2,1,21,22.5,0,0,9.5,2.6,38,0.0,0.2
2021-02-07 22:00:00,2021-02-07,2,1,22,22.75,0,0,9.1,3.5,39,0.0,0.2
2021-02-07 23:00:00,2021-02-07,2,1,23,23.5,0,0,8.4,2.8,34,0.0,0.2
2021-02-08 00:00:00,2021-02-08,2,0,0,63.0,0,0,7.1,3.4,38,0.0,0.25
2021-02-08 01:00:00,2021-02-08,2,0,1,99.0,0,0,5.7,3.4,26,0.0,0.25
2021-02-08 02:00:00,2021-02-08,2,0,2,102.75,0,0,3.4,2.6,21,0.0,0.25
2021-02-08 03:00:00,2021-02-08,2,0,3,99.5,0,0,2.2,2.4,27,0.0,0.25
2021-02-08 04:00:00,2021-02-08,2,0,4,105.0,0,0,1.7,4.0,27,0.0,0.25
2021-02-08 05:00:00,2021-02-08,2,0,5,87.25,0,0,0.0,2.5,34,0.0,0.25
2021-02-08 06:00:00,2021-02-08,2,0,6,97.5,0,0,0.3,3.8,35,0.0,0.25
2021-02-08 07:00:00,2021-02-08,2,0,7,93.25,0,0,-0.2,2.2,32,0.0,0.25
2021-02-08 08:00:00,2021-02-08,2,0,8,154.0,669,1,-0.1,1.3,31,0.0,0.25
2021-02-08 09:00:00,2021-02-08,2,0,9,160.25,538,1,0.7,2.8,31,0.0,0.25
2021-02-08 10:00:00,2021-02-08,2,0,10,142.0,785,1,1.8,3.2,28,0.0,0.25
2021-02-08 11:00:00,2021-02-08,2,0,11,164.25,2411,1,2.7,4.2,21,0.0,0.25
2021-02-08 12:00:00,2021-02-08,2,0,12,102.75,120,1,3.4,4.7,20,0.0,0.25
2021-02-08 13:00:00,2021-02-08,2,0,13,164.75,909,1,4.6,3.9,21,0.0,0.25
2021-02-08 14:00:00,2021-02-08,2,0,14,165.75,2129,1,5.2,4.0,20,0.0,0.25
2021-02-08 15:00:00,2021-02-08,2,0,15,161.25,1722,1,4.9,4.7,17,0.0,0.25
2021-02-08 16:00:00,2021-02-08,2,0,16,158.0,3012,1,4.8,4.4,17,0.0,0.25
2021-02-08 17:00:00,2021-02-08,2,0,17,136.25,273,1,4.4,2.6,17,0.0,0.25
2021-02-08 18:00:00,2021-02-08,2,0,18,153.75,992,1,2.6,1.5,20,0.0,0.25
2021-02-08 19:00:00,2021-02-08,2,0,19,141.75,2012,1,1.2,1.3,23,0.0,0.25
2021-02-08 20:00:00,2021-02-08,2,0,20,128.75,33,1,1.0,3.6,23,0.0,0.25
2021-02-08 21:00:00,2021-02-08,2,0,21,121.25,37,1,0.0,2.4,26,0.0,0.25
2021-02-08 22:00:00,2021-02-08,2,0,22,107.0,0,0,-0.8,2.4,30,0.0,0.25
2021-02-08 23:00:00,2021-02-08,2,0,23,101.25,65,1,-1.5,2.4,32,0.0,0.25
2021-02-09 00:00:00,2021-02-09,2,0,0,67.75,147,1,-2.0,2.6,34,0.0,0.3333333333333333
2021-02-09 01:00:00,2021-02-09,2,0,1,98.75,96,1,-2.3,2.3,35,0.0,0.3333333333333333
2021-02-09 02:00:00,2021-02-09,2,0,2,103.75,200,1,-2.7,3.7,38,0.0,0.3333333333333333
2021-02-09 03:00:00,2021-02-09,2,0,3,103.25,513,1,-3.5,1.4,40,0.0,0.3333333333333333
2021-02-09 04:00:00,2021-02-09,2,0,4,99.5,83,1,-3.2,2.2,39,0.0,0.3333333333333333
2021-02-09 05:00:00,2021-02-09,2,0,5,84.5,56,1,-2.9,2.9,40,0.0,0.3333333333333333
2021-02-09 06:00:00,2021-02-09,2,0,6,103.25,540,1,-2.8,2.2,38,0.0,0.3333333333333333
2021-02-09 07:00:00,2021-02-09,2,0,7,127.5,996,1,-3.1,2.2,39,0.0,0.3333333333333333
2021-02-09 08:00:00,2021-02-09,2,0,8,168.75,520,1,-2.8,3.7,37,0.0,0.3333333333333333
2021-02-09 09:00:00,2021-02-09,2,0,9,172.25,636,1,-1.1,3.2,32,0.0,0.3333333333333333
2021-02-09 10:00:00,2021-02-09,2,0,10,166.25,477,1,0.6,3.1,25,0.0,0.3333333333333333
2021-02-09 11:00:00,2021-02-09,2,0,11,171.5,592,1,2.1,2.6,22,0.0,0.3333333333333333
2021-02-09 12:00:00,2021-02-09,2,0,12,109.75,65,1,4.7,1.9,21,0.0,0.3333333333333333
2021-02-09 13:00:00,2021-02-09,2,0,13,169.25,1161,1,6.0,2.8,21,0.0,0.3333333333333333
2021-02-09 14:00:00,2021-02-09,2,0,14,165.25,923,1,7.1,3.4,20,0.0,0.3333333333333333
2021-02-09 15:00:00,2021-02-09,2,0,15,157.75,1319,1,7.3,3.3,19,0.0,0.3333333333333333
2021-02-09 16:00:00,2021-02-09,2,0,16,150.75,1198,1,7.4,3.5,19,0.0,0.3333333333333333
2021-02-09 17:00:00,2021-02-09,2,0,17,129.25,885,1,7.2,2.6,20,0.0,0.3333333333333333
2021-02-09 18:00:00,2021-02-09,2,0,18,154.5,1801,1,5.5,0.9,23,0.0,0.3333333333333333
2021-02-09 19:00:00,2021-02-09,2,0,19,131.5,2578,1,3.6,1.3,27,0.0,0.3333333333333333
2021-02-09 20:00:00,2021-02-09,2,0,20,109.25,50,1,3.7,1.8,27,0.0,0.3333333333333333
2021-02-09 21:00:00,2021-02-09,2,0,21,105.0,13,1,4.1,2.9,26,0.0,0.3333333333333333
2021-02-09 22:00:00,2021-02-09,2,0,22,101.0,148,1,2.8,1.9,29,0.0,0.3333333333333333
2021-02-09 23:00:00,2021-02-09,2,0,23,94.5,167,1,3.8,2.2,28,0.0,0.3333333333333333
2021-02-10 00:00:00,2021-02-10,2,0,0,64.75,121,1,2.5,2.4,33,0.0,0.3333333333333333
2021-02-10 01:00:00,2021-02-10,2,0,1,102.5,39,1,2.4,3.1,36,0.0,0.3333333333333333
2021-02-10 02:00:00,2021-02-10,2,0,2,104.25,158,1,2.6,3.2,36,0.0,0.3333333333333333
2021-02-10 03:00:00,2021-02-10,2,0,3,99.25,40,1,3.0,3.1,37,0.0,0.3333333333333333
2021-02-10 04:00:00,2021-02-10,2,0,4,106.0,143,1,2.3,1.4,41,0.0,0.3333333333333333
2021-02-10 05:00:00,2021-02-10,2,0,5,91.0,574,1,2.6,4.2,39,0.0,0.3333333333333333
2021-02-10 06:00:00,2021-02-10,2,0,6,103.75,246,1,2.4,2.5,39,0.0,0.3333333333333333
2021-02-10 07:00:00,2021-02-10,2,0,7,118.5,577,1,2.2,1.9,40,0.0,0.3333333333333333
2021-02-10 08:00:00,2021-02-10,2,0,8,155.0,324,1,1.4,2.1,45,0.0,0.3333333333333333
2021-02-10 09:00:00,2021-02-10,2,0,9,166.0,1812,1,3.1,1.8,42,0.0,0.3333333333333333
2021-02-10 10:00:00,2021-02-10,2,0,10,163.75,903,1,4.9,2.6,38,0.0,0.3333333333333333
2021-02-10 11:00:00,2021-02-10,2,0,11,160.75,1468,1,7.0,2.0,34,0.0,0.3333333333333333
2021-02-10 12:00:00,2021-02-10,2,0,12,111.0,508,1,9.0,2.5,29,0.0,0.3333333333333333
2021-02-10 13:00:00,2021-02-10,2,0,13,152.5,483,1,10.7,1.5,23,0.0,0.3333333333333333
2021-02-10 14:00:00,2021-02-10,2,0,14,162.25,180,1,11.8,2.3,21,0.0,0.3333333333333333
2021-02-10 15:00:00,2021-02-10,2,0,15,152.25,0,0,11.7,2.8,19,0.0,0.3333333333333333
2021-02-10 16:00:00,2021-02-10,2,0,16,152.5,0,0,11.8,2.2,20,0.0,0.3333333333333333
2021-02-10 17:00:00,2021-02-10,2,0,17,129.75,0,0,11.0,1.3,23,0.0,0.3333333333333333
2021-02-10 18:00:00,2021-02-10,2,0,18,122.25,0,0,9.6,2.2,27,0.0,0.3333333333333333
2021-02-10 19:00:00,2021-02-10,2,0,19,123.25,0,0,7.9,2.5,35,0.0,0.3333333333333333
2021-02-10 20:00:00,2021-02-10,2,0,20,133.25,0,0,7.4,2.8,40,0.0,0.3333333333333333
2021-02-10 21:00:00,2021-02-10,2,0,21,129.0,0,0,6.6,1.5,43,0.0,0.3333333333333333
2021-02-10 22:00:00,2021-02-10,2,0,22,117.5,0,0,5.7,1.8,50,0.0,0.3333333333333333
2021-02-10 23:00:00,2021-02-10,2,0,23,104.75,0,0,5.1,2.6,55,0.0,0.3333333333333333
2021-02-11 00:00:00,2021-02-11,2,0,0,69.75,0,0,4.0,2.3,61,0.0,0.25
2021-02-11 01:00:00,2021-02-11,2,0,1,107.0,0,0,6.2,3.2,53,0.0,0.25
2021-02-11 02:00:00,2021-02-11,2,0,2,104.25,0,0,4.5,1.8,60,0.0,0.25
2021-02-11 03:00:00,2021-02-11,2,0,3,101.0,0,0,3.9,2.1,65,0.0,0.25
2021-02-11 04:00:00,2021-02-11,2,0,4,111.25,0,0,4.0,1.3,69,0.0,0.25
2021-02-11 05:00:00,2021-02-11,2,0,5,89.75,0,0,3.5,1.9,73,0.0,0.25
2021-02-11 06:00:00,2021-02-11,2,0,6,105.25,0,0,3.0,1.9,75,0.0,0.25
2021-02-11 07:00:00,2021-02-11,2,0,7,133.0,0,0,3.6,2.7,74,0.0,0.25
2021-02-11 08:00:00,2021-02-11,2,0,8,167.5,0,0,3.2,1.8,75,0.0,0.25
2021-02-11 09:00:00,2021-02-11,2,0,9,168.0,0,0,4.9,2.4,69,0.0,0.25
2021-02-11 10:00:00,2021-02-11,2,0,10,156.0,0,0,7.1,1.5,59,0.0,0.25
2021-02-11 11:00:00,2021-02-11,2,0,11,167.75,0,0,9.2,2.2,51,0.0,0.25
2021-02-11 12:00:00,2021-02-11,2,0,12,104.0,0,0,10.2,1.8,47,0.0,0.25
2021-02-11 13:00:00,2021-02-11,2,0,13,153.5,0,0,10.9,1.8,41,0.0,0.25
2021-02-11 14:00:00,2021-02-11,2,0,14,158.5,0,0,11.3,2.9,43,0.0,0.25
2021-02-11 15:00:00,2021-02-11,2,0,15,149.5,0,0,10.9,3.0,49,0.0,0.25
2021-02-11 16:00:00,2021-02-11,2,0,16,156.75,0,0,10.0,3.1,63,0.0,0.25
2021-02-11 17:00:00,2021-02-11,2,0,17,135.75,0,0,9.8,2.6,68,0.0,0.25
2021-02-11 18:00:00,2021-02-11,2,0,18,144.75,0,0,9.2,1.1,69,0.0,0.25
2021-02-11 19:00:00,2021-02-11,2,0,19,136.0,0,0,8.7,1.4,72,0.0,0.25
2021-02-11 20:00:00,2021-02-11,2,0,20,120.75,0,0,7.9,1.4,75,0.0,0.25
2021-02-11 21:00:00,2021-02-11,2,0,21,109.25,0,0,7.5,0.9,75,0.0,0.25
2021-02-11 22:00:00,2021-02-11,2,0,22,104.0,0,0,7.2,1.7,77,0.0,0.25
2021-02-11 23:00:00,2021-02-11,2,0,23,99.75,0,0,7.1,2.0,77,0.0,0.25
2021-02-12 00:00:00,2021-02-12,2,0,0,66.25,0,0,5.9,0.7,85,0.0,0.16666666666666666
2021-02-12 01:00:00,2021-02-12,2,0,1,106.0,0,0,6.2,1.2,81,0.0,0.16666666666666666
2021-02-12 02:00:00,2021-02-12,2,0,2,104.0,0,0,6.2,1.0,80,0.0,0.16666666666666666
2021-02-12 03:00:00,2021-02-12,2,0,3,106.5,0,0,6.0,1.5,79,0.0,0.16666666666666666
2021-02-12 04:00:00,2021-02-12,2,0,4,108.75,0,0,4.7,0.2,83,0.0,0.16666666666666666
2021-02-12 05:00:00,2021-02-12,2,0,5,90.0,0,0,5.3,0.3,83,0.0,0.16666666666666666
2021-02-12 06:00:00,2021-02-12,2,0,6,102.25,0,0,4.7,0.6,84,0.0,0.16666666666666666
2021-02-12 07:00:00,2021-02-12,2,0,7,70.5,0,0,4.8,1.5,81,0.0,0.16666666666666666
2021-02-12 08:00:00,2021-02-12,2,0,8,22.75,0,0,4.8,0.5,81,0.0,0.16666666666666666
2021-02-12 09:00:00,2021-02-12,2,0,9,25.0,0,0,6.8,0.7,76,0.0,0.16666666666666666
2021-02-12 10:00:00,2021-02-12,2,0,10,26.0,0,0,8.7,0.3,71,0.0,0.16666666666666666
2021-02-12 11:00:00,2021-02-12,2,0,11,26.25,0,0,11.1,1.3,54,0.0,0.16666666666666666
2021-02-12 12:00:00,2021-02-12,2,0,12,24.5,0,0,12.7,1.2,45,0.0,0.16666666666666666
2021-02-12 13:00:00,2021-02-12,2,0,13,23.0,0,0,13.8,1.9,41,0.0,0.16666666666666666
2021-02-12 14:00:00,2021-02-12,2,0,14,22.25,0,0,15.4,1.3,35,0.0,0.16666666666666666
2021-02-12 15:00:00,2021-02-12,2,0,15,22.5,0,0,14.9,3.2,46,0.0,0.16666666666666666
2021-02-12 16:00:00,2021-02-12,2,0,16,24.75,0,0,14.4,2.8,52,0.0,0.16666666666666666
2021-02-12 17:00:00,2021-02-12,2,0,17,22.5,0,0,13.5,2.5,58,0.0,0.16666666666666666
2021-02-12 18:00:00,2021-02-12,2,0,18,22.0,0,0,12.0,1.1,67,0.0,0.16666666666666666
2021-02-12 19:00:00,2021-02-12,2,0,19,24.5,0,0,10.8,0.5,75,0.0,0.16666666666666666
2021-02-12 20:00:00,2021-02-12,2,0,20,22.5,0,0,10.0,0.6,75,0.0,0.16666666666666666
2021-02-12 21:00:00,2021-02-12,2,0,21,22.75,0,0,9.0,1.0,81,0.0,0.16666666666666666
2021-02-12 22:00:00,2021-02-12,2,0,22,22.5,0,0,8.2,0.0,84,0.0,0.16666666666666666
2021-02-12 23:00:00,2021-02-12,2,0,23,24.25,0,0,5.1,2.6,55,0.0,0.16666666666666666
2021-02-13 00:00:00,2021-02-13,2,1,0,66.25,0,0,7.9,1.4,68,0.0,0.16666666666666666
2021-02-13 01:00:00,2021-02-13,2,1,1,106.0,0,0,7.9,1.4,68,0.0,0.16666666666666666
2021-02-13 02:00:00,2021-02-13,2,1,2,104.0,0,0,6.9,0.4,76,0.0,0.16666666666666666
2021-02-13 03:00:00,2021-02-13,2,1,3,106.5,0,0,6.0,0.1,84,0.0,0.16666666666666666
2021-02-13 04:00:00,2021-02-13,2,1,4,108.75,0,0,4.6,1.2,80,0.0,0.16666666666666666
2021-02-13 05:00:00,2021-02-13,2,1,5,90.0,0,0,4.8,0.4,73,0.0,0.16666666666666666
2021-02-13 06:00:00,2021-02-13,2,1,6,102.25,0,0,5.0,0.4,64,0.0,0.16666666666666666
2021-02-13 07:00:00,2021-02-13,2,1,7,70.5,0,0,4.7,0.4,62,0.0,0.16666666666666666
2021-02-13 08:00:00,2021-02-13,2,1,8,22.75,0,0,5.0,1.1,61,0.0,0.16666666666666666
2021-02-13 09:00:00,2021-02-13,2,1,9,25.0,0,0,8.9,0.6,58,0.0,0.16666666666666666
2021-02-13 10:00:00,2021-02-13,2,1,10,26.0,0,0,13.1,1.0,41,0.0,0.16666666666666666
2021-02-13 11:00:00,2021-02-13,2,1,11,26.25,0,0,15.3,2.2,27,0.0,0.16666666666666666
2021-02-13 12:00:00,2021-02-13,2,1,12,24.5,0,0,16.3,2.8,23,0.0,0.16666666666666666
2021-02-13 13:00:00,2021-02-13,2,1,13,23.0,0,0,17.0,2.7,21,0.0,0.16666666666666666
2021-02-13 14:00:00,2021-02-13,2,1,14,22.25,0,0,17.0,3.1,32,0.0,0.16666666666666666
2021-02-13 15:00:00,2021-02-13,2,1,15,22.5,0,0,16.8,2.5,38,0.0,0.16666666666666666
2021-02-13 16:00:00,2021-02-13,2,1,16,24.75,0,0,16.4,2.4,37,0.0,0.16666666666666666
2021-02-13 17:00:00,2021-02-13,2,1,17,22.5,0,0,14.9,2.1,45,0.0,0.16666666666666666
2021-02-13 18:00:00,2021-02-13,2,1,18,22.0,0,0,13.3,1.6,41,0.0,0.16666666666666666
2021-02-13 19:00:00,2021-02-13,2,1,19,24.5,0,0,11.8,1.3,57,0.0,0.16666666666666666
2021-02-13 20:00:00,2021-02-13,2,1,20,22.5,0,0,10.9,1.3,65,0.0,0.16666666666666666
2021-02-13 21:00:00,2021-02-13,2,1,21,22.75,0,0,9.7,0.9,72,0.0,0.16666666666666666
2021-02-13 22:00:00,2021-02-13,2,1,22,22.5,0,0,9.3,0.8,76,0.0,0.16666666666666666
2021-02-13 23:00:00,2021-02-13,2,1,23,24.25,0,0,8.9,0.3,83,0.0,0.16666666666666666
2021-02-14 00:00:00,2021-02-14,2,1,0,22.5,0,0,9.1,0.7,81,0.0,0.2
2021-02-14 01:00:00,2021-02-14,2,1,1,21.75,0,0,8.4,0.0,89,0.0,0.2
2021-02-14 02:00:00,2021-02-14,2,1,2,24.5,0,0,8.2,0.7,92,0.0,0.2
2021-02-14 03:00:00,2021-02-14,2,1,3,22.0,0,0,8.2,0.3,92,0.0,0.2
2021-02-14 04:00:00,2021-02-14,2,1,4,22.5,0,0,7.3,0.5,94,0.0,0.2
2021-02-14 05:00:00,2021-02-14,2,1,5,22.25,0,0,7.4,0.5,94,0.0,0.2
2021-02-14 06:00:00,2021-02-14,2,1,6,23.75,0,0,7.9,0.3,94,0.0,0.2
2021-02-14 07:00:00,2021-02-14,2,1,7,21.75,0,0,8.2,0.2,98,0.0,0.2
2021-02-14 08:00:00,2021-02-14,2,1,8,21.5,0,0,8.0,0.1,89,0.0,0.2
2021-02-14 09:00:00,2021-02-14,2,1,9,24.0,0,0,10.1,0.9,89,0.0,0.2
2021-02-14 10:00:00,2021-02-14,2,1,10,22.25,0,0,11.8,1.1,74,0.0,0.2
2021-02-14 11:00:00,2021-02-14,2,1,11,22.0,0,0,12.6,1.5,78,0.1,0.2
2021-02-14 12:00:00,2021-02-14,2,1,12,24.0,0,0,12.5,1.9,93,0.2,0.2
2021-02-14 13:00:00,2021-02-14,2,1,13,23.0,0,0,11.6,1.8,98,1.7,0.2
2021-02-14 14:00:00,2021-02-14,2,1,14,22.25,0,0,12.5,1.3,98,1.8,0.2
2021-02-14 15:00:00,2021-02-14,2,1,15,22.25,0,0,12.2,1.3,98,1.9,0.2
2021-02-14 16:00:00,2021-02-14,2,1,16,25.0,0,0,12.3,1.0,98,1.9,0.2
2021-02-14 17:00:00,2021-02-14,2,1,17,22.0,0,0,12.7,1.5,98,1.9,0.2
2021-02-14 18:00:00,2021-02-14,2,1,18,22.0,0,0,12.4,0.8,98,1.9,0.2
2021-02-14 19:00:00,2021-02-14,2,1,19,23.75,0,0,12.1,0.6,98,1.9,0.2
2021-02-14 20:00:00,2021-02-14,2,1,20,22.0,0,0,12.1,0.5,98,1.9,0.2
2021-02-14 21:00:00,2021-02-14,2,1,21,22.5,0,0,11.7,0.3,98,3.5,0.2
2021-02-14 22:00:00,2021-02-14,2,1,22,22.75,0,0,11.4,1.3,98,4.9,0.2
2021-02-14 23:00:00,2021-02-14,2,1,23,23.5,0,0,11.3,1.2,98,7.5,0.2
2021-02-15 00:00:00,2021-02-15,2,0,0,76.0,0,0,11.2,1.4,98,9.0,0.25
2021-02-15 01:00:00,2021-02-15,2,0,1,110.25,0,0,10.6,2.2,98,0.4,0.25
2021-02-15 02:00:00,2021-02-15,2,0,2,117.25,0,0,10.3,2.7,98,0.5,0.25
2021-02-15 03:00:00,2021-02-15,2,0,3,115.75,0,0,10.0,2.0,98,0.5,0.25
2021-02-15 04:00:00,2021-02-15,2,0,4,109.75,0,0,9.7,1.0,98,0.5,0.25
2021-02-15 05:00:00,2021-02-15,2,0,5,97.25,0,0,9.8,2.4,98,0.5,0.25
2021-02-15 06:00:00,2021-02-15,2,0,6,118.25,0,0,9.2,0.9,98,0.5,0.25
2021-02-15 07:00:00,2021-02-15,2,0,7,132.25,0,0,9.0,1.0,98,0.5,0.25
2021-02-15 08:00:00,2021-02-15,2,0,8,187.75,635,1,10.2,2.7,94,0.5,0.25
2021-02-15 09:00:00,2021-02-15,2,0,9,185.75,1362,1,10.8,3.0,75,0.5,0.25
2021-02-15 10:00:00,2021-02-15,2,0,10,164.25,825,1,11.5,3.7,66,0.5,0.25
2021-02-15 11:00:00,2021-02-15,2,0,11,173.25,2724,1,12.8,3.8,56,0.5,0.25
2021-02-15 12:00:00,2021-02-15,2,0,12,111.75,0,0,13.0,2.8,54,0.5,0.25
2021-02-15 13:00:00,2021-02-15,2,0,13,171.25,2776,1,13.8,4.1,53,0.5,0.25
2021-02-15 14:00:00,2021-02-15,2,0,14,177.0,2004,1,12.6,4.5,52,0.5,0.25
2021-02-15 15:00:00,2021-02-15,2,0,15,163.0,154,1,12.0,4.4,36,0.5,0.25
2021-02-15 16:00:00,2021-02-15,2,0,16,169.75,903,1,11.2,3.8,38,0.5,0.25
2021-02-15 17:00:00,2021-02-15,2,0,17,133.5,905,1,8.0,5.0,24,0.5,0.25
2021-02-15 18:00:00,2021-02-15,2,0,18,161.25,2247,1,5.9,4.3,27,0.5,0.25
2021-02-15 19:00:00,2021-02-15,2,0,19,155.5,478,1,4.3,5.9,31,0.5,0.25
2021-02-15 20:00:00,2021-02-15,2,0,20,127.75,51,1,3.2,5.5,31,0.5,0.25
2021-02-15 21:00:00,2021-02-15,2,0,21,127.0,213,1,2.2,1.9,30,0.5,0.25
2021-02-15 22:00:00,2021-02-15,2,0,22,114.5,98,1,1.9,2.1,29,0.5,0.25
2021-02-15 23:00:00,2021-02-15,2,0,23,107.75,452,1,1.6,2.7,26,0.5,0.25
2021-02-16 00:00:00,2021-02-16,2,0,0,73.0,250,1,0.6,3.1,30,0.0,0.3333333333333333
2021-02-16 01:00:00,2021-02-16,2,0,1,111.0,312,1,-0.2,2.2,37,0.0,0.3333333333333333
2021-02-16 02:00:00,2021-02-16,2,0,2,114.0,158,1,-0.7,3.0,41,0.0,0.3333333333333333
2021-02-16 03:00:00,2021-02-16,2,0,3,111.5,124,1,-1.3,2.6,46,0.0,0.3333333333333333
2021-02-16 04:00:00,2021-02-16,2,0,4,112.0,48,1,-2.3,1.0,51,0.0,0.3333333333333333
2021-02-16 05:00:00,2021-02-16,2,0,5,91.75,204,1,-1.9,1.8,48,0.0,0.3333333333333333
2021-02-16 06:00:00,2021-02-16,2,0,6,114.75,109,1,-2.1,1.1,45,0.0,0.3333333333333333
2021-02-16 07:00:00,2021-02-16,2,0,7,130.25,2149,1,-2.6,1.3,44,0.0,0.3333333333333333
2021-02-16 08:00:00,2021-02-16,2,0,8,177.0,453,1,-1.6,0.6,41,0.0,0.3333333333333333
2021-02-16 09:00:00,2021-02-16,2,0,9,179.5,518,1,0.2,1.6,36,0.0,0.3333333333333333
2021-02-16 10:00:00,2021-02-16,2,0,10,178.0,803,1,1.5,3.3,29,0.0,0.3333333333333333
2021-02-16 11:00:00,2021-02-16,2,0,11,175.75,714,1,2.7,2.3,29,0.0,0.3333333333333333
2021-02-16 12:00:00,2021-02-16,2,0,12,108.75,4,1,3.7,3.4,26,0.0,0.3333333333333333
2021-02-16 13:00:00,2021-02-16,2,0,13,169.0,352,1,4.4,2.8,24,0.0,0.3333333333333333
2021-02-16 14:00:00,2021-02-16,2,0,14,170.5,3995,1,5.8,3.7,23,0.0,0.3333333333333333
2021-02-16 15:00:00,2021-02-16,2,0,15,163.0,2195,1,6.4,4.0,25,0.0,0.3333333333333333
2021-02-16 16:00:00,2021-02-16,2,0,16,168.25,2786,1,6.6,4.1,26,0.0,0.3333333333333333
2021-02-16 17:00:00,2021-02-16,2,0,17,153.75,82,1,6.1,4.3,30,0.0,0.3333333333333333
2021-02-16 18:00:00,2021-02-16,2,0,18,167.75,757,1,5.6,3.0,36,0.0,0.3333333333333333
2021-02-16 19:00:00,2021-02-16,2,0,19,139.0,2939,1,1.2,4.0,63,0.0,0.3333333333333333
2021-02-16 20:00:00,2021-02-16,2,0,20,113.75,6,1,-0.8,3.7,82,0.0,0.3333333333333333
2021-02-16 21:00:00,2021-02-16,2,0,21,117.5,136,1,-1.3,4.0,73,0.0,0.3333333333333333
2021-02-16 22:00:00,2021-02-16,2,0,22,102.5,65,1,-1.3,4.3,45,0.0,0.3333333333333333
2021-02-16 23:00:00,2021-02-16,2,0,23,105.5,107,1,-1.9,4.5,38,0.0,0.3333333333333333
2021-02-17 00:00:00,2021-02-17,2,0,0,71.75,331,1,-2.5,4.0,39,0.0,0.25
2021-02-17 01:00:00,2021-02-17,2,0,1,106.5,170,1,-3.0,3.3,39,0.0,0.25
2021-02-17 02:00:00,2021-02-17,2,0,2,112.25,240,1,-3.5,4.7,34,0.0,0.25
2021-02-17 03:00:00,2021-02-17,2,0,3,116.25,82,1,-4.0,4.4,37,0.0,0.25
2021-02-17 04:00:00,2021-02-17,2,0,4,112.5,265,1,-4.6,4.7,42,0.0,0.25
2021-02-17 05:00:00,2021-02-17,2,0,5,97.25,23,1,-4.9,4.4,36,0.0,0.25
2021-02-17 06:00:00,2021-02-17,2,0,6,120.5,583,1,-5.1,5.0,33,0.0,0.25
2021-02-17 07:00:00,2021-02-17,2,0,7,141.0,1612,1,-5.3,4.3,31,0.0,0.25
2021-02-17 08:00:00,2021-02-17,2,0,8,190.25,479,1,-4.9,4.2,30,0.0,0.25
2021-02-17 09:00:00,2021-02-17,2,0,9,180.0,1759,1,-4.1,4.3,31,0.0,0.25
2021-02-17 10:00:00,2021-02-17,2,0,10,166.0,1510,1,-3.4,5.6,28,0.0,0.25
2021-02-17 11:00:00,2021-02-17,2,0,11,183.0,792,1,-2.4,5.0,28,0.0,0.25
2021-02-17 12:00:00,2021-02-17,2,0,12,103.0,269,1,-2.2,4.6,28,0.0,0.25
2021-02-17 13:00:00,2021-02-17,2,0,13,182.75,819,1,-1.6,4.1,29,0.0,0.25
2021-02-17 14:00:00,2021-02-17,2,0,14,178.75,1272,1,-1.2,4.4,32,0.0,0.25
2021-02-17 15:00:00,2021-02-17,2,0,15,169.75,3267,1,-1.2,4.6,29,0.0,0.25
2021-02-17 16:00:00,2021-02-17,2,0,16,168.5,1287,1,-1.4,4.7,24,0.0,0.25
2021-02-17 17:00:00,2021-02-17,2,0,17,138.0,2402,1,-2.3,4.5,26,0.0,0.25
2021-02-17 18:00:00,2021-02-17,2,0,18,170.25,382,1,-3.6,5.2,23,0.0,0.25
2021-02-17 19:00:00,2021-02-17,2,0,19,159.0,1510,1,-4.4,3.7,25,0.0,0.25
2021-02-17 20:00:00,2021-02-17,2,0,20,138.5,117,1,-5.0,4.9,29,0.0,0.25
2021-02-17 21:00:00,2021-02-17,2,0,21,126.75,15,1,-5.2,5.1,30,0.0,0.25
2021-02-17 22:00:00,2021-02-17,2,0,22,125.0,292,1,-5.3,4.3,30,0.0,0.25
2021-02-17 23:00:00,2021-02-17,2,0,23,111.0,150,1,-5.6,4.2,32,0.0,0.25
2021-02-18 00:00:00,2021-02-18,2,0,0,80.0,122,1,-5.8,5.1,37,0.0,0.25
2021-02-18 01:00:00,2021-02-18,2,0,1,111.75,287,1,-6.2,5.0,43,0.0,0.25
2021-02-18 02:00:00,2021-02-18,2,0,2,115.0,28,1,-6.5,2.9,47,0.0,0.25
2021-02-18 03:00:00,2021-02-18,2,0,3,114.0,300,1,-6.9,4.4,54,0.0,0.25
2021-02-18 04:00:00,2021-02-18,2,0,4,111.5,42,1,-7.4,4.2,54,0.0,0.25
2021-02-18 05:00:00,2021-02-18,2,0,5,101.5,0,0,-7.6,3.6,53,0.0,0.25
2021-02-18 06:00:00,2021-02-18,2,0,6,120.5,0,0,-7.6,3.7,53,0.0,0.25
2021-02-18 07:00:00,2021-02-18,2,0,7,133.0,1368,1,-7.5,2.5,54,0.0,0.25
2021-02-18 08:00:00,2021-02-18,2,0,8,161.5,197,1,-7.1,3.1,54,0.0,0.25
2021-02-18 09:00:00,2021-02-18,2,0,9,170.5,1493,1,-6.3,4.0,50,0.0,0.25
2021-02-18 10:00:00,2021-02-18,2,0,10,164.75,801,1,-5.3,3.9,48,0.0,0.25
2021-02-18 11:00:00,2021-02-18,2,0,11,177.25,772,1,-4.2,4.2,44,0.0,0.25
2021-02-18 12:00:00,2021-02-18,2,0,12,101.5,74,1,-3.0,3.5,40,0.0,0.25
2021-02-18 13:00:00,2021-02-18,2,0,13,174.25,768,1,-1.7,4.7,38,0.0,0.25
2021-02-18 14:00:00,2021-02-18,2,0,14,163.5,2874,1,-0.8,4.5,34,0.0,0.25
2021-02-18 15:00:00,2021-02-18,2,0,15,155.5,260,1,-0.2,4.0,31,0.0,0.25
2021-02-18 16:00:00,2021-02-18,2,0,16,161.75,703,1,0.0,4.1,31,0.0,0.25
2021-02-18 17:00:00,2021-02-18,2,0,17,147.5,1073,1,-0.1,3.7,33,0.0,0.25
2021-02-18 18:00:00,2021-02-18,2,0,18,150.25,1436,1,-0.8,2.6,36,0.0,0.25
2021-02-18 19:00:00,2021-02-18,2,0,19,137.5,3139,1,-1.2,2.7,41,0.0,0.25
2021-02-18 20:00:00,2021-02-18,2,0,20,117.25,0,0,-1.8,1.5,43,0.0,0.25
2021-02-18 21:00:00,2021-02-18,2,0,21,113.5,224,1,-3.2,0.6,48,0.0,0.25
2021-02-18 22:00:00,2021-02-18,2,0,22,114.0,124,1,-3.0,1.3,48,0.0,0.25
2021-02-18 23:00:00,2021-02-18,2,0,23,106.25,98,1,-3.0,2.4,51,0.0,0.25
2021-02-19 00:00:00,2021-02-19,2,0,0,66.75,132,1,-3.2,2.8,54,0.0,0.5
2021-02-19 01:00:00,2021-02-19,2,0,1,110.25,490,1,-3.5,1.7,55,0.0,0.5
2021-02-19 02:00:00,2021-02-19,2,0,2,115.0,244,1,-3.1,2.8,56,0.0,0.5
2021-02-19 03:00:00,2021-02-19,2,0,3,99.5,376,1,-2.6,2.7,53,0.0,0.5
2021-02-19 04:00:00,2021-02-19,2,0,4,109.25,251,1,-3.6,1.1,58,0.0,0.5
2021-02-19 05:00:00,2021-02-19,2,0,5,88.25,6,1,-3.6,1.4,58,0.0,0.5
2021-02-19 06:00:00,2021-02-19,2,0,6,102.75,123,1,-3.4,1.8,59,0.0,0.5
2021-02-19 07:00:00,2021-02-19,2,0,7,57.25,1902,1,-3.7,0.8,60,0.0,0.5
2021-02-19 08:00:00,2021-02-19,2,0,8,22.75,994,1,-1.6,2.3,50,0.0,0.5
2021-02-19 09:00:00,2021-02-19,2,0,9,22.0,800,1,1.0,1.6,41,0.0,0.5
2021-02-19 10:00:00,2021-02-19,2,0,10,22.0,4258,1,4.0,2.0,29,0.0,0.5
2021-02-19 11:00:00,2021-02-19,2,0,11,24.0,3369,1,4.6,2.7,30,0.0,0.5
2021-02-19 12:00:00,2021-02-19,2,0,12,22.0,320,1,7.8,2.7,25,0.0,0.5
2021-02-19 13:00:00,2021-02-19,2,0,13,21.75,1334,1,9.3,1.8,30,0.0,0.5
2021-02-19 14:00:00,2021-02-19,2,0,14,24.5,503,1,10.5,2.8,31,0.0,0.5
2021-02-19 15:00:00,2021-02-19,2,0,15,22.25,184,1,11.6,2.5,27,0.0,0.5
2021-02-19 16:00:00,2021-02-19,2,0,16,22.0,1306,1,11.9,1.7,27,0.0,0.5
2021-02-19 17:00:00,2021-02-19,2,0,17,22.5,322,1,12.2,2.9,21,0.0,0.5
2021-02-19 18:00:00,2021-02-19,2,0,18,24.25,2370,1,10.7,3.9,25,0.0,0.5
2021-02-19 19:00:00,2021-02-19,2,0,19,22.0,931,1,9.0,4.1,32,0.0,0.5
2021-02-19 20:00:00,2021-02-19,2,0,20,22.0,62,1,7.9,3.0,36,0.0,0.5
2021-02-19 21:00:00,2021-02-19,2,0,21,23.5,124,1,8.1,4.2,44,0.0,0.5
2021-02-19 22:00:00,2021-02-19,2,0,22,23.0,330,1,7.2,2.7,49,0.0,0.5
2021-02-19 23:00:00,2021-02-19,2,0,23,22.0,55,1,6.5,1.9,53,0.0,0.5
2021-02-20 00:00:00,2021-02-20,2,1,0,66.25,304,1,7.2,1.8,52,0.0,0.16666666666666666
2021-02-20 01:00:00,2021-02-20,2,1,1,106.0,174,1,8.0,2.9,46,0.0,0.16666666666666666
2021-02-20 02:00:00,2021-02-20,2,1,2,104.0,241,1,7.7,2.8,50,0.0,0.16666666666666666
2021-02-20 03:00:00,2021-02-20,2,1,3,106.5,162,1,7.8,4.2,55,0.0,0.16666666666666666
2021-02-20 04:00:00,2021-02-20,2,1,4,108.75,81,1,8.1,5.6,59,0.0,0.16666666666666666
2021-02-20 05:00:00,2021-02-20,2,1,5,90.0,18,1,8.1,4.6,62,0.0,0.16666666666666666
2021-02-20 06:00:00,2021-02-20,2,1,6,102.25,70,1,8.3,5.0,66,0.0,0.16666666666666666
2021-02-20 07:00:00,2021-02-20,2,1,7,70.5,1378,1,8.5,4.4,66,0.0,0.16666666666666666
2021-02-20 08:00:00,2021-02-20,2,1,8,22.75,0,0,9.1,4.5,65,0.0,0.16666666666666666
2021-02-20 09:00:00,2021-02-20,2,1,9,25.0,0,0,10.6,5.1,60,0.0,0.16666666666666666
2021-02-20 10:00:00,2021-02-20,2,1,10,26.0,0,0,12.8,5.1,54,0.0,0.16666666666666666
2021-02-20 11:00:00,2021-02-20,2,1,11,26.25,0,0,15.0,3.9,47,0.0,0.16666666666666666
2021-02-20 12:00:00,2021-02-20,2,1,12,24.5,0,0,16.9,4.6,35,0.0,0.16666666666666666
2021-02-20 13:00:00,2021-02-20,2,1,13,23.0,0,0,18.4,3.4,30,0.0,0.16666666666666666
2021-02-20 14:00:00,2021-02-20,2,1,14,22.25,0,0,18.6,4.5,28,0.0,0.16666666666666666
2021-02-20 15:00:00,2021-02-20,2,1,15,22.5,0,0,19.5,4.3,26,0.0,0.16666666666666666
2021-02-20 16:00:00,2021-02-20,2,1,16,24.75,0,0,19.3,3.2,27,0.0,0.16666666666666666
2021-02-20 17:00:00,2021-02-20,2,1,17,22.5,0,0,18.8,2.9,30,0.0,0.16666666666666666
2021-02-20 18:00:00,2021-02-20,2,1,18,22.0,0,0,17.0,2.4,40,0.0,0.16666666666666666
2021-02-20 19:00:00,2021-02-20,2,1,19,24.5,0,0,15.0,3.0,53,0.0,0.16666666666666666
2021-02-20 20:00:00,2021-02-20,2,1,20,22.5,0,0,14.6,3.0,50,0.0,0.16666666666666666
2021-02-20 21:00:00,2021-02-20,2,1,21,22.75,0,0,14.1,2.9,51,0.0,0.16666666666666666
2021-02-20 22:00:00,2021-02-20,2,1,22,22.5,0,0,13.8,2.9,54,0.0,0.16666666666666666
2021-02-20 23:00:00,2021-02-20,2,1,23,24.25,0,0,12.6,2.0,56,0.0,0.16666666666666666
2021-02-21 00:00:00,2021-02-21,2,1,0,22.5,0,0,11.9,2.3,59,0.0,0.2
2021-02-21 01:00:00,2021-02-21,2,1,1,21.75,0,0,10.9,1.1,64,0.0,0.2
2021-02-21 02:00:00,2021-02-21,2,1,2,24.5,0,0,10.6,1.3,64,0.0,0.2
2021-02-21 03:00:00,2021-02-21,2,1,3,22.0,0,0,11.9,3.7,54,0.0,0.2
2021-02-21 04:00:00,2021-02-21,2,1,4,22.5,0,0,13.0,3.4,43,0.0,0.2
2021-02-21 05:00:00,2021-02-21,2,1,5,22.25,0,0,12.8,2.3,45,0.0,0.2
2021-02-21 06:00:00,2021-02-21,2,1,6,23.75,0,0,11.8,1.7,52,0.0,0.2
2021-02-21 07:00:00,2021-02-21,2,1,7,21.75,0,0,11.9,3.0,56,0.0,0.2
2021-02-21 08:00:00,2021-02-21,2,1,8,21.5,0,0,12.7,2.4,56,0.0,0.2
2021-02-21 09:00:00,2021-02-21,2,1,9,24.0,0,0,14.0,2.1,54,0.0,0.2
2021-02-21 10:00:00,2021-02-21,2,1,10,22.25,0,0,15.5,1.5,50,0.0,0.2
2021-02-21 11:00:00,2021-02-21,2,1,11,22.0,0,0,17.7,2.6,49,0.0,0.2
2021-02-21 12:00:00,2021-02-21,2,1,12,24.0,0,0,21.0,3.7,28,0.0,0.2
2021-02-21 13:00:00,2021-02-21,2,1,13,23.0,0,0,21.4,5.2,26,0.0,0.2
2021-02-21 14:00:00,2021-02-21,2,1,14,22.25,0,0,23.1,4.2,24,0.0,0.2
2021-02-21 15:00:00,2021-02-21,2,1,15,22.25,0,0,23.3,4.4,23,0.0,0.2
2021-02-21 16:00:00,2021-02-21,2,1,16,25.0,0,0,22.4,5.2,26,0.0,0.2
2021-02-21 17:00:00,2021-02-21,2,1,17,22.0,0,0,20.9,5.7,31,0.0,0.2
2021-02-21 18:00:00,2021-02-21,2,1,18,22.0,0,0,19.5,4.9,34,0.0,0.2
2021-02-21 19:00:00,2021-02-21,2,1,19,23.75,0,0,18.5,4.9,36,0.0,0.2
2021-02-21 20:00:00,2021-02-21,2,1,20,22.0,0,0,17.8,6.3,36,0.0,0.2
2021-02-21 21:00:00,2021-02-21,2,1,21,22.5,0,0,17.4,4.6,36,0.0,0.2
2021-02-21 22:00:00,2021-02-21,2,1,22,22.75,0,0,17.1,4.4,34,0.0,0.2
2021-02-21 23:00:00,2021-02-21,2,1,23,23.5,0,0,16.2,1.8,34,0.0,0.2
2021-02-22 00:00:00,2021-02-22,2,0,0,71.25,0,0,14.1,1.0,40,0.0,0.25
2021-02-22 01:00:00,2021-02-22,2,0,1,108.0,0,0,15.0,2.1,41,0.0,0.25
2021-02-22 02:00:00,2021-02-22,2,0,2,112.75,0,0,15.4,2.9,41,0.0,0.25
2021-02-22 03:00:00,2021-02-22,2,0,3,113.0,0,0,14.4,3.0,45,0.0,0.25
2021-02-22 04:00:00,2021-02-22,2,0,4,116.5,0,0,14.3,3.2,50,0.0,0.25
2021-02-22 05:00:00,2021-02-22,2,0,5,93.5,0,0,12.9,2.3,58,0.0,0.25
2021-02-22 06:00:00,2021-02-22,2,0,6,114.0,0,0,12.8,1.6,63,0.0,0.25
2021-02-22 07:00:00,2021-02-22,2,0,7,138.5,0,0,12.4,2.4,70,0.0,0.25
2021-02-22 08:00:00,2021-02-22,2,0,8,171.0,820,1,13.5,3.4,74,0.0,0.25
2021-02-22 09:00:00,2021-02-22,2,0,9,166.5,976,1,15.3,2.8,71,0.0,0.25
2021-02-22 10:00:00,2021-02-22,2,0,10,172.25,873,1,16.9,3.9,58,0.0,0.25
2021-02-22 11:00:00,2021-02-22,2,0,11,172.25,2168,1,19.0,3.5,45,0.0,0.25
2021-02-22 12:00:00,2021-02-22,2,0,12,110.75,84,1,20.6,4.4,41,0.0,0.25
2021-02-22 13:00:00,2021-02-22,2,0,13,166.25,773,1,22.2,3.5,35,0.0,0.25
2021-02-22 14:00:00,2021-02-22,2,0,14,156.5,1146,1,23.6,2.5,31,0.0,0.25
2021-02-22 15:00:00,2021-02-22,2,0,15,156.25,1275,1,23.1,3.9,31,0.0,0.25
2021-02-22 16:00:00,2021-02-22,2,0,16,159.75,5650,1,23.0,2.2,32,0.0,0.25
2021-02-22 17:00:00,2021-02-22,2,0,17,119.75,354,1,21.7,3.4,33,0.0,0.25
2021-02-22 18:00:00,2021-02-22,2,0,18,152.5,1115,1,19.4,2.9,30,0.0,0.25
2021-02-22 19:00:00,2021-02-22,2,0,19,155.75,4364,1,18.4,2.7,23,0.0,0.25
2021-02-22 20:00:00,2021-02-22,2,0,20,132.5,1,1,17.6,3.7,18,0.0,0.25
2021-02-22 21:00:00,2021-02-22,2,0,21,125.5,256,1,15.5,4.2,12,0.0,0.25
2021-02-22 22:00:00,2021-02-22,2,0,22,113.5,214,1,13.4,3.2,12,0.0,0.25
2021-02-22 23:00:00,2021-02-22,2,0,23,113.25,204,1,12.1,2.4,11,0.0,0.25
2021-02-23 00:00:00,2021-02-23,2,0,0,69.0,148,1,10.5,1.3,15,0.0,0.25
2021-02-23 01:00:00,2021-02-23,2,0,1,102.5,66,1,9.2,3.1,15,0.0,0.25
2021-02-23 02:00:00,2021-02-23,2,0,2,119.5,222,1,7.3,4.1,20,0.0,0.25
2021-02-23 03:00:00,2021-02-23,2,0,3,103.0,140,1,5.9,3.6,20,0.0,0.25
2021-02-23 04:00:00,2021-02-23,2,0,4,111.75,68,1,4.8,2.1,23,0.0,0.25
2021-02-23 05:00:00,2021-02-23,2,0,5,95.25,149,1,4.3,3.4,25,0.0,0.25
2021-02-23 06:00:00,2021-02-23,2,0,6,116.75,342,1,3.0,2.2,30,0.0,0.25
2021-02-23 07:00:00,2021-02-23,2,0,7,140.25,693,1,2.0,3.1,34,0.0,0.25
2021-02-23 08:00:00,2021-02-23,2,0,8,162.5,1560,1,2.3,2.8,35,0.0,0.25
2021-02-23 09:00:00,2021-02-23,2,0,9,159.75,727,1,3.7,3.0,31,0.0,0.25
2021-02-23 10:00:00,2021-02-23,2,0,10,148.0,1757,1,4.8,3.6,27,0.0,0.25
2021-02-23 11:00:00,2021-02-23,2,0,11,155.75,806,1,7.6,3.0,21,0.0,0.25
2021-02-23 12:00:00,2021-02-23,2,0,12,93.0,436,1,7.6,2.7,18,0.0,0.25
2021-02-23 13:00:00,2021-02-23,2,0,13,153.25,1468,1,9.2,3.3,14,0.0,0.25
2021-02-23 14:00:00,2021-02-23,2,0,14,151.0,2610,1,11.1,2.2,12,0.0,0.25
2021-02-23 15:00:00,2021-02-23,2,0,15,150.0,458,1,12.0,2.0,11,0.0,0.25
2021-02-23 16:00:00,2021-02-23,2,0,16,159.5,3119,1,11.3,2.6,31,0.0,0.25
2021-02-23 17:00:00,2021-02-23,2,0,17,128.0,747,1,8.9,2.3,41,0.0,0.25
2021-02-23 18:00:00,2021-02-23,2,0,18,161.5,1410,1,7.7,3.0,48,0.0,0.25
2021-02-23 19:00:00,2021-02-23,2,0,19,136.75,2750,1,6.8,1.3,54,0.0,0.25
2021-02-23 20:00:00,2021-02-23,2,0,20,127.5,150,1,6.1,1.6,56,0.0,0.25
2021-02-23 21:00:00,2021-02-23,2,0,21,125.75,108,1,5.3,1.6,57,0.0,0.25
2021-02-23 22:00:00,2021-02-23,2,0,22,114.0,98,1,5.2,2.4,57,0.0,0.25
2021-02-23 23:00:00,2021-02-23,2,0,23,110.0,17,1,4.4,3.1,45,0.0,0.25
2021-02-24 00:00:00,2021-02-24,2,0,0,70.25,0,0,4.2,3.1,41,0.0,0.25
2021-02-24 01:00:00,2021-02-24,2,0,1,111.0,10,1,3.7,2.6,32,0.0,0.25
2021-02-24 02:00:00,2021-02-24,2,0,2,118.0,207,1,3.4,3.0,27,0.0,0.25
2021-02-24 03:00:00,2021-02-24,2,0,3,116.75,30,1,3.4,3.2,24,0.0,0.25
2021-02-24 04:00:00,2021-02-24,2,0,4,116.25,506,1,3.1,3.6,24,0.0,0.25
2021-02-24 05:00:00,2021-02-24,2,0,5,101.0,112,1,2.9,2.7,24,0.0,0.25
2021-02-24 06:00:00,2021-02-24,2,0,6,117.75,336,1,2.8,3.3,24,0.0,0.25
2021-02-24 07:00:00,2021-02-24,2,0,7,149.25,1196,1,2.8,2.6,25,0.0,0.25
2021-02-24 08:00:00,2021-02-24,2,0,8,182.0,711,1,3.1,1.7,26,0.0,0.25
2021-02-24 09:00:00,2021-02-24,2,0,9,161.75,680,1,4.3,2.2,30,0.0,0.25
2021-02-24 10:00:00,2021-02-24,2,0,10,154.0,1431,1,7.2,1.6,43,0.0,0.25
2021-02-24 11:00:00,2021-02-24,2,0,11,163.5,755,1,8.8,1.3,43,0.0,0.25
2021-02-24 12:00:00,2021-02-24,2,0,12,105.25,24,1,9.4,2.6,52,0.0,0.25
2021-02-24 13:00:00,2021-02-24,2,0,13,170.5,1761,1,9.3,2.9,63,0.0,0.25
2021-02-24 14:00:00,2021-02-24,2,0,14,163.25,814,1,8.7,3.4,66,0.0,0.25
2021-02-24 15:00:00,2021-02-24,2,0,15,150.25,678,1,8.5,4.1,66,0.0,0.25
2021-02-24 16:00:00,2021-02-24,2,0,16,162.25,1841,1,8.1,2.8,64,0.0,0.25
2021-02-24 17:00:00,2021-02-24,2,0,17,134.75,585,1,7.6,2.3,65,0.0,0.25
2021-02-24 18:00:00,2021-02-24,2,0,18,149.75,734,1,7.5,2.6,67,0.0,0.25
2021-02-24 19:00:00,2021-02-24,2,0,19,159.25,2359,1,7.0,1.0,69,0.0,0.25
2021-02-24 20:00:00,2021-02-24,2,0,20,135.5,4,1,7.0,2.0,69,0.0,0.25
2021-02-24 21:00:00,2021-02-24,2,0,21,131.0,1,1,6.9,1.1,69,0.0,0.25
2021-02-24 22:00:00,2021-02-24,2,0,22,121.25,200,1,6.6,0.6,70,0.0,0.25
2021-02-24 23:00:00,2021-02-24,2,0,23,114.75,4,1,5.8,1.3,73,0.0,0.25
2021-02-25 00:00:00,2021-02-25,2,0,0,71.0,0,0,4.8,0.6,78,0.0,0.25
2021-02-25 01:00:00,2021-02-25,2,0,1,119.0,21,1,5.1,1.2,78,0.0,0.25
2021-02-25 02:00:00,2021-02-25,2,0,2,117.0,47,1,4.1,1.4,82,0.0,0.25
2021-02-25 03:00:00,2021-02-25,2,0,3,119.25,0,0,4.0,1.1,83,0.0,0.25
2021-02-25 04:00:00,2021-02-25,2,0,4,118.25,122,1,3.5,1.4,86,0.0,0.25
2021-02-25 05:00:00,2021-02-25,2,0,5,106.0,840,1,3.4,0.8,87,0.0,0.25
2021-02-25 06:00:00,2021-02-25,2,0,6,114.25,0,0,3.4,1.2,88,0.0,0.25
2021-02-25 07:00:00,2021-02-25,2,0,7,135.0,1838,1,2.4,0.4,90,0.0,0.25
2021-02-25 08:00:00,2021-02-25,2,0,8,155.75,598,1,3.8,0.4,86,0.0,0.25
2021-02-25 09:00:00,2021-02-25,2,0,9,169.75,1265,1,6.9,0.3,77,0.0,0.25
2021-02-25 10:00:00,2021-02-25,2,0,10,171.75,1117,1,10.1,0.9,64,0.0,0.25
2021-02-25 11:00:00,2021-02-25,2,0,11,180.25,3784,1,10.1,0.9,60,0.0,0.25
2021-02-25 12:00:00,2021-02-25,2,0,12,121.75,144,1,10.5,0.7,57,0.0,0.25
2021-02-25 13:00:00,2021-02-25,2,0,13,179.25,1573,1,10.4,1.2,58,0.0,0.25
2021-02-25 14:00:00,2021-02-25,2,0,14,177.0,887,1,10.9,1.9,57,0.0,0.25
2021-02-25 15:00:00,2021-02-25,2,0,15,174.5,599,1,11.4,1.6,54,0.0,0.25
2021-02-25 16:00:00,2021-02-25,2,0,16,166.25,1763,1,10.7,2.1,54,0.0,0.25
2021-02-25 17:00:00,2021-02-25,2,0,17,141.0,1389,1,9.4,2.7,65,0.0,0.25
2021-02-25 18:00:00,2021-02-25,2,0,18,141.5,2192,1,7.4,2.3,85,0.2,0.25
2021-02-25 19:00:00,2021-02-25,2,0,19,110.25,967,1,6.6,2.4,98,1.6,0.25
2021-02-25 20:00:00,2021-02-25,2,0,20,108.75,124,1,6.4,2.1,98,2.9,0.25
2021-02-25 21:00:00,2021-02-25,2,0,21,116.25,156,1,6.4,1.0,98,3.3,0.25
2021-02-25 22:00:00,2021-02-25,2,0,22,123.0,113,1,6.4,1.4,98,3.6,0.25
2021-02-25 23:00:00,2021-02-25,2,0,23,101.75,32,1,6.5,2.2,98,3.8,0.25
2021-02-26 00:00:00,2021-02-26,2,0,0,71.0,128,1,6.5,2.1,98,3.8,0.5
2021-02-26 01:00:00,2021-02-26,2,0,1,115.75,97,1,6.5,2.8,98,0.1,0.5
2021-02-26 02:00:00,2021-02-26,2,0,2,111.0,292,1,6.5,2.1,98,0.4,0.5
2021-02-26 03:00:00,2021-02-26,2,0,3,109.25,18,1,7.0,1.4,98,0.5,0.5
2021-02-26 04:00:00,2021-02-26,2,0,4,125.25,234,1,7.1,1.4,98,1.1,0.5
2021-02-26 05:00:00,2021-02-26,2,0,5,97.25,1,1,7.4,1.6,91,1.8,0.5
2021-02-26 06:00:00,2021-02-26,2,0,6,118.0,461,1,7.4,1.8,83,1.9,0.5
2021-02-26 07:00:00,2021-02-26,2,0,7,70.75,869,1,7.2,1.6,96,2.3,0.5
2021-02-26 08:00:00,2021-02-26,2,0,8,23.25,1037,1,7.4,2.0,96,2.6,0.5
2021-02-26 09:00:00,2021-02-26,2,0,9,23.0,761,1,8.4,3.7,88,3.0,0.5
2021-02-26 10:00:00,2021-02-26,2,0,10,25.75,474,1,9.5,4.2,74,3.4,0.5
2021-02-26 11:00:00,2021-02-26,2,0,11,23.75,2107,1,9.9,3.9,62,3.4,0.5
2021-02-26 12:00:00,2021-02-26,2,0,12,23.75,0,0,10.6,4.1,57,3.4,0.5
2021-02-26 13:00:00,2021-02-26,2,0,13,25.25,1298,1,10.1,3.6,56,3.4,0.5
2021-02-26 14:00:00,2021-02-26,2,0,14,23.75,626,1,10.6,3.1,57,3.4,0.5
2021-02-26 15:00:00,2021-02-26,2,0,15,23.25,307,1,10.0,4.1,56,3.4,0.5
2021-02-26 16:00:00,2021-02-26,2,0,16,23.25,2479,1,10.4,3.4,54,3.4,0.5
2021-02-26 17:00:00,2021-02-26,2,0,17,25.75,2440,1,10.1,3.7,58,3.4,0.5
2021-02-26 18:00:00,2021-02-26,2,0,18,23.75,1889,1,9.5,3.0,58,3.4,0.5
2021-02-26 19:00:00,2021-02-26,2,0,19,23.75,883,1,9.3,4.2,58,3.4,0.5
2021-02-26 20:00:00,2021-02-26,2,0,20,25.0,58,1,9.0,3.5,60,3.4,0.5
2021-02-26 21:00:00,2021-02-26,2,0,21,23.5,132,1,8.7,3.0,62,3.4,0.5
2021-02-26 22:00:00,2021-02-26,2,0,22,23.75,139,1,8.6,3.1,63,3.4,0.5
2021-02-26 23:00:00,2021-02-26,2,0,23,25.5,206,1,8.4,3.1,63,3.4,0.5
2021-02-27 00:00:00,2021-02-27,2,1,0,66.25,100,1,8.4,3.8,63,3.4,0.16666666666666666
2021-02-27 01:00:00,2021-02-27,2,1,1,106.0,28,1,8.1,3.2,64,0.0,0.16666666666666666
2021-02-27 02:00:00,2021-02-27,2,1,2,104.0,2,1,7.8,3.3,62,0.0,0.16666666666666666
2021-02-27 03:00:00,2021-02-27,2,1,3,106.5,98,1,7.8,3.6,59,0.0,0.16666666666666666
2021-02-27 04:00:00,2021-02-27,2,1,4,108.75,114,1,7.5,2.9,62,0.0,0.16666666666666666
2021-02-27 05:00:00,2021-02-27,2,1,5,90.0,48,1,7.3,2.9,62,0.0,0.16666666666666666
2021-02-27 06:00:00,2021-02-27,2,1,6,102.25,30,1,7.4,3.4,62,0.0,0.16666666666666666
2021-02-27 07:00:00,2021-02-27,2,1,7,70.5,1939,1,7.3,3.3,61,0.0,0.16666666666666666
2021-02-27 08:00:00,2021-02-27,2,1,8,22.75,6,1,7.1,3.4,62,0.0,0.16666666666666666
2021-02-27 09:00:00,2021-02-27,2,1,9,25.0,0,0,7.1,3.8,60,0.0,0.16666666666666666
2021-02-27 10:00:00,2021-02-27,2,1,10,26.0,0,0,7.1,3.2,61,0.0,0.16666666666666666
2021-02-27 11:00:00,2021-02-27,2,1,11,26.25,0,0,7.2,3.6,60,0.0,0.16666666666666666
2021-02-27 12:00:00,2021-02-27,2,1,12,24.5,0,0,7.6,3.2,61,0.0,0.16666666666666666
2021-02-27 13:00:00,2021-02-27,2,1,13,23.0,0,0,7.2,4.1,61,0.0,0.16666666666666666
2021-02-27 14:00:00,2021-02-27,2,1,14,22.25,0,0,7.3,4.5,57,0.0,0.16666666666666666
2021-02-27 15:00:00,2021-02-27,2,1,15,22.5,0,0,8.1,2.6,55,0.0,0.16666666666666666
2021-02-27 16:00:00,2021-02-27,2,1,16,24.75,0,0,7.2,3.0,60,0.0,0.16666666666666666
2021-02-27 17:00:00,2021-02-27,2,1,17,22.5,0,0,6.8,3.2,62,0.0,0.16666666666666666
2021-02-27 18:00:00,2021-02-27,2,1,18,22.0,0,0,6.4,3.6,63,0.0,0.16666666666666666
2021-02-27 19:00:00,2021-02-27,2,1,19,24.5,0,0,6.4,2.9,65,0.0,0.16666666666666666
2021-02-27 20:00:00,2021-02-27,2,1,20,22.5,0,0,6.1,3.4,67,0.0,0.16666666666666666
2021-02-27 21:00:00,2021-02-27,2,1,21,22.75,0,0,6.0,2.1,69,0.0,0.16666666666666666
2021-02-27 22:00:00,2021-02-27,2,1,22,22.5,0,0,5.9,2.2,69,0.0,0.16666666666666666
2021-02-27 23:00:00,2021-02-27,2,1,23,24.25,0,0,5.9,2.5,71,0.0,0.16666666666666666
2021-02-28 00:00:00,2021-02-28,2,1,0,22.5,0,0,5.8,2.1,71,0.0,0.2
2021-02-28 01:00:00,2021-02-28,2,1,1,21.75,0,0,5.5,2.8,75,0.0,0.2
2021-02-28 02:00:00,2021-02-28,2,1,2,24.5,0,0,5.3,1.9,76,0.0,0.2
2021-02-28 03:00:00,2021-02-28,2,1,3,22.0,0,0,5.0,1.9,77,0.0,0.2
2021-02-28 04:00:00,2021-02-28,2,1,4,22.5,0,0,5.4,2.1,78,0.0,0.2
2021-02-28 05:00:00,2021-02-28,2,1,5,22.25,0,0,5.9,2.1,77,0.0,0.2
2021-02-28 06:00:00,2021-02-28,2,1,6,23.75,0,0,5.5,1.6,79,0.0,0.2
2021-02-28 07:00:00,2021-02-28,2,1,7,21.75,0,0,4.6,1.6,84,0.0,0.2
2021-02-28 08:00:00,2021-02-28,2,1,8,21.5,0,0,4.4,1.3,90,0.0,0.2
2021-02-28 09:00:00,2021-02-28,2,1,9,24.0,0,0,6.3,1.0,84,0.0,0.2
2021-02-28 10:00:00,2021-02-28,2,1,10,22.25,0,0,10.0,1.2,71,0.0,0.2
2021-02-28 11:00:00,2021-02-28,2,1,11,22.0,0,0,10.6,1.1,70,0.0,0.2
2021-02-28 12:00:00,2021-02-28,2,1,12,24.0,0,0,11.2,1.2,67,0.0,0.2
2021-02-28 13:00:00,2021-02-28,2,1,13,23.0,0,0,12.5,1.9,63,0.0,0.2
2021-02-28 14:00:00,2021-02-28,2,1,14,22.25,0,0,14.1,2.4,61,0.0,0.2
2021-02-28 15:00:00,2021-02-28,2,1,15,22.25,0,0,13.9,2.1,63,0.0,0.2
2021-02-28 16:00:00,2021-02-28,2,1,16,25.0,0,0,13.4,2.9,65,0.0,0.2
2021-02-28 17:00:00,2021-02-28,2,1,17,22.0,0,0,12.9,1.6,71,0.0,0.2
2021-02-28 18:00:00,2021-02-28,2,1,18,22.0,0,0,12.9,0.9,76,0.0,0.2
2021-02-28 19:00:00,2021-02-28,2,1,19,23.75,0,0,12.3,1.0,80,0.0,0.2
2021-02-28 20:00:00,2021-02-28,2,1,20,22.0,0,0,11.9,0.2,84,0.0,0.2
2021-02-28 21:00:00,2021-02-28,2,1,21,22.5,0,0,11.5,0.6,84,0.0,0.2
2021-02-28 22:00:00,2021-02-28,2,1,22,22.75,0,0,11.8,1.7,84,0.0,0.2
2021-02-28 23:00:00,2021-02-28,2,1,23,23.5,0,0,11.1,2.0,87,0.0,0.2
2021-03-01 00:00:00,2021-03-01,3,0,0,61.25,0,0,11.1,0.7,88,0.0,0.3333333333333333
2021-03-01 01:00:00,2021-03-01,3,0,1,98.5,0,0,11.2,2.1,88,0.0,0.3333333333333333
2021-03-01 02:00:00,2021-03-01,3,0,2,103.5,0,0,10.4,0.0,90,0.0,0.3333333333333333
2021-03-01 03:00:00,2021-03-01,3,0,3,102.5,0,0,10.7,0.4,91,0.0,0.3333333333333333
2021-03-01 04:00:00,2021-03-01,3,0,4,104.75,0,0,10.6,0.5,94,0.0,0.3333333333333333
2021-03-01 05:00:00,2021-03-01,3,0,5,89.5,0,0,11.8,1.4,95,0.0,0.3333333333333333
2021-03-01 06:00:00,2021-03-01,3,0,6,108.5,0,0,11.4,0.7,97,0.0,0.3333333333333333
2021-03-01 07:00:00,2021-03-01,3,0,7,122.0,0,0,11.5,0.8,98,0.0,0.3333333333333333
2021-03-01 08:00:00,2021-03-01,3,0,8,179.25,0,0,13.1,2.4,96,0.0,0.3333333333333333
2021-03-01 09:00:00,2021-03-01,3,0,9,173.0,0,0,14.2,2.7,91,0.0,0.3333333333333333
2021-03-01 10:00:00,2021-03-01,3,0,10,170.5,0,0,14.4,1.3,88,0.0,0.3333333333333333
2021-03-01 11:00:00,2021-03-01,3,0,11,174.25,0,0,14.8,3.1,88,0.0,0.3333333333333333
2021-03-01 12:00:00,2021-03-01,3,0,12,93.5,0,0,14.9,3.5,86,0.1,0.3333333333333333
2021-03-01 13:00:00,2021-03-01,3,0,13,169.5,0,0,15.8,3.7,83,0.1,0.3333333333333333
2021-03-01 14:00:00,2021-03-01,3,0,14,164.5,0,0,15.4,4.8,88,0.2,0.3333333333333333
2021-03-01 15:00:00,2021-03-01,3,0,15,151.75,0,0,14.4,4.5,98,1.5,0.3333333333333333
2021-03-01 16:00:00,2021-03-01,3,0,16,162.0,0,0,14.7,4.3,98,3.5,0.3333333333333333
2021-03-01 17:00:00,2021-03-01,3,0,17,123.5,0,0,15.3,4.5,98,4.8,0.3333333333333333
2021-03-01 18:00:00,2021-03-01,3,0,18,146.5,0,0,15.5,4.6,98,7.1,0.3333333333333333
2021-03-01 19:00:00,2021-03-01,3,0,19,143.5,0,0,10.0,3.1,98,14.9,0.3333333333333333
2021-03-01 20:00:00,2021-03-01,3,0,20,120.75,0,0,5.8,4.1,98,35.1,0.3333333333333333
2021-03-01 21:00:00,2021-03-01,3,0,21,121.0,0,0,5.1,3.3,98,44.6,0.3333333333333333
2021-03-01 22:00:00,2021-03-01,3,0,22,105.75,0,0,4.7,2.7,98,50.8,0.3333333333333333
2021-03-01 23:00:00,2021-03-01,3,0,23,98.5,0,0,4.3,3.6,98,56.3,0.3333333333333333
2021-03-02 00:00:00,2021-03-02,3,0,0,62.25,0,0,4.2,2.9,98,60.3,0.3333333333333333
2021-03-02 01:00:00,2021-03-02,3,0,1,102.0,0,0,3.5,3.9,97,2.5,0.3333333333333333
2021-03-02 02:00:00,2021-03-02,3,0,2,108.75,0,0,1.8,3.7,98,4.7,0.3333333333333333
2021-03-02 03:00:00,2021-03-02,3,0,3,103.5,0,0,1.4,3.1,98,5.5,0.3333333333333333
2021-03-02 04:00:00,2021-03-02,3,0,4,99.75,0,0,1.7,4.1,98,6.3,0.3333333333333333
2021-03-02 05:00:00,2021-03-02,3,0,5,84.5,0,0,2.1,4.5,97,6.4,0.3333333333333333
2021-03-02 06:00:00,2021-03-02,3,0,6,102.5,0,0,2.0,3.8,94,6.4,0.3333333333333333
2021-03-02 07:00:00,2021-03-02,3,0,7,132.0,25,1,2.4,3.7,85,6.4,0.3333333333333333
2021-03-02 08:00:00,2021-03-02,3,0,8,172.25,375,1,2.5,3.3,84,6.4,0.3333333333333333
2021-03-02 09:00:00,2021-03-02,3,0,9,176.5,660,1,2.8,3.4,83,6.4,0.3333333333333333
2021-03-02 10:00:00,2021-03-02,3,0,10,172.75,527,1,3.1,3.7,78,6.4,0.3333333333333333
2021-03-02 11:00:00,2021-03-02,3,0,11,167.5,703,1,3.4,3.7,80,6.4,0.3333333333333333
2021-03-02 12:00:00,2021-03-02,3,0,12,102.75,305,1,4.2,4.1,76,6.4,0.3333333333333333
2021-03-02 13:00:00,2021-03-02,3,0,13,181.75,869,1,4.3,4.0,73,6.4,0.3333333333333333
2021-03-02 14:00:00,2021-03-02,3,0,14,177.0,884,1,4.5,4.3,64,6.4,0.3333333333333333
2021-03-02 15:00:00,2021-03-02,3,0,15,155.5,1629,1,3.8,2.8,71,6.4,0.3333333333333333
2021-03-02 16:00:00,2021-03-02,3,0,16,167.0,8835,1,3.7,2.9,76,6.4,0.3333333333333333
2021-03-02 17:00:00,2021-03-02,3,0,17,136.25,795,1,3.6,2.8,75,6.4,0.3333333333333333
2021-03-02 18:00:00,2021-03-02,3,0,18,151.5,338,1,3.2,2.8,79,6.4,0.3333333333333333
2021-03-02 19:00:00,2021-03-02,3,0,19,127.5,1898,1,3.1,2.7,79,6.4,0.3333333333333333
2021-03-02 20:00:00,2021-03-02,3,0,20,112.5,64,1,2.9,1.7,79,6.4,0.3333333333333333
2021-03-02 21:00:00,2021-03-02,3,0,21,111.25,67,1,2.1,2.4,82,6.4,0.3333333333333333
2021-03-02 22:00:00,2021-03-02,3,0,22,100.5,98,1,1.9,1.8,84,6.4,0.3333333333333333
2021-03-02 23:00:00,2021-03-02,3,0,23,96.0,195,1,1.0,1.2,88,6.4,0.3333333333333333
2021-03-03 00:00:00,2021-03-03,3,0,0,66.0,56,1,0.8,2.2,89,6.4,0.3333333333333333
2021-03-03 01:00:00,2021-03-03,3,0,1,105.0,436,1,0.7,1.4,89,0.0,0.3333333333333333
2021-03-03 02:00:00,2021-03-03,3,0,2,112.5,56,1,0.7,2.0,88,0.0,0.3333333333333333
2021-03-03 03:00:00,2021-03-03,3,0,3,105.25,30,1,0.9,2.3,86,0.0,0.3333333333333333
2021-03-03 04:00:00,2021-03-03,3,0,4,105.75,26,1,0.6,2.2,86,0.0,0.3333333333333333
2021-03-03 05:00:00,2021-03-03,3,0,5,91.25,430,1,0.3,1.7,86,0.0,0.3333333333333333
2021-03-03 06:00:00,2021-03-03,3,0,6,112.0,98,1,-0.4,0.8,92,0.0,0.3333333333333333
2021-03-03 07:00:00,2021-03-03,3,0,7,128.5,1251,1,-0.5,2.4,92,0.0,0.3333333333333333
2021-03-03 08:00:00,2021-03-03,3,0,8,170.25,321,1,0.9,1.5,90,0.0,0.3333333333333333
2021-03-03 09:00:00,2021-03-03,3,0,9,169.75,1038,1,3.6,1.2,79,0.0,0.3333333333333333
2021-03-03 10:00:00,2021-03-03,3,0,10,155.5,697,1,6.0,1.0,65,0.0,0.3333333333333333
2021-03-03 11:00:00,2021-03-03,3,0,11,162.0,1264,1,7.3,1.2,56,0.0,0.3333333333333333
2021-03-03 12:00:00,2021-03-03,3,0,12,101.5,333,1,7.9,1.8,48,0.0,0.3333333333333333
2021-03-03 13:00:00,2021-03-03,3,0,13,158.0,654,1,8.1,2.3,51,0.0,0.3333333333333333
2021-03-03 14:00:00,2021-03-03,3,0,14,158.75,2720,1,8.2,2.6,51,0.0,0.3333333333333333
2021-03-03 15:00:00,2021-03-03,3,0,15,151.25,365,1,9.0,2.8,52,0.0,0.3333333333333333
2021-03-03 16:00:00,2021-03-03,3,0,16,160.0,2492,1,8.7,2.7,52,0.0,0.3333333333333333
2021-03-03 17:00:00,2021-03-03,3,0,17,132.25,1141,1,7.6,2.5,55,0.0,0.3333333333333333
2021-03-03 18:00:00,2021-03-03,3,0,18,132.0,184,1,7.0,2.5,58,0.0,0.3333333333333333
2021-03-03 19:00:00,2021-03-03,3,0,19,114.75,3330,1,6.7,1.1,62,0.0,0.3333333333333333
2021-03-03 20:00:00,2021-03-03,3,0,20,122.25,190,1,6.1,0.6,65,0.0,0.3333333333333333
2021-03-03 21:00:00,2021-03-03,3,0,21,122.75,72,1,5.5,0.9,69,0.0,0.3333333333333333
2021-03-03 22:00:00,2021-03-03,3,0,22,112.75,36,1,5.0,0.1,73,0.0,0.3333333333333333
2021-03-03 23:00:00,2021-03-03,3,0,23,104.5,0,0,5.2,1.4,70,0.0,0.3333333333333333
2021-03-04 00:00:00,2021-03-04,3,0,0,67.75,508,1,4.4,0.8,75,0.0,0.25
2021-03-04 01:00:00,2021-03-04,3,0,1,108.0,15,1,4.2,1.0,74,0.0,0.25
2021-03-04 02:00:00,2021-03-04,3,0,2,109.75,10,1,3.5,1.0,78,0.0,0.25
2021-03-04 03:00:00,2021-03-04,3,0,3,106.5,450,1,3.8,1.5,78,0.0,0.25
2021-03-04 04:00:00,2021-03-04,3,0,4,108.75,148,1,3.4,0.6,80,0.0,0.25
2021-03-04 05:00:00,2021-03-04,3,0,5,90.25,26,1,3.5,2.1,82,0.0,0.25
2021-03-04 06:00:00,2021-03-04,3,0,6,108.75,16,1,3.3,1.1,83,0.0,0.25
2021-03-04 07:00:00,2021-03-04,3,0,7,128.25,1771,1,3.7,1.6,83,0.0,0.25
2021-03-04 08:00:00,2021-03-04,3,0,8,156.25,469,1,4.7,1.3,80,0.0,0.25
2021-03-04 09:00:00,2021-03-04,3,0,9,160.25,1343,1,5.8,0.6,79,0.0,0.25
2021-03-04 10:00:00,2021-03-04,3,0,10,156.5,790,1,7.5,1.5,75,0.0,0.25
2021-03-04 11:00:00,2021-03-04,3,0,11,148.75,1291,1,8.7,2.2,66,0.0,0.25
2021-03-04 12:00:00,2021-03-04,3,0,12,89.25,0,0,11.1,1.0,63,0.0,0.25
2021-03-04 13:00:00,2021-03-04,3,0,13,155.25,903,1,11.7,1.1,65,0.0,0.25
2021-03-04 14:00:00,2021-03-04,3,0,14,152.0,757,1,12.8,0.8,62,0.0,0.25
2021-03-04 15:00:00,2021-03-04,3,0,15,140.0,976,1,13.0,2.0,66,0.0,0.25
2021-03-04 16:00:00,2021-03-04,3,0,16,141.5,1605,1,12.8,2.6,71,0.0,0.25
2021-03-04 17:00:00,2021-03-04,3,0,17,122.25,251,1,12.6,1.8,72,0.0,0.25
2021-03-04 18:00:00,2021-03-04,3,0,18,139.25,615,1,12.0,1.5,76,0.0,0.25
2021-03-04 19:00:00,2021-03-04,3,0,19,112.75,2126,1,11.2,1.0,85,0.0,0.25
2021-03-04 20:00:00,2021-03-04,3,0,20,100.75,1,1,10.2,1.7,97,1.3,0.25
2021-03-04 21:00:00,2021-03-04,3,0,21,108.25,171,1,9.1,2.5,96,1.3,0.25
2021-03-04 22:00:00,2021-03-04,3,0,22,106.75,16,1,8.7,1.3,97,1.3,0.25
2021-03-04 23:00:00,2021-03-04,3,0,23,97.0,242,1,8.4,1.2,98,1.3,0.25
2021-03-05 00:00:00,2021-03-05,3,0,0,24.0,0,0,8.3,1.8,97,1.4,0.06666666666666667
2021-03-05 01:00:00,2021-03-05,3,0,1,21.25,0,0,8.1,1.6,97,0.1,0.06666666666666667
2021-03-05 02:00:00,2021-03-05,3,0,2,21.25,0,0,8.3,1.8,95,0.1,0.06666666666666667
2021-03-05 03:00:00,2021-03-05,3,0,3,22.5,0,0,8.3,2.1,93,0.1,0.06666666666666667
2021-03-05 04:00:00,2021-03-05,3,0,4,23.25,0,0,8.3,1.6,94,0.1,0.06666666666666667
2021-03-05 05:00:00,2021-03-05,3,0,5,21.25,0,0,8.5,3.1,93,0.1,0.06666666666666667
2021-03-05 06:00:00,2021-03-05,3,0,6,21.25,0,0,8.9,2.3,91,0.1,0.06666666666666667
2021-03-05 07:00:00,2021-03-05,3,0,7,23.75,0,0,8.6,2.3,88,0.1,0.06666666666666667
2021-03-05 08:00:00,2021-03-05,3,0,8,21.0,0,0,8.8,2.8,89,0.1,0.06666666666666667
2021-03-05 09:00:00,2021-03-05,3,0,9,21.0,0,0,8.9,1.8,92,0.1,0.06666666666666667
2021-03-05 10:00:00,2021-03-05,3,0,10,22.5,0,0,9.5,1.7,96,0.2,0.06666666666666667
2021-03-05 11:00:00,2021-03-05,3,0,11,22.0,0,0,11.3,2.4,90,0.2,0.06666666666666667
2021-03-05 12:00:00,2021-03-05,3,0,12,21.0,0,0,13.0,2.1,82,0.2,0.06666666666666667
2021-03-05 13:00:00,2021-03-05,3,0,13,21.0,0,0,15.3,2.4,72,0.2,0.06666666666666667
2021-03-05 14:00:00,2021-03-05,3,0,14,22.75,0,0,15.4,2.7,71,0.2,0.06666666666666667
2021-03-05 15:00:00,2021-03-05,3,0,15,21.0,0,0,16.8,2.5,67,0.2,0.06666666666666667
2021-03-05 16:00:00,2021-03-05,3,0,16,21.0,0,0,15.9,3.2,67,0.2,0.06666666666666667
2021-03-05 17:00:00,2021-03-05,3,0,17,23.25,0,0,14.9,2.7,70,0.2,0.06666666666666667
2021-03-05 18:00:00,2021-03-05,3,0,18,21.0,0,0,14.1,0.8,74,0.2,0.06666666666666667
2021-03-05 19:00:00,2021-03-05,3,0,19,21.0,0,0,12.8,0.4,82,0.2,0.06666666666666667
2021-03-05 20:00:00,2021-03-05,3,0,20,23.25,0,0,12.5,1.5,90,0.2,0.06666666666666667
2021-03-05 21:00:00,2021-03-05,3,0,21,21.25,0,0,11.2,1.6,97,0.2,0.06666666666666667
2021-03-05 22:00:00,2021-03-05,3,0,22,21.0,0,0,10.4,0.3,98,0.2,0.06666666666666667
2021-03-05 23:00:00,2021-03-05,3,0,23,24.0,0,0,10.5,0.8,98,0.2,0.06666666666666667
2021-03-06 00:00:00,2021-03-06,3,1,0,63.25,36,1,11.1,1.9,92,0.2,0.14285714285714285
2021-03-06 01:00:00,2021-03-06,3,1,1,104.5,71,1,10.5,0.2,77,0.0,0.14285714285714285
2021-03-06 02:00:00,2021-03-06,3,1,2,103.75,290,1,11.6,2.3,57,0.0,0.14285714285714285
2021-03-06 03:00:00,2021-03-06,3,1,3,105.25,120,1,11.5,2.8,56,0.0,0.14285714285714285
2021-03-06 04:00:00,2021-03-06,3,1,4,106.75,4,1,11.3,3.4,57,0.0,0.14285714285714285
2021-03-06 05:00:00,2021-03-06,3,1,5,92.25,160,1,11.0,3.2,60,0.0,0.14285714285714285
2021-03-06 06:00:00,2021-03-06,3,1,6,106.5,213,1,10.7,3.5,74,0.0,0.14285714285714285
2021-03-06 07:00:00,2021-03-06,3,1,7,61.0,1468,1,10.4,3.6,77,0.0,0.14285714285714285
2021-03-06 08:00:00,2021-03-06,3,1,8,24.0,0,0,10.0,4.3,77,0.0,0.14285714285714285
2021-03-06 09:00:00,2021-03-06,3,1,9,22.0,0,0,9.0,4.4,79,0.0,0.14285714285714285
2021-03-06 10:00:00,2021-03-06,3,1,10,22.0,0,0,7.8,3.4,85,0.0,0.14285714285714285
2021-03-06 11:00:00,2021-03-06,3,1,11,25.0,0,0,7.0,3.7,84,0.0,0.14285714285714285
2021-03-06 12:00:00,2021-03-06,3,1,12,22.25,0,0,6.7,4.3,78,0.0,0.14285714285714285
2021-03-06 13:00:00,2021-03-06,3,1,13,22.25,0,0,6.4,3.6,78,0.0,0.14285714285714285
2021-03-06 14:00:00,2021-03-06,3,1,14,22.5,0,0,5.2,4.1,91,0.0,0.14285714285714285
2021-03-06 15:00:00,2021-03-06,3,1,15,24.75,0,0,4.7,3.5,93,0.0,0.14285714285714285
2021-03-06 16:00:00,2021-03-06,3,1,16,22.75,0,0,4.2,3.8,96,0.9,0.14285714285714285
2021-03-06 17:00:00,2021-03-06,3,1,17,22.25,0,0,4.0,3.2,96,1.2,0.14285714285714285
2021-03-06 18:00:00,2021-03-06,3,1,18,24.75,0,0,3.6,3.1,97,1.5,0.14285714285714285
2021-03-06 19:00:00,2021-03-06,3,1,19,22.0,0,0,4.2,3.1,87,1.5,0.14285714285714285
2021-03-06 20:00:00,2021-03-06,3,1,20,22.0,0,0,4.2,2.9,85,1.5,0.14285714285714285
2021-03-06 21:00:00,2021-03-06,3,1,21,23.5,0,0,4.3,2.3,84,1.5,0.14285714285714285
2021-03-06 22:00:00,2021-03-06,3,1,22,23.0,0,0,4.5,1.9,82,1.5,0.14285714285714285
2021-03-06 23:00:00,2021-03-06,3,1,23,22.0,0,0,4.4,2.3,82,1.5,0.14285714285714285
2021-03-07 00:00:00,2021-03-07,3,1,0,22.75,0,0,4.3,2.7,82,1.5,1.0
2021-03-07 01:00:00,2021-03-07,3,1,1,23.0,0,0,4.1,2.8,84,0.0,1.0
2021-03-07 02:00:00,2021-03-07,3,1,2,22.0,0,0,4.1,2.8,82,0.0,1.0
2021-03-07 03:00:00,2021-03-07,3,1,3,22.25,0,0,4.2,2.1,80,0.0,1.0
2021-03-07 04:00:00,2021-03-07,3,1,4,23.75,0,0,4.2,3.0,79,0.0,1.0
2021-03-07 05:00:00,2021-03-07,3,1,5,22.0,0,0,4.3,2.1,76,0.0,1.0
2021-03-07 06:00:00,2021-03-07,3,1,6,22.0,0,0,4.4,2.3,74,0.0,1.0
2021-03-07 07:00:00,2021-03-07,3,1,7,56.25,0,0,4.3,2.2,74,0.0,1.0
2021-03-07 08:00:00,2021-03-07,3,1,8,171.0,0,0,4.5,2.7,73,0.0,1.0
2021-03-07 09:00:00,2021-03-07,3,1,9,166.0,0,0,4.8,2.1,72,0.0,1.0
2021-03-07 10:00:00,2021-03-07,3,1,10,160.75,0,0,5.0,2.7,69,0.0,1.0
2021-03-07 11:00:00,2021-03-07,3,1,11,168.25,0,0,5.3,3.3,65,0.0,1.0
2021-03-07 12:00:00,2021-03-07,3,1,12,115.0,0,0,6.0,2.5,63,0.0,1.0
2021-03-07 13:00:00,2021-03-07,3,1,13,174.75,0,0,6.7,3.1,59,0.0,1.0
2021-03-07 14:00:00,2021-03-07,3,1,14,174.5,0,0,8.1,2.9,57,0.0,1.0
2021-03-07 15:00:00,2021-03-07,3,1,15,162.5,0,0,7.4,3.7,60,0.0,1.0
2021-03-07 16:00:00,2021-03-07,3,1,16,165.25,0,0,7.1,3.1,63,0.0,1.0
2021-03-07 17:00:00,2021-03-07,3,1,17,135.75,0,0,6.8,2.3,66,0.0,1.0
2021-03-07 18:00:00,2021-03-07,3,1,18,152.25,0,0,6.1,2.0,69,0.0,1.0
2021-03-07 19:00:00,2021-03-07,3,1,19,129.5,0,0,5.8,1.2,71,0.0,1.0
2021-03-07 20:00:00,2021-03-07,3,1,20,108.25,0,0,5.4,0.7,74,0.0,1.0
2021-03-07 21:00:00,2021-03-07,3,1,21,111.0,0,0,5.1,0.9,75,0.0,1.0
2021-03-07 22:00:00,2021-03-07,3,1,22,94.75,0,0,4.2,1.3,79,0.0,1.0
2021-03-07 23:00:00,2021-03-07,3,1,23,98.25,0,0,4.0,1.4,81,0.0,1.0
2021-03-08 00:00:00,2021-03-08,3,0,0,63.0,0,0,3.5,0.8,83,0.0,0.25
2021-03-08 01:00:00,2021-03-08,3,0,1,99.0,0,0,3.8,0.6,82,0.0,0.25
2021-03-08 02:00:00,2021-03-08,3,0,2,102.75,0,0,3.3,1.5,85,0.0,0.25
2021-03-08 03:00:00,2021-03-08,3,0,3,99.5,0,0,2.0,0.4,88,0.0,0.25
2021-03-08 04:00:00,2021-03-08,3,0,4,105.0,0,0,2.5,0.7,89,0.0,0.25
2021-03-08 05:00:00,2021-03-08,3,0,5,87.25,0,0,2.3,1.3,89,0.0,0.25
2021-03-08 06:00:00,2021-03-08,3,0,6,97.5,0,0,2.3,0.8,89,0.0,0.25
2021-03-08 07:00:00,2021-03-08,3,0,7,93.25,0,0,1.8,1.1,95,0.0,0.25
2021-03-08 08:00:00,2021-03-08,3,0,8,154.0,369,1,4.1,2.0,83,0.0,0.25
2021-03-08 09:00:00,2021-03-08,3,0,9,160.25,434,1,5.7,1.0,77,0.0,0.25
2021-03-08 10:00:00,2021-03-08,3,0,10,142.0,286,1,8.9,1.6,67,0.0,0.25
2021-03-08 11:00:00,2021-03-08,3,0,11,164.25,1740,1,9.9,2.3,64,0.0,0.25
2021-03-08 12:00:00,2021-03-08,3,0,12,102.75,120,1,10.7,3.6,56,0.0,0.25
2021-03-08 13:00:00,2021-03-08,3,0,13,164.75,1771,1,9.9,3.6,60,0.0,0.25
2021-03-08 14:00:00,2021-03-08,3,0,14,165.75,1976,1,10.7,3.9,57,0.0,0.25
2021-03-08 15:00:00,2021-03-08,3,0,15,161.25,1024,1,10.2,3.8,62,0.0,0.25
2021-03-08 16:00:00,2021-03-08,3,0,16,158.0,1002,1,9.1,3.1,66,0.0,0.25
2021-03-08 17:00:00,2021-03-08,3,0,17,136.25,736,1,8.4,3.7,68,0.0,0.25
2021-03-08 18:00:00,2021-03-08,3,0,18,153.75,1891,1,8.0,3.1,68,0.0,0.25
2021-03-08 19:00:00,2021-03-08,3,0,19,141.75,2879,1,7.3,1.4,71,0.0,0.25
2021-03-08 20:00:00,2021-03-08,3,0,20,128.75,10,1,7.1,2.0,71,0.0,0.25
2021-03-08 21:00:00,2021-03-08,3,0,21,121.25,15,1,6.1,1.3,75,0.0,0.25
2021-03-08 22:00:00,2021-03-08,3,0,22,107.0,95,1,6.1,1.8,74,0.0,0.25
2021-03-08 23:00:00,2021-03-08,3,0,23,101.25,14,1,5.8,0.7,75,0.0,0.25
2021-03-09 00:00:00,2021-03-09,3,0,0,67.75,0,0,4.9,1.9,79,0.0,0.3333333333333333
2021-03-09 01:00:00,2021-03-09,3,0,1,98.75,54,1,4.1,0.8,83,0.0,0.3333333333333333
2021-03-09 02:00:00,2021-03-09,3,0,2,103.75,192,1,4.4,2.3,83,0.0,0.3333333333333333
2021-03-09 03:00:00,2021-03-09,3,0,3,103.25,70,1,4.5,1.4,81,0.0,0.3333333333333333
2021-03-09 04:00:00,2021-03-09,3,0,4,99.5,30,1,4.5,1.9,81,0.0,0.3333333333333333
2021-03-09 05:00:00,2021-03-09,3,0,5,84.5,84,1,4.8,2.8,79,0.0,0.3333333333333333
2021-03-09 06:00:00,2021-03-09,3,0,6,103.25,244,1,4.0,0.7,83,0.0,0.3333333333333333
2021-03-09 07:00:00,2021-03-09,3,0,7,127.5,825,1,4.0,1.0,86,0.0,0.3333333333333333
2021-03-09 08:00:00,2021-03-09,3,0,8,168.75,552,1,5.2,0.8,82,0.0,0.3333333333333333
2021-03-09 09:00:00,2021-03-09,3,0,9,172.25,727,1,6.7,1.0,76,0.0,0.3333333333333333
2021-03-09 10:00:00,2021-03-09,3,0,10,166.25,688,1,8.3,1.1,70,0.0,0.3333333333333333
2021-03-09 11:00:00,2021-03-09,3,0,11,171.5,1359,1,9.9,1.4,62,0.0,0.3333333333333333
2021-03-09 12:00:00,2021-03-09,3,0,12,109.75,20,1,11.3,1.4,58,0.0,0.3333333333333333
2021-03-09 13:00:00,2021-03-09,3,0,13,169.25,851,1,12.4,2.4,47,0.0,0.3333333333333333
2021-03-09 14:00:00,2021-03-09,3,0,14,165.25,5260,1,13.8,1.9,43,0.0,0.3333333333333333
2021-03-09 15:00:00,2021-03-09,3,0,15,157.75,835,1,14.0,3.2,51,0.0,0.3333333333333333
2021-03-09 16:00:00,2021-03-09,3,0,16,150.75,1622,1,12.9,3.0,60,0.0,0.3333333333333333
2021-03-09 17:00:00,2021-03-09,3,0,17,129.25,114,1,11.6,3.4,66,0.0,0.3333333333333333
2021-03-09 18:00:00,2021-03-09,3,0,18,154.5,1264,1,11.0,2.6,69,0.0,0.3333333333333333
2021-03-09 19:00:00,2021-03-09,3,0,19,131.5,2191,1,10.7,0.8,73,0.0,0.3333333333333333
2021-03-09 20:00:00,2021-03-09,3,0,20,109.25,59,1,9.6,1.4,78,0.0,0.3333333333333333
2021-03-09 21:00:00,2021-03-09,3,0,21,105.0,209,1,9.2,1.6,81,0.0,0.3333333333333333
2021-03-09 22:00:00,2021-03-09,3,0,22,101.0,194,1,8.7,0.7,75,0.0,0.3333333333333333
2021-03-09 23:00:00,2021-03-09,3,0,23,94.5,48,1,9.2,0.9,60,0.0,0.3333333333333333
2021-03-10 00:00:00,2021-03-10,3,0,0,64.75,0,0,9.6,1.6,49,0.0,0.3333333333333333
2021-03-10 01:00:00,2021-03-10,3,0,1,102.5,240,1,9.1,1.5,48,0.0,0.3333333333333333
2021-03-10 02:00:00,2021-03-10,3,0,2,104.25,418,1,8.5,1.8,49,0.0,0.3333333333333333
2021-03-10 03:00:00,2021-03-10,3,0,3,99.25,0,0,7.8,3.1,49,0.0,0.3333333333333333
2021-03-10 04:00:00,2021-03-10,3,0,4,106.0,81,1,7.7,3.4,48,0.0,0.3333333333333333
2021-03-10 05:00:00,2021-03-10,3,0,5,91.0,10,1,7.3,3.8,48,0.0,0.3333333333333333
2021-03-10 06:00:00,2021-03-10,3,0,6,103.75,194,1,6.8,3.6,49,0.0,0.3333333333333333
2021-03-10 07:00:00,2021-03-10,3,0,7,118.5,830,1,7.0,3.6,49,0.0,0.3333333333333333
2021-03-10 08:00:00,2021-03-10,3,0,8,155.0,115,1,8.6,3.0,62,0.0,0.3333333333333333
2021-03-10 09:00:00,2021-03-10,3,0,9,166.0,1503,1,10.2,4.4,60,0.0,0.3333333333333333
2021-03-10 10:00:00,2021-03-10,3,0,10,163.75,918,1,10.6,4.2,57,0.0,0.3333333333333333
2021-03-10 11:00:00,2021-03-10,3,0,11,160.75,1057,1,11.9,2.9,50,0.0,0.3333333333333333
2021-03-10 12:00:00,2021-03-10,3,0,12,111.0,40,1,11.7,3.7,52,0.0,0.3333333333333333
2021-03-10 13:00:00,2021-03-10,3,0,13,152.5,802,1,11.7,3.3,54,0.0,0.3333333333333333
2021-03-10 14:00:00,2021-03-10,3,0,14,162.25,1522,1,12.1,4.0,46,0.0,0.3333333333333333
2021-03-10 15:00:00,2021-03-10,3,0,15,152.25,1007,1,11.5,3.8,47,0.0,0.3333333333333333
2021-03-10 16:00:00,2021-03-10,3,0,16,152.5,231,1,11.2,3.5,45,0.0,0.3333333333333333
2021-03-10 17:00:00,2021-03-10,3,0,17,129.75,1283,1,10.1,3.9,52,0.0,0.3333333333333333
2021-03-10 18:00:00,2021-03-10,3,0,18,122.25,854,1,9.1,2.8,55,0.0,0.3333333333333333
2021-03-10 19:00:00,2021-03-10,3,0,19,123.25,2332,1,8.1,2.0,58,0.0,0.3333333333333333
2021-03-10 20:00:00,2021-03-10,3,0,20,133.25,14,1,7.7,1.7,59,0.0,0.3333333333333333
2021-03-10 21:00:00,2021-03-10,3,0,21,129.0,8,1,7.0,0.6,62,0.0,0.3333333333333333
2021-03-10 22:00:00,2021-03-10,3,0,22,117.5,60,1,6.1,1.3,66,0.0,0.3333333333333333
2021-03-10 23:00:00,2021-03-10,3,0,23,104.75,0,0,4.7,0.5,72,0.0,0.3333333333333333
2021-03-11 00:00:00,2021-03-11,3,0,0,69.75,0,0,4.7,0.5,72,0.0,0.25
2021-03-11 01:00:00,2021-03-11,3,0,1,107.0,698,1,4.4,1.0,74,0.0,0.25
2021-03-11 02:00:00,2021-03-11,3,0,2,104.25,102,1,3.8,1.6,77,0.0,0.25
2021-03-11 03:00:00,2021-03-11,3,0,3,101.0,97,1,4.0,1.1,76,0.0,0.25
2021-03-11 04:00:00,2021-03-11,3,0,4,111.25,200,1,2.7,0.6,85,0.0,0.25
2021-03-11 05:00:00,2021-03-11,3,0,5,89.75,18,1,3.4,2.0,84,0.0,0.25
2021-03-11 06:00:00,2021-03-11,3,0,6,105.25,1240,1,2.0,0.4,90,0.0,0.25
2021-03-11 07:00:00,2021-03-11,3,0,7,133.0,336,1,2.9,0.2,89,0.0,0.25
2021-03-11 08:00:00,2021-03-11,3,0,8,167.5,875,1,4.5,0.5,86,0.0,0.25
2021-03-11 09:00:00,2021-03-11,3,0,9,168.0,1337,1,6.5,1.4,76,0.0,0.25
2021-03-11 10:00:00,2021-03-11,3,0,10,156.0,1430,1,10.0,1.0,62,0.0,0.25
2021-03-11 11:00:00,2021-03-11,3,0,11,167.75,3577,1,12.1,1.5,55,0.0,0.25
2021-03-11 12:00:00,2021-03-11,3,0,12,104.0,109,1,13.4,1.6,30,0.0,0.25
2021-03-11 13:00:00,2021-03-11,3,0,13,153.5,463,1,14.9,2.6,32,0.0,0.25
2021-03-11 14:00:00,2021-03-11,3,0,14,158.5,643,1,14.9,2.3,51,0.0,0.25
2021-03-11 15:00:00,2021-03-11,3,0,15,149.5,577,1,13.7,2.9,60,0.0,0.25
2021-03-11 16:00:00,2021-03-11,3,0,16,156.75,720,1,13.9,3.1,62,0.0,0.25
2021-03-11 17:00:00,2021-03-11,3,0,17,135.75,532,1,13.3,2.2,67,0.0,0.25
2021-03-11 18:00:00,2021-03-11,3,0,18,144.75,1032,1,12.3,2.4,74,0.0,0.25
2021-03-11 19:00:00,2021-03-11,3,0,19,136.0,3434,1,11.9,1.3,80,0.0,0.25
2021-03-11 20:00:00,2021-03-11,3,0,20,120.75,1,1,11.6,0.9,81,0.0,0.25
2021-03-11 21:00:00,2021-03-11,3,0,21,109.25,392,1,11.3,1.0,83,0.0,0.25
2021-03-11 22:00:00,2021-03-11,3,0,22,104.0,20,1,11.2,1.1,83,0.0,0.25
2021-03-11 23:00:00,2021-03-11,3,0,23,99.75,66,1,10.6,1.1,85,0.0,0.25
2021-03-12 00:00:00,2021-03-12,3,0,0,24.0,0,0,10.9,2.0,81,0.0,0.06666666666666667
2021-03-12 01:00:00,2021-03-12,3,0,1,21.25,0,0,10.4,1.4,84,0.0,0.06666666666666667
2021-03-12 02:00:00,2021-03-12,3,0,2,21.25,0,0,9.8,0.9,89,0.2,0.06666666666666667
2021-03-12 03:00:00,2021-03-12,3,0,3,22.5,0,0,9.2,3.2,97,1.5,0.06666666666666667
2021-03-12 04:00:00,2021-03-12,3,0,4,23.25,0,0,9.5,3.0,94,1.8,0.06666666666666667
2021-03-12 05:00:00,2021-03-12,3,0,5,21.25,0,0,9.1,2.9,97,2.8,0.06666666666666667
2021-03-12 06:00:00,2021-03-12,3,0,6,21.25,0,0,8.9,3.2,98,3.8,0.06666666666666667
2021-03-12 07:00:00,2021-03-12,3,0,7,23.75,0,0,8.6,3.4,98,5.2,0.06666666666666667
2021-03-12 08:00:00,2021-03-12,3,0,8,21.0,0,0,8.3,2.0,98,9.0,0.06666666666666667
2021-03-12 09:00:00,2021-03-12,3,0,9,21.0,0,0,8.5,1.1,98,11.0,0.06666666666666667
2021-03-12 10:00:00,2021-03-12,3,0,10,22.5,0,0,9.6,3.1,98,11.8,0.06666666666666667
2021-03-12 11:00:00,2021-03-12,3,0,11,22.0,0,0,10.0,3.9,98,12.2,0.06666666666666667
2021-03-12 12:00:00,2021-03-12,3,0,12,21.0,0,0,10.4,2.9,98,12.8,0.06666666666666667
2021-03-12 13:00:00,2021-03-12,3,0,13,21.0,0,0,10.7,2.5,98,16.2,0.06666666666666667
2021-03-12 14:00:00,2021-03-12,3,0,14,22.75,0,0,10.9,3.4,98,19.9,0.06666666666666667
2021-03-12 15:00:00,2021-03-12,3,0,15,21.0,0,0,10.8,3.4,98,22.3,0.06666666666666667
2021-03-12 16:00:00,2021-03-12,3,0,16,21.0,0,0,10.0,3.7,98,25.3,0.06666666666666667
2021-03-12 17:00:00,2021-03-12,3,0,17,23.25,0,0,10.0,3.3,98,27.3,0.06666666666666667
2021-03-12 18:00:00,2021-03-12,3,0,18,21.0,0,0,9.9,3.3,98,29.2,0.06666666666666667
2021-03-12 19:00:00,2021-03-12,3,0,19,21.0,0,0,10.1,4.5,90,29.3,0.06666666666666667
2021-03-12 20:00:00,2021-03-12,3,0,20,23.25,0,0,9.6,3.4,88,29.3,0.06666666666666667
2021-03-12 21:00:00,2021-03-12,3,0,21,21.25,0,0,8.8,3.9,95,29.4,0.06666666666666667
2021-03-12 22:00:00,2021-03-12,3,0,22,21.0,0,0,8.4,4.3,95,29.4,0.06666666666666667
2021-03-12 23:00:00,2021-03-12,3,0,23,24.0,0,0,8.5,4.0,90,29.4,0.06666666666666667
2021-03-13 00:00:00,2021-03-13,3,1,0,63.25,0,0,9.0,3.9,84,29.4,0.14285714285714285
2021-03-13 01:00:00,2021-03-13,3,1,1,104.5,95,1,9.1,3.6,85,0.0,0.14285714285714285
2021-03-13 02:00:00,2021-03-13,3,1,2,103.75,120,1,9.0,3.5,81,0.0,0.14285714285714285
2021-03-13 03:00:00,2021-03-13,3,1,3,105.25,76,1,8.8,3.3,79,0.0,0.14285714285714285
2021-03-13 04:00:00,2021-03-13,3,1,4,106.75,20,1,8.6,3.4,79,0.0,0.14285714285714285
2021-03-13 05:00:00,2021-03-13,3,1,5,92.25,22,1,8.5,3.9,77,0.0,0.14285714285714285
2021-03-13 06:00:00,2021-03-13,3,1,6,106.5,107,1,8.5,4.0,76,0.0,0.14285714285714285
2021-03-13 07:00:00,2021-03-13,3,1,7,61.0,1164,1,8.2,3.3,76,0.0,0.14285714285714285
2021-03-13 08:00:00,2021-03-13,3,1,8,24.0,2,1,8.4,3.5,75,0.0,0.14285714285714285
2021-03-13 09:00:00,2021-03-13,3,1,9,22.0,0,0,9.4,3.8,71,0.0,0.14285714285714285
2021-03-13 10:00:00,2021-03-13,3,1,10,22.0,0,0,10.3,3.0,66,0.0,0.14285714285714285
2021-03-13 11:00:00,2021-03-13,3,1,11,25.0,0,0,11.4,2.6,63,0.0,0.14285714285714285
2021-03-13 12:00:00,2021-03-13,3,1,12,22.25,0,0,11.8,3.5,57,0.0,0.14285714285714285
2021-03-13 13:00:00,2021-03-13,3,1,13,22.25,0,0,13.4,3.1,54,0.0,0.14285714285714285
2021-03-13 14:00:00,2021-03-13,3,1,14,22.5,0,0,13.2,3.4,51,0.0,0.14285714285714285
2021-03-13 15:00:00,2021-03-13,3,1,15,24.75,0,0,12.7,3.7,56,0.0,0.14285714285714285
2021-03-13 16:00:00,2021-03-13,3,1,16,22.75,0,0,12.0,2.9,66,0.0,0.14285714285714285
2021-03-13 17:00:00,2021-03-13,3,1,17,22.25,0,0,11.1,3.4,71,0.0,0.14285714285714285
2021-03-13 18:00:00,2021-03-13,3,1,18,24.75,0,0,10.4,2.3,74,0.0,0.14285714285714285
2021-03-13 19:00:00,2021-03-13,3,1,19,22.0,0,0,9.7,1.7,76,0.0,0.14285714285714285
2021-03-13 20:00:00,2021-03-13,3,1,20,22.0,4,1,9.4,0.9,77,0.0,0.14285714285714285
2021-03-13 21:00:00,2021-03-13,3,1,21,23.5,0,0,9.2,0.9,79,0.0,0.14285714285714285
2021-03-13 22:00:00,2021-03-13,3,1,22,23.0,0,0,9.0,0.8,80,0.0,0.14285714285714285
2021-03-13 23:00:00,2021-03-13,3,1,23,22.0,0,0,7.8,1.1,85,0.0,0.14285714285714285
2021-03-14 00:00:00,2021-03-14,3,1,0,22.0,0,0,7.4,0.7,87,0.0,0.3333333333333333
2021-03-14 01:00:00,2021-03-14,3,1,1,22.25,0,0,7.2,1.9,90,0.0,0.3333333333333333
2021-03-14 02:00:00,2021-03-14,3,1,2,24.25,0,0,6.3,1.0,94,0.0,0.3333333333333333
2021-03-14 03:00:00,2021-03-14,3,1,3,22.0,0,0,6.2,0.8,98,0.0,0.3333333333333333
2021-03-14 04:00:00,2021-03-14,3,1,4,22.75,0,0,5.4,0.8,98,0.0,0.3333333333333333
2021-03-14 05:00:00,2021-03-14,3,1,5,23.5,0,0,7.1,2.5,95,0.0,0.3333333333333333
2021-03-14 06:00:00,2021-03-14,3,1,6,22.75,0,0,6.7,1.4,96,0.0,0.3333333333333333
2021-03-14 07:00:00,2021-03-14,3,1,7,61.75,0,0,7.5,1.9,81,0.0,0.3333333333333333
2021-03-14 08:00:00,2021-03-14,3,1,8,182.5,0,0,7.5,0.6,87,0.0,0.3333333333333333
2021-03-14 09:00:00,2021-03-14,3,1,9,178.25,0,0,9.7,2.2,72,0.0,0.3333333333333333
2021-03-14 10:00:00,2021-03-14,3,1,10,171.0,0,0,12.0,2.2,63,0.0,0.3333333333333333
2021-03-14 11:00:00,2021-03-14,3,1,11,181.25,0,0,13.8,2.5,55,0.0,0.3333333333333333
2021-03-14 12:00:00,2021-03-14,3,1,12,118.75,0,0,14.4,1.3,51,0.0,0.3333333333333333
2021-03-14 13:00:00,2021-03-14,3,1,13,185.5,0,0,14.6,2.5,48,0.0,0.3333333333333333
2021-03-14 14:00:00,2021-03-14,3,1,14,176.75,0,0,15.9,2.2,47,0.0,0.3333333333333333
2021-03-14 15:00:00,2021-03-14,3,1,15,177.75,0,0,16.0,2.2,45,0.0,0.3333333333333333
2021-03-14 16:00:00,2021-03-14,3,1,16,171.25,0,0,14.1,1.9,55,0.0,0.3333333333333333
2021-03-14 17:00:00,2021-03-14,3,1,17,146.25,0,0,13.3,2.0,59,0.0,0.3333333333333333
2021-03-14 18:00:00,2021-03-14,3,1,18,172.75,0,0,12.6,2.0,63,0.0,0.3333333333333333
2021-03-14 19:00:00,2021-03-14,3,1,19,150.25,0,0,11.4,0.8,67,0.0,0.3333333333333333
2021-03-14 20:00:00,2021-03-14,3,1,20,119.25,0,0,10.7,0.9,72,0.0,0.3333333333333333
2021-03-14 21:00:00,2021-03-14,3,1,21,123.0,0,0,10.0,1.5,74,0.0,0.3333333333333333
2021-03-14 22:00:00,2021-03-14,3,1,22,111.5,0,0,10.2,2.6,75,0.0,0.3333333333333333
2021-03-14 23:00:00,2021-03-14,3,1,23,106.75,0,0,9.1,0.9,82,0.0,0.3333333333333333
2021-03-15 00:00:00,2021-03-15,3,0,0,76.0,0,0,8.4,1.7,84,0.0,0.25
2021-03-15 01:00:00,2021-03-15,3,0,1,110.25,0,0,8.1,1.2,85,0.0,0.25
2021-03-15 02:00:00,2021-03-15,3,0,2,117.25,0,0,7.8,0.9,85,0.0,0.25
2021-03-15 03:00:00,2021-03-15,3,0,3,115.75,0,0,7.6,1.6,86,0.0,0.25
2021-03-15 04:00:00,2021-03-15,3,0,4,109.75,0,0,7.1,1.9,88,0.0,0.25
2021-03-15 05:00:00,2021-03-15,3,0,5,97.25,0,0,5.8,0.7,92,0.0,0.25
2021-03-15 06:00:00,2021-03-15,3,0,6,118.25,0,0,6.0,0.3,91,0.0,0.25
2021-03-15 07:00:00,2021-03-15,3,0,7,132.25,0,0,6.1,0.3,95,0.0,0.25
2021-03-15 08:00:00,2021-03-15,3,0,8,187.75,1007,1,8.0,0.1,90,0.0,0.25
2021-03-15 09:00:00,2021-03-15,3,0,9,185.75,1074,1,11.0,0.5,76,0.0,0.25
2021-03-15 10:00:00,2021-03-15,3,0,10,164.25,686,1,13.6,1.8,64,0.0,0.25
2021-03-15 11:00:00,2021-03-15,3,0,11,173.25,1661,1,16.0,3.2,51,0.0,0.25
2021-03-15 12:00:00,2021-03-15,3,0,12,111.75,5207,1,16.6,4.2,43,0.0,0.25
2021-03-15 13:00:00,2021-03-15,3,0,13,171.25,1059,1,17.0,4.6,33,0.0,0.25
2021-03-15 14:00:00,2021-03-15,3,0,14,177.0,635,1,17.6,3.6,34,0.0,0.25
2021-03-15 15:00:00,2021-03-15,3,0,15,163.0,564,1,17.6,3.5,34,0.0,0.25
2021-03-15 16:00:00,2021-03-15,3,0,16,169.75,1163,1,17.2,4.0,31,0.0,0.25
2021-03-15 17:00:00,2021-03-15,3,0,17,133.5,387,1,17.1,3.8,40,0.0,0.25
2021-03-15 18:00:00,2021-03-15,3,0,18,161.25,1401,1,15.5,3.5,48,0.0,0.25
2021-03-15 19:00:00,2021-03-15,3,0,19,155.5,1123,1,14.4,3.3,59,0.0,0.25
2021-03-15 20:00:00,2021-03-15,3,0,20,127.75,13,1,13.8,2.1,63,0.0,0.25
2021-03-15 21:00:00,2021-03-15,3,0,21,127.0,19,1,13.8,3.5,65,0.0,0.25
2021-03-15 22:00:00,2021-03-15,3,0,22,114.5,336,1,13.9,1.5,69,0.0,0.25
2021-03-15 23:00:00,2021-03-15,3,0,23,107.75,38,1,14.0,2.9,73,0.0,0.25
2021-03-16 00:00:00,2021-03-16,3,0,0,73.0,42,1,14.1,2.3,76,0.0,0.3333333333333333
2021-03-16 01:00:00,2021-03-16,3,0,1,111.0,570,1,14.3,1.7,78,0.0,0.3333333333333333
2021-03-16 02:00:00,2021-03-16,3,0,2,114.0,472,1,14.5,2.1,80,0.0,0.3333333333333333
2021-03-16 03:00:00,2021-03-16,3,0,3,111.5,243,1,13.7,1.7,91,0.0,0.3333333333333333
2021-03-16 04:00:00,2021-03-16,3,0,4,112.0,246,1,13.2,1.1,98,0.1,0.3333333333333333
2021-03-16 05:00:00,2021-03-16,3,0,5,91.75,904,1,13.2,0.9,98,0.4,0.3333333333333333
2021-03-16 06:00:00,2021-03-16,3,0,6,114.75,53,1,12.9,1.5,98,0.5,0.3333333333333333
2021-03-16 07:00:00,2021-03-16,3,0,7,130.25,546,1,12.8,2.4,98,0.5,0.3333333333333333
2021-03-16 08:00:00,2021-03-16,3,0,8,177.0,931,1,13.4,1.5,98,0.5,0.3333333333333333
2021-03-16 09:00:00,2021-03-16,3,0,9,179.5,818,1,16.5,1.6,73,0.5,0.3333333333333333
2021-03-16 10:00:00,2021-03-16,3,0,10,178.0,951,1,17.4,3.5,59,0.5,0.3333333333333333
2021-03-16 11:00:00,2021-03-16,3,0,11,175.75,1316,1,19.0,2.6,47,0.5,0.3333333333333333
2021-03-16 12:00:00,2021-03-16,3,0,12,108.75,1512,1,20.1,3.1,35,0.5,0.3333333333333333
2021-03-16 13:00:00,2021-03-16,3,0,13,169.0,1250,1,20.3,3.7,25,0.5,0.3333333333333333
2021-03-16 14:00:00,2021-03-16,3,0,14,170.5,891,1,21.1,2.8,20,0.5,0.3333333333333333
2021-03-16 15:00:00,2021-03-16,3,0,15,163.0,1848,1,21.2,4.1,9,0.5,0.3333333333333333
2021-03-16 16:00:00,2021-03-16,3,0,16,168.25,1117,1,21.0,3.4,8,0.5,0.3333333333333333
2021-03-16 17:00:00,2021-03-16,3,0,17,153.75,486,1,20.7,2.0,9,0.5,0.3333333333333333
2021-03-16 18:00:00,2021-03-16,3,0,18,167.75,2767,1,18.8,1.8,11,0.5,0.3333333333333333
2021-03-16 19:00:00,2021-03-16,3,0,19,139.0,2234,1,13.5,2.5,67,0.5,0.3333333333333333
2021-03-16 20:00:00,2021-03-16,3,0,20,113.75,61,1,11.3,2.8,80,0.5,0.3333333333333333
2021-03-16 21:00:00,2021-03-16,3,0,21,117.5,12,1,10.7,1.8,81,0.5,0.3333333333333333
2021-03-16 22:00:00,2021-03-16,3,0,22,102.5,15,1,9.8,1.9,83,0.5,0.3333333333333333
2021-03-16 23:00:00,2021-03-16,3,0,23,105.5,156,1,9.2,1.5,86,0.5,0.3333333333333333
2021-03-17 00:00:00,2021-03-17,3,0,0,71.75,96,1,8.7,1.1,88,0.5,0.25
2021-03-17 01:00:00,2021-03-17,3,0,1,106.5,162,1,8.1,1.7,88,0.0,0.25
2021-03-17 02:00:00,2021-03-17,3,0,2,112.25,116,1,8.0,2.3,85,0.0,0.25
2021-03-17 03:00:00,2021-03-17,3,0,3,116.25,213,1,7.8,2.7,86,0.0,0.25
2021-03-17 04:00:00,2021-03-17,3,0,4,112.5,118,1,7.4,1.8,86,0.0,0.25
2021-03-17 05:00:00,2021-03-17,3,0,5,97.25,9,1,6.9,2.1,89,0.0,0.25
2021-03-17 06:00:00,2021-03-17,3,0,6,120.5,567,1,6.6,1.8,92,0.0,0.25
2021-03-17 07:00:00,2021-03-17,3,0,7,141.0,334,1,5.7,1.2,96,0.0,0.25
2021-03-17 08:00:00,2021-03-17,3,0,8,190.25,258,1,8.1,1.4,91,0.0,0.25
2021-03-17 09:00:00,2021-03-17,3,0,9,180.0,561,1,10.5,1.1,77,0.0,0.25
2021-03-17 10:00:00,2021-03-17,3,0,10,166.0,512,1,12.2,1.7,63,0.0,0.25
2021-03-17 11:00:00,2021-03-17,3,0,11,183.0,1685,1,13.2,3.0,57,0.0,0.25
2021-03-17 12:00:00,2021-03-17,3,0,12,103.0,0,0,13.3,3.3,57,0.0,0.25
2021-03-17 13:00:00,2021-03-17,3,0,13,182.75,1088,1,13.6,3.7,56,0.0,0.25
2021-03-17 14:00:00,2021-03-17,3,0,14,178.75,636,1,13.1,4.4,58,0.0,0.25
2021-03-17 15:00:00,2021-03-17,3,0,15,169.75,4218,1,13.1,4.1,62,0.0,0.25
2021-03-17 16:00:00,2021-03-17,3,0,16,168.5,1929,1,12.3,4.1,63,0.0,0.25
2021-03-17 17:00:00,2021-03-17,3,0,17,138.0,970,1,11.5,3.2,65,0.0,0.25
2021-03-17 18:00:00,2021-03-17,3,0,18,170.25,1414,1,10.9,2.4,68,0.0,0.25
2021-03-17 19:00:00,2021-03-17,3,0,19,159.0,516,1,10.4,1.9,70,0.0,0.25
2021-03-17 20:00:00,2021-03-17,3,0,20,138.5,81,1,10.1,1.6,73,0.0,0.25
2021-03-17 21:00:00,2021-03-17,3,0,21,126.75,159,1,9.3,1.0,75,0.0,0.25
2021-03-17 22:00:00,2021-03-17,3,0,22,125.0,93,1,9.5,1.5,75,0.0,0.25
2021-03-17 23:00:00,2021-03-17,3,0,23,111.0,72,1,9.1,0.8,75,0.0,0.25
2021-03-18 00:00:00,2021-03-18,3,0,0,80.0,160,1,8.7,1.4,76,0.0,0.25
2021-03-18 01:00:00,2021-03-18,3,0,1,111.75,108,1,7.7,1.2,83,0.0,0.25
2021-03-18 02:00:00,2021-03-18,3,0,2,115.0,260,1,7.9,2.3,82,0.0,0.25
2021-03-18 03:00:00,2021-03-18,3,0,3,114.0,128,1,6.8,1.4,87,0.0,0.25
2021-03-18 04:00:00,2021-03-18,3,0,4,111.5,22,1,6.9,1.6,88,0.0,0.25
2021-03-18 05:00:00,2021-03-18,3,0,5,101.5,335,1,5.8,1.2,88,0.0,0.25
2021-03-18 06:00:00,2021-03-18,3,0,6,120.5,244,1,5.5,0.8,94,0.0,0.25
2021-03-18 07:00:00,2021-03-18,3,0,7,133.0,453,1,6.3,1.3,94,0.0,0.25
2021-03-18 08:00:00,2021-03-18,3,0,8,161.5,309,1,7.7,1.5,87,0.0,0.25
2021-03-18 09:00:00,2021-03-18,3,0,9,170.5,2626,1,10.0,1.2,79,0.0,0.25
2021-03-18 10:00:00,2021-03-18,3,0,10,164.75,597,1,12.6,2.2,66,0.0,0.25
2021-03-18 11:00:00,2021-03-18,3,0,11,177.25,644,1,12.7,4.4,57,0.0,0.25
2021-03-18 12:00:00,2021-03-18,3,0,12,101.5,203,1,13.2,3.9,60,0.0,0.25
2021-03-18 13:00:00,2021-03-18,3,0,13,174.25,3045,1,13.0,4.1,59,0.0,0.25
2021-03-18 14:00:00,2021-03-18,3,0,14,163.5,1120,1,13.6,3.7,59,0.0,0.25
2021-03-18 15:00:00,2021-03-18,3,0,15,155.5,225,1,12.6,4.7,61,0.0,0.25
2021-03-18 16:00:00,2021-03-18,3,0,16,161.75,1290,1,12.1,4.3,64,0.0,0.25
2021-03-18 17:00:00,2021-03-18,3,0,17,147.5,224,1,11.5,3.9,66,0.0,0.25
2021-03-18 18:00:00,2021-03-18,3,0,18,150.25,2472,1,10.9,2.5,68,0.0,0.25
2021-03-18 19:00:00,2021-03-18,3,0,19,137.5,932,1,10.1,2.5,71,0.0,0.25
2021-03-18 20:00:00,2021-03-18,3,0,20,117.25,0,0,9.8,2.1,73,0.0,0.25
2021-03-18 21:00:00,2021-03-18,3,0,21,113.5,431,1,9.8,2.0,74,0.0,0.25
2021-03-18 22:00:00,2021-03-18,3,0,22,114.0,104,1,9.8,2.6,73,0.0,0.25
2021-03-18 23:00:00,2021-03-18,3,0,23,106.25,7,1,9.7,1.8,73,0.0,0.25
2021-03-19 00:00:00,2021-03-19,3,0,0,24.0,0,0,9.8,2.4,72,0.0,0.06666666666666667
2021-03-19 01:00:00,2021-03-19,3,0,1,21.25,0,0,9.3,1.4,73,0.0,0.06666666666666667
2021-03-19 02:00:00,2021-03-19,3,0,2,21.25,0,0,9.5,2.0,73,0.0,0.06666666666666667
2021-03-19 03:00:00,2021-03-19,3,0,3,22.5,0,0,9.4,2.2,73,0.0,0.06666666666666667
2021-03-19 04:00:00,2021-03-19,3,0,4,23.25,0,0,9.7,2.4,71,0.0,0.06666666666666667
2021-03-19 05:00:00,2021-03-19,3,0,5,21.25,0,0,9.8,1.6,70,0.0,0.06666666666666667
2021-03-19 06:00:00,2021-03-19,3,0,6,21.25,0,0,10.0,1.2,70,0.0,0.06666666666666667
2021-03-19 07:00:00,2021-03-19,3,0,7,23.75,0,0,10.4,2.2,68,0.0,0.06666666666666667
2021-03-19 08:00:00,2021-03-19,3,0,8,21.0,0,0,10.8,3.2,69,0.0,0.06666666666666667
2021-03-19 09:00:00,2021-03-19,3,0,9,21.0,0,0,11.5,2.7,66,0.0,0.06666666666666667
2021-03-19 10:00:00,2021-03-19,3,0,10,22.5,0,0,13.3,4.3,57,0.0,0.06666666666666667
2021-03-19 11:00:00,2021-03-19,3,0,11,22.0,0,0,13.6,4.6,57,0.0,0.06666666666666667
2021-03-19 12:00:00,2021-03-19,3,0,12,21.0,0,0,12.5,4.7,67,0.0,0.06666666666666667
2021-03-19 13:00:00,2021-03-19,3,0,13,21.0,0,0,12.5,4.6,64,0.0,0.06666666666666667
2021-03-19 14:00:00,2021-03-19,3,0,14,22.75,0,0,12.8,4.5,65,0.0,0.06666666666666667
2021-03-19 15:00:00,2021-03-19,3,0,15,21.0,0,0,12.9,3.5,63,0.0,0.06666666666666667
2021-03-19 16:00:00,2021-03-19,3,0,16,21.0,0,0,12.1,3.7,63,0.0,0.06666666666666667
2021-03-19 17:00:00,2021-03-19,3,0,17,23.25,0,0,11.8,2.9,64,0.0,0.06666666666666667
2021-03-19 18:00:00,2021-03-19,3,0,18,21.0,0,0,11.0,3.2,69,0.0,0.06666666666666667
2021-03-19 19:00:00,2021-03-19,3,0,19,21.0,0,0,10.5,2.2,70,0.0,0.06666666666666667
2021-03-19 20:00:00,2021-03-19,3,0,20,23.25,0,0,10.1,2.1,71,0.0,0.06666666666666667
2021-03-19 21:00:00,2021-03-19,3,0,21,21.25,0,0,10.1,2.5,71,0.0,0.06666666666666667
2021-03-19 22:00:00,2021-03-19,3,0,22,21.0,0,0,10.2,1.8,72,0.0,0.06666666666666667
2021-03-19 23:00:00,2021-03-19,3,0,23,24.0,0,0,10.1,1.7,74,0.0,0.06666666666666667
2021-03-20 00:00:00,2021-03-20,3,1,0,63.25,24,1,10.1,1.8,76,0.0,0.14285714285714285
2021-03-20 01:00:00,2021-03-20,3,1,1,104.5,108,1,10.1,1.4,73,0.0,0.14285714285714285
2021-03-20 02:00:00,2021-03-20,3,1,2,103.75,0,0,10.1,1.9,76,0.0,0.14285714285714285
2021-03-20 03:00:00,2021-03-20,3,1,3,105.25,192,1,10.3,2.0,77,0.0,0.14285714285714285
2021-03-20 04:00:00,2021-03-20,3,1,4,106.75,24,1,10.5,1.2,78,0.0,0.14285714285714285
2021-03-20 05:00:00,2021-03-20,3,1,5,92.25,56,1,10.3,2.1,80,0.0,0.14285714285714285
2021-03-20 06:00:00,2021-03-20,3,1,6,106.5,220,1,9.2,2.0,93,0.9,0.14285714285714285
2021-03-20 07:00:00,2021-03-20,3,1,7,61.0,673,1,9.2,0.9,98,1.6,0.14285714285714285
2021-03-20 08:00:00,2021-03-20,3,1,8,24.0,0,0,9.5,1.5,98,1.8,0.14285714285714285
2021-03-20 09:00:00,2021-03-20,3,1,9,22.0,0,0,9.6,2.1,98,1.9,0.14285714285714285
2021-03-20 10:00:00,2021-03-20,3,1,10,22.0,0,0,9.7,2.4,98,2.1,0.14285714285714285
2021-03-20 11:00:00,2021-03-20,3,1,11,25.0,0,0,10.1,0.8,98,2.4,0.14285714285714285
2021-03-20 12:00:00,2021-03-20,3,1,12,22.25,0,0,10.4,1.6,98,3.1,0.14285714285714285
2021-03-20 13:00:00,2021-03-20,3,1,13,22.25,0,0,10.7,1.6,98,3.6,0.14285714285714285
2021-03-20 14:00:00,2021-03-20,3,1,14,22.5,0,0,11.1,2.1,98,3.8,0.14285714285714285
2021-03-20 15:00:00,2021-03-20,3,1,15,24.75,0,0,11.2,2.5,98,3.9,0.14285714285714285
2021-03-20 16:00:00,2021-03-20,3,1,16,22.75,0,0,11.7,3.2,98,4.1,0.14285714285714285
2021-03-20 17:00:00,2021-03-20,3,1,17,22.25,0,0,11.0,3.3,98,4.1,0.14285714285714285
2021-03-20 18:00:00,2021-03-20,3,1,18,24.75,0,0,11.0,2.5,98,4.1,0.14285714285714285
2021-03-20 19:00:00,2021-03-20,3,1,19,22.0,0,0,10.9,1.8,98,4.1,0.14285714285714285
2021-03-20 20:00:00,2021-03-20,3,1,20,22.0,0,0,10.7,2.4,95,4.1,0.14285714285714285
2021-03-20 21:00:00,2021-03-20,3,1,21,23.5,0,0,10.7,2.7,93,4.1,0.14285714285714285
2021-03-20 22:00:00,2021-03-20,3,1,22,23.0,0,0,10.5,3.2,94,4.1,0.14285714285714285
2021-03-20 23:00:00,2021-03-20,3,1,23,22.0,0,0,10.4,2.5,95,4.1,0.14285714285714285
2021-03-21 00:00:00,2021-03-21,3,1,0,23.25,0,0,10.3,1.4,93,4.1,1.0
2021-03-21 01:00:00,2021-03-21,3,1,1,23.75,0,0,9.5,1.7,98,0.4,1.0
2021-03-21 02:00:00,2021-03-21,3,1,2,22.25,0,0,9.7,0.8,98,0.4,1.0
2021-03-21 03:00:00,2021-03-21,3,1,3,22.5,0,0,9.5,1.1,98,0.4,1.0
2021-03-21 04:00:00,2021-03-21,3,1,4,24.5,0,0,9.4,2.2,92,0.4,1.0
2021-03-21 05:00:00,2021-03-21,3,1,5,22.25,0,0,9.8,2.3,88,0.4,1.0
2021-03-21 06:00:00,2021-03-21,3,1,6,22.0,0,0,10.1,2.5,78,0.4,1.0
2021-03-21 07:00:00,2021-03-21,3,1,7,23.75,0,0,9.2,3.1,76,0.4,1.0
2021-03-21 08:00:00,2021-03-21,3,1,8,189.5,0,0,8.8,4.8,71,0.4,1.0
2021-03-21 09:00:00,2021-03-21,3,1,9,189.25,0,0,9.9,2.5,71,0.4,1.0
2021-03-21 10:00:00,2021-03-21,3,1,10,185.0,0,0,10.9,3.7,59,0.4,1.0
2021-03-21 11:00:00,2021-03-21,3,1,11,181.0,0,0,11.5,3.4,49,0.4,1.0
2021-03-21 12:00:00,2021-03-21,3,1,12,114.5,0,0,12.3,4.2,42,0.4,1.0
2021-03-21 13:00:00,2021-03-21,3,1,13,189.5,0,0,12.3,5.2,38,0.4,1.0
2021-03-21 14:00:00,2021-03-21,3,1,14,189.25,0,0,12.3,4.8,38,0.4,1.0
2021-03-21 15:00:00,2021-03-21,3,1,15,168.5,0,0,12.0,4.4,41,0.4,1.0
2021-03-21 16:00:00,2021-03-21,3,1,16,160.0,0,0,11.2,4.2,39,0.4,1.0
2021-03-21 17:00:00,2021-03-21,3,1,17,134.0,0,0,11.1,2.5,40,0.4,1.0
2021-03-21 18:00:00,2021-03-21,3,1,18,156.25,0,0,10.3,4.0,36,0.4,1.0
2021-03-21 19:00:00,2021-03-21,3,1,19,143.25,0,0,9.8,2.6,36,0.4,1.0
2021-03-21 20:00:00,2021-03-21,3,1,20,126.75,0,0,9.1,4.0,34,0.4,1.0
2021-03-21 21:00:00,2021-03-21,3,1,21,126.75,0,0,7.9,3.4,36,0.4,1.0
2021-03-21 22:00:00,2021-03-21,3,1,22,114.0,0,0,6.7,2.6,41,0.4,1.0
2021-03-21 23:00:00,2021-03-21,3,1,23,112.25,0,0,5.8,3.7,47,0.4,1.0
2021-03-22 00:00:00,2021-03-22,3,0,0,71.25,0,0,5.5,4.0,50,0.0,0.25
2021-03-22 01:00:00,2021-03-22,3,0,1,108.0,0,0,5.2,5.5,52,0.0,0.25
2021-03-22 02:00:00,2021-03-22,3,0,2,112.75,0,0,4.9,5.3,54,0.0,0.25
2021-03-22 03:00:00,2021-03-22,3,0,3,113.0,0,0,4.8,4.9,54,0.0,0.25
2021-03-22 04:00:00,2021-03-22,3,0,4,116.5,0,0,4.6,5.3,53,0.0,0.25
2021-03-22 05:00:00,2021-03-22,3,0,5,93.5,0,0,4.3,6.0,54,0.0,0.25
2021-03-22 06:00:00,2021-03-22,3,0,6,114.0,0,0,4.0,6.2,54,0.0,0.25
2021-03-22 07:00:00,2021-03-22,3,0,7,138.5,0,0,3.7,5.9,52,0.0,0.25
2021-03-22 08:00:00,2021-03-22,3,0,8,171.0,855,1,4.5,5.3,45,0.0,0.25
2021-03-22 09:00:00,2021-03-22,3,0,9,166.5,710,1,5.6,5.5,39,0.0,0.25
2021-03-22 10:00:00,2021-03-22,3,0,10,172.25,2924,1,7.0,5.3,34,0.0,0.25
2021-03-22 11:00:00,2021-03-22,3,0,11,172.25,1318,1,8.6,4.8,31,0.0,0.25
2021-03-22 12:00:00,2021-03-22,3,0,12,110.75,1133,1,9.5,5.4,27,0.0,0.25
2021-03-22 13:00:00,2021-03-22,3,0,13,166.25,781,1,10.7,4.7,25,0.0,0.25
2021-03-22 14:00:00,2021-03-22,3,0,14,156.5,3513,1,11.6,4.9,22,0.0,0.25
2021-03-22 15:00:00,2021-03-22,3,0,15,156.25,1272,1,11.8,4.4,20,0.0,0.25
2021-03-22 16:00:00,2021-03-22,3,0,16,159.75,1557,1,12.6,3.6,21,0.0,0.25
2021-03-22 17:00:00,2021-03-22,3,0,17,119.75,1143,1,12.1,3.1,25,0.0,0.25
2021-03-22 18:00:00,2021-03-22,3,0,18,152.5,2718,1,11.0,2.3,27,0.0,0.25
2021-03-22 19:00:00,2021-03-22,3,0,19,155.75,2545,1,9.8,2.1,31,0.0,0.25
2021-03-22 20:00:00,2021-03-22,3,0,20,132.5,221,1,9.1,2.4,34,0.0,0.25
2021-03-22 21:00:00,2021-03-22,3,0,21,125.5,101,1,8.7,1.5,34,0.0,0.25
2021-03-22 22:00:00,2021-03-22,3,0,22,113.5,41,1,7.8,2.0,36,0.0,0.25
2021-03-22 23:00:00,2021-03-22,3,0,23,113.25,37,1,7.3,1.3,35,0.0,0.25
2021-03-23 00:00:00,2021-03-23,3,0,0,69.0,74,1,6.5,1.0,36,0.0,0.25
2021-03-23 01:00:00,2021-03-23,3,0,1,102.5,166,1,6.8,1.9,33,0.0,0.25
2021-03-23 02:00:00,2021-03-23,3,0,2,119.5,115,1,6.7,2.0,35,0.0,0.25
2021-03-23 03:00:00,2021-03-23,3,0,3,103.0,65,1,6.5,2.5,37,0.0,0.25
2021-03-23 04:00:00,2021-03-23,3,0,4,111.75,195,1,7.1,3.3,35,0.0,0.25
2021-03-23 05:00:00,2021-03-23,3,0,5,95.25,154,1,6.7,2.4,37,0.0,0.25
2021-03-23 06:00:00,2021-03-23,3,0,6,116.75,24,1,4.3,0.4,48,0.0,0.25
2021-03-23 07:00:00,2021-03-23,3,0,7,140.25,783,1,4.9,0.5,47,0.0,0.25
2021-03-23 08:00:00,2021-03-23,3,0,8,162.5,429,1,7.3,0.8,44,0.0,0.25
2021-03-23 09:00:00,2021-03-23,3,0,9,159.75,1010,1,9.7,1.3,32,0.0,0.25
2021-03-23 10:00:00,2021-03-23,3,0,10,148.0,170,1,12.0,2.3,26,0.0,0.25
2021-03-23 11:00:00,2021-03-23,3,0,11,155.75,2543,1,13.8,2.0,19,0.0,0.25
2021-03-23 12:00:00,2021-03-23,3,0,12,93.0,141,1,15.5,2.8,17,0.0,0.25
2021-03-23 13:00:00,2021-03-23,3,0,13,153.25,1052,1,16.4,3.1,17,0.0,0.25
2021-03-23 14:00:00,2021-03-23,3,0,14,151.0,9830,1,17.2,3.3,18,0.0,0.25
2021-03-23 15:00:00,2021-03-23,3,0,15,150.0,553,1,17.5,4.0,20,0.0,0.25
2021-03-23 16:00:00,2021-03-23,3,0,16,159.5,1358,1,17.7,3.8,23,0.0,0.25
2021-03-23 17:00:00,2021-03-23,3,0,17,128.0,926,1,17.3,3.9,25,0.0,0.25
2021-03-23 18:00:00,2021-03-23,3,0,18,161.5,1369,1,16.3,4.3,29,0.0,0.25
2021-03-23 19:00:00,2021-03-23,3,0,19,136.75,40,1,14.6,4.0,43,0.0,0.25
2021-03-23 20:00:00,2021-03-23,3,0,20,127.5,1,1,13.7,3.8,49,0.0,0.25
2021-03-23 21:00:00,2021-03-23,3,0,21,125.75,8,1,12.8,3.8,55,0.0,0.25
2021-03-23 22:00:00,2021-03-23,3,0,22,114.0,395,1,12.5,3.9,56,0.0,0.25
2021-03-23 23:00:00,2021-03-23,3,0,23,110.0,17,1,12.0,2.1,57,0.0,0.25
2021-03-24 00:00:00,2021-03-24,3,0,0,70.25,136,1,11.7,1.8,57,0.0,0.25
2021-03-24 01:00:00,2021-03-24,3,0,1,111.0,54,1,10.8,1.0,60,0.0,0.25
2021-03-24 02:00:00,2021-03-24,3,0,2,118.0,157,1,10.0,1.7,60,0.0,0.25
2021-03-24 03:00:00,2021-03-24,3,0,3,116.75,154,1,8.4,1.1,65,0.0,0.25
2021-03-24 04:00:00,2021-03-24,3,0,4,116.25,36,1,9.1,0.7,57,0.0,0.25
2021-03-24 05:00:00,2021-03-24,3,0,5,101.0,226,1,9.5,2.0,48,0.0,0.25
2021-03-24 06:00:00,2021-03-24,3,0,6,117.75,0,0,7.7,0.4,55,0.0,0.25
2021-03-24 07:00:00,2021-03-24,3,0,7,149.25,969,1,9.1,1.3,52,0.0,0.25
2021-03-24 08:00:00,2021-03-24,3,0,8,182.0,524,1,9.8,0.5,57,0.0,0.25
2021-03-24 09:00:00,2021-03-24,3,0,9,161.75,1343,1,11.6,1.0,52,0.0,0.25
2021-03-24 10:00:00,2021-03-24,3,0,10,154.0,742,1,13.0,1.6,38,0.0,0.25
2021-03-24 11:00:00,2021-03-24,3,0,11,163.5,536,1,15.9,1.9,28,0.0,0.25
2021-03-24 12:00:00,2021-03-24,3,0,12,105.25,89,1,16.5,3.4,23,0.0,0.25
2021-03-24 13:00:00,2021-03-24,3,0,13,170.5,1998,1,16.4,4.5,21,0.0,0.25
2021-03-24 14:00:00,2021-03-24,3,0,14,163.25,2394,1,17.3,2.7,29,0.0,0.25
2021-03-24 15:00:00,2021-03-24,3,0,15,150.25,1070,1,17.5,2.9,29,0.0,0.25
2021-03-24 16:00:00,2021-03-24,3,0,16,162.25,1332,1,16.7,3.7,33,0.0,0.25
2021-03-24 17:00:00,2021-03-24,3,0,17,134.75,335,1,16.9,2.5,34,0.0,0.25
2021-03-24 18:00:00,2021-03-24,3,0,18,149.75,1729,1,15.8,3.2,45,0.0,0.25
2021-03-24 19:00:00,2021-03-24,3,0,19,159.25,1932,1,15.0,2.1,50,0.0,0.25
2021-03-24 20:00:00,2021-03-24,3,0,20,135.5,0,0,14.6,3.6,58,0.0,0.25
2021-03-24 21:00:00,2021-03-24,3,0,21,131.0,335,1,14.3,3.6,59,0.0,0.25
2021-03-24 22:00:00,2021-03-24,3,0,22,121.25,0,0,14.1,4.2,66,0.0,0.25
2021-03-24 23:00:00,2021-03-24,3,0,23,114.75,193,1,14.0,3.1,67,0.0,0.25
2021-03-25 00:00:00,2021-03-25,3,0,0,71.0,0,0,13.5,2.1,69,0.0,0.25
2021-03-25 01:00:00,2021-03-25,3,0,1,119.0,166,1,12.5,1.4,73,0.0,0.25
2021-03-25 02:00:00,2021-03-25,3,0,2,117.0,21,1,12.5,1.4,73,0.0,0.25
2021-03-25 03:00:00,2021-03-25,3,0,3,119.25,9,1,10.4,1.0,81,0.0,0.25
2021-03-25 04:00:00,2021-03-25,3,0,4,118.25,458,1,10.3,2.0,77,0.0,0.25
2021-03-25 05:00:00,2021-03-25,3,0,5,106.0,0,0,9.8,2.0,75,0.0,0.25
2021-03-25 06:00:00,2021-03-25,3,0,6,114.25,93,1,9.7,2.2,66,0.0,0.25
2021-03-25 07:00:00,2021-03-25,3,0,7,135.0,916,1,10.4,2.2,62,0.0,0.25
2021-03-25 08:00:00,2021-03-25,3,0,8,155.75,615,1,11.1,1.4,64,0.0,0.25
2021-03-25 09:00:00,2021-03-25,3,0,9,169.75,866,1,13.3,2.4,53,0.0,0.25
2021-03-25 10:00:00,2021-03-25,3,0,10,171.75,1223,1,15.2,2.2,46,0.0,0.25
2021-03-25 11:00:00,2021-03-25,3,0,11,180.25,727,1,16.4,3.1,35,0.0,0.25
2021-03-25 12:00:00,2021-03-25,3,0,12,121.75,0,0,18.2,3.0,29,0.0,0.25
2021-03-25 13:00:00,2021-03-25,3,0,13,179.25,1322,1,19.0,2.8,26,0.0,0.25
2021-03-25 14:00:00,2021-03-25,3,0,14,177.0,6064,1,18.7,3.2,26,0.0,0.25
2021-03-25 15:00:00,2021-03-25,3,0,15,174.5,2397,1,17.8,3.2,29,0.0,0.25
2021-03-25 16:00:00,2021-03-25,3,0,16,166.25,635,1,17.5,3.2,32,0.0,0.25
2021-03-25 17:00:00,2021-03-25,3,0,17,141.0,396,1,16.5,2.0,41,0.0,0.25
2021-03-25 18:00:00,2021-03-25,3,0,18,141.5,1411,1,14.6,2.9,46,0.0,0.25
2021-03-25 19:00:00,2021-03-25,3,0,19,110.25,986,1,13.7,2.0,53,0.0,0.25
2021-03-25 20:00:00,2021-03-25,3,0,20,108.75,1,1,13.2,2.4,50,0.0,0.25
2021-03-25 21:00:00,2021-03-25,3,0,21,116.25,125,1,12.7,1.0,53,0.0,0.25
2021-03-25 22:00:00,2021-03-25,3,0,22,123.0,378,1,13.1,3.3,53,0.0,0.25
2021-03-25 23:00:00,2021-03-25,3,0,23,101.75,58,1,11.9,1.3,60,0.0,0.25
2021-03-26 00:00:00,2021-03-26,3,0,0,24.0,0,0,11.5,2.2,60,0.0,0.06666666666666667
2021-03-26 01:00:00,2021-03-26,3,0,1,21.25,0,0,11.8,1.4,55,0.0,0.06666666666666667
2021-03-26 02:00:00,2021-03-26,3,0,2,21.25,0,0,11.9,0.9,55,0.0,0.06666666666666667
2021-03-26 03:00:00,2021-03-26,3,0,3,22.5,0,0,12.4,2.0,52,0.0,0.06666666666666667
2021-03-26 04:00:00,2021-03-26,3,0,4,23.25,0,0,12.5,2.4,53,0.0,0.06666666666666667
2021-03-26 05:00:00,2021-03-26,3,0,5,21.25,0,0,12.1,2.1,58,0.0,0.06666666666666667
2021-03-26 06:00:00,2021-03-26,3,0,6,21.25,0,0,11.6,1.5,60,0.0,0.06666666666666667
2021-03-26 07:00:00,2021-03-26,3,0,7,23.75,0,0,11.6,0.3,65,0.0,0.06666666666666667
2021-03-26 08:00:00,2021-03-26,3,0,8,21.0,0,0,14.3,1.1,51,0.0,0.06666666666666667
2021-03-26 09:00:00,2021-03-26,3,0,9,21.0,0,0,16.3,1.7,35,0.0,0.06666666666666667
2021-03-26 10:00:00,2021-03-26,3,0,10,22.5,0,0,18.9,1.4,27,0.0,0.06666666666666667
2021-03-26 11:00:00,2021-03-26,3,0,11,22.0,0,0,20.6,1.6,18,0.0,0.06666666666666667
2021-03-26 12:00:00,2021-03-26,3,0,12,21.0,0,0,18.9,3.7,32,0.0,0.06666666666666667
2021-03-26 13:00:00,2021-03-26,3,0,13,21.0,0,0,19.1,3.5,41,0.0,0.06666666666666667
2021-03-26 14:00:00,2021-03-26,3,0,14,22.75,0,0,18.3,3.5,39,0.0,0.06666666666666667
2021-03-26 15:00:00,2021-03-26,3,0,15,21.0,0,0,17.3,3.1,40,0.0,0.06666666666666667
2021-03-26 16:00:00,2021-03-26,3,0,16,21.0,0,0,16.8,2.7,44,0.0,0.06666666666666667
2021-03-26 17:00:00,2021-03-26,3,0,17,23.25,0,0,16.3,3.1,49,0.0,0.06666666666666667
2021-03-26 18:00:00,2021-03-26,3,0,18,21.0,0,0,15.5,2.8,58,0.0,0.06666666666666667
2021-03-26 19:00:00,2021-03-26,3,0,19,21.0,0,0,14.9,3.0,57,0.0,0.06666666666666667
2021-03-26 20:00:00,2021-03-26,3,0,20,23.25,0,0,14.3,2.2,57,0.0,0.06666666666666667
2021-03-26 21:00:00,2021-03-26,3,0,21,21.25,0,0,13.5,1.4,63,0.0,0.06666666666666667
2021-03-26 22:00:00,2021-03-26,3,0,22,21.0,0,0,12.5,0.4,71,0.0,0.06666666666666667
2021-03-26 23:00:00,2021-03-26,3,0,23,24.0,0,0,11.8,0.4,75,0.0,0.06666666666666667
2021-03-27 00:00:00,2021-03-27,3,1,0,63.25,0,0,11.5,0.2,76,0.0,0.14285714285714285
2021-03-27 01:00:00,2021-03-27,3,1,1,104.5,390,1,11.2,0.3,79,0.0,0.14285714285714285
2021-03-27 02:00:00,2021-03-27,3,1,2,103.75,60,1,10.6,0.5,83,0.0,0.14285714285714285
2021-03-27 03:00:00,2021-03-27,3,1,3,105.25,4,1,9.2,0.0,88,0.0,0.14285714285714285
2021-03-27 04:00:00,2021-03-27,3,1,4,106.75,678,1,9.0,0.2,91,0.0,0.14285714285714285
2021-03-27 05:00:00,2021-03-27,3,1,5,92.25,44,1,8.5,0.0,94,0.0,0.14285714285714285
2021-03-27 06:00:00,2021-03-27,3,1,6,106.5,31,1,8.3,0.7,94,0.0,0.14285714285714285
2021-03-27 07:00:00,2021-03-27,3,1,7,61.0,760,1,9.0,0.2,94,0.0,0.14285714285714285
2021-03-27 08:00:00,2021-03-27,3,1,8,24.0,0,0,10.4,0.5,86,0.0,0.14285714285714285
2021-03-27 09:00:00,2021-03-27,3,1,9,22.0,0,0,11.8,1.2,84,0.0,0.14285714285714285
2021-03-27 10:00:00,2021-03-27,3,1,10,22.0,0,0,13.5,1.0,76,0.0,0.14285714285714285
2021-03-27 11:00:00,2021-03-27,3,1,11,25.0,0,0,15.2,1.9,72,0.0,0.14285714285714285
2021-03-27 12:00:00,2021-03-27,3,1,12,22.25,0,0,15.9,2.9,79,0.0,0.14285714285714285
2021-03-27 13:00:00,2021-03-27,3,1,13,22.25,0,0,17.1,3.4,79,0.0,0.14285714285714285
2021-03-27 14:00:00,2021-03-27,3,1,14,22.5,0,0,16.3,3.3,77,0.0,0.14285714285714285
2021-03-27 15:00:00,2021-03-27,3,1,15,24.75,0,0,16.7,2.9,75,0.0,0.14285714285714285
2021-03-27 16:00:00,2021-03-27,3,1,16,22.75,0,0,17.2,2.7,74,0.0,0.14285714285714285
2021-03-27 17:00:00,2021-03-27,3,1,17,22.25,0,0,16.8,3.4,72,0.0,0.14285714285714285
2021-03-27 18:00:00,2021-03-27,3,1,18,24.75,0,0,16.6,4.2,71,0.0,0.14285714285714285
2021-03-27 19:00:00,2021-03-27,3,1,19,22.0,0,0,16.2,2.8,78,0.0,0.14285714285714285
2021-03-27 20:00:00,2021-03-27,3,1,20,22.0,0,0,15.1,3.7,97,1.3,0.14285714285714285
2021-03-27 21:00:00,2021-03-27,3,1,21,23.5,0,0,14.3,5.1,98,7.8,0.14285714285714285
2021-03-27 22:00:00,2021-03-27,3,1,22,23.0,0,0,14.4,4.0,98,15.0,0.14285714285714285
2021-03-27 23:00:00,2021-03-27,3,1,23,22.0,0,0,14.8,4.0,98,20.9,0.14285714285714285
2021-03-28 00:00:00,2021-03-28,3,1,0,23.75,0,0,15.0,4.9,98,23.6,1.0
2021-03-28 01:00:00,2021-03-28,3,1,1,25.5,0,0,15.0,3.7,98,5.5,1.0
2021-03-28 02:00:00,2021-03-28,3,1,2,22.0,0,0,15.8,5.0,98,9.4,1.0
2021-03-28 03:00:00,2021-03-28,3,1,3,23.5,0,0,16.1,4.8,98,10.4,1.0
2021-03-28 04:00:00,2021-03-28,3,1,4,25.5,0,0,15.6,3.0,98,11.1,1.0
2021-03-28 05:00:00,2021-03-28,3,1,5,22.0,0,0,15.9,3.3,98,11.2,1.0
2021-03-28 06:00:00,2021-03-28,3,1,6,23.0,0,0,15.4,2.9,98,11.2,1.0
2021-03-28 07:00:00,2021-03-28,3,1,7,23.75,0,0,15.5,2.2,98,11.2,1.0
2021-03-28 08:00:00,2021-03-28,3,1,8,174.75,0,0,16.4,1.9,94,11.2,1.0
2021-03-28 09:00:00,2021-03-28,3,1,9,178.25,0,0,17.0,1.5,83,11.2,1.0
2021-03-28 10:00:00,2021-03-28,3,1,10,167.25,0,0,17.7,3.2,57,11.2,1.0
2021-03-28 11:00:00,2021-03-28,3,1,11,182.75,0,0,18.6,3.8,52,11.2,1.0
2021-03-28 12:00:00,2021-03-28,3,1,12,121.25,0,0,19.3,3.7,49,11.2,1.0
2021-03-28 13:00:00,2021-03-28,3,1,13,185.0,0,0,20.4,3.6,49,11.2,1.0
2021-03-28 14:00:00,2021-03-28,3,1,14,180.25,0,0,20.7,3.1,49,11.2,1.0
2021-03-28 15:00:00,2021-03-28,3,1,15,181.5,0,0,21.0,2.8,46,11.2,1.0
2021-03-28 16:00:00,2021-03-28,3,1,16,167.75,0,0,21.1,2.6,46,11.2,1.0
2021-03-28 17:00:00,2021-03-28,3,1,17,150.0,0,0,21.0,2.8,42,11.2,1.0
2021-03-28 18:00:00,2021-03-28,3,1,18,176.75,0,0,20.3,2.6,42,11.2,1.0
2021-03-28 19:00:00,2021-03-28,3,1,19,152.75,0,0,18.2,1.1,51,11.2,1.0
2021-03-28 20:00:00,2021-03-28,3,1,20,111.75,0,0,17.3,2.4,56,11.2,1.0
2021-03-28 21:00:00,2021-03-28,3,1,21,117.75,0,0,16.1,1.4,59,11.2,1.0
2021-03-28 22:00:00,2021-03-28,3,1,22,109.0,0,0,15.5,1.1,60,11.2,1.0
2021-03-28 23:00:00,2021-03-28,3,1,23,107.25,0,0,14.3,0.8,61,11.2,1.0
2021-03-29 00:00:00,2021-03-29,3,0,0,66.25,0,0,14.1,2.1,63,11.2,0.3333333333333333
2021-03-29 01:00:00,2021-03-29,3,0,1,104.25,0,0,14.4,2.9,64,0.0,0.3333333333333333
2021-03-29 02:00:00,2021-03-29,3,0,2,112.5,0,0,14.9,3.1,55,0.0,0.3333333333333333
2021-03-29 03:00:00,2021-03-29,3,0,3,103.5,0,0,16.0,2.5,58,0.0,0.3333333333333333
2021-03-29 04:00:00,2021-03-29,3,0,4,109.75,0,0,16.0,2.5,60,0.0,0.3333333333333333
2021-03-29 05:00:00,2021-03-29,3,0,5,90.0,0,0,15.0,2.1,65,0.0,0.3333333333333333
2021-03-29 06:00:00,2021-03-29,3,0,6,113.0,0,0,15.7,1.6,52,0.0,0.3333333333333333
2021-03-29 07:00:00,2021-03-29,3,0,7,136.75,10,1,14.1,1.6,66,0.0,0.3333333333333333
2021-03-29 08:00:00,2021-03-29,3,0,8,202.0,1644,1,14.0,2.1,72,0.0,0.3333333333333333
2021-03-29 09:00:00,2021-03-29,3,0,9,179.25,1648,1,15.6,2.6,45,0.0,0.3333333333333333
2021-03-29 10:00:00,2021-03-29,3,0,10,162.75,720,1,16.7,1.7,32,0.0,0.3333333333333333
2021-03-29 11:00:00,2021-03-29,3,0,11,193.25,1059,1,17.3,3.1,25,0.0,0.3333333333333333
2021-03-29 12:00:00,2021-03-29,3,0,12,117.75,52,1,17.8,3.6,23,0.0,0.3333333333333333
2021-03-29 13:00:00,2021-03-29,3,0,13,186.5,669,1,18.6,3.4,25,0.0,0.3333333333333333
2021-03-29 14:00:00,2021-03-29,3,0,14,177.25,1152,1,19.1,2.7,25,0.0,0.3333333333333333
2021-03-29 15:00:00,2021-03-29,3,0,15,163.25,271,1,19.4,2.5,34,0.0,0.3333333333333333
2021-03-29 16:00:00,2021-03-29,3,0,16,163.75,2375,1,18.2,2.1,39,0.0,0.3333333333333333
2021-03-29 17:00:00,2021-03-29,3,0,17,127.5,294,1,18.2,1.2,44,0.0,0.3333333333333333
2021-03-29 18:00:00,2021-03-29,3,0,18,165.5,1408,1,17.1,0.8,53,0.0,0.3333333333333333
2021-03-29 19:00:00,2021-03-29,3,0,19,160.25,3513,1,16.3,1.4,52,0.0,0.3333333333333333
2021-03-29 20:00:00,2021-03-29,3,0,20,134.5,370,1,15.8,2.1,43,0.0,0.3333333333333333
2021-03-29 21:00:00,2021-03-29,3,0,21,123.75,62,1,14.8,1.8,43,0.0,0.3333333333333333
2021-03-29 22:00:00,2021-03-29,3,0,22,112.5,204,1,14.0,1.2,44,0.0,0.3333333333333333
2021-03-29 23:00:00,2021-03-29,3,0,23,103.5,51,1,13.9,3.0,45,0.0,0.3333333333333333
2021-03-30 00:00:00,2021-03-30,3,0,0,67.0,252,1,13.9,2.5,41,0.0,0.3333333333333333
2021-03-30 01:00:00,2021-03-30,3,0,1,104.0,24,1,13.4,3.0,39,0.0,0.3333333333333333
2021-03-30 02:00:00,2021-03-30,3,0,2,109.75,272,1,12.8,3.3,37,0.0,0.3333333333333333
2021-03-30 03:00:00,2021-03-30,3,0,3,112.0,1796,1,12.1,0.9,38,0.0,0.3333333333333333
2021-03-30 04:00:00,2021-03-30,3,0,4,109.0,358,1,11.6,1.3,38,0.0,0.3333333333333333
2021-03-30 05:00:00,2021-03-30,3,0,5,98.25,775,1,11.2,2.1,38,0.0,0.3333333333333333
2021-03-30 06:00:00,2021-03-30,3,0,6,114.25,144,1,11.1,1.6,36,0.0,0.3333333333333333
2021-03-30 07:00:00,2021-03-30,3,0,7,131.5,534,1,11.1,2.1,36,0.0,0.3333333333333333
2021-03-30 08:00:00,2021-03-30,3,0,8,179.75,736,1,11.6,2.4,38,0.0,0.3333333333333333
2021-03-30 09:00:00,2021-03-30,3,0,9,178.75,1209,1,12.0,3.5,36,0.0,0.3333333333333333
2021-03-30 10:00:00,2021-03-30,3,0,10,158.5,1037,1,13.1,3.8,31,0.0,0.3333333333333333
2021-03-30 11:00:00,2021-03-30,3,0,11,144.0,1193,1,13.9,3.0,31,0.0,0.3333333333333333
2021-03-30 12:00:00,2021-03-30,3,0,12,107.75,7208,1,16.2,2.1,27,0.0,0.3333333333333333
2021-03-30 13:00:00,2021-03-30,3,0,13,166.5,946,1,18.3,1.4,21,0.0,0.3333333333333333
2021-03-30 14:00:00,2021-03-30,3,0,14,165.75,904,1,18.8,2.6,21,0.0,0.3333333333333333
2021-03-30 15:00:00,2021-03-30,3,0,15,163.5,61,1,18.6,2.9,28,0.0,0.3333333333333333
2021-03-30 16:00:00,2021-03-30,3,0,16,160.5,1290,1,16.7,4.3,37,0.0,0.3333333333333333
2021-03-30 17:00:00,2021-03-30,3,0,17,156.25,1514,1,16.2,2.3,41,0.0,0.3333333333333333
2021-03-30 18:00:00,2021-03-30,3,0,18,159.5,984,1,14.2,2.8,45,0.0,0.3333333333333333
2021-03-30 19:00:00,2021-03-30,3,0,19,141.25,2347,1,12.4,0.7,52,0.0,0.3333333333333333
2021-03-30 20:00:00,2021-03-30,3,0,20,109.0,15,1,11.5,0.1,59,0.0,0.3333333333333333
2021-03-30 21:00:00,2021-03-30,3,0,21,112.75,187,1,11.0,0.5,63,0.0,0.3333333333333333
2021-03-30 22:00:00,2021-03-30,3,0,22,105.75,26,1,11.2,1.1,66,0.0,0.3333333333333333
2021-03-30 23:00:00,2021-03-30,3,0,23,104.0,400,1,10.1,0.0,71,0.0,0.3333333333333333
2021-03-31 00:00:00,2021-03-31,3,0,0,24.0,0,0,9.6,1.7,73,0.0,0.06666666666666667
2021-03-31 01:00:00,2021-03-31,3,0,1,21.25,0,0,8.9,0.5,75,0.0,0.06666666666666667
2021-03-31 02:00:00,2021-03-31,3,0,2,21.25,0,0,8.3,0.4,78,0.0,0.06666666666666667
2021-03-31 03:00:00,2021-03-31,3,0,3,22.5,0,0,7.8,0.1,80,0.0,0.06666666666666667
2021-03-31 04:00:00,2021-03-31,3,0,4,23.25,0,0,7.2,0.6,81,0.0,0.06666666666666667
2021-03-31 05:00:00,2021-03-31,3,0,5,21.25,0,0,7.2,2.1,84,0.0,0.06666666666666667
2021-03-31 06:00:00,2021-03-31,3,0,6,21.25,0,0,6.7,0.1,87,0.0,0.06666666666666667
2021-03-31 07:00:00,2021-03-31,3,0,7,23.75,0,0,7.6,0.1,88,0.0,0.06666666666666667
2021-03-31 08:00:00,2021-03-31,3,0,8,21.0,0,0,10.9,0.3,76,0.0,0.06666666666666667
2021-03-31 09:00:00,2021-03-31,3,0,9,21.0,0,0,12.8,1.1,68,0.0,0.06666666666666667
2021-03-31 10:00:00,2021-03-31,3,0,10,22.5,0,0,15.1,1.6,46,0.0,0.06666666666666667
2021-03-31 11:00:00,2021-03-31,3,0,11,22.0,0,0,17.3,2.6,41,0.0,0.06666666666666667
2021-03-31 12:00:00,2021-03-31,3,0,12,21.0,0,0,17.5,2.7,43,0.0,0.06666666666666667
2021-03-31 13:00:00,2021-03-31,3,0,13,21.0,0,0,18.0,2.9,45,0.0,0.06666666666666667
2021-03-31 14:00:00,2021-03-31,3,0,14,22.75,0,0,18.1,2.4,42,0.0,0.06666666666666667
2021-03-31 15:00:00,2021-03-31,3,0,15,21.0,0,0,17.7,3.4,40,0.0,0.06666666666666667
2021-03-31 16:00:00,2021-03-31,3,0,16,21.0,0,0,16.3,3.7,55,0.0,0.06666666666666667
2021-03-31 17:00:00,2021-03-31,3,0,17,23.25,0,0,14.5,3.1,62,0.0,0.06666666666666667
2021-03-31 18:00:00,2021-03-31,3,0,18,21.0,0,0,13.5,3.6,69,0.0,0.06666666666666667
2021-03-31 19:00:00,2021-03-31,3,0,19,21.0,0,0,12.8,2.0,72,0.0,0.06666666666666667
2021-03-31 20:00:00,2021-03-31,3,0,20,23.25,0,0,12.1,0.7,73,0.0,0.06666666666666667
2021-03-31 21:00:00,2021-03-31,3,0,21,21.25,0,0,12.1,1.4,72,0.0,0.06666666666666667
2021-03-31 22:00:00,2021-03-31,3,0,22,21.0,0,0,11.5,1.4,74,0.0,0.06666666666666667
2021-03-31 23:00:00,2021-03-31,3,0,23,24.0,0,0,11.6,1.8,77,0.0,0.06666666666666667
2021-04-01 00:00:00,2021-04-01,4,0,0,22.75,0,0,11.2,1.6,77,0.0,0.3333333333333333
2021-04-01 01:00:00,2021-04-01,4,0,1,21.0,332,1,10.8,2.6,79,0.0,0.3333333333333333
2021-04-01 02:00:00,2021-04-01,4,0,2,21.0,77,1,10.6,1.8,79,0.0,0.3333333333333333
2021-04-01 03:00:00,2021-04-01,4,0,3,23.25,682,1,10.5,2.1,78,0.0,0.3333333333333333
2021-04-01 04:00:00,2021-04-01,4,0,4,21.0,0,0,10.7,1.4,83,0.0,0.3333333333333333
2021-04-01 05:00:00,2021-04-01,4,0,5,21.0,48,1,11.1,1.8,85,0.0,0.3333333333333333
2021-04-01 06:00:00,2021-04-01,4,0,6,23.25,71,1,11.8,2.5,86,0.0,0.3333333333333333
2021-04-01 07:00:00,2021-04-01,4,0,7,58.75,1231,1,12.2,3.0,83,0.0,0.3333333333333333
2021-04-01 08:00:00,2021-04-01,4,0,8,174.75,398,1,13.7,2.6,73,0.0,0.3333333333333333
2021-04-01 09:00:00,2021-04-01,4,0,9,170.0,802,1,14.7,3.5,68,0.0,0.3333333333333333
2021-04-01 10:00:00,2021-04-01,4,0,10,148.5,298,1,15.6,3.6,62,0.0,0.3333333333333333
2021-04-01 11:00:00,2021-04-01,4,0,11,173.75,823,1,16.2,3.6,60,0.0,0.3333333333333333
2021-04-01 12:00:00,2021-04-01,4,0,12,106.25,35,1,16.0,4.9,55,0.0,0.3333333333333333
2021-04-01 13:00:00,2021-04-01,4,0,13,178.75,529,1,16.4,4.4,53,0.0,0.3333333333333333
2021-04-01 14:00:00,2021-04-01,4,0,14,167.25,1062,1,14.9,4.4,57,0.0,0.3333333333333333
2021-04-01 15:00:00,2021-04-01,4,0,15,154.25,392,1,15.3,4.4,55,0.0,0.3333333333333333
2021-04-01 16:00:00,2021-04-01,4,0,16,147.25,4140,1,15.0,3.5,49,0.0,0.3333333333333333
2021-04-01 17:00:00,2021-04-01,4,0,17,118.5,206,1,14.3,4.9,53,0.0,0.3333333333333333
2021-04-01 18:00:00,2021-04-01,4,0,18,134.25,1652,1,13.7,4.1,56,0.0,0.3333333333333333
2021-04-01 19:00:00,2021-04-01,4,0,19,122.0,1634,1,13.1,4.5,61,0.0,0.3333333333333333
2021-04-01 20:00:00,2021-04-01,4,0,20,109.75,105,1,12.8,3.5,65,0.0,0.3333333333333333
2021-04-01 21:00:00,2021-04-01,4,0,21,104.25,21,1,12.7,2.6,63,0.0,0.3333333333333333
2021-04-01 22:00:00,2021-04-01,4,0,22,104.5,253,1,12.8,2.8,61,0.0,0.3333333333333333
2021-04-01 23:00:00,2021-04-01,4,0,23,98.5,30,1,12.8,3.7,64,0.0,0.3333333333333333
2021-04-02 00:00:00,2021-04-02,4,0,0,65.0,30,1,12.7,3.7,67,0.0,0.3333333333333333
2021-04-02 01:00:00,2021-04-02,4,0,1,108.25,0,0,12.6,2.8,68,0.0,0.3333333333333333
2021-04-02 02:00:00,2021-04-02,4,0,2,116.25,634,1,12.6,3.9,73,0.0,0.3333333333333333
2021-04-02 03:00:00,2021-04-02,4,0,3,103.75,102,1,12.5,2.8,75,0.0,0.3333333333333333
2021-04-02 04:00:00,2021-04-02,4,0,4,101.0,89,1,12.5,3.9,76,0.0,0.3333333333333333
2021-04-02 05:00:00,2021-04-02,4,0,5,84.75,45,1,12.4,2.7,77,0.0,0.3333333333333333
2021-04-02 06:00:00,2021-04-02,4,0,6,110.5,62,1,12.4,2.3,79,0.0,0.3333333333333333
2021-04-02 07:00:00,2021-04-02,4,0,7,126.0,1172,1,12.5,2.9,80,0.0,0.3333333333333333
2021-04-02 08:00:00,2021-04-02,4,0,8,171.25,0,0,12.9,2.9,78,0.0,0.3333333333333333
2021-04-02 09:00:00,2021-04-02,4,0,9,168.25,0,0,13.8,2.9,75,0.0,0.3333333333333333
2021-04-02 10:00:00,2021-04-02,4,0,10,160.5,0,0,14.4,3.4,74,0.0,0.3333333333333333
2021-04-02 11:00:00,2021-04-02,4,0,11,172.5,0,0,14.8,3.0,74,0.0,0.3333333333333333
2021-04-02 12:00:00,2021-04-02,4,0,12,103.5,0,0,14.8,3.4,76,0.0,0.3333333333333333
2021-04-02 13:00:00,2021-04-02,4,0,13,165.25,0,0,15.7,2.7,71,0.0,0.3333333333333333
2021-04-02 14:00:00,2021-04-02,4,0,14,166.25,0,0,17.0,3.0,67,0.0,0.3333333333333333
2021-04-02 15:00:00,2021-04-02,4,0,15,159.0,0,0,17.6,2.7,64,0.0,0.3333333333333333
2021-04-02 16:00:00,2021-04-02,4,0,16,161.0,0,0,18.3,1.3,61,0.0,0.3333333333333333
2021-04-02 17:00:00,2021-04-02,4,0,17,123.0,0,0,16.6,2.7,67,0.0,0.3333333333333333
2021-04-02 18:00:00,2021-04-02,4,0,18,162.5,0,0,15.3,2.4,72,0.0,0.3333333333333333
2021-04-02 19:00:00,2021-04-02,4,0,19,158.25,0,0,13.8,1.9,77,0.0,0.3333333333333333
2021-04-02 20:00:00,2021-04-02,4,0,20,123.5,0,0,13.2,1.8,81,0.0,0.3333333333333333
2021-04-02 21:00:00,2021-04-02,4,0,21,124.5,0,0,12.7,1.6,82,0.0,0.3333333333333333
2021-04-02 22:00:00,2021-04-02,4,0,22,104.5,0,0,12.5,1.6,81,0.0,0.3333333333333333
2021-04-02 23:00:00,2021-04-02,4,0,23,95.0,0,0,12.4,2.1,84,0.0,0.3333333333333333
2021-04-03 00:00:00,2021-04-03,4,1,0,70.25,0,0,11.9,1.6,87,0.0,0.5
2021-04-03 01:00:00,2021-04-03,4,1,1,107.25,0,0,11.6,0.8,90,0.0,0.5
2021-04-03 02:00:00,2021-04-03,4,1,2,108.5,0,0,11.1,1.8,93,0.0,0.5
2021-04-03 03:00:00,2021-04-03,4,1,3,99.5,0,0,11.0,1.1,94,0.0,0.5
2021-04-03 04:00:00,2021-04-03,4,1,4,101.75,0,0,11.1,2.4,95,0.0,0.5
2021-04-03 05:00:00,2021-04-03,4,1,5,86.0,0,0,10.7,0.9,97,0.0,0.5
2021-04-03 06:00:00,2021-04-03,4,1,6,101.25,0,0,11.3,0.5,97,0.0,0.5
2021-04-03 07:00:00,2021-04-03,4,1,7,71.75,56,1,12.7,0.3,94,0.0,0.5
2021-04-03 08:00:00,2021-04-03,4,1,8,23.0,0,0,13.8,0.1,88,0.0,0.5
2021-04-03 09:00:00,2021-04-03,4,1,9,20.5,0,0,14.7,0.2,84,0.0,0.5
2021-04-03 10:00:00,2021-04-03,4,1,10,20.75,0,0,16.1,0.5,83,0.0,0.5
2021-04-03 11:00:00,2021-04-03,4,1,11,23.0,0,0,16.1,0.5,83,0.0,0.5
2021-04-03 12:00:00,2021-04-03,4,1,12,21.75,0,0,19.6,2.4,74,0.0,0.5
2021-04-03 13:00:00,2021-04-03,4,1,13,21.0,0,0,18.7,2.7,78,0.0,0.5
2021-04-03 14:00:00,2021-04-03,4,1,14,20.75,0,0,18.3,2.8,84,0.0,0.5
2021-04-03 15:00:00,2021-04-03,4,1,15,23.25,0,0,16.6,2.2,98,1.7,0.5
2021-04-03 16:00:00,2021-04-03,4,1,16,21.0,0,0,16.1,1.6,98,2.8,0.5
2021-04-03 17:00:00,2021-04-03,4,1,17,21.0,0,0,15.5,0.4,98,8.2,0.5
2021-04-03 18:00:00,2021-04-03,4,1,18,23.0,0,0,15.5,1.1,98,12.2,0.5
2021-04-03 19:00:00,2021-04-03,4,1,19,20.5,0,0,15.5,1.2,98,13.9,0.5
2021-04-03 20:00:00,2021-04-03,4,1,20,20.5,0,0,15.6,0.4,98,18.3,0.5
2021-04-03 21:00:00,2021-04-03,4,1,21,24.0,0,0,15.6,0.3,98,24.1,0.5
2021-04-03 22:00:00,2021-04-03,4,1,22,21.25,0,0,15.5,1.4,98,29.0,0.5
2021-04-03 23:00:00,2021-04-03,4,1,23,21.0,0,0,14.6,1.2,98,30.2,0.5
2021-04-04 00:00:00,2021-04-04,4,1,0,21.25,0,0,13.4,1.9,98,32.5,0.5
2021-04-04 01:00:00,2021-04-04,4,1,1,22.5,0,0,12.1,2.4,98,3.0,0.5
2021-04-04 02:00:00,2021-04-04,4,1,2,21.0,0,0,11.9,1.4,98,5.4,0.5
2021-04-04 03:00:00,2021-04-04,4,1,3,21.0,0,0,11.4,1.8,98,8.5,0.5
2021-04-04 04:00:00,2021-04-04,4,1,4,23.5,0,0,11.2,2.3,98,9.5,0.5
2021-04-04 05:00:00,2021-04-04,4,1,5,21.0,0,0,11.0,2.2,98,9.9,0.5
2021-04-04 06:00:00,2021-04-04,4,1,6,21.0,0,0,11.0,3.1,98,14.2,0.5
2021-04-04 07:00:00,2021-04-04,4,1,7,23.5,0,0,11.0,3.6,98,15.4,0.5
2021-04-04 08:00:00,2021-04-04,4,1,8,20.75,0,0,10.7,3.6,97,16.6,0.5
2021-04-04 09:00:00,2021-04-04,4,1,9,20.5,0,0,10.4,3.0,97,18.0,0.5
2021-04-04 10:00:00,2021-04-04,4,1,10,22.25,0,0,10.4,3.3,96,18.0,0.5
2021-04-04 11:00:00,2021-04-04,4,1,11,21.75,0,0,9.7,4.0,94,18.0,0.5
2021-04-04 12:00:00,2021-04-04,4,1,12,21.0,0,0,10.0,4.0,87,18.0,0.5
2021-04-04 13:00:00,2021-04-04,4,1,13,21.25,0,0,9.9,4.1,86,18.0,0.5
2021-04-04 14:00:00,2021-04-04,4,1,14,22.75,0,0,9.5,4.3,85,18.0,0.5
2021-04-04 15:00:00,2021-04-04,4,1,15,20.5,0,0,9.5,4.6,78,18.0,0.5
2021-04-04 16:00:00,2021-04-04,4,1,16,20.0,0,0,9.6,3.6,71,18.0,0.5
2021-04-04 17:00:00,2021-04-04,4,1,17,23.25,0,0,9.6,3.1,66,18.0,0.5
2021-04-04 18:00:00,2021-04-04,4,1,18,20.25,0,0,9.6,3.6,62,18.0,0.5
2021-04-04 19:00:00,2021-04-04,4,1,19,20.25,0,0,9.2,2.7,67,18.0,0.5
2021-04-04 20:00:00,2021-04-04,4,1,20,23.0,0,0,9.1,3.8,69,18.0,0.5
2021-04-04 21:00:00,2021-04-04,4,1,21,21.5,0,0,8.9,3.1,69,18.0,0.5
2021-04-04 22:00:00,2021-04-04,4,1,22,21.0,0,0,8.7,2.4,67,18.0,0.5
2021-04-04 23:00:00,2021-04-04,4,1,23,22.0,0,0,8.6,3.0,68,18.0,0.5
2021-04-05 00:00:00,2021-04-05,4,0,0,22.75,0,0,8.2,2.6,70,18.0,0.3333333333333333
2021-04-05 01:00:00,2021-04-05,4,0,1,21.0,0,0,7.0,3.0,73,0.0,0.3333333333333333
2021-04-05 02:00:00,2021-04-05,4,0,2,21.0,0,0,6.4,2.7,75,0.0,0.3333333333333333
2021-04-05 03:00:00,2021-04-05,4,0,3,23.25,0,0,6.0,2.6,75,0.0,0.3333333333333333
2021-04-05 04:00:00,2021-04-05,4,0,4,21.0,0,0,6.4,3.9,64,0.0,0.3333333333333333
2021-04-05 05:00:00,2021-04-05,4,0,5,21.0,0,0,6.2,3.5,61,0.0,0.3333333333333333
2021-04-05 06:00:00,2021-04-05,4,0,6,23.25,0,0,6.1,2.1,65,0.0,0.3333333333333333
2021-04-05 07:00:00,2021-04-05,4,0,7,58.75,0,0,7.0,3.4,64,0.0,0.3333333333333333
2021-04-05 08:00:00,2021-04-05,4,0,8,174.75,1029,1,8.9,3.6,58,0.0,0.3333333333333333
2021-04-05 09:00:00,2021-04-05,4,0,9,170.0,940,1,11.2,4.0,50,0.0,0.3333333333333333
2021-04-05 10:00:00,2021-04-05,4,0,10,148.5,1371,1,11.9,4.6,45,0.0,0.3333333333333333
2021-04-05 11:00:00,2021-04-05,4,0,11,173.75,2272,1,12.6,3.8,41,0.0,0.3333333333333333
2021-04-05 12:00:00,2021-04-05,4,0,12,106.25,72,1,13.1,4.3,39,0.0,0.3333333333333333
2021-04-05 13:00:00,2021-04-05,4,0,13,178.75,1267,1,13.7,4.2,39,0.0,0.3333333333333333
2021-04-05 14:00:00,2021-04-05,4,0,14,167.25,607,1,14.1,3.8,41,0.0,0.3333333333333333
2021-04-05 15:00:00,2021-04-05,4,0,15,154.25,4275,1,14.0,3.7,44,0.0,0.3333333333333333
2021-04-05 16:00:00,2021-04-05,4,0,16,147.25,1158,1,13.9,3.2,45,0.0,0.3333333333333333
2021-04-05 17:00:00,2021-04-05,4,0,17,118.5,771,1,13.3,2.6,40,0.0,0.3333333333333333
2021-04-05 18:00:00,2021-04-05,4,0,18,134.25,1184,1,12.0,2.6,43,0.0,0.3333333333333333
2021-04-05 19:00:00,2021-04-05,4,0,19,122.0,2358,1,10.6,2.4,54,0.0,0.3333333333333333
2021-04-05 20:00:00,2021-04-05,4,0,20,109.75,102,1,10.0,2.2,57,0.0,0.3333333333333333
2021-04-05 21:00:00,2021-04-05,4,0,21,104.25,10,1,9.5,2.3,61,0.0,0.3333333333333333
2021-04-05 22:00:00,2021-04-05,4,0,22,104.5,269,1,9.1,2.6,64,0.0,0.3333333333333333
2021-04-05 23:00:00,2021-04-05,4,0,23,98.5,24,1,9.7,2.3,59,0.0,0.3333333333333333
2021-04-06 00:00:00,2021-04-06,4,0,0,65.0,156,1,8.6,1.3,65,0.0,0.3333333333333333
2021-04-06 01:00:00,2021-04-06,4,0,1,108.25,212,1,6.6,0.9,76,0.0,0.3333333333333333
2021-04-06 02:00:00,2021-04-06,4,0,2,116.25,5,1,6.3,0.9,78,0.0,0.3333333333333333
2021-04-06 03:00:00,2021-04-06,4,0,3,103.75,37,1,6.5,2.4,77,0.0,0.3333333333333333
2021-04-06 04:00:00,2021-04-06,4,0,4,101.0,13,1,5.5,1.0,82,0.0,0.3333333333333333
2021-04-06 05:00:00,2021-04-06,4,0,5,84.75,319,1,5.3,1.0,83,0.0,0.3333333333333333
2021-04-06 06:00:00,2021-04-06,4,0,6,110.5,182,1,4.8,0.2,86,0.0,0.3333333333333333
2021-04-06 07:00:00,2021-04-06,4,0,7,126.0,531,1,6.3,1.7,79,0.0,0.3333333333333333
2021-04-06 08:00:00,2021-04-06,4,0,8,171.25,1007,1,8.5,2.7,72,0.0,0.3333333333333333
2021-04-06 09:00:00,2021-04-06,4,0,9,168.25,984,1,11.3,1.7,62,0.0,0.3333333333333333
2021-04-06 10:00:00,2021-04-06,4,0,10,160.5,927,1,13.4,0.9,51,0.0,0.3333333333333333
2021-04-06 11:00:00,2021-04-06,4,0,11,172.5,1223,1,15.6,0.9,46,0.0,0.3333333333333333
2021-04-06 12:00:00,2021-04-06,4,0,12,103.5,3566,1,16.0,1.2,39,0.0,0.3333333333333333
2021-04-06 13:00:00,2021-04-06,4,0,13,165.25,960,1,17.1,1.7,33,0.0,0.3333333333333333
2021-04-06 14:00:00,2021-04-06,4,0,14,166.25,1218,1,17.9,2.5,45,0.0,0.3333333333333333
2021-04-06 15:00:00,2021-04-06,4,0,15,159.0,1342,1,16.4,3.3,46,0.0,0.3333333333333333
2021-04-06 16:00:00,2021-04-06,4,0,16,161.0,868,1,16.0,3.0,56,0.0,0.3333333333333333
2021-04-06 17:00:00,2021-04-06,4,0,17,123.0,218,1,15.4,2.6,61,0.0,0.3333333333333333
2021-04-06 18:00:00,2021-04-06,4,0,18,162.5,1330,1,14.9,2.0,55,0.0,0.3333333333333333
2021-04-06 19:00:00,2021-04-06,4,0,19,158.25,2259,1,13.5,0.9,65,0.0,0.3333333333333333
2021-04-06 20:00:00,2021-04-06,4,0,20,123.5,101,1,11.9,0.2,76,0.0,0.3333333333333333
2021-04-06 21:00:00,2021-04-06,4,0,21,124.5,18,1,11.3,0.8,77,0.0,0.3333333333333333
2021-04-06 22:00:00,2021-04-06,4,0,22,104.5,68,1,11.2,1.7,70,0.0,0.3333333333333333
2021-04-06 23:00:00,2021-04-06,4,0,23,95.0,516,1,11.3,1.0,62,0.0,0.3333333333333333
2021-04-07 00:00:00,2021-04-07,4,0,0,21.0,0,0,13.1,1.5,44,0.0,0.5
2021-04-07 01:00:00,2021-04-07,4,0,1,21.0,182,1,14.3,2.9,41,0.0,0.5
2021-04-07 02:00:00,2021-04-07,4,0,2,22.75,250,1,14.1,2.5,39,0.0,0.5
2021-04-07 03:00:00,2021-04-07,4,0,3,21.75,10,1,11.9,1.4,46,0.0,0.5
2021-04-07 04:00:00,2021-04-07,4,0,4,21.0,151,1,12.3,2.7,44,0.0,0.5
2021-04-07 05:00:00,2021-04-07,4,0,5,22.0,283,1,11.8,2.9,46,0.0,0.5
2021-04-07 06:00:00,2021-04-07,4,0,6,22.75,136,1,12.0,2.8,45,0.0,0.5
2021-04-07 07:00:00,2021-04-07,4,0,7,55.5,593,1,12.6,0.9,46,0.0,0.5
2021-04-07 08:00:00,2021-04-07,4,0,8,185.0,669,1,13.6,3.2,43,0.0,0.5
2021-04-07 09:00:00,2021-04-07,4,0,9,186.25,892,1,15.4,3.7,39,0.0,0.5
2021-04-07 10:00:00,2021-04-07,4,0,10,164.5,1027,1,17.3,3.2,39,0.0,0.5
2021-04-07 11:00:00,2021-04-07,4,0,11,171.25,1113,1,18.4,3.0,34,0.0,0.5
2021-04-07 12:00:00,2021-04-07,4,0,12,101.0,2836,1,18.8,3.4,36,0.0,0.5
2021-04-07 13:00:00,2021-04-07,4,0,13,166.25,427,1,18.3,3.9,36,0.0,0.5
2021-04-07 14:00:00,2021-04-07,4,0,14,160.25,1325,1,18.1,3.7,38,0.0,0.5
2021-04-07 15:00:00,2021-04-07,4,0,15,154.5,1691,1,18.0,3.1,38,0.0,0.5
2021-04-07 16:00:00,2021-04-07,4,0,16,158.75,579,1,17.8,2.9,38,0.0,0.5
2021-04-07 17:00:00,2021-04-07,4,0,17,124.75,567,1,16.4,2.7,38,0.0,0.5
2021-04-07 18:00:00,2021-04-07,4,0,18,125.25,1427,1,15.3,2.2,45,0.0,0.5
2021-04-07 19:00:00,2021-04-07,4,0,19,115.25,1745,1,14.7,3.6,50,0.0,0.5
2021-04-07 20:00:00,2021-04-07,4,0,20,127.75,13,1,14.3,3.3,61,0.0,0.5
2021-04-07 21:00:00,2021-04-07,4,0,21,120.5,460,1,13.9,2.9,62,0.0,0.5
2021-04-07 22:00:00,2021-04-07,4,0,22,113.5,70,1,12.9,1.7,64,0.0,0.5
2021-04-07 23:00:00,2021-04-07,4,0,23,101.0,110,1,12.6,1.2,61,0.0,0.5
2021-04-08 00:00:00,2021-04-08,4,0,0,66.5,0,0,11.9,1.4,61,0.0,0.5
2021-04-08 01:00:00,2021-04-08,4,0,1,103.5,131,1,11.8,0.9,57,0.0,0.5
2021-04-08 02:00:00,2021-04-08,4,0,2,101.5,112,1,11.1,1.9,65,0.0,0.5
2021-04-08 03:00:00,2021-04-08,4,0,3,104.75,48,1,10.8,1.5,65,0.0,0.5
2021-04-08 04:00:00,2021-04-08,4,0,4,98.25,70,1,12.0,2.2,52,0.0,0.5
2021-04-08 05:00:00,2021-04-08,4,0,5,89.25,316,1,12.5,3.1,46,0.0,0.5
2021-04-08 06:00:00,2021-04-08,4,0,6,107.0,350,1,12.3,3.2,44,0.0,0.5
2021-04-08 07:00:00,2021-04-08,4,0,7,118.0,826,1,12.3,1.2,44,0.0,0.5
2021-04-08 08:00:00,2021-04-08,4,0,8,171.5,458,1,13.4,0.8,45,0.0,0.5
2021-04-08 09:00:00,2021-04-08,4,0,9,170.0,1501,1,15.8,2.0,34,0.0,0.5
2021-04-08 10:00:00,2021-04-08,4,0,10,158.25,474,1,16.5,2.7,31,0.0,0.5
2021-04-08 11:00:00,2021-04-08,4,0,11,163.5,702,1,18.1,2.7,38,0.0,0.5
2021-04-08 12:00:00,2021-04-08,4,0,12,105.5,938,1,15.9,4.7,57,0.0,0.5
2021-04-08 13:00:00,2021-04-08,4,0,13,167.25,825,1,15.4,4.3,61,0.0,0.5
2021-04-08 14:00:00,2021-04-08,4,0,14,153.0,1241,1,14.9,4.9,59,0.0,0.5
2021-04-08 15:00:00,2021-04-08,4,0,15,132.75,2328,1,14.8,4.1,62,0.0,0.5
2021-04-08 16:00:00,2021-04-08,4,0,16,144.75,825,1,13.8,3.5,61,0.0,0.5
2021-04-08 17:00:00,2021-04-08,4,0,17,119.75,386,1,13.2,3.9,64,0.0,0.5
2021-04-08 18:00:00,2021-04-08,4,0,18,108.25,1904,1,12.7,3.4,69,0.0,0.5
2021-04-08 19:00:00,2021-04-08,4,0,19,99.5,1058,1,11.7,1.2,73,0.0,0.5
2021-04-08 20:00:00,2021-04-08,4,0,20,103.25,171,1,11.3,1.1,74,0.0,0.5
2021-04-08 21:00:00,2021-04-08,4,0,21,102.0,110,1,10.9,0.9,77,0.0,0.5
2021-04-08 22:00:00,2021-04-08,4,0,22,100.25,0,0,10.5,1.6,78,0.0,0.5
2021-04-08 23:00:00,2021-04-08,4,0,23,85.0,294,1,10.1,1.5,82,0.0,0.5
2021-04-09 00:00:00,2021-04-09,4,0,0,22.5,27,1,10.1,1.9,81,0.0,0.3333333333333333
2021-04-09 01:00:00,2021-04-09,4,0,1,22.75,60,1,9.6,2.3,85,0.0,0.3333333333333333
2021-04-09 02:00:00,2021-04-09,4,0,2,24.75,243,1,8.6,1.8,90,0.0,0.3333333333333333
2021-04-09 03:00:00,2021-04-09,4,0,3,22.5,279,1,8.0,1.0,93,0.0,0.3333333333333333
2021-04-09 04:00:00,2021-04-09,4,0,4,22.75,2,1,7.0,0.4,97,0.0,0.3333333333333333
2021-04-09 05:00:00,2021-04-09,4,0,5,23.5,118,1,6.9,0.6,97,0.0,0.3333333333333333
2021-04-09 06:00:00,2021-04-09,4,0,6,24.0,123,1,7.9,2.1,95,0.0,0.3333333333333333
2021-04-09 07:00:00,2021-04-09,4,0,7,63.5,440,1,8.6,2.2,93,0.0,0.3333333333333333
2021-04-09 08:00:00,2021-04-09,4,0,8,176.5,342,1,10.7,1.4,84,0.0,0.3333333333333333
2021-04-09 09:00:00,2021-04-09,4,0,9,158.0,411,1,12.8,2.4,68,0.0,0.3333333333333333
2021-04-09 10:00:00,2021-04-09,4,0,10,157.0,663,1,12.1,4.1,68,0.0,0.3333333333333333
2021-04-09 11:00:00,2021-04-09,4,0,11,163.75,1501,1,11.3,2.7,71,0.0,0.3333333333333333
2021-04-09 12:00:00,2021-04-09,4,0,12,105.75,160,1,9.4,2.3,94,0.9,0.3333333333333333
2021-04-09 13:00:00,2021-04-09,4,0,13,157.5,2943,1,9.4,3.2,98,4.4,0.3333333333333333
2021-04-09 14:00:00,2021-04-09,4,0,14,154.25,1731,1,9.0,2.8,95,5.1,0.3333333333333333
2021-04-09 15:00:00,2021-04-09,4,0,15,141.25,1514,1,9.1,2.0,91,5.1,0.3333333333333333
2021-04-09 16:00:00,2021-04-09,4,0,16,152.5,1633,1,9.7,2.7,73,5.1,0.3333333333333333
2021-04-09 17:00:00,2021-04-09,4,0,17,127.75,325,1,9.7,2.8,65,5.1,0.3333333333333333
2021-04-09 18:00:00,2021-04-09,4,0,18,159.0,983,1,9.5,3.1,62,5.1,0.3333333333333333
2021-04-09 19:00:00,2021-04-09,4,0,19,141.5,2300,1,9.2,2.9,60,5.1,0.3333333333333333
2021-04-09 20:00:00,2021-04-09,4,0,20,110.5,39,1,8.2,1.5,65,5.1,0.3333333333333333
2021-04-09 21:00:00,2021-04-09,4,0,21,119.75,8,1,8.2,2.1,65,5.1,0.3333333333333333
2021-04-09 22:00:00,2021-04-09,4,0,22,112.25,50,1,7.9,2.1,66,5.1,0.3333333333333333
2021-04-09 23:00:00,2021-04-09,4,0,23,100.75,0,0,7.4,1.7,69,5.1,0.3333333333333333
2021-04-10 00:00:00,2021-04-10,4,1,0,60.75,25,1,7.0,1.6,71,5.1,0.3333333333333333
2021-04-10 01:00:00,2021-04-10,4,1,1,103.75,34,1,5.6,1.2,78,0.0,0.3333333333333333
2021-04-10 02:00:00,2021-04-10,4,1,2,103.25,917,1,5.2,1.6,80,0.0,0.3333333333333333
2021-04-10 03:00:00,2021-04-10,4,1,3,102.75,0,0,4.4,1.5,87,0.0,0.3333333333333333
2021-04-10 04:00:00,2021-04-10,4,1,4,106.25,30,1,3.9,1.2,90,0.0,0.3333333333333333
2021-04-10 05:00:00,2021-04-10,4,1,5,87.0,0,0,3.4,1.6,92,0.0,0.3333333333333333
2021-04-10 06:00:00,2021-04-10,4,1,6,103.5,692,1,3.3,1.1,90,0.0,0.3333333333333333
2021-04-10 07:00:00,2021-04-10,4,1,7,62.5,1351,1,5.5,1.7,86,0.0,0.3333333333333333
2021-04-10 08:00:00,2021-04-10,4,1,8,24.25,6,1,7.9,1.8,75,0.0,0.3333333333333333
2021-04-10 09:00:00,2021-04-10,4,1,9,22.25,0,0,10.5,2.0,63,0.0,0.3333333333333333
2021-04-10 10:00:00,2021-04-10,4,1,10,22.0,0,0,12.2,2.4,55,0.0,0.3333333333333333
2021-04-10 11:00:00,2021-04-10,4,1,11,25.0,0,0,12.8,3.1,54,0.0,0.3333333333333333
2021-04-10 12:00:00,2021-04-10,4,1,12,22.5,0,0,12.8,3.4,49,0.0,0.3333333333333333
2021-04-10 13:00:00,2021-04-10,4,1,13,22.0,0,0,12.9,2.5,52,0.0,0.3333333333333333
2021-04-10 14:00:00,2021-04-10,4,1,14,23.25,0,0,13.1,3.1,50,0.0,0.3333333333333333
2021-04-10 15:00:00,2021-04-10,4,1,15,23.5,0,0,13.7,3.2,51,0.0,0.3333333333333333
2021-04-10 16:00:00,2021-04-10,4,1,16,22.5,0,0,12.8,3.4,54,0.0,0.3333333333333333
2021-04-10 17:00:00,2021-04-10,4,1,17,22.25,0,0,12.5,3.2,53,0.0,0.3333333333333333
2021-04-10 18:00:00,2021-04-10,4,1,18,24.0,0,0,11.1,2.1,56,0.0,0.3333333333333333
2021-04-10 19:00:00,2021-04-10,4,1,19,22.0,0,0,10.2,1.2,62,0.0,0.3333333333333333
2021-04-10 20:00:00,2021-04-10,4,1,20,22.0,0,0,9.2,0.9,67,0.0,0.3333333333333333
2021-04-10 21:00:00,2021-04-10,4,1,21,25.0,0,0,8.4,0.0,72,0.0,0.3333333333333333
2021-04-10 22:00:00,2021-04-10,4,1,22,22.75,0,0,7.7,0.5,76,0.0,0.3333333333333333
2021-04-10 23:00:00,2021-04-10,4,1,23,22.5,0,0,7.6,1.8,77,0.0,0.3333333333333333
2021-04-11 00:00:00,2021-04-11,4,1,0,20.0,0,0,7.0,1.4,80,0.0,0.25
2021-04-11 01:00:00,2021-04-11,4,1,1,22.5,0,0,7.1,2.1,80,0.0,0.25
2021-04-11 02:00:00,2021-04-11,4,1,2,20.0,0,0,6.7,1.4,83,0.0,0.25
2021-04-11 03:00:00,2021-04-11,4,1,3,20.0,0,0,6.0,0.7,88,0.0,0.25
2021-04-11 04:00:00,2021-04-11,4,1,4,22.25,0,0,5.9,1.2,93,0.0,0.25
2021-04-11 05:00:00,2021-04-11,4,1,5,20.0,0,0,5.5,1.0,93,0.0,0.25
2021-04-11 06:00:00,2021-04-11,4,1,6,20.0,0,0,5.7,1.0,96,0.0,0.25
2021-04-11 07:00:00,2021-04-11,4,1,7,20.25,0,0,7.1,0.3,92,0.0,0.25
2021-04-11 08:00:00,2021-04-11,4,1,8,20.75,0,0,9.6,0.9,82,0.0,0.25
2021-04-11 09:00:00,2021-04-11,4,1,9,20.0,0,0,12.2,1.3,69,0.0,0.25
2021-04-11 10:00:00,2021-04-11,4,1,10,20.75,0,0,14.3,1.7,65,0.0,0.25
2021-04-11 11:00:00,2021-04-11,4,1,11,21.0,0,0,15.9,1.8,57,0.0,0.25
2021-04-11 12:00:00,2021-04-11,4,1,12,20.0,0,0,17.1,2.8,46,0.0,0.25
2021-04-11 13:00:00,2021-04-11,4,1,13,20.0,0,0,17.8,2.6,46,0.0,0.25
2021-04-11 14:00:00,2021-04-11,4,1,14,22.25,0,0,18.3,2.4,22,0.0,0.25
2021-04-11 15:00:00,2021-04-11,4,1,15,20.0,0,0,17.8,2.0,30,0.0,0.25
2021-04-11 16:00:00,2021-04-11,4,1,16,20.0,0,0,17.9,2.4,32,0.0,0.25
2021-04-11 17:00:00,2021-04-11,4,1,17,22.75,0,0,17.2,1.7,31,0.0,0.25
2021-04-11 18:00:00,2021-04-11,4,1,18,19.25,0,0,15.6,0.8,29,0.0,0.25
2021-04-11 19:00:00,2021-04-11,4,1,19,19.5,0,0,12.7,0.8,51,0.0,0.25
2021-04-11 20:00:00,2021-04-11,4,1,20,20.75,0,0,12.2,0.7,64,0.0,0.25
2021-04-11 21:00:00,2021-04-11,4,1,21,21.25,0,0,11.9,1.0,69,0.0,0.25
2021-04-11 22:00:00,2021-04-11,4,1,22,20.0,0,0,11.4,0.1,73,0.0,0.25
2021-04-11 23:00:00,2021-04-11,4,1,23,20.5,0,0,11.4,0.4,76,0.0,0.25
2021-04-12 00:00:00,2021-04-12,4,0,0,63.5,0,0,10.4,1.3,77,0.0,0.16666666666666666
2021-04-12 01:00:00,2021-04-12,4,0,1,92.75,0,0,9.7,0.7,81,0.0,0.16666666666666666
2021-04-12 02:00:00,2021-04-12,4,0,2,93.5,0,0,9.8,0.9,84,0.0,0.16666666666666666
2021-04-12 03:00:00,2021-04-12,4,0,3,87.75,0,0,10.3,1.3,84,0.0,0.16666666666666666
2021-04-12 04:00:00,2021-04-12,4,0,4,84.5,0,0,10.2,1.1,87,0.0,0.16666666666666666
2021-04-12 05:00:00,2021-04-12,4,0,5,80.5,0,0,9.6,0.7,89,0.0,0.16666666666666666
2021-04-12 06:00:00,2021-04-12,4,0,6,95.0,0,0,10.0,0.7,90,0.0,0.16666666666666666
2021-04-12 07:00:00,2021-04-12,4,0,7,114.5,0,0,10.4,0.0,90,0.0,0.16666666666666666
2021-04-12 08:00:00,2021-04-12,4,0,8,169.5,1007,1,11.8,0.1,86,0.0,0.16666666666666666
2021-04-12 09:00:00,2021-04-12,4,0,9,170.5,876,1,12.3,0.1,83,0.0,0.16666666666666666
2021-04-12 10:00:00,2021-04-12,4,0,10,159.25,1032,1,12.7,0.1,87,0.0,0.16666666666666666
2021-04-12 11:00:00,2021-04-12,4,0,11,167.0,4888,1,13.0,1.4,91,0.4,0.16666666666666666
2021-04-12 12:00:00,2021-04-12,4,0,12,98.75,305,1,13.5,1.5,93,0.6,0.16666666666666666
2021-04-12 13:00:00,2021-04-12,4,0,13,176.5,580,1,14.4,1.2,95,1.1,0.16666666666666666
2021-04-12 14:00:00,2021-04-12,4,0,14,166.75,431,1,14.4,0.7,90,1.7,0.16666666666666666
2021-04-12 15:00:00,2021-04-12,4,0,15,162.25,880,1,14.9,0.9,93,2.0,0.16666666666666666
2021-04-12 16:00:00,2021-04-12,4,0,16,153.5,690,1,14.6,2.0,98,2.9,0.16666666666666666
2021-04-12 17:00:00,2021-04-12,4,0,17,117.75,1920,1,14.1,3.1,98,4.0,0.16666666666666666
2021-04-12 18:00:00,2021-04-12,4,0,18,145.5,740,1,13.5,2.0,98,5.1,0.16666666666666666
2021-04-12 19:00:00,2021-04-12,4,0,19,144.0,2676,1,13.5,1.5,98,5.8,0.16666666666666666
2021-04-12 20:00:00,2021-04-12,4,0,20,115.0,6,1,14.9,3.2,98,6.8,0.16666666666666666
2021-04-12 21:00:00,2021-04-12,4,0,21,112.25,0,0,15.2,3.6,98,9.5,0.16666666666666666
2021-04-12 22:00:00,2021-04-12,4,0,22,99.75,28,1,15.7,4.8,98,12.5,0.16666666666666666
2021-04-12 23:00:00,2021-04-12,4,0,23,93.25,67,1,15.7,4.4,98,14.4,0.16666666666666666
2021-04-13 00:00:00,2021-04-13,4,0,0,63.5,0,0,15.7,4.6,98,15.4,0.16666666666666666
2021-04-13 01:00:00,2021-04-13,4,0,1,92.75,0,0,15.6,3.9,98,0.5,0.16666666666666666
2021-04-13 02:00:00,2021-04-13,4,0,2,93.5,134,1,15.4,3.7,98,1.4,0.16666666666666666
2021-04-13 03:00:00,2021-04-13,4,0,3,87.75,0,0,15.9,4.1,98,2.3,0.16666666666666666
2021-04-13 04:00:00,2021-04-13,4,0,4,84.5,172,1,16.0,3.0,98,2.8,0.16666666666666666
2021-04-13 05:00:00,2021-04-13,4,0,5,80.5,0,0,16.6,3.8,98,0.0,0.16666666666666666
2021-04-13 06:00:00,2021-04-13,4,0,6,95.0,84,1,16.8,3.6,98,0.0,0.16666666666666666
2021-04-13 07:00:00,2021-04-13,4,0,7,114.5,474,1,17.0,1.8,94,0.0,0.16666666666666666
2021-04-13 08:00:00,2021-04-13,4,0,8,169.5,889,1,19.0,0.7,84,0.0,0.16666666666666666
2021-04-13 09:00:00,2021-04-13,4,0,9,170.5,1381,1,18.6,1.4,75,0.0,0.16666666666666666
2021-04-13 10:00:00,2021-04-13,4,0,10,159.25,938,1,19.6,3.4,65,0.0,0.16666666666666666
2021-04-13 11:00:00,2021-04-13,4,0,11,167.0,1241,1,20.5,3.5,56,0.0,0.16666666666666666
2021-04-13 12:00:00,2021-04-13,4,0,12,98.75,44,1,20.2,4.0,53,0.0,0.16666666666666666
2021-04-13 13:00:00,2021-04-13,4,0,13,176.5,1208,1,19.4,4.0,55,0.0,0.16666666666666666
2021-04-13 14:00:00,2021-04-13,4,0,14,166.75,1086,1,19.9,3.8,50,0.0,0.16666666666666666
2021-04-13 15:00:00,2021-04-13,4,0,15,162.25,1368,1,20.6,3.0,50,0.0,0.16666666666666666
2021-04-13 16:00:00,2021-04-13,4,0,16,153.5,2151,1,20.5,2.8,42,0.0,0.16666666666666666
2021-04-13 17:00:00,2021-04-13,4,0,17,117.75,5156,1,20.4,2.0,43,0.0,0.16666666666666666
2021-04-13 18:00:00,2021-04-13,4,0,18,145.5,1023,1,19.0,2.0,46,0.0,0.16666666666666666
2021-04-13 19:00:00,2021-04-13,4,0,19,144.0,2808,1,17.5,1.8,48,0.0,0.16666666666666666
2021-04-13 20:00:00,2021-04-13,4,0,20,115.0,14,1,15.8,1.7,50,0.0,0.16666666666666666
2021-04-13 21:00:00,2021-04-13,4,0,21,112.25,340,1,14.2,1.8,53,0.0,0.16666666666666666
2021-04-13 22:00:00,2021-04-13,4,0,22,99.75,150,1,12.8,3.1,51,0.0,0.16666666666666666
2021-04-13 23:00:00,2021-04-13,4,0,23,93.25,189,1,11.3,3.1,53,0.0,0.16666666666666666
2021-04-14 00:00:00,2021-04-14,4,0,0,63.5,0,0,10.1,3.8,56,0.0,0.16666666666666666
2021-04-14 01:00:00,2021-04-14,4,0,1,92.75,66,1,9.3,3.9,55,0.0,0.16666666666666666
2021-04-14 02:00:00,2021-04-14,4,0,2,93.5,719,1,8.3,4.3,57,0.0,0.16666666666666666
2021-04-14 03:00:00,2021-04-14,4,0,3,87.75,36,1,7.5,4.5,57,0.0,0.16666666666666666
2021-04-14 04:00:00,2021-04-14,4,0,4,84.5,10,1,6.8,1.3,63,0.0,0.16666666666666666
2021-04-14 05:00:00,2021-04-14,4,0,5,80.5,549,1,6.9,3.4,59,0.0,0.16666666666666666
2021-04-14 06:00:00,2021-04-14,4,0,6,95.0,226,1,6.7,3.2,60,0.0,0.16666666666666666
2021-04-14 07:00:00,2021-04-14,4,0,7,114.5,692,1,6.8,2.2,60,0.0,0.16666666666666666
2021-04-14 08:00:00,2021-04-14,4,0,8,169.5,982,1,7.3,4.0,59,0.0,0.16666666666666666
2021-04-14 09:00:00,2021-04-14,4,0,9,170.5,1260,1,8.5,2.4,51,0.0,0.16666666666666666
2021-04-14 10:00:00,2021-04-14,4,0,10,159.25,1193,1,9.4,3.9,48,0.0,0.16666666666666666
2021-04-14 11:00:00,2021-04-14,4,0,11,167.0,1227,1,11.3,3.9,42,0.0,0.16666666666666666
2021-04-14 12:00:00,2021-04-14,4,0,12,98.75,532,1,13.5,3.1,35,0.0,0.16666666666666666
2021-04-14 13:00:00,2021-04-14,4,0,13,176.5,1032,1,14.5,3.9,26,0.0,0.16666666666666666
2021-04-14 14:00:00,2021-04-14,4,0,14,166.75,2635,1,15.3,2.7,24,0.0,0.16666666666666666
2021-04-14 15:00:00,2021-04-14,4,0,15,162.25,960,1,16.0,2.7,22,0.0,0.16666666666666666
2021-04-14 16:00:00,2021-04-14,4,0,16,153.5,2275,1,16.1,3.0,24,0.0,0.16666666666666666
2021-04-14 17:00:00,2021-04-14,4,0,17,117.75,351,1,14.9,2.4,39,0.0,0.16666666666666666
2021-04-14 18:00:00,2021-04-14,4,0,18,145.5,842,1,13.3,2.1,47,0.0,0.16666666666666666
2021-04-14 19:00:00,2021-04-14,4,0,19,144.0,1789,1,12.1,3.0,53,0.0,0.16666666666666666
2021-04-14 20:00:00,2021-04-14,4,0,20,115.0,30,1,11.3,3.2,56,0.0,0.16666666666666666
2021-04-14 21:00:00,2021-04-14,4,0,21,112.25,104,1,10.1,0.9,61,0.0,0.16666666666666666
2021-04-14 22:00:00,2021-04-14,4,0,22,99.75,123,1,10.3,1.1,57,0.0,0.16666666666666666
2021-04-14 23:00:00,2021-04-14,4,0,23,93.25,78,1,8.9,1.0,62,0.0,0.16666666666666666
2021-04-15 00:00:00,2021-04-15,4,0,0,63.5,240,1,7.4,1.3,60,0.0,0.16666666666666666
2021-04-15 01:00:00,2021-04-15,4,0,1,92.75,219,1,9.1,2.3,44,0.0,0.16666666666666666
2021-04-15 02:00:00,2021-04-15,4,0,2,93.5,116,1,6.6,1.1,62,0.0,0.16666666666666666
2021-04-15 03:00:00,2021-04-15,4,0,3,87.75,0,0,6.7,1.2,54,0.0,0.16666666666666666
2021-04-15 04:00:00,2021-04-15,4,0,4,84.5,1,1,8.0,2.5,47,0.0,0.16666666666666666
2021-04-15 05:00:00,2021-04-15,4,0,5,80.5,82,1,6.3,2.0,54,0.0,0.16666666666666666
2021-04-15 06:00:00,2021-04-15,4,0,6,95.0,0,0,6.8,2.4,53,0.0,0.16666666666666666
2021-04-15 07:00:00,2021-04-15,4,0,7,114.5,1477,1,7.1,2.3,54,0.0,0.16666666666666666
2021-04-15 08:00:00,2021-04-15,4,0,8,169.5,766,1,9.4,2.9,47,0.0,0.16666666666666666
2021-04-15 09:00:00,2021-04-15,4,0,9,170.5,1672,1,11.4,2.6,40,0.0,0.16666666666666666
2021-04-15 10:00:00,2021-04-15,4,0,10,159.25,492,1,12.9,2.2,35,0.0,0.16666666666666666
2021-04-15 11:00:00,2021-04-15,4,0,11,167.0,1021,1,14.5,1.5,32,0.0,0.16666666666666666
2021-04-15 12:00:00,2021-04-15,4,0,12,98.75,21,1,15.9,1.5,33,0.0,0.16666666666666666
2021-04-15 13:00:00,2021-04-15,4,0,13,176.5,1022,1,15.6,2.8,38,0.0,0.16666666666666666
2021-04-15 14:00:00,2021-04-15,4,0,14,166.75,1613,1,15.7,2.5,35,0.0,0.16666666666666666
2021-04-15 15:00:00,2021-04-15,4,0,15,162.25,662,1,15.4,2.2,37,0.0,0.16666666666666666
2021-04-15 16:00:00,2021-04-15,4,0,16,153.5,1543,1,14.8,2.3,40,0.0,0.16666666666666666
2021-04-15 17:00:00,2021-04-15,4,0,17,117.75,653,1,14.4,2.4,42,0.0,0.16666666666666666
2021-04-15 18:00:00,2021-04-15,4,0,18,145.5,1531,1,14.1,2.1,47,0.0,0.16666666666666666
2021-04-15 19:00:00,2021-04-15,4,0,19,144.0,2318,1,12.8,1.5,58,0.0,0.16666666666666666
2021-04-15 20:00:00,2021-04-15,4,0,20,115.0,10,1,11.5,1.8,63,0.0,0.16666666666666666
2021-04-15 21:00:00,2021-04-15,4,0,21,112.25,102,1,11.2,1.9,59,0.0,0.16666666666666666
2021-04-15 22:00:00,2021-04-15,4,0,22,99.75,572,1,11.5,2.4,55,0.0,0.16666666666666666
2021-04-15 23:00:00,2021-04-15,4,0,23,93.25,69,1,9.0,1.0,67,0.0,0.16666666666666666
2021-04-16 00:00:00,2021-04-16,4,0,0,63.5,0,0,8.9,0.2,68,0.0,0.16666666666666666
2021-04-16 01:00:00,2021-04-16,4,0,1,92.75,304,1,8.0,0.2,73,0.0,0.16666666666666666
2021-04-16 02:00:00,2021-04-16,4,0,2,93.5,243,1,7.6,1.4,76,0.0,0.16666666666666666
2021-04-16 03:00:00,2021-04-16,4,0,3,87.75,40,1,6.8,0.5,83,0.0,0.16666666666666666
2021-04-16 04:00:00,2021-04-16,4,0,4,84.5,140,1,7.9,0.9,78,0.0,0.16666666666666666
2021-04-16 05:00:00,2021-04-16,4,0,5,80.5,35,1,6.4,0.6,84,0.0,0.16666666666666666
2021-04-16 06:00:00,2021-04-16,4,0,6,95.0,48,1,7.0,1.1,88,0.0,0.16666666666666666
2021-04-16 07:00:00,2021-04-16,4,0,7,114.5,1429,1,8.2,0.0,87,0.0,0.16666666666666666
2021-04-16 08:00:00,2021-04-16,4,0,8,169.5,459,1,10.9,0.3,79,0.0,0.16666666666666666
2021-04-16 09:00:00,2021-04-16,4,0,9,170.5,780,1,13.5,2.5,65,0.0,0.16666666666666666
2021-04-16 10:00:00,2021-04-16,4,0,10,159.25,961,1,15.6,1.5,56,0.0,0.16666666666666666
2021-04-16 11:00:00,2021-04-16,4,0,11,167.0,3628,1,17.8,3.8,53,0.0,0.16666666666666666
2021-04-16 12:00:00,2021-04-16,4,0,12,98.75,3130,1,18.6,4.8,50,0.0,0.16666666666666666
2021-04-16 13:00:00,2021-04-16,4,0,13,176.5,1657,1,18.9,4.5,52,0.0,0.16666666666666666
2021-04-16 14:00:00,2021-04-16,4,0,14,166.75,1804,1,19.7,4.5,52,0.0,0.16666666666666666
2021-04-16 15:00:00,2021-04-16,4,0,15,162.25,621,1,20.2,3.2,52,0.0,0.16666666666666666
2021-04-16 16:00:00,2021-04-16,4,0,16,153.5,1025,1,19.4,4.1,56,0.0,0.16666666666666666
2021-04-16 17:00:00,2021-04-16,4,0,17,117.75,720,1,20.1,3.0,53,0.0,0.16666666666666666
2021-04-16 18:00:00,2021-04-16,4,0,18,145.5,877,1,17.8,3.6,73,0.0,0.16666666666666666
2021-04-16 19:00:00,2021-04-16,4,0,19,144.0,1519,1,16.9,3.6,77,0.0,0.16666666666666666
2021-04-16 20:00:00,2021-04-16,4,0,20,115.0,98,1,16.5,2.7,77,0.0,0.16666666666666666
2021-04-16 21:00:00,2021-04-16,4,0,21,112.25,58,1,16.0,2.8,79,0.0,0.16666666666666666
2021-04-16 22:00:00,2021-04-16,4,0,22,99.75,141,1,16.0,2.0,80,0.0,0.16666666666666666
2021-04-16 23:00:00,2021-04-16,4,0,23,93.25,36,1,15.3,1.6,85,0.0,0.16666666666666666
2021-04-17 00:00:00,2021-04-17,4,1,0,60.75,239,1,14.9,1.6,89,0.0,0.3333333333333333
2021-04-17 01:00:00,2021-04-17,4,1,1,103.75,325,1,14.5,1.6,91,0.0,0.3333333333333333
2021-04-17 02:00:00,2021-04-17,4,1,2,103.25,117,1,14.1,2.0,75,0.0,0.3333333333333333
2021-04-17 03:00:00,2021-04-17,4,1,3,102.75,151,1,13.3,2.1,77,0.0,0.3333333333333333
2021-04-17 04:00:00,2021-04-17,4,1,4,106.25,292,1,13.1,3.6,73,0.0,0.3333333333333333
2021-04-17 05:00:00,2021-04-17,4,1,5,87.0,20,1,12.6,2.7,71,0.0,0.3333333333333333
2021-04-17 06:00:00,2021-04-17,4,1,6,103.5,144,1,12.4,1.1,68,0.0,0.3333333333333333
2021-04-17 07:00:00,2021-04-17,4,1,7,62.5,1690,1,12.3,2.0,64,0.0,0.3333333333333333
2021-04-17 08:00:00,2021-04-17,4,1,8,24.25,0,0,13.2,1.3,60,0.0,0.3333333333333333
2021-04-17 09:00:00,2021-04-17,4,1,9,22.25,0,0,14.3,0.9,57,0.0,0.3333333333333333
2021-04-17 10:00:00,2021-04-17,4,1,10,22.0,0,0,16.0,1.1,51,0.0,0.3333333333333333
2021-04-17 11:00:00,2021-04-17,4,1,11,25.0,0,0,17.6,1.4,49,0.0,0.3333333333333333
2021-04-17 12:00:00,2021-04-17,4,1,12,22.5,0,0,19.0,2.7,46,0.0,0.3333333333333333
2021-04-17 13:00:00,2021-04-17,4,1,13,22.0,0,0,18.2,2.8,62,0.0,0.3333333333333333
2021-04-17 14:00:00,2021-04-17,4,1,14,23.25,0,0,17.7,2.4,71,0.0,0.3333333333333333
2021-04-17 15:00:00,2021-04-17,4,1,15,23.5,0,0,17.0,1.9,72,0.0,0.3333333333333333
2021-04-17 16:00:00,2021-04-17,4,1,16,22.5,0,0,16.5,4.1,28,0.0,0.3333333333333333
2021-04-17 17:00:00,2021-04-17,4,1,17,22.25,0,0,15.9,4.8,27,0.0,0.3333333333333333
2021-04-17 18:00:00,2021-04-17,4,1,18,24.0,0,0,15.2,4.2,22,0.0,0.3333333333333333
2021-04-17 19:00:00,2021-04-17,4,1,19,22.0,0,0,13.8,3.8,26,0.0,0.3333333333333333
2021-04-17 20:00:00,2021-04-17,4,1,20,22.0,0,0,12.6,3.2,30,0.0,0.3333333333333333
2021-04-17 21:00:00,2021-04-17,4,1,21,25.0,0,0,10.7,1.8,44,0.0,0.3333333333333333
2021-04-17 22:00:00,2021-04-17,4,1,22,22.75,0,0,9.8,1.2,45,0.0,0.3333333333333333
2021-04-17 23:00:00,2021-04-17,4,1,23,22.5,0,0,10.3,3.8,34,0.0,0.3333333333333333
2021-04-18 00:00:00,2021-04-18,4,1,0,20.0,0,0,9.6,3.3,34,0.0,0.25
2021-04-18 01:00:00,2021-04-18,4,1,1,22.5,0,0,9.1,3.0,35,0.0,0.25
2021-04-18 02:00:00,2021-04-18,4,1,2,20.0,0,0,8.5,2.6,37,0.0,0.25
2021-04-18 03:00:00,2021-04-18,4,1,3,20.0,0,0,7.9,2.0,40,0.0,0.25
2021-04-18 04:00:00,2021-04-18,4,1,4,22.25,0,0,7.8,2.2,43,0.0,0.25
2021-04-18 05:00:00,2021-04-18,4,1,5,20.0,0,0,7.9,3.1,52,0.0,0.25
2021-04-18 06:00:00,2021-04-18,4,1,6,20.0,0,0,7.8,3.0,56,0.0,0.25
2021-04-18 07:00:00,2021-04-18,4,1,7,20.25,0,0,8.3,2.9,58,0.0,0.25
2021-04-18 08:00:00,2021-04-18,4,1,8,20.75,0,0,9.5,3.6,54,0.0,0.25
2021-04-18 09:00:00,2021-04-18,4,1,9,20.0,0,0,10.7,4.4,50,0.0,0.25
2021-04-18 10:00:00,2021-04-18,4,1,10,20.75,0,0,11.7,3.5,46,0.0,0.25
2021-04-18 11:00:00,2021-04-18,4,1,11,21.0,0,0,12.5,3.4,43,0.0,0.25
2021-04-18 12:00:00,2021-04-18,4,1,12,20.0,0,0,14.1,3.9,41,0.0,0.25
2021-04-18 13:00:00,2021-04-18,4,1,13,20.0,0,0,15.1,2.1,37,0.0,0.25
2021-04-18 14:00:00,2021-04-18,4,1,14,22.25,0,0,15.8,2.8,34,0.0,0.25
2021-04-18 15:00:00,2021-04-18,4,1,15,20.0,0,0,16.7,2.8,31,0.0,0.25
2021-04-18 16:00:00,2021-04-18,4,1,16,20.0,0,0,16.4,2.6,40,0.0,0.25
2021-04-18 17:00:00,2021-04-18,4,1,17,22.75,0,0,15.0,2.9,45,0.0,0.25
2021-04-18 18:00:00,2021-04-18,4,1,18,19.25,0,0,14.5,1.5,48,0.0,0.25
2021-04-18 19:00:00,2021-04-18,4,1,19,19.5,0,0,13.4,1.1,59,0.0,0.25
2021-04-18 20:00:00,2021-04-18,4,1,20,20.75,0,0,11.5,0.4,71,0.0,0.25
2021-04-18 21:00:00,2021-04-18,4,1,21,21.25,0,0,12.1,0.8,61,0.0,0.25
2021-04-18 22:00:00,2021-04-18,4,1,22,20.0,0,0,10.8,0.7,70,0.0,0.25
2021-04-18 23:00:00,2021-04-18,4,1,23,20.5,0,0,11.7,2.5,47,0.0,0.25
2021-04-19 00:00:00,2021-04-19,4,0,0,20.25,0,0,10.7,1.7,48,0.0,0.3333333333333333
2021-04-19 01:00:00,2021-04-19,4,0,1,22.5,0,0,11.5,2.8,45,0.0,0.3333333333333333
2021-04-19 02:00:00,2021-04-19,4,0,2,20.25,0,0,10.1,1.6,51,0.0,0.3333333333333333
2021-04-19 03:00:00,2021-04-19,4,0,3,20.25,0,0,10.4,2.8,50,0.0,0.3333333333333333
2021-04-19 04:00:00,2021-04-19,4,0,4,22.75,0,0,10.9,3.4,42,0.0,0.3333333333333333
2021-04-19 05:00:00,2021-04-19,4,0,5,20.0,0,0,9.8,2.0,43,0.0,0.3333333333333333
2021-04-19 06:00:00,2021-04-19,4,0,6,20.0,0,0,10.4,2.2,33,0.0,0.3333333333333333
2021-04-19 07:00:00,2021-04-19,4,0,7,54.0,0,0,11.3,0.9,36,0.0,0.3333333333333333
2021-04-19 08:00:00,2021-04-19,4,0,8,160.25,1040,1,13.7,2.2,29,0.0,0.3333333333333333
2021-04-19 09:00:00,2021-04-19,4,0,9,162.75,854,1,15.5,2.9,24,0.0,0.3333333333333333
2021-04-19 10:00:00,2021-04-19,4,0,10,154.5,913,1,17.2,2.8,23,0.0,0.3333333333333333
2021-04-19 11:00:00,2021-04-19,4,0,11,164.25,1984,1,18.3,4.2,21,0.0,0.3333333333333333
2021-04-19 12:00:00,2021-04-19,4,0,12,103.75,400,1,20.0,3.2,20,0.0,0.3333333333333333
2021-04-19 13:00:00,2021-04-19,4,0,13,154.5,718,1,20.8,2.8,19,0.0,0.3333333333333333
2021-04-19 14:00:00,2021-04-19,4,0,14,159.0,4151,1,22.3,3.2,20,0.0,0.3333333333333333
2021-04-19 15:00:00,2021-04-19,4,0,15,154.0,1195,1,23.1,2.1,17,0.0,0.3333333333333333
2021-04-19 16:00:00,2021-04-19,4,0,16,146.75,1100,1,23.1,3.0,16,0.0,0.3333333333333333
2021-04-19 17:00:00,2021-04-19,4,0,17,128.75,408,1,23.0,2.6,18,0.0,0.3333333333333333
2021-04-19 18:00:00,2021-04-19,4,0,18,146.75,444,1,22.1,2.9,18,0.0,0.3333333333333333
2021-04-19 19:00:00,2021-04-19,4,0,19,130.25,1383,1,20.0,1.8,21,0.0,0.3333333333333333
2021-04-19 20:00:00,2021-04-19,4,0,20,106.0,0,0,19.1,2.2,24,0.0,0.3333333333333333
2021-04-19 21:00:00,2021-04-19,4,0,21,106.25,29,1,18.5,2.5,27,0.0,0.3333333333333333
2021-04-19 22:00:00,2021-04-19,4,0,22,104.5,195,1,17.0,2.3,33,0.0,0.3333333333333333
2021-04-19 23:00:00,2021-04-19,4,0,23,98.0,0,0,16.2,2.0,35,0.0,0.3333333333333333
2021-04-20 00:00:00,2021-04-20,4,0,0,20.25,0,0,16.7,2.5,32,0.0,0.3333333333333333
2021-04-20 01:00:00,2021-04-20,4,0,1,22.5,386,1,15.3,2.5,35,0.0,0.3333333333333333
2021-04-20 02:00:00,2021-04-20,4,0,2,20.25,591,1,14.5,1.4,37,0.0,0.3333333333333333
2021-04-20 03:00:00,2021-04-20,4,0,3,20.25,13,1,14.3,2.7,38,0.0,0.3333333333333333
2021-04-20 04:00:00,2021-04-20,4,0,4,22.75,30,1,13.5,2.3,41,0.0,0.3333333333333333
2021-04-20 05:00:00,2021-04-20,4,0,5,20.0,2,1,13.5,2.9,39,0.0,0.3333333333333333
2021-04-20 06:00:00,2021-04-20,4,0,6,20.0,125,1,13.0,1.9,39,0.0,0.3333333333333333
2021-04-20 07:00:00,2021-04-20,4,0,7,54.0,602,1,14.4,3.2,35,0.0,0.3333333333333333
2021-04-20 08:00:00,2021-04-20,4,0,8,160.25,69,1,16.3,2.4,32,0.0,0.3333333333333333
2021-04-20 09:00:00,2021-04-20,4,0,9,162.75,426,1,18.7,2.6,27,0.0,0.3333333333333333
2021-04-20 10:00:00,2021-04-20,4,0,10,154.5,1218,1,20.4,3.5,25,0.0,0.3333333333333333
2021-04-20 11:00:00,2021-04-20,4,0,11,164.25,862,1,22.1,3.2,23,0.0,0.3333333333333333
2021-04-20 12:00:00,2021-04-20,4,0,12,103.75,332,1,24.2,1.8,21,0.0,0.3333333333333333
2021-04-20 13:00:00,2021-04-20,4,0,13,154.5,1455,1,23.7,5.1,20,0.0,0.3333333333333333
2021-04-20 14:00:00,2021-04-20,4,0,14,159.0,1351,1,23.4,4.2,21,0.0,0.3333333333333333
2021-04-20 15:00:00,2021-04-20,4,0,15,154.0,1183,1,22.4,4.1,21,0.0,0.3333333333333333
2021-04-20 16:00:00,2021-04-20,4,0,16,146.75,2180,1,21.4,4.1,26,0.0,0.3333333333333333
2021-04-20 17:00:00,2021-04-20,4,0,17,128.75,2080,1,19.7,3.4,37,0.0,0.3333333333333333
2021-04-20 18:00:00,2021-04-20,4,0,18,146.75,514,1,18.7,2.4,39,0.0,0.3333333333333333
2021-04-20 19:00:00,2021-04-20,4,0,19,130.25,1890,1,17.6,1.4,47,0.0,0.3333333333333333
2021-04-20 20:00:00,2021-04-20,4,0,20,106.0,100,1,16.5,1.2,59,0.0,0.3333333333333333
2021-04-20 21:00:00,2021-04-20,4,0,21,106.25,45,1,15.3,1.5,72,0.0,0.3333333333333333
2021-04-20 22:00:00,2021-04-20,4,0,22,104.5,80,1,14.7,1.6,74,0.0,0.3333333333333333
2021-04-20 23:00:00,2021-04-20,4,0,23,98.0,113,1,13.4,0.2,75,0.0,0.3333333333333333
2021-04-21 00:00:00,2021-04-21,4,0,0,58.25,0,0,13.6,2.0,65,0.0,0.2
2021-04-21 01:00:00,2021-04-21,4,0,1,99.0,72,1,12.6,0.2,67,0.0,0.2
2021-04-21 02:00:00,2021-04-21,4,0,2,101.0,0,0,12.4,0.5,72,0.0,0.2
2021-04-21 03:00:00,2021-04-21,4,0,3,97.75,0,0,12.2,1.3,71,0.0,0.2
2021-04-21 04:00:00,2021-04-21,4,0,4,103.75,547,1,11.8,0.4,74,0.0,0.2
2021-04-21 05:00:00,2021-04-21,4,0,5,89.0,42,1,11.3,1.6,72,0.0,0.2
2021-04-21 06:00:00,2021-04-21,4,0,6,106.25,0,0,10.6,0.4,78,0.0,0.2
2021-04-21 07:00:00,2021-04-21,4,0,7,122.25,705,1,13.1,0.3,71,0.0,0.2
2021-04-21 08:00:00,2021-04-21,4,0,8,163.25,724,1,16.1,0.8,65,0.0,0.2
2021-04-21 09:00:00,2021-04-21,4,0,9,152.5,638,1,17.3,1.5,55,0.0,0.2
2021-04-21 10:00:00,2021-04-21,4,0,10,160.5,1219,1,20.1,1.1,43,0.0,0.2
2021-04-21 11:00:00,2021-04-21,4,0,11,156.0,1473,1,23.4,1.2,32,0.0,0.2
2021-04-21 12:00:00,2021-04-21,4,0,12,91.5,167,1,23.8,2.0,39,0.0,0.2
2021-04-21 13:00:00,2021-04-21,4,0,13,150.75,1402,1,24.4,2.3,41,0.0,0.2
2021-04-21 14:00:00,2021-04-21,4,0,14,161.0,2161,1,24.8,2.7,34,0.0,0.2
2021-04-21 15:00:00,2021-04-21,4,0,15,147.75,856,1,24.7,2.1,31,0.0,0.2
2021-04-21 16:00:00,2021-04-21,4,0,16,151.0,2815,1,22.8,2.6,32,0.0,0.2
2021-04-21 17:00:00,2021-04-21,4,0,17,111.5,747,1,21.5,2.0,38,0.0,0.2
2021-04-21 18:00:00,2021-04-21,4,0,18,140.5,1177,1,19.5,1.6,44,0.0,0.2
2021-04-21 19:00:00,2021-04-21,4,0,19,130.25,420,1,17.9,0.6,53,0.0,0.2
2021-04-21 20:00:00,2021-04-21,4,0,20,119.25,0,0,16.7,0.0,57,0.0,0.2
2021-04-21 21:00:00,2021-04-21,4,0,21,119.0,0,0,16.4,1.0,54,0.0,0.2
2021-04-21 22:00:00,2021-04-21,4,0,22,106.0,345,1,16.1,0.1,53,0.0,0.2
2021-04-21 23:00:00,2021-04-21,4,0,23,100.25,144,1,14.7,1.3,63,0.0,0.2
2021-04-22 00:00:00,2021-04-22,4,0,0,58.25,0,0,14.0,0.6,69,0.0,0.2
2021-04-22 01:00:00,2021-04-22,4,0,1,99.0,100,1,13.9,1.2,77,0.0,0.2
2021-04-22 02:00:00,2021-04-22,4,0,2,101.0,7,1,13.7,0.3,86,0.0,0.2
2021-04-22 03:00:00,2021-04-22,4,0,3,97.75,300,1,13.5,0.7,78,0.0,0.2
2021-04-22 04:00:00,2021-04-22,4,0,4,103.75,54,1,13.9,2.2,76,0.0,0.2
2021-04-22 05:00:00,2021-04-22,4,0,5,89.0,0,0,13.3,2.3,77,0.0,0.2
2021-04-22 06:00:00,2021-04-22,4,0,6,106.25,11,1,13.9,1.6,75,0.0,0.2
2021-04-22 07:00:00,2021-04-22,4,0,7,122.25,1582,1,14.7,2.0,72,0.0,0.2
2021-04-22 08:00:00,2021-04-22,4,0,8,163.25,728,1,15.3,1.5,65,0.0,0.2
2021-04-22 09:00:00,2021-04-22,4,0,9,152.5,712,1,19.0,2.4,40,0.0,0.2
2021-04-22 10:00:00,2021-04-22,4,0,10,160.5,1196,1,21.7,1.5,28,0.0,0.2
2021-04-22 11:00:00,2021-04-22,4,0,11,156.0,1131,1,22.9,1.5,26,0.0,0.2
2021-04-22 12:00:00,2021-04-22,4,0,12,91.5,450,1,24.3,2.1,24,0.0,0.2
2021-04-22 13:00:00,2021-04-22,4,0,13,150.75,1674,1,24.8,3.3,24,0.0,0.2
2021-04-22 14:00:00,2021-04-22,4,0,14,161.0,1547,1,24.2,2.2,25,0.0,0.2
2021-04-22 15:00:00,2021-04-22,4,0,15,147.75,1086,1,22.3,3.1,29,0.0,0.2
2021-04-22 16:00:00,2021-04-22,4,0,16,151.0,1599,1,20.2,3.3,46,0.0,0.2
2021-04-22 17:00:00,2021-04-22,4,0,17,111.5,634,1,20.0,1.0,42,0.0,0.2
2021-04-22 18:00:00,2021-04-22,4,0,18,140.5,2731,1,19.1,1.6,44,0.0,0.2
2021-04-22 19:00:00,2021-04-22,4,0,19,130.25,1545,1,18.6,1.3,42,0.0,0.2
2021-04-22 20:00:00,2021-04-22,4,0,20,119.25,132,1,18.0,1.0,46,0.0,0.2
2021-04-22 21:00:00,2021-04-22,4,0,21,119.0,60,1,17.0,1.1,49,0.0,0.2
2021-04-22 22:00:00,2021-04-22,4,0,22,106.0,72,1,17.8,3.1,43,0.0,0.2
2021-04-22 23:00:00,2021-04-22,4,0,23,100.25,10,1,17.3,1.7,48,0.0,0.2
2021-04-23 00:00:00,2021-04-23,4,0,0,58.25,0,0,16.4,1.5,51,0.0,0.2
2021-04-23 01:00:00,2021-04-23,4,0,1,99.0,504,1,16.5,2.5,49,0.0,0.2
2021-04-23 02:00:00,2021-04-23,4,0,2,101.0,41,1,16.3,2.8,50,0.0,0.2
2021-04-23 03:00:00,2021-04-23,4,0,3,97.75,0,0,16.3,2.2,47,0.0,0.2
2021-04-23 04:00:00,2021-04-23,4,0,4,103.75,58,1,16.3,2.2,46,0.0,0.2
2021-04-23 05:00:00,2021-04-23,4,0,5,89.0,0,0,15.7,3.4,53,0.0,0.2
2021-04-23 06:00:00,2021-04-23,4,0,6,106.25,48,1,15.0,2.6,61,0.0,0.2
2021-04-23 07:00:00,2021-04-23,4,0,7,122.25,941,1,14.7,1.8,64,0.0,0.2
2021-04-23 08:00:00,2021-04-23,4,0,8,163.25,572,1,14.6,3.5,69,0.0,0.2
2021-04-23 09:00:00,2021-04-23,4,0,9,152.5,1287,1,15.4,3.7,64,0.0,0.2
2021-04-23 10:00:00,2021-04-23,4,0,10,160.5,172,1,17.0,3.2,53,0.0,0.2
2021-04-23 11:00:00,2021-04-23,4,0,11,156.0,1538,1,18.1,2.0,50,0.0,0.2
2021-04-23 12:00:00,2021-04-23,4,0,12,91.5,262,1,17.7,3.2,53,0.0,0.2
2021-04-23 13:00:00,2021-04-23,4,0,13,150.75,743,1,17.6,3.6,59,0.0,0.2
2021-04-23 14:00:00,2021-04-23,4,0,14,161.0,464,1,17.6,3.4,62,0.0,0.2
2021-04-23 15:00:00,2021-04-23,4,0,15,147.75,2170,1,17.1,4.0,58,0.0,0.2
2021-04-23 16:00:00,2021-04-23,4,0,16,151.0,1743,1,16.6,2.9,56,0.0,0.2
2021-04-23 17:00:00,2021-04-23,4,0,17,111.5,2106,1,15.4,3.5,63,0.0,0.2
2021-04-23 18:00:00,2021-04-23,4,0,18,140.5,104,1,14.7,3.8,69,0.0,0.2
2021-04-23 19:00:00,2021-04-23,4,0,19,130.25,762,1,14.5,3.3,61,0.0,0.2
2021-04-23 20:00:00,2021-04-23,4,0,20,119.25,100,1,14.2,3.6,60,0.0,0.2
2021-04-23 21:00:00,2021-04-23,4,0,21,119.0,103,1,14.0,3.1,70,0.0,0.2
2021-04-23 22:00:00,2021-04-23,4,0,22,106.0,35,1,13.9,3.1,73,0.0,0.2
2021-04-23 23:00:00,2021-04-23,4,0,23,100.25,100,1,13.7,3.1,71,0.0,0.2
2021-04-24 00:00:00,2021-04-24,4,1,0,58.5,0,0,13.0,1.7,74,0.0,0.5
2021-04-24 01:00:00,2021-04-24,4,1,1,100.75,291,1,13.2,1.7,79,0.0,0.5
2021-04-24 02:00:00,2021-04-24,4,1,2,95.5,410,1,13.3,2.2,79,0.0,0.5
2021-04-24 03:00:00,2021-04-24,4,1,3,98.5,125,1,13.3,2.2,79,0.0,0.5
2021-04-24 04:00:00,2021-04-24,4,1,4,101.25,300,1,12.7,1.8,82,0.0,0.5
2021-04-24 05:00:00,2021-04-24,4,1,5,84.0,20,1,13.0,2.3,82,0.0,0.5
2021-04-24 06:00:00,2021-04-24,4,1,6,102.0,675,1,12.6,1.7,85,0.0,0.5
2021-04-24 07:00:00,2021-04-24,4,1,7,56.25,1083,1,13.5,1.7,82,0.0,0.5
2021-04-24 08:00:00,2021-04-24,4,1,8,20.25,0,0,14.2,2.9,78,0.0,0.5
2021-04-24 09:00:00,2021-04-24,4,1,9,20.25,0,0,15.7,2.7,69,0.0,0.5
2021-04-24 10:00:00,2021-04-24,4,1,10,22.75,0,0,17.3,3.2,63,0.0,0.5
2021-04-24 11:00:00,2021-04-24,4,1,11,21.0,0,0,17.3,3.7,66,0.0,0.5
2021-04-24 12:00:00,2021-04-24,4,1,12,20.25,0,0,18.1,4.3,63,0.0,0.5
2021-04-24 13:00:00,2021-04-24,4,1,13,22.0,0,0,17.5,5.0,63,0.0,0.5
2021-04-24 14:00:00,2021-04-24,4,1,14,20.75,0,0,17.8,4.5,63,0.0,0.5
2021-04-24 15:00:00,2021-04-24,4,1,15,20.0,0,0,17.3,4.4,65,0.0,0.5
2021-04-24 16:00:00,2021-04-24,4,1,16,21.0,0,0,17.2,4.1,71,0.0,0.5
2021-04-24 17:00:00,2021-04-24,4,1,17,21.75,0,0,16.5,2.9,74,0.0,0.5
2021-04-24 18:00:00,2021-04-24,4,1,18,20.0,0,0,15.7,2.2,72,0.0,0.5
2021-04-24 19:00:00,2021-04-24,4,1,19,20.0,0,0,14.7,1.3,74,0.0,0.5
2021-04-24 20:00:00,2021-04-24,4,1,20,22.5,0,0,14.1,1.1,74,0.0,0.5
2021-04-24 21:00:00,2021-04-24,4,1,21,20.5,0,0,13.1,0.7,81,0.0,0.5
2021-04-24 22:00:00,2021-04-24,4,1,22,20.0,0,0,12.8,1.0,81,0.0,0.5
2021-04-24 23:00:00,2021-04-24,4,1,23,22.5,0,0,12.1,1.1,74,0.0,0.5
2021-04-25 00:00:00,2021-04-25,4,1,0,20.0,0,0,11.7,1.9,77,0.0,0.25
2021-04-25 01:00:00,2021-04-25,4,1,1,22.5,0,0,11.4,0.9,81,0.0,0.25
2021-04-25 02:00:00,2021-04-25,4,1,2,20.0,0,0,12.2,0.9,78,0.0,0.25
2021-04-25 03:00:00,2021-04-25,4,1,3,20.0,0,0,12.4,1.9,76,0.0,0.25
2021-04-25 04:00:00,2021-04-25,4,1,4,22.25,0,0,12.4,1.6,76,0.0,0.25
2021-04-25 05:00:00,2021-04-25,4,1,5,20.0,0,0,12.5,2.0,78,0.0,0.25
2021-04-25 06:00:00,2021-04-25,4,1,6,20.0,0,0,13.9,3.3,72,0.0,0.25
2021-04-25 07:00:00,2021-04-25,4,1,7,20.25,0,0,14.3,2.8,74,0.0,0.25
2021-04-25 08:00:00,2021-04-25,4,1,8,20.75,0,0,15.0,3.4,73,0.0,0.25
2021-04-25 09:00:00,2021-04-25,4,1,9,20.0,0,0,15.2,4.0,68,0.0,0.25
2021-04-25 10:00:00,2021-04-25,4,1,10,20.75,0,0,16.0,3.4,64,0.0,0.25
2021-04-25 11:00:00,2021-04-25,4,1,11,21.0,0,0,14.9,4.2,66,0.0,0.25
2021-04-25 12:00:00,2021-04-25,4,1,12,20.0,0,0,15.3,3.8,59,0.0,0.25
2021-04-25 13:00:00,2021-04-25,4,1,13,20.0,0,0,16.1,4.0,50,0.0,0.25
2021-04-25 14:00:00,2021-04-25,4,1,14,22.25,0,0,15.7,3.5,58,0.0,0.25
2021-04-25 15:00:00,2021-04-25,4,1,15,20.0,0,0,15.3,4.2,58,0.0,0.25
2021-04-25 16:00:00,2021-04-25,4,1,16,20.0,0,0,15.1,3.7,58,0.0,0.25
2021-04-25 17:00:00,2021-04-25,4,1,17,22.75,0,0,13.8,3.8,55,0.0,0.25
2021-04-25 18:00:00,2021-04-25,4,1,18,19.25,0,0,13.2,3.0,63,0.0,0.25
2021-04-25 19:00:00,2021-04-25,4,1,19,19.5,0,0,12.2,3.2,67,0.0,0.25
2021-04-25 20:00:00,2021-04-25,4,1,20,20.75,0,0,11.8,3.7,71,0.0,0.25
2021-04-25 21:00:00,2021-04-25,4,1,21,21.25,0,0,11.5,2.8,72,0.0,0.25
2021-04-25 22:00:00,2021-04-25,4,1,22,20.0,0,0,11.2,2.5,72,0.0,0.25
2021-04-25 23:00:00,2021-04-25,4,1,23,20.5,0,0,10.8,2.1,73,0.0,0.25
2021-04-26 00:00:00,2021-04-26,4,0,0,61.5,0,0,10.4,1.7,72,0.0,0.3333333333333333
2021-04-26 01:00:00,2021-04-26,4,0,1,95.25,0,0,9.8,1.5,71,0.0,0.3333333333333333
2021-04-26 02:00:00,2021-04-26,4,0,2,100.5,0,0,8.7,1.4,74,0.0,0.3333333333333333
2021-04-26 03:00:00,2021-04-26,4,0,3,94.0,0,0,8.8,1.2,73,0.0,0.3333333333333333
2021-04-26 04:00:00,2021-04-26,4,0,4,99.0,0,0,6.6,0.3,83,0.0,0.3333333333333333
2021-04-26 05:00:00,2021-04-26,4,0,5,85.75,0,0,6.8,1.3,82,0.0,0.3333333333333333
2021-04-26 06:00:00,2021-04-26,4,0,6,95.5,0,0,7.0,1.1,85,0.0,0.3333333333333333
2021-04-26 07:00:00,2021-04-26,4,0,7,126.0,63,1,9.5,1.0,79,0.0,0.3333333333333333
2021-04-26 08:00:00,2021-04-26,4,0,8,152.0,574,1,13.3,1.0,65,0.0,0.3333333333333333
2021-04-26 09:00:00,2021-04-26,4,0,9,163.5,1038,1,14.4,2.4,52,0.0,0.3333333333333333
2021-04-26 10:00:00,2021-04-26,4,0,10,148.0,363,1,15.2,3.8,47,0.0,0.3333333333333333
2021-04-26 11:00:00,2021-04-26,4,0,11,164.5,944,1,15.4,3.2,42,0.0,0.3333333333333333
2021-04-26 12:00:00,2021-04-26,4,0,12,89.75,3015,1,15.6,3.4,41,0.0,0.3333333333333333
2021-04-26 13:00:00,2021-04-26,4,0,13,163.5,2265,1,16.0,3.1,39,0.0,0.3333333333333333
2021-04-26 14:00:00,2021-04-26,4,0,14,152.0,812,1,15.8,2.5,38,0.0,0.3333333333333333
2021-04-26 15:00:00,2021-04-26,4,0,15,143.75,363,1,15.7,2.9,39,0.0,0.3333333333333333
2021-04-26 16:00:00,2021-04-26,4,0,16,143.75,2244,1,15.9,2.8,44,0.0,0.3333333333333333
2021-04-26 17:00:00,2021-04-26,4,0,17,113.75,343,1,15.1,2.6,47,0.0,0.3333333333333333
2021-04-26 18:00:00,2021-04-26,4,0,18,124.0,291,1,13.9,2.4,51,0.0,0.3333333333333333
2021-04-26 19:00:00,2021-04-26,4,0,19,99.0,1532,1,12.6,1.7,58,0.0,0.3333333333333333
2021-04-26 20:00:00,2021-04-26,4,0,20,118.25,18,1,11.6,0.9,63,0.0,0.3333333333333333
2021-04-26 21:00:00,2021-04-26,4,0,21,113.0,15,1,10.4,0.6,70,0.0,0.3333333333333333
2021-04-26 22:00:00,2021-04-26,4,0,22,101.5,524,1,9.7,1.8,75,0.0,0.3333333333333333
2021-04-26 23:00:00,2021-04-26,4,0,23,97.25,23,1,9.1,0.2,77,0.0,0.3333333333333333
2021-04-27 00:00:00,2021-04-27,4,0,0,61.5,587,1,9.1,0.8,79,0.0,0.3333333333333333
2021-04-27 01:00:00,2021-04-27,4,0,1,95.25,0,0,8.7,0.6,80,0.0,0.3333333333333333
2021-04-27 02:00:00,2021-04-27,4,0,2,100.5,338,1,8.6,0.8,79,0.0,0.3333333333333333
2021-04-27 03:00:00,2021-04-27,4,0,3,94.0,102,1,8.9,1.1,84,0.0,0.3333333333333333
2021-04-27 04:00:00,2021-04-27,4,0,4,99.0,375,1,8.4,0.5,86,0.0,0.3333333333333333
2021-04-27 05:00:00,2021-04-27,4,0,5,85.75,136,1,7.9,0.0,89,0.0,0.3333333333333333
2021-04-27 06:00:00,2021-04-27,4,0,6,95.5,109,1,8.6,2.0,86,0.0,0.3333333333333333
2021-04-27 07:00:00,2021-04-27,4,0,7,126.0,2004,1,9.5,0.6,85,0.0,0.3333333333333333
2021-04-27 08:00:00,2021-04-27,4,0,8,152.0,999,1,11.9,1.0,79,0.0,0.3333333333333333
2021-04-27 09:00:00,2021-04-27,4,0,9,163.5,685,1,15.3,1.5,64,0.0,0.3333333333333333
2021-04-27 10:00:00,2021-04-27,4,0,10,148.0,1554,1,16.4,1.7,58,0.0,0.3333333333333333
2021-04-27 11:00:00,2021-04-27,4,0,11,164.5,1472,1,18.9,1.7,50,0.0,0.3333333333333333
2021-04-27 12:00:00,2021-04-27,4,0,12,89.75,130,1,18.4,2.4,51,0.0,0.3333333333333333
2021-04-27 13:00:00,2021-04-27,4,0,13,163.5,1488,1,18.3,2.1,59,0.0,0.3333333333333333
2021-04-27 14:00:00,2021-04-27,4,0,14,152.0,6290,1,18.6,2.5,59,0.0,0.3333333333333333
2021-04-27 15:00:00,2021-04-27,4,0,15,143.75,888,1,17.9,2.7,63,0.0,0.3333333333333333
2021-04-27 16:00:00,2021-04-27,4,0,16,143.75,1178,1,18.1,3.5,54,0.0,0.3333333333333333
2021-04-27 17:00:00,2021-04-27,4,0,17,113.75,976,1,18.2,3.7,51,0.0,0.3333333333333333
2021-04-27 18:00:00,2021-04-27,4,0,18,124.0,2034,1,17.9,4.5,46,0.0,0.3333333333333333
2021-04-27 19:00:00,2021-04-27,4,0,19,99.0,4625,1,17.5,2.6,56,0.0,0.3333333333333333
2021-04-27 20:00:00,2021-04-27,4,0,20,118.25,13,1,16.6,2.2,69,0.0,0.3333333333333333
2021-04-27 21:00:00,2021-04-27,4,0,21,113.0,53,1,16.3,3.3,73,0.0,0.3333333333333333
2021-04-27 22:00:00,2021-04-27,4,0,22,101.5,96,1,16.1,2.7,75,0.0,0.3333333333333333
2021-04-27 23:00:00,2021-04-27,4,0,23,97.25,10,1,15.7,2.4,74,0.0,0.3333333333333333
2021-04-28 00:00:00,2021-04-28,4,0,0,60.5,587,1,16.0,2.6,73,0.0,0.3333333333333333
2021-04-28 01:00:00,2021-04-28,4,0,1,99.75,68,1,15.4,1.5,72,0.0,0.3333333333333333
2021-04-28 02:00:00,2021-04-28,4,0,2,101.75,82,1,15.6,1.7,76,0.0,0.3333333333333333
2021-04-28 03:00:00,2021-04-28,4,0,3,98.5,410,1,15.8,2.2,71,0.0,0.3333333333333333
2021-04-28 04:00:00,2021-04-28,4,0,4,104.5,306,1,15.3,1.4,74,0.0,0.3333333333333333
2021-04-28 05:00:00,2021-04-28,4,0,5,91.5,0,0,15.9,2.7,63,0.0,0.3333333333333333
2021-04-28 06:00:00,2021-04-28,4,0,6,108.75,60,1,14.7,2.4,69,0.0,0.3333333333333333
2021-04-28 07:00:00,2021-04-28,4,0,7,115.0,2047,1,16.3,2.1,63,0.0,0.3333333333333333
2021-04-28 08:00:00,2021-04-28,4,0,8,164.0,247,1,17.3,1.7,66,0.0,0.3333333333333333
2021-04-28 09:00:00,2021-04-28,4,0,9,159.5,1636,1,18.7,1.6,55,0.0,0.3333333333333333
2021-04-28 10:00:00,2021-04-28,4,0,10,150.75,461,1,20.6,1.3,47,0.0,0.3333333333333333
2021-04-28 11:00:00,2021-04-28,4,0,11,167.25,1180,1,21.3,2.2,30,0.0,0.3333333333333333
2021-04-28 12:00:00,2021-04-28,4,0,12,97.75,70,1,23.1,2.0,26,0.0,0.3333333333333333
2021-04-28 13:00:00,2021-04-28,4,0,13,162.25,2313,1,22.5,2.7,46,0.0,0.3333333333333333
2021-04-28 14:00:00,2021-04-28,4,0,14,150.75,3149,1,22.5,3.0,46,0.0,0.3333333333333333
2021-04-28 15:00:00,2021-04-28,4,0,15,140.0,940,1,21.9,2.6,46,0.0,0.3333333333333333
2021-04-28 16:00:00,2021-04-28,4,0,16,136.5,3127,1,22.6,2.5,45,0.0,0.3333333333333333
2021-04-28 17:00:00,2021-04-28,4,0,17,125.0,114,1,21.1,2.1,51,0.0,0.3333333333333333
2021-04-28 18:00:00,2021-04-28,4,0,18,148.0,918,1,19.5,1.0,64,0.0,0.3333333333333333
2021-04-28 19:00:00,2021-04-28,4,0,19,116.75,433,1,17.9,0.9,71,0.0,0.3333333333333333
2021-04-28 20:00:00,2021-04-28,4,0,20,105.0,11,1,17.0,0.6,80,0.0,0.3333333333333333
2021-04-28 21:00:00,2021-04-28,4,0,21,111.25,447,1,17.3,0.7,43,0.0,0.3333333333333333
2021-04-28 22:00:00,2021-04-28,4,0,22,102.75,85,1,17.5,1.7,35,0.0,0.3333333333333333
2021-04-28 23:00:00,2021-04-28,4,0,23,94.5,235,1,16.9,1.7,35,0.0,0.3333333333333333
2021-04-29 00:00:00,2021-04-29,4,0,0,60.5,0,0,17.0,1.7,33,0.0,0.3333333333333333
2021-04-29 01:00:00,2021-04-29,4,0,1,99.75,202,1,15.8,1.1,38,0.0,0.3333333333333333
2021-04-29 02:00:00,2021-04-29,4,0,2,101.75,141,1,15.5,1.3,39,0.0,0.3333333333333333
2021-04-29 03:00:00,2021-04-29,4,0,3,98.5,274,1,14.0,0.4,46,0.0,0.3333333333333333
2021-04-29 04:00:00,2021-04-29,4,0,4,104.5,36,1,14.3,0.4,44,0.0,0.3333333333333333
2021-04-29 05:00:00,2021-04-29,4,0,5,91.5,59,1,13.8,0.4,49,0.0,0.3333333333333333
2021-04-29 06:00:00,2021-04-29,4,0,6,108.75,324,1,13.7,1.0,49,0.0,0.3333333333333333
2021-04-29 07:00:00,2021-04-29,4,0,7,115.0,2098,1,14.7,2.2,46,0.0,0.3333333333333333
2021-04-29 08:00:00,2021-04-29,4,0,8,164.0,862,1,15.0,1.9,49,0.0,0.3333333333333333
2021-04-29 09:00:00,2021-04-29,4,0,9,159.5,853,1,15.9,3.0,47,0.0,0.3333333333333333
2021-04-29 10:00:00,2021-04-29,4,0,10,150.75,2052,1,16.1,2.7,52,0.0,0.3333333333333333
2021-04-29 11:00:00,2021-04-29,4,0,11,167.25,1646,1,19.6,1.9,43,0.0,0.3333333333333333
2021-04-29 12:00:00,2021-04-29,4,0,12,97.75,20,1,18.5,2.7,40,0.0,0.3333333333333333
2021-04-29 13:00:00,2021-04-29,4,0,13,162.25,692,1,19.4,3.4,43,0.0,0.3333333333333333
2021-04-29 14:00:00,2021-04-29,4,0,14,150.75,904,1,19.1,3.4,44,0.0,0.3333333333333333
2021-04-29 15:00:00,2021-04-29,4,0,15,140.0,2121,1,19.1,2.5,51,0.0,0.3333333333333333
2021-04-29 16:00:00,2021-04-29,4,0,16,136.5,4046,1,18.2,2.7,58,0.0,0.3333333333333333
2021-04-29 17:00:00,2021-04-29,4,0,17,125.0,598,1,17.6,2.1,64,0.0,0.3333333333333333
2021-04-29 18:00:00,2021-04-29,4,0,18,148.0,1467,1,17.7,3.1,65,0.0,0.3333333333333333
2021-04-29 19:00:00,2021-04-29,4,0,19,116.75,1831,1,17.1,2.0,66,0.0,0.3333333333333333
2021-04-29 20:00:00,2021-04-29,4,0,20,105.0,147,1,16.3,1.2,64,0.0,0.3333333333333333
2021-04-29 21:00:00,2021-04-29,4,0,21,111.25,86,1,14.3,2.2,73,0.0,0.3333333333333333
2021-04-29 22:00:00,2021-04-29,4,0,22,102.75,110,1,14.7,1.5,70,0.0,0.3333333333333333
2021-04-29 23:00:00,2021-04-29,4,0,23,94.5,32,1,13.4,2.8,82,0.0,0.3333333333333333
2021-04-30 00:00:00,2021-04-30,4,0,0,58.25,2,1,12.7,0.8,87,0.0,0.2
2021-04-30 01:00:00,2021-04-30,4,0,1,99.0,13,1,12.8,0.8,91,0.0,0.2
2021-04-30 02:00:00,2021-04-30,4,0,2,101.0,83,1,12.8,1.6,93,0.0,0.2
2021-04-30 03:00:00,2021-04-30,4,0,3,97.75,19,1,15.8,4.9,56,0.0,0.2
2021-04-30 04:00:00,2021-04-30,4,0,4,103.75,1503,1,15.7,5.6,55,0.1,0.2
2021-04-30 05:00:00,2021-04-30,4,0,5,89.0,0,0,15.1,4.3,62,0.1,0.2
2021-04-30 06:00:00,2021-04-30,4,0,6,106.25,109,1,15.2,4.1,61,0.1,0.2
2021-04-30 07:00:00,2021-04-30,4,0,7,122.25,1099,1,15.6,4.8,60,0.1,0.2
2021-04-30 08:00:00,2021-04-30,4,0,8,163.25,1201,1,16.7,3.4,53,0.1,0.2
2021-04-30 09:00:00,2021-04-30,4,0,9,152.5,709,1,17.7,4.3,43,0.1,0.2
2021-04-30 10:00:00,2021-04-30,4,0,10,160.5,566,1,18.9,3.4,38,0.1,0.2
2021-04-30 11:00:00,2021-04-30,4,0,11,156.0,867,1,19.4,4.6,36,0.1,0.2
2021-04-30 12:00:00,2021-04-30,4,0,12,91.5,18,1,19.9,4.6,32,0.1,0.2
2021-04-30 13:00:00,2021-04-30,4,0,13,150.75,1732,1,21.2,4.1,29,0.1,0.2
2021-04-30 14:00:00,2021-04-30,4,0,14,161.0,1416,1,21.6,3.2,26,0.1,0.2
2021-04-30 15:00:00,2021-04-30,4,0,15,147.75,1130,1,21.6,3.4,20,0.1,0.2
2021-04-30 16:00:00,2021-04-30,4,0,16,151.0,2103,1,21.9,2.4,19,0.1,0.2
2021-04-30 17:00:00,2021-04-30,4,0,17,111.5,185,1,17.7,2.0,55,0.1,0.2
2021-04-30 18:00:00,2021-04-30,4,0,18,140.5,1237,1,16.4,3.3,63,0.1,0.2
2021-04-30 19:00:00,2021-04-30,4,0,19,130.25,730,1,15.0,2.1,67,0.1,0.2
2021-04-30 20:00:00,2021-04-30,4,0,20,119.25,4,1,14.6,2.5,72,0.1,0.2
2021-04-30 21:00:00,2021-04-30,4,0,21,119.0,342,1,14.1,1.8,74,0.1,0.2
2021-04-30 22:00:00,2021-04-30,4,0,22,106.0,179,1,14.1,0.8,76,0.1,0.2
2021-04-30 23:00:00,2021-04-30,4,0,23,100.25,370,1,13.5,1.3,79,0.1,0.2
2021-05-01 00:00:00,2021-05-01,5,1,0,70.25,75,1,13.8,1.4,79,0.0,0.5
2021-05-01 01:00:00,2021-05-01,5,1,1,107.25,44,1,14.4,1.1,77,0.0,0.5
2021-05-01 02:00:00,2021-05-01,5,1,2,108.5,380,1,12.8,0.9,97,2.0,0.5
2021-05-01 03:00:00,2021-05-01,5,1,3,99.5,90,1,11.4,3.0,97,3.1,0.5
2021-05-01 04:00:00,2021-05-01,5,1,4,101.75,122,1,10.3,1.3,98,5.4,0.5
2021-05-01 05:00:00,2021-05-01,5,1,5,86.0,53,1,9.9,0.7,98,7.0,0.5
2021-05-01 06:00:00,2021-05-01,5,1,6,101.25,196,1,9.8,1.4,98,8.0,0.5
2021-05-01 07:00:00,2021-05-01,5,1,7,71.75,1832,1,10.1,0.9,98,8.5,0.5
2021-05-01 08:00:00,2021-05-01,5,1,8,23.0,0,0,10.6,2.5,98,8.5,0.5
2021-05-01 09:00:00,2021-05-01,5,1,9,20.5,0,0,11.3,2.4,98,8.5,0.5
2021-05-01 10:00:00,2021-05-01,5,1,10,20.75,0,0,12.7,3.0,81,8.5,0.5
2021-05-01 11:00:00,2021-05-01,5,1,11,23.0,0,0,13.8,3.1,70,8.5,0.5
2021-05-01 12:00:00,2021-05-01,5,1,12,21.75,0,0,15.2,2.7,63,8.5,0.5
2021-05-01 13:00:00,2021-05-01,5,1,13,21.0,0,0,14.4,2.6,63,8.5,0.5
2021-05-01 14:00:00,2021-05-01,5,1,14,20.75,0,0,13.7,3.9,64,8.5,0.5
2021-05-01 15:00:00,2021-05-01,5,1,15,23.25,0,0,14.7,2.9,56,8.5,0.5
2021-05-01 16:00:00,2021-05-01,5,1,16,21.0,0,0,10.7,3.3,83,8.5,0.5
2021-05-01 17:00:00,2021-05-01,5,1,17,21.0,0,0,13.2,2.0,71,8.7,0.5
2021-05-01 18:00:00,2021-05-01,5,1,18,23.0,0,0,13.0,2.5,60,8.7,0.5
2021-05-01 19:00:00,2021-05-01,5,1,19,20.5,0,0,12.3,1.6,65,8.7,0.5
2021-05-01 20:00:00,2021-05-01,5,1,20,20.5,0,0,11.5,1.4,62,8.7,0.5
2021-05-01 21:00:00,2021-05-01,5,1,21,24.0,0,0,11.6,1.5,61,8.7,0.5
2021-05-01 22:00:00,2021-05-01,5,1,22,21.25,0,0,11.6,2.5,55,8.7,0.5
2021-05-01 23:00:00,2021-05-01,5,1,23,21.0,0,0,10.9,1.6,56,8.7,0.5
2021-05-02 00:00:00,2021-05-02,5,1,0,21.25,0,0,10.8,2.4,56,8.7,0.5
2021-05-02 01:00:00,2021-05-02,5,1,1,22.5,0,0,10.5,2.3,58,0.0,0.5
2021-05-02 02:00:00,2021-05-02,5,1,2,21.0,0,0,10.6,1.5,58,0.0,0.5
2021-05-02 03:00:00,2021-05-02,5,1,3,21.0,0,0,10.8,3.2,58,0.0,0.5
2021-05-02 04:00:00,2021-05-02,5,1,4,23.5,0,0,10.7,2.6,62,0.0,0.5
2021-05-02 05:00:00,2021-05-02,5,1,5,21.0,0,0,9.4,2.8,75,0.0,0.5
2021-05-02 06:00:00,2021-05-02,5,1,6,21.0,0,0,8.3,1.4,89,0.2,0.5
2021-05-02 07:00:00,2021-05-02,5,1,7,23.5,0,0,8.9,2.7,85,0.2,0.5
2021-05-02 08:00:00,2021-05-02,5,1,8,20.75,0,0,9.9,2.8,81,0.2,0.5
2021-05-02 09:00:00,2021-05-02,5,1,9,20.5,0,0,10.8,3.3,76,0.2,0.5
2021-05-02 10:00:00,2021-05-02,5,1,10,22.25,0,0,12.1,3.8,68,0.2,0.5
2021-05-02 11:00:00,2021-05-02,5,1,11,21.75,0,0,14.9,3.2,56,0.2,0.5
2021-05-02 12:00:00,2021-05-02,5,1,12,21.0,0,0,16.0,3.7,49,0.2,0.5
2021-05-02 13:00:00,2021-05-02,5,1,13,21.25,0,0,16.3,2.3,47,0.2,0.5
2021-05-02 14:00:00,2021-05-02,5,1,14,22.75,0,0,16.7,2.6,41,0.2,0.5
2021-05-02 15:00:00,2021-05-02,5,1,15,20.5,0,0,16.8,2.7,50,0.2,0.5
2021-05-02 16:00:00,2021-05-02,5,1,16,20.0,0,0,16.5,1.4,47,0.2,0.5
2021-05-02 17:00:00,2021-05-02,5,1,17,23.25,0,0,16.4,2.0,51,0.2,0.5
2021-05-02 18:00:00,2021-05-02,5,1,18,20.25,0,0,15.2,2.3,49,0.2,0.5
2021-05-02 19:00:00,2021-05-02,5,1,19,20.25,0,0,14.0,1.2,60,0.2,0.5
2021-05-02 20:00:00,2021-05-02,5,1,20,23.0,0,0,12.8,1.0,69,0.2,0.5
2021-05-02 21:00:00,2021-05-02,5,1,21,21.5,0,0,11.1,0.8,77,0.2,0.5
2021-05-02 22:00:00,2021-05-02,5,1,22,21.0,0,0,10.5,0.5,82,0.2,0.5
2021-05-02 23:00:00,2021-05-02,5,1,23,22.0,0,0,11.3,0.7,84,0.2,0.5
2021-05-03 00:00:00,2021-05-03,5,0,0,22.75,0,0,10.8,2.1,82,0.2,0.3333333333333333
2021-05-03 01:00:00,2021-05-03,5,0,1,21.0,0,0,9.5,1.1,88,0.0,0.3333333333333333
2021-05-03 02:00:00,2021-05-03,5,0,2,21.0,0,0,8.7,0.9,87,0.0,0.3333333333333333
2021-05-03 03:00:00,2021-05-03,5,0,3,23.25,0,0,8.7,0.7,94,0.0,0.3333333333333333
2021-05-03 04:00:00,2021-05-03,5,0,4,21.0,0,0,8.3,0.6,93,0.0,0.3333333333333333
2021-05-03 05:00:00,2021-05-03,5,0,5,21.0,0,0,8.0,1.8,90,0.0,0.3333333333333333
2021-05-03 06:00:00,2021-05-03,5,0,6,23.25,0,0,7.6,0.9,94,0.0,0.3333333333333333
2021-05-03 07:00:00,2021-05-03,5,0,7,58.75,0,0,9.6,2.0,86,0.0,0.3333333333333333
2021-05-03 08:00:00,2021-05-03,5,0,8,174.75,784,1,13.3,0.7,72,0.0,0.3333333333333333
2021-05-03 09:00:00,2021-05-03,5,0,9,170.0,1137,1,15.0,1.1,63,0.0,0.3333333333333333
2021-05-03 10:00:00,2021-05-03,5,0,10,148.5,65,1,18.5,1.7,44,0.0,0.3333333333333333
2021-05-03 11:00:00,2021-05-03,5,0,11,173.75,1572,1,19.8,2.9,34,0.0,0.3333333333333333
2021-05-03 12:00:00,2021-05-03,5,0,12,106.25,680,1,20.5,3.1,28,0.0,0.3333333333333333
2021-05-03 13:00:00,2021-05-03,5,0,13,178.75,505,1,21.1,3.7,27,0.0,0.3333333333333333
2021-05-03 14:00:00,2021-05-03,5,0,14,167.25,2280,1,22.6,2.9,28,0.0,0.3333333333333333
2021-05-03 15:00:00,2021-05-03,5,0,15,154.25,1826,1,22.1,3.8,29,0.0,0.3333333333333333
2021-05-03 16:00:00,2021-05-03,5,0,16,147.25,1667,1,22.2,3.1,32,0.0,0.3333333333333333
2021-05-03 17:00:00,2021-05-03,5,0,17,118.5,1310,1,21.3,3.1,37,0.0,0.3333333333333333
2021-05-03 18:00:00,2021-05-03,5,0,18,134.25,434,1,19.8,4.3,38,0.0,0.3333333333333333
2021-05-03 19:00:00,2021-05-03,5,0,19,122.0,1700,1,18.4,4.0,45,0.0,0.3333333333333333
2021-05-03 20:00:00,2021-05-03,5,0,20,109.75,148,1,17.0,4.1,51,0.0,0.3333333333333333
2021-05-03 21:00:00,2021-05-03,5,0,21,104.25,25,1,16.2,1.0,55,0.0,0.3333333333333333
2021-05-03 22:00:00,2021-05-03,5,0,22,104.5,337,1,15.3,2.4,61,0.0,0.3333333333333333
2021-05-03 23:00:00,2021-05-03,5,0,23,98.5,136,1,14.1,1.3,71,0.0,0.3333333333333333
2021-05-04 00:00:00,2021-05-04,5,0,0,65.0,414,1,14.4,1.9,70,0.0,0.3333333333333333
2021-05-04 01:00:00,2021-05-04,5,0,1,108.25,20,1,13.6,1.2,74,0.0,0.3333333333333333
2021-05-04 02:00:00,2021-05-04,5,0,2,116.25,59,1,14.1,2.2,70,0.0,0.3333333333333333
2021-05-04 03:00:00,2021-05-04,5,0,3,103.75,344,1,13.9,1.8,69,0.0,0.3333333333333333
2021-05-04 04:00:00,2021-05-04,5,0,4,101.0,22,1,12.9,0.7,69,0.0,0.3333333333333333
2021-05-04 05:00:00,2021-05-04,5,0,5,84.75,318,1,15.1,2.8,66,0.0,0.3333333333333333
2021-05-04 06:00:00,2021-05-04,5,0,6,110.5,28,1,14.8,1.7,75,0.0,0.3333333333333333
2021-05-04 07:00:00,2021-05-04,5,0,7,126.0,1140,1,16.0,2.7,73,0.0,0.3333333333333333
2021-05-04 08:00:00,2021-05-04,5,0,8,171.25,473,1,17.3,2.4,71,0.0,0.3333333333333333
2021-05-04 09:00:00,2021-05-04,5,0,9,168.25,2501,1,18.7,4.5,69,0.0,0.3333333333333333
2021-05-04 10:00:00,2021-05-04,5,0,10,160.5,701,1,19.5,4.9,67,0.0,0.3333333333333333
2021-05-04 11:00:00,2021-05-04,5,0,11,172.5,941,1,19.3,4.9,70,0.0,0.3333333333333333
2021-05-04 12:00:00,2021-05-04,5,0,12,103.5,132,1,20.1,4.3,67,0.0,0.3333333333333333
2021-05-04 13:00:00,2021-05-04,5,0,13,165.25,1749,1,20.0,4.2,70,0.0,0.3333333333333333
2021-05-04 14:00:00,2021-05-04,5,0,14,166.25,658,1,19.5,3.9,74,0.0,0.3333333333333333
2021-05-04 15:00:00,2021-05-04,5,0,15,159.0,1093,1,19.3,3.1,78,0.0,0.3333333333333333
2021-05-04 16:00:00,2021-05-04,5,0,16,161.0,716,1,18.1,3.6,86,0.1,0.3333333333333333
2021-05-04 17:00:00,2021-05-04,5,0,17,123.0,547,1,17.6,3.6,94,0.5,0.3333333333333333
2021-05-04 18:00:00,2021-05-04,5,0,18,162.5,632,1,17.7,3.9,94,0.9,0.3333333333333333
2021-05-04 19:00:00,2021-05-04,5,0,19,158.25,3300,1,17.4,3.3,95,1.1,0.3333333333333333
2021-05-04 20:00:00,2021-05-04,5,0,20,123.5,147,1,17.7,4.6,92,1.2,0.3333333333333333
2021-05-04 21:00:00,2021-05-04,5,0,21,124.5,46,1,16.9,4.2,98,2.2,0.3333333333333333
2021-05-04 22:00:00,2021-05-04,5,0,22,104.5,1,1,15.9,2.9,98,4.0,0.3333333333333333
2021-05-04 23:00:00,2021-05-04,5,0,23,95.0,374,1,16.0,3.0,98,10.4,0.3333333333333333
2021-05-05 00:00:00,2021-05-05,5,0,0,65.0,103,1,16.4,2.2,98,15.2,1.0
2021-05-05 01:00:00,2021-05-05,5,0,1,105.25,4,1,17.1,5.2,98,3.0,1.0
2021-05-05 02:00:00,2021-05-05,5,0,2,110.0,363,1,17.8,3.1,98,3.4,1.0
2021-05-05 03:00:00,2021-05-05,5,0,3,102.75,41,1,18.0,2.7,98,3.5,1.0
2021-05-05 04:00:00,2021-05-05,5,0,4,111.75,312,1,18.1,2.6,98,3.5,1.0
2021-05-05 05:00:00,2021-05-05,5,0,5,88.25,63,1,17.6,1.4,98,3.5,1.0
2021-05-05 06:00:00,2021-05-05,5,0,6,103.0,233,1,16.3,1.7,79,3.5,1.0
2021-05-05 07:00:00,2021-05-05,5,0,7,62.75,1071,1,15.5,2.7,68,3.5,1.0
2021-05-05 08:00:00,2021-05-05,5,0,8,20.75,0,0,15.7,2.8,64,3.5,1.0
2021-05-05 09:00:00,2021-05-05,5,0,9,21.0,0,0,17.4,3.0,55,3.5,1.0
2021-05-05 10:00:00,2021-05-05,5,0,10,23.0,0,0,19.3,3.7,35,3.5,1.0
2021-05-05 11:00:00,2021-05-05,5,0,11,21.25,0,0,21.7,3.4,27,3.5,1.0
2021-05-05 12:00:00,2021-05-05,5,0,12,20.25,0,0,22.8,4.0,22,3.5,1.0
2021-05-05 13:00:00,2021-05-05,5,0,13,23.5,0,0,23.3,4.2,22,3.5,1.0
2021-05-05 14:00:00,2021-05-05,5,0,14,21.0,0,0,23.7,4.3,17,3.5,1.0
2021-05-05 15:00:00,2021-05-05,5,0,15,21.0,0,0,23.6,2.4,20,3.5,1.0
2021-05-05 16:00:00,2021-05-05,5,0,16,22.5,0,0,23.4,2.9,16,3.5,1.0
2021-05-05 17:00:00,2021-05-05,5,0,17,22.0,0,0,22.6,3.2,18,3.5,1.0
2021-05-05 18:00:00,2021-05-05,5,0,18,21.0,0,0,21.4,2.3,20,3.5,1.0
2021-05-05 19:00:00,2021-05-05,5,0,19,21.0,0,0,20.1,2.3,27,3.5,1.0
2021-05-05 20:00:00,2021-05-05,5,0,20,23.5,0,0,19.0,1.5,29,3.5,1.0
2021-05-05 21:00:00,2021-05-05,5,0,21,21.25,0,0,17.2,2.2,35,3.5,1.0
2021-05-05 22:00:00,2021-05-05,5,0,22,21.75,0,0,16.9,3.3,32,3.5,1.0
2021-05-05 23:00:00,2021-05-05,5,0,23,23.5,0,0,14.3,1.3,41,3.5,1.0
2021-05-06 00:00:00,2021-05-06,5,0,0,21.0,0,0,13.2,1.3,41,3.5,0.5
2021-05-06 01:00:00,2021-05-06,5,0,1,21.0,0,0,13.0,1.4,35,0.0,0.5
2021-05-06 02:00:00,2021-05-06,5,0,2,22.75,0,0,12.6,2.0,40,0.0,0.5
2021-05-06 03:00:00,2021-05-06,5,0,3,21.75,0,0,11.9,2.3,42,0.0,0.5
2021-05-06 04:00:00,2021-05-06,5,0,4,21.0,0,0,10.5,1.5,45,0.0,0.5
2021-05-06 05:00:00,2021-05-06,5,0,5,22.0,0,0,9.8,1.1,47,0.0,0.5
2021-05-06 06:00:00,2021-05-06,5,0,6,22.75,0,0,9.8,0.1,49,0.0,0.5
2021-05-06 07:00:00,2021-05-06,5,0,7,55.5,0,0,12.2,0.4,54,0.0,0.5
2021-05-06 08:00:00,2021-05-06,5,0,8,185.0,424,1,14.6,1.3,31,0.0,0.5
2021-05-06 09:00:00,2021-05-06,5,0,9,186.25,1929,1,17.3,1.3,31,0.0,0.5
2021-05-06 10:00:00,2021-05-06,5,0,10,164.5,1556,1,19.2,3.0,30,0.0,0.5
2021-05-06 11:00:00,2021-05-06,5,0,11,171.25,2460,1,20.9,1.8,30,0.0,0.5
2021-05-06 12:00:00,2021-05-06,5,0,12,101.0,4,1,22.3,2.1,34,0.0,0.5
2021-05-06 13:00:00,2021-05-06,5,0,13,166.25,2044,1,21.9,2.3,34,0.0,0.5
2021-05-06 14:00:00,2021-05-06,5,0,14,160.25,801,1,21.7,2.1,34,0.0,0.5
2021-05-06 15:00:00,2021-05-06,5,0,15,154.5,4734,1,20.0,2.1,41,0.0,0.5
2021-05-06 16:00:00,2021-05-06,5,0,16,158.75,2564,1,21.1,2.0,37,0.0,0.5
2021-05-06 17:00:00,2021-05-06,5,0,17,124.75,601,1,21.0,2.9,34,0.0,0.5
2021-05-06 18:00:00,2021-05-06,5,0,18,125.25,1600,1,20.4,3.7,33,0.0,0.5
2021-05-06 19:00:00,2021-05-06,5,0,19,115.25,2689,1,19.7,4.0,34,0.0,0.5
2021-05-06 20:00:00,2021-05-06,5,0,20,127.75,180,1,19.2,3.1,33,0.0,0.5
2021-05-06 21:00:00,2021-05-06,5,0,21,120.5,4,1,17.0,0.2,42,0.0,0.5
2021-05-06 22:00:00,2021-05-06,5,0,22,113.5,26,1,17.1,0.5,36,0.0,0.5
2021-05-06 23:00:00,2021-05-06,5,0,23,101.0,32,1,17.3,1.3,37,0.0,0.5
2021-05-07 00:00:00,2021-05-07,5,0,0,66.5,434,1,15.9,0.0,46,0.0,0.5
2021-05-07 01:00:00,2021-05-07,5,0,1,103.5,8,1,15.4,0.3,53,0.0,0.5
2021-05-07 02:00:00,2021-05-07,5,0,2,101.5,182,1,16.7,2.3,46,0.0,0.5
2021-05-07 03:00:00,2021-05-07,5,0,3,104.75,116,1,15.9,2.0,33,0.0,0.5
2021-05-07 04:00:00,2021-05-07,5,0,4,98.25,196,1,15.2,1.5,40,0.0,0.5
2021-05-07 05:00:00,2021-05-07,5,0,5,89.25,0,0,16.0,2.1,32,0.0,0.5
2021-05-07 06:00:00,2021-05-07,5,0,6,107.0,86,1,15.6,2.1,35,0.0,0.5
2021-05-07 07:00:00,2021-05-07,5,0,7,118.0,1465,1,16.1,3.5,44,0.0,0.5
2021-05-07 08:00:00,2021-05-07,5,0,8,171.5,321,1,17.6,3.5,52,0.0,0.5
2021-05-07 09:00:00,2021-05-07,5,0,9,170.0,755,1,18.8,4.5,57,0.0,0.5
2021-05-07 10:00:00,2021-05-07,5,0,10,158.25,1314,1,21.0,3.8,54,0.0,0.5
2021-05-07 11:00:00,2021-05-07,5,0,11,163.5,2392,1,22.9,3.5,50,0.0,0.5
2021-05-07 12:00:00,2021-05-07,5,0,12,105.5,580,1,22.9,5.4,51,0.0,0.5
2021-05-07 13:00:00,2021-05-07,5,0,13,167.25,1477,1,23.4,5.7,52,0.0,0.5
2021-05-07 14:00:00,2021-05-07,5,0,14,153.0,1029,1,22.7,4.9,56,0.0,0.5
2021-05-07 15:00:00,2021-05-07,5,0,15,132.75,1328,1,23.2,5.4,57,0.0,0.5
2021-05-07 16:00:00,2021-05-07,5,0,16,144.75,800,1,23.2,4.4,60,0.0,0.5
2021-05-07 17:00:00,2021-05-07,5,0,17,119.75,2023,1,21.9,4.4,65,0.0,0.5
2021-05-07 18:00:00,2021-05-07,5,0,18,108.25,68,1,20.7,3.2,74,0.0,0.5
2021-05-07 19:00:00,2021-05-07,5,0,19,99.5,772,1,20.1,1.8,77,0.0,0.5
2021-05-07 20:00:00,2021-05-07,5,0,20,103.25,8,1,19.4,2.7,78,0.0,0.5
2021-05-07 21:00:00,2021-05-07,5,0,21,102.0,106,1,18.6,3.2,41,0.0,0.5
2021-05-07 22:00:00,2021-05-07,5,0,22,100.25,18,1,17.7,2.4,35,0.0,0.5
2021-05-07 23:00:00,2021-05-07,5,0,23,85.0,163,1,15.9,2.2,42,0.0,0.5
2021-05-08 00:00:00,2021-05-08,5,1,0,60.75,118,1,15.1,2.4,41,0.0,0.3333333333333333
2021-05-08 01:00:00,2021-05-08,5,1,1,103.75,56,1,14.0,2.0,44,0.0,0.3333333333333333
2021-05-08 02:00:00,2021-05-08,5,1,2,103.25,57,1,12.9,2.3,46,0.0,0.3333333333333333
2021-05-08 03:00:00,2021-05-08,5,1,3,102.75,10,1,11.7,1.2,47,0.0,0.3333333333333333
2021-05-08 04:00:00,2021-05-08,5,1,4,106.25,66,1,11.6,2.7,47,0.0,0.3333333333333333
2021-05-08 05:00:00,2021-05-08,5,1,5,87.0,150,1,9.1,2.0,63,0.0,0.3333333333333333
2021-05-08 06:00:00,2021-05-08,5,1,6,103.5,1976,1,10.6,1.2,52,0.0,0.3333333333333333
2021-05-08 07:00:00,2021-05-08,5,1,7,62.5,415,1,12.5,1.0,48,0.0,0.3333333333333333
2021-05-08 08:00:00,2021-05-08,5,1,8,24.25,0,0,14.7,1.5,43,0.0,0.3333333333333333
2021-05-08 09:00:00,2021-05-08,5,1,9,22.25,0,0,17.2,1.4,40,0.0,0.3333333333333333
2021-05-08 10:00:00,2021-05-08,5,1,10,22.0,0,0,19.9,1.6,34,0.0,0.3333333333333333
2021-05-08 11:00:00,2021-05-08,5,1,11,25.0,0,0,21.5,2.1,35,0.0,0.3333333333333333
2021-05-08 12:00:00,2021-05-08,5,1,12,22.5,0,0,23.5,2.4,25,0.0,0.3333333333333333
2021-05-08 13:00:00,2021-05-08,5,1,13,22.0,0,0,23.8,4.3,20,0.0,0.3333333333333333
2021-05-08 14:00:00,2021-05-08,5,1,14,23.25,0,0,23.1,4.3,26,0.0,0.3333333333333333
2021-05-08 15:00:00,2021-05-08,5,1,15,23.5,0,0,23.6,4.6,26,0.0,0.3333333333333333
2021-05-08 16:00:00,2021-05-08,5,1,16,22.5,0,0,23.3,4.5,26,0.0,0.3333333333333333
2021-05-08 17:00:00,2021-05-08,5,1,17,22.25,0,0,22.7,4.8,28,0.0,0.3333333333333333
2021-05-08 18:00:00,2021-05-08,5,1,18,24.0,0,0,21.6,4.1,35,0.0,0.3333333333333333
2021-05-08 19:00:00,2021-05-08,5,1,19,22.0,0,0,20.2,2.8,43,0.0,0.3333333333333333
2021-05-08 20:00:00,2021-05-08,5,1,20,22.0,0,0,19.1,2.6,47,0.0,0.3333333333333333
2021-05-08 21:00:00,2021-05-08,5,1,21,25.0,0,0,18.8,2.3,51,0.0,0.3333333333333333
2021-05-08 22:00:00,2021-05-08,5,1,22,22.75,0,0,18.4,0.8,52,0.0,0.3333333333333333
2021-05-08 23:00:00,2021-05-08,5,1,23,22.5,0,0,17.7,1.7,56,0.0,0.3333333333333333
2021-05-09 00:00:00,2021-05-09,5,1,0,22.5,0,0,18.1,2.3,55,0.0,0.3333333333333333
2021-05-09 01:00:00,2021-05-09,5,1,1,22.75,0,0,17.1,0.9,58,0.0,0.3333333333333333
2021-05-09 02:00:00,2021-05-09,5,1,2,24.75,0,0,17.0,1.6,58,0.0,0.3333333333333333
2021-05-09 03:00:00,2021-05-09,5,1,3,22.5,0,0,15.8,2.0,49,0.0,0.3333333333333333
2021-05-09 04:00:00,2021-05-09,5,1,4,22.75,0,0,14.4,1.9,48,0.0,0.3333333333333333
2021-05-09 05:00:00,2021-05-09,5,1,5,23.5,0,0,13.5,2.1,51,0.0,0.3333333333333333
2021-05-09 06:00:00,2021-05-09,5,1,6,24.0,0,0,13.6,2.5,49,0.0,0.3333333333333333
2021-05-09 07:00:00,2021-05-09,5,1,7,63.5,0,0,14.8,2.2,46,0.0,0.3333333333333333
2021-05-09 08:00:00,2021-05-09,5,1,8,176.5,0,0,17.1,1.4,43,0.0,0.3333333333333333
2021-05-09 09:00:00,2021-05-09,5,1,9,158.0,0,0,18.2,2.7,34,0.0,0.3333333333333333
2021-05-09 10:00:00,2021-05-09,5,1,10,157.0,0,0,19.6,1.9,29,0.0,0.3333333333333333
2021-05-09 11:00:00,2021-05-09,5,1,11,163.75,0,0,20.6,3.3,22,0.0,0.3333333333333333
2021-05-09 12:00:00,2021-05-09,5,1,12,105.75,0,0,21.5,3.7,21,0.0,0.3333333333333333
2021-05-09 13:00:00,2021-05-09,5,1,13,157.5,0,0,22.7,3.2,19,0.0,0.3333333333333333
2021-05-09 14:00:00,2021-05-09,5,1,14,154.25,0,0,23.5,1.8,18,0.0,0.3333333333333333
2021-05-09 15:00:00,2021-05-09,5,1,15,141.25,0,0,24.2,2.0,18,0.0,0.3333333333333333
2021-05-09 16:00:00,2021-05-09,5,1,16,152.5,0,0,24.2,2.9,18,0.0,0.3333333333333333
2021-05-09 17:00:00,2021-05-09,5,1,17,127.75,0,0,23.9,3.1,19,0.0,0.3333333333333333
2021-05-09 18:00:00,2021-05-09,5,1,18,159.0,0,0,23.3,2.3,21,0.0,0.3333333333333333
2021-05-09 19:00:00,2021-05-09,5,1,19,141.5,0,0,21.5,1.4,23,0.0,0.3333333333333333
2021-05-09 20:00:00,2021-05-09,5,1,20,110.5,0,0,19.8,1.5,25,0.0,0.3333333333333333
2021-05-09 21:00:00,2021-05-09,5,1,21,119.75,0,0,18.7,1.7,28,0.0,0.3333333333333333
2021-05-09 22:00:00,2021-05-09,5,1,22,112.25,0,0,18.0,2.5,31,0.0,0.3333333333333333
2021-05-09 23:00:00,2021-05-09,5,1,23,100.75,0,0,17.2,2.2,31,0.0,0.3333333333333333
2021-05-10 00:00:00,2021-05-10,5,0,0,22.5,0,0,16.0,1.6,33,0.0,0.3333333333333333
2021-05-10 01:00:00,2021-05-10,5,0,1,22.75,0,0,15.3,0.8,35,0.0,0.3333333333333333
2021-05-10 02:00:00,2021-05-10,5,0,2,24.75,0,0,15.2,2.1,39,0.0,0.3333333333333333
2021-05-10 03:00:00,2021-05-10,5,0,3,22.5,0,0,16.4,2.5,34,0.0,0.3333333333333333
2021-05-10 04:00:00,2021-05-10,5,0,4,22.75,0,0,15.1,1.6,39,0.0,0.3333333333333333
2021-05-10 05:00:00,2021-05-10,5,0,5,23.5,0,0,14.0,1.4,46,0.0,0.3333333333333333
2021-05-10 06:00:00,2021-05-10,5,0,6,24.0,0,0,15.3,2.1,38,0.0,0.3333333333333333
2021-05-10 07:00:00,2021-05-10,5,0,7,63.5,0,0,14.4,2.2,47,0.0,0.3333333333333333
2021-05-10 08:00:00,2021-05-10,5,0,8,176.5,837,1,13.9,1.8,56,0.0,0.3333333333333333
2021-05-10 09:00:00,2021-05-10,5,0,9,158.0,998,1,14.7,1.7,54,0.0,0.3333333333333333
2021-05-10 10:00:00,2021-05-10,5,0,10,157.0,628,1,15.2,1.3,52,0.0,0.3333333333333333
2021-05-10 11:00:00,2021-05-10,5,0,11,163.75,1491,1,14.8,2.8,58,0.2,0.3333333333333333
2021-05-10 12:00:00,2021-05-10,5,0,12,105.75,30,1,16.4,2.6,54,0.2,0.3333333333333333
2021-05-10 13:00:00,2021-05-10,5,0,13,157.5,919,1,16.9,2.4,50,0.2,0.3333333333333333
2021-05-10 14:00:00,2021-05-10,5,0,14,154.25,1816,1,17.5,3.3,55,0.2,0.3333333333333333
2021-05-10 15:00:00,2021-05-10,5,0,15,141.25,998,1,17.2,2.2,58,0.2,0.3333333333333333
2021-05-10 16:00:00,2021-05-10,5,0,16,152.5,4518,1,16.8,1.2,61,0.2,0.3333333333333333
2021-05-10 17:00:00,2021-05-10,5,0,17,127.75,274,1,15.7,1.6,71,0.2,0.3333333333333333
2021-05-10 18:00:00,2021-05-10,5,0,18,159.0,941,1,16.0,1.4,74,0.2,0.3333333333333333
2021-05-10 19:00:00,2021-05-10,5,0,19,141.5,2791,1,14.6,1.5,81,0.2,0.3333333333333333
2021-05-10 20:00:00,2021-05-10,5,0,20,110.5,94,1,13.6,1.0,86,0.2,0.3333333333333333
2021-05-10 21:00:00,2021-05-10,5,0,21,119.75,54,1,13.0,1.7,91,0.2,0.3333333333333333
2021-05-10 22:00:00,2021-05-10,5,0,22,112.25,97,1,13.4,0.5,91,0.2,0.3333333333333333
2021-05-10 23:00:00,2021-05-10,5,0,23,100.75,160,1,13.5,1.4,88,0.2,0.3333333333333333
2021-05-11 00:00:00,2021-05-11,5,0,0,64.25,27,1,13.7,1.3,86,0.2,1.0
2021-05-11 01:00:00,2021-05-11,5,0,1,97.75,48,1,13.5,1.3,87,0.0,1.0
2021-05-11 02:00:00,2021-05-11,5,0,2,104.25,487,1,13.5,1.2,89,0.0,1.0
2021-05-11 03:00:00,2021-05-11,5,0,3,100.75,119,1,13.5,0.6,90,0.0,1.0
2021-05-11 04:00:00,2021-05-11,5,0,4,105.25,82,1,13.4,0.9,91,0.0,1.0
2021-05-11 05:00:00,2021-05-11,5,0,5,97.0,0,0,13.4,1.0,90,0.0,1.0
2021-05-11 06:00:00,2021-05-11,5,0,6,106.75,188,1,13.7,0.6,88,0.0,1.0
2021-05-11 07:00:00,2021-05-11,5,0,7,123.5,2165,1,14.3,0.3,85,0.0,1.0
2021-05-11 08:00:00,2021-05-11,5,0,8,171.0,637,1,14.8,0.8,83,0.0,1.0
2021-05-11 09:00:00,2021-05-11,5,0,9,173.25,1542,1,14.9,1.0,82,0.0,1.0
2021-05-11 10:00:00,2021-05-11,5,0,10,159.5,1472,1,15.2,1.6,73,0.0,1.0
2021-05-11 11:00:00,2021-05-11,5,0,11,169.25,1484,1,16.4,2.2,70,0.0,1.0
2021-05-11 12:00:00,2021-05-11,5,0,12,100.0,0,0,16.6,3.6,64,0.0,1.0
2021-05-11 13:00:00,2021-05-11,5,0,13,175.5,2483,1,18.0,2.6,54,0.0,1.0
2021-05-11 14:00:00,2021-05-11,5,0,14,155.0,3081,1,17.7,3.2,46,0.0,1.0
2021-05-11 15:00:00,2021-05-11,5,0,15,150.5,807,1,17.1,2.5,50,0.0,1.0
2021-05-11 16:00:00,2021-05-11,5,0,16,144.25,1509,1,17.0,1.6,47,0.0,1.0
2021-05-11 17:00:00,2021-05-11,5,0,17,118.0,458,1,16.6,2.4,50,0.0,1.0
2021-05-11 18:00:00,2021-05-11,5,0,18,138.0,1720,1,16.2,3.1,57,0.0,1.0
2021-05-11 19:00:00,2021-05-11,5,0,19,132.25,3308,1,15.6,2.9,63,0.0,1.0
2021-05-11 20:00:00,2021-05-11,5,0,20,127.5,44,1,15.6,2.3,61,0.0,1.0
2021-05-11 21:00:00,2021-05-11,5,0,21,125.25,382,1,15.3,2.5,65,0.0,1.0
2021-05-11 22:00:00,2021-05-11,5,0,22,106.75,40,1,15.0,2.6,73,0.0,1.0
2021-05-11 23:00:00,2021-05-11,5,0,23,107.25,5,1,15.0,3.1,75,0.0,1.0
2021-05-12 00:00:00,2021-05-12,5,0,0,66.5,0,0,14.8,3.4,76,0.0,1.0
2021-05-12 01:00:00,2021-05-12,5,0,1,98.25,533,1,14.7,3.1,76,0.0,1.0
2021-05-12 02:00:00,2021-05-12,5,0,2,110.25,226,1,14.7,3.4,75,0.0,1.0
2021-05-12 03:00:00,2021-05-12,5,0,3,96.25,93,1,15.1,2.7,70,0.0,1.0
2021-05-12 04:00:00,2021-05-12,5,0,4,107.0,300,1,15.0,2.9,72,0.0,1.0
2021-05-12 05:00:00,2021-05-12,5,0,5,92.25,25,1,14.9,2.8,75,0.0,1.0
2021-05-12 06:00:00,2021-05-12,5,0,6,104.25,560,1,14.9,3.5,79,0.0,1.0
2021-05-12 07:00:00,2021-05-12,5,0,7,125.75,1735,1,15.3,3.0,79,0.0,1.0
2021-05-12 08:00:00,2021-05-12,5,0,8,169.0,691,1,15.9,3.2,76,0.0,1.0
2021-05-12 09:00:00,2021-05-12,5,0,9,160.25,716,1,16.2,2.6,72,0.0,1.0
2021-05-12 10:00:00,2021-05-12,5,0,10,149.0,941,1,16.3,3.0,70,0.0,1.0
2021-05-12 11:00:00,2021-05-12,5,0,11,167.5,952,1,17.0,2.6,67,0.0,1.0
2021-05-12 12:00:00,2021-05-12,5,0,12,93.5,104,1,19.3,3.3,55,0.0,1.0
2021-05-12 13:00:00,2021-05-12,5,0,13,178.25,1820,1,19.3,2.8,53,0.0,1.0
2021-05-12 14:00:00,2021-05-12,5,0,14,163.75,1492,1,20.8,2.9,50,0.0,1.0
2021-05-12 15:00:00,2021-05-12,5,0,15,152.75,1155,1,19.8,3.2,54,0.0,1.0
2021-05-12 16:00:00,2021-05-12,5,0,16,158.75,760,1,18.1,2.9,60,0.0,1.0
2021-05-12 17:00:00,2021-05-12,5,0,17,131.25,3446,1,17.4,2.0,63,0.0,1.0
2021-05-12 18:00:00,2021-05-12,5,0,18,157.25,1012,1,17.5,1.6,67,0.0,1.0
2021-05-12 19:00:00,2021-05-12,5,0,19,124.5,2838,1,16.3,1.8,71,0.0,1.0
2021-05-12 20:00:00,2021-05-12,5,0,20,104.75,8,1,14.8,0.9,81,0.0,1.0
2021-05-12 21:00:00,2021-05-12,5,0,21,110.0,178,1,14.3,1.8,86,0.0,1.0
2021-05-12 22:00:00,2021-05-12,5,0,22,102.25,366,1,14.0,1.5,86,0.0,1.0
2021-05-12 23:00:00,2021-05-12,5,0,23,101.5,238,1,13.6,1.4,89,0.0,1.0
2021-05-13 00:00:00,2021-05-13,5,0,0,70.0,157,1,13.9,1.7,88,0.0,1.0
2021-05-13 01:00:00,2021-05-13,5,0,1,98.25,370,1,14.0,0.8,87,0.0,1.0
2021-05-13 02:00:00,2021-05-13,5,0,2,103.0,52,1,13.0,0.6,90,0.0,1.0
2021-05-13 03:00:00,2021-05-13,5,0,3,100.0,366,1,12.8,1.5,90,0.0,1.0
2021-05-13 04:00:00,2021-05-13,5,0,4,105.0,96,1,13.1,0.7,89,0.0,1.0
2021-05-13 05:00:00,2021-05-13,5,0,5,89.25,68,1,13.7,1.3,82,0.0,1.0
2021-05-13 06:00:00,2021-05-13,5,0,6,100.5,4,1,13.1,1.8,87,0.0,1.0
2021-05-13 07:00:00,2021-05-13,5,0,7,117.25,2540,1,15.0,1.4,78,0.0,1.0
2021-05-13 08:00:00,2021-05-13,5,0,8,164.75,705,1,17.3,1.1,69,0.0,1.0
2021-05-13 09:00:00,2021-05-13,5,0,9,163.25,359,1,20.2,1.0,50,0.0,1.0
2021-05-13 10:00:00,2021-05-13,5,0,10,158.0,1880,1,22.1,1.9,40,0.0,1.0
2021-05-13 11:00:00,2021-05-13,5,0,11,164.25,470,1,22.8,1.8,51,0.0,1.0
2021-05-13 12:00:00,2021-05-13,5,0,12,95.75,238,1,24.2,2.2,57,0.0,1.0
2021-05-13 13:00:00,2021-05-13,5,0,13,167.5,1582,1,25.0,2.1,59,0.0,1.0
2021-05-13 14:00:00,2021-05-13,5,0,14,162.75,1464,1,24.6,2.1,59,0.0,1.0
2021-05-13 15:00:00,2021-05-13,5,0,15,138.5,980,1,23.2,3.1,58,0.0,1.0
2021-05-13 16:00:00,2021-05-13,5,0,16,149.5,1633,1,21.8,2.6,57,0.0,1.0
2021-05-13 17:00:00,2021-05-13,5,0,17,100.5,430,1,22.2,1.6,58,0.0,1.0
2021-05-13 18:00:00,2021-05-13,5,0,18,101.75,1701,1,20.9,1.3,57,0.0,1.0
2021-05-13 19:00:00,2021-05-13,5,0,19,100.75,2095,1,19.3,1.4,55,0.0,1.0
2021-05-13 20:00:00,2021-05-13,5,0,20,132.5,126,1,17.7,0.4,63,0.0,1.0
2021-05-13 21:00:00,2021-05-13,5,0,21,127.0,75,1,17.1,0.4,73,0.0,1.0
2021-05-13 22:00:00,2021-05-13,5,0,22,114.0,48,1,16.7,1.1,81,0.0,1.0
2021-05-13 23:00:00,2021-05-13,5,0,23,104.0,229,1,16.0,0.7,92,0.0,1.0
2021-05-14 00:00:00,2021-05-14,5,0,0,67.0,14,1,15.1,0.2,96,0.0,1.0
2021-05-14 01:00:00,2021-05-14,5,0,1,99.5,306,1,15.0,0.8,98,0.0,1.0
2021-05-14 02:00:00,2021-05-14,5,0,2,107.25,95,1,14.4,0.0,98,0.0,1.0
2021-05-14 03:00:00,2021-05-14,5,0,3,96.75,332,1,14.1,1.5,98,0.0,1.0
2021-05-14 04:00:00,2021-05-14,5,0,4,105.5,0,0,14.1,1.3,98,0.0,1.0
2021-05-14 05:00:00,2021-05-14,5,0,5,93.25,60,1,14.7,1.7,97,0.0,1.0
2021-05-14 06:00:00,2021-05-14,5,0,6,100.25,553,1,14.7,0.7,96,0.0,1.0
2021-05-14 07:00:00,2021-05-14,5,0,7,115.25,1743,1,17.1,0.5,87,0.0,1.0
2021-05-14 08:00:00,2021-05-14,5,0,8,146.5,591,1,19.4,0.9,76,0.0,1.0
2021-05-14 09:00:00,2021-05-14,5,0,9,139.5,672,1,21.5,1.3,64,0.0,1.0
2021-05-14 10:00:00,2021-05-14,5,0,10,142.5,4183,1,23.0,2.0,64,0.0,1.0
2021-05-14 11:00:00,2021-05-14,5,0,11,149.25,399,1,23.3,1.9,64,0.0,1.0
2021-05-14 12:00:00,2021-05-14,5,0,12,91.25,230,1,24.4,2.4,63,0.0,1.0
2021-05-14 13:00:00,2021-05-14,5,0,13,150.25,50,1,23.2,2.6,62,0.0,1.0
2021-05-14 14:00:00,2021-05-14,5,0,14,142.75,957,1,23.4,2.3,60,0.0,1.0
2021-05-14 15:00:00,2021-05-14,5,0,15,136.75,623,1,23.7,2.5,60,0.0,1.0
2021-05-14 16:00:00,2021-05-14,5,0,16,134.5,3046,1,23.1,1.6,60,0.0,1.0
2021-05-14 17:00:00,2021-05-14,5,0,17,109.0,437,1,22.0,1.9,62,0.0,1.0
2021-05-14 18:00:00,2021-05-14,5,0,18,146.25,1523,1,21.3,1.2,67,0.0,1.0
2021-05-14 19:00:00,2021-05-14,5,0,19,129.25,1514,1,20.3,0.9,71,0.0,1.0
2021-05-14 20:00:00,2021-05-14,5,0,20,106.0,1,1,19.1,0.6,77,0.0,1.0
2021-05-14 21:00:00,2021-05-14,5,0,21,110.0,45,1,18.4,1.0,80,0.0,1.0
2021-05-14 22:00:00,2021-05-14,5,0,22,103.25,0,0,18.2,0.7,86,0.0,1.0
2021-05-14 23:00:00,2021-05-14,5,0,23,88.5,0,0,17.6,0.8,85,0.0,1.0
2021-05-15 00:00:00,2021-05-15,5,1,0,54.0,0,0,17.4,0.2,84,0.0,1.0
2021-05-15 01:00:00,2021-05-15,5,1,1,95.75,47,1,17.5,0.7,84,0.0,1.0
2021-05-15 02:00:00,2021-05-15,5,1,2,97.5,37,1,17.5,1.5,85,0.0,1.0
2021-05-15 03:00:00,2021-05-15,5,1,3,93.25,0,0,17.1,0.8,87,0.0,1.0
2021-05-15 04:00:00,2021-05-15,5,1,4,101.0,0,0,17.5,1.0,85,0.0,1.0
2021-05-15 05:00:00,2021-05-15,5,1,5,79.5,0,0,17.9,0.1,84,0.0,1.0
2021-05-15 06:00:00,2021-05-15,5,1,6,97.75,24,1,17.5,1.4,88,0.0,1.0
2021-05-15 07:00:00,2021-05-15,5,1,7,69.0,634,1,17.7,0.0,91,0.1,1.0
2021-05-15 08:00:00,2021-05-15,5,1,8,21.5,0,0,17.2,1.0,98,4.8,1.0
2021-05-15 09:00:00,2021-05-15,5,1,9,19.5,0,0,17.8,0.3,98,8.2,1.0
2021-05-15 10:00:00,2021-05-15,5,1,10,19.5,0,0,18.2,0.3,98,8.6,1.0
2021-05-15 11:00:00,2021-05-15,5,1,11,22.25,0,0,18.5,0.0,98,10.2,1.0
2021-05-15 12:00:00,2021-05-15,5,1,12,20.0,0,0,18.9,0.4,98,11.2,1.0
2021-05-15 13:00:00,2021-05-15,5,1,13,19.25,0,0,19.3,0.4,98,14.8,1.0
2021-05-15 14:00:00,2021-05-15,5,1,14,20.75,0,0,20.5,0.8,98,15.7,1.0
2021-05-15 15:00:00,2021-05-15,5,1,15,20.25,0,0,20.1,0.4,98,15.7,1.0
2021-05-15 16:00:00,2021-05-15,5,1,16,19.75,0,0,20.8,1.0,98,15.7,1.0
2021-05-15 17:00:00,2021-05-15,5,1,17,20.0,0,0,21.1,0.7,98,15.7,1.0
2021-05-15 18:00:00,2021-05-15,5,1,18,22.25,0,0,21.0,0.8,98,15.7,1.0
2021-05-15 19:00:00,2021-05-15,5,1,19,19.75,0,0,19.9,0.6,98,15.7,1.0
2021-05-15 20:00:00,2021-05-15,5,1,20,19.75,0,0,19.4,0.5,98,15.7,1.0
2021-05-15 21:00:00,2021-05-15,5,1,21,23.0,0,0,19.3,1.2,98,15.7,1.0
2021-05-15 22:00:00,2021-05-15,5,1,22,20.5,0,0,19.1,0.1,98,15.7,1.0
2021-05-15 23:00:00,2021-05-15,5,1,23,20.0,0,0,19.3,0.8,98,15.7,1.0
2021-05-16 00:00:00,2021-05-16,5,1,0,20.0,0,0,19.3,0.1,98,15.7,0.25
2021-05-16 01:00:00,2021-05-16,5,1,1,22.5,0,0,19.5,0.7,98,0.0,0.25
2021-05-16 02:00:00,2021-05-16,5,1,2,20.0,0,0,21.0,2.4,98,0.0,0.25
2021-05-16 03:00:00,2021-05-16,5,1,3,20.0,0,0,20.9,0.9,98,3.5,0.25
2021-05-16 04:00:00,2021-05-16,5,1,4,22.25,0,0,21.1,0.5,98,4.7,0.25
2021-05-16 05:00:00,2021-05-16,5,1,5,20.0,0,0,21.3,1.4,98,5.5,0.25
2021-05-16 06:00:00,2021-05-16,5,1,6,20.0,0,0,20.7,0.9,98,5.5,0.25
2021-05-16 07:00:00,2021-05-16,5,1,7,20.25,0,0,20.5,1.0,98,5.5,0.25
2021-05-16 08:00:00,2021-05-16,5,1,8,20.75,0,0,21.6,2.1,98,5.5,0.25
2021-05-16 09:00:00,2021-05-16,5,1,9,20.0,0,0,21.9,1.1,98,5.5,0.25
2021-05-16 10:00:00,2021-05-16,5,1,10,20.75,0,0,22.4,2.1,98,5.5,0.25
2021-05-16 11:00:00,2021-05-16,5,1,11,21.0,0,0,23.3,3.5,92,5.5,0.25
2021-05-16 12:00:00,2021-05-16,5,1,12,20.0,0,0,23.7,4.4,90,5.5,0.25
2021-05-16 13:00:00,2021-05-16,5,1,13,20.0,0,0,22.4,2.3,98,11.5,0.25
2021-05-16 14:00:00,2021-05-16,5,1,14,22.25,0,0,20.7,1.2,98,11.8,0.25
2021-05-16 15:00:00,2021-05-16,5,1,15,20.0,0,0,21.9,1.2,98,12.3,0.25
2021-05-16 16:00:00,2021-05-16,5,1,16,20.0,0,0,20.1,2.2,98,12.6,0.25
2021-05-16 17:00:00,2021-05-16,5,1,17,22.75,0,0,18.7,1.5,98,15.4,0.25
2021-05-16 18:00:00,2021-05-16,5,1,18,19.25,0,0,18.0,1.7,98,16.6,0.25
2021-05-16 19:00:00,2021-05-16,5,1,19,19.5,0,0,16.7,1.6,98,17.2,0.25
2021-05-16 20:00:00,2021-05-16,5,1,20,20.75,0,0,15.3,1.9,98,18.5,0.25
2021-05-16 21:00:00,2021-05-16,5,1,21,21.25,0,0,14.4,1.4,98,21.4,0.25
2021-05-16 22:00:00,2021-05-16,5,1,22,20.0,0,0,14.2,1.1,98,21.8,0.25
2021-05-16 23:00:00,2021-05-16,5,1,23,20.5,0,0,14.1,1.1,98,22.1,0.25
2021-05-17 00:00:00,2021-05-17,5,0,0,22.0,0,0,13.8,1.0,98,22.1,1.0
2021-05-17 01:00:00,2021-05-17,5,0,1,20.0,0,0,13.4,1.4,98,0.0,1.0
2021-05-17 02:00:00,2021-05-17,5,0,2,20.0,0,0,13.3,0.9,98,0.1,1.0
2021-05-17 03:00:00,2021-05-17,5,0,3,21.75,0,0,13.5,1.4,98,0.2,1.0
2021-05-17 04:00:00,2021-05-17,5,0,4,20.0,0,0,13.4,1.4,98,0.3,1.0
2021-05-17 05:00:00,2021-05-17,5,0,5,19.75,0,0,13.6,0.3,98,0.5,1.0
2021-05-17 06:00:00,2021-05-17,5,0,6,21.5,0,0,13.4,1.0,98,1.2,1.0
2021-05-17 07:00:00,2021-05-17,5,0,7,50.0,24,1,13.7,0.8,98,1.3,1.0
2021-05-17 08:00:00,2021-05-17,5,0,8,173.5,468,1,14.5,0.8,98,1.3,1.0
2021-05-17 09:00:00,2021-05-17,5,0,9,160.25,1009,1,14.4,1.2,98,1.3,1.0
2021-05-17 10:00:00,2021-05-17,5,0,10,163.75,293,1,14.9,1.3,98,1.3,1.0
2021-05-17 11:00:00,2021-05-17,5,0,11,169.0,1178,1,15.6,0.6,97,1.3,1.0
2021-05-17 12:00:00,2021-05-17,5,0,12,103.75,311,1,15.5,1.2,98,1.4,1.0
2021-05-17 13:00:00,2021-05-17,5,0,13,170.25,1419,1,16.0,0.8,95,1.4,1.0
2021-05-17 14:00:00,2021-05-17,5,0,14,162.75,540,1,15.9,1.3,93,1.4,1.0
2021-05-17 15:00:00,2021-05-17,5,0,15,156.75,1302,1,15.8,1.6,90,1.4,1.0
2021-05-17 16:00:00,2021-05-17,5,0,16,160.75,1739,1,14.9,1.4,97,1.7,1.0
2021-05-17 17:00:00,2021-05-17,5,0,17,137.75,821,1,15.0,1.4,98,2.6,1.0
2021-05-17 18:00:00,2021-05-17,5,0,18,152.25,1592,1,14.7,1.1,98,2.6,1.0
2021-05-17 19:00:00,2021-05-17,5,0,19,128.0,2222,1,14.3,1.3,98,3.0,1.0
2021-05-17 20:00:00,2021-05-17,5,0,20,96.25,300,1,14.3,0.7,98,3.0,1.0
2021-05-17 21:00:00,2021-05-17,5,0,21,89.0,130,1,14.1,1.1,98,3.0,1.0
2021-05-17 22:00:00,2021-05-17,5,0,22,92.5,20,1,14.0,0.9,98,3.2,1.0
2021-05-17 23:00:00,2021-05-17,5,0,23,86.5,23,1,14.0,1.1,98,3.4,1.0
2021-05-18 00:00:00,2021-05-18,5,0,0,63.5,47,1,14.0,0.5,98,3.5,0.16666666666666666
2021-05-18 01:00:00,2021-05-18,5,0,1,92.75,554,1,14.1,0.5,98,0.0,0.16666666666666666
2021-05-18 02:00:00,2021-05-18,5,0,2,93.5,62,1,14.2,0.7,98,0.0,0.16666666666666666
2021-05-18 03:00:00,2021-05-18,5,0,3,87.75,5,1,14.0,1.0,98,0.1,0.16666666666666666
2021-05-18 04:00:00,2021-05-18,5,0,4,84.5,480,1,14.0,1.5,98,0.7,0.16666666666666666
2021-05-18 05:00:00,2021-05-18,5,0,5,80.5,2,1,13.9,1.4,98,0.8,0.16666666666666666
2021-05-18 06:00:00,2021-05-18,5,0,6,95.0,314,1,14.1,0.7,98,0.8,0.16666666666666666
2021-05-18 07:00:00,2021-05-18,5,0,7,114.5,1715,1,14.5,0.7,98,0.8,0.16666666666666666
2021-05-18 08:00:00,2021-05-18,5,0,8,169.5,1000,1,15.0,0.7,98,0.8,0.16666666666666666
2021-05-18 09:00:00,2021-05-18,5,0,9,170.5,598,1,15.4,1.1,98,0.9,0.16666666666666666
2021-05-18 10:00:00,2021-05-18,5,0,10,159.25,1594,1,16.0,1.0,98,1.0,0.16666666666666666
2021-05-18 11:00:00,2021-05-18,5,0,11,167.0,759,1,16.8,1.1,98,1.2,0.16666666666666666
2021-05-18 12:00:00,2021-05-18,5,0,12,98.75,204,1,17.4,1.5,95,1.2,0.16666666666666666
2021-05-18 13:00:00,2021-05-18,5,0,13,176.5,996,1,17.4,2.5,94,1.2,0.16666666666666666
2021-05-18 14:00:00,2021-05-18,5,0,14,166.75,1514,1,17.6,1.5,92,1.2,0.16666666666666666
2021-05-18 15:00:00,2021-05-18,5,0,15,162.25,6557,1,17.5,0.6,91,1.2,0.16666666666666666
2021-05-18 16:00:00,2021-05-18,5,0,16,153.5,1196,1,17.4,1.2,98,1.3,0.16666666666666666
2021-05-18 17:00:00,2021-05-18,5,0,17,117.75,1414,1,18.3,1.7,90,1.3,0.16666666666666666
2021-05-18 18:00:00,2021-05-18,5,0,18,145.5,1570,1,17.7,1.7,91,1.3,0.16666666666666666
2021-05-18 19:00:00,2021-05-18,5,0,19,144.0,2648,1,17.2,1.3,94,1.3,0.16666666666666666
2021-05-18 20:00:00,2021-05-18,5,0,20,115.0,11,1,17.1,1.3,97,1.3,0.16666666666666666
2021-05-18 21:00:00,2021-05-18,5,0,21,112.25,140,1,16.3,0.6,98,1.3,0.16666666666666666
2021-05-18 22:00:00,2021-05-18,5,0,22,99.75,5,1,16.1,0.9,98,1.3,0.16666666666666666
2021-05-18 23:00:00,2021-05-18,5,0,23,93.25,26,1,15.6,0.7,98,1.3,0.16666666666666666
2021-05-19 00:00:00,2021-05-19,5,0,0,62.0,0,0,15.2,0.5,98,1.3,1.0
2021-05-19 01:00:00,2021-05-19,5,0,1,88.5,955,1,15.1,1.5,98,0.0,1.0
2021-05-19 02:00:00,2021-05-19,5,0,2,96.5,24,1,15.2,1.6,98,0.0,1.0
2021-05-19 03:00:00,2021-05-19,5,0,3,95.5,200,1,15.1,1.9,98,0.0,1.0
2021-05-19 04:00:00,2021-05-19,5,0,4,93.75,30,1,15.0,1.2,98,0.0,1.0
2021-05-19 05:00:00,2021-05-19,5,0,5,78.75,150,1,15.5,1.0,98,0.0,1.0
2021-05-19 06:00:00,2021-05-19,5,0,6,94.5,10,1,15.9,2.2,98,0.0,1.0
2021-05-19 07:00:00,2021-05-19,5,0,7,53.5,780,1,17.5,1.8,95,0.0,1.0
2021-05-19 08:00:00,2021-05-19,5,0,8,20.75,841,1,19.4,1.6,78,0.0,1.0
2021-05-19 09:00:00,2021-05-19,5,0,9,23.0,0,0,20.5,3.0,68,0.0,1.0
2021-05-19 10:00:00,2021-05-19,5,0,10,21.0,0,0,23.2,1.9,58,0.0,1.0
2021-05-19 11:00:00,2021-05-19,5,0,11,21.0,0,0,24.1,1.9,48,0.0,1.0
2021-05-19 12:00:00,2021-05-19,5,0,12,22.0,0,0,25.7,1.3,45,0.0,1.0
2021-05-19 13:00:00,2021-05-19,5,0,13,21.25,0,0,24.9,1.7,54,0.0,1.0
2021-05-19 14:00:00,2021-05-19,5,0,14,20.0,0,0,25.1,2.0,49,0.0,1.0
2021-05-19 15:00:00,2021-05-19,5,0,15,20.0,0,0,25.3,1.7,47,0.0,1.0
2021-05-19 16:00:00,2021-05-19,5,0,16,22.75,0,0,25.1,1.4,47,0.0,1.0
2021-05-19 17:00:00,2021-05-19,5,0,17,20.5,0,0,24.2,1.0,49,0.0,1.0
2021-05-19 18:00:00,2021-05-19,5,0,18,20.75,0,0,23.4,1.3,56,0.0,1.0
2021-05-19 19:00:00,2021-05-19,5,0,19,22.75,0,0,21.5,1.5,55,0.0,1.0
2021-05-19 20:00:00,2021-05-19,5,0,20,20.5,0,0,19.6,0.6,71,0.0,1.0
2021-05-19 21:00:00,2021-05-19,5,0,21,21.75,0,0,18.8,1.0,74,0.0,1.0
2021-05-19 22:00:00,2021-05-19,5,0,22,23.25,0,0,18.2,0.4,75,0.0,1.0
2021-05-19 23:00:00,2021-05-19,5,0,23,20.5,0,0,17.8,0.3,77,0.0,1.0
2021-05-20 00:00:00,2021-05-20,5,0,0,20.0,0,0,17.9,0.9,77,0.0,1.0
2021-05-20 01:00:00,2021-05-20,5,0,1,20.5,0,0,17.5,0.7,86,0.0,1.0
2021-05-20 02:00:00,2021-05-20,5,0,2,21.75,0,0,17.4,1.4,80,0.0,1.0
2021-05-20 03:00:00,2021-05-20,5,0,3,20.0,0,0,16.7,0.4,80,0.0,1.0
2021-05-20 04:00:00,2021-05-20,5,0,4,20.0,0,0,17.0,0.8,78,0.0,1.0
2021-05-20 05:00:00,2021-05-20,5,0,5,23.0,0,0,16.5,1.2,90,0.0,1.0
2021-05-20 06:00:00,2021-05-20,5,0,6,20.25,0,0,16.4,0.6,89,0.0,1.0
2021-05-20 07:00:00,2021-05-20,5,0,7,64.25,0,0,17.6,0.4,88,0.0,1.0
2021-05-20 08:00:00,2021-05-20,5,0,8,170.0,174,1,17.8,1.3,90,0.0,1.0
2021-05-20 09:00:00,2021-05-20,5,0,9,161.5,1145,1,17.1,0.8,95,1.4,1.0
2021-05-20 10:00:00,2021-05-20,5,0,10,156.5,631,1,17.2,1.9,98,2.8,1.0
2021-05-20 11:00:00,2021-05-20,5,0,11,171.75,1881,1,16.9,2.0,98,5.3,1.0
2021-05-20 12:00:00,2021-05-20,5,0,12,105.5,124,1,16.6,2.6,98,8.4,1.0
2021-05-20 13:00:00,2021-05-20,5,0,13,165.75,1467,1,16.5,2.1,98,15.1,1.0
2021-05-20 14:00:00,2021-05-20,5,0,14,163.25,1175,1,16.0,2.9,97,15.4,1.0
2021-05-20 15:00:00,2021-05-20,5,0,15,149.5,809,1,15.6,3.2,97,15.6,1.0
2021-05-20 16:00:00,2021-05-20,5,0,16,152.25,2581,1,15.5,2.7,98,15.9,1.0
2021-05-20 17:00:00,2021-05-20,5,0,17,100.5,977,1,15.9,2.1,98,16.1,1.0
2021-05-20 18:00:00,2021-05-20,5,0,18,106.0,2010,1,16.2,2.0,98,16.3,1.0
2021-05-20 19:00:00,2021-05-20,5,0,19,108.75,2901,1,16.2,1.2,98,16.3,1.0
2021-05-20 20:00:00,2021-05-20,5,0,20,109.5,3,1,15.8,1.7,98,16.3,1.0
2021-05-20 21:00:00,2021-05-20,5,0,21,103.0,2,1,15.5,1.3,98,16.3,1.0
2021-05-20 22:00:00,2021-05-20,5,0,22,100.5,10,1,15.0,0.9,98,16.3,1.0
2021-05-20 23:00:00,2021-05-20,5,0,23,92.75,0,0,14.9,0.7,98,16.5,1.0
2021-05-21 00:00:00,2021-05-21,5,0,0,60.5,820,1,14.7,0.6,98,16.7,1.0
2021-05-21 01:00:00,2021-05-21,5,0,1,94.0,219,1,14.7,0.8,98,0.0,1.0
2021-05-21 02:00:00,2021-05-21,5,0,2,106.5,498,1,14.7,0.7,98,0.0,1.0
2021-05-21 03:00:00,2021-05-21,5,0,3,97.75,393,1,14.9,0.1,98,0.1,1.0
2021-05-21 04:00:00,2021-05-21,5,0,4,94.75,31,1,14.6,0.8,98,0.1,1.0
2021-05-21 05:00:00,2021-05-21,5,0,5,82.0,344,1,14.7,1.4,98,0.1,1.0
2021-05-21 06:00:00,2021-05-21,5,0,6,101.75,40,1,14.8,1.1,98,0.1,1.0
2021-05-21 07:00:00,2021-05-21,5,0,7,121.0,1028,1,16.2,0.6,98,0.1,1.0
2021-05-21 08:00:00,2021-05-21,5,0,8,153.25,935,1,17.9,1.2,88,0.1,1.0
2021-05-21 09:00:00,2021-05-21,5,0,9,143.75,1816,1,18.4,2.9,74,0.1,1.0
2021-05-21 10:00:00,2021-05-21,5,0,10,139.5,1580,1,20.2,3.0,64,0.1,1.0
2021-05-21 11:00:00,2021-05-21,5,0,11,155.5,1787,1,20.6,2.4,63,0.1,1.0
2021-05-21 12:00:00,2021-05-21,5,0,12,92.5,4406,1,20.2,2.2,63,0.1,1.0
2021-05-21 13:00:00,2021-05-21,5,0,13,148.5,1126,1,20.9,2.7,58,0.1,1.0
2021-05-21 14:00:00,2021-05-21,5,0,14,152.5,1679,1,20.3,2.6,61,0.1,1.0
2021-05-21 15:00:00,2021-05-21,5,0,15,132.25,1636,1,20.5,1.3,63,0.1,1.0
2021-05-21 16:00:00,2021-05-21,5,0,16,143.75,2311,1,17.2,2.2,88,0.1,1.0
2021-05-21 17:00:00,2021-05-21,5,0,17,120.5,205,1,17.7,0.6,88,0.1,1.0
2021-05-21 18:00:00,2021-05-21,5,0,18,131.5,775,1,17.8,2.0,74,0.1,1.0
2021-05-21 19:00:00,2021-05-21,5,0,19,123.75,2344,1,17.5,1.5,74,0.1,1.0
2021-05-21 20:00:00,2021-05-21,5,0,20,103.25,0,0,16.3,1.6,86,0.1,1.0
2021-05-21 21:00:00,2021-05-21,5,0,21,105.25,117,1,16.3,1.3,86,0.1,1.0
2021-05-21 22:00:00,2021-05-21,5,0,22,101.0,0,0,15.4,0.4,95,0.2,1.0
2021-05-21 23:00:00,2021-05-21,5,0,23,93.0,426,1,15.1,1.1,98,0.3,1.0
2021-05-22 00:00:00,2021-05-22,5,1,0,58.5,0,0,15.5,1.3,98,0.0,0.5
2021-05-22 01:00:00,2021-05-22,5,1,1,100.75,0,0,15.1,1.5,98,0.0,0.5
2021-05-22 02:00:00,2021-05-22,5,1,2,95.5,9,1,15.0,1.1,98,0.0,0.5
2021-05-22 03:00:00,2021-05-22,5,1,3,98.5,510,1,14.5,1.5,93,0.0,0.5
2021-05-22 04:00:00,2021-05-22,5,1,4,101.25,38,1,13.3,0.2,96,0.0,0.5
2021-05-22 05:00:00,2021-05-22,5,1,5,84.0,0,0,14.4,2.7,93,0.0,0.5
2021-05-22 06:00:00,2021-05-22,5,1,6,102.0,530,1,15.8,2.3,83,0.0,0.5
2021-05-22 07:00:00,2021-05-22,5,1,7,56.25,1456,1,17.5,2.3,74,0.0,0.5
2021-05-22 08:00:00,2021-05-22,5,1,8,20.25,0,0,19.2,1.4,66,0.0,0.5
2021-05-22 09:00:00,2021-05-22,5,1,9,20.25,0,0,20.3,3.5,59,0.0,0.5
2021-05-22 10:00:00,2021-05-22,5,1,10,22.75,0,0,22.1,2.3,58,0.0,0.5
2021-05-22 11:00:00,2021-05-22,5,1,11,21.0,0,0,23.2,1.7,50,0.0,0.5
2021-05-22 12:00:00,2021-05-22,5,1,12,20.25,0,0,23.1,1.9,54,0.0,0.5
2021-05-22 13:00:00,2021-05-22,5,1,13,22.0,0,0,22.9,2.3,54,0.0,0.5
2021-05-22 14:00:00,2021-05-22,5,1,14,20.75,0,0,22.8,1.9,59,0.0,0.5
2021-05-22 15:00:00,2021-05-22,5,1,15,20.0,0,0,21.8,2.5,63,0.0,0.5
2021-05-22 16:00:00,2021-05-22,5,1,16,21.0,0,0,22.3,1.8,60,0.0,0.5
2021-05-22 17:00:00,2021-05-22,5,1,17,21.75,0,0,21.9,1.1,65,0.0,0.5
2021-05-22 18:00:00,2021-05-22,5,1,18,20.0,0,0,20.3,0.4,72,0.0,0.5
2021-05-22 19:00:00,2021-05-22,5,1,19,20.0,0,0,19.3,0.1,81,0.0,0.5
2021-05-22 20:00:00,2021-05-22,5,1,20,22.5,0,0,21.9,1.5,64,0.0,0.5
2021-05-22 21:00:00,2021-05-22,5,1,21,20.5,0,0,20.5,1.5,73,0.0,0.5
2021-05-22 22:00:00,2021-05-22,5,1,22,20.0,0,0,20.7,2.2,72,0.0,0.5
2021-05-22 23:00:00,2021-05-22,5,1,23,22.5,0,0,19.6,2.4,76,0.0,0.5
2021-05-23 00:00:00,2021-05-23,5,1,0,21.0,0,0,19.0,1.5,77,0.0,1.0
2021-05-23 01:00:00,2021-05-23,5,1,1,20.75,0,0,18.4,2.3,79,0.0,1.0
2021-05-23 02:00:00,2021-05-23,5,1,2,22.5,0,0,18.6,2.2,75,0.0,1.0
2021-05-23 03:00:00,2021-05-23,5,1,3,21.25,0,0,18.1,1.6,74,0.0,1.0
2021-05-23 04:00:00,2021-05-23,5,1,4,21.0,0,0,17.2,1.5,76,0.0,1.0
2021-05-23 05:00:00,2021-05-23,5,1,5,21.75,0,0,17.9,2.0,75,0.0,1.0
2021-05-23 06:00:00,2021-05-23,5,1,6,22.25,0,0,19.4,2.4,70,0.0,1.0
2021-05-23 07:00:00,2021-05-23,5,1,7,20.25,0,0,21.0,1.9,63,0.0,1.0
2021-05-23 08:00:00,2021-05-23,5,1,8,20.25,0,0,23.4,1.5,58,0.0,1.0
2021-05-23 09:00:00,2021-05-23,5,1,9,22.5,0,0,25.0,1.4,54,0.0,1.0
2021-05-23 10:00:00,2021-05-23,5,1,10,20.0,0,0,25.8,1.5,53,0.0,1.0
2021-05-23 11:00:00,2021-05-23,5,1,11,20.5,0,0,27.6,1.6,45,0.0,1.0
2021-05-23 12:00:00,2021-05-23,5,1,12,23.0,0,0,26.6,1.6,50,0.0,1.0
2021-05-23 13:00:00,2021-05-23,5,1,13,20.75,0,0,27.3,1.4,51,0.0,1.0
2021-05-23 14:00:00,2021-05-23,5,1,14,20.25,0,0,29.0,2.1,35,0.0,1.0
2021-05-23 15:00:00,2021-05-23,5,1,15,21.25,0,0,29.0,3.2,29,0.0,1.0
2021-05-23 16:00:00,2021-05-23,5,1,16,22.0,0,0,28.0,3.3,31,0.0,1.0
2021-05-23 17:00:00,2021-05-23,5,1,17,20.0,0,0,27.0,3.1,37,0.0,1.0
2021-05-23 18:00:00,2021-05-23,5,1,18,21.0,0,0,26.1,2.5,45,0.0,1.0
2021-05-23 19:00:00,2021-05-23,5,1,19,21.5,0,0,24.7,1.1,54,0.0,1.0
2021-05-23 20:00:00,2021-05-23,5,1,20,20.0,0,0,23.2,0.6,64,0.0,1.0
2021-05-23 21:00:00,2021-05-23,5,1,21,20.75,0,0,23.0,1.2,62,0.0,1.0
2021-05-23 22:00:00,2021-05-23,5,1,22,22.75,0,0,23.3,2.1,57,0.0,1.0
2021-05-23 23:00:00,2021-05-23,5,1,23,20.5,0,0,22.5,2.1,57,0.0,1.0
2021-05-24 00:00:00,2021-05-24,5,0,0,20.25,0,0,22.3,1.0,52,0.0,0.3333333333333333
2021-05-24 01:00:00,2021-05-24,5,0,1,22.5,0,0,21.6,1.2,55,0.0,0.3333333333333333
2021-05-24 02:00:00,2021-05-24,5,0,2,20.25,0,0,20.4,0.6,67,0.0,0.3333333333333333
2021-05-24 03:00:00,2021-05-24,5,0,3,20.25,0,0,19.6,0.4,79,0.0,0.3333333333333333
2021-05-24 04:00:00,2021-05-24,5,0,4,22.75,0,0,19.9,0.8,74,0.0,0.3333333333333333
2021-05-24 05:00:00,2021-05-24,5,0,5,20.0,0,0,20.7,1.3,62,0.0,0.3333333333333333
2021-05-24 06:00:00,2021-05-24,5,0,6,20.0,0,0,19.3,0.3,77,0.0,0.3333333333333333
2021-05-24 07:00:00,2021-05-24,5,0,7,54.0,0,0,18.3,1.2,86,0.3,0.3333333333333333
2021-05-24 08:00:00,2021-05-24,5,0,8,160.25,321,1,18.1,1.3,87,0.7,0.3333333333333333
2021-05-24 09:00:00,2021-05-24,5,0,9,162.75,751,1,18.0,1.1,91,0.9,0.3333333333333333
2021-05-24 10:00:00,2021-05-24,5,0,10,154.5,290,1,18.5,0.3,86,0.9,0.3333333333333333
2021-05-24 11:00:00,2021-05-24,5,0,11,164.25,2479,1,19.3,1.4,83,0.9,0.3333333333333333
2021-05-24 12:00:00,2021-05-24,5,0,12,103.75,98,1,21.1,1.1,67,0.9,0.3333333333333333
2021-05-24 13:00:00,2021-05-24,5,0,13,154.5,1982,1,23.4,1.7,60,0.9,0.3333333333333333
2021-05-24 14:00:00,2021-05-24,5,0,14,159.0,1083,1,22.4,2.8,59,0.9,0.3333333333333333
2021-05-24 15:00:00,2021-05-24,5,0,15,154.0,1428,1,21.6,2.7,65,0.9,0.3333333333333333
2021-05-24 16:00:00,2021-05-24,5,0,16,146.75,970,1,20.8,1.8,72,0.9,0.3333333333333333
2021-05-24 17:00:00,2021-05-24,5,0,17,128.75,1942,1,19.3,1.3,75,0.9,0.3333333333333333
2021-05-24 18:00:00,2021-05-24,5,0,18,146.75,1279,1,19.0,0.8,82,0.9,0.3333333333333333
2021-05-24 19:00:00,2021-05-24,5,0,19,130.25,3527,1,17.9,0.9,88,0.9,0.3333333333333333
2021-05-24 20:00:00,2021-05-24,5,0,20,106.0,1,1,18.1,1.5,85,0.9,0.3333333333333333
2021-05-24 21:00:00,2021-05-24,5,0,21,106.25,384,1,18.9,2.5,78,0.9,0.3333333333333333
2021-05-24 22:00:00,2021-05-24,5,0,22,104.5,50,1,18.9,2.6,62,0.9,0.3333333333333333
2021-05-24 23:00:00,2021-05-24,5,0,23,98.0,0,0,18.3,2.7,48,0.9,0.3333333333333333
2021-05-25 00:00:00,2021-05-25,5,0,0,58.25,636,1,18.7,2.3,39,0.0,0.2
2021-05-25 01:00:00,2021-05-25,5,0,1,99.0,258,1,18.3,2.3,34,0.0,0.2
2021-05-25 02:00:00,2021-05-25,5,0,2,101.0,206,1,18.0,2.0,36,0.0,0.2
2021-05-25 03:00:00,2021-05-25,5,0,3,97.75,112,1,17.5,2.2,39,0.0,0.2
2021-05-25 04:00:00,2021-05-25,5,0,4,103.75,133,1,13.9,0.3,58,0.0,0.2
2021-05-25 05:00:00,2021-05-25,5,0,5,89.0,0,0,14.8,0.8,58,0.0,0.2
2021-05-25 06:00:00,2021-05-25,5,0,6,106.25,281,1,15.0,0.9,64,0.0,0.2
2021-05-25 07:00:00,2021-05-25,5,0,7,122.25,1788,1,16.1,1.2,66,0.0,0.2
2021-05-25 08:00:00,2021-05-25,5,0,8,163.25,531,1,17.3,0.6,60,0.0,0.2
2021-05-25 09:00:00,2021-05-25,5,0,9,152.5,696,1,19.7,1.3,55,0.0,0.2
2021-05-25 10:00:00,2021-05-25,5,0,10,160.5,272,1,20.8,4.4,39,0.3,0.2
2021-05-25 11:00:00,2021-05-25,5,0,11,156.0,1617,1,22.9,4.3,44,0.3,0.2
2021-05-25 12:00:00,2021-05-25,5,0,12,91.5,34,1,23.4,4.3,39,0.0,0.2
2021-05-25 13:00:00,2021-05-25,5,0,13,150.75,1870,1,23.9,3.9,33,0.0,0.2
2021-05-25 14:00:00,2021-05-25,5,0,14,161.0,986,1,23.2,4.3,34,0.0,0.2
2021-05-25 15:00:00,2021-05-25,5,0,15,147.75,1093,1,23.8,4.2,30,0.0,0.2
2021-05-25 16:00:00,2021-05-25,5,0,16,151.0,3956,1,23.3,3.4,26,0.0,0.2
2021-05-25 17:00:00,2021-05-25,5,0,17,111.5,608,1,22.7,3.1,25,0.0,0.2
2021-05-25 18:00:00,2021-05-25,5,0,18,140.5,1607,1,20.6,1.4,29,0.0,0.2
2021-05-25 19:00:00,2021-05-25,5,0,19,130.25,4666,1,19.1,2.2,30,0.0,0.2
2021-05-25 20:00:00,2021-05-25,5,0,20,119.25,21,1,17.3,2.1,36,0.0,0.2
2021-05-25 21:00:00,2021-05-25,5,0,21,119.0,227,1,16.0,1.3,38,0.0,0.2
2021-05-25 22:00:00,2021-05-25,5,0,22,106.0,271,1,14.6,1.3,42,0.0,0.2
2021-05-25 23:00:00,2021-05-25,5,0,23,100.25,152,1,15.4,2.4,41,0.0,0.2
2021-05-26 00:00:00,2021-05-26,5,0,0,58.25,140,1,14.8,1.9,41,0.0,1.0
2021-05-26 01:00:00,2021-05-26,5,0,1,98.0,159,1,13.1,1.2,51,0.0,1.0
2021-05-26 02:00:00,2021-05-26,5,0,2,101.25,268,1,12.3,0.6,61,0.0,1.0
2021-05-26 03:00:00,2021-05-26,5,0,3,102.5,228,1,13.2,0.9,50,0.0,1.0
2021-05-26 04:00:00,2021-05-26,5,0,4,99.5,78,1,13.5,1.3,47,0.0,1.0
2021-05-26 05:00:00,2021-05-26,5,0,5,93.75,123,1,13.2,0.2,53,0.0,1.0
2021-05-26 06:00:00,2021-05-26,5,0,6,100.25,554,1,13.9,0.9,54,0.0,1.0
2021-05-26 07:00:00,2021-05-26,5,0,7,120.5,1505,1,14.8,3.1,51,0.0,1.0
2021-05-26 08:00:00,2021-05-26,5,0,8,155.0,1027,1,17.3,1.1,53,0.0,1.0
2021-05-26 09:00:00,2021-05-26,5,0,9,153.5,824,1,19.2,1.6,37,0.0,1.0
2021-05-26 10:00:00,2021-05-26,5,0,10,146.5,2179,1,21.2,1.3,34,0.0,1.0
2021-05-26 11:00:00,2021-05-26,5,0,11,156.5,608,1,22.1,2.1,33,0.0,1.0
2021-05-26 12:00:00,2021-05-26,5,0,12,90.75,12,1,22.6,2.2,39,0.0,1.0
2021-05-26 13:00:00,2021-05-26,5,0,13,156.5,2094,1,23.2,1.8,43,0.0,1.0
2021-05-26 14:00:00,2021-05-26,5,0,14,157.0,2331,1,23.1,2.6,39,0.0,1.0
2021-05-26 15:00:00,2021-05-26,5,0,15,144.5,1622,1,22.4,3.5,30,0.0,1.0
2021-05-26 16:00:00,2021-05-26,5,0,16,136.75,1630,1,22.0,3.3,27,0.0,1.0
2021-05-26 17:00:00,2021-05-26,5,0,17,116.75,135,1,21.6,2.9,28,0.0,1.0
2021-05-26 18:00:00,2021-05-26,5,0,18,133.0,1712,1,20.8,4.4,29,0.0,1.0
2021-05-26 19:00:00,2021-05-26,5,0,19,130.75,2100,1,20.0,4.0,29,0.0,1.0
2021-05-26 20:00:00,2021-05-26,5,0,20,115.0,8,1,19.6,2.9,42,0.0,1.0
2021-05-26 21:00:00,2021-05-26,5,0,21,104.0,226,1,19.3,3.4,52,0.0,1.0
2021-05-26 22:00:00,2021-05-26,5,0,22,96.75,381,1,18.5,3.5,66,0.0,1.0
2021-05-26 23:00:00,2021-05-26,5,0,23,97.75,0,0,16.8,3.8,71,0.0,1.0
2021-05-27 00:00:00,2021-05-27,5,0,0,61.5,209,1,16.6,3.5,72,0.0,0.3333333333333333
2021-05-27 01:00:00,2021-05-27,5,0,1,95.25,119,1,15.9,3.3,80,0.0,0.3333333333333333
2021-05-27 02:00:00,2021-05-27,5,0,2,100.5,142,1,15.7,2.8,82,0.0,0.3333333333333333
2021-05-27 03:00:00,2021-05-27,5,0,3,94.0,213,1,15.3,2.5,85,0.0,0.3333333333333333
2021-05-27 04:00:00,2021-05-27,5,0,4,99.0,176,1,15.0,1.2,90,0.0,0.3333333333333333
2021-05-27 05:00:00,2021-05-27,5,0,5,85.75,116,1,15.0,0.9,91,0.0,0.3333333333333333
2021-05-27 06:00:00,2021-05-27,5,0,6,95.5,357,1,15.2,0.3,90,0.0,0.3333333333333333
2021-05-27 07:00:00,2021-05-27,5,0,7,126.0,2019,1,15.9,0.6,87,0.0,0.3333333333333333
2021-05-27 08:00:00,2021-05-27,5,0,8,152.0,427,1,16.4,1.5,85,0.0,0.3333333333333333
2021-05-27 09:00:00,2021-05-27,5,0,9,163.5,2079,1,17.6,1.5,83,0.0,0.3333333333333333
2021-05-27 10:00:00,2021-05-27,5,0,10,148.0,4955,1,18.7,3.3,74,0.0,0.3333333333333333
2021-05-27 11:00:00,2021-05-27,5,0,11,164.5,1339,1,21.1,3.4,68,0.0,0.3333333333333333
2021-05-27 12:00:00,2021-05-27,5,0,12,89.75,156,1,20.8,4.0,67,0.0,0.3333333333333333
2021-05-27 13:00:00,2021-05-27,5,0,13,163.5,811,1,22.1,4.5,59,0.0,0.3333333333333333
2021-05-27 14:00:00,2021-05-27,5,0,14,152.0,2083,1,23.4,3.8,55,0.0,0.3333333333333333
2021-05-27 15:00:00,2021-05-27,5,0,15,143.75,906,1,23.8,4.1,52,0.0,0.3333333333333333
2021-05-27 16:00:00,2021-05-27,5,0,16,143.75,1851,1,23.7,4.1,51,0.0,0.3333333333333333
2021-05-27 17:00:00,2021-05-27,5,0,17,113.75,113,1,24.0,2.5,49,0.0,0.3333333333333333
2021-05-27 18:00:00,2021-05-27,5,0,18,124.0,1428,1,22.7,2.0,50,0.0,0.3333333333333333
2021-05-27 19:00:00,2021-05-27,5,0,19,99.0,374,1,20.8,1.8,57,0.0,0.3333333333333333
2021-05-27 20:00:00,2021-05-27,5,0,20,118.25,0,0,20.0,1.1,57,0.0,0.3333333333333333
2021-05-27 21:00:00,2021-05-27,5,0,21,113.0,30,1,18.8,1.7,63,0.0,0.3333333333333333
2021-05-27 22:00:00,2021-05-27,5,0,22,101.5,81,1,18.2,1.6,59,0.0,0.3333333333333333
2021-05-27 23:00:00,2021-05-27,5,0,23,97.25,633,1,17.1,1.5,63,0.0,0.3333333333333333
2021-05-28 00:00:00,2021-05-28,5,0,0,60.5,160,1,15.3,0.6,69,0.0,0.3333333333333333
2021-05-28 01:00:00,2021-05-28,5,0,1,99.75,108,1,14.1,1.0,73,0.0,0.3333333333333333
2021-05-28 02:00:00,2021-05-28,5,0,2,101.75,220,1,13.5,1.0,77,0.0,0.3333333333333333
2021-05-28 03:00:00,2021-05-28,5,0,3,98.5,93,1,13.2,0.8,77,0.0,0.3333333333333333
2021-05-28 04:00:00,2021-05-28,5,0,4,104.5,128,1,13.2,1.6,78,0.0,0.3333333333333333
2021-05-28 05:00:00,2021-05-28,5,0,5,91.5,27,1,14.2,1.5,77,0.0,0.3333333333333333
2021-05-28 06:00:00,2021-05-28,5,0,6,108.75,51,1,16.2,0.8,73,0.0,0.3333333333333333
2021-05-28 07:00:00,2021-05-28,5,0,7,115.0,2813,1,17.9,1.4,58,0.0,0.3333333333333333
2021-05-28 08:00:00,2021-05-28,5,0,8,164.0,100,1,20.8,2.0,50,0.0,0.3333333333333333
2021-05-28 09:00:00,2021-05-28,5,0,9,159.5,1462,1,23.6,4.6,35,0.0,0.3333333333333333
2021-05-28 10:00:00,2021-05-28,5,0,10,150.75,661,1,23.9,6.4,41,0.0,0.3333333333333333
2021-05-28 11:00:00,2021-05-28,5,0,11,167.25,1637,1,24.0,6.1,50,0.0,0.3333333333333333
2021-05-28 12:00:00,2021-05-28,5,0,12,97.75,498,1,25.5,4.2,50,0.0,0.3333333333333333
2021-05-28 13:00:00,2021-05-28,5,0,13,162.25,912,1,25.1,5.5,47,0.0,0.3333333333333333
2021-05-28 14:00:00,2021-05-28,5,0,14,150.75,170,1,23.2,5.4,58,0.0,0.3333333333333333
2021-05-28 15:00:00,2021-05-28,5,0,15,140.0,1078,1,14.4,3.7,84,3.6,0.3333333333333333
2021-05-28 16:00:00,2021-05-28,5,0,16,136.5,5505,1,13.6,1.0,98,28.9,0.3333333333333333
2021-05-28 17:00:00,2021-05-28,5,0,17,125.0,300,1,15.2,1.6,98,31.2,0.3333333333333333
2021-05-28 18:00:00,2021-05-28,5,0,18,148.0,1060,1,15.1,0.9,98,31.2,0.3333333333333333
2021-05-28 19:00:00,2021-05-28,5,0,19,116.75,1090,1,14.7,1.0,98,31.2,0.3333333333333333
2021-05-28 20:00:00,2021-05-28,5,0,20,105.0,80,1,14.7,1.4,98,31.2,0.3333333333333333
2021-05-28 21:00:00,2021-05-28,5,0,21,111.25,61,1,14.4,0.4,98,31.2,0.3333333333333333
2021-05-28 22:00:00,2021-05-28,5,0,22,102.75,617,1,13.9,0.1,98,31.2,0.3333333333333333
2021-05-28 23:00:00,2021-05-28,5,0,23,94.5,42,1,14.2,0.1,98,31.2,0.3333333333333333
2021-05-29 00:00:00,2021-05-29,5,1,0,61.25,32,1,13.2,0.7,98,0.0,1.0
2021-05-29 01:00:00,2021-05-29,5,1,1,98.75,578,1,13.4,1.5,98,0.0,1.0
2021-05-29 02:00:00,2021-05-29,5,1,2,95.0,111,1,13.1,0.1,98,0.0,1.0
2021-05-29 03:00:00,2021-05-29,5,1,3,95.5,216,1,13.4,1.0,98,0.0,1.0
2021-05-29 04:00:00,2021-05-29,5,1,4,101.5,230,1,12.1,0.0,98,0.0,1.0
2021-05-29 05:00:00,2021-05-29,5,1,5,88.0,6,1,13.0,0.7,98,0.0,1.0
2021-05-29 06:00:00,2021-05-29,5,1,6,99.5,368,1,15.1,0.7,95,0.0,1.0
2021-05-29 07:00:00,2021-05-29,5,1,7,64.5,1530,1,17.5,1.4,66,0.0,1.0
2021-05-29 08:00:00,2021-05-29,5,1,8,23.25,0,0,18.4,1.8,62,0.0,1.0
2021-05-29 09:00:00,2021-05-29,5,1,9,21.0,0,0,20.4,2.7,50,0.0,1.0
2021-05-29 10:00:00,2021-05-29,5,1,10,21.0,0,0,21.5,3.8,46,0.0,1.0
2021-05-29 11:00:00,2021-05-29,5,1,11,23.25,0,0,23.1,3.1,42,0.0,1.0
2021-05-29 12:00:00,2021-05-29,5,1,12,21.0,0,0,23.9,2.0,38,0.0,1.0
2021-05-29 13:00:00,2021-05-29,5,1,13,20.5,0,0,25.1,2.6,34,0.0,1.0
2021-05-29 14:00:00,2021-05-29,5,1,14,22.5,0,0,25.5,3.6,32,0.0,1.0
2021-05-29 15:00:00,2021-05-29,5,1,15,21.5,0,0,24.9,2.8,32,0.0,1.0
2021-05-29 16:00:00,2021-05-29,5,1,16,20.5,0,0,24.0,1.2,46,0.0,1.0
2021-05-29 17:00:00,2021-05-29,5,1,17,21.75,0,0,22.6,0.7,48,0.0,1.0
2021-05-29 18:00:00,2021-05-29,5,1,18,22.75,0,0,21.8,1.2,56,0.0,1.0
2021-05-29 19:00:00,2021-05-29,5,1,19,21.0,0,0,21.6,2.2,55,0.0,1.0
2021-05-29 20:00:00,2021-05-29,5,1,20,21.0,0,0,20.8,1.8,56,0.0,1.0
2021-05-29 21:00:00,2021-05-29,5,1,21,23.25,0,0,19.7,1.8,61,0.0,1.0
2021-05-29 22:00:00,2021-05-29,5,1,22,21.25,0,0,19.0,2.0,64,0.0,1.0
2021-05-29 23:00:00,2021-05-29,5,1,23,21.0,0,0,17.6,1.9,72,0.0,1.0
2021-05-30 00:00:00,2021-05-30,5,1,0,24.0,0,0,16.9,1.8,74,0.0,0.06666666666666667
2021-05-30 01:00:00,2021-05-30,5,1,1,21.25,0,0,16.0,1.4,77,0.0,0.06666666666666667
2021-05-30 02:00:00,2021-05-30,5,1,2,21.25,0,0,16.4,1.3,73,0.0,0.06666666666666667
2021-05-30 03:00:00,2021-05-30,5,1,3,22.5,0,0,15.8,1.6,75,0.0,0.06666666666666667
2021-05-30 04:00:00,2021-05-30,5,1,4,23.25,0,0,15.2,1.6,77,0.0,0.06666666666666667
2021-05-30 05:00:00,2021-05-30,5,1,5,21.25,0,0,15.7,1.5,79,0.0,0.06666666666666667
2021-05-30 06:00:00,2021-05-30,5,1,6,21.25,0,0,17.3,0.4,75,0.0,0.06666666666666667
2021-05-30 07:00:00,2021-05-30,5,1,7,23.75,0,0,19.2,1.4,63,0.0,0.06666666666666667
2021-05-30 08:00:00,2021-05-30,5,1,8,21.0,0,0,21.6,1.2,53,0.0,0.06666666666666667
2021-05-30 09:00:00,2021-05-30,5,1,9,21.0,0,0,23.5,1.1,47,0.0,0.06666666666666667
2021-05-30 10:00:00,2021-05-30,5,1,10,22.5,0,0,22.8,2.3,52,0.0,0.06666666666666667
2021-05-30 11:00:00,2021-05-30,5,1,11,22.0,0,0,23.3,2.2,47,0.0,0.06666666666666667
2021-05-30 12:00:00,2021-05-30,5,1,12,21.0,0,0,23.8,2.0,47,0.0,0.06666666666666667
2021-05-30 13:00:00,2021-05-30,5,1,13,21.0,0,0,22.5,3.5,45,0.0,0.06666666666666667
2021-05-30 14:00:00,2021-05-30,5,1,14,22.75,0,0,22.0,3.4,46,0.0,0.06666666666666667
2021-05-30 15:00:00,2021-05-30,5,1,15,21.0,0,0,22.8,1.8,51,0.0,0.06666666666666667
2021-05-30 16:00:00,2021-05-30,5,1,16,21.0,0,0,21.2,1.8,54,0.0,0.06666666666666667
2021-05-30 17:00:00,2021-05-30,5,1,17,23.25,0,0,20.7,1.4,60,0.0,0.06666666666666667
2021-05-30 18:00:00,2021-05-30,5,1,18,21.0,0,0,19.3,2.1,67,0.0,0.06666666666666667
2021-05-30 19:00:00,2021-05-30,5,1,19,21.0,0,0,17.9,0.2,80,0.0,0.06666666666666667
2021-05-30 20:00:00,2021-05-30,5,1,20,23.25,0,0,17.6,0.6,84,0.0,0.06666666666666667
2021-05-30 21:00:00,2021-05-30,5,1,21,21.25,0,0,17.3,0.8,85,0.0,0.06666666666666667
2021-05-30 22:00:00,2021-05-30,5,1,22,21.0,0,0,17.0,0.7,88,0.0,0.06666666666666667
2021-05-30 23:00:00,2021-05-30,5,1,23,24.0,0,0,16.0,0.3,93,0.0,0.06666666666666667
2021-05-31 00:00:00,2021-05-31,5,0,0,21.0,0,0,15.5,0.6,95,0.0,1.0
2021-05-31 01:00:00,2021-05-31,5,0,1,21.0,0,0,15.3,0.0,98,0.0,1.0
2021-05-31 02:00:00,2021-05-31,5,0,2,21.25,0,0,15.2,0.3,98,0.0,1.0
2021-05-31 03:00:00,2021-05-31,5,0,3,23.25,0,0,15.5,1.6,98,0.0,1.0
2021-05-31 04:00:00,2021-05-31,5,0,4,21.0,0,0,15.8,1.1,98,0.0,1.0
2021-05-31 05:00:00,2021-05-31,5,0,5,20.75,0,0,16.1,1.3,98,0.2,1.0
2021-05-31 06:00:00,2021-05-31,5,0,6,23.5,0,0,15.8,0.9,98,0.6,1.0
2021-05-31 07:00:00,2021-05-31,5,0,7,49.0,0,0,15.6,2.3,98,0.6,1.0
2021-05-31 08:00:00,2021-05-31,5,0,8,159.5,697,1,17.4,1.7,95,0.6,1.0
2021-05-31 09:00:00,2021-05-31,5,0,9,169.25,901,1,21.5,0.6,61,0.6,1.0
2021-05-31 10:00:00,2021-05-31,5,0,10,159.75,1373,1,22.1,1.8,62,0.6,1.0
2021-05-31 11:00:00,2021-05-31,5,0,11,167.25,1278,1,24.4,2.1,47,0.6,1.0
2021-05-31 12:00:00,2021-05-31,5,0,12,103.75,246,1,23.8,2.0,48,0.6,1.0
2021-05-31 13:00:00,2021-05-31,5,0,13,159.25,647,1,24.7,2.0,48,0.6,1.0
2021-05-31 14:00:00,2021-05-31,5,0,14,155.5,806,1,23.3,2.9,52,0.6,1.0
2021-05-31 15:00:00,2021-05-31,5,0,15,142.25,2767,1,23.2,2.7,59,0.6,1.0
2021-05-31 16:00:00,2021-05-31,5,0,16,146.5,2857,1,21.5,3.2,51,0.6,1.0
2021-05-31 17:00:00,2021-05-31,5,0,17,125.25,705,1,20.8,1.8,55,0.6,1.0
2021-05-31 18:00:00,2021-05-31,5,0,18,156.5,1370,1,19.9,2.8,73,0.6,1.0
2021-05-31 19:00:00,2021-05-31,5,0,19,145.5,3082,1,18.7,1.6,86,0.6,1.0
2021-05-31 20:00:00,2021-05-31,5,0,20,113.0,186,1,18.0,1.0,76,0.6,1.0
2021-05-31 21:00:00,2021-05-31,5,0,21,113.25,130,1,17.1,0.4,78,0.6,1.0
2021-05-31 22:00:00,2021-05-31,5,0,22,102.5,77,1,17.0,0.5,89,0.6,1.0
2021-05-31 23:00:00,2021-05-31,5,0,23,98.75,154,1,16.6,0.6,95,0.6,1.0
2021-06-01 00:00:00,2021-06-01,6,0,0,61.25,457,1,15.8,0.6,96,0.0,0.3333333333333333
2021-06-01 01:00:00,2021-06-01,6,0,1,98.5,80,1,15.3,,98,0.0,0.3333333333333333
2021-06-01 02:00:00,2021-06-01,6,0,2,103.5,135,1,15.2,,96,0.0,0.3333333333333333
2021-06-01 03:00:00,2021-06-01,6,0,3,102.5,51,1,14.4,0.7,97,0.0,0.3333333333333333
2021-06-01 04:00:00,2021-06-01,6,0,4,104.75,138,1,14.5,1.5,98,0.0,0.3333333333333333
2021-06-01 05:00:00,2021-06-01,6,0,5,89.5,64,1,14.8,1.3,98,0.0,0.3333333333333333
2021-06-01 06:00:00,2021-06-01,6,0,6,108.5,48,1,16.8,1.2,93,0.0,0.3333333333333333
2021-06-01 07:00:00,2021-06-01,6,0,7,122.0,1235,1,19.1,0.6,68,0.0,0.3333333333333333
2021-06-01 08:00:00,2021-06-01,6,0,8,179.25,1518,1,21.8,1.0,54,0.0,0.3333333333333333
2021-06-01 09:00:00,2021-06-01,6,0,9,173.0,966,1,22.3,0.9,48,0.0,0.3333333333333333
2021-06-01 10:00:00,2021-06-01,6,0,10,170.5,715,1,24.4,1.7,40,0.0,0.3333333333333333
2021-06-01 11:00:00,2021-06-01,6,0,11,174.25,330,1,24.4,2.3,38,0.0,0.3333333333333333
2021-06-01 12:00:00,2021-06-01,6,0,12,93.5,554,1,24.5,1.6,39,0.0,0.3333333333333333
2021-06-01 13:00:00,2021-06-01,6,0,13,169.5,476,1,25.0,2.2,38,0.0,0.3333333333333333
2021-06-01 14:00:00,2021-06-01,6,0,14,164.5,2349,1,25.2,2.0,37,0.0,0.3333333333333333
2021-06-01 15:00:00,2021-06-01,6,0,15,151.75,1584,1,24.9,1.8,37,0.0,0.3333333333333333
2021-06-01 16:00:00,2021-06-01,6,0,16,162.0,1645,1,23.1,1.9,43,0.0,0.3333333333333333
2021-06-01 17:00:00,2021-06-01,6,0,17,123.5,438,1,22.1,1.4,49,0.0,0.3333333333333333
2021-06-01 18:00:00,2021-06-01,6,0,18,146.5,1643,1,21.6,0.5,54,0.0,0.3333333333333333
2021-06-01 19:00:00,2021-06-01,6,0,19,143.5,2795,1,20.6,0.6,60,0.0,0.3333333333333333
2021-06-01 20:00:00,2021-06-01,6,0,20,120.75,112,1,20.0,0.2,66,0.0,0.3333333333333333
2021-06-01 21:00:00,2021-06-01,6,0,21,121.0,158,1,19.8,0.1,69,0.0,0.3333333333333333
2021-06-01 22:00:00,2021-06-01,6,0,22,105.75,140,1,19.5,0.1,71,0.0,0.3333333333333333
2021-06-01 23:00:00,2021-06-01,6,0,23,98.5,73,1,19.0,0.4,75,0.0,0.3333333333333333
2021-06-02 00:00:00,2021-06-02,6,0,0,62.25,0,0,18.6,1.0,83,0.0,0.3333333333333333
2021-06-02 01:00:00,2021-06-02,6,0,1,102.0,8,1,18.0,1.2,87,0.0,0.3333333333333333
2021-06-02 02:00:00,2021-06-02,6,0,2,108.75,322,1,17.7,1.2,88,0.0,0.3333333333333333
2021-06-02 03:00:00,2021-06-02,6,0,3,103.5,268,1,17.8,1.8,82,0.0,0.3333333333333333
2021-06-02 04:00:00,2021-06-02,6,0,4,99.75,102,1,18.0,1.8,84,0.0,0.3333333333333333
2021-06-02 05:00:00,2021-06-02,6,0,5,84.5,0,0,18.3,0.2,77,0.0,0.3333333333333333
2021-06-02 06:00:00,2021-06-02,6,0,6,102.5,160,1,19.5,0.4,73,0.0,0.3333333333333333
2021-06-02 07:00:00,2021-06-02,6,0,7,132.0,1339,1,21.0,0.7,70,0.0,0.3333333333333333
2021-06-02 08:00:00,2021-06-02,6,0,8,172.25,338,1,24.0,0.6,55,0.0,0.3333333333333333
2021-06-02 09:00:00,2021-06-02,6,0,9,176.5,1944,1,25.1,1.3,53,0.0,0.3333333333333333
2021-06-02 10:00:00,2021-06-02,6,0,10,172.75,764,1,25.8,1.4,48,0.0,0.3333333333333333
2021-06-02 11:00:00,2021-06-02,6,0,11,167.5,2183,1,23.8,2.3,70,0.0,0.3333333333333333
2021-06-02 12:00:00,2021-06-02,6,0,12,102.75,343,1,24.4,1.8,67,0.0,0.3333333333333333
2021-06-02 13:00:00,2021-06-02,6,0,13,181.75,5882,1,25.7,1.5,55,0.0,0.3333333333333333
2021-06-02 14:00:00,2021-06-02,6,0,14,177.0,1072,1,25.1,1.6,58,0.0,0.3333333333333333
2021-06-02 15:00:00,2021-06-02,6,0,15,155.5,822,1,24.2,1.5,59,0.0,0.3333333333333333
2021-06-02 16:00:00,2021-06-02,6,0,16,167.0,2146,1,23.2,1.3,68,0.0,0.3333333333333333
2021-06-02 17:00:00,2021-06-02,6,0,17,136.25,860,1,22.0,1.1,78,0.0,0.3333333333333333
2021-06-02 18:00:00,2021-06-02,6,0,18,151.5,1840,1,21.4,1.2,85,0.0,0.3333333333333333
2021-06-02 19:00:00,2021-06-02,6,0,19,127.5,2444,1,20.0,0.6,95,0.0,0.3333333333333333
2021-06-02 20:00:00,2021-06-02,6,0,20,112.5,0,0,18.9,0.1,94,0.0,0.3333333333333333
2021-06-02 21:00:00,2021-06-02,6,0,21,111.25,34,1,19.2,1.2,90,0.0,0.3333333333333333
2021-06-02 22:00:00,2021-06-02,6,0,22,100.5,77,1,18.5,0.4,91,0.0,0.3333333333333333
2021-06-02 23:00:00,2021-06-02,6,0,23,96.0,672,1,17.5,0.4,95,0.0,0.3333333333333333
2021-06-03 00:00:00,2021-06-03,6,0,0,66.0,0,0,17.1,0.3,96,0.0,0.3333333333333333
2021-06-03 01:00:00,2021-06-03,6,0,1,105.0,286,1,17.5,1.2,92,0.0,0.3333333333333333
2021-06-03 02:00:00,2021-06-03,6,0,2,112.5,120,1,17.3,0.3,95,0.0,0.3333333333333333
2021-06-03 03:00:00,2021-06-03,6,0,3,105.25,200,1,16.6,0.4,95,0.0,0.3333333333333333
2021-06-03 04:00:00,2021-06-03,6,0,4,105.75,232,1,16.3,0.2,94,0.0,0.3333333333333333
2021-06-03 05:00:00,2021-06-03,6,0,5,91.25,87,1,17.4,0.9,91,0.0,0.3333333333333333
2021-06-03 06:00:00,2021-06-03,6,0,6,112.0,48,1,18.4,0.3,89,0.0,0.3333333333333333
2021-06-03 07:00:00,2021-06-03,6,0,7,128.5,935,1,19.0,1.1,84,0.0,0.3333333333333333
2021-06-03 08:00:00,2021-06-03,6,0,8,170.25,1187,1,20.0,0.4,79,0.0,0.3333333333333333
2021-06-03 09:00:00,2021-06-03,6,0,9,169.75,1096,1,18.6,0.1,97,3.8,0.3333333333333333
2021-06-03 10:00:00,2021-06-03,6,0,10,155.5,956,1,19.3,1.3,98,5.0,0.3333333333333333
2021-06-03 11:00:00,2021-06-03,6,0,11,162.0,1969,1,18.4,2.0,98,7.9,0.3333333333333333
2021-06-03 12:00:00,2021-06-03,6,0,12,101.5,50,1,18.7,1.2,98,8.3,0.3333333333333333
2021-06-03 13:00:00,2021-06-03,6,0,13,158.0,1064,1,19.1,1.7,98,9.3,0.3333333333333333
2021-06-03 14:00:00,2021-06-03,6,0,14,158.75,2090,1,19.2,1.4,98,11.4,0.3333333333333333
2021-06-03 15:00:00,2021-06-03,6,0,15,151.25,1680,1,19.3,1.8,98,14.5,0.3333333333333333
2021-06-03 16:00:00,2021-06-03,6,0,16,160.0,1547,1,19.0,2.6,98,18.7,0.3333333333333333
2021-06-03 17:00:00,2021-06-03,6,0,17,132.25,1830,1,19.0,2.6,98,20.2,0.3333333333333333
2021-06-03 18:00:00,2021-06-03,6,0,18,132.0,4404,1,19.3,1.4,98,21.1,0.3333333333333333
2021-06-03 19:00:00,2021-06-03,6,0,19,114.75,2523,1,19.2,2.3,98,21.4,0.3333333333333333
2021-06-03 20:00:00,2021-06-03,6,0,20,122.25,220,1,19.4,1.1,98,21.6,0.3333333333333333
2021-06-03 21:00:00,2021-06-03,6,0,21,122.75,128,1,19.3,1.0,98,21.6,0.3333333333333333
2021-06-03 22:00:00,2021-06-03,6,0,22,112.75,106,1,19.4,1.3,98,21.8,0.3333333333333333
2021-06-03 23:00:00,2021-06-03,6,0,23,104.5,56,1,19.0,1.1,98,22.7,0.3333333333333333
2021-06-04 00:00:00,2021-06-04,6,0,0,67.75,246,1,19.0,0.3,98,0.7,0.25
2021-06-04 01:00:00,2021-06-04,6,0,1,108.0,38,1,18.7,1.8,98,1.2,0.25
2021-06-04 02:00:00,2021-06-04,6,0,2,109.75,136,1,18.3,1.5,98,1.5,0.25
2021-06-04 03:00:00,2021-06-04,6,0,3,106.5,86,1,17.8,1.4,98,1.9,0.25
2021-06-04 04:00:00,2021-06-04,6,0,4,108.75,337,1,17.8,2.0,98,2.2,0.25
2021-06-04 05:00:00,2021-06-04,6,0,5,90.25,14,1,16.9,0.8,98,4.7,0.25
2021-06-04 06:00:00,2021-06-04,6,0,6,108.75,126,1,17.2,0.3,97,4.7,0.25
2021-06-04 07:00:00,2021-06-04,6,0,7,128.25,749,1,18.6,1.4,81,4.7,0.25
2021-06-04 08:00:00,2021-06-04,6,0,8,156.25,655,1,19.7,1.6,71,4.7,0.25
2021-06-04 09:00:00,2021-06-04,6,0,9,160.25,1270,1,20.2,1.8,68,4.7,0.25
2021-06-04 10:00:00,2021-06-04,6,0,10,156.5,1286,1,21.3,3.4,58,4.7,0.25
2021-06-04 11:00:00,2021-06-04,6,0,11,148.75,809,1,23.0,2.5,50,4.7,0.25
2021-06-04 12:00:00,2021-06-04,6,0,12,89.25,84,1,24.3,2.2,44,4.7,0.25
2021-06-04 13:00:00,2021-06-04,6,0,13,155.25,616,1,25.0,2.4,38,4.7,0.25
2021-06-04 14:00:00,2021-06-04,6,0,14,152.0,5176,1,26.0,2.4,37,4.7,0.25
2021-06-04 15:00:00,2021-06-04,6,0,15,140.0,739,1,23.9,2.1,52,4.7,0.25
2021-06-04 16:00:00,2021-06-04,6,0,16,141.5,1164,1,23.7,2.2,54,4.7,0.25
2021-06-04 17:00:00,2021-06-04,6,0,17,122.25,306,1,24.6,1.0,48,4.7,0.25
2021-06-04 18:00:00,2021-06-04,6,0,18,139.25,638,1,23.2,1.5,49,4.7,0.25
2021-06-04 19:00:00,2021-06-04,6,0,19,112.75,1622,1,22.2,2.8,53,4.7,0.25
2021-06-04 20:00:00,2021-06-04,6,0,20,100.75,94,1,21.7,2.0,57,4.7,0.25
2021-06-04 21:00:00,2021-06-04,6,0,21,108.25,52,1,20.2,1.8,64,4.7,0.25
2021-06-04 22:00:00,2021-06-04,6,0,22,106.75,200,1,20.5,2.5,63,4.7,0.25
2021-06-04 23:00:00,2021-06-04,6,0,23,97.0,0,0,18.7,1.0,70,4.7,0.25
2021-06-05 00:00:00,2021-06-05,6,1,0,63.25,25,1,19.9,1.7,66,0.0,0.14285714285714285
2021-06-05 01:00:00,2021-06-05,6,1,1,104.5,84,1,16.0,0.6,85,0.0,0.14285714285714285
2021-06-05 02:00:00,2021-06-05,6,1,2,103.75,84,1,15.9,0.5,79,0.0,0.14285714285714285
2021-06-05 03:00:00,2021-06-05,6,1,3,105.25,555,1,16.1,1.6,80,0.0,0.14285714285714285
2021-06-05 04:00:00,2021-06-05,6,1,4,106.75,40,1,15.9,0.8,76,0.0,0.14285714285714285
2021-06-05 05:00:00,2021-06-05,6,1,5,92.25,4,1,17.2,2.8,68,0.0,0.14285714285714285
2021-06-05 06:00:00,2021-06-05,6,1,6,106.5,20,1,17.5,0.8,75,0.0,0.14285714285714285
2021-06-05 07:00:00,2021-06-05,6,1,7,61.0,509,1,20.0,1.2,53,0.0,0.14285714285714285
2021-06-05 08:00:00,2021-06-05,6,1,8,24.0,0,0,21.9,2.1,47,0.0,0.14285714285714285
2021-06-05 09:00:00,2021-06-05,6,1,9,22.0,0,0,24.0,1.7,40,0.0,0.14285714285714285
2021-06-05 10:00:00,2021-06-05,6,1,10,22.0,0,0,25.7,3.6,35,0.0,0.14285714285714285
2021-06-05 11:00:00,2021-06-05,6,1,11,25.0,0,0,26.7,4.0,37,0.0,0.14285714285714285
2021-06-05 12:00:00,2021-06-05,6,1,12,22.25,0,0,27.4,4.7,38,0.0,0.14285714285714285
2021-06-05 13:00:00,2021-06-05,6,1,13,22.25,0,0,28.2,5.0,36,0.0,0.14285714285714285
2021-06-05 14:00:00,2021-06-05,6,1,14,22.5,0,0,28.5,4.0,41,0.0,0.14285714285714285
2021-06-05 15:00:00,2021-06-05,6,1,15,24.75,0,0,27.5,4.9,45,0.0,0.14285714285714285
2021-06-05 16:00:00,2021-06-05,6,1,16,22.75,0,0,26.2,4.9,56,0.0,0.14285714285714285
2021-06-05 17:00:00,2021-06-05,6,1,17,22.25,0,0,25.5,4.5,60,0.0,0.14285714285714285
2021-06-05 18:00:00,2021-06-05,6,1,18,24.75,0,0,24.5,4.1,65,0.0,0.14285714285714285
2021-06-05 19:00:00,2021-06-05,6,1,19,22.0,0,0,23.3,4.1,71,0.0,0.14285714285714285
2021-06-05 20:00:00,2021-06-05,6,1,20,22.0,0,0,21.1,1.5,83,0.0,0.14285714285714285
2021-06-05 21:00:00,2021-06-05,6,1,21,23.5,0,0,21.8,2.8,77,0.0,0.14285714285714285
2021-06-05 22:00:00,2021-06-05,6,1,22,23.0,0,0,21.4,3.4,78,0.0,0.14285714285714285
2021-06-05 23:00:00,2021-06-05,6,1,23,22.0,0,0,20.8,1.8,76,0.0,0.14285714285714285
2021-06-06 00:00:00,2021-06-06,6,1,0,22.0,0,0,20.1,1.6,79,0.0,0.5
2021-06-06 01:00:00,2021-06-06,6,1,1,24.75,0,0,19.8,1.1,75,0.0,0.5
2021-06-06 02:00:00,2021-06-06,6,1,2,22.0,0,0,20.4,1.2,70,0.0,0.5
2021-06-06 03:00:00,2021-06-06,6,1,3,22.0,0,0,17.7,0.1,83,0.0,0.5
2021-06-06 04:00:00,2021-06-06,6,1,4,23.75,0,0,17.6,0.8,80,0.0,0.5
2021-06-06 05:00:00,2021-06-06,6,1,5,22.0,0,0,17.9,0.2,85,0.0,0.5
2021-06-06 06:00:00,2021-06-06,6,1,6,22.0,0,0,19.8,0.7,80,0.0,0.5
2021-06-06 07:00:00,2021-06-06,6,1,7,23.75,0,0,21.9,0.7,70,0.0,0.5
2021-06-06 08:00:00,2021-06-06,6,1,8,22.0,0,0,23.5,1.5,65,0.0,0.5
2021-06-06 09:00:00,2021-06-06,6,1,9,22.5,0,0,24.8,1.8,56,0.0,0.5
2021-06-06 10:00:00,2021-06-06,6,1,10,22.75,0,0,24.8,1.8,56,0.0,0.5
2021-06-06 11:00:00,2021-06-06,6,1,11,23.75,0,0,26.4,2.1,61,0.0,0.5
2021-06-06 12:00:00,2021-06-06,6,1,12,22.0,0,0,26.7,2.1,60,0.0,0.5
2021-06-06 13:00:00,2021-06-06,6,1,13,22.0,0,0,27.6,1.9,54,0.0,0.5
2021-06-06 14:00:00,2021-06-06,6,1,14,24.25,0,0,23.9,3.2,68,0.0,0.5
2021-06-06 15:00:00,2021-06-06,6,1,15,22.0,0,0,25.5,1.8,65,0.0,0.5
2021-06-06 16:00:00,2021-06-06,6,1,16,22.75,0,0,26.1,1.1,64,0.0,0.5
2021-06-06 17:00:00,2021-06-06,6,1,17,22.75,0,0,27.0,3.1,53,0.0,0.5
2021-06-06 18:00:00,2021-06-06,6,1,18,23.25,0,0,24.5,0.9,64,0.0,0.5
2021-06-06 19:00:00,2021-06-06,6,1,19,22.0,0,0,24.1,1.9,64,0.0,0.5
2021-06-06 20:00:00,2021-06-06,6,1,20,22.0,0,0,23.5,2.8,66,0.0,0.5
2021-06-06 21:00:00,2021-06-06,6,1,21,25.0,0,0,21.7,0.7,77,0.0,0.5
2021-06-06 22:00:00,2021-06-06,6,1,22,22.75,0,0,21.6,0.8,75,0.0,0.5
2021-06-06 23:00:00,2021-06-06,6,1,23,22.5,0,0,22.7,2.0,70,0.0,0.5
2021-06-07 00:00:00,2021-06-07,6,0,0,22.75,0,0,22.4,1.6,70,0.0,0.5
2021-06-07 01:00:00,2021-06-07,6,0,1,23.0,0,0,21.8,2.7,71,0.0,0.5
2021-06-07 02:00:00,2021-06-07,6,0,2,21.5,0,0,21.0,1.8,74,0.0,0.5
2021-06-07 03:00:00,2021-06-07,6,0,3,22.25,0,0,20.5,2.1,74,0.0,0.5
2021-06-07 04:00:00,2021-06-07,6,0,4,24.25,0,0,18.7,0.6,82,0.0,0.5
2021-06-07 05:00:00,2021-06-07,6,0,5,22.0,0,0,19.2,0.8,80,0.0,0.5
2021-06-07 06:00:00,2021-06-07,6,0,6,22.25,0,0,21.8,0.5,70,0.0,0.5
2021-06-07 07:00:00,2021-06-07,6,0,7,56.25,0,0,23.4,1.5,68,0.0,0.5
2021-06-07 08:00:00,2021-06-07,6,0,8,171.0,876,1,25.8,1.1,51,0.0,0.5
2021-06-07 09:00:00,2021-06-07,6,0,9,166.0,490,1,27.3,2.3,41,0.0,0.5
2021-06-07 10:00:00,2021-06-07,6,0,10,160.75,1661,1,28.8,2.0,44,0.0,0.5
2021-06-07 11:00:00,2021-06-07,6,0,11,168.25,2549,1,27.5,2.0,51,0.0,0.5
2021-06-07 12:00:00,2021-06-07,6,0,12,115.0,100,1,26.7,2.3,54,0.0,0.5
2021-06-07 13:00:00,2021-06-07,6,0,13,174.75,1242,1,27.8,2.3,50,0.0,0.5
2021-06-07 14:00:00,2021-06-07,6,0,14,174.5,1430,1,29.2,1.3,45,0.0,0.5
2021-06-07 15:00:00,2021-06-07,6,0,15,162.5,3211,1,27.3,1.9,55,0.0,0.5
2021-06-07 16:00:00,2021-06-07,6,0,16,165.25,826,1,25.4,1.6,60,0.0,0.5
2021-06-07 17:00:00,2021-06-07,6,0,17,135.75,98,1,25.9,1.3,61,0.0,0.5
2021-06-07 18:00:00,2021-06-07,6,0,18,152.25,2299,1,24.4,0.2,68,0.0,0.5
2021-06-07 19:00:00,2021-06-07,6,0,19,129.5,1625,1,23.4,0.9,72,0.0,0.5
2021-06-07 20:00:00,2021-06-07,6,0,20,108.25,36,1,22.5,0.6,78,0.0,0.5
2021-06-07 21:00:00,2021-06-07,6,0,21,111.0,93,1,23.7,1.1,69,0.0,0.5
2021-06-07 22:00:00,2021-06-07,6,0,22,94.75,87,1,23.2,0.8,70,0.0,0.5
2021-06-07 23:00:00,2021-06-07,6,0,23,98.25,1,1,22.5,2.6,66,0.0,0.5
2021-06-08 00:00:00,2021-06-08,6,0,0,63.0,400,1,21.3,0.5,72,0.0,0.25
2021-06-08 01:00:00,2021-06-08,6,0,1,99.0,41,1,21.1,1.0,74,0.0,0.25
2021-06-08 02:00:00,2021-06-08,6,0,2,102.75,79,1,21.4,0.6,75,0.0,0.25
2021-06-08 03:00:00,2021-06-08,6,0,3,99.5,66,1,20.9,1.1,76,0.0,0.25
2021-06-08 04:00:00,2021-06-08,6,0,4,105.0,461,1,20.8,0.6,80,0.0,0.25
2021-06-08 05:00:00,2021-06-08,6,0,5,87.25,166,1,21.5,1.0,81,0.0,0.25
2021-06-08 06:00:00,2021-06-08,6,0,6,97.5,231,1,23.6,2.0,68,0.0,0.25
2021-06-08 07:00:00,2021-06-08,6,0,7,93.25,826,1,24.9,1.4,65,0.0,0.25
2021-06-08 08:00:00,2021-06-08,6,0,8,154.0,1348,1,27.6,1.4,60,0.0,0.25
2021-06-08 09:00:00,2021-06-08,6,0,9,160.25,2186,1,28.0,1.3,55,0.0,0.25
2021-06-08 10:00:00,2021-06-08,6,0,10,142.0,582,1,28.6,1.9,51,0.0,0.25
2021-06-08 11:00:00,2021-06-08,6,0,11,164.25,1904,1,28.0,2.8,50,0.0,0.25
2021-06-08 12:00:00,2021-06-08,6,0,12,102.75,154,1,27.5,3.7,47,0.0,0.25
2021-06-08 13:00:00,2021-06-08,6,0,13,164.75,938,1,27.1,3.2,42,0.0,0.25
2021-06-08 14:00:00,2021-06-08,6,0,14,165.75,1321,1,26.8,3.5,43,0.0,0.25
2021-06-08 15:00:00,2021-06-08,6,0,15,161.25,1058,1,26.3,2.8,45,0.0,0.25
2021-06-08 16:00:00,2021-06-08,6,0,16,158.0,1570,1,25.4,2.5,46,0.0,0.25
2021-06-08 17:00:00,2021-06-08,6,0,17,136.25,485,1,24.6,1.7,48,0.0,0.25
2021-06-08 18:00:00,2021-06-08,6,0,18,153.75,1743,1,23.5,2.0,51,0.0,0.25
2021-06-08 19:00:00,2021-06-08,6,0,19,141.75,915,1,22.9,1.4,52,0.0,0.25
2021-06-08 20:00:00,2021-06-08,6,0,20,128.75,103,1,22.4,0.9,53,0.0,0.25
2021-06-08 21:00:00,2021-06-08,6,0,21,121.25,10,1,21.3,0.4,57,0.0,0.25
2021-06-08 22:00:00,2021-06-08,6,0,22,107.0,430,1,20.9,0.2,57,0.0,0.25
2021-06-08 23:00:00,2021-06-08,6,0,23,101.25,140,1,21.3,1.2,57,0.0,0.25
2021-06-09 00:00:00,2021-06-09,6,0,0,67.75,4,1,20.2,0.5,65,0.0,0.3333333333333333
2021-06-09 01:00:00,2021-06-09,6,0,1,98.75,21,1,19.6,0.2,71,0.0,0.3333333333333333
2021-06-09 02:00:00,2021-06-09,6,0,2,103.75,600,1,19.6,0.3,72,0.0,0.3333333333333333
2021-06-09 03:00:00,2021-06-09,6,0,3,103.25,54,1,18.9,1.6,74,0.0,0.3333333333333333
2021-06-09 04:00:00,2021-06-09,6,0,4,99.5,50,1,18.6,0.2,79,0.0,0.3333333333333333
2021-06-09 05:00:00,2021-06-09,6,0,5,84.5,0,0,19.0,1.3,84,0.0,0.3333333333333333
2021-06-09 06:00:00,2021-06-09,6,0,6,103.25,246,1,20.4,0.7,76,0.0,0.3333333333333333
2021-06-09 07:00:00,2021-06-09,6,0,7,127.5,746,1,22.5,0.9,70,0.0,0.3333333333333333
2021-06-09 08:00:00,2021-06-09,6,0,8,168.75,648,1,25.0,1.0,52,0.0,0.3333333333333333
2021-06-09 09:00:00,2021-06-09,6,0,9,172.25,1219,1,25.8,1.7,50,0.0,0.3333333333333333
2021-06-09 10:00:00,2021-06-09,6,0,10,166.25,5042,1,26.5,2.3,43,0.0,0.3333333333333333
2021-06-09 11:00:00,2021-06-09,6,0,11,171.5,777,1,26.8,3.1,45,0.0,0.3333333333333333
2021-06-09 12:00:00,2021-06-09,6,0,12,109.75,0,0,27.6,2.3,40,0.0,0.3333333333333333
2021-06-09 13:00:00,2021-06-09,6,0,13,169.25,1455,1,26.6,2.8,44,0.0,0.3333333333333333
2021-06-09 14:00:00,2021-06-09,6,0,14,165.25,567,1,26.8,2.6,46,0.0,0.3333333333333333
2021-06-09 15:00:00,2021-06-09,6,0,15,157.75,733,1,25.6,2.5,53,0.0,0.3333333333333333
2021-06-09 16:00:00,2021-06-09,6,0,16,150.75,1098,1,24.8,1.4,56,0.0,0.3333333333333333
2021-06-09 17:00:00,2021-06-09,6,0,17,129.25,705,1,24.3,0.9,55,0.0,0.3333333333333333
2021-06-09 18:00:00,2021-06-09,6,0,18,154.5,181,1,22.1,1.1,65,0.0,0.3333333333333333
2021-06-09 19:00:00,2021-06-09,6,0,19,131.5,2022,1,20.8,1.0,69,0.0,0.3333333333333333
2021-06-09 20:00:00,2021-06-09,6,0,20,109.25,44,1,20.4,0.8,72,0.0,0.3333333333333333
2021-06-09 21:00:00,2021-06-09,6,0,21,105.0,104,1,20.0,0.1,75,0.0,0.3333333333333333
2021-06-09 22:00:00,2021-06-09,6,0,22,101.0,219,1,19.6,0.8,75,0.0,0.3333333333333333
2021-06-09 23:00:00,2021-06-09,6,0,23,94.5,135,1,18.6,0.6,86,0.0,0.3333333333333333
2021-06-10 00:00:00,2021-06-10,6,0,0,64.75,0,0,18.6,1.3,86,0.0,0.3333333333333333
2021-06-10 01:00:00,2021-06-10,6,0,1,102.5,0,0,18.1,1.2,86,0.0,0.3333333333333333
2021-06-10 02:00:00,2021-06-10,6,0,2,104.25,0,0,17.7,2.0,85,0.0,0.3333333333333333
2021-06-10 03:00:00,2021-06-10,6,0,3,99.25,43,1,17.3,1.1,84,0.0,0.3333333333333333
2021-06-10 04:00:00,2021-06-10,6,0,4,106.0,133,1,17.3,1.4,84,0.0,0.3333333333333333
2021-06-10 05:00:00,2021-06-10,6,0,5,91.0,61,1,17.8,0.3,85,0.0,0.3333333333333333
2021-06-10 06:00:00,2021-06-10,6,0,6,103.75,80,1,19.8,0.9,80,0.0,0.3333333333333333
2021-06-10 07:00:00,2021-06-10,6,0,7,118.5,738,1,20.7,0.8,76,0.0,0.3333333333333333
2021-06-10 08:00:00,2021-06-10,6,0,8,155.0,493,1,22.1,1.1,60,0.0,0.3333333333333333
2021-06-10 09:00:00,2021-06-10,6,0,9,166.0,32,1,24.2,1.0,62,0.0,0.3333333333333333
2021-06-10 10:00:00,2021-06-10,6,0,10,163.75,2032,1,25.7,1.5,58,0.0,0.3333333333333333
2021-06-10 11:00:00,2021-06-10,6,0,11,160.75,829,1,27.2,2.0,59,0.0,0.3333333333333333
2021-06-10 12:00:00,2021-06-10,6,0,12,111.0,1000,1,26.4,1.9,66,0.0,0.3333333333333333
2021-06-10 13:00:00,2021-06-10,6,0,13,152.5,1013,1,25.1,2.1,72,0.0,0.3333333333333333
2021-06-10 14:00:00,2021-06-10,6,0,14,162.25,481,1,23.9,1.7,78,0.0,0.3333333333333333
2021-06-10 15:00:00,2021-06-10,6,0,15,152.25,364,1,23.5,1.5,83,0.0,0.3333333333333333
2021-06-10 16:00:00,2021-06-10,6,0,16,152.5,2990,1,23.0,1.1,84,0.0,0.3333333333333333
2021-06-10 17:00:00,2021-06-10,6,0,17,129.75,669,1,23.1,0.6,84,0.0,0.3333333333333333
2021-06-10 18:00:00,2021-06-10,6,0,18,122.25,529,1,22.2,1.5,90,0.0,0.3333333333333333
2021-06-10 19:00:00,2021-06-10,6,0,19,123.25,1095,1,22.2,1.1,91,0.0,0.3333333333333333
2021-06-10 20:00:00,2021-06-10,6,0,20,133.25,31,1,22.7,0.8,86,0.0,0.3333333333333333
2021-06-10 21:00:00,2021-06-10,6,0,21,129.0,300,1,22.5,1.3,83,0.0,0.3333333333333333
2021-06-10 22:00:00,2021-06-10,6,0,22,117.5,201,1,22.6,0.9,83,0.0,0.3333333333333333
2021-06-10 23:00:00,2021-06-10,6,0,23,104.75,153,1,23.6,2.0,77,0.0,0.3333333333333333
2021-06-11 00:00:00,2021-06-11,6,0,0,69.75,52,1,23.5,1.7,78,0.0,0.25
2021-06-11 01:00:00,2021-06-11,6,0,1,107.0,176,1,22.3,0.4,88,0.2,0.25
2021-06-11 02:00:00,2021-06-11,6,0,2,104.25,180,1,21.5,0.6,94,0.6,0.25
2021-06-11 03:00:00,2021-06-11,6,0,3,101.0,20,1,21.5,2.0,97,1.1,0.25
2021-06-11 04:00:00,2021-06-11,6,0,4,111.25,0,0,20.9,0.9,98,1.4,0.25
2021-06-11 05:00:00,2021-06-11,6,0,5,89.75,496,1,21.2,2.8,98,2.1,0.25
2021-06-11 06:00:00,2021-06-11,6,0,6,105.25,110,1,20.3,1.5,98,5.2,0.25
2021-06-11 07:00:00,2021-06-11,6,0,7,133.0,1170,1,20.9,3.6,98,6.6,0.25
2021-06-11 08:00:00,2021-06-11,6,0,8,167.5,497,1,20.7,4.2,95,6.6,0.25
2021-06-11 09:00:00,2021-06-11,6,0,9,168.0,569,1,20.4,4.0,98,7.5,0.25
2021-06-11 10:00:00,2021-06-11,6,0,10,156.0,921,1,20.6,3.8,98,8.5,0.25
2021-06-11 11:00:00,2021-06-11,6,0,11,167.75,3102,1,19.9,3.2,98,10.5,0.25
2021-06-11 12:00:00,2021-06-11,6,0,12,104.0,436,1,20.4,1.7,98,11.3,0.25
2021-06-11 13:00:00,2021-06-11,6,0,13,153.5,1017,1,20.5,2.6,98,11.5,0.25
2021-06-11 14:00:00,2021-06-11,6,0,14,158.5,829,1,20.6,1.0,98,11.8,0.25
2021-06-11 15:00:00,2021-06-11,6,0,15,149.5,972,1,20.6,1.0,98,11.8,0.25
2021-06-11 16:00:00,2021-06-11,6,0,16,156.75,1834,1,20.8,0.8,98,12.6,0.25
2021-06-11 17:00:00,2021-06-11,6,0,17,135.75,1114,1,20.7,0.5,98,13.3,0.25
2021-06-11 18:00:00,2021-06-11,6,0,18,144.75,986,1,20.8,0.7,98,19.2,0.25
2021-06-11 19:00:00,2021-06-11,6,0,19,136.0,1237,1,20.7,0.8,98,27.8,0.25
2021-06-11 20:00:00,2021-06-11,6,0,20,120.75,237,1,20.4,0.9,98,29.9,0.25
2021-06-11 21:00:00,2021-06-11,6,0,21,109.25,108,1,20.3,0.0,98,30.1,0.25
2021-06-11 22:00:00,2021-06-11,6,0,22,104.0,42,1,20.4,0.1,98,30.3,0.25
2021-06-11 23:00:00,2021-06-11,6,0,23,99.75,16,1,20.4,0.2,98,30.3,0.25
2021-06-12 00:00:00,2021-06-12,6,1,0,66.25,0,0,20.3,0.4,98,0.1,0.16666666666666666
2021-06-12 01:00:00,2021-06-12,6,1,1,106.0,77,1,20.6,0.8,98,0.1,0.16666666666666666
2021-06-12 02:00:00,2021-06-12,6,1,2,104.0,1424,1,20.5,1.3,98,0.1,0.16666666666666666
2021-06-12 03:00:00,2021-06-12,6,1,3,106.5,98,1,20.5,0.7,98,0.1,0.16666666666666666
2021-06-12 04:00:00,2021-06-12,6,1,4,108.75,56,1,20.6,1.1,98,0.1,0.16666666666666666
2021-06-12 05:00:00,2021-06-12,6,1,5,90.0,44,1,20.8,0.9,98,0.1,0.16666666666666666
2021-06-12 06:00:00,2021-06-12,6,1,6,102.25,658,1,20.9,0.1,98,1.5,0.16666666666666666
2021-06-12 07:00:00,2021-06-12,6,1,7,70.5,65,1,21.0,0.6,98,3.2,0.16666666666666666
2021-06-12 08:00:00,2021-06-12,6,1,8,22.75,0,0,21.2,1.4,98,4.6,0.16666666666666666
2021-06-12 09:00:00,2021-06-12,6,1,9,25.0,0,0,21.6,1.2,98,6.1,0.16666666666666666
2021-06-12 10:00:00,2021-06-12,6,1,10,26.0,0,0,22.0,1.3,98,6.1,0.16666666666666666
2021-06-12 11:00:00,2021-06-12,6,1,11,26.25,0,0,22.5,1.2,98,6.1,0.16666666666666666
2021-06-12 12:00:00,2021-06-12,6,1,12,24.5,0,0,22.0,1.3,98,6.1,0.16666666666666666
2021-06-12 13:00:00,2021-06-12,6,1,13,23.0,0,0,21.5,1.9,98,6.1,0.16666666666666666
2021-06-12 14:00:00,2021-06-12,6,1,14,22.25,0,0,21.7,0.8,98,6.5,0.16666666666666666
2021-06-12 15:00:00,2021-06-12,6,1,15,22.5,0,0,21.6,0.9,98,7.3,0.16666666666666666
2021-06-12 16:00:00,2021-06-12,6,1,16,24.75,0,0,21.7,1.0,98,7.6,0.16666666666666666
2021-06-12 17:00:00,2021-06-12,6,1,17,22.5,0,0,21.5,0.6,98,7.7,0.16666666666666666
2021-06-12 18:00:00,2021-06-12,6,1,18,22.0,0,0,21.3,1.0,98,7.7,0.16666666666666666
2021-06-12 19:00:00,2021-06-12,6,1,19,24.5,0,0,20.9,0.5,98,7.8,0.16666666666666666
2021-06-12 20:00:00,2021-06-12,6,1,20,22.5,0,0,21.0,0.7,98,7.8,0.16666666666666666
2021-06-12 21:00:00,2021-06-12,6,1,21,22.75,0,0,20.7,0.8,98,7.8,0.16666666666666666
2021-06-12 22:00:00,2021-06-12,6,1,22,22.5,0,0,20.6,0.4,98,7.8,0.16666666666666666
2021-06-12 23:00:00,2021-06-12,6,1,23,24.25,0,0,20.7,0.1,98,7.8,0.16666666666666666
2021-06-13 00:00:00,2021-06-13,6,1,0,22.5,0,0,20.7,0.9,98,0.0,0.2
2021-06-13 01:00:00,2021-06-13,6,1,1,21.75,0,0,20.8,1.0,98,0.0,0.2
2021-06-13 02:00:00,2021-06-13,6,1,2,24.5,0,0,20.7,1.4,98,0.0,0.2
2021-06-13 03:00:00,2021-06-13,6,1,3,22.0,0,0,20.8,0.9,98,0.0,0.2
2021-06-13 04:00:00,2021-06-13,6,1,4,22.5,0,0,20.9,1.0,98,0.0,0.2
2021-06-13 05:00:00,2021-06-13,6,1,5,22.25,0,0,20.8,1.4,98,0.0,0.2
2021-06-13 06:00:00,2021-06-13,6,1,6,23.75,0,0,22.2,0.6,98,0.0,0.2
2021-06-13 07:00:00,2021-06-13,6,1,7,21.75,0,0,22.4,0.8,98,0.0,0.2
2021-06-13 08:00:00,2021-06-13,6,1,8,21.5,0,0,23.7,0.4,94,0.0,0.2
2021-06-13 09:00:00,2021-06-13,6,1,9,24.0,0,0,24.4,0.9,85,0.0,0.2
2021-06-13 10:00:00,2021-06-13,6,1,10,22.25,0,0,25.2,2.0,86,0.0,0.2
2021-06-13 11:00:00,2021-06-13,6,1,11,22.0,0,0,24.8,1.7,86,0.0,0.2
2021-06-13 12:00:00,2021-06-13,6,1,12,24.0,0,0,26.3,1.6,78,0.0,0.2
2021-06-13 13:00:00,2021-06-13,6,1,13,23.0,0,0,26.9,2.3,73,0.0,0.2
2021-06-13 14:00:00,2021-06-13,6,1,14,22.25,0,0,26.5,2.2,74,0.0,0.2
2021-06-13 15:00:00,2021-06-13,6,1,15,22.25,0,0,26.3,1.9,77,0.0,0.2
2021-06-13 16:00:00,2021-06-13,6,1,16,25.0,0,0,23.9,2.7,86,0.0,0.2
2021-06-13 17:00:00,2021-06-13,6,1,17,22.0,0,0,23.5,1.5,88,0.0,0.2
2021-06-13 18:00:00,2021-06-13,6,1,18,22.0,0,0,22.7,1.2,92,0.0,0.2
2021-06-13 19:00:00,2021-06-13,6,1,19,23.75,0,0,22.6,1.0,92,0.0,0.2
2021-06-13 20:00:00,2021-06-13,6,1,20,22.0,0,0,22.3,2.2,94,0.0,0.2
2021-06-13 21:00:00,2021-06-13,6,1,21,22.5,0,0,22.1,1.1,95,0.0,0.2
2021-06-13 22:00:00,2021-06-13,6,1,22,22.75,0,0,21.8,0.6,97,0.0,0.2
2021-06-13 23:00:00,2021-06-13,6,1,23,23.5,0,0,21.0,0.1,98,0.0,0.2
2021-06-14 00:00:00,2021-06-14,6,0,0,22.0,0,0,20.8,0.5,98,0.0,0.3333333333333333
2021-06-14 01:00:00,2021-06-14,6,0,1,22.25,0,0,20.7,0.9,98,0.0,0.3333333333333333
2021-06-14 02:00:00,2021-06-14,6,0,2,24.25,0,0,20.6,0.2,98,0.0,0.3333333333333333
2021-06-14 03:00:00,2021-06-14,6,0,3,22.0,0,0,20.0,0.2,98,0.0,0.3333333333333333
2021-06-14 04:00:00,2021-06-14,6,0,4,22.75,0,0,20.3,0.7,98,0.0,0.3333333333333333
2021-06-14 05:00:00,2021-06-14,6,0,5,23.5,0,0,20.0,0.9,98,0.0,0.3333333333333333
2021-06-14 06:00:00,2021-06-14,6,0,6,22.75,0,0,20.6,1.1,98,0.0,0.3333333333333333
2021-06-14 07:00:00,2021-06-14,6,0,7,61.75,0,0,21.5,1.5,98,0.0,0.3333333333333333
2021-06-14 08:00:00,2021-06-14,6,0,8,182.5,218,1,23.0,1.9,90,0.0,0.3333333333333333
2021-06-14 09:00:00,2021-06-14,6,0,9,178.25,701,1,25.1,1.5,75,0.0,0.3333333333333333
2021-06-14 10:00:00,2021-06-14,6,0,10,171.0,434,1,23.8,3.5,79,0.0,0.3333333333333333
2021-06-14 11:00:00,2021-06-14,6,0,11,181.25,1351,1,24.4,3.8,78,0.0,0.3333333333333333
2021-06-14 12:00:00,2021-06-14,6,0,12,118.75,0,0,23.9,3.3,80,0.0,0.3333333333333333
2021-06-14 13:00:00,2021-06-14,6,0,13,185.5,2839,1,22.4,3.1,88,0.0,0.3333333333333333
2021-06-14 14:00:00,2021-06-14,6,0,14,176.75,984,1,23.2,2.7,83,0.0,0.3333333333333333
2021-06-14 15:00:00,2021-06-14,6,0,15,177.75,960,1,23.0,3.0,86,0.0,0.3333333333333333
2021-06-14 16:00:00,2021-06-14,6,0,16,171.25,744,1,22.3,3.0,90,0.0,0.3333333333333333
2021-06-14 17:00:00,2021-06-14,6,0,17,146.25,1417,1,21.9,2.6,89,0.0,0.3333333333333333
2021-06-14 18:00:00,2021-06-14,6,0,18,172.75,829,1,21.3,2.4,91,0.0,0.3333333333333333
2021-06-14 19:00:00,2021-06-14,6,0,19,150.25,2256,1,20.8,2.0,94,0.0,0.3333333333333333
2021-06-14 20:00:00,2021-06-14,6,0,20,119.25,2,1,20.8,1.1,94,0.0,0.3333333333333333
2021-06-14 21:00:00,2021-06-14,6,0,21,123.0,380,1,21.0,1.1,93,0.0,0.3333333333333333
2021-06-14 22:00:00,2021-06-14,6,0,22,111.5,0,0,20.9,1.9,94,0.0,0.3333333333333333
2021-06-14 23:00:00,2021-06-14,6,0,23,106.75,18,1,20.6,1.1,97,0.0,0.3333333333333333
2021-06-15 00:00:00,2021-06-15,6,0,0,76.0,468,1,20.4,0.9,98,0.0,0.25
2021-06-15 01:00:00,2021-06-15,6,0,1,110.25,0,0,20.4,0.6,98,0.0,0.25
2021-06-15 02:00:00,2021-06-15,6,0,2,117.25,110,1,20.6,1.0,96,0.0,0.25
2021-06-15 03:00:00,2021-06-15,6,0,3,115.75,69,1,20.4,1.2,94,0.0,0.25
2021-06-15 04:00:00,2021-06-15,6,0,4,109.75,69,1,20.4,1.2,94,0.0,0.25
2021-06-15 05:00:00,2021-06-15,6,0,5,97.25,0,0,20.4,0.9,95,0.0,0.25
2021-06-15 06:00:00,2021-06-15,6,0,6,118.25,128,1,20.7,0.8,96,0.0,0.25
2021-06-15 07:00:00,2021-06-15,6,0,7,132.25,1228,1,22.0,1.3,90,0.0,0.25
2021-06-15 08:00:00,2021-06-15,6,0,8,187.75,2120,1,22.0,2.2,88,0.0,0.25
2021-06-15 09:00:00,2021-06-15,6,0,9,185.75,1455,1,21.5,2.2,90,0.0,0.25
2021-06-15 10:00:00,2021-06-15,6,0,10,164.25,1189,1,21.9,2.4,88,0.0,0.25
2021-06-15 11:00:00,2021-06-15,6,0,11,173.25,1370,1,21.8,2.5,90,0.0,0.25
2021-06-15 12:00:00,2021-06-15,6,0,12,111.75,274,1,21.7,1.6,90,0.0,0.25
2021-06-15 13:00:00,2021-06-15,6,0,13,171.25,2845,1,21.4,2.4,92,0.0,0.25
2021-06-15 14:00:00,2021-06-15,6,0,14,177.0,923,1,21.2,1.9,93,0.0,0.25
2021-06-15 15:00:00,2021-06-15,6,0,15,163.0,994,1,21.0,2.1,97,0.0,0.25
2021-06-15 16:00:00,2021-06-15,6,0,16,169.75,3214,1,20.6,1.9,98,0.3,0.25
2021-06-15 17:00:00,2021-06-15,6,0,17,133.5,602,1,20.7,0.6,98,1.0,0.25
2021-06-15 18:00:00,2021-06-15,6,0,18,161.25,2017,1,20.6,1.0,98,1.1,0.25
2021-06-15 19:00:00,2021-06-15,6,0,19,155.5,1905,1,20.5,3.2,98,2.7,0.25
2021-06-15 20:00:00,2021-06-15,6,0,20,127.75,1,1,20.0,2.6,98,4.1,0.25
2021-06-15 21:00:00,2021-06-15,6,0,21,127.0,338,1,19.5,2.3,98,5.5,0.25
2021-06-15 22:00:00,2021-06-15,6,0,22,114.5,24,1,18.4,3.1,98,6.2,0.25
2021-06-15 23:00:00,2021-06-15,6,0,23,107.75,191,1,18.3,2.2,98,7.6,0.25
2021-06-16 00:00:00,2021-06-16,6,0,0,73.0,550,1,18.7,2.6,98,0.2,0.3333333333333333
2021-06-16 01:00:00,2021-06-16,6,0,1,111.0,22,1,18.2,2.8,98,1.0,0.3333333333333333
2021-06-16 02:00:00,2021-06-16,6,0,2,114.0,175,1,18.3,3.1,98,3.7,0.3333333333333333
2021-06-16 03:00:00,2021-06-16,6,0,3,111.5,453,1,18.5,2.9,98,5.8,0.3333333333333333
2021-06-16 04:00:00,2021-06-16,6,0,4,112.0,85,1,18.7,2.8,98,6.4,0.3333333333333333
2021-06-16 05:00:00,2021-06-16,6,0,5,91.75,226,1,18.9,2.9,98,7.5,0.3333333333333333
2021-06-16 06:00:00,2021-06-16,6,0,6,114.75,194,1,18.9,2.9,98,8.9,0.3333333333333333
2021-06-16 07:00:00,2021-06-16,6,0,7,130.25,682,1,19.2,2.7,98,10.6,0.3333333333333333
2021-06-16 08:00:00,2021-06-16,6,0,8,177.0,1140,1,19.3,3.2,98,11.4,0.3333333333333333
2021-06-16 09:00:00,2021-06-16,6,0,9,179.5,1405,1,19.2,2.2,98,14.3,0.3333333333333333
2021-06-16 10:00:00,2021-06-16,6,0,10,178.0,873,1,19.3,3.1,98,15.4,0.3333333333333333
2021-06-16 11:00:00,2021-06-16,6,0,11,175.75,376,1,19.5,3.4,98,15.4,0.3333333333333333
2021-06-16 12:00:00,2021-06-16,6,0,12,108.75,776,1,19.8,3.7,96,15.4,0.3333333333333333
2021-06-16 13:00:00,2021-06-16,6,0,13,169.0,908,1,19.8,3.5,95,15.4,0.3333333333333333
2021-06-16 14:00:00,2021-06-16,6,0,14,170.5,2028,1,19.7,4.1,97,15.4,0.3333333333333333
2021-06-16 15:00:00,2021-06-16,6,0,15,163.0,1068,1,19.9,3.7,96,15.4,0.3333333333333333
2021-06-16 16:00:00,2021-06-16,6,0,16,168.25,1631,1,19.4,2.4,98,15.4,0.3333333333333333
2021-06-16 17:00:00,2021-06-16,6,0,17,153.75,69,1,19.4,3.2,98,15.9,0.3333333333333333
2021-06-16 18:00:00,2021-06-16,6,0,18,167.75,914,1,19.2,4.2,98,15.9,0.3333333333333333
2021-06-16 19:00:00,2021-06-16,6,0,19,139.0,2889,1,19.3,4.1,98,15.9,0.3333333333333333
2021-06-16 20:00:00,2021-06-16,6,0,20,113.75,289,1,18.9,3.4,98,15.9,0.3333333333333333
2021-06-16 21:00:00,2021-06-16,6,0,21,117.5,31,1,18.9,3.3,97,16.0,0.3333333333333333
2021-06-16 22:00:00,2021-06-16,6,0,22,102.5,201,1,18.4,3.2,98,16.2,0.3333333333333333
2021-06-16 23:00:00,2021-06-16,6,0,23,105.5,0,0,18.1,3.1,98,16.2,0.3333333333333333
2021-06-17 00:00:00,2021-06-17,6,0,0,71.75,0,0,17.6,2.4,98,0.4,0.25
2021-06-17 01:00:00,2021-06-17,6,0,1,106.5,29,1,17.3,2.4,98,0.7,0.25
2021-06-17 02:00:00,2021-06-17,6,0,2,112.25,141,1,17.1,2.3,98,0.9,0.25
2021-06-17 03:00:00,2021-06-17,6,0,3,116.25,36,1,17.1,2.1,98,1.0,0.25
2021-06-17 04:00:00,2021-06-17,6,0,4,112.5,160,1,16.9,2.5,98,1.2,0.25
2021-06-17 05:00:00,2021-06-17,6,0,5,97.25,16,1,16.9,2.0,98,1.3,0.25
2021-06-17 06:00:00,2021-06-17,6,0,6,120.5,231,1,17.4,2.9,98,1.3,0.25
2021-06-17 07:00:00,2021-06-17,6,0,7,141.0,591,1,18.0,2.5,98,1.3,0.25
2021-06-17 08:00:00,2021-06-17,6,0,8,190.25,1191,1,18.3,2.8,97,1.3,0.25
2021-06-17 09:00:00,2021-06-17,6,0,9,180.0,987,1,18.6,2.4,95,1.3,0.25
2021-06-17 10:00:00,2021-06-17,6,0,10,166.0,711,1,19.2,1.6,93,1.3,0.25
2021-06-17 11:00:00,2021-06-17,6,0,11,183.0,3403,1,19.6,2.2,92,1.3,0.25
2021-06-17 12:00:00,2021-06-17,6,0,12,103.0,202,1,19.4,2.2,91,1.3,0.25
2021-06-17 13:00:00,2021-06-17,6,0,13,182.75,1735,1,20.2,1.5,89,1.3,0.25
2021-06-17 14:00:00,2021-06-17,6,0,14,178.75,802,1,20.2,1.8,88,1.3,0.25
2021-06-17 15:00:00,2021-06-17,6,0,15,169.75,1135,1,20.7,1.5,85,1.3,0.25
2021-06-17 16:00:00,2021-06-17,6,0,16,168.5,358,1,20.0,1.4,86,1.3,0.25
2021-06-17 17:00:00,2021-06-17,6,0,17,138.0,991,1,19.6,1.1,89,1.3,0.25
2021-06-17 18:00:00,2021-06-17,6,0,18,170.25,1558,1,19.0,1.0,92,1.3,0.25
2021-06-17 19:00:00,2021-06-17,6,0,19,159.0,2358,1,18.8,1.1,92,1.3,0.25
2021-06-17 20:00:00,2021-06-17,6,0,20,138.5,6,1,18.7,1.0,93,1.3,0.25
2021-06-17 21:00:00,2021-06-17,6,0,21,126.75,2,1,18.7,0.0,95,1.3,0.25
2021-06-17 22:00:00,2021-06-17,6,0,22,125.0,28,1,18.8,0.7,96,1.3,0.25
2021-06-17 23:00:00,2021-06-17,6,0,23,111.0,10,1,18.8,0.7,96,1.3,0.25
2021-06-18 00:00:00,2021-06-18,6,0,0,80.0,200,1,18.5,0.7,98,0.2,0.25
2021-06-18 01:00:00,2021-06-18,6,0,1,111.75,191,1,18.3,0.2,98,0.5,0.25
2021-06-18 02:00:00,2021-06-18,6,0,2,115.0,98,1,18.3,0.4,98,0.5,0.25
2021-06-18 03:00:00,2021-06-18,6,0,3,114.0,185,1,18.1,0.3,98,0.7,0.25
2021-06-18 04:00:00,2021-06-18,6,0,4,111.5,0,0,17.9,0.6,98,1.5,0.25
2021-06-18 05:00:00,2021-06-18,6,0,5,101.5,0,0,17.9,0.5,98,2.6,0.25
2021-06-18 06:00:00,2021-06-18,6,0,6,120.5,460,1,18.4,0.1,98,2.8,0.25
2021-06-18 07:00:00,2021-06-18,6,0,7,133.0,1086,1,18.8,0.7,98,2.9,0.25
2021-06-18 08:00:00,2021-06-18,6,0,8,161.5,470,1,19.6,0.4,98,2.9,0.25
2021-06-18 09:00:00,2021-06-18,6,0,9,170.5,680,1,20.3,0.9,98,2.9,0.25
2021-06-18 10:00:00,2021-06-18,6,0,10,164.75,771,1,22.7,0.9,92,2.9,0.25
2021-06-18 11:00:00,2021-06-18,6,0,11,177.25,982,1,23.2,1.3,80,2.9,0.25
2021-06-18 12:00:00,2021-06-18,6,0,12,101.5,235,1,23.4,1.0,83,2.9,0.25
2021-06-18 13:00:00,2021-06-18,6,0,13,174.25,2310,1,25.0,1.6,77,2.9,0.25
2021-06-18 14:00:00,2021-06-18,6,0,14,163.5,1500,1,24.7,1.2,78,2.9,0.25
2021-06-18 15:00:00,2021-06-18,6,0,15,155.5,805,1,23.1,1.6,83,2.9,0.25
2021-06-18 16:00:00,2021-06-18,6,0,16,161.75,1065,1,22.5,1.5,87,2.9,0.25
2021-06-18 17:00:00,2021-06-18,6,0,17,147.5,527,1,22.2,1.0,90,2.9,0.25
2021-06-18 18:00:00,2021-06-18,6,0,18,150.25,766,1,22.4,0.3,90,2.9,0.25
2021-06-18 19:00:00,2021-06-18,6,0,19,137.5,3528,1,21.8,0.0,95,2.9,0.25
2021-06-18 20:00:00,2021-06-18,6,0,20,117.25,322,1,21.6,1.8,94,2.9,0.25
2021-06-18 21:00:00,2021-06-18,6,0,21,113.5,92,1,21.2,0.6,93,2.9,0.25
2021-06-18 22:00:00,2021-06-18,6,0,22,114.0,33,1,21.3,1.3,95,2.9,0.25
2021-06-18 23:00:00,2021-06-18,6,0,23,106.25,70,1,21.1,1.5,96,2.9,0.25
2021-06-19 00:00:00,2021-06-19,6,1,0,66.75,104,1,20.5,1.3,98,0.0,0.5
2021-06-19 01:00:00,2021-06-19,6,1,1,110.25,102,1,20.5,2.1,95,0.0,0.5
2021-06-19 02:00:00,2021-06-19,6,1,2,115.0,6,1,20.2,1.4,91,0.0,0.5
2021-06-19 03:00:00,2021-06-19,6,1,3,99.5,50,1,19.4,1.7,88,0.0,0.5
2021-06-19 04:00:00,2021-06-19,6,1,4,109.25,0,0,20.2,2.1,82,0.0,0.5
2021-06-19 05:00:00,2021-06-19,6,1,5,88.25,3,1,20.6,2.5,80,0.0,0.5
2021-06-19 06:00:00,2021-06-19,6,1,6,102.75,450,1,22.1,2.8,73,0.0,0.5
2021-06-19 07:00:00,2021-06-19,6,1,7,57.25,844,1,23.3,2.0,72,0.0,0.5
2021-06-19 08:00:00,2021-06-19,6,1,8,22.75,0,0,24.2,3.1,63,0.0,0.5
2021-06-19 09:00:00,2021-06-19,6,1,9,22.0,0,0,25.2,3.1,54,0.0,0.5
2021-06-19 10:00:00,2021-06-19,6,1,10,22.0,0,0,26.5,2.2,50,0.0,0.5
2021-06-19 11:00:00,2021-06-19,6,1,11,24.0,0,0,26.6,1.6,52,0.0,0.5
2021-06-19 12:00:00,2021-06-19,6,1,12,22.0,0,0,26.3,3.9,46,0.0,0.5
2021-06-19 13:00:00,2021-06-19,6,1,13,21.75,0,0,27.0,3.5,47,0.0,0.5
2021-06-19 14:00:00,2021-06-19,6,1,14,24.5,0,0,26.9,2.7,48,0.0,0.5
2021-06-19 15:00:00,2021-06-19,6,1,15,22.25,0,0,26.5,2.3,46,0.0,0.5
2021-06-19 16:00:00,2021-06-19,6,1,16,22.0,0,0,25.6,2.0,51,0.0,0.5
2021-06-19 17:00:00,2021-06-19,6,1,17,22.5,0,0,24.1,1.3,47,0.0,0.5
2021-06-19 18:00:00,2021-06-19,6,1,18,24.25,0,0,23.5,1.2,61,0.0,0.5
2021-06-19 19:00:00,2021-06-19,6,1,19,22.0,0,0,22.4,0.8,70,0.0,0.5
2021-06-19 20:00:00,2021-06-19,6,1,20,22.0,0,0,21.9,0.3,76,0.0,0.5
2021-06-19 21:00:00,2021-06-19,6,1,21,23.5,0,0,21.0,0.9,82,0.0,0.5
2021-06-19 22:00:00,2021-06-19,6,1,22,23.0,0,0,19.9,0.1,82,0.0,0.5
2021-06-19 23:00:00,2021-06-19,6,1,23,22.0,0,0,19.6,0.5,83,0.0,0.5
2021-06-20 00:00:00,2021-06-20,6,1,0,22.0,0,0,19.3,1.2,88,0.0,1.0
2021-06-20 01:00:00,2021-06-20,6,1,1,24.25,0,0,18.6,1.0,88,0.0,1.0
2021-06-20 02:00:00,2021-06-20,6,1,2,22.0,0,0,18.4,0.1,90,0.0,1.0
2021-06-20 03:00:00,2021-06-20,6,1,3,22.0,0,0,18.2,0.9,94,0.0,1.0
2021-06-20 04:00:00,2021-06-20,6,1,4,23.5,0,0,17.5,0.5,95,0.0,1.0
2021-06-20 05:00:00,2021-06-20,6,1,5,23.0,0,0,18.0,0.7,94,0.0,1.0
2021-06-20 06:00:00,2021-06-20,6,1,6,22.0,0,0,20.1,1.3,86,0.0,1.0
2021-06-20 07:00:00,2021-06-20,6,1,7,21.5,0,0,21.8,1.6,79,0.0,1.0
2021-06-20 08:00:00,2021-06-20,6,1,8,23.75,0,0,23.5,1.1,70,0.0,1.0
2021-06-20 09:00:00,2021-06-20,6,1,9,22.0,0,0,25.5,1.0,61,0.0,1.0
2021-06-20 10:00:00,2021-06-20,6,1,10,22.0,0,0,25.9,1.6,67,0.0,1.0
2021-06-20 11:00:00,2021-06-20,6,1,11,24.25,0,0,26.9,2.0,63,0.0,1.0
2021-06-20 12:00:00,2021-06-20,6,1,12,22.0,0,0,26.8,2.2,64,0.0,1.0
2021-06-20 13:00:00,2021-06-20,6,1,13,22.25,0,0,26.2,2.3,62,0.0,1.0
2021-06-20 14:00:00,2021-06-20,6,1,14,22.75,0,0,27.0,1.9,67,0.0,1.0
2021-06-20 15:00:00,2021-06-20,6,1,15,24.5,0,0,27.6,1.8,61,0.0,1.0
2021-06-20 16:00:00,2021-06-20,6,1,16,23.25,0,0,28.0,1.7,58,0.0,1.0
2021-06-20 17:00:00,2021-06-20,6,1,17,23.0,0,0,27.6,1.2,58,0.0,1.0
2021-06-20 18:00:00,2021-06-20,6,1,18,24.25,0,0,25.9,1.2,63,0.0,1.0
2021-06-20 19:00:00,2021-06-20,6,1,19,22.5,0,0,23.7,0.7,76,0.0,1.0
2021-06-20 20:00:00,2021-06-20,6,1,20,22.0,0,0,22.5,1.2,84,0.0,1.0
2021-06-20 21:00:00,2021-06-20,6,1,21,24.75,0,0,22.0,0.0,86,0.0,1.0
2021-06-20 22:00:00,2021-06-20,6,1,22,22.5,0,0,21.7,0.2,87,0.0,1.0
2021-06-20 23:00:00,2021-06-20,6,1,23,22.5,0,0,21.1,0.1,90,0.0,1.0
2021-06-21 00:00:00,2021-06-21,6,0,0,23.25,0,0,20.6,0.6,92,0.0,0.5
2021-06-21 01:00:00,2021-06-21,6,0,1,23.75,0,0,19.9,0.0,96,0.0,0.5
2021-06-21 02:00:00,2021-06-21,6,0,2,22.25,0,0,20.1,0.4,95,0.0,0.5
2021-06-21 03:00:00,2021-06-21,6,0,3,22.5,0,0,19.3,0.5,96,0.0,0.5
2021-06-21 04:00:00,2021-06-21,6,0,4,24.5,0,0,19.6,2.0,86,0.0,0.5
2021-06-21 05:00:00,2021-06-21,6,0,5,22.25,0,0,21.2,2.4,69,0.0,0.5
2021-06-21 06:00:00,2021-06-21,6,0,6,22.25,0,0,22.7,1.1,57,0.0,0.5
2021-06-21 07:00:00,2021-06-21,6,0,7,57.5,0,0,24.0,1.5,61,0.0,0.5
2021-06-21 08:00:00,2021-06-21,6,0,8,189.5,180,1,25.2,2.1,55,0.0,0.5
2021-06-21 09:00:00,2021-06-21,6,0,9,189.25,1350,1,26.9,2.2,46,0.0,0.5
2021-06-21 10:00:00,2021-06-21,6,0,10,185.0,1175,1,27.4,2.8,43,0.0,0.5
2021-06-21 11:00:00,2021-06-21,6,0,11,181.0,2287,1,27.8,3.1,41,0.0,0.5
2021-06-21 12:00:00,2021-06-21,6,0,12,114.5,24,1,25.2,3.7,62,0.0,0.5
2021-06-21 13:00:00,2021-06-21,6,0,13,189.5,642,1,24.8,3.9,68,0.0,0.5
2021-06-21 14:00:00,2021-06-21,6,0,14,189.25,1038,1,22.6,3.7,76,0.0,0.5
2021-06-21 15:00:00,2021-06-21,6,0,15,168.5,1258,1,21.1,2.8,82,0.0,0.5
2021-06-21 16:00:00,2021-06-21,6,0,16,160.0,955,1,22.2,1.9,79,0.0,0.5
2021-06-21 17:00:00,2021-06-21,6,0,17,134.0,1810,1,21.3,3.3,83,0.0,0.5
2021-06-21 18:00:00,2021-06-21,6,0,18,156.25,2438,1,21.0,2.9,79,0.0,0.5
2021-06-21 19:00:00,2021-06-21,6,0,19,143.25,2118,1,20.2,2.0,80,0.0,0.5
2021-06-21 20:00:00,2021-06-21,6,0,20,126.75,137,1,19.9,2.5,78,0.0,0.5
2021-06-21 21:00:00,2021-06-21,6,0,21,126.75,72,1,19.4,2.1,81,0.0,0.5
2021-06-21 22:00:00,2021-06-21,6,0,22,114.0,100,1,19.0,1.9,81,0.0,0.5
2021-06-21 23:00:00,2021-06-21,6,0,23,112.25,56,1,18.9,1.6,86,0.0,0.5
2021-06-22 00:00:00,2021-06-22,6,0,0,71.25,226,1,18.3,1.2,85,0.0,0.25
2021-06-22 01:00:00,2021-06-22,6,0,1,108.0,24,1,17.8,1.2,89,0.0,0.25
2021-06-22 02:00:00,2021-06-22,6,0,2,112.75,0,0,17.3,1.4,93,0.0,0.25
2021-06-22 03:00:00,2021-06-22,6,0,3,113.0,606,1,16.8,1.7,95,0.0,0.25
2021-06-22 04:00:00,2021-06-22,6,0,4,116.5,40,1,17.2,1.4,93,0.0,0.25
2021-06-22 05:00:00,2021-06-22,6,0,5,93.5,850,1,17.9,1.8,89,0.0,0.25
2021-06-22 06:00:00,2021-06-22,6,0,6,114.0,157,1,18.7,1.7,87,0.0,0.25
2021-06-22 07:00:00,2021-06-22,6,0,7,138.5,1039,1,19.6,2.1,78,0.0,0.25
2021-06-22 08:00:00,2021-06-22,6,0,8,171.0,433,1,20.7,2.1,72,0.0,0.25
2021-06-22 09:00:00,2021-06-22,6,0,9,166.5,4451,1,20.9,1.4,73,0.0,0.25
2021-06-22 10:00:00,2021-06-22,6,0,10,172.25,1033,1,20.4,2.6,77,0.0,0.25
2021-06-22 11:00:00,2021-06-22,6,0,11,172.25,1559,1,21.7,1.4,74,0.0,0.25
2021-06-22 12:00:00,2021-06-22,6,0,12,110.75,351,1,22.6,2.2,70,0.0,0.25
2021-06-22 13:00:00,2021-06-22,6,0,13,166.25,628,1,22.3,2.4,70,0.0,0.25
2021-06-22 14:00:00,2021-06-22,6,0,14,156.5,1159,1,22.0,3.1,71,0.0,0.25
2021-06-22 15:00:00,2021-06-22,6,0,15,156.25,953,1,20.7,2.3,76,0.0,0.25
2021-06-22 16:00:00,2021-06-22,6,0,16,159.75,1619,1,20.3,2.0,80,0.0,0.25
2021-06-22 17:00:00,2021-06-22,6,0,17,119.75,276,1,19.6,1.6,85,0.1,0.25
2021-06-22 18:00:00,2021-06-22,6,0,18,152.5,907,1,19.2,1.1,88,0.1,0.25
2021-06-22 19:00:00,2021-06-22,6,0,19,155.75,2535,1,19.3,1.8,85,0.1,0.25
2021-06-22 20:00:00,2021-06-22,6,0,20,132.5,59,1,19.3,1.7,85,0.1,0.25
2021-06-22 21:00:00,2021-06-22,6,0,21,125.5,112,1,19.5,1.5,84,0.1,0.25
2021-06-22 22:00:00,2021-06-22,6,0,22,113.5,123,1,19.0,1.9,88,0.1,0.25
2021-06-22 23:00:00,2021-06-22,6,0,23,113.25,144,1,18.9,1.1,89,0.1,0.25
2021-06-23 00:00:00,2021-06-23,6,0,0,69.0,126,1,18.6,1.8,92,0.0,0.25
2021-06-23 01:00:00,2021-06-23,6,0,1,102.5,61,1,18.2,1.8,92,0.0,0.25
2021-06-23 02:00:00,2021-06-23,6,0,2,119.5,46,1,18.2,1.6,93,0.0,0.25
2021-06-23 03:00:00,2021-06-23,6,0,3,103.0,150,1,17.4,1.6,97,0.0,0.25
2021-06-23 04:00:00,2021-06-23,6,0,4,111.75,41,1,17.2,1.1,98,0.0,0.25
2021-06-23 05:00:00,2021-06-23,6,0,5,95.25,1006,1,17.1,2.1,98,0.0,0.25
2021-06-23 06:00:00,2021-06-23,6,0,6,116.75,106,1,18.3,1.5,95,0.0,0.25
2021-06-23 07:00:00,2021-06-23,6,0,7,140.25,1090,1,19.2,1.1,89,0.0,0.25
2021-06-23 08:00:00,2021-06-23,6,0,8,162.5,898,1,19.9,0.4,84,0.0,0.25
2021-06-23 09:00:00,2021-06-23,6,0,9,159.75,1005,1,20.1,1.4,81,0.0,0.25
2021-06-23 10:00:00,2021-06-23,6,0,10,148.0,4520,1,20.5,1.7,83,0.0,0.25
2021-06-23 11:00:00,2021-06-23,6,0,11,155.75,1185,1,20.7,1.7,80,0.0,0.25
2021-06-23 12:00:00,2021-06-23,6,0,12,93.0,16,1,21.2,3.1,77,0.0,0.25
2021-06-23 13:00:00,2021-06-23,6,0,13,153.25,854,1,21.0,3.1,80,0.0,0.25
2021-06-23 14:00:00,2021-06-23,6,0,14,151.0,1068,1,20.9,3.8,78,0.0,0.25
2021-06-23 15:00:00,2021-06-23,6,0,15,150.0,1057,1,21.1,3.2,77,0.0,0.25
2021-06-23 16:00:00,2021-06-23,6,0,16,159.5,668,1,20.8,2.2,80,0.0,0.25
2021-06-23 17:00:00,2021-06-23,6,0,17,128.0,1183,1,20.5,2.9,79,0.0,0.25
2021-06-23 18:00:00,2021-06-23,6,0,18,161.5,1462,1,20.1,1.8,83,0.0,0.25
2021-06-23 19:00:00,2021-06-23,6,0,19,136.75,1696,1,19.7,1.5,84,0.0,0.25
2021-06-23 20:00:00,2021-06-23,6,0,20,127.5,133,1,19.5,1.7,84,0.0,0.25
2021-06-23 21:00:00,2021-06-23,6,0,21,125.75,68,1,19.1,1.5,84,0.0,0.25
2021-06-23 22:00:00,2021-06-23,6,0,22,114.0,75,1,19.3,1.2,84,0.0,0.25
2021-06-23 23:00:00,2021-06-23,6,0,23,110.0,381,1,19.3,1.5,84,0.0,0.25
2021-06-24 00:00:00,2021-06-24,6,0,0,70.25,200,1,19.2,1.0,85,0.0,0.25
2021-06-24 01:00:00,2021-06-24,6,0,1,111.0,204,1,18.8,1.2,86,0.0,0.25
2021-06-24 02:00:00,2021-06-24,6,0,2,118.0,207,1,18.6,0.9,86,0.0,0.25
2021-06-24 03:00:00,2021-06-24,6,0,3,116.75,77,1,18.0,1.0,89,0.0,0.25
2021-06-24 04:00:00,2021-06-24,6,0,4,116.25,64,1,17.8,1.1,91,0.0,0.25
2021-06-24 05:00:00,2021-06-24,6,0,5,101.0,10,1,18.3,1.6,91,0.0,0.25
2021-06-24 06:00:00,2021-06-24,6,0,6,117.75,116,1,19.6,0.9,85,0.0,0.25
2021-06-24 07:00:00,2021-06-24,6,0,7,149.25,1695,1,20.3,0.9,82,0.0,0.25
2021-06-24 08:00:00,2021-06-24,6,0,8,182.0,429,1,20.8,1.0,81,0.0,0.25
2021-06-24 09:00:00,2021-06-24,6,0,9,161.75,902,1,21.7,0.7,76,0.0,0.25
2021-06-24 10:00:00,2021-06-24,6,0,10,154.0,2375,1,23.3,1.1,68,0.0,0.25
2021-06-24 11:00:00,2021-06-24,6,0,11,163.5,2152,1,24.1,1.5,68,0.0,0.25
2021-06-24 12:00:00,2021-06-24,6,0,12,105.25,328,1,25.1,1.3,62,0.0,0.25
2021-06-24 13:00:00,2021-06-24,6,0,13,170.5,814,1,24.0,2.1,67,0.0,0.25
2021-06-24 14:00:00,2021-06-24,6,0,14,163.25,1221,1,23.7,2.0,69,0.0,0.25
2021-06-24 15:00:00,2021-06-24,6,0,15,150.25,2131,1,23.7,2.0,70,0.0,0.25
2021-06-24 16:00:00,2021-06-24,6,0,16,162.25,959,1,23.0,1.5,74,0.0,0.25
2021-06-24 17:00:00,2021-06-24,6,0,17,134.75,232,1,22.8,1.3,76,0.0,0.25
2021-06-24 18:00:00,2021-06-24,6,0,18,149.75,1270,1,21.5,1.3,79,0.0,0.25
2021-06-24 19:00:00,2021-06-24,6,0,19,159.25,2119,1,20.9,1.0,85,0.0,0.25
2021-06-24 20:00:00,2021-06-24,6,0,20,135.5,31,1,20.3,0.8,88,0.0,0.25
2021-06-24 21:00:00,2021-06-24,6,0,21,131.0,21,1,20.0,0.9,90,0.0,0.25
2021-06-24 22:00:00,2021-06-24,6,0,22,121.25,0,0,19.1,0.7,94,0.0,0.25
2021-06-24 23:00:00,2021-06-24,6,0,23,114.75,86,1,19.6,0.4,95,0.0,0.25
2021-06-25 00:00:00,2021-06-25,6,0,0,71.0,0,0,19.0,0.1,96,0.0,0.25
2021-06-25 01:00:00,2021-06-25,6,0,1,119.0,13,1,19.1,0.4,97,0.0,0.25
2021-06-25 02:00:00,2021-06-25,6,0,2,117.0,72,1,18.9,0.0,98,0.0,0.25
2021-06-25 03:00:00,2021-06-25,6,0,3,119.25,1602,1,19.3,0.3,97,0.0,0.25
2021-06-25 04:00:00,2021-06-25,6,0,4,118.25,72,1,18.4,0.7,98,0.0,0.25
2021-06-25 05:00:00,2021-06-25,6,0,5,106.0,2078,1,18.7,0.7,98,0.0,0.25
2021-06-25 06:00:00,2021-06-25,6,0,6,114.25,120,1,20.1,0.0,94,0.0,0.25
2021-06-25 07:00:00,2021-06-25,6,0,7,135.0,1336,1,22.3,0.7,83,0.0,0.25
2021-06-25 08:00:00,2021-06-25,6,0,8,155.75,1077,1,22.7,1.1,79,0.0,0.25
2021-06-25 09:00:00,2021-06-25,6,0,9,169.75,620,1,25.2,1.4,66,0.0,0.25
2021-06-25 10:00:00,2021-06-25,6,0,10,171.75,1426,1,25.9,1.7,68,0.0,0.25
2021-06-25 11:00:00,2021-06-25,6,0,11,180.25,1382,1,26.0,2.0,67,0.0,0.25
2021-06-25 12:00:00,2021-06-25,6,0,12,121.75,262,1,26.5,2.1,68,0.0,0.25
2021-06-25 13:00:00,2021-06-25,6,0,13,179.25,1234,1,26.0,2.1,66,0.0,0.25
2021-06-25 14:00:00,2021-06-25,6,0,14,177.0,705,1,25.1,2.3,71,0.0,0.25
2021-06-25 15:00:00,2021-06-25,6,0,15,174.5,414,1,24.8,2.0,73,0.0,0.25
2021-06-25 16:00:00,2021-06-25,6,0,16,166.25,790,1,25.0,1.7,68,0.0,0.25
2021-06-25 17:00:00,2021-06-25,6,0,17,141.0,758,1,24.3,1.3,70,0.0,0.25
2021-06-25 18:00:00,2021-06-25,6,0,18,141.5,1300,1,23.0,1.1,78,0.0,0.25
2021-06-25 19:00:00,2021-06-25,6,0,19,110.25,2139,1,21.7,1.4,87,0.0,0.25
2021-06-25 20:00:00,2021-06-25,6,0,20,108.75,10,1,21.7,1.8,89,0.0,0.25
2021-06-25 21:00:00,2021-06-25,6,0,21,116.25,16,1,21.3,1.0,89,0.0,0.25
2021-06-25 22:00:00,2021-06-25,6,0,22,123.0,303,1,21.0,0.4,89,0.0,0.25
2021-06-25 23:00:00,2021-06-25,6,0,23,101.75,229,1,21.0,0.1,89,0.0,0.25
2021-06-26 00:00:00,2021-06-26,6,1,0,71.0,0,0,21.1,0.3,90,0.0,0.5
2021-06-26 01:00:00,2021-06-26,6,1,1,115.75,204,1,20.9,0.9,91,0.0,0.5
2021-06-26 02:00:00,2021-06-26,6,1,2,111.0,875,1,20.3,0.3,94,0.0,0.5
2021-06-26 03:00:00,2021-06-26,6,1,3,109.25,62,1,19.9,1.7,97,0.0,0.5
2021-06-26 04:00:00,2021-06-26,6,1,4,125.25,205,1,19.9,1.2,97,0.0,0.5
2021-06-26 05:00:00,2021-06-26,6,1,5,97.25,130,1,20.0,0.8,97,0.0,0.5
2021-06-26 06:00:00,2021-06-26,6,1,6,118.0,0,0,20.5,0.2,97,0.0,0.5
2021-06-26 07:00:00,2021-06-26,6,1,7,70.75,2337,1,20.4,0.8,98,0.0,0.5
2021-06-26 08:00:00,2021-06-26,6,1,8,23.25,0,0,21.5,0.5,95,0.2,0.5
2021-06-26 09:00:00,2021-06-26,6,1,9,23.0,0,0,21.8,1.2,91,0.2,0.5
2021-06-26 10:00:00,2021-06-26,6,1,10,25.75,0,0,23.9,1.0,83,0.2,0.5
2021-06-26 11:00:00,2021-06-26,6,1,11,23.75,0,0,26.4,1.5,59,0.2,0.5
2021-06-26 12:00:00,2021-06-26,6,1,12,23.75,0,0,26.0,0.7,59,0.2,0.5
2021-06-26 13:00:00,2021-06-26,6,1,13,25.25,0,0,27.2,1.9,63,0.2,0.5
2021-06-26 14:00:00,2021-06-26,6,1,14,23.75,0,0,26.0,1.8,65,0.2,0.5
2021-06-26 15:00:00,2021-06-26,6,1,15,23.25,0,0,25.2,2.5,70,0.2,0.5
2021-06-26 16:00:00,2021-06-26,6,1,16,23.25,0,0,23.9,1.4,71,0.2,0.5
2021-06-26 17:00:00,2021-06-26,6,1,17,25.75,0,0,23.6,1.1,72,0.2,0.5
2021-06-26 18:00:00,2021-06-26,6,1,18,23.75,0,0,23.3,1.9,74,0.2,0.5
2021-06-26 19:00:00,2021-06-26,6,1,19,23.75,0,0,22.3,0.6,80,0.2,0.5
2021-06-26 20:00:00,2021-06-26,6,1,20,25.0,0,0,21.5,0.7,88,0.2,0.5
2021-06-26 21:00:00,2021-06-26,6,1,21,23.5,0,0,20.7,0.2,91,0.2,0.5
2021-06-26 22:00:00,2021-06-26,6,1,22,23.75,0,0,20.3,0.2,93,0.2,0.5
2021-06-26 23:00:00,2021-06-26,6,1,23,25.5,0,0,20.1,1.5,91,0.2,0.5
2021-06-27 00:00:00,2021-06-27,6,1,0,23.0,0,0,19.6,1.8,89,0.0,1.0
2021-06-27 01:00:00,2021-06-27,6,1,1,23.0,0,0,19.3,1.6,88,0.0,1.0
2021-06-27 02:00:00,2021-06-27,6,1,2,23.5,0,0,19.0,0.6,91,0.0,1.0
2021-06-27 03:00:00,2021-06-27,6,1,3,24.5,0,0,18.2,0.7,95,0.0,1.0
2021-06-27 04:00:00,2021-06-27,6,1,4,22.5,0,0,18.4,1.9,97,0.0,1.0
2021-06-27 05:00:00,2021-06-27,6,1,5,23.0,0,0,18.6,0.4,98,0.0,1.0
2021-06-27 06:00:00,2021-06-27,6,1,6,24.5,0,0,20.6,1.1,91,0.0,1.0
2021-06-27 07:00:00,2021-06-27,6,1,7,23.0,0,0,22.0,2.6,85,0.0,1.0
2021-06-27 08:00:00,2021-06-27,6,1,8,23.75,0,0,24.2,1.7,72,0.0,1.0
2021-06-27 09:00:00,2021-06-27,6,1,9,25.5,0,0,25.7,3.2,61,0.0,1.0
2021-06-27 10:00:00,2021-06-27,6,1,10,24.0,0,0,25.9,3.6,56,0.0,1.0
2021-06-27 11:00:00,2021-06-27,6,1,11,24.0,0,0,26.0,3.5,61,0.0,1.0
2021-06-27 12:00:00,2021-06-27,6,1,12,26.25,0,0,25.6,3.8,64,0.0,1.0
2021-06-27 13:00:00,2021-06-27,6,1,13,24.0,0,0,25.6,3.7,64,0.0,1.0
2021-06-27 14:00:00,2021-06-27,6,1,14,24.0,0,0,25.7,3.8,68,0.0,1.0
2021-06-27 15:00:00,2021-06-27,6,1,15,26.25,0,0,25.1,2.8,70,0.0,1.0
2021-06-27 16:00:00,2021-06-27,6,1,16,24.0,0,0,24.9,2.7,71,0.0,1.0
2021-06-27 17:00:00,2021-06-27,6,1,17,24.0,0,0,23.9,2.9,73,0.0,1.0
2021-06-27 18:00:00,2021-06-27,6,1,18,25.5,0,0,22.9,2.6,76,0.0,1.0
2021-06-27 19:00:00,2021-06-27,6,1,19,24.25,0,0,22.3,2.8,84,0.0,1.0
2021-06-27 20:00:00,2021-06-27,6,1,20,24.0,0,0,22.4,2.1,84,0.0,1.0
2021-06-27 21:00:00,2021-06-27,6,1,21,24.0,0,0,21.9,1.0,87,0.0,1.0
2021-06-27 22:00:00,2021-06-27,6,1,22,26.0,0,0,21.9,1.0,88,0.0,1.0
2021-06-27 23:00:00,2021-06-27,6,1,23,24.0,0,0,22.0,0.9,88,0.0,1.0
2021-06-28 00:00:00,2021-06-28,6,0,0,23.75,0,0,21.6,1.3,89,0.0,0.5
2021-06-28 01:00:00,2021-06-28,6,0,1,25.5,0,0,21.3,1.3,92,0.0,0.5
2021-06-28 02:00:00,2021-06-28,6,0,2,24.0,0,0,21.2,1.4,94,0.0,0.5
2021-06-28 03:00:00,2021-06-28,6,0,3,23.5,0,0,21.0,1.2,94,0.0,0.5
2021-06-28 04:00:00,2021-06-28,6,0,4,25.5,0,0,21.1,1.3,93,0.0,0.5
2021-06-28 05:00:00,2021-06-28,6,0,5,23.5,0,0,21.1,0.9,94,0.0,0.5
2021-06-28 06:00:00,2021-06-28,6,0,6,23.0,0,0,21.6,1.6,91,0.0,0.5
2021-06-28 07:00:00,2021-06-28,6,0,7,57.0,0,0,22.7,2.4,85,0.0,0.5
2021-06-28 08:00:00,2021-06-28,6,0,8,174.75,277,1,24.1,1.8,76,0.0,0.5
2021-06-28 09:00:00,2021-06-28,6,0,9,178.25,767,1,24.5,3.0,70,0.0,0.5
2021-06-28 10:00:00,2021-06-28,6,0,10,167.25,1376,1,25.3,3.7,71,0.0,0.5
2021-06-28 11:00:00,2021-06-28,6,0,11,182.75,2873,1,25.8,3.6,70,0.0,0.5
2021-06-28 12:00:00,2021-06-28,6,0,12,121.25,452,1,24.9,4.7,71,0.0,0.5
2021-06-28 13:00:00,2021-06-28,6,0,13,185.0,1350,1,25.5,3.0,72,0.0,0.5
2021-06-28 14:00:00,2021-06-28,6,0,14,180.25,1903,1,25.3,2.8,72,0.0,0.5
2021-06-28 15:00:00,2021-06-28,6,0,15,181.5,372,1,25.1,2.8,67,0.0,0.5
2021-06-28 16:00:00,2021-06-28,6,0,16,167.75,2416,1,24.4,2.9,70,0.0,0.5
2021-06-28 17:00:00,2021-06-28,6,0,17,150.0,1626,1,23.4,2.8,72,0.0,0.5
2021-06-28 18:00:00,2021-06-28,6,0,18,176.75,2365,1,22.7,2.2,78,0.0,0.5
2021-06-28 19:00:00,2021-06-28,6,0,19,152.75,1463,1,22.4,1.8,83,0.0,0.5
2021-06-28 20:00:00,2021-06-28,6,0,20,111.75,0,0,21.9,2.2,85,0.0,0.5
2021-06-28 21:00:00,2021-06-28,6,0,21,117.75,259,1,21.0,1.1,89,0.0,0.5
2021-06-28 22:00:00,2021-06-28,6,0,22,109.0,135,1,20.9,1.5,90,0.0,0.5
2021-06-28 23:00:00,2021-06-28,6,0,23,107.25,173,1,21.3,1.3,88,0.0,0.5
2021-06-29 00:00:00,2021-06-29,6,0,0,66.25,0,0,21.0,1.3,91,0.0,0.3333333333333333
2021-06-29 01:00:00,2021-06-29,6,0,1,104.25,91,1,21.0,1.5,92,0.0,0.3333333333333333
2021-06-29 02:00:00,2021-06-29,6,0,2,112.5,41,1,20.9,1.4,91,0.0,0.3333333333333333
2021-06-29 03:00:00,2021-06-29,6,0,3,103.5,2,1,20.8,1.5,90,0.0,0.3333333333333333
2021-06-29 04:00:00,2021-06-29,6,0,4,109.75,516,1,20.1,1.8,93,0.0,0.3333333333333333
2021-06-29 05:00:00,2021-06-29,6,0,5,90.0,106,1,20.4,0.8,94,0.0,0.3333333333333333
2021-06-29 06:00:00,2021-06-29,6,0,6,113.0,18,1,21.4,1.2,89,0.0,0.3333333333333333
2021-06-29 07:00:00,2021-06-29,6,0,7,136.75,1052,1,22.7,1.4,78,0.0,0.3333333333333333
2021-06-29 08:00:00,2021-06-29,6,0,8,202.0,893,1,23.3,1.7,77,0.0,0.3333333333333333
2021-06-29 09:00:00,2021-06-29,6,0,9,179.25,1026,1,25.0,2.9,71,0.0,0.3333333333333333
2021-06-29 10:00:00,2021-06-29,6,0,10,162.75,1301,1,25.6,3.0,68,0.0,0.3333333333333333
2021-06-29 11:00:00,2021-06-29,6,0,11,193.25,1340,1,25.0,3.6,69,0.0,0.3333333333333333
2021-06-29 12:00:00,2021-06-29,6,0,12,117.75,530,1,25.1,3.3,69,0.0,0.3333333333333333
2021-06-29 13:00:00,2021-06-29,6,0,13,186.5,1288,1,25.3,3.5,65,0.0,0.3333333333333333
2021-06-29 14:00:00,2021-06-29,6,0,14,177.25,6234,1,25.1,3.5,69,0.0,0.3333333333333333
2021-06-29 15:00:00,2021-06-29,6,0,15,163.25,695,1,24.3,3.1,68,0.0,0.3333333333333333
2021-06-29 16:00:00,2021-06-29,6,0,16,163.75,1124,1,24.2,3.3,73,0.0,0.3333333333333333
2021-06-29 17:00:00,2021-06-29,6,0,17,127.5,60,1,23.3,2.3,78,0.0,0.3333333333333333
2021-06-29 18:00:00,2021-06-29,6,0,18,165.5,773,1,22.7,2.0,83,0.0,0.3333333333333333
2021-06-29 19:00:00,2021-06-29,6,0,19,160.25,3860,1,22.4,1.4,86,0.0,0.3333333333333333
2021-06-29 20:00:00,2021-06-29,6,0,20,134.5,164,1,22.2,1.5,87,0.0,0.3333333333333333
2021-06-29 21:00:00,2021-06-29,6,0,21,123.75,3,1,22.2,0.8,84,0.0,0.3333333333333333
2021-06-29 22:00:00,2021-06-29,6,0,22,112.5,37,1,22.0,0.5,87,0.0,0.3333333333333333
2021-06-29 23:00:00,2021-06-29,6,0,23,103.5,42,1,21.6,1.2,89,0.0,0.3333333333333333
2021-06-30 00:00:00,2021-06-30,6,0,0,67.0,0,0,21.0,1.5,92,0.0,0.3333333333333333
2021-06-30 01:00:00,2021-06-30,6,0,1,104.0,791,1,20.4,0.4,94,0.0,0.3333333333333333
2021-06-30 02:00:00,2021-06-30,6,0,2,109.75,162,1,21.2,0.7,91,0.0,0.3333333333333333
2021-06-30 03:00:00,2021-06-30,6,0,3,112.0,83,1,21.3,0.2,91,0.0,0.3333333333333333
2021-06-30 04:00:00,2021-06-30,6,0,4,109.0,109,1,21.2,0.3,92,0.0,0.3333333333333333
2021-06-30 05:00:00,2021-06-30,6,0,5,98.25,52,1,21.3,0.3,94,0.0,0.3333333333333333
2021-06-30 06:00:00,2021-06-30,6,0,6,114.25,0,0,22.1,0.5,89,0.0,0.3333333333333333
2021-06-30 07:00:00,2021-06-30,6,0,7,131.5,1446,1,22.5,1.0,86,0.0,0.3333333333333333
2021-06-30 08:00:00,2021-06-30,6,0,8,179.75,808,1,23.7,1.3,78,0.0,0.3333333333333333
2021-06-30 09:00:00,2021-06-30,6,0,9,178.75,1437,1,24.0,1.6,70,0.0,0.3333333333333333
2021-06-30 10:00:00,2021-06-30,6,0,10,158.5,635,1,24.7,1.9,70,0.0,0.3333333333333333
2021-06-30 11:00:00,2021-06-30,6,0,11,144.0,1840,1,24.8,2.5,68,0.0,0.3333333333333333
2021-06-30 12:00:00,2021-06-30,6,0,12,107.75,203,1,26.1,2.4,62,0.0,0.3333333333333333
2021-06-30 13:00:00,2021-06-30,6,0,13,166.5,750,1,26.1,2.7,63,0.0,0.3333333333333333
2021-06-30 14:00:00,2021-06-30,6,0,14,165.75,1621,1,25.1,3.7,68,0.0,0.3333333333333333
2021-06-30 15:00:00,2021-06-30,6,0,15,163.5,1370,1,24.5,3.8,75,0.0,0.3333333333333333
2021-06-30 16:00:00,2021-06-30,6,0,16,160.5,774,1,23.3,3.4,77,0.0,0.3333333333333333
2021-06-30 17:00:00,2021-06-30,6,0,17,156.25,3212,1,23.4,3.3,76,0.0,0.3333333333333333
2021-06-30 18:00:00,2021-06-30,6,0,18,159.5,1356,1,22.6,2.9,82,0.0,0.3333333333333333
2021-06-30 19:00:00,2021-06-30,6,0,19,141.25,1526,1,22.1,1.6,87,0.0,0.3333333333333333
2021-06-30 20:00:00,2021-06-30,6,0,20,109.0,227,1,21.5,0.6,88,0.0,0.3333333333333333
2021-06-30 21:00:00,2021-06-30,6,0,21,112.75,96,1,21.5,0.5,90,0.0,0.3333333333333333
2021-06-30 22:00:00,2021-06-30,6,0,22,105.75,77,1,20.8,0.9,93,0.0,0.3333333333333333
2021-06-30 23:00:00,2021-06-30,6,0,23,104.0,0,0,20.5,1.2,94,0.0,0.3333333333333333
2021-07-01 00:00:00,2021-07-01,7,0,0,68.0,76,1,19.9,1.3,96,0.0,1.0
2021-07-01 01:00:00,2021-07-01,7,0,1,103.75,44,1,19.6,0.4,96,0.0,1.0
2021-07-01 02:00:00,2021-07-01,7,0,2,113.0,240,1,19.3,1.0,97,0.0,1.0
2021-07-01 03:00:00,2021-07-01,7,0,3,106.75,402,1,19.3,1.8,98,0.0,1.0
2021-07-01 04:00:00,2021-07-01,7,0,4,103.5,185,1,19.5,1.7,97,0.0,1.0
2021-07-01 05:00:00,2021-07-01,7,0,5,93.0,174,1,20.0,0.3,95,0.0,1.0
2021-07-01 06:00:00,2021-07-01,7,0,6,110.25,23,1,21.1,1.6,91,0.0,1.0
2021-07-01 07:00:00,2021-07-01,7,0,7,129.0,752,1,22.9,1.9,81,0.0,1.0
2021-07-01 08:00:00,2021-07-01,7,0,8,181.75,676,1,23.8,1.7,76,0.0,1.0
2021-07-01 09:00:00,2021-07-01,7,0,9,178.0,1028,1,24.4,2.7,77,0.0,1.0
2021-07-01 10:00:00,2021-07-01,7,0,10,171.5,2373,1,26.0,2.7,73,0.0,1.0
2021-07-01 11:00:00,2021-07-01,7,0,11,188.0,992,1,25.8,2.1,75,0.0,1.0
2021-07-01 12:00:00,2021-07-01,7,0,12,111.25,340,1,27.3,2.8,69,0.0,1.0
2021-07-01 13:00:00,2021-07-01,7,0,13,189.75,474,1,26.4,3.9,70,0.0,1.0
2021-07-01 14:00:00,2021-07-01,7,0,14,186.5,3036,1,27.1,3.3,68,0.0,1.0
2021-07-01 15:00:00,2021-07-01,7,0,15,163.75,354,1,26.4,2.9,71,0.0,1.0
2021-07-01 16:00:00,2021-07-01,7,0,16,169.75,1794,1,25.1,3.3,76,0.0,1.0
2021-07-01 17:00:00,2021-07-01,7,0,17,134.5,1125,1,24.6,1.7,76,0.0,1.0
2021-07-01 18:00:00,2021-07-01,7,0,18,156.75,1767,1,23.8,1.7,75,0.0,1.0
2021-07-01 19:00:00,2021-07-01,7,0,19,163.25,2064,1,22.9,2.2,76,0.0,1.0
2021-07-01 20:00:00,2021-07-01,7,0,20,141.75,6,1,22.2,2.3,84,0.0,1.0
2021-07-01 21:00:00,2021-07-01,7,0,21,139.5,66,1,21.2,0.8,80,0.0,1.0
2021-07-01 22:00:00,2021-07-01,7,0,22,119.25,244,1,20.8,1.0,82,0.0,1.0
2021-07-01 23:00:00,2021-07-01,7,0,23,108.25,118,1,20.9,1.3,88,0.0,1.0
2021-07-02 00:00:00,2021-07-02,7,0,0,68.25,0,0,21.5,2.3,86,0.0,1.0
2021-07-02 01:00:00,2021-07-02,7,0,1,106.25,309,1,20.8,1.3,88,0.0,1.0
2021-07-02 02:00:00,2021-07-02,7,0,2,116.0,15,1,19.9,0.5,90,0.0,1.0
2021-07-02 03:00:00,2021-07-02,7,0,3,108.0,101,1,20.1,2.0,93,0.0,1.0
2021-07-02 04:00:00,2021-07-02,7,0,4,106.25,382,1,19.8,1.1,95,0.0,1.0
2021-07-02 05:00:00,2021-07-02,7,0,5,96.25,698,1,20.4,1.1,95,0.0,1.0
2021-07-02 06:00:00,2021-07-02,7,0,6,111.75,36,1,22.0,2.3,90,0.0,1.0
2021-07-02 07:00:00,2021-07-02,7,0,7,132.5,938,1,22.4,2.8,86,0.0,1.0
2021-07-02 08:00:00,2021-07-02,7,0,8,161.0,813,1,23.1,3.0,83,0.0,1.0
2021-07-02 09:00:00,2021-07-02,7,0,9,174.75,852,1,23.4,1.8,82,0.0,1.0
2021-07-02 10:00:00,2021-07-02,7,0,10,164.0,512,1,23.2,2.6,84,0.0,1.0
2021-07-02 11:00:00,2021-07-02,7,0,11,178.5,1301,1,23.0,2.9,86,0.0,1.0
2021-07-02 12:00:00,2021-07-02,7,0,12,107.75,0,0,24.1,3.3,80,0.0,1.0
2021-07-02 13:00:00,2021-07-02,7,0,13,169.5,1376,1,24.1,2.8,80,0.0,1.0
2021-07-02 14:00:00,2021-07-02,7,0,14,175.0,855,1,24.5,2.7,79,0.0,1.0
2021-07-02 15:00:00,2021-07-02,7,0,15,143.25,5516,1,24.2,3.3,80,0.0,1.0
2021-07-02 16:00:00,2021-07-02,7,0,16,158.25,1544,1,23.6,3.0,83,0.0,1.0
2021-07-02 17:00:00,2021-07-02,7,0,17,147.25,795,1,23.2,2.7,83,0.0,1.0
2021-07-02 18:00:00,2021-07-02,7,0,18,159.75,972,1,23.0,2.0,85,0.0,1.0
2021-07-02 19:00:00,2021-07-02,7,0,19,135.5,2548,1,22.7,1.5,85,0.0,1.0
2021-07-02 20:00:00,2021-07-02,7,0,20,121.75,21,1,22.6,2.3,87,0.0,1.0
2021-07-02 21:00:00,2021-07-02,7,0,21,113.75,70,1,23.0,2.3,86,0.0,1.0
2021-07-02 22:00:00,2021-07-02,7,0,22,110.75,119,1,22.9,1.7,86,0.0,1.0
2021-07-02 23:00:00,2021-07-02,7,0,23,93.25,76,1,22.9,2.3,86,0.0,1.0
2021-07-03 00:00:00,2021-07-03,7,1,0,67.0,154,1,22.8,1.9,87,0.0,1.0
2021-07-03 01:00:00,2021-07-03,7,1,1,103.5,270,1,22.9,1.8,87,0.0,1.0
2021-07-03 02:00:00,2021-07-03,7,1,2,105.75,0,0,22.4,1.2,91,0.0,1.0
2021-07-03 03:00:00,2021-07-03,7,1,3,102.5,94,1,22.4,1.6,91,0.0,1.0
2021-07-03 04:00:00,2021-07-03,7,1,4,104.25,36,1,22.4,1.7,90,0.0,1.0
2021-07-03 05:00:00,2021-07-03,7,1,5,88.5,39,1,22.5,1.7,90,0.0,1.0
2021-07-03 06:00:00,2021-07-03,7,1,6,98.0,0,0,22.6,2.7,88,0.0,1.0
2021-07-03 07:00:00,2021-07-03,7,1,7,52.5,1142,1,22.8,2.2,87,0.0,1.0
2021-07-03 08:00:00,2021-07-03,7,1,8,22.25,0,0,22.5,2.5,90,0.0,1.0
2021-07-03 09:00:00,2021-07-03,7,1,9,24.5,0,0,22.9,2.8,87,0.0,1.0
2021-07-03 10:00:00,2021-07-03,7,1,10,22.5,0,0,23.2,3.1,85,0.0,1.0
2021-07-03 11:00:00,2021-07-03,7,1,11,22.5,0,0,23.0,2.8,86,0.0,1.0
2021-07-03 12:00:00,2021-07-03,7,1,12,24.25,0,0,22.6,3.1,89,0.0,1.0
2021-07-03 13:00:00,2021-07-03,7,1,13,22.0,0,0,22.4,3.6,92,0.1,1.0
2021-07-03 14:00:00,2021-07-03,7,1,14,22.25,0,0,21.9,2.9,97,0.8,1.0
2021-07-03 15:00:00,2021-07-03,7,1,15,22.5,0,0,21.5,1.4,98,5.2,1.0
2021-07-03 16:00:00,2021-07-03,7,1,16,23.0,0,0,21.5,1.7,98,12.0,1.0
2021-07-03 17:00:00,2021-07-03,7,1,17,22.0,0,0,21.7,2.4,98,15.3,1.0
2021-07-03 18:00:00,2021-07-03,7,1,18,22.0,0,0,21.8,2.0,98,16.7,1.0
2021-07-03 19:00:00,2021-07-03,7,1,19,24.25,0,0,21.6,1.1,98,18.1,1.0
2021-07-03 20:00:00,2021-07-03,7,1,20,22.25,0,0,21.8,1.3,98,18.3,1.0
2021-07-03 21:00:00,2021-07-03,7,1,21,22.75,0,0,21.8,0.4,98,19.1,1.0
2021-07-03 22:00:00,2021-07-03,7,1,22,24.25,0,0,21.8,0.9,98,20.5,1.0
2021-07-03 23:00:00,2021-07-03,7,1,23,22.25,0,0,21.8,0.5,98,23.4,1.0
2021-07-04 00:00:00,2021-07-04,7,1,0,22.25,0,0,22.4,0.1,98,1.3,1.0
2021-07-04 01:00:00,2021-07-04,7,1,1,24.5,0,0,23.6,2.7,98,9.4,1.0
2021-07-04 02:00:00,2021-07-04,7,1,2,23.0,0,0,24.8,3.4,98,9.9,1.0
2021-07-04 03:00:00,2021-07-04,7,1,3,22.5,0,0,24.9,3.8,98,11.0,1.0
2021-07-04 04:00:00,2021-07-04,7,1,4,22.5,0,0,24.6,2.5,98,16.5,1.0
2021-07-04 05:00:00,2021-07-04,7,1,5,24.0,0,0,24.8,1.8,98,19.6,1.0
2021-07-04 06:00:00,2021-07-04,7,1,6,22.25,0,0,24.8,2.0,98,24.5,1.0
2021-07-04 07:00:00,2021-07-04,7,1,7,22.0,0,0,25.8,2.2,98,24.7,1.0
2021-07-04 08:00:00,2021-07-04,7,1,8,24.25,0,0,27.4,3.9,85,24.7,1.0
2021-07-04 09:00:00,2021-07-04,7,1,9,22.0,0,0,28.7,4.5,71,24.7,1.0
2021-07-04 10:00:00,2021-07-04,7,1,10,22.75,0,0,29.1,3.6,68,24.7,1.0
2021-07-04 11:00:00,2021-07-04,7,1,11,25.75,0,0,29.7,4.1,64,24.7,1.0
2021-07-04 12:00:00,2021-07-04,7,1,12,23.25,0,0,30.6,4.0,58,24.7,1.0
2021-07-04 13:00:00,2021-07-04,7,1,13,23.25,0,0,31.3,3.4,59,24.7,1.0
2021-07-04 14:00:00,2021-07-04,7,1,14,24.0,0,0,29.7,4.1,64,24.7,1.0
2021-07-04 15:00:00,2021-07-04,7,1,15,24.0,0,0,28.1,3.3,70,24.7,1.0
2021-07-04 16:00:00,2021-07-04,7,1,16,23.5,0,0,27.4,3.1,73,24.7,1.0
2021-07-04 17:00:00,2021-07-04,7,1,17,22.0,0,0,27.0,2.8,75,24.7,1.0
2021-07-04 18:00:00,2021-07-04,7,1,18,24.5,0,0,26.4,2.9,76,24.7,1.0
2021-07-04 19:00:00,2021-07-04,7,1,19,22.5,0,0,25.9,2.5,78,24.7,1.0
2021-07-04 20:00:00,2021-07-04,7,1,20,22.25,0,0,25.4,,81,24.7,1.0
2021-07-04 21:00:00,2021-07-04,7,1,21,25.25,0,0,23.6,1.2,94,24.9,1.0
2021-07-04 22:00:00,2021-07-04,7,1,22,23.25,0,0,23.1,0.8,97,24.9,1.0
2021-07-04 23:00:00,2021-07-04,7,1,23,22.5,0,0,22.8,0.4,98,24.9,1.0
2021-07-05 00:00:00,2021-07-05,7,0,0,25.25,0,0,22.6,0.2,97,0.0,1.0
2021-07-05 01:00:00,2021-07-05,7,0,1,22.75,0,0,23.5,1.6,89,0.0,1.0
2021-07-05 02:00:00,2021-07-05,7,0,2,22.75,0,0,22.7,1.2,94,0.0,1.0
2021-07-05 03:00:00,2021-07-05,7,0,3,23.5,0,0,22.7,1.2,93,0.0,1.0
2021-07-05 04:00:00,2021-07-05,7,0,4,23.75,0,0,22.8,2.1,90,0.0,1.0
2021-07-05 05:00:00,2021-07-05,7,0,5,22.5,0,0,23.1,1.0,88,0.0,1.0
2021-07-05 06:00:00,2021-07-05,7,0,6,22.25,0,0,22.7,0.6,94,0.1,1.0
2021-07-05 07:00:00,2021-07-05,7,0,7,63.0,0,0,22.4,0.6,96,0.1,1.0
2021-07-05 08:00:00,2021-07-05,7,0,8,168.25,982,1,23.4,1.1,93,0.1,1.0
2021-07-05 09:00:00,2021-07-05,7,0,9,170.0,2566,1,24.1,1.7,86,0.1,1.0
2021-07-05 10:00:00,2021-07-05,7,0,10,173.0,814,1,24.6,0.7,87,0.1,1.0
2021-07-05 11:00:00,2021-07-05,7,0,11,171.5,1097,1,24.9,1.3,87,0.1,1.0
2021-07-05 12:00:00,2021-07-05,7,0,12,104.0,31,1,25.8,2.5,82,0.1,1.0
2021-07-05 13:00:00,2021-07-05,7,0,13,167.5,613,1,26.0,1.8,78,0.1,1.0
2021-07-05 14:00:00,2021-07-05,7,0,14,168.5,2781,1,25.7,1.9,75,0.1,1.0
2021-07-05 15:00:00,2021-07-05,7,0,15,159.5,711,1,25.5,2.5,77,0.1,1.0
2021-07-05 16:00:00,2021-07-05,7,0,16,158.25,2870,1,24.9,1.2,80,0.1,1.0
2021-07-05 17:00:00,2021-07-05,7,0,17,129.0,224,1,23.9,0.9,85,0.1,1.0
2021-07-05 18:00:00,2021-07-05,7,0,18,157.5,308,1,22.9,0.8,95,0.3,1.0
2021-07-05 19:00:00,2021-07-05,7,0,19,139.25,1932,1,22.6,0.4,94,0.3,1.0
2021-07-05 20:00:00,2021-07-05,7,0,20,120.0,9,1,22.1,0.5,98,1.1,1.0
2021-07-05 21:00:00,2021-07-05,7,0,21,116.5,356,1,21.5,1.2,98,6.9,1.0
2021-07-05 22:00:00,2021-07-05,7,0,22,104.25,89,1,21.6,1.2,98,10.4,1.0
2021-07-05 23:00:00,2021-07-05,7,0,23,101.5,332,1,22.1,1.0,98,18.7,1.0
2021-07-06 00:00:00,2021-07-06,7,0,0,68.0,50,1,22.8,0.7,98,6.7,1.0
2021-07-06 01:00:00,2021-07-06,7,0,1,103.25,434,1,23.8,1.5,98,8.7,1.0
2021-07-06 02:00:00,2021-07-06,7,0,2,104.5,246,1,23.8,0.9,98,12.9,1.0
2021-07-06 03:00:00,2021-07-06,7,0,3,105.0,236,1,23.8,0.9,98,15.0,1.0
2021-07-06 04:00:00,2021-07-06,7,0,4,106.0,262,1,23.9,1.6,98,18.3,1.0
2021-07-06 05:00:00,2021-07-06,7,0,5,97.75,2,1,23.7,3.0,98,23.7,1.0
2021-07-06 06:00:00,2021-07-06,7,0,6,97.5,70,1,23.8,3.4,98,27.7,1.0
2021-07-06 07:00:00,2021-07-06,7,0,7,118.75,2041,1,23.7,3.5,98,37.7,1.0
2021-07-06 08:00:00,2021-07-06,7,0,8,179.5,313,1,24.2,2.5,98,41.4,1.0
2021-07-06 09:00:00,2021-07-06,7,0,9,179.75,734,1,24.6,2.7,98,42.1,1.0
2021-07-06 10:00:00,2021-07-06,7,0,10,168.25,792,1,23.1,2.8,98,44.2,1.0
2021-07-06 11:00:00,2021-07-06,7,0,11,176.25,568,1,23.2,1.5,98,45.6,1.0
2021-07-06 12:00:00,2021-07-06,7,0,12,110.25,0,0,22.5,1.4,98,47.6,1.0
2021-07-06 13:00:00,2021-07-06,7,0,13,158.5,2227,1,22.9,2.4,95,47.7,1.0
2021-07-06 14:00:00,2021-07-06,7,0,14,178.75,648,1,23.5,1.8,96,47.7,1.0
2021-07-06 15:00:00,2021-07-06,7,0,15,158.25,1272,1,23.0,2.5,98,51.7,1.0
2021-07-06 16:00:00,2021-07-06,7,0,16,171.0,985,1,22.7,2.0,98,56.8,1.0
2021-07-06 17:00:00,2021-07-06,7,0,17,128.75,124,1,23.2,2.2,98,57.3,1.0
2021-07-06 18:00:00,2021-07-06,7,0,18,153.25,1300,1,23.0,0.3,98,58.0,1.0
2021-07-06 19:00:00,2021-07-06,7,0,19,150.75,3876,1,23.7,2.9,98,58.7,1.0
2021-07-06 20:00:00,2021-07-06,7,0,20,133.75,10,1,23.7,1.2,98,58.9,1.0
2021-07-06 21:00:00,2021-07-06,7,0,21,125.75,166,1,24.1,3.3,98,58.9,1.0
2021-07-06 22:00:00,2021-07-06,7,0,22,112.0,150,1,24.1,3.0,98,58.9,1.0
2021-07-06 23:00:00,2021-07-06,7,0,23,106.0,75,1,23.9,1.4,98,60.4,1.0
2021-07-07 00:00:00,2021-07-07,7,0,0,75.5,250,1,23.6,1.1,98,0.0,1.0
2021-07-07 01:00:00,2021-07-07,7,0,1,101.5,5,1,23.9,0.6,98,0.0,1.0
2021-07-07 02:00:00,2021-07-07,7,0,2,106.0,42,1,23.6,0.3,98,0.0,1.0
2021-07-07 03:00:00,2021-07-07,7,0,3,110.0,442,1,23.8,0.6,98,0.0,1.0
2021-07-07 04:00:00,2021-07-07,7,0,4,106.25,90,1,23.9,0.1,98,0.0,1.0
2021-07-07 05:00:00,2021-07-07,7,0,5,94.25,387,1,24.0,0.4,98,0.0,1.0
2021-07-07 06:00:00,2021-07-07,7,0,6,102.0,38,1,24.2,0.0,98,0.4,1.0
2021-07-07 07:00:00,2021-07-07,7,0,7,129.75,1847,1,25.4,2.2,98,0.4,1.0
2021-07-07 08:00:00,2021-07-07,7,0,8,181.0,675,1,25.0,0.1,98,0.4,1.0
2021-07-07 09:00:00,2021-07-07,7,0,9,178.0,1990,1,25.5,0.8,98,0.6,1.0
2021-07-07 10:00:00,2021-07-07,7,0,10,173.5,3638,1,24.9,0.8,98,1.0,1.0
2021-07-07 11:00:00,2021-07-07,7,0,11,177.5,954,1,23.3,1.4,98,10.9,1.0
2021-07-07 12:00:00,2021-07-07,7,0,12,111.5,0,0,23.8,0.4,98,21.4,1.0
2021-07-07 13:00:00,2021-07-07,7,0,13,172.75,320,1,23.8,0.5,98,24.3,1.0
2021-07-07 14:00:00,2021-07-07,7,0,14,175.0,1323,1,24.2,1.8,98,26.1,1.0
2021-07-07 15:00:00,2021-07-07,7,0,15,157.75,1208,1,23.4,2.4,98,29.9,1.0
2021-07-07 16:00:00,2021-07-07,7,0,16,177.0,1579,1,23.6,1.5,98,33.7,1.0
2021-07-07 17:00:00,2021-07-07,7,0,17,138.25,175,1,23.4,1.8,98,37.0,1.0
2021-07-07 18:00:00,2021-07-07,7,0,18,168.5,1717,1,23.4,0.9,98,38.5,1.0
2021-07-07 19:00:00,2021-07-07,7,0,19,156.5,2321,1,22.7,2.4,98,38.8,1.0
2021-07-07 20:00:00,2021-07-07,7,0,20,116.5,162,1,22.5,3.7,98,38.8,1.0
2021-07-07 21:00:00,2021-07-07,7,0,21,115.0,68,1,22.4,2.3,98,38.8,1.0
2021-07-07 22:00:00,2021-07-07,7,0,22,104.25,104,1,22.3,1.1,98,38.8,1.0
2021-07-07 23:00:00,2021-07-07,7,0,23,104.75,72,1,22.2,0.3,98,38.8,1.0
2021-07-08 00:00:00,2021-07-08,7,0,0,73.25,242,1,22.0,0.3,98,0.0,1.0
2021-07-08 01:00:00,2021-07-08,7,0,1,99.0,703,1,21.9,0.6,98,0.0,1.0
2021-07-08 02:00:00,2021-07-08,7,0,2,104.0,192,1,21.9,0.1,98,0.0,1.0
2021-07-08 03:00:00,2021-07-08,7,0,3,105.0,130,1,21.9,0.2,98,0.0,1.0
2021-07-08 04:00:00,2021-07-08,7,0,4,105.5,208,1,22.1,0.4,98,0.0,1.0
2021-07-08 05:00:00,2021-07-08,7,0,5,96.0,314,1,22.3,0.4,98,0.0,1.0
2021-07-08 06:00:00,2021-07-08,7,0,6,110.0,58,1,22.8,2.6,98,0.0,1.0
2021-07-08 07:00:00,2021-07-08,7,0,7,132.5,436,1,23.5,1.4,98,0.0,1.0
2021-07-08 08:00:00,2021-07-08,7,0,8,166.0,560,1,23.7,2.4,98,0.1,1.0
2021-07-08 09:00:00,2021-07-08,7,0,9,179.75,516,1,24.8,1.9,97,0.1,1.0
2021-07-08 10:00:00,2021-07-08,7,0,10,184.0,112,1,26.0,2.2,89,0.1,1.0
2021-07-08 11:00:00,2021-07-08,7,0,11,190.0,562,1,26.8,2.0,84,0.1,1.0
2021-07-08 12:00:00,2021-07-08,7,0,12,119.75,0,0,25.5,1.9,89,0.1,1.0
2021-07-08 13:00:00,2021-07-08,7,0,13,186.0,2140,1,24.1,2.9,95,0.7,1.0
2021-07-08 14:00:00,2021-07-08,7,0,14,184.0,1434,1,23.4,2.3,98,0.9,1.0
2021-07-08 15:00:00,2021-07-08,7,0,15,160.5,350,1,24.6,1.7,93,0.9,1.0
2021-07-08 16:00:00,2021-07-08,7,0,16,173.75,2282,1,24.6,1.3,89,0.9,1.0
2021-07-08 17:00:00,2021-07-08,7,0,17,128.25,86,1,23.2,0.9,97,2.7,1.0
2021-07-08 18:00:00,2021-07-08,7,0,18,147.0,3577,1,22.7,1.2,98,6.0,1.0
2021-07-08 19:00:00,2021-07-08,7,0,19,146.75,5585,1,22.2,1.0,98,16.2,1.0
2021-07-08 20:00:00,2021-07-08,7,0,20,129.75,26,1,22.2,0.4,98,17.2,1.0
2021-07-08 21:00:00,2021-07-08,7,0,21,124.5,6,1,22.0,0.7,98,17.2,1.0
2021-07-08 22:00:00,2021-07-08,7,0,22,111.0,0,0,21.9,0.6,98,17.2,1.0
2021-07-08 23:00:00,2021-07-08,7,0,23,113.25,0,0,21.9,0.4,98,17.2,1.0
2021-07-09 00:00:00,2021-07-09,7,0,0,73.25,0,0,22.0,0.6,98,0.0,1.0
2021-07-09 01:00:00,2021-07-09,7,0,1,102.0,37,1,22.1,0.7,98,0.0,1.0
2021-07-09 02:00:00,2021-07-09,7,0,2,109.5,12,1,21.9,0.4,98,1.8,1.0
2021-07-09 03:00:00,2021-07-09,7,0,3,98.5,0,0,21.9,0.4,98,2.5,1.0
2021-07-09 04:00:00,2021-07-09,7,0,4,103.75,32,1,21.9,0.7,98,2.6,1.0
2021-07-09 05:00:00,2021-07-09,7,0,5,98.25,0,0,22.0,0.8,98,2.9,1.0
2021-07-09 06:00:00,2021-07-09,7,0,6,113.25,0,0,22.2,0.5,98,3.2,1.0
2021-07-09 07:00:00,2021-07-09,7,0,7,136.75,536,1,22.3,1.1,98,3.3,1.0
2021-07-09 08:00:00,2021-07-09,7,0,8,173.75,564,1,22.7,0.7,98,3.3,1.0
2021-07-09 09:00:00,2021-07-09,7,0,9,166.0,565,1,22.7,1.1,98,3.3,1.0
2021-07-09 10:00:00,2021-07-09,7,0,10,163.5,1753,1,23.3,1.1,98,3.3,1.0
2021-07-09 11:00:00,2021-07-09,7,0,11,170.75,1082,1,24.7,0.1,96,3.3,1.0
2021-07-09 12:00:00,2021-07-09,7,0,12,99.5,0,0,24.7,0.9,95,4.4,1.0
2021-07-09 13:00:00,2021-07-09,7,0,13,173.75,1119,1,24.0,1.4,96,4.4,1.0
2021-07-09 14:00:00,2021-07-09,7,0,14,181.0,2229,1,22.6,2.0,98,4.4,1.0
2021-07-09 15:00:00,2021-07-09,7,0,15,167.25,774,1,22.7,1.4,98,4.8,1.0
2021-07-09 16:00:00,2021-07-09,7,0,16,171.0,1881,1,22.9,1.2,98,4.8,1.0
2021-07-09 17:00:00,2021-07-09,7,0,17,143.0,955,1,23.2,0.5,98,4.8,1.0
2021-07-09 18:00:00,2021-07-09,7,0,18,169.5,1186,1,23.0,1.2,98,4.8,1.0
2021-07-09 19:00:00,2021-07-09,7,0,19,134.0,3718,1,23.0,0.3,98,4.8,1.0
2021-07-09 20:00:00,2021-07-09,7,0,20,103.75,36,1,22.9,0.3,98,4.8,1.0
2021-07-09 21:00:00,2021-07-09,7,0,21,103.25,3,1,22.9,1.0,98,4.8,1.0
2021-07-09 22:00:00,2021-07-09,7,0,22,102.0,45,1,22.9,0.7,98,4.8,1.0
2021-07-09 23:00:00,2021-07-09,7,0,23,96.0,0,0,22.7,0.7,98,4.8,1.0
2021-07-10 00:00:00,2021-07-10,7,1,0,65.0,0,0,22.3,0.3,98,0.0,1.0
2021-07-10 01:00:00,2021-07-10,7,1,1,96.5,6,1,22.1,0.7,98,0.0,1.0
2021-07-10 02:00:00,2021-07-10,7,1,2,96.75,41,1,22.5,1.4,98,0.0,1.0
2021-07-10 03:00:00,2021-07-10,7,1,3,96.75,0,0,22.2,1.2,98,0.0,1.0
2021-07-10 04:00:00,2021-07-10,7,1,4,99.75,30,1,22.0,0.6,98,0.0,1.0
2021-07-10 05:00:00,2021-07-10,7,1,5,83.25,0,0,21.8,1.1,98,0.0,1.0
2021-07-10 06:00:00,2021-07-10,7,1,6,100.75,120,1,22.4,1.2,98,0.0,1.0
2021-07-10 07:00:00,2021-07-10,7,1,7,74.75,290,1,24.4,0.7,98,0.0,1.0
2021-07-10 08:00:00,2021-07-10,7,1,8,26.25,0,0,26.3,0.8,93,0.0,1.0
2021-07-10 09:00:00,2021-07-10,7,1,9,26.75,0,0,27.1,1.6,86,0.0,1.0
2021-07-10 10:00:00,2021-07-10,7,1,10,29.5,0,0,27.9,1.5,80,0.0,1.0
2021-07-10 11:00:00,2021-07-10,7,1,11,29.25,0,0,28.4,1.3,75,0.0,1.0
2021-07-10 12:00:00,2021-07-10,7,1,12,25.5,0,0,29.5,3.6,66,0.0,1.0
2021-07-10 13:00:00,2021-07-10,7,1,13,25.0,0,0,30.0,3.6,65,0.0,1.0
2021-07-10 14:00:00,2021-07-10,7,1,14,22.5,0,0,29.6,3.8,65,0.0,1.0
2021-07-10 15:00:00,2021-07-10,7,1,15,23.75,0,0,28.8,4.5,69,0.0,1.0
2021-07-10 16:00:00,2021-07-10,7,1,16,24.25,0,0,28.9,3.3,71,0.0,1.0
2021-07-10 17:00:00,2021-07-10,7,1,17,22.5,0,0,28.4,3.2,71,0.0,1.0
2021-07-10 18:00:00,2021-07-10,7,1,18,22.0,0,0,27.6,1.2,74,0.0,1.0
2021-07-10 19:00:00,2021-07-10,7,1,19,24.25,0,0,25.7,3.3,72,0.0,1.0
2021-07-10 20:00:00,2021-07-10,7,1,20,22.0,0,0,21.6,1.4,95,0.2,1.0
2021-07-10 21:00:00,2021-07-10,7,1,21,22.25,0,0,21.5,0.0,98,0.2,1.0
2021-07-10 22:00:00,2021-07-10,7,1,22,24.5,0,0,21.6,1.6,98,0.2,1.0
2021-07-10 23:00:00,2021-07-10,7,1,23,22.25,0,0,21.5,0.6,98,0.2,1.0
2021-07-11 00:00:00,2021-07-11,7,1,0,22.5,0,0,21.9,0.3,98,0.0,1.0
2021-07-11 01:00:00,2021-07-11,7,1,1,25.5,0,0,21.6,1.1,98,0.0,1.0
2021-07-11 02:00:00,2021-07-11,7,1,2,22.5,0,0,21.8,0.1,98,0.0,1.0
2021-07-11 03:00:00,2021-07-11,7,1,3,23.0,0,0,21.8,0.9,98,0.0,1.0
2021-07-11 04:00:00,2021-07-11,7,1,4,23.0,0,0,22.2,1.3,98,0.0,1.0
2021-07-11 05:00:00,2021-07-11,7,1,5,23.5,0,0,21.8,0.2,98,0.0,1.0
2021-07-11 06:00:00,2021-07-11,7,1,6,22.0,0,0,23.6,0.0,98,0.0,1.0
2021-07-11 07:00:00,2021-07-11,7,1,7,22.0,0,0,25.8,0.5,90,0.0,1.0
2021-07-11 08:00:00,2021-07-11,7,1,8,23.75,0,0,27.3,1.2,79,0.0,1.0
2021-07-11 09:00:00,2021-07-11,7,1,9,22.0,0,0,29.0,2.4,68,0.0,1.0
2021-07-11 10:00:00,2021-07-11,7,1,10,22.5,0,0,30.4,2.4,68,0.0,1.0
2021-07-11 11:00:00,2021-07-11,7,1,11,24.75,0,0,30.8,3.1,61,0.0,1.0
2021-07-11 12:00:00,2021-07-11,7,1,12,23.0,0,0,31.2,3.6,57,0.0,1.0
2021-07-11 13:00:00,2021-07-11,7,1,13,23.5,0,0,31.8,3.9,57,0.0,1.0
2021-07-11 14:00:00,2021-07-11,7,1,14,25.75,0,0,31.3,3.1,57,0.0,1.0
2021-07-11 15:00:00,2021-07-11,7,1,15,24.0,0,0,28.3,1.5,77,0.0,1.0
2021-07-11 16:00:00,2021-07-11,7,1,16,24.5,0,0,28.6,1.3,80,0.0,1.0
2021-07-11 17:00:00,2021-07-11,7,1,17,23.75,0,0,28.7,1.1,81,0.0,1.0
2021-07-11 18:00:00,2021-07-11,7,1,18,23.25,0,0,27.7,0.8,83,0.0,1.0
2021-07-11 19:00:00,2021-07-11,7,1,19,22.25,0,0,26.6,0.8,92,0.0,1.0
2021-07-11 20:00:00,2021-07-11,7,1,20,22.75,0,0,26.7,1.3,94,0.0,1.0
2021-07-11 21:00:00,2021-07-11,7,1,21,25.25,0,0,26.6,1.0,94,0.0,1.0
2021-07-11 22:00:00,2021-07-11,7,1,22,23.0,0,0,25.2,1.9,89,0.0,1.0
2021-07-11 23:00:00,2021-07-11,7,1,23,22.5,0,0,24.5,1.1,92,0.0,1.0
2021-07-12 00:00:00,2021-07-12,7,0,0,24.5,0,0,23.6,1.1,95,0.0,1.0
2021-07-12 01:00:00,2021-07-12,7,0,1,22.75,0,0,23.7,1.2,98,0.0,1.0
2021-07-12 02:00:00,2021-07-12,7,0,2,22.5,0,0,23.5,1.5,98,0.0,1.0
2021-07-12 03:00:00,2021-07-12,7,0,3,24.0,0,0,23.5,2.0,98,0.0,1.0
2021-07-12 04:00:00,2021-07-12,7,0,4,22.0,0,0,23.8,1.6,95,0.0,1.0
2021-07-12 05:00:00,2021-07-12,7,0,5,23.0,0,0,23.8,1.1,96,0.0,1.0
2021-07-12 06:00:00,2021-07-12,7,0,6,23.5,0,0,25.9,1.1,87,0.0,1.0
2021-07-12 07:00:00,2021-07-12,7,0,7,65.0,0,0,25.5,1.6,91,0.0,1.0
2021-07-12 08:00:00,2021-07-12,7,0,8,185.5,522,1,28.4,1.3,81,0.0,1.0
2021-07-12 09:00:00,2021-07-12,7,0,9,191.25,498,1,30.3,1.1,72,0.0,1.0
2021-07-12 10:00:00,2021-07-12,7,0,10,174.5,1883,1,31.6,1.9,62,0.0,1.0
2021-07-12 11:00:00,2021-07-12,7,0,11,185.5,1127,1,31.8,2.3,65,0.0,1.0
2021-07-12 12:00:00,2021-07-12,7,0,12,114.75,194,1,32.0,2.3,67,0.0,1.0
2021-07-12 13:00:00,2021-07-12,7,0,13,166.75,676,1,31.8,2.2,69,0.0,1.0
2021-07-12 14:00:00,2021-07-12,7,0,14,184.0,5121,1,31.4,1.9,67,0.0,1.0
2021-07-12 15:00:00,2021-07-12,7,0,15,164.0,1018,1,30.6,2.3,70,0.0,1.0
2021-07-12 16:00:00,2021-07-12,7,0,16,173.75,1233,1,29.6,1.4,70,0.0,1.0
2021-07-12 17:00:00,2021-07-12,7,0,17,137.5,509,1,29.7,1.0,71,0.0,1.0
2021-07-12 18:00:00,2021-07-12,7,0,18,157.0,1047,1,28.0,1.1,82,0.0,1.0
2021-07-12 19:00:00,2021-07-12,7,0,19,156.75,2885,1,27.0,0.5,88,0.0,1.0
2021-07-12 20:00:00,2021-07-12,7,0,20,124.75,6,1,27.0,2.0,90,0.0,1.0
2021-07-12 21:00:00,2021-07-12,7,0,21,119.5,217,1,26.3,2.0,93,0.0,1.0
2021-07-12 22:00:00,2021-07-12,7,0,22,115.5,28,1,25.8,0.7,94,0.0,1.0
2021-07-12 23:00:00,2021-07-12,7,0,23,102.75,79,1,25.3,1.7,97,0.0,1.0
2021-07-14 00:00:00,2021-07-14,7,0,0,72.75,327,1,26.3,2.0,88,0.0,1.0
2021-07-14 01:00:00,2021-07-14,7,0,1,102.0,166,1,26.1,1.9,87,0.0,1.0
2021-07-14 02:00:00,2021-07-14,7,0,2,105.25,354,1,25.7,1.3,88,0.0,1.0
2021-07-14 03:00:00,2021-07-14,7,0,3,102.25,111,1,25.6,2.1,88,0.0,1.0
2021-07-14 04:00:00,2021-07-14,7,0,4,105.25,66,1,24.3,0.4,95,0.0,1.0
2021-07-14 05:00:00,2021-07-14,7,0,5,89.25,0,0,25.3,0.3,97,0.0,1.0
2021-07-14 06:00:00,2021-07-14,7,0,6,105.5,45,1,27.4,0.8,88,0.0,1.0
2021-07-14 07:00:00,2021-07-14,7,0,7,132.0,582,1,28.9,0.5,76,0.0,1.0
2021-07-14 08:00:00,2021-07-14,7,0,8,178.75,530,1,29.4,1.5,73,0.0,1.0
2021-07-14 09:00:00,2021-07-14,7,0,9,185.0,1304,1,30.2,1.8,67,0.0,1.0
2021-07-14 10:00:00,2021-07-14,7,0,10,174.5,1851,1,30.4,2.2,75,0.0,1.0
2021-07-14 11:00:00,2021-07-14,7,0,11,185.25,1796,1,30.4,1.9,74,0.0,1.0
2021-07-14 12:00:00,2021-07-14,7,0,12,99.25,88,1,31.5,1.9,74,0.0,1.0
2021-07-14 13:00:00,2021-07-14,7,0,13,165.75,1564,1,31.4,2.6,71,0.0,1.0
2021-07-14 14:00:00,2021-07-14,7,0,14,177.75,1154,1,32.1,2.0,71,0.0,1.0
2021-07-14 15:00:00,2021-07-14,7,0,15,134.0,587,1,30.9,2.0,74,0.0,1.0
2021-07-14 16:00:00,2021-07-14,7,0,16,154.25,1732,1,30.3,2.5,76,0.0,1.0
2021-07-14 17:00:00,2021-07-14,7,0,17,139.75,2473,1,29.6,1.3,77,0.0,1.0
2021-07-14 18:00:00,2021-07-14,7,0,18,164.75,283,1,28.2,0.6,84,0.0,1.0
2021-07-14 19:00:00,2021-07-14,7,0,19,138.0,1793,1,27.6,0.3,88,0.0,1.0
2021-07-14 20:00:00,2021-07-14,7,0,20,111.75,268,1,27.8,1.2,90,0.0,1.0
2021-07-14 21:00:00,2021-07-14,7,0,21,111.5,58,1,27.2,1.3,91,0.0,1.0
2021-07-14 22:00:00,2021-07-14,7,0,22,110.25,51,1,27.1,2.3,89,0.0,1.0
2021-07-14 23:00:00,2021-07-14,7,0,23,104.0,70,1,26.3,0.9,93,0.0,1.0
2021-07-16 00:00:00,2021-07-16,7,0,0,65.25,36,1,23.9,1.5,98,0.0,1.0
2021-07-16 01:00:00,2021-07-16,7,0,1,95.75,74,1,24.4,1.1,97,0.0,1.0
2021-07-16 02:00:00,2021-07-16,7,0,2,101.25,37,1,23.8,0.3,98,0.0,1.0
2021-07-16 03:00:00,2021-07-16,7,0,3,106.5,175,1,23.4,1.1,98,0.0,1.0
2021-07-16 04:00:00,2021-07-16,7,0,4,105.5,211,1,23.1,0.4,98,0.0,1.0
2021-07-16 05:00:00,2021-07-16,7,0,5,87.5,92,1,23.3,1.4,98,0.0,1.0
2021-07-16 06:00:00,2021-07-16,7,0,6,106.0,304,1,24.9,1.1,97,0.0,1.0
2021-07-16 07:00:00,2021-07-16,7,0,7,135.25,563,1,27.0,0.9,87,0.0,1.0
2021-07-16 08:00:00,2021-07-16,7,0,8,186.5,555,1,27.5,1.4,82,0.0,1.0
2021-07-16 09:00:00,2021-07-16,7,0,9,185.0,1863,1,28.4,3.3,76,0.0,1.0
2021-07-16 10:00:00,2021-07-16,7,0,10,168.75,4118,1,29.0,3.3,76,0.0,1.0
2021-07-16 11:00:00,2021-07-16,7,0,11,187.5,1964,1,28.3,3.5,74,0.0,1.0
2021-07-16 12:00:00,2021-07-16,7,0,12,116.25,248,1,29.0,3.0,72,0.0,1.0
2021-07-16 13:00:00,2021-07-16,7,0,13,172.0,2135,1,28.5,3.6,76,0.0,1.0
2021-07-16 14:00:00,2021-07-16,7,0,14,165.5,2010,1,28.3,3.3,77,0.0,1.0
2021-07-16 15:00:00,2021-07-16,7,0,15,158.0,1731,1,27.4,2.6,79,0.0,1.0
2021-07-16 16:00:00,2021-07-16,7,0,16,164.75,2823,1,27.0,2.2,80,0.0,1.0
2021-07-16 17:00:00,2021-07-16,7,0,17,138.25,2670,1,26.9,1.0,82,0.0,1.0
2021-07-16 18:00:00,2021-07-16,7,0,18,157.5,1066,1,26.0,2.6,87,0.0,1.0
2021-07-16 19:00:00,2021-07-16,7,0,19,136.25,1287,1,25.4,1.3,88,0.0,1.0
2021-07-16 20:00:00,2021-07-16,7,0,20,113.75,16,1,25.1,1.5,90,0.0,1.0
2021-07-16 21:00:00,2021-07-16,7,0,21,113.5,45,1,25.0,1.9,91,0.0,1.0
2021-07-16 22:00:00,2021-07-16,7,0,22,101.75,59,1,24.7,1.9,93,0.3,1.0
2021-07-16 23:00:00,2021-07-16,7,0,23,101.25,330,1,24.8,1.6,96,0.3,1.0
2021-07-17 00:00:00,2021-07-17,7,1,0,63.5,21,1,24.6,1.1,95,0.0,1.0
2021-07-17 01:00:00,2021-07-17,7,1,1,100.5,130,1,24.6,0.9,95,0.0,1.0
2021-07-17 02:00:00,2021-07-17,7,1,2,98.25,426,1,24.4,1.3,96,0.0,1.0
2021-07-17 03:00:00,2021-07-17,7,1,3,94.0,108,1,23.6,1.7,98,0.0,1.0
2021-07-17 04:00:00,2021-07-17,7,1,4,96.25,95,1,23.9,1.3,98,0.0,1.0
2021-07-17 05:00:00,2021-07-17,7,1,5,84.0,63,1,24.3,1.2,98,0.0,1.0
2021-07-17 06:00:00,2021-07-17,7,1,6,85.0,30,1,25.3,1.8,94,0.0,1.0
2021-07-17 07:00:00,2021-07-17,7,1,7,57.25,994,1,25.5,1.0,87,0.0,1.0
2021-07-17 08:00:00,2021-07-17,7,1,8,24.75,0,0,25.3,2.2,86,0.1,1.0
2021-07-17 09:00:00,2021-07-17,7,1,9,23.0,0,0,25.9,1.9,80,0.6,1.0
2021-07-17 10:00:00,2021-07-17,7,1,10,23.25,0,0,26.4,2.8,78,0.6,1.0
2021-07-17 11:00:00,2021-07-17,7,1,11,24.25,0,0,26.8,2.1,81,0.6,1.0
2021-07-17 12:00:00,2021-07-17,7,1,12,24.25,0,0,27.0,2.8,79,0.6,1.0
2021-07-17 13:00:00,2021-07-17,7,1,13,23.25,0,0,27.3,2.5,76,0.6,1.0
2021-07-17 14:00:00,2021-07-17,7,1,14,23.25,0,0,26.8,1.7,79,0.6,1.0
2021-07-17 15:00:00,2021-07-17,7,1,15,25.25,0,0,28.2,2.1,69,0.6,1.0
2021-07-17 16:00:00,2021-07-17,7,1,16,23.0,0,0,28.4,2.3,68,0.6,1.0
2021-07-17 17:00:00,2021-07-17,7,1,17,22.25,0,0,26.4,2.3,76,0.6,1.0
2021-07-17 18:00:00,2021-07-17,7,1,18,24.25,0,0,25.9,2.6,78,0.6,1.0
2021-07-17 19:00:00,2021-07-17,7,1,19,22.75,0,0,25.3,0.7,84,0.6,1.0
2021-07-17 20:00:00,2021-07-17,7,1,20,22.75,0,0,25.3,1.3,83,0.6,1.0
2021-07-17 21:00:00,2021-07-17,7,1,21,23.75,0,0,25.4,0.5,82,0.6,1.0
2021-07-17 22:00:00,2021-07-17,7,1,22,25.0,0,0,25.3,1.1,87,0.6,1.0
2021-07-17 23:00:00,2021-07-17,7,1,23,23.0,0,0,25.0,1.0,88,0.6,1.0
2021-07-18 00:00:00,2021-07-18,7,1,0,23.0,0,0,24.5,1.0,93,0.0,1.0
2021-07-18 01:00:00,2021-07-18,7,1,1,25.0,0,0,24.5,1.6,93,0.0,1.0
2021-07-18 02:00:00,2021-07-18,7,1,2,23.25,0,0,24.2,1.4,94,0.0,1.0
2021-07-18 03:00:00,2021-07-18,7,1,3,23.0,0,0,24.0,0.9,96,0.0,1.0
2021-07-18 04:00:00,2021-07-18,7,1,4,24.75,0,0,23.6,1.4,97,0.0,1.0
2021-07-18 05:00:00,2021-07-18,7,1,5,22.0,0,0,23.5,1.3,98,0.0,1.0
2021-07-18 06:00:00,2021-07-18,7,1,6,22.75,0,0,24.0,1.3,96,0.0,1.0
2021-07-18 07:00:00,2021-07-18,7,1,7,25.25,0,0,26.5,1.5,88,0.0,1.0
2021-07-18 08:00:00,2021-07-18,7,1,8,23.0,0,0,27.2,2.2,81,0.0,1.0
2021-07-18 09:00:00,2021-07-18,7,1,9,22.75,0,0,27.7,2.8,79,0.0,1.0
2021-07-18 10:00:00,2021-07-18,7,1,10,22.5,0,0,28.8,3.2,73,0.0,1.0
2021-07-18 11:00:00,2021-07-18,7,1,11,24.5,0,0,28.1,1.8,76,0.0,1.0
2021-07-18 12:00:00,2021-07-18,7,1,12,22.75,0,0,28.4,2.6,71,0.0,1.0
2021-07-18 13:00:00,2021-07-18,7,1,13,23.0,0,0,28.4,1.7,74,0.0,1.0
2021-07-18 14:00:00,2021-07-18,7,1,14,25.0,0,0,28.7,2.8,70,0.0,1.0
2021-07-18 15:00:00,2021-07-18,7,1,15,24.25,0,0,27.8,3.1,74,0.0,1.0
2021-07-18 16:00:00,2021-07-18,7,1,16,23.0,0,0,27.6,2.6,76,0.0,1.0
2021-07-18 17:00:00,2021-07-18,7,1,17,24.25,0,0,27.7,2.6,74,0.0,1.0
2021-07-18 18:00:00,2021-07-18,7,1,18,23.5,0,0,26.8,2.1,80,0.0,1.0
2021-07-18 19:00:00,2021-07-18,7,1,19,22.75,0,0,25.9,1.3,88,0.0,1.0
2021-07-18 20:00:00,2021-07-18,7,1,20,22.75,0,0,25.3,1.2,90,0.0,1.0
2021-07-18 21:00:00,2021-07-18,7,1,21,25.25,0,0,24.7,2.1,93,0.0,1.0
2021-07-18 22:00:00,2021-07-18,7,1,22,23.5,0,0,24.2,0.5,91,0.0,1.0
2021-07-18 23:00:00,2021-07-18,7,1,23,22.5,0,0,24.6,0.7,92,0.0,1.0
2021-07-19 00:00:00,2021-07-19,7,0,0,25.5,0,0,24.3,1.9,91,0.0,1.0
2021-07-19 01:00:00,2021-07-19,7,0,1,23.5,0,0,24.1,1.1,91,0.0,1.0
2021-07-19 02:00:00,2021-07-19,7,0,2,23.25,0,0,23.7,1.2,93,0.0,1.0
2021-07-19 03:00:00,2021-07-19,7,0,3,23.0,0,0,23.6,1.0,95,0.0,1.0
2021-07-19 04:00:00,2021-07-19,7,0,4,24.5,0,0,23.6,1.3,95,0.0,1.0
2021-07-19 05:00:00,2021-07-19,7,0,5,22.75,0,0,23.4,1.1,98,0.0,1.0
2021-07-19 06:00:00,2021-07-19,7,0,6,22.75,0,0,23.8,1.3,97,0.0,1.0
2021-07-19 07:00:00,2021-07-19,7,0,7,64.5,0,0,25.0,2.0,91,0.0,1.0
2021-07-19 08:00:00,2021-07-19,7,0,8,187.75,604,1,27.3,1.4,83,0.0,1.0
2021-07-19 09:00:00,2021-07-19,7,0,9,179.25,1431,1,28.3,0.6,75,0.0,1.0
2021-07-19 10:00:00,2021-07-19,7,0,10,184.5,568,1,27.9,0.8,76,0.0,1.0
2021-07-19 11:00:00,2021-07-19,7,0,11,199.25,1280,1,28.4,1.3,75,0.0,1.0
2021-07-19 12:00:00,2021-07-19,7,0,12,117.25,0,0,29.8,1.0,68,0.0,1.0
2021-07-19 13:00:00,2021-07-19,7,0,13,178.0,645,1,28.8,1.2,73,0.0,1.0
2021-07-19 14:00:00,2021-07-19,7,0,14,178.0,2075,1,28.5,1.2,72,0.0,1.0
2021-07-19 15:00:00,2021-07-19,7,0,15,169.25,2253,1,28.9,1.2,69,0.0,1.0
2021-07-19 16:00:00,2021-07-19,7,0,16,183.25,1495,1,29.5,1.4,67,0.0,1.0
2021-07-19 17:00:00,2021-07-19,7,0,17,149.25,389,1,29.0,1.5,67,0.0,1.0
2021-07-19 18:00:00,2021-07-19,7,0,18,170.75,465,1,28.1,1.8,72,0.0,1.0
2021-07-19 19:00:00,2021-07-19,7,0,19,150.75,1962,1,27.5,0.7,76,0.0,1.0
2021-07-19 20:00:00,2021-07-19,7,0,20,127.25,72,1,26.3,0.7,84,0.0,1.0
2021-07-19 21:00:00,2021-07-19,7,0,21,124.0,94,1,25.7,0.0,92,0.0,1.0
2021-07-19 22:00:00,2021-07-19,7,0,22,105.75,70,1,25.4,0.5,95,0.0,1.0
2021-07-19 23:00:00,2021-07-19,7,0,23,109.5,181,1,25.7,1.3,97,0.0,1.0
2021-07-20 00:00:00,2021-07-20,7,0,0,70.5,1584,1,26.1,0.9,93,0.0,1.0
2021-07-20 01:00:00,2021-07-20,7,0,1,100.25,567,1,25.7,0.2,93,0.0,1.0
2021-07-20 02:00:00,2021-07-20,7,0,2,103.25,591,1,25.7,0.2,94,0.0,1.0
2021-07-20 03:00:00,2021-07-20,7,0,3,104.5,392,1,25.2,0.2,97,0.0,1.0
2021-07-20 04:00:00,2021-07-20,7,0,4,107.0,796,1,25.2,0.8,97,0.0,1.0
2021-07-20 05:00:00,2021-07-20,7,0,5,90.75,388,1,25.1,0.6,98,0.0,1.0
2021-07-20 06:00:00,2021-07-20,7,0,6,110.0,102,1,26.7,0.8,90,0.0,1.0
2021-07-20 07:00:00,2021-07-20,7,0,7,133.25,1086,1,28.4,1.1,81,0.0,1.0
2021-07-20 08:00:00,2021-07-20,7,0,8,188.25,1248,1,29.7,0.6,68,0.0,1.0
2021-07-20 09:00:00,2021-07-20,7,0,9,191.25,1828,1,30.8,1.4,57,0.0,1.0
2021-07-20 10:00:00,2021-07-20,7,0,10,188.5,1282,1,31.1,1.2,58,0.0,1.0
2021-07-20 11:00:00,2021-07-20,7,0,11,190.25,1327,1,31.7,2.8,60,0.0,1.0
2021-07-20 12:00:00,2021-07-20,7,0,12,121.0,0,0,31.7,1.9,57,0.0,1.0
2021-07-20 13:00:00,2021-07-20,7,0,13,177.75,1234,1,30.1,3.8,60,0.0,1.0
2021-07-20 14:00:00,2021-07-20,7,0,14,186.5,823,1,29.9,3.6,63,0.0,1.0
2021-07-20 15:00:00,2021-07-20,7,0,15,167.0,419,1,30.2,3.2,65,0.0,1.0
2021-07-20 16:00:00,2021-07-20,7,0,16,185.0,2403,1,29.7,3.1,63,0.0,1.0
2021-07-20 17:00:00,2021-07-20,7,0,17,131.75,881,1,29.1,2.1,63,0.0,1.0
2021-07-20 18:00:00,2021-07-20,7,0,18,174.5,2031,1,27.5,1.3,74,0.0,1.0
2021-07-20 19:00:00,2021-07-20,7,0,19,170.25,3506,1,26.5,1.1,80,0.0,1.0
2021-07-20 20:00:00,2021-07-20,7,0,20,126.75,80,1,26.0,1.2,83,0.0,1.0
2021-07-20 21:00:00,2021-07-20,7,0,21,129.5,562,1,26.1,1.5,79,0.0,1.0
2021-07-20 22:00:00,2021-07-20,7,0,22,112.0,235,1,25.9,1.4,79,0.0,1.0
2021-07-20 23:00:00,2021-07-20,7,0,23,109.0,108,1,25.3,1.4,83,0.0,1.0
2021-07-21 00:00:00,2021-07-21,7,0,0,77.5,286,1,24.5,1.0,86,0.0,1.0
2021-07-21 01:00:00,2021-07-21,7,0,1,106.5,270,1,24.1,0.9,90,0.0,1.0
2021-07-21 02:00:00,2021-07-21,7,0,2,99.5,126,1,24.3,1.3,89,0.0,1.0
2021-07-21 03:00:00,2021-07-21,7,0,3,101.5,528,1,23.2,1.3,95,0.0,1.0
2021-07-21 04:00:00,2021-07-21,7,0,4,106.75,158,1,23.0,0.9,98,0.0,1.0
2021-07-21 05:00:00,2021-07-21,7,0,5,93.5,187,1,24.0,1.6,93,0.0,1.0
2021-07-21 06:00:00,2021-07-21,7,0,6,105.75,56,1,24.7,1.7,92,0.0,1.0
2021-07-21 07:00:00,2021-07-21,7,0,7,128.0,842,1,27.0,2.1,83,0.0,1.0
2021-07-21 08:00:00,2021-07-21,7,0,8,193.0,933,1,28.3,1.9,75,0.0,1.0
2021-07-21 09:00:00,2021-07-21,7,0,9,203.5,1013,1,29.1,2.8,72,0.0,1.0
2021-07-21 10:00:00,2021-07-21,7,0,10,179.25,628,1,29.1,3.8,67,0.0,1.0
2021-07-21 11:00:00,2021-07-21,7,0,11,196.5,1336,1,29.3,3.0,71,0.0,1.0
2021-07-21 12:00:00,2021-07-21,7,0,12,127.5,88,1,29.7,2.6,63,0.0,1.0
2021-07-21 13:00:00,2021-07-21,7,0,13,188.75,1911,1,29.2,2.6,72,0.0,1.0
2021-07-21 14:00:00,2021-07-21,7,0,14,198.75,972,1,29.4,2.5,75,0.0,1.0
2021-07-21 15:00:00,2021-07-21,7,0,15,171.0,4021,1,28.9,2.9,77,0.0,1.0
2021-07-21 16:00:00,2021-07-21,7,0,16,182.25,865,1,28.1,2.5,79,0.0,1.0
2021-07-21 17:00:00,2021-07-21,7,0,17,137.75,593,1,27.3,2.3,81,0.0,1.0
2021-07-21 18:00:00,2021-07-21,7,0,18,162.25,972,1,27.0,2.5,82,0.0,1.0
2021-07-21 19:00:00,2021-07-21,7,0,19,162.0,3122,1,26.6,1.9,83,0.0,1.0
2021-07-21 20:00:00,2021-07-21,7,0,20,130.75,0,0,26.3,2.8,85,0.0,1.0
2021-07-21 21:00:00,2021-07-21,7,0,21,117.0,273,1,26.4,2.7,82,0.0,1.0
2021-07-21 22:00:00,2021-07-21,7,0,22,103.5,275,1,26.0,1.7,84,0.0,1.0
2021-07-21 23:00:00,2021-07-21,7,0,23,103.0,6,1,26.1,1.5,85,0.0,1.0
2021-07-22 00:00:00,2021-07-22,7,0,0,70.5,222,1,25.7,1.8,87,0.0,1.0
2021-07-22 01:00:00,2021-07-22,7,0,1,99.0,150,1,25.4,2.0,89,0.0,1.0
2021-07-22 02:00:00,2021-07-22,7,0,2,102.75,23,1,25.2,1.8,91,0.0,1.0
2021-07-22 03:00:00,2021-07-22,7,0,3,99.5,162,1,25.1,2.3,91,0.0,1.0
2021-07-22 04:00:00,2021-07-22,7,0,4,105.0,82,1,25.2,1.0,91,0.0,1.0
2021-07-22 05:00:00,2021-07-22,7,0,5,85.5,0,0,25.2,1.4,91,0.0,1.0
2021-07-22 06:00:00,2021-07-22,7,0,6,105.75,482,1,25.7,1.6,90,0.0,1.0
2021-07-22 07:00:00,2021-07-22,7,0,7,121.75,1255,1,27.1,1.9,84,0.0,1.0
2021-07-22 08:00:00,2021-07-22,7,0,8,196.5,709,1,27.7,2.4,80,0.0,1.0
2021-07-22 09:00:00,2021-07-22,7,0,9,191.5,491,1,28.1,2.9,76,0.0,1.0
2021-07-22 10:00:00,2021-07-22,7,0,10,179.5,679,1,28.7,3.6,78,0.0,1.0
2021-07-22 11:00:00,2021-07-22,7,0,11,186.25,691,1,29.5,3.1,73,0.0,1.0
2021-07-22 12:00:00,2021-07-22,7,0,12,103.5,30,1,29.2,3.2,73,0.0,1.0
2021-07-22 13:00:00,2021-07-22,7,0,13,170.5,2297,1,28.3,2.8,77,0.0,1.0
2021-07-22 14:00:00,2021-07-22,7,0,14,181.75,383,1,28.6,3.2,76,0.0,1.0
2021-07-22 15:00:00,2021-07-22,7,0,15,163.5,727,1,28.7,3.4,77,0.0,1.0
2021-07-22 16:00:00,2021-07-22,7,0,16,165.25,634,1,29.3,2.2,75,0.0,1.0
2021-07-22 17:00:00,2021-07-22,7,0,17,123.75,552,1,27.4,2.1,80,0.0,1.0
2021-07-22 18:00:00,2021-07-22,7,0,18,163.5,992,1,26.8,1.9,85,0.0,1.0
2021-07-22 19:00:00,2021-07-22,7,0,19,153.75,4520,1,26.0,2.6,90,0.0,1.0
2021-07-22 20:00:00,2021-07-22,7,0,20,131.75,368,1,25.5,1.2,92,0.0,1.0
2021-07-22 21:00:00,2021-07-22,7,0,21,119.75,0,0,25.8,1.7,89,0.0,1.0
2021-07-22 22:00:00,2021-07-22,7,0,22,114.75,270,1,25.3,0.9,90,0.0,1.0
2021-07-22 23:00:00,2021-07-22,7,0,23,107.25,82,1,25.2,1.3,92,0.0,1.0
2021-07-23 00:00:00,2021-07-23,7,0,0,77.75,200,1,24.9,1.2,94,0.0,1.0
2021-07-23 01:00:00,2021-07-23,7,0,1,104.5,91,1,24.5,1.2,96,0.0,1.0
2021-07-23 02:00:00,2021-07-23,7,0,2,105.25,376,1,24.4,1.2,97,0.0,1.0
2021-07-23 03:00:00,2021-07-23,7,0,3,101.75,102,1,24.2,1.3,98,0.0,1.0
2021-07-23 04:00:00,2021-07-23,7,0,4,99.0,162,1,24.1,1.6,98,0.0,1.0
2021-07-23 05:00:00,2021-07-23,7,0,5,88.75,0,0,24.1,1.0,96,0.0,1.0
2021-07-23 06:00:00,2021-07-23,7,0,6,103.25,0,0,24.6,2.0,95,0.0,1.0
2021-07-23 07:00:00,2021-07-23,7,0,7,122.25,2387,1,26.2,2.2,88,0.0,1.0
2021-07-23 08:00:00,2021-07-23,7,0,8,190.5,999,1,26.8,1.9,85,0.0,1.0
2021-07-23 09:00:00,2021-07-23,7,0,9,185.25,1838,1,27.8,1.6,81,0.0,1.0
2021-07-23 10:00:00,2021-07-23,7,0,10,178.75,1231,1,28.9,2.7,73,0.0,1.0
2021-07-23 11:00:00,2021-07-23,7,0,11,188.0,1813,1,28.9,2.9,73,0.0,1.0
2021-07-23 12:00:00,2021-07-23,7,0,12,113.0,0,0,29.2,2.0,74,0.0,1.0
2021-07-23 13:00:00,2021-07-23,7,0,13,179.75,979,1,29.2,2.8,73,0.0,1.0
2021-07-23 14:00:00,2021-07-23,7,0,14,184.0,1335,1,29.3,4.3,75,0.0,1.0
2021-07-23 15:00:00,2021-07-23,7,0,15,175.25,923,1,28.4,2.5,77,0.0,1.0
2021-07-23 16:00:00,2021-07-23,7,0,16,189.25,6161,1,28.1,1.9,78,0.0,1.0
2021-07-23 17:00:00,2021-07-23,7,0,17,138.25,555,1,27.8,2.4,78,0.0,1.0
2021-07-23 18:00:00,2021-07-23,7,0,18,174.5,1693,1,26.6,1.8,86,0.0,1.0
2021-07-23 19:00:00,2021-07-23,7,0,19,144.5,2039,1,25.9,1.6,88,0.0,1.0
2021-07-23 20:00:00,2021-07-23,7,0,20,110.5,113,1,25.6,1.6,91,0.0,1.0
2021-07-23 21:00:00,2021-07-23,7,0,21,106.5,12,1,24.9,0.2,93,0.0,1.0
2021-07-23 22:00:00,2021-07-23,7,0,22,100.0,371,1,25.0,0.9,94,0.0,1.0
2021-07-23 23:00:00,2021-07-23,7,0,23,101.75,180,1,24.9,1.2,92,0.0,1.0
2021-07-24 00:00:00,2021-07-24,7,1,0,68.25,0,0,24.7,1.2,91,0.0,1.0
2021-07-24 01:00:00,2021-07-24,7,1,1,96.25,501,1,24.6,1.1,91,0.0,1.0
2021-07-24 02:00:00,2021-07-24,7,1,2,95.0,51,1,24.4,0.9,94,0.0,1.0
2021-07-24 03:00:00,2021-07-24,7,1,3,93.25,42,1,24.0,0.8,96,0.0,1.0
2021-07-24 04:00:00,2021-07-24,7,1,4,96.5,262,1,23.9,1.2,97,0.0,1.0
2021-07-24 05:00:00,2021-07-24,7,1,5,80.5,62,1,23.8,0.8,98,0.0,1.0
2021-07-24 06:00:00,2021-07-24,7,1,6,94.5,919,1,24.9,0.7,96,0.0,1.0
2021-07-24 07:00:00,2021-07-24,7,1,7,61.0,482,1,25.8,0.6,90,0.0,1.0
2021-07-24 08:00:00,2021-07-24,7,1,8,24.5,0,0,26.9,2.0,84,0.0,1.0
2021-07-24 09:00:00,2021-07-24,7,1,9,24.0,0,0,29.1,1.3,78,0.0,1.0
2021-07-24 10:00:00,2021-07-24,7,1,10,24.0,0,0,28.8,2.5,74,0.0,1.0
2021-07-24 11:00:00,2021-07-24,7,1,11,26.75,0,0,28.5,3.2,76,0.0,1.0
2021-07-24 12:00:00,2021-07-24,7,1,12,23.0,0,0,29.6,3.5,72,0.0,1.0
2021-07-24 13:00:00,2021-07-24,7,1,13,23.75,0,0,30.0,3.2,71,0.0,1.0
2021-07-24 14:00:00,2021-07-24,7,1,14,24.0,0,0,29.8,3.0,69,0.0,1.0
2021-07-24 15:00:00,2021-07-24,7,1,15,25.75,0,0,29.3,3.5,64,0.0,1.0
2021-07-24 16:00:00,2021-07-24,7,1,16,24.25,0,0,29.2,1.5,68,0.0,1.0
2021-07-24 17:00:00,2021-07-24,7,1,17,24.0,0,0,28.7,1.6,70,0.0,1.0
2021-07-24 18:00:00,2021-07-24,7,1,18,25.0,0,0,26.9,1.8,82,0.0,1.0
2021-07-24 19:00:00,2021-07-24,7,1,19,24.5,0,0,26.3,1.4,85,0.0,1.0
2021-07-24 20:00:00,2021-07-24,7,1,20,23.75,0,0,26.1,2.5,89,0.0,1.0
2021-07-24 21:00:00,2021-07-24,7,1,21,24.5,0,0,26.2,2.7,90,0.0,1.0
2021-07-24 22:00:00,2021-07-24,7,1,22,25.5,0,0,26.1,1.3,91,0.0,1.0
2021-07-24 23:00:00,2021-07-24,7,1,23,24.0,0,0,26.0,1.0,91,0.0,1.0
2021-07-25 00:00:00,2021-07-25,7,1,0,24.0,0,0,25.6,1.2,92,0.0,1.0
2021-07-25 01:00:00,2021-07-25,7,1,1,24.5,0,0,24.8,0.4,96,0.0,1.0
2021-07-25 02:00:00,2021-07-25,7,1,2,25.25,0,0,24.9,0.8,95,0.0,1.0
2021-07-25 03:00:00,2021-07-25,7,1,3,24.0,0,0,24.3,1.3,97,0.0,1.0
2021-07-25 04:00:00,2021-07-25,7,1,4,23.75,0,0,24.5,2.0,98,0.0,1.0
2021-07-25 05:00:00,2021-07-25,7,1,5,25.75,0,0,24.7,1.6,98,0.0,1.0
2021-07-25 06:00:00,2021-07-25,7,1,6,23.75,0,0,25.5,0.6,95,0.0,1.0
2021-07-25 07:00:00,2021-07-25,7,1,7,24.0,0,0,27.1,1.5,89,0.0,1.0
2021-07-25 08:00:00,2021-07-25,7,1,8,23.5,0,0,28.4,3.0,81,0.0,1.0
2021-07-25 09:00:00,2021-07-25,7,1,9,25.75,0,0,28.1,2.6,80,0.0,1.0
2021-07-25 10:00:00,2021-07-25,7,1,10,23.75,0,0,28.8,2.7,76,0.0,1.0
2021-07-25 11:00:00,2021-07-25,7,1,11,23.5,0,0,29.0,3.0,77,0.0,1.0
2021-07-25 12:00:00,2021-07-25,7,1,12,26.25,0,0,30.5,2.9,62,0.0,1.0
2021-07-25 13:00:00,2021-07-25,7,1,13,23.75,0,0,31.0,2.4,58,0.0,1.0
2021-07-25 14:00:00,2021-07-25,7,1,14,24.25,0,0,30.5,2.8,58,0.0,1.0
2021-07-25 15:00:00,2021-07-25,7,1,15,24.5,0,0,30.0,2.5,58,0.0,1.0
2021-07-25 16:00:00,2021-07-25,7,1,16,26.25,0,0,29.2,2.5,66,0.0,1.0
2021-07-25 17:00:00,2021-07-25,7,1,17,23.75,0,0,28.0,2.4,69,0.0,1.0
2021-07-25 18:00:00,2021-07-25,7,1,18,23.25,0,0,27.6,1.1,70,0.0,1.0
2021-07-25 19:00:00,2021-07-25,7,1,19,25.25,0,0,26.2,0.9,85,0.0,1.0
2021-07-25 20:00:00,2021-07-25,7,1,20,23.75,0,0,25.9,2.2,92,0.0,1.0
2021-07-25 21:00:00,2021-07-25,7,1,21,23.75,0,0,25.0,0.5,91,0.0,1.0
2021-07-25 22:00:00,2021-07-25,7,1,22,23.75,0,0,25.5,1.3,94,0.0,1.0
2021-07-25 23:00:00,2021-07-25,7,1,23,25.5,0,0,25.3,0.4,95,0.0,1.0
2021-07-26 00:00:00,2021-07-26,7,0,0,24.0,0,0,25.1,1.0,97,0.0,1.0
2021-07-26 01:00:00,2021-07-26,7,0,1,23.75,0,0,24.8,1.2,98,0.0,1.0
2021-07-26 02:00:00,2021-07-26,7,0,2,24.75,0,0,24.6,1.6,98,0.0,1.0
2021-07-26 03:00:00,2021-07-26,7,0,3,24.75,0,0,24.5,1.5,98,0.0,1.0
2021-07-26 04:00:00,2021-07-26,7,0,4,23.5,0,0,24.4,1.1,98,0.0,1.0
2021-07-26 05:00:00,2021-07-26,7,0,5,23.5,0,0,24.7,1.1,98,0.0,1.0
2021-07-26 06:00:00,2021-07-26,7,0,6,26.0,0,0,26.9,0.9,91,0.0,1.0
2021-07-26 07:00:00,2021-07-26,7,0,7,70.5,0,0,27.9,1.9,82,0.0,1.0
2021-07-26 08:00:00,2021-07-26,7,0,8,197.75,805,1,29.4,2.1,69,0.0,1.0
2021-07-26 09:00:00,2021-07-26,7,0,9,183.75,1283,1,29.8,2.9,62,0.0,1.0
2021-07-26 10:00:00,2021-07-26,7,0,10,184.5,1149,1,29.9,2.2,60,0.0,1.0
2021-07-26 11:00:00,2021-07-26,7,0,11,190.0,3069,1,30.8,2.0,58,0.0,1.0
2021-07-26 12:00:00,2021-07-26,7,0,12,113.0,0,0,30.7,2.7,53,0.0,1.0
2021-07-26 13:00:00,2021-07-26,7,0,13,169.0,1969,1,31.1,2.7,50,0.0,1.0
2021-07-26 14:00:00,2021-07-26,7,0,14,185.5,669,1,30.5,3.0,53,0.0,1.0
2021-07-26 15:00:00,2021-07-26,7,0,15,157.5,2463,1,30.4,2.4,57,0.0,1.0
2021-07-26 16:00:00,2021-07-26,7,0,16,169.0,1238,1,29.3,2.6,62,0.0,1.0
2021-07-26 17:00:00,2021-07-26,7,0,17,135.75,6579,1,28.3,2.9,65,0.0,1.0
2021-07-26 18:00:00,2021-07-26,7,0,18,174.5,1120,1,27.3,2.3,77,0.0,1.0
2021-07-26 19:00:00,2021-07-26,7,0,19,157.0,3479,1,26.4,1.4,81,0.0,1.0
2021-07-26 20:00:00,2021-07-26,7,0,20,101.5,19,1,25.9,1.5,86,0.0,1.0
2021-07-26 21:00:00,2021-07-26,7,0,21,109.75,0,0,25.6,1.3,87,0.0,1.0
2021-07-26 22:00:00,2021-07-26,7,0,22,109.5,132,1,24.9,1.3,90,0.0,1.0
2021-07-26 23:00:00,2021-07-26,7,0,23,95.0,48,1,24.7,1.6,92,0.0,1.0
2021-07-27 00:00:00,2021-07-27,7,0,0,68.0,89,1,24.8,1.8,94,0.0,1.0
2021-07-27 01:00:00,2021-07-27,7,0,1,102.25,63,1,24.4,1.7,93,0.0,1.0
2021-07-27 02:00:00,2021-07-27,7,0,2,115.0,4,1,23.9,1.0,96,0.0,1.0
2021-07-27 03:00:00,2021-07-27,7,0,3,105.25,74,1,23.5,0.6,98,0.0,1.0
2021-07-27 04:00:00,2021-07-27,7,0,4,108.25,36,1,23.4,1.1,98,0.0,1.0
2021-07-27 05:00:00,2021-07-27,7,0,5,88.75,2,1,23.5,0.7,98,0.0,1.0
2021-07-27 06:00:00,2021-07-27,7,0,6,105.25,229,1,24.9,0.9,98,0.0,1.0
2021-07-27 07:00:00,2021-07-27,7,0,7,133.75,1262,1,27.1,1.9,86,0.0,1.0
2021-07-27 08:00:00,2021-07-27,7,0,8,193.75,1862,1,27.8,1.7,81,0.0,1.0
2021-07-27 09:00:00,2021-07-27,7,0,9,180.75,593,1,29.9,2.0,70,0.0,1.0
2021-07-27 10:00:00,2021-07-27,7,0,10,188.25,976,1,30.0,3.3,65,0.0,1.0
2021-07-27 11:00:00,2021-07-27,7,0,11,206.75,857,1,30.7,3.5,65,0.0,1.0
2021-07-27 12:00:00,2021-07-27,7,0,12,109.5,184,1,30.0,4.8,67,0.0,1.0
2021-07-27 13:00:00,2021-07-27,7,0,13,181.75,606,1,29.7,4.4,68,0.0,1.0
2021-07-27 14:00:00,2021-07-27,7,0,14,195.0,1654,1,29.6,3.8,69,0.0,1.0
2021-07-27 15:00:00,2021-07-27,7,0,15,179.25,1224,1,29.2,3.8,73,0.0,1.0
2021-07-27 16:00:00,2021-07-27,7,0,16,185.75,1271,1,28.6,3.6,75,0.0,1.0
2021-07-27 17:00:00,2021-07-27,7,0,17,158.75,350,1,28.4,2.0,77,0.0,1.0
2021-07-27 18:00:00,2021-07-27,7,0,18,168.75,5796,1,27.1,2.0,79,0.0,1.0
2021-07-27 19:00:00,2021-07-27,7,0,19,168.75,3392,1,26.4,2.1,85,0.0,1.0
2021-07-27 20:00:00,2021-07-27,7,0,20,143.75,2,1,26.0,1.3,86,0.0,1.0
2021-07-27 21:00:00,2021-07-27,7,0,21,143.5,8,1,25.6,1.4,87,0.0,1.0
2021-07-27 22:00:00,2021-07-27,7,0,22,129.25,41,1,25.0,1.8,89,0.0,1.0
2021-07-27 23:00:00,2021-07-27,7,0,23,121.5,201,1,24.7,1.4,92,0.0,1.0
2021-07-28 00:00:00,2021-07-28,7,0,0,87.5,1158,1,24.1,1.1,94,0.0,0.5
2021-07-28 01:00:00,2021-07-28,7,0,1,121.25,83,1,23.8,1.1,95,0.0,0.5
2021-07-28 02:00:00,2021-07-28,7,0,2,119.25,4,1,24.1,2.2,98,0.0,0.5
2021-07-28 03:00:00,2021-07-28,7,0,3,122.0,308,1,23.9,1.8,98,0.0,0.5
2021-07-28 04:00:00,2021-07-28,7,0,4,119.0,177,1,23.3,0.8,98,0.0,0.5
2021-07-28 05:00:00,2021-07-28,7,0,5,105.0,56,1,23.6,1.1,98,0.0,0.5
2021-07-28 06:00:00,2021-07-28,7,0,6,123.5,52,1,25.2,1.3,94,0.0,0.5
2021-07-28 07:00:00,2021-07-28,7,0,7,156.0,1841,1,26.2,0.8,85,0.0,0.5
2021-07-28 08:00:00,2021-07-28,7,0,8,197.75,2013,1,27.2,1.3,80,0.0,0.5
2021-07-28 09:00:00,2021-07-28,7,0,9,198.25,2284,1,29.0,2.0,73,0.0,0.5
2021-07-28 10:00:00,2021-07-28,7,0,10,188.0,1029,1,30.5,1.7,67,0.0,0.5
2021-07-28 11:00:00,2021-07-28,7,0,11,207.5,2429,1,31.0,3.1,65,0.0,0.5
2021-07-28 12:00:00,2021-07-28,7,0,12,120.75,296,1,30.8,3.4,66,0.0,0.5
2021-07-28 13:00:00,2021-07-28,7,0,13,194.25,1488,1,30.2,4.1,68,0.0,0.5
2021-07-28 14:00:00,2021-07-28,7,0,14,196.25,1197,1,29.5,3.8,68,0.0,0.5
2021-07-28 15:00:00,2021-07-28,7,0,15,161.25,300,1,28.6,4.4,76,0.0,0.5
2021-07-28 16:00:00,2021-07-28,7,0,16,173.5,2747,1,29.5,2.2,71,0.0,0.5
2021-07-28 17:00:00,2021-07-28,7,0,17,147.0,682,1,28.7,1.6,71,0.0,0.5
2021-07-28 18:00:00,2021-07-28,7,0,18,183.25,1952,1,27.4,1.6,71,0.0,0.5
2021-07-28 19:00:00,2021-07-28,7,0,19,151.0,3635,1,26.5,1.7,81,0.0,0.5
2021-07-28 20:00:00,2021-07-28,7,0,20,106.75,308,1,26.0,1.4,86,0.0,0.5
2021-07-28 21:00:00,2021-07-28,7,0,21,109.5,21,1,25.9,0.8,87,0.0,0.5
2021-07-28 22:00:00,2021-07-28,7,0,22,103.0,189,1,24.9,1.3,89,0.0,0.5
2021-07-28 23:00:00,2021-07-28,7,0,23,102.5,36,1,24.6,2.0,91,0.0,0.5
2021-07-29 00:00:00,2021-07-29,7,0,0,68.0,0,0,24.0,0.9,93,0.0,1.0
2021-07-29 01:00:00,2021-07-29,7,0,1,110.25,313,1,23.5,1.8,95,0.0,1.0
2021-07-29 02:00:00,2021-07-29,7,0,2,110.5,206,1,23.1,0.6,98,0.0,1.0
2021-07-29 03:00:00,2021-07-29,7,0,3,110.25,49,1,23.5,0.6,98,0.0,1.0
2021-07-29 04:00:00,2021-07-29,7,0,4,111.0,100,1,23.4,0.7,97,0.0,1.0
2021-07-29 05:00:00,2021-07-29,7,0,5,94.0,156,1,23.8,1.0,98,0.0,1.0
2021-07-29 06:00:00,2021-07-29,7,0,6,116.25,94,1,26.0,0.9,90,0.0,1.0
2021-07-29 07:00:00,2021-07-29,7,0,7,140.5,925,1,27.0,1.2,84,0.0,1.0
2021-07-29 08:00:00,2021-07-29,7,0,8,192.25,909,1,28.6,1.4,72,0.0,1.0
2021-07-29 09:00:00,2021-07-29,7,0,9,198.25,1181,1,30.1,1.1,66,0.0,1.0
2021-07-29 10:00:00,2021-07-29,7,0,10,186.75,884,1,30.5,1.5,65,0.0,1.0
2021-07-29 11:00:00,2021-07-29,7,0,11,207.25,1597,1,30.2,1.9,61,0.0,1.0
2021-07-29 12:00:00,2021-07-29,7,0,12,112.0,200,1,31.6,2.3,60,0.0,1.0
2021-07-29 13:00:00,2021-07-29,7,0,13,191.75,1480,1,31.6,2.7,60,0.0,1.0
2021-07-29 14:00:00,2021-07-29,7,0,14,187.25,3092,1,30.7,2.2,64,0.0,1.0
2021-07-29 15:00:00,2021-07-29,7,0,15,163.5,2184,1,30.3,1.5,63,0.0,1.0
2021-07-29 16:00:00,2021-07-29,7,0,16,165.75,2656,1,29.7,2.7,61,0.0,1.0
2021-07-29 17:00:00,2021-07-29,7,0,17,129.25,735,1,29.9,1.8,59,0.0,1.0
2021-07-29 18:00:00,2021-07-29,7,0,18,173.75,5687,1,28.2,1.2,64,0.0,1.0
2021-07-29 19:00:00,2021-07-29,7,0,19,168.75,2616,1,27.5,1.4,67,0.0,1.0
2021-07-29 20:00:00,2021-07-29,7,0,20,128.25,149,1,26.9,0.7,77,0.0,1.0
2021-07-29 21:00:00,2021-07-29,7,0,21,125.75,131,1,25.8,0.8,79,0.0,1.0
2021-07-29 22:00:00,2021-07-29,7,0,22,122.0,180,1,25.3,0.2,84,0.0,1.0
2021-07-29 23:00:00,2021-07-29,7,0,23,114.25,174,1,25.2,0.5,86,0.0,1.0
2021-07-30 00:00:00,2021-07-30,7,0,0,87.5,82,1,25.2,0.6,89,0.0,0.5
2021-07-30 01:00:00,2021-07-30,7,0,1,121.25,164,1,25.0,0.9,90,0.0,0.5
2021-07-30 02:00:00,2021-07-30,7,0,2,119.25,30,1,24.7,0.7,88,0.0,0.5
2021-07-30 03:00:00,2021-07-30,7,0,3,122.0,498,1,24.1,1.0,92,0.0,0.5
2021-07-30 04:00:00,2021-07-30,7,0,4,119.0,42,1,24.4,1.0,87,0.0,0.5
2021-07-30 05:00:00,2021-07-30,7,0,5,105.0,108,1,24.3,0.9,94,0.0,0.5
2021-07-30 06:00:00,2021-07-30,7,0,6,123.5,461,1,26.6,0.4,88,0.0,0.5
2021-07-30 07:00:00,2021-07-30,7,0,7,156.0,1229,1,28.5,1.0,71,0.0,0.5
2021-07-30 08:00:00,2021-07-30,7,0,8,197.75,1134,1,30.3,0.8,63,0.0,0.5
2021-07-30 09:00:00,2021-07-30,7,0,9,198.25,2079,1,30.5,1.3,58,0.0,0.5
2021-07-30 10:00:00,2021-07-30,7,0,10,188.0,439,1,32.4,1.2,52,0.0,0.5
2021-07-30 11:00:00,2021-07-30,7,0,11,207.5,1084,1,31.8,1.4,59,0.0,0.5
2021-07-30 12:00:00,2021-07-30,7,0,12,120.75,0,0,31.7,2.0,64,0.0,0.5
2021-07-30 13:00:00,2021-07-30,7,0,13,194.25,1769,1,32.1,3.6,55,0.0,0.5
2021-07-30 14:00:00,2021-07-30,7,0,14,196.25,1204,1,33.2,2.7,54,0.0,0.5
2021-07-30 15:00:00,2021-07-30,7,0,15,161.25,790,1,33.2,2.0,52,0.0,0.5
2021-07-30 16:00:00,2021-07-30,7,0,16,173.5,1575,1,32.7,1.9,53,0.0,0.5
2021-07-30 17:00:00,2021-07-30,7,0,17,147.0,0,0,30.7,1.3,65,0.0,0.5
2021-07-30 18:00:00,2021-07-30,7,0,18,183.25,0,0,29.3,1.2,72,0.0,0.5
2021-07-30 19:00:00,2021-07-30,7,0,19,151.0,0,0,28.7,1.1,70,0.0,0.5
2021-07-30 20:00:00,2021-07-30,7,0,20,106.75,0,0,27.2,0.4,79,0.0,0.5
2021-07-30 21:00:00,2021-07-30,7,0,21,109.5,0,0,26.7,1.1,82,0.0,0.5
2021-07-30 22:00:00,2021-07-30,7,0,22,103.0,0,0,26.7,2.2,82,0.0,0.5
2021-07-30 23:00:00,2021-07-30,7,0,23,102.5,0,0,26.2,2.3,81,0.0,0.5
2021-07-31 00:00:00,2021-07-31,7,1,0,22.5,0,0,25.1,1.0,86,0.0,1.0
2021-07-31 01:00:00,2021-07-31,7,1,1,21.0,0,0,25.4,1.4,82,0.0,1.0
2021-07-31 02:00:00,2021-07-31,7,1,2,21.0,0,0,24.4,1.3,89,0.0,1.0
2021-07-31 03:00:00,2021-07-31,7,1,3,20.75,0,0,24.0,0.4,90,0.0,1.0
2021-07-31 04:00:00,2021-07-31,7,1,4,23.0,0,0,23.9,1.1,92,0.0,1.0
2021-07-31 05:00:00,2021-07-31,7,1,5,20.0,0,0,23.6,0.3,94,0.0,1.0
2021-07-31 06:00:00,2021-07-31,7,1,6,20.5,0,0,26.4,0.6,84,0.0,1.0
2021-07-31 07:00:00,2021-07-31,7,1,7,21.5,0,0,28.3,1.6,77,0.0,1.0
2021-07-31 08:00:00,2021-07-31,7,1,8,20.5,0,0,29.8,1.2,73,0.0,1.0
2021-07-31 09:00:00,2021-07-31,7,1,9,20.75,0,0,31.3,1.6,67,0.0,1.0
2021-07-31 10:00:00,2021-07-31,7,1,10,21.5,0,0,32.4,2.8,68,0.0,1.0
2021-07-31 11:00:00,2021-07-31,7,1,11,23.25,0,0,32.7,2.0,65,0.0,1.0
2021-07-31 12:00:00,2021-07-31,7,1,12,21.0,0,0,32.8,2.1,69,0.0,1.0
2021-07-31 13:00:00,2021-07-31,7,1,13,21.0,0,0,32.1,2.4,71,0.0,1.0
2021-07-31 14:00:00,2021-07-31,7,1,14,22.25,0,0,30.8,2.4,75,0.0,1.0
2021-07-31 15:00:00,2021-07-31,7,1,15,21.5,0,0,29.5,1.6,83,0.0,1.0
2021-07-31 16:00:00,2021-07-31,7,1,16,20.75,0,0,28.4,1.8,85,0.0,1.0
2021-07-31 17:00:00,2021-07-31,7,1,17,21.0,0,0,28.5,1.7,86,0.0,1.0
2021-07-31 18:00:00,2021-07-31,7,1,18,23.25,0,0,28.4,1.0,87,0.0,1.0
2021-07-31 19:00:00,2021-07-31,7,1,19,20.5,0,0,28.0,0.3,90,0.0,1.0
2021-07-31 20:00:00,2021-07-31,7,1,20,20.5,0,0,27.6,0.8,92,0.0,1.0
2021-07-31 21:00:00,2021-07-31,7,1,21,22.75,0,0,27.6,1.5,93,0.0,1.0
2021-07-31 22:00:00,2021-07-31,7,1,22,21.0,0,0,27.6,1.0,94,0.0,1.0
2021-07-31 23:00:00,2021-07-31,7,1,23,21.0,0,0,27.6,1.0,94,0.0,1.0
2021-08-01 00:00:00,2021-08-01,8,1,0,21.0,0,0,27.4,1.3,94,0.0,1.0
2021-08-01 01:00:00,2021-08-01,8,1,1,23.0,0,0,27.2,1.7,94,0.0,1.0
2021-08-01 02:00:00,2021-08-01,8,1,2,21.0,0,0,25.5,2.1,93,0.0,1.0
2021-08-01 03:00:00,2021-08-01,8,1,3,20.75,0,0,25.2,0.3,97,0.1,1.0
2021-08-01 04:00:00,2021-08-01,8,1,4,21.75,0,0,24.9,0.4,98,0.1,1.0
2021-08-01 05:00:00,2021-08-01,8,1,5,21.75,0,0,24.8,0.9,98,0.2,1.0
2021-08-01 06:00:00,2021-08-01,8,1,6,20.25,0,0,26.0,0.6,98,0.2,1.0
2021-08-01 07:00:00,2021-08-01,8,1,7,20.25,0,0,27.9,1.1,91,0.2,1.0
2021-08-01 08:00:00,2021-08-01,8,1,8,22.75,0,0,29.2,1.4,82,0.2,1.0
2021-08-01 09:00:00,2021-08-01,8,1,9,21.75,0,0,31.0,1.5,74,0.2,1.0
2021-08-01 10:00:00,2021-08-01,8,1,10,20.75,0,0,31.3,1.2,68,0.2,1.0
2021-08-01 11:00:00,2021-08-01,8,1,11,21.0,0,0,32.6,2.1,71,0.2,1.0
2021-08-01 12:00:00,2021-08-01,8,1,12,22.5,0,0,31.9,2.4,71,0.2,1.0
2021-08-01 13:00:00,2021-08-01,8,1,13,21.0,0,0,30.0,2.3,76,0.2,1.0
2021-08-01 14:00:00,2021-08-01,8,1,14,21.0,0,0,28.7,2.1,87,0.2,1.0
2021-08-01 15:00:00,2021-08-01,8,1,15,21.5,0,0,28.7,1.2,89,0.2,1.0
2021-08-01 16:00:00,2021-08-01,8,1,16,22.75,0,0,28.7,0.9,88,0.2,1.0
2021-08-01 17:00:00,2021-08-01,8,1,17,20.5,0,0,28.5,1.5,90,0.2,1.0
2021-08-01 18:00:00,2021-08-01,8,1,18,20.25,0,0,28.3,1.5,91,0.2,1.0
2021-08-01 19:00:00,2021-08-01,8,1,19,21.25,0,0,27.2,1.9,98,5.3,1.0
2021-08-01 20:00:00,2021-08-01,8,1,20,22.5,0,0,26.7,1.5,98,20.2,1.0
2021-08-01 21:00:00,2021-08-01,8,1,21,21.5,0,0,25.9,1.5,98,20.2,1.0
2021-08-01 22:00:00,2021-08-01,8,1,22,21.5,0,0,26.0,1.8,98,20.2,1.0
2021-08-01 23:00:00,2021-08-01,8,1,23,21.5,0,0,26.3,1.4,98,20.2,1.0
2021-08-02 00:00:00,2021-08-02,8,0,0,21.0,0,0,26.0,1.3,98,0.0,1.0
2021-08-02 01:00:00,2021-08-02,8,0,1,21.0,0,0,25.9,1.9,98,0.0,1.0
2021-08-02 02:00:00,2021-08-02,8,0,2,21.0,0,0,25.5,0.3,98,0.0,1.0
2021-08-02 03:00:00,2021-08-02,8,0,3,23.0,0,0,25.5,0.9,98,0.0,1.0
2021-08-02 04:00:00,2021-08-02,8,0,4,21.0,0,0,25.3,1.2,98,0.0,1.0
2021-08-02 05:00:00,2021-08-02,8,0,5,21.0,0,0,25.4,1.4,98,0.0,1.0
2021-08-02 06:00:00,2021-08-02,8,0,6,22.0,0,0,26.3,0.7,98,0.0,1.0
2021-08-02 07:00:00,2021-08-02,8,0,7,20.5,0,0,26.7,1.4,98,0.0,1.0
2021-08-02 08:00:00,2021-08-02,8,0,8,20.25,0,0,28.4,1.3,95,0.0,1.0
2021-08-02 09:00:00,2021-08-02,8,0,9,21.0,0,0,28.5,0.9,90,0.0,1.0
2021-08-02 10:00:00,2021-08-02,8,0,10,22.0,0,0,31.6,2.0,71,0.0,1.0
2021-08-02 11:00:00,2021-08-02,8,0,11,20.75,0,0,28.8,1.5,91,4.6,1.0
2021-08-02 12:00:00,2021-08-02,8,0,12,21.0,0,0,27.3,2.0,94,16.7,1.0
2021-08-02 13:00:00,2021-08-02,8,0,13,21.5,0,0,29.9,0.6,86,16.7,1.0
2021-08-02 14:00:00,2021-08-02,8,0,14,22.75,0,0,31.3,1.5,70,16.7,1.0
2021-08-02 15:00:00,2021-08-02,8,0,15,21.0,0,0,32.0,3.1,66,16.7,1.0
2021-08-02 16:00:00,2021-08-02,8,0,16,21.0,0,0,31.0,3.8,70,16.7,1.0
2021-08-02 17:00:00,2021-08-02,8,0,17,21.75,0,0,30.1,3.2,75,16.7,1.0
2021-08-02 18:00:00,2021-08-02,8,0,18,22.25,0,0,29.3,1.3,78,16.7,1.0
2021-08-02 19:00:00,2021-08-02,8,0,19,21.0,0,0,28.4,1.9,82,16.7,1.0
2021-08-02 20:00:00,2021-08-02,8,0,20,21.75,0,0,27.6,1.1,82,16.7,1.0
2021-08-02 21:00:00,2021-08-02,8,0,21,22.0,0,0,26.9,0.5,84,16.7,1.0
2021-08-02 22:00:00,2021-08-02,8,0,22,21.75,0,0,26.7,1.2,81,16.7,1.0
2021-08-02 23:00:00,2021-08-02,8,0,23,21.0,0,0,25.6,0.2,89,16.7,1.0
2021-08-03 00:00:00,2021-08-03,8,0,0,21.25,0,0,25.5,1.1,87,0.0,1.0
2021-08-03 01:00:00,2021-08-03,8,0,1,23.25,0,0,24.6,0.4,90,0.0,1.0
2021-08-03 02:00:00,2021-08-03,8,0,2,20.75,0,0,23.9,0.2,96,0.0,1.0
2021-08-03 03:00:00,2021-08-03,8,0,3,21.25,0,0,24.3,1.1,96,0.0,1.0
2021-08-03 04:00:00,2021-08-03,8,0,4,20.5,0,0,23.9,0.7,98,0.0,1.0
2021-08-03 05:00:00,2021-08-03,8,0,5,21.75,0,0,24.1,1.1,94,0.0,1.0
2021-08-03 06:00:00,2021-08-03,8,0,6,21.0,0,0,25.3,0.1,91,0.0,1.0
2021-08-03 07:00:00,2021-08-03,8,0,7,20.25,0,0,25.7,0.9,89,0.0,1.0
2021-08-03 08:00:00,2021-08-03,8,0,8,21.75,0,0,26.7,1.0,82,0.0,1.0
2021-08-03 09:00:00,2021-08-03,8,0,9,20.75,0,0,27.1,1.4,85,0.0,1.0
2021-08-03 10:00:00,2021-08-03,8,0,10,21.0,0,0,27.6,2.3,87,0.0,1.0
2021-08-03 11:00:00,2021-08-03,8,0,11,21.75,0,0,29.5,1.1,79,0.0,1.0
2021-08-03 12:00:00,2021-08-03,8,0,12,22.5,0,0,30.9,1.0,68,0.0,1.0
2021-08-03 13:00:00,2021-08-03,8,0,13,21.0,0,0,29.9,1.0,74,0.0,1.0
2021-08-03 14:00:00,2021-08-03,8,0,14,21.25,0,0,28.4,1.3,84,0.7,1.0
2021-08-03 15:00:00,2021-08-03,8,0,15,22.75,0,0,29.5,2.6,76,0.7,1.0
2021-08-03 16:00:00,2021-08-03,8,0,16,22.0,0,0,29.4,3.0,73,0.7,1.0
2021-08-03 17:00:00,2021-08-03,8,0,17,21.0,0,0,29.0,1.3,76,0.7,1.0
2021-08-03 18:00:00,2021-08-03,8,0,18,21.75,0,0,28.1,1.2,83,0.7,1.0
2021-08-03 19:00:00,2021-08-03,8,0,19,22.75,0,0,27.4,0.6,87,0.7,1.0
2021-08-03 20:00:00,2021-08-03,8,0,20,21.0,0,0,27.3,0.6,86,0.7,1.0
2021-08-03 21:00:00,2021-08-03,8,0,21,21.5,0,0,27.3,1.0,85,0.7,1.0
2021-08-03 22:00:00,2021-08-03,8,0,22,21.0,0,0,25.9,0.4,92,0.7,1.0
2021-08-03 23:00:00,2021-08-03,8,0,23,22.75,0,0,25.6,0.5,93,0.7,1.0
2021-08-04 00:00:00,2021-08-04,8,0,0,21.0,0,0,25.9,0.9,93,0.0,1.0
2021-08-04 01:00:00,2021-08-04,8,0,1,20.75,0,0,24.7,0.1,95,0.0,1.0
2021-08-04 02:00:00,2021-08-04,8,0,2,20.25,0,0,24.3,0.6,93,0.0,1.0
2021-08-04 03:00:00,2021-08-04,8,0,3,22.25,0,0,24.4,0.2,96,0.0,1.0
2021-08-04 04:00:00,2021-08-04,8,0,4,21.0,0,0,24.1,0.3,98,0.0,1.0
2021-08-04 05:00:00,2021-08-04,8,0,5,20.5,0,0,24.3,1.0,92,0.0,1.0
2021-08-04 06:00:00,2021-08-04,8,0,6,23.0,0,0,26.6,0.4,83,0.0,1.0
2021-08-04 07:00:00,2021-08-04,8,0,7,20.25,0,0,28.0,0.7,79,0.0,1.0
2021-08-04 08:00:00,2021-08-04,8,0,8,21.0,0,0,29.6,0.9,67,0.0,1.0
2021-08-04 09:00:00,2021-08-04,8,0,9,20.5,0,0,31.3,1.0,58,0.0,1.0
2021-08-04 10:00:00,2021-08-04,8,0,10,22.0,0,0,32.3,1.7,53,0.0,1.0
2021-08-04 11:00:00,2021-08-04,8,0,11,21.0,0,0,32.9,1.5,57,0.0,1.0
2021-08-04 12:00:00,2021-08-04,8,0,12,21.0,0,0,32.0,2.3,67,0.0,1.0
2021-08-04 13:00:00,2021-08-04,8,0,13,22.0,0,0,32.6,1.7,65,0.0,1.0
2021-08-04 14:00:00,2021-08-04,8,0,14,21.75,0,0,31.9,2.1,59,0.0,1.0
2021-08-04 15:00:00,2021-08-04,8,0,15,21.75,0,0,32.0,1.8,59,0.0,1.0
2021-08-04 16:00:00,2021-08-04,8,0,16,21.25,0,0,31.9,1.6,55,0.0,1.0
2021-08-04 17:00:00,2021-08-04,8,0,17,22.5,0,0,30.5,1.8,63,0.0,1.0
2021-08-04 18:00:00,2021-08-04,8,0,18,21.25,0,0,29.5,1.1,65,0.0,1.0
2021-08-04 19:00:00,2021-08-04,8,0,19,21.0,0,0,28.3,1.3,79,0.0,1.0
2021-08-04 20:00:00,2021-08-04,8,0,20,21.0,0,0,27.6,0.4,87,0.0,1.0
2021-08-04 21:00:00,2021-08-04,8,0,21,22.75,0,0,26.6,0.7,91,0.0,1.0
2021-08-04 22:00:00,2021-08-04,8,0,22,21.0,0,0,26.3,0.1,91,0.0,1.0
2021-08-04 23:00:00,2021-08-04,8,0,23,20.75,0,0,25.9,0.6,88,0.0,1.0
2021-08-05 00:00:00,2021-08-05,8,0,0,21.0,0,0,25.7,0.7,90,0.0,1.0
2021-08-05 01:00:00,2021-08-05,8,0,1,22.25,0,0,25.6,1.7,89,0.0,1.0
2021-08-05 02:00:00,2021-08-05,8,0,2,21.0,0,0,25.1,1.2,90,0.0,1.0
2021-08-05 03:00:00,2021-08-05,8,0,3,21.0,0,0,24.9,1.0,93,0.0,1.0
2021-08-05 04:00:00,2021-08-05,8,0,4,21.5,0,0,24.4,0.1,93,0.0,1.0
2021-08-05 05:00:00,2021-08-05,8,0,5,21.0,0,0,24.5,1.7,93,0.0,1.0
2021-08-05 06:00:00,2021-08-05,8,0,6,21.25,0,0,27.1,0.6,87,0.0,1.0
2021-08-05 07:00:00,2021-08-05,8,0,7,20.0,0,0,28.4,0.9,81,0.0,1.0
2021-08-05 08:00:00,2021-08-05,8,0,8,21.75,0,0,30.4,1.0,72,0.0,1.0
2021-08-05 09:00:00,2021-08-05,8,0,9,20.75,0,0,31.3,2.4,62,0.0,1.0
2021-08-05 10:00:00,2021-08-05,8,0,10,20.75,0,0,32.3,1.9,62,0.0,1.0
2021-08-05 11:00:00,2021-08-05,8,0,11,22.25,0,0,32.3,1.6,63,0.0,1.0
2021-08-05 12:00:00,2021-08-05,8,0,12,21.75,0,0,32.8,2.1,63,0.0,1.0
2021-08-05 13:00:00,2021-08-05,8,0,13,21.75,0,0,32.3,2.5,63,0.0,1.0
2021-08-05 14:00:00,2021-08-05,8,0,14,21.25,0,0,33.3,1.9,57,0.0,1.0
2021-08-05 15:00:00,2021-08-05,8,0,15,22.75,0,0,32.6,2.1,62,0.0,1.0
2021-08-05 16:00:00,2021-08-05,8,0,16,21.5,0,0,31.8,2.1,59,0.0,1.0
2021-08-05 17:00:00,2021-08-05,8,0,17,21.5,0,0,31.5,1.4,59,0.0,1.0
2021-08-05 18:00:00,2021-08-05,8,0,18,21.0,0,0,30.0,1.4,62,0.0,1.0
2021-08-05 19:00:00,2021-08-05,8,0,19,22.0,0,0,29.5,1.2,68,0.0,1.0
2021-08-05 20:00:00,2021-08-05,8,0,20,20.75,0,0,29.0,0.9,68,0.0,1.0
2021-08-05 21:00:00,2021-08-05,8,0,21,21.25,0,0,27.8,0.7,77,0.0,1.0
2021-08-05 22:00:00,2021-08-05,8,0,22,21.5,0,0,26.8,0.3,84,0.0,1.0
2021-08-05 23:00:00,2021-08-05,8,0,23,22.5,0,0,26.6,1.6,84,0.0,1.0
2021-08-06 00:00:00,2021-08-06,8,0,0,20.75,0,0,25.6,0.8,86,0.0,1.0
2021-08-06 01:00:00,2021-08-06,8,0,1,21.0,0,0,25.6,1.1,86,0.0,1.0
2021-08-06 02:00:00,2021-08-06,8,0,2,20.25,0,0,25.0,0.5,91,0.0,1.0
2021-08-06 03:00:00,2021-08-06,8,0,3,22.25,0,0,25.4,1.4,92,0.0,1.0
2021-08-06 04:00:00,2021-08-06,8,0,4,21.5,0,0,24.8,1.1,95,0.0,1.0
2021-08-06 05:00:00,2021-08-06,8,0,5,20.75,0,0,24.9,1.1,96,0.0,1.0
2021-08-06 06:00:00,2021-08-06,8,0,6,21.5,0,0,26.7,1.5,87,0.0,1.0
2021-08-06 07:00:00,2021-08-06,8,0,7,20.25,0,0,28.5,2.1,78,0.0,1.0
2021-08-06 08:00:00,2021-08-06,8,0,8,20.25,0,0,30.7,1.5,69,0.0,1.0
2021-08-06 09:00:00,2021-08-06,8,0,9,21.0,0,0,31.8,2.9,62,0.0,1.0
2021-08-06 10:00:00,2021-08-06,8,0,10,23.5,0,0,32.7,2.1,60,0.0,1.0
2021-08-06 11:00:00,2021-08-06,8,0,11,23.75,0,0,32.7,2.6,59,0.0,1.0
2021-08-06 12:00:00,2021-08-06,8,0,12,23.5,0,0,32.7,3.4,58,0.0,1.0
2021-08-06 13:00:00,2021-08-06,8,0,13,23.25,0,0,32.9,2.9,59,0.0,1.0
2021-08-06 14:00:00,2021-08-06,8,0,14,23.5,0,0,32.2,3.0,59,0.0,1.0
2021-08-06 15:00:00,2021-08-06,8,0,15,21.5,0,0,32.0,3.3,59,0.0,1.0
2021-08-06 16:00:00,2021-08-06,8,0,16,21.75,0,0,31.3,2.9,66,0.0,1.0
2021-08-06 17:00:00,2021-08-06,8,0,17,23.25,0,0,31.4,1.6,68,0.0,1.0
2021-08-06 18:00:00,2021-08-06,8,0,18,21.75,0,0,29.7,1.3,78,0.0,1.0
2021-08-06 19:00:00,2021-08-06,8,0,19,21.0,0,0,28.6,0.7,85,0.0,1.0
2021-08-06 20:00:00,2021-08-06,8,0,20,20.75,0,0,27.9,1.0,90,0.0,1.0
2021-08-06 21:00:00,2021-08-06,8,0,21,23.0,0,0,27.4,0.7,94,0.0,1.0
2021-08-06 22:00:00,2021-08-06,8,0,22,21.0,0,0,27.4,1.4,94,0.0,1.0
2021-08-06 23:00:00,2021-08-06,8,0,23,21.0,0,0,26.7,1.9,92,0.0,1.0
2021-08-07 00:00:00,2021-08-07,8,1,0,21.75,0,0,26.2,1.0,91,0.0,1.0
2021-08-07 01:00:00,2021-08-07,8,1,1,22.25,0,0,25.8,1.9,97,0.0,1.0
2021-08-07 02:00:00,2021-08-07,8,1,2,20.5,0,0,25.9,2.5,98,0.0,1.0
2021-08-07 03:00:00,2021-08-07,8,1,3,20.5,0,0,26.1,2.0,98,0.0,1.0
2021-08-07 04:00:00,2021-08-07,8,1,4,21.0,0,0,25.9,0.5,98,0.0,1.0
2021-08-07 05:00:00,2021-08-07,8,1,5,22.0,0,0,26.1,1.7,98,0.0,1.0
2021-08-07 06:00:00,2021-08-07,8,1,6,21.0,0,0,26.6,0.6,96,0.0,1.0
2021-08-07 07:00:00,2021-08-07,8,1,7,20.5,0,0,28.1,1.3,88,0.0,1.0
2021-08-07 08:00:00,2021-08-07,8,1,8,21.75,0,0,30.2,1.3,81,0.0,1.0
2021-08-07 09:00:00,2021-08-07,8,1,9,21.75,0,0,30.6,0.9,77,0.0,1.0
2021-08-07 10:00:00,2021-08-07,8,1,10,20.75,0,0,31.9,1.5,62,0.0,1.0
2021-08-07 11:00:00,2021-08-07,8,1,11,20.75,0,0,33.4,2.1,52,0.0,1.0
2021-08-07 12:00:00,2021-08-07,8,1,12,23.0,0,0,32.9,2.1,55,0.0,1.0
2021-08-07 13:00:00,2021-08-07,8,1,13,20.75,0,0,32.9,2.0,59,0.0,1.0
2021-08-07 14:00:00,2021-08-07,8,1,14,21.0,0,0,32.3,2.5,66,0.0,1.0
2021-08-07 15:00:00,2021-08-07,8,1,15,21.25,0,0,31.6,1.9,68,0.0,1.0
2021-08-07 16:00:00,2021-08-07,8,1,16,23.5,0,0,31.4,2.1,65,0.0,1.0
2021-08-07 17:00:00,2021-08-07,8,1,17,21.0,0,0,29.7,3.0,76,0.0,1.0
2021-08-07 18:00:00,2021-08-07,8,1,18,21.0,0,0,28.6,3.1,86,0.0,1.0
2021-08-07 19:00:00,2021-08-07,8,1,19,21.75,0,0,28.2,1.1,89,0.0,1.0
2021-08-07 20:00:00,2021-08-07,8,1,20,22.5,0,0,28.2,1.4,89,0.0,1.0
2021-08-07 21:00:00,2021-08-07,8,1,21,21.75,0,0,28.0,0.9,88,0.0,1.0
2021-08-07 22:00:00,2021-08-07,8,1,22,21.0,0,0,26.8,1.3,95,0.3,1.0
2021-08-07 23:00:00,2021-08-07,8,1,23,23.0,0,0,26.2,0.8,98,1.1,1.0
2021-08-08 00:00:00,2021-08-08,8,1,0,21.0,0,0,25.1,1.6,98,1.1,1.0
2021-08-08 01:00:00,2021-08-08,8,1,1,21.0,0,0,24.1,1.5,98,5.2,1.0
2021-08-08 02:00:00,2021-08-08,8,1,2,21.0,0,0,23.9,2.6,98,7.3,1.0
2021-08-08 03:00:00,2021-08-08,8,1,3,22.5,0,0,23.5,1.7,98,7.9,1.0
2021-08-08 04:00:00,2021-08-08,8,1,4,21.0,0,0,23.2,0.3,98,7.9,1.0
2021-08-08 05:00:00,2021-08-08,8,1,5,20.5,0,0,23.5,2.1,98,7.9,1.0
2021-08-08 06:00:00,2021-08-08,8,1,6,21.25,0,0,24.6,1.9,98,7.9,1.0
2021-08-08 07:00:00,2021-08-08,8,1,7,21.75,0,0,25.9,1.2,92,7.9,1.0
2021-08-08 08:00:00,2021-08-08,8,1,8,20.5,0,0,26.4,1.4,92,7.9,1.0
2021-08-08 09:00:00,2021-08-08,8,1,9,21.0,0,0,27.6,2.2,88,7.9,1.0
2021-08-08 10:00:00,2021-08-08,8,1,10,22.5,0,0,28.0,2.1,84,7.9,1.0
2021-08-08 11:00:00,2021-08-08,8,1,11,21.0,0,0,27.2,1.8,89,8.0,1.0
2021-08-08 12:00:00,2021-08-08,8,1,12,20.75,0,0,23.1,2.4,97,22.9,1.0
2021-08-08 13:00:00,2021-08-08,8,1,13,21.0,0,0,23.8,2.2,98,23.4,1.0
2021-08-08 14:00:00,2021-08-08,8,1,14,22.0,0,0,23.9,1.6,98,23.7,1.0
2021-08-08 15:00:00,2021-08-08,8,1,15,20.5,0,0,24.1,2.0,98,24.2,1.0
2021-08-08 16:00:00,2021-08-08,8,1,16,20.75,0,0,24.2,1.4,98,24.6,1.0
2021-08-08 17:00:00,2021-08-08,8,1,17,22.25,0,0,24.8,2.0,98,24.8,1.0
2021-08-08 18:00:00,2021-08-08,8,1,18,21.75,0,0,24.4,1.9,98,24.8,1.0
2021-08-08 19:00:00,2021-08-08,8,1,19,21.0,0,0,23.9,1.7,98,25.7,1.0
2021-08-08 20:00:00,2021-08-08,8,1,20,21.0,0,0,23.2,2.3,98,28.0,1.0
2021-08-08 21:00:00,2021-08-08,8,1,21,22.25,0,0,22.7,2.4,98,29.5,1.0
2021-08-08 22:00:00,2021-08-08,8,1,22,21.25,0,0,23.3,2.5,98,34.7,1.0
2021-08-08 23:00:00,2021-08-08,8,1,23,20.75,0,0,23.1,2.8,98,37.2,1.0
2021-08-09 00:00:00,2021-08-09,8,0,0,21.0,0,0,23.3,3.3,98,5.2,1.0
2021-08-09 01:00:00,2021-08-09,8,0,1,22.75,0,0,23.6,3.3,98,7.1,1.0
2021-08-09 02:00:00,2021-08-09,8,0,2,20.25,0,0,23.4,4.5,98,7.6,1.0
2021-08-09 03:00:00,2021-08-09,8,0,3,21.5,0,0,22.7,4.5,98,8.3,1.0
2021-08-09 04:00:00,2021-08-09,8,0,4,21.0,0,0,22.7,4.3,96,8.5,1.0
2021-08-09 05:00:00,2021-08-09,8,0,5,21.0,0,0,22.7,4.1,96,8.8,1.0
2021-08-09 06:00:00,2021-08-09,8,0,6,20.0,0,0,22.6,4.1,97,9.0,1.0
2021-08-09 07:00:00,2021-08-09,8,0,7,69.75,10,1,22.5,3.3,98,9.7,1.0
2021-08-09 08:00:00,2021-08-09,8,0,8,193.0,749,1,23.6,2.6,93,9.7,1.0
2021-08-09 09:00:00,2021-08-09,8,0,9,190.75,773,1,25.0,2.7,85,9.7,1.0
2021-08-09 10:00:00,2021-08-09,8,0,10,181.75,408,1,26.5,2.6,75,9.7,1.0
2021-08-09 11:00:00,2021-08-09,8,0,11,187.25,1431,1,26.5,1.8,76,9.7,1.0
2021-08-09 12:00:00,2021-08-09,8,0,12,129.25,120,1,28.2,3.1,69,9.7,1.0
2021-08-09 13:00:00,2021-08-09,8,0,13,182.0,7569,1,29.2,2.8,64,9.7,1.0
2021-08-09 14:00:00,2021-08-09,8,0,14,182.5,3753,1,28.2,2.1,70,9.7,1.0
2021-08-09 15:00:00,2021-08-09,8,0,15,166.5,1087,1,28.7,3.5,69,9.7,1.0
2021-08-09 16:00:00,2021-08-09,8,0,16,184.25,1416,1,28.1,2.9,69,9.7,1.0
2021-08-09 17:00:00,2021-08-09,8,0,17,146.25,3120,1,27.5,2.6,73,9.7,1.0
2021-08-09 18:00:00,2021-08-09,8,0,18,98.25,0,0,26.1,1.4,79,9.7,1.0
2021-08-09 19:00:00,2021-08-09,8,0,19,93.0,0,0,25.4,1.3,83,9.7,1.0
2021-08-09 20:00:00,2021-08-09,8,0,20,108.75,36,1,24.8,1.0,83,9.7,1.0
2021-08-09 21:00:00,2021-08-09,8,0,21,115.25,114,1,23.3,2.2,94,9.8,1.0
2021-08-09 22:00:00,2021-08-09,8,0,22,108.5,63,1,22.0,1.3,98,18.0,1.0
2021-08-09 23:00:00,2021-08-09,8,0,23,97.75,40,1,22.0,0.7,98,19.8,1.0
2021-08-10 00:00:00,2021-08-10,8,0,0,68.25,0,0,22.1,1.1,98,0.3,1.0
2021-08-10 01:00:00,2021-08-10,8,0,1,99.0,30,1,22.1,1.7,98,0.3,1.0
2021-08-10 02:00:00,2021-08-10,8,0,2,95.5,435,1,21.9,1.3,98,0.3,1.0
2021-08-10 03:00:00,2021-08-10,8,0,3,97.5,18,1,22.0,0.6,98,0.3,1.0
2021-08-10 04:00:00,2021-08-10,8,0,4,101.25,88,1,22.0,2.3,98,0.3,1.0
2021-08-10 05:00:00,2021-08-10,8,0,5,85.0,10,1,21.9,2.4,98,0.3,1.0
2021-08-10 06:00:00,2021-08-10,8,0,6,99.75,194,1,21.8,1.8,98,0.3,1.0
2021-08-10 07:00:00,2021-08-10,8,0,7,127.75,1883,1,22.5,0.9,98,0.3,1.0
2021-08-10 08:00:00,2021-08-10,8,0,8,183.0,503,1,23.2,0.7,96,0.3,1.0
2021-08-10 09:00:00,2021-08-10,8,0,9,184.75,1091,1,23.9,1.1,93,0.4,1.0
2021-08-10 10:00:00,2021-08-10,8,0,10,175.0,1629,1,25.0,0.7,98,1.6,1.0
2021-08-10 11:00:00,2021-08-10,8,0,11,184.75,1421,1,26.3,1.5,81,1.6,1.0
2021-08-10 12:00:00,2021-08-10,8,0,12,107.25,0,0,26.9,1.7,81,1.6,1.0
2021-08-10 13:00:00,2021-08-10,8,0,13,181.25,1199,1,26.5,1.9,77,1.6,1.0
2021-08-10 14:00:00,2021-08-10,8,0,14,170.25,1693,1,25.5,2.1,84,1.6,1.0
2021-08-10 15:00:00,2021-08-10,8,0,15,154.75,687,1,25.4,2.3,87,1.6,1.0
2021-08-10 16:00:00,2021-08-10,8,0,16,169.0,662,1,25.4,1.0,85,1.6,1.0
2021-08-10 17:00:00,2021-08-10,8,0,17,125.5,518,1,24.9,1.2,89,1.7,1.0
2021-08-10 18:00:00,2021-08-10,8,0,18,165.0,3333,1,24.5,0.5,94,1.7,1.0
2021-08-10 19:00:00,2021-08-10,8,0,19,156.0,1764,1,24.1,0.5,97,1.7,1.0
2021-08-10 20:00:00,2021-08-10,8,0,20,129.0,113,1,23.9,1.1,97,1.7,1.0
2021-08-10 21:00:00,2021-08-10,8,0,21,122.5,149,1,23.9,0.6,97,1.7,1.0
2021-08-10 22:00:00,2021-08-10,8,0,22,105.75,5,1,24.1,2.0,96,1.7,1.0
2021-08-10 23:00:00,2021-08-10,8,0,23,99.25,0,0,23.5,1.1,97,1.7,1.0
2021-08-11 00:00:00,2021-08-11,8,0,0,76.5,0,0,23.2,0.9,98,0.0,1.0
2021-08-11 01:00:00,2021-08-11,8,0,1,99.0,54,1,23.4,1.9,98,0.0,1.0
2021-08-11 02:00:00,2021-08-11,8,0,2,108.5,55,1,23.1,1.3,98,0.0,1.0
2021-08-11 03:00:00,2021-08-11,8,0,3,104.25,6,1,22.7,0.7,98,0.0,1.0
2021-08-11 04:00:00,2021-08-11,8,0,4,111.25,78,1,22.7,1.5,98,0.0,1.0
2021-08-11 05:00:00,2021-08-11,8,0,5,91.5,900,1,22.5,1.2,98,0.0,1.0
2021-08-11 06:00:00,2021-08-11,8,0,6,121.5,69,1,23.3,1.0,98,0.0,1.0
2021-08-11 07:00:00,2021-08-11,8,0,7,132.25,527,1,26.1,0.6,94,0.0,1.0
2021-08-11 08:00:00,2021-08-11,8,0,8,203.0,783,1,25.6,1.6,94,0.0,1.0
2021-08-11 09:00:00,2021-08-11,8,0,9,178.5,885,1,27.3,0.9,79,0.0,1.0
2021-08-11 10:00:00,2021-08-11,8,0,10,183.0,4050,1,28.6,0.5,66,0.0,1.0
2021-08-11 11:00:00,2021-08-11,8,0,11,184.0,1856,1,27.6,1.6,79,0.0,1.0
2021-08-11 12:00:00,2021-08-11,8,0,12,113.25,187,1,29.4,2.0,67,0.0,1.0
2021-08-11 13:00:00,2021-08-11,8,0,13,182.5,500,1,28.7,2.4,76,0.0,1.0
2021-08-11 14:00:00,2021-08-11,8,0,14,187.25,979,1,28.4,2.3,80,0.0,1.0
2021-08-11 15:00:00,2021-08-11,8,0,15,152.75,1734,1,28.7,2.6,73,0.0,1.0
2021-08-11 16:00:00,2021-08-11,8,0,16,181.75,330,1,27.0,2.2,76,0.0,1.0
2021-08-11 17:00:00,2021-08-11,8,0,17,150.75,251,1,25.7,1.9,77,0.0,1.0
2021-08-11 18:00:00,2021-08-11,8,0,18,179.5,2420,1,25.2,2.8,78,0.0,1.0
2021-08-11 19:00:00,2021-08-11,8,0,19,150.25,3724,1,24.4,1.9,88,0.0,1.0
2021-08-11 20:00:00,2021-08-11,8,0,20,124.75,6,1,23.9,1.2,87,0.0,1.0
2021-08-11 21:00:00,2021-08-11,8,0,21,108.25,69,1,23.1,0.7,88,0.0,1.0
2021-08-11 22:00:00,2021-08-11,8,0,22,110.0,98,1,23.2,1.2,91,0.0,1.0
2021-08-11 23:00:00,2021-08-11,8,0,23,99.25,26,1,22.6,1.2,93,0.0,1.0
2021-08-12 00:00:00,2021-08-12,8,0,0,75.75,0,0,21.9,1.2,96,0.0,1.0
2021-08-12 01:00:00,2021-08-12,8,0,1,104.75,139,1,21.8,1.5,97,0.0,1.0
2021-08-12 02:00:00,2021-08-12,8,0,2,107.5,108,1,21.4,1.1,98,0.0,1.0
2021-08-12 03:00:00,2021-08-12,8,0,3,103.75,191,1,20.9,0.7,98,0.0,1.0
2021-08-12 04:00:00,2021-08-12,8,0,4,107.25,108,1,21.4,0.5,98,0.0,1.0
2021-08-12 05:00:00,2021-08-12,8,0,5,88.75,459,1,21.5,0.4,98,0.0,1.0
2021-08-12 06:00:00,2021-08-12,8,0,6,114.25,300,1,22.4,1.4,98,0.0,1.0
2021-08-12 07:00:00,2021-08-12,8,0,7,129.75,702,1,23.6,1.1,95,0.0,1.0
2021-08-12 08:00:00,2021-08-12,8,0,8,187.0,1250,1,25.3,1.0,90,0.0,1.0
2021-08-12 09:00:00,2021-08-12,8,0,9,180.5,1195,1,28.1,1.6,74,0.0,1.0
2021-08-12 10:00:00,2021-08-12,8,0,10,176.75,990,1,28.8,2.8,66,0.0,1.0
2021-08-12 11:00:00,2021-08-12,8,0,11,187.5,1075,1,28.2,2.6,73,0.0,1.0
2021-08-12 12:00:00,2021-08-12,8,0,12,119.5,85,1,27.6,3.0,75,0.0,1.0
2021-08-12 13:00:00,2021-08-12,8,0,13,170.0,1315,1,28.2,2.9,73,0.0,1.0
2021-08-12 14:00:00,2021-08-12,8,0,14,184.25,1222,1,28.0,3.8,76,0.0,1.0
2021-08-12 15:00:00,2021-08-12,8,0,15,165.25,768,1,27.1,2.1,79,0.0,1.0
2021-08-12 16:00:00,2021-08-12,8,0,16,169.75,6810,1,26.7,2.0,81,0.0,1.0
2021-08-12 17:00:00,2021-08-12,8,0,17,135.25,635,1,26.1,1.3,84,0.0,1.0
2021-08-12 18:00:00,2021-08-12,8,0,18,171.5,1081,1,25.8,1.2,85,0.0,1.0
2021-08-12 19:00:00,2021-08-12,8,0,19,161.0,3692,1,25.4,1.1,88,0.0,1.0
2021-08-12 20:00:00,2021-08-12,8,0,20,124.5,114,1,24.3,1.5,98,0.8,1.0
2021-08-12 21:00:00,2021-08-12,8,0,21,111.75,0,0,24.2,0.9,98,1.3,1.0
2021-08-12 22:00:00,2021-08-12,8,0,22,115.5,0,0,24.1,0.7,98,1.3,1.0
2021-08-12 23:00:00,2021-08-12,8,0,23,103.0,100,1,23.9,0.9,98,1.4,1.0
2021-08-13 00:00:00,2021-08-13,8,0,0,71.75,137,1,23.9,1.2,98,0.0,1.0
2021-08-13 01:00:00,2021-08-13,8,0,1,99.5,45,1,23.7,1.1,98,0.0,1.0
2021-08-13 02:00:00,2021-08-13,8,0,2,112.0,100,1,23.7,1.2,98,0.0,1.0
2021-08-13 03:00:00,2021-08-13,8,0,3,115.5,190,1,23.3,1.3,98,0.2,1.0
2021-08-13 04:00:00,2021-08-13,8,0,4,109.5,97,1,23.4,1.1,98,0.2,1.0
2021-08-13 05:00:00,2021-08-13,8,0,5,88.25,0,0,23.1,1.9,98,0.2,1.0
2021-08-13 06:00:00,2021-08-13,8,0,6,110.25,831,1,23.2,1.9,98,0.2,1.0
2021-08-13 07:00:00,2021-08-13,8,0,7,135.75,352,1,23.9,1.7,98,0.2,1.0
2021-08-13 08:00:00,2021-08-13,8,0,8,195.75,1107,1,24.9,2.8,92,0.2,1.0
2021-08-13 09:00:00,2021-08-13,8,0,9,187.75,1246,1,25.7,1.7,88,0.2,1.0
2021-08-13 10:00:00,2021-08-13,8,0,10,183.5,1023,1,23.6,1.4,96,3.5,1.0
2021-08-13 11:00:00,2021-08-13,8,0,11,195.75,1809,1,25.1,2.0,91,3.5,1.0
2021-08-13 12:00:00,2021-08-13,8,0,12,110.5,30,1,25.7,2.3,87,3.5,1.0
2021-08-13 13:00:00,2021-08-13,8,0,13,183.25,1393,1,25.9,3.2,82,3.5,1.0
2021-08-13 14:00:00,2021-08-13,8,0,14,189.25,1512,1,26.4,3.2,80,3.5,1.0
2021-08-13 15:00:00,2021-08-13,8,0,15,167.0,1316,1,26.2,3.3,81,3.5,1.0
2021-08-13 16:00:00,2021-08-13,8,0,16,182.75,1055,1,25.5,1.9,84,3.5,1.0
2021-08-13 17:00:00,2021-08-13,8,0,17,148.75,770,1,25.2,1.2,86,3.5,1.0
2021-08-13 18:00:00,2021-08-13,8,0,18,174.25,1523,1,24.7,1.7,86,3.5,1.0
2021-08-13 19:00:00,2021-08-13,8,0,19,145.75,2206,1,24.7,2.2,87,3.5,1.0
2021-08-13 20:00:00,2021-08-13,8,0,20,116.5,0,0,24.8,1.4,88,3.5,1.0
2021-08-13 21:00:00,2021-08-13,8,0,21,112.75,55,1,24.6,1.2,89,3.5,1.0
2021-08-13 22:00:00,2021-08-13,8,0,22,108.5,832,1,24.3,1.3,90,3.5,1.0
2021-08-13 23:00:00,2021-08-13,8,0,23,96.75,39,1,24.0,1.9,91,3.5,1.0
2021-08-14 00:00:00,2021-08-14,8,1,0,62.0,0,0,24.0,1.4,91,0.0,1.0
2021-08-14 01:00:00,2021-08-14,8,1,1,97.0,237,1,24.3,1.6,90,0.0,1.0
2021-08-14 02:00:00,2021-08-14,8,1,2,107.0,61,1,24.2,1.8,91,0.0,1.0
2021-08-14 03:00:00,2021-08-14,8,1,3,90.75,61,1,23.3,1.8,98,0.6,1.0
2021-08-14 04:00:00,2021-08-14,8,1,4,97.75,40,1,23.2,2.0,97,1.0,1.0
2021-08-14 05:00:00,2021-08-14,8,1,5,83.25,198,1,23.2,1.7,97,1.1,1.0
2021-08-14 06:00:00,2021-08-14,8,1,6,85.75,136,1,22.6,1.7,98,3.7,1.0
2021-08-14 07:00:00,2021-08-14,8,1,7,53.25,796,1,22.2,1.5,98,12.8,1.0
2021-08-14 08:00:00,2021-08-14,8,1,8,22.5,0,0,22.2,2.0,98,16.1,1.0
2021-08-14 09:00:00,2021-08-14,8,1,9,21.75,0,0,22.1,2.0,98,20.1,1.0
2021-08-14 10:00:00,2021-08-14,8,1,10,20.75,0,0,22.9,2.8,98,23.7,1.0
2021-08-14 11:00:00,2021-08-14,8,1,11,22.75,0,0,22.9,2.4,97,24.1,1.0
2021-08-14 12:00:00,2021-08-14,8,1,12,22.0,0,0,22.7,2.7,96,25.7,1.0
2021-08-14 13:00:00,2021-08-14,8,1,13,20.75,0,0,23.7,2.3,94,26.1,1.0
2021-08-14 14:00:00,2021-08-14,8,1,14,21.5,0,0,24.2,2.2,86,26.1,1.0
2021-08-14 15:00:00,2021-08-14,8,1,15,23.25,0,0,24.8,2.1,85,26.1,1.0
2021-08-14 16:00:00,2021-08-14,8,1,16,21.75,0,0,25.5,1.8,81,26.1,1.0
2021-08-14 17:00:00,2021-08-14,8,1,17,21.25,0,0,24.5,2.4,84,26.1,1.0
2021-08-14 18:00:00,2021-08-14,8,1,18,21.75,0,0,24.1,1.9,88,26.1,1.0
2021-08-14 19:00:00,2021-08-14,8,1,19,22.5,0,0,23.5,1.8,90,26.1,1.0
2021-08-14 20:00:00,2021-08-14,8,1,20,21.5,0,0,22.6,3.1,94,26.2,1.0
2021-08-14 21:00:00,2021-08-14,8,1,21,22.25,0,0,22.4,2.8,94,26.5,1.0
2021-08-14 22:00:00,2021-08-14,8,1,22,23.0,0,0,22.5,2.3,93,26.5,1.0
2021-08-14 23:00:00,2021-08-14,8,1,23,21.5,0,0,22.3,2.4,94,26.5,1.0
2021-08-15 00:00:00,2021-08-15,8,1,0,21.5,0,0,22.2,2.5,94,0.0,1.0
2021-08-15 01:00:00,2021-08-15,8,1,1,23.0,0,0,22.3,2.2,92,0.0,1.0
2021-08-15 02:00:00,2021-08-15,8,1,2,21.75,0,0,22.5,2.5,91,0.0,1.0
2021-08-15 03:00:00,2021-08-15,8,1,3,21.25,0,0,22.2,2.8,92,0.0,1.0
2021-08-15 04:00:00,2021-08-15,8,1,4,22.0,0,0,22.0,2.2,90,0.0,1.0
2021-08-15 05:00:00,2021-08-15,8,1,5,23.0,0,0,21.8,2.2,90,0.0,1.0
2021-08-15 06:00:00,2021-08-15,8,1,6,21.5,0,0,22.4,2.8,86,0.0,1.0
2021-08-15 07:00:00,2021-08-15,8,1,7,20.5,0,0,23.9,2.8,82,0.0,1.0
2021-08-15 08:00:00,2021-08-15,8,1,8,23.25,0,0,24.5,3.2,81,0.0,1.0
2021-08-15 09:00:00,2021-08-15,8,1,9,22.5,0,0,25.2,2.9,80,0.0,1.0
2021-08-15 10:00:00,2021-08-15,8,1,10,20.75,0,0,24.9,3.4,82,0.0,1.0
2021-08-15 11:00:00,2021-08-15,8,1,11,21.5,0,0,23.9,1.3,96,0.4,1.0
2021-08-15 12:00:00,2021-08-15,8,1,12,23.25,0,0,23.1,2.9,98,1.5,1.0
2021-08-15 13:00:00,2021-08-15,8,1,13,21.5,0,0,24.6,2.6,93,1.5,1.0
2021-08-15 14:00:00,2021-08-15,8,1,14,21.5,0,0,24.6,2.6,93,1.5,1.0
2021-08-15 15:00:00,2021-08-15,8,1,15,21.0,0,0,23.3,1.5,98,1.5,1.0
2021-08-15 16:00:00,2021-08-15,8,1,16,22.75,0,0,22.9,1.9,98,1.5,1.0
2021-08-15 17:00:00,2021-08-15,8,1,17,21.75,0,0,23.3,2.3,95,1.5,1.0
2021-08-15 18:00:00,2021-08-15,8,1,18,20.75,0,0,23.0,2.5,90,0.0,1.0
2021-08-15 19:00:00,2021-08-15,8,1,19,23.0,0,0,22.0,1.2,96,0.0,1.0
2021-08-15 20:00:00,2021-08-15,8,1,20,21.5,0,0,22.3,1.9,96,0.0,1.0
2021-08-15 21:00:00,2021-08-15,8,1,21,22.0,0,0,22.5,1.4,91,0.0,1.0
2021-08-15 22:00:00,2021-08-15,8,1,22,22.5,0,0,22.6,1.8,90,0.0,1.0
2021-08-15 23:00:00,2021-08-15,8,1,23,22.75,0,0,22.3,2.0,94,0.0,1.0
2021-08-16 00:00:00,2021-08-16,8,0,0,21.75,0,0,22.0,1.7,93,0.0,1.0
2021-08-16 01:00:00,2021-08-16,8,0,1,21.25,0,0,21.8,1.6,92,0.0,1.0
2021-08-16 02:00:00,2021-08-16,8,0,2,22.75,0,0,21.6,1.8,91,0.0,1.0
2021-08-16 03:00:00,2021-08-16,8,0,3,21.0,0,0,21.3,2.1,92,0.0,1.0
2021-08-16 04:00:00,2021-08-16,8,0,4,21.75,0,0,21.3,1.6,95,0.0,1.0
2021-08-16 05:00:00,2021-08-16,8,0,5,21.75,0,0,21.5,2.2,95,0.0,1.0
2021-08-16 06:00:00,2021-08-16,8,0,6,23.0,0,0,22.2,1.8,94,0.0,1.0
2021-08-16 07:00:00,2021-08-16,8,0,7,59.75,27,1,22.6,1.6,93,0.0,1.0
2021-08-16 08:00:00,2021-08-16,8,0,8,174.25,566,1,23.1,1.8,95,0.3,1.0
2021-08-16 09:00:00,2021-08-16,8,0,9,182.5,642,1,25.4,2.2,78,0.3,1.0
2021-08-16 10:00:00,2021-08-16,8,0,10,143.75,1720,1,25.5,3.5,74,0.3,1.0
2021-08-16 11:00:00,2021-08-16,8,0,11,155.0,1472,1,26.2,4.1,68,0.3,1.0
2021-08-16 12:00:00,2021-08-16,8,0,12,96.5,0,0,26.3,2.9,67,0.3,1.0
2021-08-16 13:00:00,2021-08-16,8,0,13,152.5,1404,1,26.1,3.5,68,0.3,1.0
2021-08-16 14:00:00,2021-08-16,8,0,14,146.0,1828,1,25.9,3.3,66,0.3,1.0
2021-08-16 15:00:00,2021-08-16,8,0,15,132.5,547,1,25.0,3.6,70,0.3,1.0
2021-08-16 16:00:00,2021-08-16,8,0,16,116.25,1490,1,24.7,2.9,71,0.3,1.0
2021-08-16 17:00:00,2021-08-16,8,0,17,99.5,0,0,24.6,2.3,73,0.3,1.0
2021-08-16 18:00:00,2021-08-16,8,0,18,91.5,22,1,23.9,1.8,78,0.3,1.0
2021-08-16 19:00:00,2021-08-16,8,0,19,89.25,31,1,23.5,1.7,81,0.3,1.0
2021-08-16 20:00:00,2021-08-16,8,0,20,98.25,130,1,23.0,2.5,85,0.3,1.0
2021-08-16 21:00:00,2021-08-16,8,0,21,111.75,138,1,23.2,2.9,85,0.3,1.0
2021-08-16 22:00:00,2021-08-16,8,0,22,95.25,35,1,23.0,2.4,88,0.3,1.0
2021-08-16 23:00:00,2021-08-16,8,0,23,95.5,186,1,23.2,2.2,86,0.3,1.0
2021-08-17 00:00:00,2021-08-17,8,0,0,69.5,141,1,22.7,2.4,89,0.0,1.0
2021-08-17 01:00:00,2021-08-17,8,0,1,96.25,267,1,22.9,2.2,89,0.0,1.0
2021-08-17 02:00:00,2021-08-17,8,0,2,98.25,238,1,22.5,1.9,96,0.1,1.0
2021-08-17 03:00:00,2021-08-17,8,0,3,92.25,127,1,23.1,2.4,92,0.1,1.0
2021-08-17 04:00:00,2021-08-17,8,0,4,93.25,36,1,23.3,2.0,89,0.1,1.0
2021-08-17 05:00:00,2021-08-17,8,0,5,85.5,86,1,22.9,2.9,90,0.3,1.0
2021-08-17 06:00:00,2021-08-17,8,0,6,93.5,290,1,22.1,2.0,97,1.7,1.0
2021-08-17 07:00:00,2021-08-17,8,0,7,124.5,1761,1,21.9,1.2,98,4.4,1.0
2021-08-17 08:00:00,2021-08-17,8,0,8,164.25,930,1,22.4,1.3,98,5.3,1.0
2021-08-17 09:00:00,2021-08-17,8,0,9,162.75,1618,1,21.4,3.2,98,7.1,1.0
2021-08-17 10:00:00,2021-08-17,8,0,10,153.0,1182,1,21.4,3.1,98,15.1,1.0
2021-08-17 11:00:00,2021-08-17,8,0,11,169.0,1144,1,22.3,3.0,98,21.1,1.0
2021-08-17 12:00:00,2021-08-17,8,0,12,110.25,0,0,22.1,2.3,98,29.7,1.0
2021-08-17 13:00:00,2021-08-17,8,0,13,162.0,2870,1,22.2,2.2,98,32.8,1.0
2021-08-17 14:00:00,2021-08-17,8,0,14,160.75,1412,1,22.7,3.8,93,32.9,1.0
2021-08-17 15:00:00,2021-08-17,8,0,15,150.25,7913,1,23.2,3.3,86,32.9,1.0
2021-08-17 16:00:00,2021-08-17,8,0,16,152.0,3108,1,23.5,3.6,83,32.9,1.0
2021-08-17 17:00:00,2021-08-17,8,0,17,112.5,540,1,23.1,2.8,84,32.9,1.0
2021-08-17 18:00:00,2021-08-17,8,0,18,149.25,1575,1,23.2,4.4,81,32.9,1.0
2021-08-17 19:00:00,2021-08-17,8,0,19,137.5,3586,1,22.6,2.7,86,32.9,1.0
2021-08-17 20:00:00,2021-08-17,8,0,20,120.0,116,1,21.9,2.8,91,32.9,1.0
2021-08-17 21:00:00,2021-08-17,8,0,21,117.75,154,1,21.6,3.3,89,32.9,1.0
2021-08-17 22:00:00,2021-08-17,8,0,22,109.75,58,1,21.5,2.5,95,32.9,1.0
2021-08-17 23:00:00,2021-08-17,8,0,23,103.75,127,1,21.6,2.5,93,32.9,1.0
2021-08-18 00:00:00,2021-08-18,8,0,0,65.0,4,1,21.4,2.7,95,0.0,1.0
2021-08-18 01:00:00,2021-08-18,8,0,1,95.25,270,1,21.4,3.7,96,0.0,1.0
2021-08-18 02:00:00,2021-08-18,8,0,2,102.5,344,1,21.5,2.2,94,0.0,1.0
2021-08-18 03:00:00,2021-08-18,8,0,3,91.0,247,1,21.8,2.1,91,0.0,1.0
2021-08-18 04:00:00,2021-08-18,8,0,4,95.0,455,1,21.7,0.9,91,0.0,1.0
2021-08-18 05:00:00,2021-08-18,8,0,5,82.5,105,1,21.5,2.8,94,0.0,1.0
2021-08-18 06:00:00,2021-08-18,8,0,6,100.75,127,1,22.2,2.5,92,0.0,1.0
2021-08-18 07:00:00,2021-08-18,8,0,7,124.5,1144,1,22.8,2.2,90,0.0,1.0
2021-08-18 08:00:00,2021-08-18,8,0,8,163.25,1358,1,23.7,2.4,87,0.0,1.0
2021-08-18 09:00:00,2021-08-18,8,0,9,169.0,835,1,24.0,2.1,86,0.0,1.0
2021-08-18 10:00:00,2021-08-18,8,0,10,159.0,1429,1,23.2,1.7,92,0.5,1.0
2021-08-18 11:00:00,2021-08-18,8,0,11,172.75,2090,1,23.3,2.9,90,0.6,1.0
2021-08-18 12:00:00,2021-08-18,8,0,12,101.75,1015,1,24.2,3.4,84,0.6,1.0
2021-08-18 13:00:00,2021-08-18,8,0,13,171.25,565,1,24.3,3.1,82,0.6,1.0
2021-08-18 14:00:00,2021-08-18,8,0,14,179.25,1872,1,24.9,3.9,75,0.6,1.0
2021-08-18 15:00:00,2021-08-18,8,0,15,169.75,1482,1,24.4,3.8,80,0.6,1.0
2021-08-18 16:00:00,2021-08-18,8,0,16,165.5,1933,1,23.5,2.4,90,0.7,1.0
2021-08-18 17:00:00,2021-08-18,8,0,17,140.75,558,1,23.2,2.4,83,0.7,1.0
2021-08-18 18:00:00,2021-08-18,8,0,18,163.5,1633,1,23.4,3.0,80,0.7,1.0
2021-08-18 19:00:00,2021-08-18,8,0,19,143.25,2203,1,22.4,2.1,89,0.7,1.0
2021-08-18 20:00:00,2021-08-18,8,0,20,119.5,100,1,22.4,2.6,91,0.7,1.0
2021-08-18 21:00:00,2021-08-18,8,0,21,114.5,56,1,23.1,3.4,86,0.7,1.0
2021-08-18 22:00:00,2021-08-18,8,0,22,111.75,102,1,22.2,2.9,95,1.6,1.0
2021-08-18 23:00:00,2021-08-18,8,0,23,104.5,136,1,22.7,2.8,91,1.6,1.0
2021-08-19 00:00:00,2021-08-19,8,0,0,70.75,53,1,22.7,2.7,88,0.0,1.0
2021-08-19 01:00:00,2021-08-19,8,0,1,102.25,85,1,22.6,3.2,82,0.0,1.0
2021-08-19 02:00:00,2021-08-19,8,0,2,109.0,173,1,22.7,3.5,82,0.0,1.0
2021-08-19 03:00:00,2021-08-19,8,0,3,108.75,60,1,22.7,2.9,82,0.0,1.0
2021-08-19 04:00:00,2021-08-19,8,0,4,103.75,114,1,22.2,2.7,87,0.0,1.0
2021-08-19 05:00:00,2021-08-19,8,0,5,87.5,399,1,22.2,1.9,88,0.0,1.0
2021-08-19 06:00:00,2021-08-19,8,0,6,109.0,459,1,22.4,2.7,85,0.0,1.0
2021-08-19 07:00:00,2021-08-19,8,0,7,123.0,745,1,23.3,3.3,82,0.0,1.0
2021-08-19 08:00:00,2021-08-19,8,0,8,173.75,670,1,23.9,2.9,84,0.0,1.0
2021-08-19 09:00:00,2021-08-19,8,0,9,174.0,942,1,24.6,3.3,80,0.0,1.0
2021-08-19 10:00:00,2021-08-19,8,0,10,162.5,1599,1,24.3,3.5,82,0.0,1.0
2021-08-19 11:00:00,2021-08-19,8,0,11,176.75,2542,1,25.2,4.1,79,0.0,1.0
2021-08-19 12:00:00,2021-08-19,8,0,12,104.75,380,1,25.3,3.0,78,0.0,1.0
2021-08-19 13:00:00,2021-08-19,8,0,13,167.75,2129,1,25.4,2.7,77,0.0,1.0
2021-08-19 14:00:00,2021-08-19,8,0,14,175.0,2843,1,25.7,2.1,79,0.0,1.0
2021-08-19 15:00:00,2021-08-19,8,0,15,170.25,349,1,25.5,2.4,79,0.0,1.0
2021-08-19 16:00:00,2021-08-19,8,0,16,165.75,3020,1,25.8,2.3,77,0.0,1.0
2021-08-19 17:00:00,2021-08-19,8,0,17,129.5,510,1,24.1,1.4,85,0.0,1.0
2021-08-19 18:00:00,2021-08-19,8,0,18,152.25,3195,1,23.3,1.8,84,0.0,1.0
2021-08-19 19:00:00,2021-08-19,8,0,19,146.75,5336,1,22.4,0.6,91,0.0,1.0
2021-08-19 20:00:00,2021-08-19,8,0,20,128.25,8,1,22.0,0.9,95,0.0,1.0
2021-08-19 21:00:00,2021-08-19,8,0,21,121.25,132,1,21.8,0.7,95,0.0,1.0
2021-08-19 22:00:00,2021-08-19,8,0,22,115.75,28,1,21.5,1.2,96,0.0,1.0
2021-08-19 23:00:00,2021-08-19,8,0,23,109.75,205,1,21.6,0.2,96,0.0,1.0
2021-08-20 00:00:00,2021-08-20,8,0,0,73.0,338,1,21.7,1.3,97,0.0,1.0
2021-08-20 01:00:00,2021-08-20,8,0,1,100.75,47,1,21.0,1.5,98,0.0,1.0
2021-08-20 02:00:00,2021-08-20,8,0,2,107.0,40,1,20.8,1.7,98,0.0,1.0
2021-08-20 03:00:00,2021-08-20,8,0,3,102.25,537,1,20.4,0.2,98,0.0,1.0
2021-08-20 04:00:00,2021-08-20,8,0,4,99.0,216,1,20.0,0.4,98,0.0,1.0
2021-08-20 05:00:00,2021-08-20,8,0,5,87.5,304,1,20.2,1.5,98,0.0,1.0
2021-08-20 06:00:00,2021-08-20,8,0,6,110.5,14,1,21.7,0.9,98,0.0,1.0
2021-08-20 07:00:00,2021-08-20,8,0,7,127.0,793,1,24.1,0.7,88,0.0,1.0
2021-08-20 08:00:00,2021-08-20,8,0,8,170.75,650,1,25.1,1.1,83,0.0,1.0
2021-08-20 09:00:00,2021-08-20,8,0,9,165.25,881,1,25.0,0.8,79,0.0,1.0
2021-08-20 10:00:00,2021-08-20,8,0,10,157.25,1450,1,24.5,0.6,88,0.7,1.0
2021-08-20 11:00:00,2021-08-20,8,0,11,187.0,3707,1,24.9,0.9,85,0.9,1.0
2021-08-20 12:00:00,2021-08-20,8,0,12,110.75,5245,1,24.3,1.1,93,2.3,1.0
2021-08-20 13:00:00,2021-08-20,8,0,13,177.25,1382,1,25.6,1.2,87,2.3,1.0
2021-08-20 14:00:00,2021-08-20,8,0,14,174.5,3002,1,26.7,1.8,74,2.3,1.0
2021-08-20 15:00:00,2021-08-20,8,0,15,159.0,1383,1,27.0,2.6,71,2.3,1.0
2021-08-20 16:00:00,2021-08-20,8,0,16,170.5,1774,1,27.2,1.4,74,2.3,1.0
2021-08-20 17:00:00,2021-08-20,8,0,17,134.0,282,1,26.2,1.5,79,2.3,1.0
2021-08-20 18:00:00,2021-08-20,8,0,18,154.75,909,1,25.2,1.4,86,2.3,1.0
2021-08-20 19:00:00,2021-08-20,8,0,19,125.25,1199,1,25.1,0.5,89,2.3,1.0
2021-08-20 20:00:00,2021-08-20,8,0,20,114.0,465,1,24.6,1.0,90,2.3,1.0
2021-08-20 21:00:00,2021-08-20,8,0,21,118.25,100,1,24.3,1.5,93,2.3,1.0
2021-08-20 22:00:00,2021-08-20,8,0,22,105.75,64,1,23.8,0.4,97,2.3,1.0
2021-08-20 23:00:00,2021-08-20,8,0,23,98.25,431,1,23.7,0.6,98,2.3,1.0
2021-08-21 00:00:00,2021-08-21,8,1,0,63.0,524,1,23.9,1.9,98,0.0,1.0
2021-08-21 01:00:00,2021-08-21,8,1,1,94.75,106,1,23.5,0.4,98,0.0,1.0
2021-08-21 02:00:00,2021-08-21,8,1,2,104.25,38,1,23.9,1.3,97,0.8,1.0
2021-08-21 03:00:00,2021-08-21,8,1,3,93.5,1064,1,23.9,2.1,98,1.8,1.0
2021-08-21 04:00:00,2021-08-21,8,1,4,104.25,156,1,24.6,1.3,98,2.0,1.0
2021-08-21 05:00:00,2021-08-21,8,1,5,94.5,30,1,24.7,2.1,98,2.1,1.0
2021-08-21 06:00:00,2021-08-21,8,1,6,98.5,522,1,24.6,2.1,98,3.2,1.0
2021-08-21 07:00:00,2021-08-21,8,1,7,68.5,1354,1,24.5,2.8,98,4.2,1.0
2021-08-21 08:00:00,2021-08-21,8,1,8,22.75,0,0,23.3,2.1,98,6.1,1.0
2021-08-21 09:00:00,2021-08-21,8,1,9,20.75,0,0,23.9,2.6,98,9.8,1.0
2021-08-21 10:00:00,2021-08-21,8,1,10,21.25,0,0,24.1,3.4,98,21.6,1.0
2021-08-21 11:00:00,2021-08-21,8,1,11,23.25,0,0,24.2,4.1,98,25.5,1.0
2021-08-21 12:00:00,2021-08-21,8,1,12,22.0,0,0,24.1,3.2,98,42.6,1.0
2021-08-21 13:00:00,2021-08-21,8,1,13,21.0,0,0,22.9,2.4,98,68.4,1.0
2021-08-21 14:00:00,2021-08-21,8,1,14,22.75,0,0,22.7,2.6,98,91.9,1.0
2021-08-21 15:00:00,2021-08-21,8,1,15,21.75,0,0,21.2,1.3,98,116.1,1.0
2021-08-21 16:00:00,2021-08-21,8,1,16,21.5,0,0,22.1,3.0,98,119.2,1.0
2021-08-21 17:00:00,2021-08-21,8,1,17,22.0,0,0,21.8,2.9,98,122.2,1.0
2021-08-21 18:00:00,2021-08-21,8,1,18,25.0,0,0,22.2,1.7,98,122.2,1.0
2021-08-21 19:00:00,2021-08-21,8,1,19,20.75,0,0,22.2,1.5,98,122.2,1.0
2021-08-21 20:00:00,2021-08-21,8,1,20,21.5,0,0,23.0,2.2,98,122.2,1.0
2021-08-21 21:00:00,2021-08-21,8,1,21,23.0,0,0,23.5,3.8,98,122.4,1.0
2021-08-21 22:00:00,2021-08-21,8,1,22,24.5,0,0,23.9,2.9,96,122.4,1.0
2021-08-21 23:00:00,2021-08-21,8,1,23,22.25,0,0,24.1,2.8,98,122.4,1.0
2021-08-22 00:00:00,2021-08-22,8,1,0,22.25,0,0,23.9,2.1,98,0.2,1.0
2021-08-22 01:00:00,2021-08-22,8,1,1,23.25,0,0,24.7,3.6,98,0.3,1.0
2021-08-22 02:00:00,2021-08-22,8,1,2,23.75,0,0,24.8,2.3,98,0.5,1.0
2021-08-22 03:00:00,2021-08-22,8,1,3,22.5,0,0,25.0,2.7,95,0.5,1.0
2021-08-22 04:00:00,2021-08-22,8,1,4,21.75,0,0,23.6,2.0,98,0.5,1.0
2021-08-22 05:00:00,2021-08-22,8,1,5,23.5,0,0,22.9,1.3,97,0.5,1.0
2021-08-22 06:00:00,2021-08-22,8,1,6,22.0,0,0,24.9,0.3,98,0.5,1.0
2021-08-22 07:00:00,2021-08-22,8,1,7,21.75,0,0,25.4,0.9,94,0.5,1.0
2021-08-22 08:00:00,2021-08-22,8,1,8,21.5,0,0,26.2,0.6,87,0.5,1.0
2021-08-22 09:00:00,2021-08-22,8,1,9,24.0,0,0,27.6,1.6,72,0.5,1.0
2021-08-22 10:00:00,2021-08-22,8,1,10,22.0,0,0,28.2,2.4,70,0.5,1.0
2021-08-22 11:00:00,2021-08-22,8,1,11,22.0,0,0,28.3,3.0,64,0.5,1.0
2021-08-22 12:00:00,2021-08-22,8,1,12,22.75,0,0,29.1,2.5,62,0.5,1.0
2021-08-22 13:00:00,2021-08-22,8,1,13,23.5,0,0,30.4,2.1,58,0.5,1.0
2021-08-22 14:00:00,2021-08-22,8,1,14,22.75,0,0,30.2,1.7,58,0.5,1.0
2021-08-22 15:00:00,2021-08-22,8,1,15,22.75,0,0,30.1,1.8,61,0.5,1.0
2021-08-22 16:00:00,2021-08-22,8,1,16,24.5,0,0,29.6,3.4,56,0.5,1.0
2021-08-22 17:00:00,2021-08-22,8,1,17,22.0,0,0,28.9,3.4,62,0.5,1.0
2021-08-22 18:00:00,2021-08-22,8,1,18,22.0,0,0,27.7,3.1,74,0.5,1.0
2021-08-22 19:00:00,2021-08-22,8,1,19,21.75,0,0,26.6,2.4,80,0.5,1.0
2021-08-22 20:00:00,2021-08-22,8,1,20,24.25,0,0,26.0,2.6,82,0.5,1.0
2021-08-22 21:00:00,2021-08-22,8,1,21,22.25,0,0,25.2,0.8,85,0.5,1.0
2021-08-22 22:00:00,2021-08-22,8,1,22,22.75,0,0,25.1,1.3,86,0.5,1.0
2021-08-22 23:00:00,2021-08-22,8,1,23,22.5,0,0,24.2,0.6,92,0.5,1.0
2021-08-23 00:00:00,2021-08-23,8,0,0,23.0,0,0,23.8,0.0,93,0.0,1.0
2021-08-23 01:00:00,2021-08-23,8,0,1,22.75,0,0,24.3,2.1,92,0.0,1.0
2021-08-23 02:00:00,2021-08-23,8,0,2,22.75,0,0,24.2,1.4,93,0.0,1.0
2021-08-23 03:00:00,2021-08-23,8,0,3,24.0,0,0,24.0,2.3,93,0.0,1.0
2021-08-23 04:00:00,2021-08-23,8,0,4,22.0,0,0,23.3,0.2,96,0.0,1.0
2021-08-23 05:00:00,2021-08-23,8,0,5,22.0,0,0,23.4,1.5,98,0.1,1.0
2021-08-23 06:00:00,2021-08-23,8,0,6,21.25,0,0,23.6,0.8,96,0.1,1.0
2021-08-23 07:00:00,2021-08-23,8,0,7,57.5,0,0,23.8,0.4,98,0.1,1.0
2021-08-23 08:00:00,2021-08-23,8,0,8,167.0,759,1,24.9,0.3,94,0.2,1.0
2021-08-23 09:00:00,2021-08-23,8,0,9,179.75,1105,1,25.6,0.5,90,0.2,1.0
2021-08-23 10:00:00,2021-08-23,8,0,10,169.75,884,1,26.0,0.9,89,0.2,1.0
2021-08-23 11:00:00,2021-08-23,8,0,11,184.25,1300,1,26.3,0.7,90,0.5,1.0
2021-08-23 12:00:00,2021-08-23,8,0,12,115.5,333,1,24.7,1.8,98,1.8,1.0
2021-08-23 13:00:00,2021-08-23,8,0,13,183.5,1758,1,23.4,1.0,98,4.5,1.0
2021-08-23 14:00:00,2021-08-23,8,0,14,184.25,4563,1,22.1,0.5,96,7.7,1.0
2021-08-23 15:00:00,2021-08-23,8,0,15,179.5,674,1,22.1,1.1,98,10.9,1.0
2021-08-23 16:00:00,2021-08-23,8,0,16,171.5,2742,1,22.0,1.1,98,11.1,1.0
2021-08-23 17:00:00,2021-08-23,8,0,17,142.25,362,1,22.3,1.0,98,11.1,1.0
2021-08-23 18:00:00,2021-08-23,8,0,18,155.75,651,1,21.9,1.0,98,12.4,1.0
2021-08-23 19:00:00,2021-08-23,8,0,19,128.5,1052,1,21.6,1.2,98,12.4,1.0
2021-08-23 20:00:00,2021-08-23,8,0,20,112.0,8,1,21.8,1.6,94,12.4,1.0
2021-08-23 21:00:00,2021-08-23,8,0,21,111.0,222,1,21.8,1.6,96,14.7,1.0
2021-08-23 22:00:00,2021-08-23,8,0,22,109.0,14,1,21.9,2.4,98,20.9,1.0
2021-08-23 23:00:00,2021-08-23,8,0,23,95.75,153,1,23.4,3.7,98,35.1,1.0
2021-08-24 00:00:00,2021-08-24,8,0,0,65.0,0,0,23.8,5.7,98,43.3,1.0
2021-08-24 01:00:00,2021-08-24,8,0,1,104.75,109,1,24.8,3.6,98,91.4,1.0
2021-08-24 02:00:00,2021-08-24,8,0,2,109.75,127,1,24.4,3.2,98,93.0,1.0
2021-08-24 03:00:00,2021-08-24,8,0,3,104.5,12,1,25.1,4.2,93,93.0,1.0
2021-08-24 04:00:00,2021-08-24,8,0,4,108.0,4,1,24.8,4.6,88,93.0,1.0
2021-08-24 05:00:00,2021-08-24,8,0,5,88.0,38,1,24.4,1.9,90,93.0,1.0
2021-08-24 06:00:00,2021-08-24,8,0,6,109.0,86,1,25.8,3.5,84,93.0,1.0
2021-08-24 07:00:00,2021-08-24,8,0,7,131.0,583,1,24.9,2.2,92,93.0,1.0
2021-08-24 08:00:00,2021-08-24,8,0,8,186.5,2623,1,25.0,2.3,96,93.6,1.0
2021-08-24 09:00:00,2021-08-24,8,0,9,180.75,516,1,24.5,0.0,98,95.5,1.0
2021-08-24 10:00:00,2021-08-24,8,0,10,170.75,1007,1,25.0,0.6,98,99.5,1.0
2021-08-24 11:00:00,2021-08-24,8,0,11,182.5,901,1,25.7,2.7,98,103.3,1.0
2021-08-24 12:00:00,2021-08-24,8,0,12,114.75,164,1,26.6,2.1,98,105.2,1.0
2021-08-24 13:00:00,2021-08-24,8,0,13,174.0,2240,1,27.1,3.4,95,105.7,1.0
2021-08-24 14:00:00,2021-08-24,8,0,14,185.75,510,1,27.9,2.7,98,108.0,1.0
2021-08-24 15:00:00,2021-08-24,8,0,15,174.5,1537,1,28.4,3.7,87,108.0,1.0
2021-08-24 16:00:00,2021-08-24,8,0,16,183.75,2281,1,28.1,2.7,88,108.0,1.0
2021-08-24 17:00:00,2021-08-24,8,0,17,139.0,797,1,27.8,2.8,90,108.3,1.0
2021-08-24 18:00:00,2021-08-24,8,0,18,151.5,1411,1,27.6,1.9,89,108.3,1.0
2021-08-24 19:00:00,2021-08-24,8,0,19,150.0,1762,1,27.0,2.7,93,108.3,1.0
2021-08-24 20:00:00,2021-08-24,8,0,20,121.0,0,0,26.8,2.6,89,108.3,1.0
2021-08-24 21:00:00,2021-08-24,8,0,21,121.25,135,1,26.9,2.5,87,108.3,1.0
2021-08-24 22:00:00,2021-08-24,8,0,22,112.5,14,1,26.9,2.5,85,108.3,1.0
2021-08-24 23:00:00,2021-08-24,8,0,23,99.25,98,1,26.0,1.0,87,108.3,1.0
2021-08-25 00:00:00,2021-08-25,8,0,0,76.75,0,0,25.4,0.4,92,0.0,1.0
2021-08-25 01:00:00,2021-08-25,8,0,1,104.25,56,1,25.4,0.9,90,0.0,1.0
2021-08-25 02:00:00,2021-08-25,8,0,2,109.25,227,1,25.9,1.9,88,0.0,1.0
2021-08-25 03:00:00,2021-08-25,8,0,3,98.5,28,1,24.8,0.6,93,0.0,1.0
2021-08-25 04:00:00,2021-08-25,8,0,4,108.75,63,1,24.3,0.4,96,0.0,1.0
2021-08-25 05:00:00,2021-08-25,8,0,5,91.25,46,1,24.2,0.6,98,0.0,1.0
2021-08-25 06:00:00,2021-08-25,8,0,6,104.0,323,1,24.2,0.9,98,0.1,1.0
2021-08-25 07:00:00,2021-08-25,8,0,7,138.75,506,1,25.2,0.6,98,0.1,1.0
2021-08-25 08:00:00,2021-08-25,8,0,8,173.5,470,1,25.6,0.2,95,0.1,1.0
2021-08-25 09:00:00,2021-08-25,8,0,9,171.0,2173,1,25.6,0.3,95,0.3,1.0
2021-08-25 10:00:00,2021-08-25,8,0,10,177.0,1134,1,25.8,0.8,97,1.5,1.0
2021-08-25 11:00:00,2021-08-25,8,0,11,173.0,1409,1,26.3,1.8,93,1.5,1.0
2021-08-25 12:00:00,2021-08-25,8,0,12,109.75,162,1,25.3,1.0,97,5.4,1.0
2021-08-25 13:00:00,2021-08-25,8,0,13,173.75,1825,1,26.0,1.3,97,5.4,1.0
2021-08-25 14:00:00,2021-08-25,8,0,14,177.0,2166,1,26.0,1.0,94,5.4,1.0
2021-08-25 15:00:00,2021-08-25,8,0,15,168.5,1786,1,25.8,1.8,93,5.4,1.0
2021-08-25 16:00:00,2021-08-25,8,0,16,161.75,1158,1,25.4,2.7,94,5.4,1.0
2021-08-25 17:00:00,2021-08-25,8,0,17,145.5,5718,1,25.0,0.9,98,5.4,1.0
2021-08-25 18:00:00,2021-08-25,8,0,18,167.0,1184,1,25.8,2.7,91,5.4,1.0
2021-08-25 19:00:00,2021-08-25,8,0,19,139.0,1345,1,24.5,1.4,94,5.4,1.0
2021-08-25 20:00:00,2021-08-25,8,0,20,111.0,67,1,24.7,0.8,97,5.4,1.0
2021-08-25 21:00:00,2021-08-25,8,0,21,121.25,112,1,25.0,1.2,96,5.4,1.0
2021-08-25 22:00:00,2021-08-25,8,0,22,110.0,102,1,24.7,0.7,98,5.5,1.0
2021-08-25 23:00:00,2021-08-25,8,0,23,104.75,16,1,23.9,0.4,98,5.5,1.0
2021-08-26 00:00:00,2021-08-26,8,0,0,71.5,415,1,23.8,0.1,98,0.0,1.0
2021-08-26 01:00:00,2021-08-26,8,0,1,103.25,24,1,23.9,0.1,98,0.0,1.0
2021-08-26 02:00:00,2021-08-26,8,0,2,114.75,277,1,24.0,0.8,98,0.0,1.0
2021-08-26 03:00:00,2021-08-26,8,0,3,99.25,30,1,23.6,1.1,98,0.0,1.0
2021-08-26 04:00:00,2021-08-26,8,0,4,109.5,96,1,23.9,1.8,98,0.0,1.0
2021-08-26 05:00:00,2021-08-26,8,0,5,91.5,139,1,24.2,1.7,98,0.0,1.0
2021-08-26 06:00:00,2021-08-26,8,0,6,104.5,393,1,25.3,0.7,98,0.0,1.0
2021-08-26 07:00:00,2021-08-26,8,0,7,133.75,1981,1,26.3,1.3,90,0.0,1.0
2021-08-26 08:00:00,2021-08-26,8,0,8,182.75,592,1,28.1,1.0,74,0.0,1.0
2021-08-26 09:00:00,2021-08-26,8,0,9,194.75,1269,1,27.8,1.7,71,0.0,1.0
2021-08-26 10:00:00,2021-08-26,8,0,10,180.0,286,1,29.4,0.7,66,0.0,1.0
2021-08-26 11:00:00,2021-08-26,8,0,11,188.25,1425,1,30.2,1.8,56,0.0,1.0
2021-08-26 12:00:00,2021-08-26,8,0,12,110.5,37,1,30.6,1.3,56,0.0,1.0
2021-08-26 13:00:00,2021-08-26,8,0,13,183.25,1792,1,31.8,1.5,44,0.0,1.0
2021-08-26 14:00:00,2021-08-26,8,0,14,184.75,746,1,31.6,1.1,56,0.0,1.0
2021-08-26 15:00:00,2021-08-26,8,0,15,187.5,2034,1,30.3,2.3,60,0.0,1.0
2021-08-26 16:00:00,2021-08-26,8,0,16,172.75,645,1,29.8,0.9,67,0.0,1.0
2021-08-26 17:00:00,2021-08-26,8,0,17,131.75,301,1,30.3,1.7,55,0.0,1.0
2021-08-26 18:00:00,2021-08-26,8,0,18,161.5,2864,1,28.3,1.2,66,0.0,1.0
2021-08-26 19:00:00,2021-08-26,8,0,19,156.25,4012,1,26.3,0.3,80,0.0,1.0
2021-08-26 20:00:00,2021-08-26,8,0,20,116.0,203,1,26.4,1.9,81,0.0,1.0
2021-08-26 21:00:00,2021-08-26,8,0,21,124.5,10,1,25.3,0.8,82,0.0,1.0
2021-08-26 22:00:00,2021-08-26,8,0,22,111.0,123,1,25.3,0.8,79,0.0,1.0
2021-08-26 23:00:00,2021-08-26,8,0,23,104.5,370,1,24.7,1.2,81,0.0,1.0
2021-08-27 00:00:00,2021-08-27,8,0,0,71.5,0,0,23.2,1.2,96,0.0,1.0
2021-08-27 01:00:00,2021-08-27,8,0,1,102.25,43,1,22.9,0.9,91,0.0,1.0
2021-08-27 02:00:00,2021-08-27,8,0,2,111.25,1024,1,22.6,1.6,94,0.0,1.0
2021-08-27 03:00:00,2021-08-27,8,0,3,102.25,334,1,22.3,1.3,93,0.0,1.0
2021-08-27 04:00:00,2021-08-27,8,0,4,107.5,293,1,22.2,0.9,92,0.0,1.0
2021-08-27 05:00:00,2021-08-27,8,0,5,85.5,73,1,21.8,0.4,98,0.0,1.0
2021-08-27 06:00:00,2021-08-27,8,0,6,100.5,189,1,23.2,0.5,94,0.0,1.0
2021-08-27 07:00:00,2021-08-27,8,0,7,124.75,698,1,25.5,0.8,86,0.0,1.0
2021-08-27 08:00:00,2021-08-27,8,0,8,181.0,263,1,25.0,0.6,85,0.0,1.0
2021-08-27 09:00:00,2021-08-27,8,0,9,175.75,1321,1,26.0,0.7,81,0.0,1.0
2021-08-27 10:00:00,2021-08-27,8,0,10,169.0,1056,1,27.8,1.2,71,0.0,1.0
2021-08-27 11:00:00,2021-08-27,8,0,11,174.5,2214,1,28.0,1.7,76,0.0,1.0
2021-08-27 12:00:00,2021-08-27,8,0,12,106.25,326,1,30.0,3.2,72,0.0,1.0
2021-08-27 13:00:00,2021-08-27,8,0,13,172.75,1925,1,31.2,3.1,66,0.0,1.0
2021-08-27 14:00:00,2021-08-27,8,0,14,165.25,3481,1,30.4,3.7,64,0.0,1.0
2021-08-27 15:00:00,2021-08-27,8,0,15,161.5,4309,1,30.4,5.2,61,0.0,1.0
2021-08-27 16:00:00,2021-08-27,8,0,16,156.25,3764,1,30.0,5.2,63,0.0,1.0
2021-08-27 17:00:00,2021-08-27,8,0,17,141.75,1054,1,29.1,4.6,68,0.0,1.0
2021-08-27 18:00:00,2021-08-27,8,0,18,143.0,672,1,28.1,4.1,72,0.0,1.0
2021-08-27 19:00:00,2021-08-27,8,0,19,127.25,1643,1,27.7,1.5,76,0.0,1.0
2021-08-27 20:00:00,2021-08-27,8,0,20,108.0,518,1,23.9,2.8,90,0.0,1.0
2021-08-27 21:00:00,2021-08-27,8,0,21,106.75,238,1,22.6,1.7,97,0.0,1.0
2021-08-27 22:00:00,2021-08-27,8,0,22,95.75,61,1,22.5,0.4,98,0.3,1.0
2021-08-27 23:00:00,2021-08-27,8,0,23,102.25,270,1,22.8,0.5,98,0.3,1.0
2021-08-28 00:00:00,2021-08-28,8,1,0,72.0,174,1,22.7,1.9,98,0.2,1.0
2021-08-28 01:00:00,2021-08-28,8,1,1,104.25,160,1,22.4,1.0,98,0.2,1.0
2021-08-28 02:00:00,2021-08-28,8,1,2,110.5,68,1,22.1,2.3,98,0.2,1.0
2021-08-28 03:00:00,2021-08-28,8,1,3,102.25,54,1,21.9,1.3,98,0.2,1.0
2021-08-28 04:00:00,2021-08-28,8,1,4,102.5,440,1,22.4,1.9,95,0.2,1.0
2021-08-28 05:00:00,2021-08-28,8,1,5,86.75,29,1,22.2,1.0,96,0.2,1.0
2021-08-28 06:00:00,2021-08-28,8,1,6,98.0,332,1,22.5,1.8,92,0.2,1.0
2021-08-28 07:00:00,2021-08-28,8,1,7,66.25,542,1,23.0,2.1,87,0.2,1.0
2021-08-28 08:00:00,2021-08-28,8,1,8,35.25,0,0,24.7,1.4,75,0.2,1.0
2021-08-28 09:00:00,2021-08-28,8,1,9,36.0,0,0,26.9,1.0,72,0.2,1.0
2021-08-28 10:00:00,2021-08-28,8,1,10,38.25,0,0,27.8,1.9,61,0.2,1.0
2021-08-28 11:00:00,2021-08-28,8,1,11,37.0,0,0,28.6,2.4,54,0.2,1.0
2021-08-28 12:00:00,2021-08-28,8,1,12,38.0,0,0,29.2,2.1,49,0.2,1.0
2021-08-28 13:00:00,2021-08-28,8,1,13,38.25,0,0,30.3,1.6,51,0.2,1.0
2021-08-28 14:00:00,2021-08-28,8,1,14,38.0,0,0,29.4,1.8,49,0.2,1.0
2021-08-28 15:00:00,2021-08-28,8,1,15,37.5,0,0,29.2,1.5,50,0.2,1.0
2021-08-28 16:00:00,2021-08-28,8,1,16,45.75,0,0,28.2,1.5,64,0.2,1.0
2021-08-28 17:00:00,2021-08-28,8,1,17,22.0,0,0,26.7,1.5,77,0.2,1.0
2021-08-28 18:00:00,2021-08-28,8,1,18,0.0,0,0,25.9,0.7,81,0.2,1.0
2021-08-28 19:00:00,2021-08-28,8,1,19,0.0,0,0,25.4,0.3,88,0.2,1.0
2021-08-28 20:00:00,2021-08-28,8,1,20,0.0,0,0,24.8,1.2,90,0.2,1.0
2021-08-28 21:00:00,2021-08-28,8,1,21,0.0,0,0,24.3,1.2,91,0.2,1.0
2021-08-28 22:00:00,2021-08-28,8,1,22,0.0,0,0,24.4,1.5,89,0.2,1.0
2021-08-28 23:00:00,2021-08-28,8,1,23,0.0,0,0,24.3,1.1,83,0.2,1.0
2021-08-29 00:00:00,2021-08-29,8,1,0,0.0,0,0,23.9,0.8,83,0.0,1.0
2021-08-29 01:00:00,2021-08-29,8,1,1,0.0,0,0,23.7,0.6,84,0.0,1.0
2021-08-29 02:00:00,2021-08-29,8,1,2,0.0,0,0,22.8,1.1,88,0.0,1.0
2021-08-29 03:00:00,2021-08-29,8,1,3,0.0,0,0,23.0,1.3,88,0.0,1.0
2021-08-29 04:00:00,2021-08-29,8,1,4,0.0,0,0,23.0,0.3,90,0.0,1.0
2021-08-29 05:00:00,2021-08-29,8,1,5,0.0,0,0,23.1,1.2,87,0.0,1.0
2021-08-29 06:00:00,2021-08-29,8,1,6,0.0,0,0,23.2,0.4,89,0.0,1.0
2021-08-29 07:00:00,2021-08-29,8,1,7,0.0,0,0,24.6,1.2,83,0.0,1.0
2021-08-29 08:00:00,2021-08-29,8,1,8,0.0,0,0,25.1,0.8,83,0.0,1.0
2021-08-29 09:00:00,2021-08-29,8,1,9,0.0,0,0,26.3,0.9,78,0.0,1.0
2021-08-29 10:00:00,2021-08-29,8,1,10,0.0,0,0,27.4,1.3,77,0.0,1.0
2021-08-29 11:00:00,2021-08-29,8,1,11,16.5,0,0,27.0,1.5,79,0.0,1.0
2021-08-29 12:00:00,2021-08-29,8,1,12,21.5,0,0,24.8,1.6,80,0.0,1.0
2021-08-29 13:00:00,2021-08-29,8,1,13,19.0,0,0,26.5,1.5,79,0.0,1.0
2021-08-29 14:00:00,2021-08-29,8,1,14,21.5,0,0,26.3,0.9,81,0.0,1.0
2021-08-29 15:00:00,2021-08-29,8,1,15,21.0,0,0,25.2,1.1,91,0.2,1.0
2021-08-29 16:00:00,2021-08-29,8,1,16,21.5,0,0,25.3,1.3,91,0.2,1.0
2021-08-29 17:00:00,2021-08-29,8,1,17,25.75,0,0,25.8,0.9,86,0.2,1.0
2021-08-29 18:00:00,2021-08-29,8,1,18,23.75,0,0,24.6,0.7,93,0.2,1.0
2021-08-29 19:00:00,2021-08-29,8,1,19,20.5,0,0,23.9,1.1,95,0.2,1.0
2021-08-29 20:00:00,2021-08-29,8,1,20,20.0,0,0,23.8,0.7,97,0.2,1.0
2021-08-29 21:00:00,2021-08-29,8,1,21,20.25,0,0,24.1,2.1,96,0.2,1.0
2021-08-29 22:00:00,2021-08-29,8,1,22,21.75,0,0,24.0,1.1,94,0.2,1.0
2021-08-29 23:00:00,2021-08-29,8,1,23,19.75,0,0,23.7,0.6,95,0.2,1.0
2021-08-30 00:00:00,2021-08-30,8,0,0,20.0,0,0,23.9,1.0,93,0.0,1.0
2021-08-30 01:00:00,2021-08-30,8,0,1,20.75,0,0,23.8,1.6,91,0.0,1.0
2021-08-30 02:00:00,2021-08-30,8,0,2,21.25,0,0,23.6,1.6,88,0.0,1.0
2021-08-30 03:00:00,2021-08-30,8,0,3,19.75,0,0,23.1,0.3,90,0.0,1.0
2021-08-30 04:00:00,2021-08-30,8,0,4,19.5,0,0,23.1,1.4,88,0.0,1.0
2021-08-30 05:00:00,2021-08-30,8,0,5,19.5,0,0,22.8,1.0,89,0.0,1.0
2021-08-30 06:00:00,2021-08-30,8,0,6,21.0,0,0,23.0,0.5,90,0.0,1.0
2021-08-30 07:00:00,2021-08-30,8,0,7,51.5,0,0,24.8,1.7,81,0.0,1.0
2021-08-30 08:00:00,2021-08-30,8,0,8,167.0,879,1,25.5,1.5,77,0.0,1.0
2021-08-30 09:00:00,2021-08-30,8,0,9,169.75,1343,1,26.4,1.9,69,0.0,1.0
2021-08-30 10:00:00,2021-08-30,8,0,10,171.25,844,1,27.1,2.7,64,0.0,1.0
2021-08-30 11:00:00,2021-08-30,8,0,11,171.25,766,1,27.3,2.3,60,0.0,1.0
2021-08-30 12:00:00,2021-08-30,8,0,12,114.25,448,1,28.4,1.5,50,0.0,1.0
2021-08-30 13:00:00,2021-08-30,8,0,13,171.5,383,1,28.5,2.4,58,0.0,1.0
2021-08-30 14:00:00,2021-08-30,8,0,14,170.75,1151,1,28.1,3.5,54,0.0,1.0
2021-08-30 15:00:00,2021-08-30,8,0,15,159.5,1585,1,27.5,2.1,62,0.0,1.0
2021-08-30 16:00:00,2021-08-30,8,0,16,170.0,1095,1,26.5,1.2,66,0.0,1.0
2021-08-30 17:00:00,2021-08-30,8,0,17,139.75,140,1,26.0,0.2,72,0.0,1.0
2021-08-30 18:00:00,2021-08-30,8,0,18,167.5,579,1,25.0,1.0,81,0.0,1.0
2021-08-30 19:00:00,2021-08-30,8,0,19,143.5,827,1,24.7,1.1,79,0.0,1.0
2021-08-30 20:00:00,2021-08-30,8,0,20,127.5,13,1,23.8,0.5,84,0.0,1.0
2021-08-30 21:00:00,2021-08-30,8,0,21,129.0,54,1,23.9,0.7,85,0.0,1.0
2021-08-30 22:00:00,2021-08-30,8,0,22,115.5,461,1,23.6,0.6,85,0.0,1.0
2021-08-30 23:00:00,2021-08-30,8,0,23,105.25,151,1,23.3,0.8,89,0.0,1.0
2021-08-31 00:00:00,2021-08-31,8,0,0,72.75,204,1,23.4,0.8,88,0.0,1.0
2021-08-31 01:00:00,2021-08-31,8,0,1,106.25,353,1,22.9,0.6,94,0.0,1.0
2021-08-31 02:00:00,2021-08-31,8,0,2,108.25,306,1,22.9,0.2,93,0.0,1.0
2021-08-31 03:00:00,2021-08-31,8,0,3,100.5,378,1,22.7,1.3,93,0.0,1.0
2021-08-31 04:00:00,2021-08-31,8,0,4,110.25,248,1,22.9,1.1,92,0.0,1.0
2021-08-31 05:00:00,2021-08-31,8,0,5,93.0,200,1,22.5,1.2,95,0.0,1.0
2021-08-31 06:00:00,2021-08-31,8,0,6,112.75,266,1,22.9,1.4,94,0.0,1.0
2021-08-31 07:00:00,2021-08-31,8,0,7,123.25,919,1,23.5,0.9,92,0.0,1.0
2021-08-31 08:00:00,2021-08-31,8,0,8,167.0,653,1,24.1,1.3,89,0.0,1.0
2021-08-31 09:00:00,2021-08-31,8,0,9,168.75,942,1,22.5,2.4,98,0.8,1.0
2021-08-31 10:00:00,2021-08-31,8,0,10,176.0,1026,1,23.8,1.8,96,1.0,1.0
2021-08-31 11:00:00,2021-08-31,8,0,11,164.75,1255,1,25.6,1.1,81,1.0,1.0
2021-08-31 12:00:00,2021-08-31,8,0,12,112.0,194,1,27.7,1.2,68,1.0,1.0
2021-08-31 13:00:00,2021-08-31,8,0,13,173.75,710,1,26.1,1.9,69,1.0,1.0
2021-08-31 14:00:00,2021-08-31,8,0,14,182.0,1198,1,25.3,1.5,78,1.0,1.0
2021-08-31 15:00:00,2021-08-31,8,0,15,157.25,1803,1,25.1,1.3,79,1.0,1.0
2021-08-31 16:00:00,2021-08-31,8,0,16,166.5,2164,1,24.7,1.3,80,1.0,1.0
2021-08-31 17:00:00,2021-08-31,8,0,17,125.25,350,1,24.5,1.0,84,1.0,1.0
2021-08-31 18:00:00,2021-08-31,8,0,18,155.5,1029,1,24.4,1.1,85,1.0,1.0
2021-08-31 19:00:00,2021-08-31,8,0,19,147.5,1381,1,24.3,0.5,87,1.0,1.0
2021-08-31 20:00:00,2021-08-31,8,0,20,147.25,179,1,24.1,1.6,86,1.0,1.0
2021-08-31 21:00:00,2021-08-31,8,0,21,130.5,133,1,23.7,1.3,91,1.0,1.0
2021-08-31 22:00:00,2021-08-31,8,0,22,118.75,366,1,23.2,1.3,93,1.0,1.0
2021-08-31 23:00:00,2021-08-31,8,0,23,112.25,186,1,21.8,2.7,94,1.0,1.0
