date,slot,value
2021-01-01,0,62.0
2021-01-01,1,61.0
2021-01-01,2,61.0
2021-01-01,3,61.0
2021-01-01,4,96.0
2021-01-01,5,93.0
2021-01-01,6,116.0
2021-01-01,7,113.0
2021-01-01,8,106.0
2021-01-01,9,96.0
2021-01-01,10,106.0
2021-01-01,11,107.0
2021-01-01,12,92.0
2021-01-01,13,110.0
2021-01-01,14,110.0
2021-01-01,15,109.0
2021-01-01,16,108.0
2021-01-01,17,105.0
2021-01-01,18,106.0
2021-01-01,19,108.0
2021-01-01,20,89.0
2021-01-01,21,83.0
2021-01-01,22,99.0
2021-01-01,23,98.0
2021-01-01,24,102.0
2021-01-01,25,111.0
2021-01-01,26,110.0
2021-01-01,27,103.0
2021-01-01,28,92.0
2021-01-01,29,75.0
2021-01-01,30,48.0
2021-01-01,31,29.0
2021-01-01,32,27.0
2021-01-01,33,25.0
2021-01-01,34,22.0
2021-01-01,35,22.0
2021-01-01,36,22.0
2021-01-01,37,22.0
2021-01-01,38,22.0
2021-01-01,39,22.0
2021-01-01,40,22.0
2021-01-01,41,22.0
2021-01-01,42,22.0
2021-01-01,43,22.0
2021-01-01,44,22.0
2021-01-01,45,23.0
2021-01-01,46,28.0
2021-01-01,47,27.0
2021-01-01,48,22.0
2021-01-01,49,23.0
2021-01-01,50,22.0
2021-01-01,51,22.0
2021-01-01,52,22.0
2021-01-01,53,23.0
2021-01-01,54,22.0
2021-01-01,55,22.0
2021-01-01,56,22.0
2021-01-01,57,23.0
2021-01-01,58,22.0
2021-01-01,59,23.0
2021-01-01,60,28.0
2021-01-01,61,26.0
2021-01-01,62,23.0
2021-01-01,63,22.0
2021-01-01,64,23.0
2021-01-01,65,23.0
2021-01-01,66,22.0
2021-01-01,67,23.0
2021-01-01,68,22.0
2021-01-01,69,22.0
2021-01-01,70,22.0
2021-01-01,71,23.0
2021-01-01,72,22.0
2021-01-01,73,23.0
2021-01-01,74,27.0
2021-01-01,75,27.0
2021-01-01,76,22.0
2021-01-01,77,22.0
2021-01-01,78,22.0
2021-01-01,79,22.0
2021-01-01,80,22.0
2021-01-01,81,22.0
2021-01-01,82,22.0
2021-01-01,83,22.0
2021-01-01,84,23.0
2021-01-01,85,22.0
2021-01-01,86,22.0
2021-01-01,87,27.0
2021-01-01,88,26.0
2021-01-01,89,22.0
2021-01-01,90,22.0
2021-01-01,91,22.0
2021-01-01,92,22.0
2021-01-01,93,22.0
2021-01-01,94,22.0
2021-01-01,95,22.0
2021-01-02,0,63.0
2021-01-02,1,63.0
2021-01-02,2,64.0
2021-01-02,3,63.0
2021-01-02,4,96.0
2021-01-02,5,93.0
2021-01-02,6,116.0
2021-01-02,7,113.0
2021-01-02,8,106.0
2021-01-02,9,96.0
2021-01-02,10,106.0
2021-01-02,11,107.0
2021-01-02,12,92.0
2021-01-02,13,110.0
2021-01-02,14,110.0
2021-01-02,15,109.0
2021-01-02,16,108.0
2021-01-02,17,105.0
2021-01-02,18,106.0
2021-01-02,19,108.0
2021-01-02,20,89.0
2021-01-02,21,83.0
2021-01-02,22,99.0
2021-01-02,23,98.0
2021-01-02,24,102.0
2021-01-02,25,111.0
2021-01-02,26,110.0
2021-01-02,27,103.0
2021-01-02,28,92.0
2021-01-02,29,75.0
2021-01-02,30,48.0
2021-01-02,31,29.0
2021-01-02,32,27.0
2021-01-02,33,25.0
2021-01-02,34,22.0
2021-01-02,35,22.0
2021-01-02,36,22.0
2021-01-02,37,22.0
2021-01-02,38,22.0
2021-01-02,39,22.0
2021-01-02,40,22.0
2021-01-02,41,22.0
2021-01-02,42,22.0
2021-01-02,43,22.0
2021-01-02,44,22.0
2021-01-02,45,23.0
2021-01-02,46,28.0
2021-01-02,47,27.0
2021-01-02,48,22.0
2021-01-02,49,23.0
2021-01-02,50,22.0
2021-01-02,51,22.0
2021-01-02,52,22.0
2021-01-02,53,23.0
2021-01-02,54,22.0
2021-01-02,55,22.0
2021-01-02,56,22.0
2021-01-02,57,23.0
2021-01-02,58,22.0
2021-01-02,59,23.0
2021-01-02,60,28.0
2021-01-02,61,26.0
2021-01-02,62,23.0
2021-01-02,63,22.0
2021-01-02,64,23.0
2021-01-02,65,23.0
2021-01-02,66,22.0
2021-01-02,67,23.0
2021-01-02,68,22.0
2021-01-02,69,22.0
2021-01-02,70,22.0
2021-01-02,71,23.0
2021-01-02,72,22.0
2021-01-02,73,23.0
2021-01-02,74,27.0
2021-01-02,75,27.0
2021-01-02,76,22.0
2021-01-02,77,22.0
2021-01-02,78,22.0
2021-01-02,79,22.0
2021-01-02,80,22.0
2021-01-02,81,22.0
2021-01-02,82,22.0
2021-01-02,83,22.0
2021-01-02,84,23.0
2021-01-02,85,22.0
2021-01-02,86,22.0
2021-01-02,87,27.0
2021-01-02,88,26.0
2021-01-02,89,22.0
2021-01-02,90,22.0
2021-01-02,91,22.0
2021-01-02,92,22.0
2021-01-02,93,22.0
2021-01-02,94,22.0
2021-01-02,95,22.0
2021-01-03,0,22.0
2021-01-03,1,22.0
2021-01-03,2,22.0
2021-01-03,3,22.0
2021-01-03,4,24.0
2021-01-03,5,27.0
2021-01-03,6,24.0
2021-01-03,7,24.0
2021-01-03,8,22.0
2021-01-03,9,22.0
2021-01-03,10,22.0
2021-01-03,11,22.0
2021-01-03,12,22.0
2021-01-03,13,22.0
2021-01-03,14,22.0
2021-01-03,15,22.0
2021-01-03,16,22.0
2021-01-03,17,24.0
2021-01-03,18,27.0
2021-01-03,19,22.0
2021-01-03,20,22.0
2021-01-03,21,22.0
2021-01-03,22,22.0
2021-01-03,23,22.0
2021-01-03,24,22.0
2021-01-03,25,22.0
2021-01-03,26,22.0
2021-01-03,27,22.0
2021-01-03,28,21.0
2021-01-03,29,23.0
2021-01-03,30,26.0
2021-01-03,31,25.0
2021-01-03,32,22.0
2021-01-03,33,22.0
2021-01-03,34,22.0
2021-01-03,35,22.0
2021-01-03,36,24.0
2021-01-03,37,22.0
2021-01-03,38,22.0
2021-01-03,39,22.0
2021-01-03,40,22.0
2021-01-03,41,22.0
2021-01-03,42,22.0
2021-01-03,43,25.0
2021-01-03,44,27.0
2021-01-03,45,24.0
2021-01-03,46,22.0
2021-01-03,47,22.0
2021-01-03,48,22.0
2021-01-03,49,22.0
2021-01-03,50,22.0
2021-01-03,51,22.0
2021-01-03,52,22.0
2021-01-03,53,22.0
2021-01-03,54,22.0
2021-01-03,55,22.0
2021-01-03,56,22.0
2021-01-03,57,24.0
2021-01-03,58,27.0
2021-01-03,59,24.0
2021-01-03,60,22.0
2021-01-03,61,22.0
2021-01-03,62,22.0
2021-01-03,63,22.0
2021-01-03,64,24.0
2021-01-03,65,22.0
2021-01-03,66,23.0
2021-01-03,67,22.0
2021-01-03,68,22.0
2021-01-03,69,22.0
2021-01-03,70,22.0
2021-01-03,71,25.0
2021-01-03,72,27.0
2021-01-03,73,22.0
2021-01-03,74,22.0
2021-01-03,75,22.0
2021-01-03,76,22.0
2021-01-03,77,22.0
2021-01-03,78,22.0
2021-01-03,79,22.0
2021-01-03,80,22.0
2021-01-03,81,22.0
2021-01-03,82,22.0
2021-01-03,83,22.0
2021-01-03,84,26.0
2021-01-03,85,27.0
2021-01-03,86,25.0
2021-01-03,87,22.0
2021-01-03,88,23.0
2021-01-03,89,23.0
2021-01-03,90,23.0
2021-01-03,91,22.0
2021-01-03,92,24.0
2021-01-03,93,22.0
2021-01-03,94,22.0
2021-01-03,95,22.0
2021-01-04,0,72.0
2021-01-04,1,67.0
2021-01-04,2,66.0
2021-01-04,3,66.0
2021-01-04,4,96.0
2021-01-04,5,108.0
2021-01-04,6,119.0
2021-01-04,7,109.0
2021-01-04,8,106.0
2021-01-04,9,106.0
2021-01-04,10,111.0
2021-01-04,11,116.0
2021-01-04,12,104.0
2021-01-04,13,105.0
2021-01-04,14,104.0
2021-01-04,15,113.0
2021-01-04,16,115.0
2021-01-04,17,109.0
2021-01-04,18,108.0
2021-01-04,19,103.0
2021-01-04,20,85.0
2021-01-04,21,78.0
2021-01-04,22,91.0
2021-01-04,23,107.0
2021-01-04,24,118.0
2021-01-04,25,112.0
2021-01-04,26,105.0
2021-01-04,27,100.0
2021-01-04,28,110.0
2021-01-04,29,125.0
2021-01-04,30,142.0
2021-01-04,31,136.0
2021-01-04,32,154.0
2021-01-04,33,153.0
2021-01-04,34,159.0
2021-01-04,35,159.0
2021-01-04,36,158.0
2021-01-04,37,158.0
2021-01-04,38,159.0
2021-01-04,39,166.0
2021-01-04,40,127.0
2021-01-04,41,158.0
2021-01-04,42,173.0
2021-01-04,43,168.0
2021-01-04,44,141.0
2021-01-04,45,150.0
2021-01-04,46,155.0
2021-01-04,47,149.0
2021-01-04,48,81.0
2021-01-04,49,64.0
2021-01-04,50,94.0
2021-01-04,51,118.0
2021-01-04,52,158.0
2021-01-04,53,158.0
2021-01-04,54,154.0
2021-01-04,55,151.0
2021-01-04,56,143.0
2021-01-04,57,154.0
2021-01-04,58,151.0
2021-01-04,59,160.0
2021-01-04,60,125.0
2021-01-04,61,142.0
2021-01-04,62,144.0
2021-01-04,63,149.0
2021-01-04,64,140.0
2021-01-04,65,141.0
2021-01-04,66,145.0
2021-01-04,67,140.0
2021-01-04,68,105.0
2021-01-04,69,103.0
2021-01-04,70,138.0
2021-01-04,71,143.0
2021-01-04,72,139.0
2021-01-04,73,138.0
2021-01-04,74,135.0
2021-01-04,75,145.0
2021-01-04,76,135.0
2021-01-04,77,119.0
2021-01-04,78,103.0
2021-01-04,79,94.0
2021-01-04,80,91.0
2021-01-04,81,96.0
2021-01-04,82,105.0
2021-01-04,83,111.0
2021-01-04,84,110.0
2021-01-04,85,105.0
2021-01-04,86,109.0
2021-01-04,87,109.0
2021-01-04,88,96.0
2021-01-04,89,111.0
2021-01-04,90,111.0
2021-01-04,91,109.0
2021-01-04,92,109.0
2021-01-04,93,112.0
2021-01-04,94,102.0
2021-01-04,95,65.0
2021-01-05,0,22.0
2021-01-05,1,22.0
2021-01-05,2,26.0
2021-01-05,3,26.0
2021-01-05,4,21.0
2021-01-05,5,21.0
2021-01-05,6,21.0
2021-01-05,7,22.0
2021-01-05,8,21.0
2021-01-05,9,21.0
2021-01-05,10,21.0
2021-01-05,11,22.0
2021-01-05,12,22.0
2021-01-05,13,22.0
2021-01-05,14,22.0
2021-01-05,15,24.0
2021-01-05,16,26.0
2021-01-05,17,24.0
2021-01-05,18,22.0
2021-01-05,19,21.0
2021-01-05,20,21.0
2021-01-05,21,21.0
2021-01-05,22,21.0
2021-01-05,23,22.0
2021-01-05,24,22.0
2021-01-05,25,21.0
2021-01-05,26,21.0
2021-01-05,27,21.0
2021-01-05,28,21.0
2021-01-05,29,26.0
2021-01-05,30,26.0
2021-01-05,31,22.0
2021-01-05,32,21.0
2021-01-05,33,21.0
2021-01-05,34,21.0
2021-01-05,35,21.0
2021-01-05,36,21.0
2021-01-05,37,21.0
2021-01-05,38,21.0
2021-01-05,39,21.0
2021-01-05,40,21.0
2021-01-05,41,21.0
2021-01-05,42,22.0
2021-01-05,43,26.0
2021-01-05,44,25.0
2021-01-05,45,21.0
2021-01-05,46,21.0
2021-01-05,47,21.0
2021-01-05,48,21.0
2021-01-05,49,21.0
2021-01-05,50,21.0
2021-01-05,51,21.0
2021-01-05,52,21.0
2021-01-05,53,21.0
2021-01-05,54,21.0
2021-01-05,55,21.0
2021-01-05,56,24.0
2021-01-05,57,25.0
2021-01-05,58,21.0
2021-01-05,59,21.0
2021-01-05,60,21.0
2021-01-05,61,21.0
2021-01-05,62,21.0
2021-01-05,63,21.0
2021-01-05,64,21.0
2021-01-05,65,21.0
2021-01-05,66,21.0
2021-01-05,67,21.0
2021-01-05,68,24.0
2021-01-05,69,26.0
2021-01-05,70,22.0
2021-01-05,71,21.0
2021-01-05,72,21.0
2021-01-05,73,21.0
2021-01-05,74,21.0
2021-01-05,75,21.0
2021-01-05,76,21.0
2021-01-05,77,21.0
2021-01-05,78,21.0
2021-01-05,79,21.0
2021-01-05,80,22.0
2021-01-05,81,26.0
2021-01-05,82,24.0
2021-01-05,83,21.0
2021-01-05,84,21.0
2021-01-05,85,21.0
2021-01-05,86,21.0
2021-01-05,87,22.0
2021-01-05,88,21.0
2021-01-05,89,21.0
2021-01-05,90,21.0
2021-01-05,91,21.0
2021-01-05,92,21.0
2021-01-05,93,24.0
2021-01-05,94,26.0
2021-01-05,95,25.0
2021-01-06,0,22.0
2021-01-06,1,22.0
2021-01-06,2,26.0
2021-01-06,3,26.0
2021-01-06,4,21.0
2021-01-06,5,21.0
2021-01-06,6,21.0
2021-01-06,7,22.0
2021-01-06,8,21.0
2021-01-06,9,21.0
2021-01-06,10,21.0
2021-01-06,11,22.0
2021-01-06,12,22.0
2021-01-06,13,22.0
2021-01-06,14,22.0
2021-01-06,15,24.0
2021-01-06,16,26.0
2021-01-06,17,24.0
2021-01-06,18,22.0
2021-01-06,19,21.0
2021-01-06,20,21.0
2021-01-06,21,21.0
2021-01-06,22,21.0
2021-01-06,23,22.0
2021-01-06,24,22.0
2021-01-06,25,21.0
2021-01-06,26,21.0
2021-01-06,27,21.0
2021-01-06,28,21.0
2021-01-06,29,26.0
2021-01-06,30,26.0
2021-01-06,31,22.0
2021-01-06,32,21.0
2021-01-06,33,21.0
2021-01-06,34,21.0
2021-01-06,35,21.0
2021-01-06,36,21.0
2021-01-06,37,21.0
2021-01-06,38,21.0
2021-01-06,39,21.0
2021-01-06,40,21.0
2021-01-06,41,21.0
2021-01-06,42,22.0
2021-01-06,43,26.0
2021-01-06,44,25.0
2021-01-06,45,21.0
2021-01-06,46,21.0
2021-01-06,47,21.0
2021-01-06,48,21.0
2021-01-06,49,21.0
2021-01-06,50,21.0
2021-01-06,51,21.0
2021-01-06,52,21.0
2021-01-06,53,21.0
2021-01-06,54,21.0
2021-01-06,55,21.0
2021-01-06,56,24.0
2021-01-06,57,25.0
2021-01-06,58,21.0
2021-01-06,59,21.0
2021-01-06,60,21.0
2021-01-06,61,21.0
2021-01-06,62,21.0
2021-01-06,63,21.0
2021-01-06,64,21.0
2021-01-06,65,21.0
2021-01-06,66,21.0
2021-01-06,67,21.0
2021-01-06,68,24.0
2021-01-06,69,26.0
2021-01-06,70,22.0
2021-01-06,71,21.0
2021-01-06,72,21.0
2021-01-06,73,21.0
2021-01-06,74,21.0
2021-01-06,75,21.0
2021-01-06,76,21.0
2021-01-06,77,21.0
2021-01-06,78,21.0
2021-01-06,79,21.0
2021-01-06,80,22.0
2021-01-06,81,26.0
2021-01-06,82,24.0
2021-01-06,83,21.0
2021-01-06,84,21.0
2021-01-06,85,21.0
2021-01-06,86,21.0
2021-01-06,87,22.0
2021-01-06,88,21.0
2021-01-06,89,21.0
2021-01-06,90,21.0
2021-01-06,91,21.0
2021-01-06,92,21.0
2021-01-06,93,24.0
2021-01-06,94,26.0
2021-01-06,95,25.0
2021-01-07,0,22.0
2021-01-07,1,22.0
2021-01-07,2,22.0
2021-01-07,3,25.0
2021-01-07,4,26.0
2021-01-07,5,22.0
2021-01-07,6,22.0
2021-01-07,7,22.0
2021-01-07,8,22.0
2021-01-07,9,21.0
2021-01-07,10,21.0
2021-01-07,11,22.0
2021-01-07,12,22.0
2021-01-07,13,22.0
2021-01-07,14,22.0
2021-01-07,15,23.0
2021-01-07,16,22.0
2021-01-07,17,26.0
2021-01-07,18,26.0
2021-01-07,19,23.0
2021-01-07,20,22.0
2021-01-07,21,22.0
2021-01-07,22,22.0
2021-01-07,23,22.0
2021-01-07,24,24.0
2021-01-07,25,21.0
2021-01-07,26,22.0
2021-01-07,27,22.0
2021-01-07,28,24.0
2021-01-07,29,44.0
2021-01-07,30,67.0
2021-01-07,31,90.0
2021-01-07,32,151.0
2021-01-07,33,169.0
2021-01-07,34,182.0
2021-01-07,35,182.0
2021-01-07,36,179.0
2021-01-07,37,166.0
2021-01-07,38,157.0
2021-01-07,39,162.0
2021-01-07,40,137.0
2021-01-07,41,176.0
2021-01-07,42,159.0
2021-01-07,43,171.0
2021-01-07,44,169.0
2021-01-07,45,170.0
2021-01-07,46,166.0
2021-01-07,47,168.0
2021-01-07,48,120.0
2021-01-07,49,105.0
2021-01-07,50,106.0
2021-01-07,51,129.0
2021-01-07,52,169.0
2021-01-07,53,173.0
2021-01-07,54,182.0
2021-01-07,55,175.0
2021-01-07,56,165.0
2021-01-07,57,176.0
2021-01-07,58,180.0
2021-01-07,59,177.0
2021-01-07,60,135.0
2021-01-07,61,166.0
2021-01-07,62,175.0
2021-01-07,63,174.0
2021-01-07,64,158.0
2021-01-07,65,166.0
2021-01-07,66,164.0
2021-01-07,67,173.0
2021-01-07,68,123.0
2021-01-07,69,118.0
2021-01-07,70,151.0
2021-01-07,71,151.0
2021-01-07,72,154.0
2021-01-07,73,158.0
2021-01-07,74,154.0
2021-01-07,75,143.0
2021-01-07,76,141.0
2021-01-07,77,147.0
2021-01-07,78,131.0
2021-01-07,79,99.0
2021-01-07,80,101.0
2021-01-07,81,114.0
2021-01-07,82,108.0
2021-01-07,83,110.0
2021-01-07,84,110.0
2021-01-07,85,113.0
2021-01-07,86,110.0
2021-01-07,87,111.0
2021-01-07,88,84.0
2021-01-07,89,100.0
2021-01-07,90,98.0
2021-01-07,91,97.0
2021-01-07,92,110.0
2021-01-07,93,106.0
2021-01-07,94,100.0
2021-01-07,95,77.0
2021-01-08,0,64.0
2021-01-08,1,63.0
2021-01-08,2,63.0
2021-01-08,3,62.0
2021-01-08,4,87.0
2021-01-08,5,94.0
2021-01-08,6,105.0
2021-01-08,7,110.0
2021-01-08,8,104.0
2021-01-08,9,98.0
2021-01-08,10,98.0
2021-01-08,11,111.0
2021-01-08,12,90.0
2021-01-08,13,105.0
2021-01-08,14,99.0
2021-01-08,15,104.0
2021-01-08,16,105.0
2021-01-08,17,105.0
2021-01-08,18,100.0
2021-01-08,19,110.0
2021-01-08,20,82.0
2021-01-08,21,72.0
2021-01-08,22,94.0
2021-01-08,23,101.0
2021-01-08,24,109.0
2021-01-08,25,104.0
2021-01-08,26,96.0
2021-01-08,27,81.0
2021-01-08,28,72.0
2021-01-08,29,77.0
2021-01-08,30,107.0
2021-01-08,31,117.0
2021-01-08,32,141.0
2021-01-08,33,154.0
2021-01-08,34,161.0
2021-01-08,35,160.0
2021-01-08,36,165.0
2021-01-08,37,160.0
2021-01-08,38,160.0
2021-01-08,39,156.0
2021-01-08,40,127.0
2021-01-08,41,153.0
2021-01-08,42,138.0
2021-01-08,43,150.0
2021-01-08,44,159.0
2021-01-08,45,160.0
2021-01-08,46,167.0
2021-01-08,47,171.0
2021-01-08,48,106.0
2021-01-08,49,87.0
2021-01-08,50,94.0
2021-01-08,51,124.0
2021-01-08,52,157.0
2021-01-08,53,174.0
2021-01-08,54,168.0
2021-01-08,55,160.0
2021-01-08,56,156.0
2021-01-08,57,164.0
2021-01-08,58,167.0
2021-01-08,59,176.0
2021-01-08,60,139.0
2021-01-08,61,173.0
2021-01-08,62,153.0
2021-01-08,63,180.0
2021-01-08,64,150.0
2021-01-08,65,166.0
2021-01-08,66,164.0
2021-01-08,67,152.0
2021-01-08,68,127.0
2021-01-08,69,110.0
2021-01-08,70,147.0
2021-01-08,71,161.0
2021-01-08,72,150.0
2021-01-08,73,156.0
2021-01-08,74,152.0
2021-01-08,75,157.0
2021-01-08,76,155.0
2021-01-08,77,144.0
2021-01-08,78,140.0
2021-01-08,79,128.0
2021-01-08,80,134.0
2021-01-08,81,132.0
2021-01-08,82,117.0
2021-01-08,83,132.0
2021-01-08,84,132.0
2021-01-08,85,123.0
2021-01-08,86,116.0
2021-01-08,87,114.0
2021-01-08,88,91.0
2021-01-08,89,109.0
2021-01-08,90,115.0
2021-01-08,91,113.0
2021-01-08,92,105.0
2021-01-08,93,114.0
2021-01-08,94,104.0
2021-01-08,95,82.0
2021-01-09,0,72.0
2021-01-09,1,69.0
2021-01-09,2,65.0
2021-01-09,3,65.0
2021-01-09,4,92.0
2021-01-09,5,97.0
2021-01-09,6,103.0
2021-01-09,7,103.0
2021-01-09,8,107.0
2021-01-09,9,106.0
2021-01-09,10,99.0
2021-01-09,11,103.0
2021-01-09,12,92.0
2021-01-09,13,110.0
2021-01-09,14,110.0
2021-01-09,15,109.0
2021-01-09,16,108.0
2021-01-09,17,105.0
2021-01-09,18,106.0
2021-01-09,19,108.0
2021-01-09,20,89.0
2021-01-09,21,83.0
2021-01-09,22,99.0
2021-01-09,23,98.0
2021-01-09,24,102.0
2021-01-09,25,111.0
2021-01-09,26,110.0
2021-01-09,27,103.0
2021-01-09,28,92.0
2021-01-09,29,75.0
2021-01-09,30,48.0
2021-01-09,31,29.0
2021-01-09,32,27.0
2021-01-09,33,25.0
2021-01-09,34,22.0
2021-01-09,35,22.0
2021-01-09,36,22.0
2021-01-09,37,22.0
2021-01-09,38,22.0
2021-01-09,39,22.0
2021-01-09,40,22.0
2021-01-09,41,22.0
2021-01-09,42,22.0
2021-01-09,43,22.0
2021-01-09,44,22.0
2021-01-09,45,23.0
2021-01-09,46,28.0
2021-01-09,47,27.0
2021-01-09,48,119.0
2021-01-09,49,102.0
2021-01-09,50,96.0
2021-01-09,51,122.0
2021-01-09,52,159.0
2021-01-09,53,162.0
2021-01-09,54,175.0
2021-01-09,55,181.0
2021-01-09,56,22.0
2021-01-09,57,23.0
2021-01-09,58,22.0
2021-01-09,59,23.0
2021-01-09,60,28.0
2021-01-09,61,26.0
2021-01-09,62,23.0
2021-01-09,63,22.0
2021-01-09,64,159.0
2021-01-09,65,146.0
2021-01-09,66,144.0
2021-01-09,67,154.0
2021-01-09,68,108.0
2021-01-09,69,104.0
2021-01-09,70,144.0
2021-01-09,71,161.0
2021-01-09,72,156.0
2021-01-09,73,156.0
2021-01-09,74,161.0
2021-01-09,75,145.0
2021-01-09,76,148.0
2021-01-09,77,136.0
2021-01-09,78,131.0
2021-01-09,79,111.0
2021-01-09,80,106.0
2021-01-09,81,112.0
2021-01-09,82,106.0
2021-01-09,83,113.0
2021-01-09,84,107.0
2021-01-09,85,110.0
2021-01-09,86,100.0
2021-01-09,87,103.0
2021-01-09,88,26.0
2021-01-09,89,22.0
2021-01-09,90,22.0
2021-01-09,91,22.0
2021-01-09,92,106.0
2021-01-09,93,95.0
2021-01-09,94,98.0
2021-01-09,95,79.0
2021-01-10,0,64.0
2021-01-10,1,64.0
2021-01-10,2,64.0
2021-01-10,3,67.0
2021-01-10,4,96.0
2021-01-10,5,107.0
2021-01-10,6,104.0
2021-01-10,7,103.0
2021-01-10,8,103.0
2021-01-10,9,109.0
2021-01-10,10,101.0
2021-01-10,11,104.0
2021-01-10,12,89.0
2021-01-10,13,104.0
2021-01-10,14,100.0
2021-01-10,15,104.0
2021-01-10,16,22.0
2021-01-10,17,24.0
2021-01-10,18,27.0
2021-01-10,19,22.0
2021-01-10,20,22.0
2021-01-10,21,22.0
2021-01-10,22,22.0
2021-01-10,23,22.0
2021-01-10,24,22.0
2021-01-10,25,22.0
2021-01-10,26,22.0
2021-01-10,27,22.0
2021-01-10,28,21.0
2021-01-10,29,23.0
2021-01-10,30,26.0
2021-01-10,31,25.0
2021-01-10,32,142.0
2021-01-10,33,157.0
2021-01-10,34,156.0
2021-01-10,35,165.0
2021-01-10,36,24.0
2021-01-10,37,22.0
2021-01-10,38,22.0
2021-01-10,39,22.0
2021-01-10,40,134.0
2021-01-10,41,169.0
2021-01-10,42,177.0
2021-01-10,43,175.0
2021-01-10,44,161.0
2021-01-10,45,149.0
2021-01-10,46,168.0
2021-01-10,47,165.0
2021-01-10,48,22.0
2021-01-10,49,22.0
2021-01-10,50,22.0
2021-01-10,51,22.0
2021-01-10,52,22.0
2021-01-10,53,22.0
2021-01-10,54,22.0
2021-01-10,55,22.0
2021-01-10,56,153.0
2021-01-10,57,162.0
2021-01-10,58,169.0
2021-01-10,59,165.0
2021-01-10,60,22.0
2021-01-10,61,22.0
2021-01-10,62,22.0
2021-01-10,63,22.0
2021-01-10,64,24.0
2021-01-10,65,22.0
2021-01-10,66,23.0
2021-01-10,67,22.0
2021-01-10,68,22.0
2021-01-10,69,22.0
2021-01-10,70,22.0
2021-01-10,71,25.0
2021-01-10,72,122.0
2021-01-10,73,123.0
2021-01-10,74,123.0
2021-01-10,75,121.0
2021-01-10,76,22.0
2021-01-10,77,22.0
2021-01-10,78,22.0
2021-01-10,79,22.0
2021-01-10,80,22.0
2021-01-10,81,22.0
2021-01-10,82,22.0
2021-01-10,83,22.0
2021-01-10,84,141.0
2021-01-10,85,132.0
2021-01-10,86,128.0
2021-01-10,87,115.0
2021-01-10,88,108.0
2021-01-10,89,124.0
2021-01-10,90,122.0
2021-01-10,91,116.0
2021-01-10,92,115.0
2021-01-10,93,113.0
2021-01-10,94,103.0
2021-01-10,95,88.0
2021-01-11,0,72.0
2021-01-11,1,70.0
2021-01-11,2,69.0
2021-01-11,3,68.0
2021-01-11,4,100.0
2021-01-11,5,103.0
2021-01-11,6,112.0
2021-01-11,7,113.0
2021-01-11,8,106.0
2021-01-11,9,95.0
2021-01-11,10,105.0
2021-01-11,11,111.0
2021-01-11,12,98.0
2021-01-11,13,107.0
2021-01-11,14,103.0
2021-01-11,15,96.0
2021-01-11,16,113.0
2021-01-11,17,114.0
2021-01-11,18,110.0
2021-01-11,19,108.0
2021-01-11,20,83.0
2021-01-11,21,76.0
2021-01-11,22,97.0
2021-01-11,23,103.0
2021-01-11,24,107.0
2021-01-11,25,107.0
2021-01-11,26,107.0
2021-01-11,27,100.0
2021-01-11,28,113.0
2021-01-11,29,127.0
2021-01-11,30,149.0
2021-01-11,31,143.0
2021-01-11,32,155.0
2021-01-11,33,175.0
2021-01-11,34,171.0
2021-01-11,35,169.0
2021-01-11,36,172.0
2021-01-11,37,157.0
2021-01-11,38,168.0
2021-01-11,39,175.0
2021-01-11,40,127.0
2021-01-11,41,165.0
2021-01-11,42,168.0
2021-01-11,43,164.0
2021-01-11,44,174.0
2021-01-11,45,165.0
2021-01-11,46,168.0
2021-01-11,47,164.0
2021-01-11,48,108.0
2021-01-11,49,93.0
2021-01-11,50,93.0
2021-01-11,51,122.0
2021-01-11,52,160.0
2021-01-11,53,149.0
2021-01-11,54,155.0
2021-01-11,55,150.0
2021-01-11,56,160.0
2021-01-11,57,157.0
2021-01-11,58,160.0
2021-01-11,59,157.0
2021-01-11,60,126.0
2021-01-11,61,159.0
2021-01-11,62,160.0
2021-01-11,63,153.0
2021-01-11,64,153.0
2021-01-11,65,151.0
2021-01-11,66,163.0
2021-01-11,67,160.0
2021-01-11,68,119.0
2021-01-11,69,107.0
2021-01-11,70,158.0
2021-01-11,71,159.0
2021-01-11,72,152.0
2021-01-11,73,143.0
2021-01-11,74,145.0
2021-01-11,75,139.0
2021-01-11,76,142.0
2021-01-11,77,135.0
2021-01-11,78,142.0
2021-01-11,79,125.0
2021-01-11,80,113.0
2021-01-11,81,120.0
2021-01-11,82,130.0
2021-01-11,83,120.0
2021-01-11,84,116.0
2021-01-11,85,106.0
2021-01-11,86,111.0
2021-01-11,87,104.0
2021-01-11,88,92.0
2021-01-11,89,105.0
2021-01-11,90,110.0
2021-01-11,91,109.0
2021-01-11,92,101.0
2021-01-11,93,110.0
2021-01-11,94,105.0
2021-01-11,95,83.0
2021-01-12,0,22.0
2021-01-12,1,22.0
2021-01-12,2,26.0
2021-01-12,3,26.0
2021-01-12,4,21.0
2021-01-12,5,21.0
2021-01-12,6,21.0
2021-01-12,7,22.0
2021-01-12,8,21.0
2021-01-12,9,21.0
2021-01-12,10,21.0
2021-01-12,11,22.0
2021-01-12,12,22.0
2021-01-12,13,22.0
2021-01-12,14,22.0
2021-01-12,15,24.0
2021-01-12,16,26.0
2021-01-12,17,24.0
2021-01-12,18,22.0
2021-01-12,19,21.0
2021-01-12,20,21.0
2021-01-12,21,21.0
2021-01-12,22,21.0
2021-01-12,23,22.0
2021-01-12,24,22.0
2021-01-12,25,21.0
2021-01-12,26,21.0
2021-01-12,27,21.0
2021-01-12,28,21.0
2021-01-12,29,26.0
2021-01-12,30,26.0
2021-01-12,31,22.0
2021-01-12,32,21.0
2021-01-12,33,21.0
2021-01-12,34,21.0
2021-01-12,35,21.0
2021-01-12,36,21.0
2021-01-12,37,21.0
2021-01-12,38,21.0
2021-01-12,39,21.0
2021-01-12,40,21.0
2021-01-12,41,21.0
2021-01-12,42,22.0
2021-01-12,43,26.0
2021-01-12,44,25.0
2021-01-12,45,21.0
2021-01-12,46,21.0
2021-01-12,47,21.0
2021-01-12,48,21.0
2021-01-12,49,21.0
2021-01-12,50,21.0
2021-01-12,51,21.0
2021-01-12,52,21.0
2021-01-12,53,21.0
2021-01-12,54,21.0
2021-01-12,55,21.0
2021-01-12,56,24.0
2021-01-12,57,25.0
2021-01-12,58,21.0
2021-01-12,59,21.0
2021-01-12,60,21.0
2021-01-12,61,21.0
2021-01-12,62,21.0
2021-01-12,63,21.0
2021-01-12,64,21.0
2021-01-12,65,21.0
2021-01-12,66,21.0
2021-01-12,67,21.0
2021-01-12,68,24.0
2021-01-12,69,26.0
2021-01-12,70,22.0
2021-01-12,71,21.0
2021-01-12,72,21.0
2021-01-12,73,21.0
2021-01-12,74,21.0
2021-01-12,75,21.0
2021-01-12,76,21.0
2021-01-12,77,21.0
2021-01-12,78,21.0
2021-01-12,79,21.0
2021-01-12,80,22.0
2021-01-12,81,26.0
2021-01-12,82,24.0
2021-01-12,83,21.0
2021-01-12,84,21.0
2021-01-12,85,21.0
2021-01-12,86,21.0
2021-01-12,87,22.0
2021-01-12,88,21.0
2021-01-12,89,21.0
2021-01-12,90,21.0
2021-01-12,91,21.0
2021-01-12,92,21.0
2021-01-12,93,24.0
2021-01-12,94,26.0
2021-01-12,95,25.0
2021-01-13,0,22.0
2021-01-13,1,22.0
2021-01-13,2,26.0
2021-01-13,3,26.0
2021-01-13,4,21.0
2021-01-13,5,21.0
2021-01-13,6,21.0
2021-01-13,7,22.0
2021-01-13,8,21.0
2021-01-13,9,21.0
2021-01-13,10,21.0
2021-01-13,11,22.0
2021-01-13,12,22.0
2021-01-13,13,22.0
2021-01-13,14,22.0
2021-01-13,15,24.0
2021-01-13,16,26.0
2021-01-13,17,24.0
2021-01-13,18,22.0
2021-01-13,19,21.0
2021-01-13,20,21.0
2021-01-13,21,21.0
2021-01-13,22,21.0
2021-01-13,23,22.0
2021-01-13,24,22.0
2021-01-13,25,21.0
2021-01-13,26,21.0
2021-01-13,27,21.0
2021-01-13,28,21.0
2021-01-13,29,26.0
2021-01-13,30,26.0
2021-01-13,31,22.0
2021-01-13,32,21.0
2021-01-13,33,21.0
2021-01-13,34,21.0
2021-01-13,35,21.0
2021-01-13,36,21.0
2021-01-13,37,21.0
2021-01-13,38,21.0
2021-01-13,39,21.0
2021-01-13,40,21.0
2021-01-13,41,21.0
2021-01-13,42,22.0
2021-01-13,43,26.0
2021-01-13,44,25.0
2021-01-13,45,21.0
2021-01-13,46,21.0
2021-01-13,47,21.0
2021-01-13,48,21.0
2021-01-13,49,21.0
2021-01-13,50,21.0
2021-01-13,51,21.0
2021-01-13,52,21.0
2021-01-13,53,21.0
2021-01-13,54,21.0
2021-01-13,55,21.0
2021-01-13,56,24.0
2021-01-13,57,25.0
2021-01-13,58,21.0
2021-01-13,59,21.0
2021-01-13,60,21.0
2021-01-13,61,21.0
2021-01-13,62,21.0
2021-01-13,63,21.0
2021-01-13,64,21.0
2021-01-13,65,21.0
2021-01-13,66,21.0
2021-01-13,67,21.0
2021-01-13,68,24.0
2021-01-13,69,26.0
2021-01-13,70,22.0
2021-01-13,71,21.0
2021-01-13,72,21.0
2021-01-13,73,21.0
2021-01-13,74,21.0
2021-01-13,75,21.0
2021-01-13,76,21.0
2021-01-13,77,21.0
2021-01-13,78,21.0
2021-01-13,79,21.0
2021-01-13,80,22.0
2021-01-13,81,26.0
2021-01-13,82,24.0
2021-01-13,83,21.0
2021-01-13,84,21.0
2021-01-13,85,21.0
2021-01-13,86,21.0
2021-01-13,87,22.0
2021-01-13,88,21.0
2021-01-13,89,21.0
2021-01-13,90,21.0
2021-01-13,91,21.0
2021-01-13,92,21.0
2021-01-13,93,24.0
2021-01-13,94,26.0
2021-01-13,95,25.0
2021-01-14,0,22.0
2021-01-14,1,22.0
2021-01-14,2,22.0
2021-01-14,3,22.0
2021-01-14,4,22.0
2021-01-14,5,23.0
2021-01-14,6,22.0
2021-01-14,7,22.0
2021-01-14,8,22.0
2021-01-14,9,27.0
2021-01-14,10,26.0
2021-01-14,11,22.0
2021-01-14,12,22.0
2021-01-14,13,22.0
2021-01-14,14,22.0
2021-01-14,15,22.0
2021-01-14,16,22.0
2021-01-14,17,24.0
2021-01-14,18,23.0
2021-01-14,19,22.0
2021-01-14,20,22.0
2021-01-14,21,22.0
2021-01-14,22,23.0
2021-01-14,23,27.0
2021-01-14,24,25.0
2021-01-14,25,22.0
2021-01-14,26,22.0
2021-01-14,27,22.0
2021-01-14,28,26.0
2021-01-14,29,38.0
2021-01-14,30,71.0
2021-01-14,31,112.0
2021-01-14,32,154.0
2021-01-14,33,175.0
2021-01-14,34,197.0
2021-01-14,35,204.0
2021-01-14,36,185.0
2021-01-14,37,178.0
2021-01-14,38,170.0
2021-01-14,39,180.0
2021-01-14,40,157.0
2021-01-14,41,180.0
2021-01-14,42,180.0
2021-01-14,43,167.0
2021-01-14,44,173.0
2021-01-14,45,190.0
2021-01-14,46,187.0
2021-01-14,47,175.0
2021-01-14,48,123.0
2021-01-14,49,104.0
2021-01-14,50,108.0
2021-01-14,51,140.0
2021-01-14,52,175.0
2021-01-14,53,187.0
2021-01-14,54,192.0
2021-01-14,55,188.0
2021-01-14,56,185.0
2021-01-14,57,174.0
2021-01-14,58,172.0
2021-01-14,59,176.0
2021-01-14,60,148.0
2021-01-14,61,181.0
2021-01-14,62,190.0
2021-01-14,63,192.0
2021-01-14,64,180.0
2021-01-14,65,168.0
2021-01-14,66,169.0
2021-01-14,67,168.0
2021-01-14,68,130.0
2021-01-14,69,117.0
2021-01-14,70,159.0
2021-01-14,71,179.0
2021-01-14,72,182.0
2021-01-14,73,182.0
2021-01-14,74,169.0
2021-01-14,75,158.0
2021-01-14,76,164.0
2021-01-14,77,158.0
2021-01-14,78,157.0
2021-01-14,79,122.0
2021-01-14,80,109.0
2021-01-14,81,121.0
2021-01-14,82,121.0
2021-01-14,83,126.0
2021-01-14,84,120.0
2021-01-14,85,122.0
2021-01-14,86,125.0
2021-01-14,87,125.0
2021-01-14,88,100.0
2021-01-14,89,108.0
2021-01-14,90,109.0
2021-01-14,91,129.0
2021-01-14,92,118.0
2021-01-14,93,113.0
2021-01-14,94,106.0
2021-01-14,95,90.0
2021-01-15,0,83.0
2021-01-15,1,77.0
2021-01-15,2,72.0
2021-01-15,3,72.0
2021-01-15,4,100.0
2021-01-15,5,110.0
2021-01-15,6,115.0
2021-01-15,7,116.0
2021-01-15,8,114.0
2021-01-15,9,117.0
2021-01-15,10,121.0
2021-01-15,11,117.0
2021-01-15,12,104.0
2021-01-15,13,119.0
2021-01-15,14,117.0
2021-01-15,15,123.0
2021-01-15,16,122.0
2021-01-15,17,111.0
2021-01-15,18,100.0
2021-01-15,19,106.0
2021-01-15,20,94.0
2021-01-15,21,87.0
2021-01-15,22,96.0
2021-01-15,23,112.0
2021-01-15,24,121.0
2021-01-15,25,118.0
2021-01-15,26,117.0
2021-01-15,27,117.0
2021-01-15,28,116.0
2021-01-15,29,119.0
2021-01-15,30,144.0
2021-01-15,31,150.0
2021-01-15,32,176.0
2021-01-15,33,196.0
2021-01-15,34,198.0
2021-01-15,35,181.0
2021-01-15,36,184.0
2021-01-15,37,195.0
2021-01-15,38,176.0
2021-01-15,39,188.0
2021-01-15,40,138.0
2021-01-15,41,174.0
2021-01-15,42,181.0
2021-01-15,43,164.0
2021-01-15,44,162.0
2021-01-15,45,180.0
2021-01-15,46,167.0
2021-01-15,47,184.0
2021-01-15,48,128.0
2021-01-15,49,105.0
2021-01-15,50,92.0
2021-01-15,51,122.0
2021-01-15,52,168.0
2021-01-15,53,177.0
2021-01-15,54,170.0
2021-01-15,55,170.0
2021-01-15,56,182.0
2021-01-15,57,181.0
2021-01-15,58,173.0
2021-01-15,59,172.0
2021-01-15,60,137.0
2021-01-15,61,168.0
2021-01-15,62,171.0
2021-01-15,63,176.0
2021-01-15,64,166.0
2021-01-15,65,172.0
2021-01-15,66,181.0
2021-01-15,67,160.0
2021-01-15,68,118.0
2021-01-15,69,108.0
2021-01-15,70,149.0
2021-01-15,71,159.0
2021-01-15,72,161.0
2021-01-15,73,161.0
2021-01-15,74,153.0
2021-01-15,75,170.0
2021-01-15,76,162.0
2021-01-15,77,159.0
2021-01-15,78,154.0
2021-01-15,79,147.0
2021-01-15,80,133.0
2021-01-15,81,131.0
2021-01-15,82,127.0
2021-01-15,83,120.0
2021-01-15,84,124.0
2021-01-15,85,131.0
2021-01-15,86,129.0
2021-01-15,87,124.0
2021-01-15,88,108.0
2021-01-15,89,111.0
2021-01-15,90,116.0
2021-01-15,91,123.0
2021-01-15,92,116.0
2021-01-15,93,120.0
2021-01-15,94,110.0
2021-01-15,95,85.0
2021-01-16,0,63.0
2021-01-16,1,63.0
2021-01-16,2,64.0
2021-01-16,3,63.0
2021-01-16,4,96.0
2021-01-16,5,93.0
2021-01-16,6,116.0
2021-01-16,7,113.0
2021-01-16,8,106.0
2021-01-16,9,96.0
2021-01-16,10,106.0
2021-01-16,11,107.0
2021-01-16,12,106.0
2021-01-16,13,113.0
2021-01-16,14,114.0
2021-01-16,15,113.0
2021-01-16,16,108.0
2021-01-16,17,105.0
2021-01-16,18,106.0
2021-01-16,19,108.0
2021-01-16,20,89.0
2021-01-16,21,83.0
2021-01-16,22,99.0
2021-01-16,23,98.0
2021-01-16,24,114.0
2021-01-16,25,119.0
2021-01-16,26,121.0
2021-01-16,27,105.0
2021-01-16,28,92.0
2021-01-16,29,75.0
2021-01-16,30,48.0
2021-01-16,31,29.0
2021-01-16,32,170.0
2021-01-16,33,185.0
2021-01-16,34,180.0
2021-01-16,35,173.0
2021-01-16,36,22.0
2021-01-16,37,22.0
2021-01-16,38,22.0
2021-01-16,39,22.0
2021-01-16,40,22.0
2021-01-16,41,22.0
2021-01-16,42,22.0
2021-01-16,43,22.0
2021-01-16,44,22.0
2021-01-16,45,23.0
2021-01-16,46,28.0
2021-01-16,47,27.0
2021-01-16,48,22.0
2021-01-16,49,23.0
2021-01-16,50,22.0
2021-01-16,51,22.0
2021-01-16,52,22.0
2021-01-16,53,23.0
2021-01-16,54,22.0
2021-01-16,55,22.0
2021-01-16,56,167.0
2021-01-16,57,169.0
2021-01-16,58,172.0
2021-01-16,59,174.0
2021-01-16,60,138.0
2021-01-16,61,177.0
2021-01-16,62,180.0
2021-01-16,63,157.0
2021-01-16,64,23.0
2021-01-16,65,23.0
2021-01-16,66,22.0
2021-01-16,67,23.0
2021-01-16,68,22.0
2021-01-16,69,22.0
2021-01-16,70,22.0
2021-01-16,71,23.0
2021-01-16,72,177.0
2021-01-16,73,169.0
2021-01-16,74,163.0
2021-01-16,75,162.0
2021-01-16,76,152.0
2021-01-16,77,145.0
2021-01-16,78,142.0
2021-01-16,79,117.0
2021-01-16,80,22.0
2021-01-16,81,22.0
2021-01-16,82,22.0
2021-01-16,83,22.0
2021-01-16,84,23.0
2021-01-16,85,22.0
2021-01-16,86,22.0
2021-01-16,87,27.0
2021-01-16,88,26.0
2021-01-16,89,22.0
2021-01-16,90,22.0
2021-01-16,91,22.0
2021-01-16,92,107.0
2021-01-16,93,119.0
2021-01-16,94,111.0
2021-01-16,95,85.0
2021-01-17,0,72.0
2021-01-17,1,72.0
2021-01-17,2,72.0
2021-01-17,3,71.0
2021-01-17,4,96.0
2021-01-17,5,104.0
2021-01-17,6,108.0
2021-01-17,7,118.0
2021-01-17,8,115.0
2021-01-17,9,117.0
2021-01-17,10,107.0
2021-01-17,11,110.0
2021-01-17,12,112.0
2021-01-17,13,118.0
2021-01-17,14,120.0
2021-01-17,15,115.0
2021-01-17,16,111.0
2021-01-17,17,110.0
2021-01-17,18,114.0
2021-01-17,19,115.0
2021-01-17,20,98.0
2021-01-17,21,83.0
2021-01-17,22,96.0
2021-01-17,23,112.0
2021-01-17,24,118.0
2021-01-17,25,116.0
2021-01-17,26,126.0
2021-01-17,27,122.0
2021-01-17,28,120.0
2021-01-17,29,124.0
2021-01-17,30,162.0
2021-01-17,31,158.0
2021-01-17,32,178.0
2021-01-17,33,193.0
2021-01-17,34,197.0
2021-01-17,35,193.0
2021-01-17,36,188.0
2021-01-17,37,180.0
2021-01-17,38,173.0
2021-01-17,39,179.0
2021-01-17,40,142.0
2021-01-17,41,170.0
2021-01-17,42,177.0
2021-01-17,43,175.0
2021-01-17,44,188.0
2021-01-17,45,190.0
2021-01-17,46,177.0
2021-01-17,47,177.0
2021-01-17,48,116.0
2021-01-17,49,88.0
2021-01-17,50,85.0
2021-01-17,51,123.0
2021-01-17,52,169.0
2021-01-17,53,188.0
2021-01-17,54,192.0
2021-01-17,55,182.0
2021-01-17,56,171.0
2021-01-17,57,179.0
2021-01-17,58,176.0
2021-01-17,59,189.0
2021-01-17,60,147.0
2021-01-17,61,179.0
2021-01-17,62,179.0
2021-01-17,63,174.0
2021-01-17,64,166.0
2021-01-17,65,164.0
2021-01-17,66,170.0
2021-01-17,67,174.0
2021-01-17,68,132.0
2021-01-17,69,118.0
2021-01-17,70,144.0
2021-01-17,71,158.0
2021-01-17,72,171.0
2021-01-17,73,166.0
2021-01-17,74,177.0
2021-01-17,75,167.0
2021-01-17,76,160.0
2021-01-17,77,160.0
2021-01-17,78,169.0
2021-01-17,79,147.0
2021-01-17,80,133.0
2021-01-17,81,143.0
2021-01-17,82,143.0
2021-01-17,83,135.0
2021-01-17,84,125.0
2021-01-17,85,134.0
2021-01-17,86,125.0
2021-01-17,87,123.0
2021-01-17,88,119.0
2021-01-17,89,128.0
2021-01-17,90,126.0
2021-01-17,91,127.0
2021-01-17,92,125.0
2021-01-17,93,120.0
2021-01-17,94,105.0
2021-01-17,95,94.0
2021-01-18,0,90.0
2021-01-18,1,82.0
2021-01-18,2,75.0
2021-01-18,3,73.0
2021-01-18,4,98.0
2021-01-18,5,117.0
2021-01-18,6,117.0
2021-01-18,7,115.0
2021-01-18,8,117.0
2021-01-18,9,121.0
2021-01-18,10,117.0
2021-01-18,11,105.0
2021-01-18,12,101.0
2021-01-18,13,118.0
2021-01-18,14,126.0
2021-01-18,15,111.0
2021-01-18,16,104.0
2021-01-18,17,110.0
2021-01-18,18,117.0
2021-01-18,19,115.0
2021-01-18,20,96.0
2021-01-18,21,90.0
2021-01-18,22,100.0
2021-01-18,23,120.0
2021-01-18,24,123.0
2021-01-18,25,122.0
2021-01-18,26,123.0
2021-01-18,27,114.0
2021-01-18,28,112.0
2021-01-18,29,125.0
2021-01-18,30,138.0
2021-01-18,31,157.0
2021-01-18,32,166.0
2021-01-18,33,153.0
2021-01-18,34,150.0
2021-01-18,35,177.0
2021-01-18,36,168.0
2021-01-18,37,162.0
2021-01-18,38,166.0
2021-01-18,39,186.0
2021-01-18,40,156.0
2021-01-18,41,179.0
2021-01-18,42,168.0
2021-01-18,43,156.0
2021-01-18,44,165.0
2021-01-18,45,185.0
2021-01-18,46,182.0
2021-01-18,47,177.0
2021-01-18,48,104.0
2021-01-18,49,88.0
2021-01-18,50,90.0
2021-01-18,51,124.0
2021-01-18,52,170.0
2021-01-18,53,180.0
2021-01-18,54,176.0
2021-01-18,55,171.0
2021-01-18,56,170.0
2021-01-18,57,166.0
2021-01-18,58,153.0
2021-01-18,59,165.0
2021-01-18,60,130.0
2021-01-18,61,170.0
2021-01-18,62,168.0
2021-01-18,63,154.0
2021-01-18,64,156.0
2021-01-18,65,161.0
2021-01-18,66,174.0
2021-01-18,67,156.0
2021-01-18,68,140.0
2021-01-18,69,133.0
2021-01-18,70,153.0
2021-01-18,71,164.0
2021-01-18,72,154.0
2021-01-18,73,146.0
2021-01-18,74,150.0
2021-01-18,75,151.0
2021-01-18,76,139.0
2021-01-18,77,138.0
2021-01-18,78,142.0
2021-01-18,79,131.0
2021-01-18,80,119.0
2021-01-18,81,124.0
2021-01-18,82,114.0
2021-01-18,83,112.0
2021-01-18,84,108.0
2021-01-18,85,115.0
2021-01-18,86,110.0
2021-01-18,87,121.0
2021-01-18,88,117.0
2021-01-18,89,115.0
2021-01-18,90,116.0
2021-01-18,91,108.0
2021-01-18,92,116.0
2021-01-18,93,120.0
2021-01-18,94,109.0
2021-01-18,95,80.0
2021-01-19,0,22.0
2021-01-19,1,22.0
2021-01-19,2,26.0
2021-01-19,3,26.0
2021-01-19,4,21.0
2021-01-19,5,21.0
2021-01-19,6,21.0
2021-01-19,7,22.0
2021-01-19,8,21.0
2021-01-19,9,21.0
2021-01-19,10,21.0
2021-01-19,11,22.0
2021-01-19,12,22.0
2021-01-19,13,22.0
2021-01-19,14,22.0
2021-01-19,15,24.0
2021-01-19,16,26.0
2021-01-19,17,24.0
2021-01-19,18,22.0
2021-01-19,19,21.0
2021-01-19,20,21.0
2021-01-19,21,21.0
2021-01-19,22,21.0
2021-01-19,23,22.0
2021-01-19,24,22.0
2021-01-19,25,21.0
2021-01-19,26,21.0
2021-01-19,27,21.0
2021-01-19,28,21.0
2021-01-19,29,26.0
2021-01-19,30,26.0
2021-01-19,31,22.0
2021-01-19,32,21.0
2021-01-19,33,21.0
2021-01-19,34,21.0
2021-01-19,35,21.0
2021-01-19,36,21.0
2021-01-19,37,21.0
2021-01-19,38,21.0
2021-01-19,39,21.0
2021-01-19,40,21.0
2021-01-19,41,21.0
2021-01-19,42,22.0
2021-01-19,43,26.0
2021-01-19,44,25.0
2021-01-19,45,21.0
2021-01-19,46,21.0
2021-01-19,47,21.0
2021-01-19,48,21.0
2021-01-19,49,21.0
2021-01-19,50,21.0
2021-01-19,51,21.0
2021-01-19,52,21.0
2021-01-19,53,21.0
2021-01-19,54,21.0
2021-01-19,55,21.0
2021-01-19,56,24.0
2021-01-19,57,25.0
2021-01-19,58,21.0
2021-01-19,59,21.0
2021-01-19,60,21.0
2021-01-19,61,21.0
2021-01-19,62,21.0
2021-01-19,63,21.0
2021-01-19,64,21.0
2021-01-19,65,21.0
2021-01-19,66,21.0
2021-01-19,67,21.0
2021-01-19,68,24.0
2021-01-19,69,26.0
2021-01-19,70,22.0
2021-01-19,71,21.0
2021-01-19,72,21.0
2021-01-19,73,21.0
2021-01-19,74,21.0
2021-01-19,75,21.0
2021-01-19,76,21.0
2021-01-19,77,21.0
2021-01-19,78,21.0
2021-01-19,79,21.0
2021-01-19,80,22.0
2021-01-19,81,26.0
2021-01-19,82,24.0
2021-01-19,83,21.0
2021-01-19,84,21.0
2021-01-19,85,21.0
2021-01-19,86,21.0
2021-01-19,87,22.0
2021-01-19,88,21.0
2021-01-19,89,21.0
2021-01-19,90,21.0
2021-01-19,91,21.0
2021-01-19,92,21.0
2021-01-19,93,24.0
2021-01-19,94,26.0
2021-01-19,95,25.0
2021-01-20,0,22.0
2021-01-20,1,22.0
2021-01-20,2,26.0
2021-01-20,3,26.0
2021-01-20,4,21.0
2021-01-20,5,21.0
2021-01-20,6,21.0
2021-01-20,7,22.0
2021-01-20,8,21.0
2021-01-20,9,21.0
2021-01-20,10,21.0
2021-01-20,11,22.0
2021-01-20,12,22.0
2021-01-20,13,22.0
2021-01-20,14,22.0
2021-01-20,15,24.0
2021-01-20,16,26.0
2021-01-20,17,24.0
2021-01-20,18,22.0
2021-01-20,19,21.0
2021-01-20,20,21.0
2021-01-20,21,21.0
2021-01-20,22,21.0
2021-01-20,23,22.0
2021-01-20,24,22.0
2021-01-20,25,21.0
2021-01-20,26,21.0
2021-01-20,27,21.0
2021-01-20,28,21.0
2021-01-20,29,26.0
2021-01-20,30,26.0
2021-01-20,31,22.0
2021-01-20,32,21.0
2021-01-20,33,21.0
2021-01-20,34,21.0
2021-01-20,35,21.0
2021-01-20,36,21.0
2021-01-20,37,21.0
2021-01-20,38,21.0
2021-01-20,39,21.0
2021-01-20,40,21.0
2021-01-20,41,21.0
2021-01-20,42,22.0
2021-01-20,43,26.0
2021-01-20,44,25.0
2021-01-20,45,21.0
2021-01-20,46,21.0
2021-01-20,47,21.0
2021-01-20,48,21.0
2021-01-20,49,21.0
2021-01-20,50,21.0
2021-01-20,51,21.0
2021-01-20,52,21.0
2021-01-20,53,21.0
2021-01-20,54,21.0
2021-01-20,55,21.0
2021-01-20,56,24.0
2021-01-20,57,25.0
2021-01-20,58,21.0
2021-01-20,59,21.0
2021-01-20,60,21.0
2021-01-20,61,21.0
2021-01-20,62,21.0
2021-01-20,63,21.0
2021-01-20,64,21.0
2021-01-20,65,21.0
2021-01-20,66,21.0
2021-01-20,67,21.0
2021-01-20,68,24.0
2021-01-20,69,26.0
2021-01-20,70,22.0
2021-01-20,71,21.0
2021-01-20,72,21.0
2021-01-20,73,21.0
2021-01-20,74,21.0
2021-01-20,75,21.0
2021-01-20,76,21.0
2021-01-20,77,21.0
2021-01-20,78,21.0
2021-01-20,79,21.0
2021-01-20,80,22.0
2021-01-20,81,26.0
2021-01-20,82,24.0
2021-01-20,83,21.0
2021-01-20,84,21.0
2021-01-20,85,21.0
2021-01-20,86,21.0
2021-01-20,87,22.0
2021-01-20,88,21.0
2021-01-20,89,21.0
2021-01-20,90,21.0
2021-01-20,91,21.0
2021-01-20,92,21.0
2021-01-20,93,24.0
2021-01-20,94,26.0
2021-01-20,95,25.0
2021-01-21,0,23.0
2021-01-21,1,22.0
2021-01-21,2,23.0
2021-01-21,3,25.0
2021-01-21,4,28.0
2021-01-21,5,23.0
2021-01-21,6,22.0
2021-01-21,7,22.0
2021-01-21,8,23.0
2021-01-21,9,22.0
2021-01-21,10,22.0
2021-01-21,11,22.0
2021-01-21,12,23.0
2021-01-21,13,22.0
2021-01-21,14,23.0
2021-01-21,15,22.0
2021-01-21,16,24.0
2021-01-21,17,27.0
2021-01-21,18,24.0
2021-01-21,19,23.0
2021-01-21,20,23.0
2021-01-21,21,22.0
2021-01-21,22,22.0
2021-01-21,23,22.0
2021-01-21,24,22.0
2021-01-21,25,22.0
2021-01-21,26,22.0
2021-01-21,27,23.0
2021-01-21,28,29.0
2021-01-21,29,38.0
2021-01-21,30,62.0
2021-01-21,31,101.0
2021-01-21,32,148.0
2021-01-21,33,196.0
2021-01-21,34,208.0
2021-01-21,35,206.0
2021-01-21,36,192.0
2021-01-21,37,194.0
2021-01-21,38,184.0
2021-01-21,39,187.0
2021-01-21,40,164.0
2021-01-21,41,202.0
2021-01-21,42,196.0
2021-01-21,43,178.0
2021-01-21,44,174.0
2021-01-21,45,170.0
2021-01-21,46,191.0
2021-01-21,47,189.0
2021-01-21,48,132.0
2021-01-21,49,102.0
2021-01-21,50,98.0
2021-01-21,51,126.0
2021-01-21,52,178.0
2021-01-21,53,190.0
2021-01-21,54,191.0
2021-01-21,55,199.0
2021-01-21,56,178.0
2021-01-21,57,182.0
2021-01-21,58,201.0
2021-01-21,59,196.0
2021-01-21,60,151.0
2021-01-21,61,174.0
2021-01-21,62,184.0
2021-01-21,63,165.0
2021-01-21,64,164.0
2021-01-21,65,154.0
2021-01-21,66,160.0
2021-01-21,67,162.0
2021-01-21,68,117.0
2021-01-21,69,109.0
2021-01-21,70,148.0
2021-01-21,71,162.0
2021-01-21,72,155.0
2021-01-21,73,156.0
2021-01-21,74,157.0
2021-01-21,75,157.0
2021-01-21,76,145.0
2021-01-21,77,159.0
2021-01-21,78,150.0
2021-01-21,79,119.0
2021-01-21,80,115.0
2021-01-21,81,133.0
2021-01-21,82,134.0
2021-01-21,83,125.0
2021-01-21,84,121.0
2021-01-21,85,122.0
2021-01-21,86,133.0
2021-01-21,87,131.0
2021-01-21,88,100.0
2021-01-21,89,118.0
2021-01-21,90,117.0
2021-01-21,91,121.0
2021-01-21,92,124.0
2021-01-21,93,130.0
2021-01-21,94,113.0
2021-01-21,95,82.0
2021-01-22,0,69.0
2021-01-22,1,71.0
2021-01-22,2,74.0
2021-01-22,3,71.0
2021-01-22,4,93.0
2021-01-22,5,112.0
2021-01-22,6,109.0
2021-01-22,7,118.0
2021-01-22,8,118.0
2021-01-22,9,110.0
2021-01-22,10,103.0
2021-01-22,11,120.0
2021-01-22,12,96.0
2021-01-22,13,123.0
2021-01-22,14,117.0
2021-01-22,15,116.0
2021-01-22,16,113.0
2021-01-22,17,112.0
2021-01-22,18,121.0
2021-01-22,19,120.0
2021-01-22,20,86.0
2021-01-22,21,76.0
2021-01-22,22,100.0
2021-01-22,23,112.0
2021-01-22,24,117.0
2021-01-22,25,117.0
2021-01-22,26,114.0
2021-01-22,27,108.0
2021-01-22,28,105.0
2021-01-22,29,128.0
2021-01-22,30,162.0
2021-01-22,31,159.0
2021-01-22,32,165.0
2021-01-22,33,167.0
2021-01-22,34,174.0
2021-01-22,35,178.0
2021-01-22,36,170.0
2021-01-22,37,176.0
2021-01-22,38,160.0
2021-01-22,39,160.0
2021-01-22,40,140.0
2021-01-22,41,175.0
2021-01-22,42,189.0
2021-01-22,43,185.0
2021-01-22,44,169.0
2021-01-22,45,172.0
2021-01-22,46,180.0
2021-01-22,47,168.0
2021-01-22,48,116.0
2021-01-22,49,104.0
2021-01-22,50,101.0
2021-01-22,51,122.0
2021-01-22,52,156.0
2021-01-22,53,155.0
2021-01-22,54,168.0
2021-01-22,55,186.0
2021-01-22,56,172.0
2021-01-22,57,151.0
2021-01-22,58,140.0
2021-01-22,59,163.0
2021-01-22,60,125.0
2021-01-22,61,171.0
2021-01-22,62,168.0
2021-01-22,63,161.0
2021-01-22,64,148.0
2021-01-22,65,175.0
2021-01-22,66,162.0
2021-01-22,67,154.0
2021-01-22,68,104.0
2021-01-22,69,87.0
2021-01-22,70,129.0
2021-01-22,71,159.0
2021-01-22,72,164.0
2021-01-22,73,150.0
2021-01-22,74,147.0
2021-01-22,75,149.0
2021-01-22,76,153.0
2021-01-22,77,142.0
2021-01-22,78,174.0
2021-01-22,79,154.0
2021-01-22,80,133.0
2021-01-22,81,134.0
2021-01-22,82,129.0
2021-01-22,83,134.0
2021-01-22,84,123.0
2021-01-22,85,128.0
2021-01-22,86,128.0
2021-01-22,87,123.0
2021-01-22,88,98.0
2021-01-22,89,122.0
2021-01-22,90,118.0
2021-01-22,91,116.0
2021-01-22,92,131.0
2021-01-22,93,120.0
2021-01-22,94,114.0
2021-01-22,95,88.0
2021-01-23,0,70.0
2021-01-23,1,69.0
2021-01-23,2,69.0
2021-01-23,3,68.0
2021-01-23,4,97.0
2021-01-23,5,105.0
2021-01-23,6,102.0
2021-01-23,7,106.0
2021-01-23,8,119.0
2021-01-23,9,123.0
2021-01-23,10,123.0
2021-01-23,11,113.0
2021-01-23,12,92.0
2021-01-23,13,99.0
2021-01-23,14,108.0
2021-01-23,15,113.0
2021-01-23,16,116.0
2021-01-23,17,111.0
2021-01-23,18,109.0
2021-01-23,19,111.0
2021-01-23,20,86.0
2021-01-23,21,72.0
2021-01-23,22,98.0
2021-01-23,23,125.0
2021-01-23,24,125.0
2021-01-23,25,115.0
2021-01-23,26,108.0
2021-01-23,27,119.0
2021-01-23,28,120.0
2021-01-23,29,134.0
2021-01-23,30,158.0
2021-01-23,31,149.0
2021-01-23,32,151.0
2021-01-23,33,174.0
2021-01-23,34,165.0
2021-01-23,35,160.0
2021-01-23,36,162.0
2021-01-23,37,160.0
2021-01-23,38,161.0
2021-01-23,39,156.0
2021-01-23,40,127.0
2021-01-23,41,149.0
2021-01-23,42,156.0
2021-01-23,43,160.0
2021-01-23,44,166.0
2021-01-23,45,152.0
2021-01-23,46,152.0
2021-01-23,47,153.0
2021-01-23,48,97.0
2021-01-23,49,85.0
2021-01-23,50,86.0
2021-01-23,51,104.0
2021-01-23,52,153.0
2021-01-23,53,149.0
2021-01-23,54,150.0
2021-01-23,55,161.0
2021-01-23,56,149.0
2021-01-23,57,146.0
2021-01-23,58,156.0
2021-01-23,59,153.0
2021-01-23,60,132.0
2021-01-23,61,165.0
2021-01-23,62,161.0
2021-01-23,63,142.0
2021-01-23,64,142.0
2021-01-23,65,165.0
2021-01-23,66,168.0
2021-01-23,67,163.0
2021-01-23,68,102.0
2021-01-23,69,98.0
2021-01-23,70,142.0
2021-01-23,71,170.0
2021-01-23,72,166.0
2021-01-23,73,161.0
2021-01-23,74,161.0
2021-01-23,75,158.0
2021-01-23,76,146.0
2021-01-23,77,141.0
2021-01-23,78,143.0
2021-01-23,79,117.0
2021-01-23,80,126.0
2021-01-23,81,123.0
2021-01-23,82,125.0
2021-01-23,83,136.0
2021-01-23,84,126.0
2021-01-23,85,124.0
2021-01-23,86,127.0
2021-01-23,87,126.0
2021-01-23,88,91.0
2021-01-23,89,120.0
2021-01-23,90,123.0
2021-01-23,91,122.0
2021-01-23,92,103.0
2021-01-23,93,120.0
2021-01-23,94,116.0
2021-01-23,95,101.0
2021-01-24,0,73.0
2021-01-24,1,70.0
2021-01-24,2,69.0
2021-01-24,3,69.0
2021-01-24,4,98.0
2021-01-24,5,106.0
2021-01-24,6,119.0
2021-01-24,7,121.0
2021-01-24,8,126.0
2021-01-24,9,120.0
2021-01-24,10,113.0
2021-01-24,11,113.0
2021-01-24,12,106.0
2021-01-24,13,117.0
2021-01-24,14,121.0
2021-01-24,15,123.0
2021-01-24,16,118.0
2021-01-24,17,114.0
2021-01-24,18,121.0
2021-01-24,19,112.0
2021-01-24,20,99.0
2021-01-24,21,83.0
2021-01-24,22,106.0
2021-01-24,23,116.0
2021-01-24,24,124.0
2021-01-24,25,122.0
2021-01-24,26,112.0
2021-01-24,27,113.0
2021-01-24,28,120.0
2021-01-24,29,136.0
2021-01-24,30,169.0
2021-01-24,31,172.0
2021-01-24,32,171.0
2021-01-24,33,188.0
2021-01-24,34,185.0
2021-01-24,35,184.0
2021-01-24,36,154.0
2021-01-24,37,165.0
2021-01-24,38,172.0
2021-01-24,39,156.0
2021-01-24,40,123.0
2021-01-24,41,154.0
2021-01-24,42,168.0
2021-01-24,43,171.0
2021-01-24,44,163.0
2021-01-24,45,165.0
2021-01-24,46,170.0
2021-01-24,47,156.0
2021-01-24,48,113.0
2021-01-24,49,93.0
2021-01-24,50,99.0
2021-01-24,51,116.0
2021-01-24,52,147.0
2021-01-24,53,163.0
2021-01-24,54,182.0
2021-01-24,55,190.0
2021-01-24,56,175.0
2021-01-24,57,169.0
2021-01-24,58,151.0
2021-01-24,59,158.0
2021-01-24,60,114.0
2021-01-24,61,141.0
2021-01-24,62,166.0
2021-01-24,63,180.0
2021-01-24,64,163.0
2021-01-24,65,157.0
2021-01-24,66,165.0
2021-01-24,67,164.0
2021-01-24,68,123.0
2021-01-24,69,107.0
2021-01-24,70,145.0
2021-01-24,71,164.0
2021-01-24,72,152.0
2021-01-24,73,146.0
2021-01-24,74,142.0
2021-01-24,75,159.0
2021-01-24,76,160.0
2021-01-24,77,154.0
2021-01-24,78,168.0
2021-01-24,79,155.0
2021-01-24,80,128.0
2021-01-24,81,131.0
2021-01-24,82,141.0
2021-01-24,83,142.0
2021-01-24,84,140.0
2021-01-24,85,142.0
2021-01-24,86,122.0
2021-01-24,87,120.0
2021-01-24,88,104.0
2021-01-24,89,124.0
2021-01-24,90,122.0
2021-01-24,91,135.0
2021-01-24,92,129.0
2021-01-24,93,122.0
2021-01-24,94,119.0
2021-01-24,95,89.0
2021-01-25,0,74.0
2021-01-25,1,70.0
2021-01-25,2,70.0
2021-01-25,3,70.0
2021-01-25,4,104.0
2021-01-25,5,123.0
2021-01-25,6,128.0
2021-01-25,7,121.0
2021-01-25,8,125.0
2021-01-25,9,126.0
2021-01-25,10,102.0
2021-01-25,11,115.0
2021-01-25,12,98.0
2021-01-25,13,124.0
2021-01-25,14,127.0
2021-01-25,15,128.0
2021-01-25,16,116.0
2021-01-25,17,116.0
2021-01-25,18,122.0
2021-01-25,19,119.0
2021-01-25,20,105.0
2021-01-25,21,93.0
2021-01-25,22,112.0
2021-01-25,23,114.0
2021-01-25,24,108.0
2021-01-25,25,107.0
2021-01-25,26,120.0
2021-01-25,27,122.0
2021-01-25,28,122.0
2021-01-25,29,124.0
2021-01-25,30,152.0
2021-01-25,31,142.0
2021-01-25,32,135.0
2021-01-25,33,154.0
2021-01-25,34,166.0
2021-01-25,35,168.0
2021-01-25,36,162.0
2021-01-25,37,170.0
2021-01-25,38,178.0
2021-01-25,39,169.0
2021-01-25,40,151.0
2021-01-25,41,176.0
2021-01-25,42,178.0
2021-01-25,43,182.0
2021-01-25,44,184.0
2021-01-25,45,177.0
2021-01-25,46,177.0
2021-01-25,47,183.0
2021-01-25,48,136.0
2021-01-25,49,112.0
2021-01-25,50,105.0
2021-01-25,51,134.0
2021-01-25,52,185.0
2021-01-25,53,184.0
2021-01-25,54,174.0
2021-01-25,55,174.0
2021-01-25,56,184.0
2021-01-25,57,177.0
2021-01-25,58,169.0
2021-01-25,59,178.0
2021-01-25,60,152.0
2021-01-25,61,182.0
2021-01-25,62,186.0
2021-01-25,63,178.0
2021-01-25,64,165.0
2021-01-25,65,155.0
2021-01-25,66,169.0
2021-01-25,67,176.0
2021-01-25,68,126.0
2021-01-25,69,104.0
2021-01-25,70,154.0
2021-01-25,71,180.0
2021-01-25,72,164.0
2021-01-25,73,148.0
2021-01-25,74,130.0
2021-01-25,75,124.0
2021-01-25,76,127.0
2021-01-25,77,111.0
2021-01-25,78,107.0
2021-01-25,79,96.0
2021-01-25,80,100.0
2021-01-25,81,109.0
2021-01-25,82,111.0
2021-01-25,83,115.0
2021-01-25,84,121.0
2021-01-25,85,118.0
2021-01-25,86,118.0
2021-01-25,87,108.0
2021-01-25,88,108.0
2021-01-25,89,116.0
2021-01-25,90,136.0
2021-01-25,91,132.0
2021-01-25,92,122.0
2021-01-25,93,107.0
2021-01-25,94,94.0
2021-01-25,95,84.0
2021-01-26,0,22.0
2021-01-26,1,22.0
2021-01-26,2,26.0
2021-01-26,3,26.0
2021-01-26,4,21.0
2021-01-26,5,21.0
2021-01-26,6,21.0
2021-01-26,7,22.0
2021-01-26,8,21.0
2021-01-26,9,21.0
2021-01-26,10,21.0
2021-01-26,11,22.0
2021-01-26,12,22.0
2021-01-26,13,22.0
2021-01-26,14,22.0
2021-01-26,15,24.0
2021-01-26,16,26.0
2021-01-26,17,24.0
2021-01-26,18,22.0
2021-01-26,19,21.0
2021-01-26,20,21.0
2021-01-26,21,21.0
2021-01-26,22,21.0
2021-01-26,23,22.0
2021-01-26,24,22.0
2021-01-26,25,21.0
2021-01-26,26,21.0
2021-01-26,27,21.0
2021-01-26,28,21.0
2021-01-26,29,26.0
2021-01-26,30,26.0
2021-01-26,31,22.0
2021-01-26,32,21.0
2021-01-26,33,21.0
2021-01-26,34,21.0
2021-01-26,35,21.0
2021-01-26,36,21.0
2021-01-26,37,21.0
2021-01-26,38,21.0
2021-01-26,39,21.0
2021-01-26,40,21.0
2021-01-26,41,21.0
2021-01-26,42,22.0
2021-01-26,43,26.0
2021-01-26,44,25.0
2021-01-26,45,21.0
2021-01-26,46,21.0
2021-01-26,47,21.0
2021-01-26,48,21.0
2021-01-26,49,21.0
2021-01-26,50,21.0
2021-01-26,51,21.0
2021-01-26,52,21.0
2021-01-26,53,21.0
2021-01-26,54,21.0
2021-01-26,55,21.0
2021-01-26,56,24.0
2021-01-26,57,25.0
2021-01-26,58,21.0
2021-01-26,59,21.0
2021-01-26,60,21.0
2021-01-26,61,21.0
2021-01-26,62,21.0
2021-01-26,63,21.0
2021-01-26,64,21.0
2021-01-26,65,21.0
2021-01-26,66,21.0
2021-01-26,67,21.0
2021-01-26,68,24.0
2021-01-26,69,26.0
2021-01-26,70,22.0
2021-01-26,71,21.0
2021-01-26,72,21.0
2021-01-26,73,21.0
2021-01-26,74,21.0
2021-01-26,75,21.0
2021-01-26,76,21.0
2021-01-26,77,21.0
2021-01-26,78,21.0
2021-01-26,79,21.0
2021-01-26,80,22.0
2021-01-26,81,26.0
2021-01-26,82,24.0
2021-01-26,83,21.0
2021-01-26,84,21.0
2021-01-26,85,21.0
2021-01-26,86,21.0
2021-01-26,87,22.0
2021-01-26,88,21.0
2021-01-26,89,21.0
2021-01-26,90,21.0
2021-01-26,91,21.0
2021-01-26,92,21.0
2021-01-26,93,24.0
2021-01-26,94,26.0
2021-01-26,95,25.0
2021-01-27,0,22.0
2021-01-27,1,22.0
2021-01-27,2,26.0
2021-01-27,3,26.0
2021-01-27,4,21.0
2021-01-27,5,21.0
2021-01-27,6,21.0
2021-01-27,7,22.0
2021-01-27,8,21.0
2021-01-27,9,21.0
2021-01-27,10,21.0
2021-01-27,11,22.0
2021-01-27,12,22.0
2021-01-27,13,22.0
2021-01-27,14,22.0
2021-01-27,15,24.0
2021-01-27,16,26.0
2021-01-27,17,24.0
2021-01-27,18,22.0
2021-01-27,19,21.0
2021-01-27,20,21.0
2021-01-27,21,21.0
2021-01-27,22,21.0
2021-01-27,23,22.0
2021-01-27,24,22.0
2021-01-27,25,21.0
2021-01-27,26,21.0
2021-01-27,27,21.0
2021-01-27,28,21.0
2021-01-27,29,26.0
2021-01-27,30,26.0
2021-01-27,31,22.0
2021-01-27,32,21.0
2021-01-27,33,21.0
2021-01-27,34,21.0
2021-01-27,35,21.0
2021-01-27,36,21.0
2021-01-27,37,21.0
2021-01-27,38,21.0
2021-01-27,39,21.0
2021-01-27,40,21.0
2021-01-27,41,21.0
2021-01-27,42,22.0
2021-01-27,43,26.0
2021-01-27,44,25.0
2021-01-27,45,21.0
2021-01-27,46,21.0
2021-01-27,47,21.0
2021-01-27,48,21.0
2021-01-27,49,21.0
2021-01-27,50,21.0
2021-01-27,51,21.0
2021-01-27,52,21.0
2021-01-27,53,21.0
2021-01-27,54,21.0
2021-01-27,55,21.0
2021-01-27,56,24.0
2021-01-27,57,25.0
2021-01-27,58,21.0
2021-01-27,59,21.0
2021-01-27,60,21.0
2021-01-27,61,21.0
2021-01-27,62,21.0
2021-01-27,63,21.0
2021-01-27,64,21.0
2021-01-27,65,21.0
2021-01-27,66,21.0
2021-01-27,67,21.0
2021-01-27,68,24.0
2021-01-27,69,26.0
2021-01-27,70,22.0
2021-01-27,71,21.0
2021-01-27,72,21.0
2021-01-27,73,21.0
2021-01-27,74,21.0
2021-01-27,75,21.0
2021-01-27,76,21.0
2021-01-27,77,21.0
2021-01-27,78,21.0
2021-01-27,79,21.0
2021-01-27,80,22.0
2021-01-27,81,26.0
2021-01-27,82,24.0
2021-01-27,83,21.0
2021-01-27,84,21.0
2021-01-27,85,21.0
2021-01-27,86,21.0
2021-01-27,87,22.0
2021-01-27,88,21.0
2021-01-27,89,21.0
2021-01-27,90,21.0
2021-01-27,91,21.0
2021-01-27,92,21.0
2021-01-27,93,24.0
2021-01-27,94,26.0
2021-01-27,95,25.0
2021-01-28,0,24.0
2021-01-28,1,23.0
2021-01-28,2,24.0
2021-01-28,3,24.0
2021-01-28,4,23.0
2021-01-28,5,26.0
2021-01-28,6,28.0
2021-01-28,7,25.0
2021-01-28,8,23.0
2021-01-28,9,24.0
2021-01-28,10,24.0
2021-01-28,11,25.0
2021-01-28,12,23.0
2021-01-28,13,24.0
2021-01-28,14,24.0
2021-01-28,15,23.0
2021-01-28,16,24.0
2021-01-28,17,24.0
2021-01-28,18,26.0
2021-01-28,19,28.0
2021-01-28,20,24.0
2021-01-28,21,23.0
2021-01-28,22,24.0
2021-01-28,23,23.0
2021-01-28,24,23.0
2021-01-28,25,23.0
2021-01-28,26,23.0
2021-01-28,27,23.0
2021-01-28,28,28.0
2021-01-28,29,42.0
2021-01-28,30,66.0
2021-01-28,31,92.0
2021-01-28,32,144.0
2021-01-28,33,167.0
2021-01-28,34,190.0
2021-01-28,35,198.0
2021-01-28,36,185.0
2021-01-28,37,182.0
2021-01-28,38,174.0
2021-01-28,39,172.0
2021-01-28,40,135.0
2021-01-28,41,184.0
2021-01-28,42,182.0
2021-01-28,43,168.0
2021-01-28,44,176.0
2021-01-28,45,178.0
2021-01-28,46,193.0
2021-01-28,47,184.0
2021-01-28,48,131.0
2021-01-28,49,112.0
2021-01-28,50,107.0
2021-01-28,51,135.0
2021-01-28,52,169.0
2021-01-28,53,189.0
2021-01-28,54,191.0
2021-01-28,55,191.0
2021-01-28,56,183.0
2021-01-28,57,171.0
2021-01-28,58,178.0
2021-01-28,59,189.0
2021-01-28,60,155.0
2021-01-28,61,188.0
2021-01-28,62,194.0
2021-01-28,63,189.0
2021-01-28,64,172.0
2021-01-28,65,163.0
2021-01-28,66,164.0
2021-01-28,67,172.0
2021-01-28,68,132.0
2021-01-28,69,123.0
2021-01-28,70,166.0
2021-01-28,71,179.0
2021-01-28,72,183.0
2021-01-28,73,185.0
2021-01-28,74,168.0
2021-01-28,75,171.0
2021-01-28,76,158.0
2021-01-28,77,169.0
2021-01-28,78,163.0
2021-01-28,79,121.0
2021-01-28,80,110.0
2021-01-28,81,113.0
2021-01-28,82,111.0
2021-01-28,83,113.0
2021-01-28,84,115.0
2021-01-28,85,120.0
2021-01-28,86,123.0
2021-01-28,87,113.0
2021-01-28,88,102.0
2021-01-28,89,104.0
2021-01-28,90,111.0
2021-01-28,91,119.0
2021-01-28,92,126.0
2021-01-28,93,111.0
2021-01-28,94,111.0
2021-01-28,95,81.0
2021-01-29,0,67.0
2021-01-29,1,66.0
2021-01-29,2,66.0
2021-01-29,3,66.0
2021-01-29,4,94.0
2021-01-29,5,101.0
2021-01-29,6,112.0
2021-01-29,7,110.0
2021-01-29,8,124.0
2021-01-29,9,124.0
2021-01-29,10,107.0
2021-01-29,11,95.0
2021-01-29,12,90.0
2021-01-29,13,100.0
2021-01-29,14,109.0
2021-01-29,15,115.0
2021-01-29,16,112.0
2021-01-29,17,114.0
2021-01-29,18,114.0
2021-01-29,19,99.0
2021-01-29,20,76.0
2021-01-29,21,72.0
2021-01-29,22,102.0
2021-01-29,23,110.0
2021-01-29,24,119.0
2021-01-29,25,113.0
2021-01-29,26,108.0
2021-01-29,27,112.0
2021-01-29,28,113.0
2021-01-29,29,120.0
2021-01-29,30,154.0
2021-01-29,31,160.0
2021-01-29,32,190.0
2021-01-29,33,222.0
2021-01-29,34,207.0
2021-01-29,35,189.0
2021-01-29,36,183.0
2021-01-29,37,179.0
2021-01-29,38,179.0
2021-01-29,39,176.0
2021-01-29,40,139.0
2021-01-29,41,169.0
2021-01-29,42,175.0
2021-01-29,43,168.0
2021-01-29,44,182.0
2021-01-29,45,191.0
2021-01-29,46,200.0
2021-01-29,47,200.0
2021-01-29,48,134.0
2021-01-29,49,104.0
2021-01-29,50,100.0
2021-01-29,51,133.0
2021-01-29,52,179.0
2021-01-29,53,194.0
2021-01-29,54,186.0
2021-01-29,55,187.0
2021-01-29,56,168.0
2021-01-29,57,181.0
2021-01-29,58,183.0
2021-01-29,59,177.0
2021-01-29,60,139.0
2021-01-29,61,179.0
2021-01-29,62,170.0
2021-01-29,63,165.0
2021-01-29,64,167.0
2021-01-29,65,167.0
2021-01-29,66,157.0
2021-01-29,67,164.0
2021-01-29,68,122.0
2021-01-29,69,99.0
2021-01-29,70,136.0
2021-01-29,71,153.0
2021-01-29,72,160.0
2021-01-29,73,163.0
2021-01-29,74,164.0
2021-01-29,75,175.0
2021-01-29,76,177.0
2021-01-29,77,173.0
2021-01-29,78,154.0
2021-01-29,79,137.0
2021-01-29,80,132.0
2021-01-29,81,134.0
2021-01-29,82,137.0
2021-01-29,83,135.0
2021-01-29,84,125.0
2021-01-29,85,126.0
2021-01-29,86,125.0
2021-01-29,87,119.0
2021-01-29,88,105.0
2021-01-29,89,108.0
2021-01-29,90,121.0
2021-01-29,91,116.0
2021-01-29,92,110.0
2021-01-29,93,113.0
2021-01-29,94,109.0
2021-01-29,95,82.0
2021-01-30,0,69.0
2021-01-30,1,67.0
2021-01-30,2,67.0
2021-01-30,3,65.0
2021-01-30,4,90.0
2021-01-30,5,102.0
2021-01-30,6,112.0
2021-01-30,7,112.0
2021-01-30,8,118.0
2021-01-30,9,110.0
2021-01-30,10,108.0
2021-01-30,11,103.0
2021-01-30,12,101.0
2021-01-30,13,110.0
2021-01-30,14,120.0
2021-01-30,15,117.0
2021-01-30,16,116.0
2021-01-30,17,114.0
2021-01-30,18,103.0
2021-01-30,19,103.0
2021-01-30,20,93.0
2021-01-30,21,82.0
2021-01-30,22,103.0
2021-01-30,23,115.0
2021-01-30,24,113.0
2021-01-30,25,111.0
2021-01-30,26,115.0
2021-01-30,27,118.0
2021-01-30,28,116.0
2021-01-30,29,125.0
2021-01-30,30,142.0
2021-01-30,31,143.0
2021-01-30,32,164.0
2021-01-30,33,177.0
2021-01-30,34,185.0
2021-01-30,35,193.0
2021-01-30,36,184.0
2021-01-30,37,187.0
2021-01-30,38,173.0
2021-01-30,39,171.0
2021-01-30,40,142.0
2021-01-30,41,171.0
2021-01-30,42,169.0
2021-01-30,43,152.0
2021-01-30,44,146.0
2021-01-30,45,139.0
2021-01-30,46,141.0
2021-01-30,47,150.0
2021-01-30,48,119.0
2021-01-30,49,104.0
2021-01-30,50,99.0
2021-01-30,51,109.0
2021-01-30,52,145.0
2021-01-30,53,166.0
2021-01-30,54,171.0
2021-01-30,55,184.0
2021-01-30,56,177.0
2021-01-30,57,160.0
2021-01-30,58,161.0
2021-01-30,59,165.0
2021-01-30,60,133.0
2021-01-30,61,175.0
2021-01-30,62,178.0
2021-01-30,63,168.0
2021-01-30,64,163.0
2021-01-30,65,165.0
2021-01-30,66,152.0
2021-01-30,67,162.0
2021-01-30,68,133.0
2021-01-30,69,144.0
2021-01-30,70,181.0
2021-01-30,71,167.0
2021-01-30,72,153.0
2021-01-30,73,156.0
2021-01-30,74,164.0
2021-01-30,75,165.0
2021-01-30,76,162.0
2021-01-30,77,155.0
2021-01-30,78,141.0
2021-01-30,79,107.0
2021-01-30,80,100.0
2021-01-30,81,109.0
2021-01-30,82,115.0
2021-01-30,83,112.0
2021-01-30,84,113.0
2021-01-30,85,117.0
2021-01-30,86,113.0
2021-01-30,87,108.0
2021-01-30,88,88.0
2021-01-30,89,103.0
2021-01-30,90,114.0
2021-01-30,91,118.0
2021-01-30,92,120.0
2021-01-30,93,116.0
2021-01-30,94,103.0
2021-01-30,95,77.0
2021-01-31,0,22.0
2021-01-31,1,22.0
2021-01-31,2,26.0
2021-01-31,3,26.0
2021-01-31,4,21.0
2021-01-31,5,21.0
2021-01-31,6,21.0
2021-01-31,7,22.0
2021-01-31,8,21.0
2021-01-31,9,21.0
2021-01-31,10,21.0
2021-01-31,11,22.0
2021-01-31,12,22.0
2021-01-31,13,22.0
2021-01-31,14,22.0
2021-01-31,15,24.0
2021-01-31,16,26.0
2021-01-31,17,24.0
2021-01-31,18,22.0
2021-01-31,19,21.0
2021-01-31,20,21.0
2021-01-31,21,21.0
2021-01-31,22,21.0
2021-01-31,23,22.0
2021-01-31,24,22.0
2021-01-31,25,21.0
2021-01-31,26,21.0
2021-01-31,27,21.0
2021-01-31,28,21.0
2021-01-31,29,26.0
2021-01-31,30,26.0
2021-01-31,31,22.0
2021-01-31,32,21.0
2021-01-31,33,21.0
2021-01-31,34,21.0
2021-01-31,35,21.0
2021-01-31,36,21.0
2021-01-31,37,21.0
2021-01-31,38,21.0
2021-01-31,39,21.0
2021-01-31,40,21.0
2021-01-31,41,21.0
2021-01-31,42,22.0
2021-01-31,43,26.0
2021-01-31,44,25.0
2021-01-31,45,21.0
2021-01-31,46,21.0
2021-01-31,47,21.0
2021-01-31,48,21.0
2021-01-31,49,21.0
2021-01-31,50,21.0
2021-01-31,51,21.0
2021-01-31,52,21.0
2021-01-31,53,21.0
2021-01-31,54,21.0
2021-01-31,55,21.0
2021-01-31,56,24.0
2021-01-31,57,25.0
2021-01-31,58,21.0
2021-01-31,59,21.0
2021-01-31,60,21.0
2021-01-31,61,21.0
2021-01-31,62,21.0
2021-01-31,63,21.0
2021-01-31,64,21.0
2021-01-31,65,21.0
2021-01-31,66,21.0
2021-01-31,67,21.0
2021-01-31,68,24.0
2021-01-31,69,26.0
2021-01-31,70,22.0
2021-01-31,71,21.0
2021-01-31,72,21.0
2021-01-31,73,21.0
2021-01-31,74,21.0
2021-01-31,75,21.0
2021-01-31,76,21.0
2021-01-31,77,21.0
2021-01-31,78,21.0
2021-01-31,79,21.0
2021-01-31,80,22.0
2021-01-31,81,26.0
2021-01-31,82,24.0
2021-01-31,83,21.0
2021-01-31,84,21.0
2021-01-31,85,21.0
2021-01-31,86,21.0
2021-01-31,87,22.0
2021-01-31,88,21.0
2021-01-31,89,21.0
2021-01-31,90,21.0
2021-01-31,91,21.0
2021-01-31,92,21.0
2021-01-31,93,24.0
2021-01-31,94,26.0
2021-01-31,95,25.0
2021-02-01,0,62.0
2021-02-01,1,61.0
2021-02-01,2,61.0
2021-02-01,3,61.0
2021-02-01,4,89.0
2021-02-01,5,94.0
2021-02-01,6,106.0
2021-02-01,7,105.0
2021-02-01,8,102.0
2021-02-01,9,99.0
2021-02-01,10,107.0
2021-02-01,11,106.0
2021-02-01,12,98.0
2021-02-01,13,104.0
2021-02-01,14,101.0
2021-02-01,15,107.0
2021-02-01,16,107.0
2021-02-01,17,106.0
2021-02-01,18,106.0
2021-02-01,19,100.0
2021-02-01,20,84.0
2021-02-01,21,78.0
2021-02-01,22,93.0
2021-02-01,23,103.0
2021-02-01,24,116.0
2021-02-01,25,106.0
2021-02-01,26,106.0
2021-02-01,27,106.0
2021-02-01,28,101.0
2021-02-01,29,109.0
2021-02-01,30,139.0
2021-02-01,31,139.0
2021-02-01,32,165.0
2021-02-01,33,178.0
2021-02-01,34,179.0
2021-02-01,35,195.0
2021-02-01,36,175.0
2021-02-01,37,167.0
2021-02-01,38,168.0
2021-02-01,39,182.0
2021-02-01,40,134.0
2021-02-01,41,183.0
2021-02-01,42,178.0
2021-02-01,43,187.0
2021-02-01,44,184.0
2021-02-01,45,180.0
2021-02-01,46,177.0
2021-02-01,47,156.0
2021-02-01,48,93.0
2021-02-01,49,80.0
2021-02-01,50,80.0
2021-02-01,51,121.0
2021-02-01,52,163.0
2021-02-01,53,175.0
2021-02-01,54,177.0
2021-02-01,55,163.0
2021-02-01,56,167.0
2021-02-01,57,167.0
2021-02-01,58,163.0
2021-02-01,59,161.0
2021-02-01,60,130.0
2021-02-01,61,156.0
2021-02-01,62,159.0
2021-02-01,63,162.0
2021-02-01,64,167.0
2021-02-01,65,151.0
2021-02-01,66,161.0
2021-02-01,67,169.0
2021-02-01,68,107.0
2021-02-01,69,95.0
2021-02-01,70,137.0
2021-02-01,71,155.0
2021-02-01,72,161.0
2021-02-01,73,139.0
2021-02-01,74,143.0
2021-02-01,75,143.0
2021-02-01,76,140.0
2021-02-01,77,141.0
2021-02-01,78,158.0
2021-02-01,79,135.0
2021-02-01,80,124.0
2021-02-01,81,123.0
2021-02-01,82,116.0
2021-02-01,83,120.0
2021-02-01,84,128.0
2021-02-01,85,124.0
2021-02-01,86,117.0
2021-02-01,87,115.0
2021-02-01,88,97.0
2021-02-01,89,113.0
2021-02-01,90,101.0
2021-02-01,91,112.0
2021-02-01,92,110.0
2021-02-01,93,106.0
2021-02-01,94,107.0
2021-02-01,95,71.0
2021-02-02,0,63.0
2021-02-02,1,62.0
2021-02-02,2,62.0
2021-02-02,3,62.0
2021-02-02,4,90.0
2021-02-02,5,101.0
2021-02-02,6,106.0
2021-02-02,7,111.0
2021-02-02,8,107.0
2021-02-02,9,105.0
2021-02-02,10,113.0
2021-02-02,11,110.0
2021-02-02,12,89.0
2021-02-02,13,108.0
2021-02-02,14,110.0
2021-02-02,15,107.0
2021-02-02,16,107.0
2021-02-02,17,100.0
2021-02-02,18,99.0
2021-02-02,19,93.0
2021-02-02,20,70.0
2021-02-02,21,67.0
2021-02-02,22,95.0
2021-02-02,23,106.0
2021-02-02,24,116.0
2021-02-02,25,99.0
2021-02-02,26,96.0
2021-02-02,27,99.0
2021-02-02,28,109.0
2021-02-02,29,119.0
2021-02-02,30,149.0
2021-02-02,31,151.0
2021-02-02,32,167.0
2021-02-02,33,173.0
2021-02-02,34,172.0
2021-02-02,35,177.0
2021-02-02,36,169.0
2021-02-02,37,180.0
2021-02-02,38,179.0
2021-02-02,39,178.0
2021-02-02,40,133.0
2021-02-02,41,177.0
2021-02-02,42,191.0
2021-02-02,43,190.0
2021-02-02,44,185.0
2021-02-02,45,163.0
2021-02-02,46,162.0
2021-02-02,47,160.0
2021-02-02,48,103.0
2021-02-02,49,86.0
2021-02-02,50,91.0
2021-02-02,51,131.0
2021-02-02,52,177.0
2021-02-02,53,189.0
2021-02-02,54,179.0
2021-02-02,55,182.0
2021-02-02,56,175.0
2021-02-02,57,174.0
2021-02-02,58,180.0
2021-02-02,59,179.0
2021-02-02,60,152.0
2021-02-02,61,166.0
2021-02-02,62,157.0
2021-02-02,63,147.0
2021-02-02,64,159.0
2021-02-02,65,172.0
2021-02-02,66,171.0
2021-02-02,67,166.0
2021-02-02,68,130.0
2021-02-02,69,114.0
2021-02-02,70,143.0
2021-02-02,71,158.0
2021-02-02,72,154.0
2021-02-02,73,153.0
2021-02-02,74,154.0
2021-02-02,75,145.0
2021-02-02,76,142.0
2021-02-02,77,135.0
2021-02-02,78,122.0
2021-02-02,79,111.0
2021-02-02,80,104.0
2021-02-02,81,118.0
2021-02-02,82,114.0
2021-02-02,83,114.0
2021-02-02,84,108.0
2021-02-02,85,110.0
2021-02-02,86,114.0
2021-02-02,87,113.0
2021-02-02,88,92.0
2021-02-02,89,106.0
2021-02-02,90,100.0
2021-02-02,91,104.0
2021-02-02,92,109.0
2021-02-02,93,108.0
2021-02-02,94,95.0
2021-02-02,95,72.0
2021-02-03,0,69.0
2021-02-03,1,65.0
2021-02-03,2,64.0
2021-02-03,3,66.0
2021-02-03,4,90.0
2021-02-03,5,104.0
2021-02-03,6,115.0
2021-02-03,7,111.0
2021-02-03,8,113.0
2021-02-03,9,113.0
2021-02-03,10,115.0
2021-02-03,11,109.0
2021-02-03,12,99.0
2021-02-03,13,105.0
2021-02-03,14,107.0
2021-02-03,15,110.0
2021-02-03,16,109.0
2021-02-03,17,108.0
2021-02-03,18,102.0
2021-02-03,19,104.0
2021-02-03,20,82.0
2021-02-03,21,77.0
2021-02-03,22,99.0
2021-02-03,23,107.0
2021-02-03,24,118.0
2021-02-03,25,113.0
2021-02-03,26,109.0
2021-02-03,27,108.0
2021-02-03,28,106.0
2021-02-03,29,119.0
2021-02-03,30,140.0
2021-02-03,31,149.0
2021-02-03,32,159.0
2021-02-03,33,181.0
2021-02-03,34,174.0
2021-02-03,35,167.0
2021-02-03,36,170.0
2021-02-03,37,169.0
2021-02-03,38,171.0
2021-02-03,39,169.0
2021-02-03,40,132.0
2021-02-03,41,156.0
2021-02-03,42,164.0
2021-02-03,43,170.0
2021-02-03,44,172.0
2021-02-03,45,153.0
2021-02-03,46,163.0
2021-02-03,47,160.0
2021-02-03,48,106.0
2021-02-03,49,89.0
2021-02-03,50,90.0
2021-02-03,51,121.0
2021-02-03,52,152.0
2021-02-03,53,156.0
2021-02-03,54,165.0
2021-02-03,55,159.0
2021-02-03,56,158.0
2021-02-03,57,156.0
2021-02-03,58,158.0
2021-02-03,59,163.0
2021-02-03,60,135.0
2021-02-03,61,153.0
2021-02-03,62,156.0
2021-02-03,63,161.0
2021-02-03,64,156.0
2021-02-03,65,162.0
2021-02-03,66,163.0
2021-02-03,67,159.0
2021-02-03,68,128.0
2021-02-03,69,113.0
2021-02-03,70,137.0
2021-02-03,71,151.0
2021-02-03,72,150.0
2021-02-03,73,145.0
2021-02-03,74,123.0
2021-02-03,75,110.0
2021-02-03,76,112.0
2021-02-03,77,119.0
2021-02-03,78,117.0
2021-02-03,79,111.0
2021-02-03,80,108.0
2021-02-03,81,125.0
2021-02-03,82,130.0
2021-02-03,83,126.0
2021-02-03,84,132.0
2021-02-03,85,123.0
2021-02-03,86,120.0
2021-02-03,87,116.0
2021-02-03,88,106.0
2021-02-03,89,111.0
2021-02-03,90,116.0
2021-02-03,91,118.0
2021-02-03,92,114.0
2021-02-03,93,114.0
2021-02-03,94,109.0
2021-02-03,95,81.0
2021-02-04,0,72.0
2021-02-04,1,67.0
2021-02-04,2,66.0
2021-02-04,3,66.0
2021-02-04,4,96.0
2021-02-04,5,108.0
2021-02-04,6,119.0
2021-02-04,7,109.0
2021-02-04,8,106.0
2021-02-04,9,106.0
2021-02-04,10,111.0
2021-02-04,11,116.0
2021-02-04,12,104.0
2021-02-04,13,105.0
2021-02-04,14,104.0
2021-02-04,15,113.0
2021-02-04,16,115.0
2021-02-04,17,109.0
2021-02-04,18,108.0
2021-02-04,19,103.0
2021-02-04,20,85.0
2021-02-04,21,78.0
2021-02-04,22,91.0
2021-02-04,23,107.0
2021-02-04,24,118.0
2021-02-04,25,112.0
2021-02-04,26,105.0
2021-02-04,27,100.0
2021-02-04,28,110.0
2021-02-04,29,125.0
2021-02-04,30,142.0
2021-02-04,31,136.0
2021-02-04,32,154.0
2021-02-04,33,153.0
2021-02-04,34,159.0
2021-02-04,35,159.0
2021-02-04,36,158.0
2021-02-04,37,158.0
2021-02-04,38,159.0
2021-02-04,39,166.0
2021-02-04,40,127.0
2021-02-04,41,158.0
2021-02-04,42,173.0
2021-02-04,43,168.0
2021-02-04,44,141.0
2021-02-04,45,150.0
2021-02-04,46,155.0
2021-02-04,47,149.0
2021-02-04,48,81.0
2021-02-04,49,64.0
2021-02-04,50,94.0
2021-02-04,51,118.0
2021-02-04,52,158.0
2021-02-04,53,158.0
2021-02-04,54,154.0
2021-02-04,55,151.0
2021-02-04,56,143.0
2021-02-04,57,154.0
2021-02-04,58,151.0
2021-02-04,59,160.0
2021-02-04,60,125.0
2021-02-04,61,142.0
2021-02-04,62,144.0
2021-02-04,63,149.0
2021-02-04,64,140.0
2021-02-04,65,141.0
2021-02-04,66,145.0
2021-02-04,67,140.0
2021-02-04,68,105.0
2021-02-04,69,103.0
2021-02-04,70,138.0
2021-02-04,71,143.0
2021-02-04,72,139.0
2021-02-04,73,138.0
2021-02-04,74,135.0
2021-02-04,75,145.0
2021-02-04,76,135.0
2021-02-04,77,119.0
2021-02-04,78,103.0
2021-02-04,79,94.0
2021-02-04,80,91.0
2021-02-04,81,96.0
2021-02-04,82,105.0
2021-02-04,83,111.0
2021-02-04,84,110.0
2021-02-04,85,105.0
2021-02-04,86,109.0
2021-02-04,87,109.0
2021-02-04,88,96.0
2021-02-04,89,111.0
2021-02-04,90,111.0
2021-02-04,91,109.0
2021-02-04,92,109.0
2021-02-04,93,112.0
2021-02-04,94,102.0
2021-02-04,95,65.0
2021-02-05,0,63.0
2021-02-05,1,63.0
2021-02-05,2,64.0
2021-02-05,3,63.0
2021-02-05,4,96.0
2021-02-05,5,93.0
2021-02-05,6,116.0
2021-02-05,7,113.0
2021-02-05,8,106.0
2021-02-05,9,96.0
2021-02-05,10,106.0
2021-02-05,11,107.0
2021-02-05,12,92.0
2021-02-05,13,110.0
2021-02-05,14,110.0
2021-02-05,15,109.0
2021-02-05,16,108.0
2021-02-05,17,105.0
2021-02-05,18,106.0
2021-02-05,19,108.0
2021-02-05,20,89.0
2021-02-05,21,83.0
2021-02-05,22,99.0
2021-02-05,23,98.0
2021-02-05,24,102.0
2021-02-05,25,111.0
2021-02-05,26,110.0
2021-02-05,27,103.0
2021-02-05,28,92.0
2021-02-05,29,75.0
2021-02-05,30,48.0
2021-02-05,31,29.0
2021-02-05,32,27.0
2021-02-05,33,25.0
2021-02-05,34,22.0
2021-02-05,35,22.0
2021-02-05,36,22.0
2021-02-05,37,22.0
2021-02-05,38,22.0
2021-02-05,39,22.0
2021-02-05,40,22.0
2021-02-05,41,22.0
2021-02-05,42,22.0
2021-02-05,43,22.0
2021-02-05,44,22.0
2021-02-05,45,23.0
2021-02-05,46,28.0
2021-02-05,47,27.0
2021-02-05,48,22.0
2021-02-05,49,23.0
2021-02-05,50,22.0
2021-02-05,51,22.0
2021-02-05,52,22.0
2021-02-05,53,23.0
2021-02-05,54,22.0
2021-02-05,55,22.0
2021-02-05,56,22.0
2021-02-05,57,23.0
2021-02-05,58,22.0
2021-02-05,59,23.0
2021-02-05,60,28.0
2021-02-05,61,26.0
2021-02-05,62,23.0
2021-02-05,63,22.0
2021-02-05,64,23.0
2021-02-05,65,23.0
2021-02-05,66,22.0
2021-02-05,67,23.0
2021-02-05,68,22.0
2021-02-05,69,22.0
2021-02-05,70,22.0
2021-02-05,71,23.0
2021-02-05,72,22.0
2021-02-05,73,23.0
2021-02-05,74,27.0
2021-02-05,75,27.0
2021-02-05,76,22.0
2021-02-05,77,22.0
2021-02-05,78,22.0
2021-02-05,79,22.0
2021-02-05,80,22.0
2021-02-05,81,22.0
2021-02-05,82,22.0
2021-02-05,83,22.0
2021-02-05,84,23.0
2021-02-05,85,22.0
2021-02-05,86,22.0
2021-02-05,87,27.0
2021-02-05,88,26.0
2021-02-05,89,22.0
2021-02-05,90,22.0
2021-02-05,91,22.0
2021-02-05,92,22.0
2021-02-05,93,22.0
2021-02-05,94,22.0
2021-02-05,95,22.0
2021-02-06,0,71.0
2021-02-06,1,64.0
2021-02-06,2,65.0
2021-02-06,3,65.0
2021-02-06,4,97.0
2021-02-06,5,106.0
2021-02-06,6,111.0
2021-02-06,7,110.0
2021-02-06,8,107.0
2021-02-06,9,100.0
2021-02-06,10,98.0
2021-02-06,11,111.0
2021-02-06,12,95.0
2021-02-06,13,112.0
2021-02-06,14,112.0
2021-02-06,15,107.0
2021-02-06,16,105.0
2021-02-06,17,108.0
2021-02-06,18,113.0
2021-02-06,19,109.0
2021-02-06,20,80.0
2021-02-06,21,73.0
2021-02-06,22,97.0
2021-02-06,23,110.0
2021-02-06,24,104.0
2021-02-06,25,96.0
2021-02-06,26,106.0
2021-02-06,27,103.0
2021-02-06,28,92.0
2021-02-06,29,90.0
2021-02-06,30,68.0
2021-02-06,31,32.0
2021-02-06,32,22.0
2021-02-06,33,22.0
2021-02-06,34,24.0
2021-02-06,35,23.0
2021-02-06,36,24.0
2021-02-06,37,24.0
2021-02-06,38,24.0
2021-02-06,39,28.0
2021-02-06,40,29.0
2021-02-06,41,25.0
2021-02-06,42,25.0
2021-02-06,43,25.0
2021-02-06,44,24.0
2021-02-06,45,25.0
2021-02-06,46,29.0
2021-02-06,47,27.0
2021-02-06,48,25.0
2021-02-06,49,25.0
2021-02-06,50,24.0
2021-02-06,51,24.0
2021-02-06,52,27.0
2021-02-06,53,22.0
2021-02-06,54,22.0
2021-02-06,55,21.0
2021-02-06,56,22.0
2021-02-06,57,23.0
2021-02-06,58,22.0
2021-02-06,59,22.0
2021-02-06,60,22.0
2021-02-06,61,23.0
2021-02-06,62,23.0
2021-02-06,63,22.0
2021-02-06,64,26.0
2021-02-06,65,27.0
2021-02-06,66,23.0
2021-02-06,67,23.0
2021-02-06,68,23.0
2021-02-06,69,22.0
2021-02-06,70,22.0
2021-02-06,71,23.0
2021-02-06,72,22.0
2021-02-06,73,22.0
2021-02-06,74,22.0
2021-02-06,75,22.0
2021-02-06,76,23.0
2021-02-06,77,22.0
2021-02-06,78,26.0
2021-02-06,79,27.0
2021-02-06,80,23.0
2021-02-06,81,22.0
2021-02-06,82,22.0
2021-02-06,83,23.0
2021-02-06,84,23.0
2021-02-06,85,23.0
2021-02-06,86,22.0
2021-02-06,87,23.0
2021-02-06,88,23.0
2021-02-06,89,23.0
2021-02-06,90,22.0
2021-02-06,91,22.0
2021-02-06,92,26.0
2021-02-06,93,27.0
2021-02-06,94,22.0
2021-02-06,95,22.0
2021-02-07,0,23.0
2021-02-07,1,22.0
2021-02-07,2,23.0
2021-02-07,3,22.0
2021-02-07,4,22.0
2021-02-07,5,22.0
2021-02-07,6,22.0
2021-02-07,7,21.0
2021-02-07,8,22.0
2021-02-07,9,24.0
2021-02-07,10,27.0
2021-02-07,11,25.0
2021-02-07,12,22.0
2021-02-07,13,22.0
2021-02-07,14,22.0
2021-02-07,15,22.0
2021-02-07,16,22.0
2021-02-07,17,22.0
2021-02-07,18,23.0
2021-02-07,19,23.0
2021-02-07,20,22.0
2021-02-07,21,22.0
2021-02-07,22,22.0
2021-02-07,23,23.0
2021-02-07,24,25.0
2021-02-07,25,26.0
2021-02-07,26,22.0
2021-02-07,27,22.0
2021-02-07,28,22.0
2021-02-07,29,22.0
2021-02-07,30,22.0
2021-02-07,31,21.0
2021-02-07,32,21.0
2021-02-07,33,22.0
2021-02-07,34,21.0
2021-02-07,35,22.0
2021-02-07,36,22.0
2021-02-07,37,24.0
2021-02-07,38,26.0
2021-02-07,39,24.0
2021-02-07,40,22.0
2021-02-07,41,22.0
2021-02-07,42,22.0
2021-02-07,43,23.0
2021-02-07,44,22.0
2021-02-07,45,22.0
2021-02-07,46,22.0
2021-02-07,47,22.0
2021-02-07,48,23.0
2021-02-07,49,23.0
2021-02-07,50,23.0
2021-02-07,51,27.0
2021-02-07,52,25.0
2021-02-07,53,22.0
2021-02-07,54,23.0
2021-02-07,55,22.0
2021-02-07,56,22.0
2021-02-07,57,22.0
2021-02-07,58,23.0
2021-02-07,59,22.0
2021-02-07,60,22.0
2021-02-07,61,22.0
2021-02-07,62,23.0
2021-02-07,63,22.0
2021-02-07,64,27.0
2021-02-07,65,27.0
2021-02-07,66,23.0
2021-02-07,67,23.0
2021-02-07,68,22.0
2021-02-07,69,22.0
2021-02-07,70,22.0
2021-02-07,71,22.0
2021-02-07,72,22.0
2021-02-07,73,22.0
2021-02-07,74,22.0
2021-02-07,75,22.0
2021-02-07,76,22.0
2021-02-07,77,23.0
2021-02-07,78,26.0
2021-02-07,79,24.0
2021-02-07,80,22.0
2021-02-07,81,22.0
2021-02-07,82,22.0
2021-02-07,83,22.0
2021-02-07,84,23.0
2021-02-07,85,22.0
2021-02-07,86,23.0
2021-02-07,87,22.0
2021-02-07,88,22.0
2021-02-07,89,22.0
2021-02-07,90,22.0
2021-02-07,91,25.0
2021-02-07,92,26.0
2021-02-07,93,23.0
2021-02-07,94,22.0
2021-02-07,95,23.0
2021-02-08,0,64.0
2021-02-08,1,63.0
2021-02-08,2,63.0
2021-02-08,3,62.0
2021-02-08,4,87.0
2021-02-08,5,94.0
2021-02-08,6,105.0
2021-02-08,7,110.0
2021-02-08,8,104.0
2021-02-08,9,98.0
2021-02-08,10,98.0
2021-02-08,11,111.0
2021-02-08,12,90.0
2021-02-08,13,105.0
2021-02-08,14,99.0
2021-02-08,15,104.0
2021-02-08,16,105.0
2021-02-08,17,105.0
2021-02-08,18,100.0
2021-02-08,19,110.0
2021-02-08,20,82.0
2021-02-08,21,72.0
2021-02-08,22,94.0
2021-02-08,23,101.0
2021-02-08,24,109.0
2021-02-08,25,104.0
2021-02-08,26,96.0
2021-02-08,27,81.0
2021-02-08,28,72.0
2021-02-08,29,77.0
2021-02-08,30,107.0
2021-02-08,31,117.0
2021-02-08,32,141.0
2021-02-08,33,154.0
2021-02-08,34,161.0
2021-02-08,35,160.0
2021-02-08,36,165.0
2021-02-08,37,160.0
2021-02-08,38,160.0
2021-02-08,39,156.0
2021-02-08,40,127.0
2021-02-08,41,153.0
2021-02-08,42,138.0
2021-02-08,43,150.0
2021-02-08,44,159.0
2021-02-08,45,160.0
2021-02-08,46,167.0
2021-02-08,47,171.0
2021-02-08,48,106.0
2021-02-08,49,87.0
2021-02-08,50,94.0
2021-02-08,51,124.0
2021-02-08,52,157.0
2021-02-08,53,174.0
2021-02-08,54,168.0
2021-02-08,55,160.0
2021-02-08,56,156.0
2021-02-08,57,164.0
2021-02-08,58,167.0
2021-02-08,59,176.0
2021-02-08,60,139.0
2021-02-08,61,173.0
2021-02-08,62,153.0
2021-02-08,63,180.0
2021-02-08,64,150.0
2021-02-08,65,166.0
2021-02-08,66,164.0
2021-02-08,67,152.0
2021-02-08,68,127.0
2021-02-08,69,110.0
2021-02-08,70,147.0
2021-02-08,71,161.0
2021-02-08,72,150.0
2021-02-08,73,156.0
2021-02-08,74,152.0
2021-02-08,75,157.0
2021-02-08,76,155.0
2021-02-08,77,144.0
2021-02-08,78,140.0
2021-02-08,79,128.0
2021-02-08,80,134.0
2021-02-08,81,132.0
2021-02-08,82,117.0
2021-02-08,83,132.0
2021-02-08,84,132.0
2021-02-08,85,123.0
2021-02-08,86,116.0
2021-02-08,87,114.0
2021-02-08,88,91.0
2021-02-08,89,109.0
2021-02-08,90,115.0
2021-02-08,91,113.0
2021-02-08,92,105.0
2021-02-08,93,114.0
2021-02-08,94,104.0
2021-02-08,95,82.0
2021-02-09,0,72.0
2021-02-09,1,69.0
2021-02-09,2,65.0
2021-02-09,3,65.0
2021-02-09,4,92.0
2021-02-09,5,97.0
2021-02-09,6,103.0
2021-02-09,7,103.0
2021-02-09,8,107.0
2021-02-09,9,106.0
2021-02-09,10,99.0
2021-02-09,11,103.0
2021-02-09,12,92.0
2021-02-09,13,109.0
2021-02-09,14,113.0
2021-02-09,15,99.0
2021-02-09,16,96.0
2021-02-09,17,101.0
2021-02-09,18,100.0
2021-02-09,19,101.0
2021-02-09,20,84.0
2021-02-09,21,73.0
2021-02-09,22,90.0
2021-02-09,23,91.0
2021-02-09,24,102.0
2021-02-09,25,100.0
2021-02-09,26,106.0
2021-02-09,27,105.0
2021-02-09,28,105.0
2021-02-09,29,115.0
2021-02-09,30,150.0
2021-02-09,31,140.0
2021-02-09,32,158.0
2021-02-09,33,169.0
2021-02-09,34,174.0
2021-02-09,35,174.0
2021-02-09,36,168.0
2021-02-09,37,179.0
2021-02-09,38,178.0
2021-02-09,39,164.0
2021-02-09,40,135.0
2021-02-09,41,180.0
2021-02-09,42,178.0
2021-02-09,43,172.0
2021-02-09,44,168.0
2021-02-09,45,166.0
2021-02-09,46,178.0
2021-02-09,47,174.0
2021-02-09,48,119.0
2021-02-09,49,102.0
2021-02-09,50,96.0
2021-02-09,51,122.0
2021-02-09,52,159.0
2021-02-09,53,162.0
2021-02-09,54,175.0
2021-02-09,55,181.0
2021-02-09,56,168.0
2021-02-09,57,160.0
2021-02-09,58,163.0
2021-02-09,59,170.0
2021-02-09,60,129.0
2021-02-09,61,170.0
2021-02-09,62,168.0
2021-02-09,63,164.0
2021-02-09,64,159.0
2021-02-09,65,146.0
2021-02-09,66,144.0
2021-02-09,67,154.0
2021-02-09,68,108.0
2021-02-09,69,104.0
2021-02-09,70,144.0
2021-02-09,71,161.0
2021-02-09,72,156.0
2021-02-09,73,156.0
2021-02-09,74,161.0
2021-02-09,75,145.0
2021-02-09,76,148.0
2021-02-09,77,136.0
2021-02-09,78,131.0
2021-02-09,79,111.0
2021-02-09,80,106.0
2021-02-09,81,112.0
2021-02-09,82,106.0
2021-02-09,83,113.0
2021-02-09,84,107.0
2021-02-09,85,110.0
2021-02-09,86,100.0
2021-02-09,87,103.0
2021-02-09,88,87.0
2021-02-09,89,102.0
2021-02-09,90,106.0
2021-02-09,91,109.0
2021-02-09,92,106.0
2021-02-09,93,95.0
2021-02-09,94,98.0
2021-02-09,95,79.0
2021-02-10,0,64.0
2021-02-10,1,64.0
2021-02-10,2,64.0
2021-02-10,3,67.0
2021-02-10,4,96.0
2021-02-10,5,107.0
2021-02-10,6,104.0
2021-02-10,7,103.0
2021-02-10,8,103.0
2021-02-10,9,109.0
2021-02-10,10,101.0
2021-02-10,11,104.0
2021-02-10,12,89.0
2021-02-10,13,104.0
2021-02-10,14,100.0
2021-02-10,15,104.0
2021-02-10,16,108.0
2021-02-10,17,106.0
2021-02-10,18,106.0
2021-02-10,19,104.0
2021-02-10,20,94.0
2021-02-10,21,81.0
2021-02-10,22,91.0
2021-02-10,23,98.0
2021-02-10,24,106.0
2021-02-10,25,100.0
2021-02-10,26,102.0
2021-02-10,27,107.0
2021-02-10,28,106.0
2021-02-10,29,106.0
2021-02-10,30,131.0
2021-02-10,31,131.0
2021-02-10,32,142.0
2021-02-10,33,157.0
2021-02-10,34,156.0
2021-02-10,35,165.0
2021-02-10,36,166.0
2021-02-10,37,163.0
2021-02-10,38,169.0
2021-02-10,39,166.0
2021-02-10,40,134.0
2021-02-10,41,169.0
2021-02-10,42,177.0
2021-02-10,43,175.0
2021-02-10,44,161.0
2021-02-10,45,149.0
2021-02-10,46,168.0
2021-02-10,47,165.0
2021-02-10,48,116.0
2021-02-10,49,101.0
2021-02-10,50,102.0
2021-02-10,51,125.0
2021-02-10,52,158.0
2021-02-10,53,145.0
2021-02-10,54,156.0
2021-02-10,55,151.0
2021-02-10,56,153.0
2021-02-10,57,162.0
2021-02-10,58,169.0
2021-02-10,59,165.0
2021-02-10,60,128.0
2021-02-10,61,162.0
2021-02-10,62,161.0
2021-02-10,63,158.0
2021-02-10,64,154.0
2021-02-10,65,156.0
2021-02-10,66,150.0
2021-02-10,67,150.0
2021-02-10,68,123.0
2021-02-10,69,118.0
2021-02-10,70,143.0
2021-02-10,71,135.0
2021-02-10,72,122.0
2021-02-10,73,123.0
2021-02-10,74,123.0
2021-02-10,75,121.0
2021-02-10,76,120.0
2021-02-10,77,123.0
2021-02-10,78,122.0
2021-02-10,79,128.0
2021-02-10,80,122.0
2021-02-10,81,124.0
2021-02-10,82,142.0
2021-02-10,83,145.0
2021-02-10,84,141.0
2021-02-10,85,132.0
2021-02-10,86,128.0
2021-02-10,87,115.0
2021-02-10,88,108.0
2021-02-10,89,124.0
2021-02-10,90,122.0
2021-02-10,91,116.0
2021-02-10,92,115.0
2021-02-10,93,113.0
2021-02-10,94,103.0
2021-02-10,95,88.0
2021-02-11,0,72.0
2021-02-11,1,70.0
2021-02-11,2,69.0
2021-02-11,3,68.0
2021-02-11,4,100.0
2021-02-11,5,103.0
2021-02-11,6,112.0
2021-02-11,7,113.0
2021-02-11,8,106.0
2021-02-11,9,95.0
2021-02-11,10,105.0
2021-02-11,11,111.0
2021-02-11,12,98.0
2021-02-11,13,107.0
2021-02-11,14,103.0
2021-02-11,15,96.0
2021-02-11,16,113.0
2021-02-11,17,114.0
2021-02-11,18,110.0
2021-02-11,19,108.0
2021-02-11,20,83.0
2021-02-11,21,76.0
2021-02-11,22,97.0
2021-02-11,23,103.0
2021-02-11,24,107.0
2021-02-11,25,107.0
2021-02-11,26,107.0
2021-02-11,27,100.0
2021-02-11,28,113.0
2021-02-11,29,127.0
2021-02-11,30,149.0
2021-02-11,31,143.0
2021-02-11,32,155.0
2021-02-11,33,175.0
2021-02-11,34,171.0
2021-02-11,35,169.0
2021-02-11,36,172.0
2021-02-11,37,157.0
2021-02-11,38,168.0
2021-02-11,39,175.0
2021-02-11,40,127.0
2021-02-11,41,165.0
2021-02-11,42,168.0
2021-02-11,43,164.0
2021-02-11,44,174.0
2021-02-11,45,165.0
2021-02-11,46,168.0
2021-02-11,47,164.0
2021-02-11,48,108.0
2021-02-11,49,93.0
2021-02-11,50,93.0
2021-02-11,51,122.0
2021-02-11,52,160.0
2021-02-11,53,149.0
2021-02-11,54,155.0
2021-02-11,55,150.0
2021-02-11,56,160.0
2021-02-11,57,157.0
2021-02-11,58,160.0
2021-02-11,59,157.0
2021-02-11,60,126.0
2021-02-11,61,159.0
2021-02-11,62,160.0
2021-02-11,63,153.0
2021-02-11,64,153.0
2021-02-11,65,151.0
2021-02-11,66,163.0
2021-02-11,67,160.0
2021-02-11,68,119.0
2021-02-11,69,107.0
2021-02-11,70,158.0
2021-02-11,71,159.0
2021-02-11,72,152.0
2021-02-11,73,143.0
2021-02-11,74,145.0
2021-02-11,75,139.0
2021-02-11,76,142.0
2021-02-11,77,135.0
2021-02-11,78,142.0
2021-02-11,79,125.0
2021-02-11,80,113.0
2021-02-11,81,120.0
2021-02-11,82,130.0
2021-02-11,83,120.0
2021-02-11,84,116.0
2021-02-11,85,106.0
2021-02-11,86,111.0
2021-02-11,87,104.0
2021-02-11,88,92.0
2021-02-11,89,105.0
2021-02-11,90,110.0
2021-02-11,91,109.0
2021-02-11,92,101.0
2021-02-11,93,110.0
2021-02-11,94,105.0
2021-02-11,95,83.0
2021-02-12,0,71.0
2021-02-12,1,64.0
2021-02-12,2,65.0
2021-02-12,3,65.0
2021-02-12,4,97.0
2021-02-12,5,106.0
2021-02-12,6,111.0
2021-02-12,7,110.0
2021-02-12,8,107.0
2021-02-12,9,100.0
2021-02-12,10,98.0
2021-02-12,11,111.0
2021-02-12,12,95.0
2021-02-12,13,112.0
2021-02-12,14,112.0
2021-02-12,15,107.0
2021-02-12,16,105.0
2021-02-12,17,108.0
2021-02-12,18,113.0
2021-02-12,19,109.0
2021-02-12,20,80.0
2021-02-12,21,73.0
2021-02-12,22,97.0
2021-02-12,23,110.0
2021-02-12,24,104.0
2021-02-12,25,96.0
2021-02-12,26,106.0
2021-02-12,27,103.0
2021-02-12,28,92.0
2021-02-12,29,90.0
2021-02-12,30,68.0
2021-02-12,31,32.0
2021-02-12,32,22.0
2021-02-12,33,22.0
2021-02-12,34,24.0
2021-02-12,35,23.0
2021-02-12,36,24.0
2021-02-12,37,24.0
2021-02-12,38,24.0
2021-02-12,39,28.0
2021-02-12,40,29.0
2021-02-12,41,25.0
2021-02-12,42,25.0
2021-02-12,43,25.0
2021-02-12,44,24.0
2021-02-12,45,25.0
2021-02-12,46,29.0
2021-02-12,47,27.0
2021-02-12,48,25.0
2021-02-12,49,25.0
2021-02-12,50,24.0
2021-02-12,51,24.0
2021-02-12,52,27.0
2021-02-12,53,22.0
2021-02-12,54,22.0
2021-02-12,55,21.0
2021-02-12,56,22.0
2021-02-12,57,23.0
2021-02-12,58,22.0
2021-02-12,59,22.0
2021-02-12,60,22.0
2021-02-12,61,23.0
2021-02-12,62,23.0
2021-02-12,63,22.0
2021-02-12,64,26.0
2021-02-12,65,27.0
2021-02-12,66,23.0
2021-02-12,67,23.0
2021-02-12,68,23.0
2021-02-12,69,22.0
2021-02-12,70,22.0
2021-02-12,71,23.0
2021-02-12,72,22.0
2021-02-12,73,22.0
2021-02-12,74,22.0
2021-02-12,75,22.0
2021-02-12,76,23.0
2021-02-12,77,22.0
2021-02-12,78,26.0
2021-02-12,79,27.0
2021-02-12,80,23.0
2021-02-12,81,22.0
2021-02-12,82,22.0
2021-02-12,83,23.0
2021-02-12,84,23.0
2021-02-12,85,23.0
2021-02-12,86,22.0
2021-02-12,87,23.0
2021-02-12,88,23.0
2021-02-12,89,23.0
2021-02-12,90,22.0
2021-02-12,91,22.0
2021-02-12,92,26.0
2021-02-12,93,27.0
2021-02-12,94,22.0
2021-02-12,95,22.0
2021-02-13,0,71.0
2021-02-13,1,64.0
2021-02-13,2,65.0
2021-02-13,3,65.0
2021-02-13,4,97.0
2021-02-13,5,106.0
2021-02-13,6,111.0
2021-02-13,7,110.0
2021-02-13,8,107.0
2021-02-13,9,100.0
2021-02-13,10,98.0
2021-02-13,11,111.0
2021-02-13,12,95.0
2021-02-13,13,112.0
2021-02-13,14,112.0
2021-02-13,15,107.0
2021-02-13,16,105.0
2021-02-13,17,108.0
2021-02-13,18,113.0
2021-02-13,19,109.0
2021-02-13,20,80.0
2021-02-13,21,73.0
2021-02-13,22,97.0
2021-02-13,23,110.0
2021-02-13,24,104.0
2021-02-13,25,96.0
2021-02-13,26,106.0
2021-02-13,27,103.0
2021-02-13,28,92.0
2021-02-13,29,90.0
2021-02-13,30,68.0
2021-02-13,31,32.0
2021-02-13,32,22.0
2021-02-13,33,22.0
2021-02-13,34,24.0
2021-02-13,35,23.0
2021-02-13,36,24.0
2021-02-13,37,24.0
2021-02-13,38,24.0
2021-02-13,39,28.0
2021-02-13,40,29.0
2021-02-13,41,25.0
2021-02-13,42,25.0
2021-02-13,43,25.0
2021-02-13,44,24.0
2021-02-13,45,25.0
2021-02-13,46,29.0
2021-02-13,47,27.0
2021-02-13,48,25.0
2021-02-13,49,25.0
2021-02-13,50,24.0
2021-02-13,51,24.0
2021-02-13,52,27.0
2021-02-13,53,22.0
2021-02-13,54,22.0
2021-02-13,55,21.0
2021-02-13,56,22.0
2021-02-13,57,23.0
2021-02-13,58,22.0
2021-02-13,59,22.0
2021-02-13,60,22.0
2021-02-13,61,23.0
2021-02-13,62,23.0
2021-02-13,63,22.0
2021-02-13,64,26.0
2021-02-13,65,27.0
2021-02-13,66,23.0
2021-02-13,67,23.0
2021-02-13,68,23.0
2021-02-13,69,22.0
2021-02-13,70,22.0
2021-02-13,71,23.0
2021-02-13,72,22.0
2021-02-13,73,22.0
2021-02-13,74,22.0
2021-02-13,75,22.0
2021-02-13,76,23.0
2021-02-13,77,22.0
2021-02-13,78,26.0
2021-02-13,79,27.0
2021-02-13,80,23.0
2021-02-13,81,22.0
2021-02-13,82,22.0
2021-02-13,83,23.0
2021-02-13,84,23.0
2021-02-13,85,23.0
2021-02-13,86,22.0
2021-02-13,87,23.0
2021-02-13,88,23.0
2021-02-13,89,23.0
2021-02-13,90,22.0
2021-02-13,91,22.0
2021-02-13,92,26.0
2021-02-13,93,27.0
2021-02-13,94,22.0
2021-02-13,95,22.0
2021-02-14,0,23.0
2021-02-14,1,22.0
2021-02-14,2,23.0
2021-02-14,3,22.0
2021-02-14,4,22.0
2021-02-14,5,22.0
2021-02-14,6,22.0
2021-02-14,7,21.0
2021-02-14,8,22.0
2021-02-14,9,24.0
2021-02-14,10,27.0
2021-02-14,11,25.0
2021-02-14,12,22.0
2021-02-14,13,22.0
2021-02-14,14,22.0
2021-02-14,15,22.0
2021-02-14,16,22.0
2021-02-14,17,22.0
2021-02-14,18,23.0
2021-02-14,19,23.0
2021-02-14,20,22.0
2021-02-14,21,22.0
2021-02-14,22,22.0
2021-02-14,23,23.0
2021-02-14,24,25.0
2021-02-14,25,26.0
2021-02-14,26,22.0
2021-02-14,27,22.0
2021-02-14,28,22.0
2021-02-14,29,22.0
2021-02-14,30,22.0
2021-02-14,31,21.0
2021-02-14,32,21.0
2021-02-14,33,22.0
2021-02-14,34,21.0
2021-02-14,35,22.0
2021-02-14,36,22.0
2021-02-14,37,24.0
2021-02-14,38,26.0
2021-02-14,39,24.0
2021-02-14,40,22.0
2021-02-14,41,22.0
2021-02-14,42,22.0
2021-02-14,43,23.0
2021-02-14,44,22.0
2021-02-14,45,22.0
2021-02-14,46,22.0
2021-02-14,47,22.0
2021-02-14,48,23.0
2021-02-14,49,23.0
2021-02-14,50,23.0
2021-02-14,51,27.0
2021-02-14,52,25.0
2021-02-14,53,22.0
2021-02-14,54,23.0
2021-02-14,55,22.0
2021-02-14,56,22.0
2021-02-14,57,22.0
2021-02-14,58,23.0
2021-02-14,59,22.0
2021-02-14,60,22.0
2021-02-14,61,22.0
2021-02-14,62,23.0
2021-02-14,63,22.0
2021-02-14,64,27.0
2021-02-14,65,27.0
2021-02-14,66,23.0
2021-02-14,67,23.0
2021-02-14,68,22.0
2021-02-14,69,22.0
2021-02-14,70,22.0
2021-02-14,71,22.0
2021-02-14,72,22.0
2021-02-14,73,22.0
2021-02-14,74,22.0
2021-02-14,75,22.0
2021-02-14,76,22.0
2021-02-14,77,23.0
2021-02-14,78,26.0
2021-02-14,79,24.0
2021-02-14,80,22.0
2021-02-14,81,22.0
2021-02-14,82,22.0
2021-02-14,83,22.0
2021-02-14,84,23.0
2021-02-14,85,22.0
2021-02-14,86,23.0
2021-02-14,87,22.0
2021-02-14,88,22.0
2021-02-14,89,22.0
2021-02-14,90,22.0
2021-02-14,91,25.0
2021-02-14,92,26.0
2021-02-14,93,23.0
2021-02-14,94,22.0
2021-02-14,95,23.0
2021-02-15,0,83.0
2021-02-15,1,77.0
2021-02-15,2,72.0
2021-02-15,3,72.0
2021-02-15,4,100.0
2021-02-15,5,110.0
2021-02-15,6,115.0
2021-02-15,7,116.0
2021-02-15,8,114.0
2021-02-15,9,117.0
2021-02-15,10,121.0
2021-02-15,11,117.0
2021-02-15,12,104.0
2021-02-15,13,119.0
2021-02-15,14,117.0
2021-02-15,15,123.0
2021-02-15,16,122.0
2021-02-15,17,111.0
2021-02-15,18,100.0
2021-02-15,19,106.0
2021-02-15,20,94.0
2021-02-15,21,87.0
2021-02-15,22,96.0
2021-02-15,23,112.0
2021-02-15,24,121.0
2021-02-15,25,118.0
2021-02-15,26,117.0
2021-02-15,27,117.0
2021-02-15,28,116.0
2021-02-15,29,119.0
2021-02-15,30,144.0
2021-02-15,31,150.0
2021-02-15,32,176.0
2021-02-15,33,196.0
2021-02-15,34,198.0
2021-02-15,35,181.0
2021-02-15,36,184.0
2021-02-15,37,195.0
2021-02-15,38,176.0
2021-02-15,39,188.0
2021-02-15,40,138.0
2021-02-15,41,174.0
2021-02-15,42,181.0
2021-02-15,43,164.0
2021-02-15,44,162.0
2021-02-15,45,180.0
2021-02-15,46,167.0
2021-02-15,47,184.0
2021-02-15,48,128.0
2021-02-15,49,105.0
2021-02-15,50,92.0
2021-02-15,51,122.0
2021-02-15,52,168.0
2021-02-15,53,177.0
2021-02-15,54,170.0
2021-02-15,55,170.0
2021-02-15,56,182.0
2021-02-15,57,181.0
2021-02-15,58,173.0
2021-02-15,59,172.0
2021-02-15,60,137.0
2021-02-15,61,168.0
2021-02-15,62,171.0
2021-02-15,63,176.0
2021-02-15,64,166.0
2021-02-15,65,172.0
2021-02-15,66,181.0
2021-02-15,67,160.0
2021-02-15,68,118.0
2021-02-15,69,108.0
2021-02-15,70,149.0
2021-02-15,71,159.0
2021-02-15,72,161.0
2021-02-15,73,161.0
2021-02-15,74,153.0
2021-02-15,75,170.0
2021-02-15,76,162.0
2021-02-15,77,159.0
2021-02-15,78,154.0
2021-02-15,79,147.0
2021-02-15,80,133.0
2021-02-15,81,131.0
2021-02-15,82,127.0
2021-02-15,83,120.0
2021-02-15,84,124.0
2021-02-15,85,131.0
2021-02-15,86,129.0
2021-02-15,87,124.0
2021-02-15,88,108.0
2021-02-15,89,111.0
2021-02-15,90,116.0
2021-02-15,91,123.0
2021-02-15,92,116.0
2021-02-15,93,120.0
2021-02-15,94,110.0
2021-02-15,95,85.0
2021-02-16,0,76.0
2021-02-16,1,73.0
2021-02-16,2,71.0
2021-02-16,3,72.0
2021-02-16,4,100.0
2021-02-16,5,115.0
2021-02-16,6,120.0
2021-02-16,7,109.0
2021-02-16,8,106.0
2021-02-16,9,117.0
2021-02-16,10,116.0
2021-02-16,11,117.0
2021-02-16,12,106.0
2021-02-16,13,113.0
2021-02-16,14,114.0
2021-02-16,15,113.0
2021-02-16,16,118.0
2021-02-16,17,115.0
2021-02-16,18,113.0
2021-02-16,19,102.0
2021-02-16,20,79.0
2021-02-16,21,75.0
2021-02-16,22,102.0
2021-02-16,23,111.0
2021-02-16,24,114.0
2021-02-16,25,119.0
2021-02-16,26,121.0
2021-02-16,27,105.0
2021-02-16,28,96.0
2021-02-16,29,116.0
2021-02-16,30,148.0
2021-02-16,31,161.0
2021-02-16,32,170.0
2021-02-16,33,185.0
2021-02-16,34,180.0
2021-02-16,35,173.0
2021-02-16,36,171.0
2021-02-16,37,168.0
2021-02-16,38,187.0
2021-02-16,39,192.0
2021-02-16,40,150.0
2021-02-16,41,179.0
2021-02-16,42,193.0
2021-02-16,43,190.0
2021-02-16,44,186.0
2021-02-16,45,172.0
2021-02-16,46,175.0
2021-02-16,47,170.0
2021-02-16,48,120.0
2021-02-16,49,104.0
2021-02-16,50,95.0
2021-02-16,51,116.0
2021-02-16,52,158.0
2021-02-16,53,175.0
2021-02-16,54,172.0
2021-02-16,55,171.0
2021-02-16,56,167.0
2021-02-16,57,169.0
2021-02-16,58,172.0
2021-02-16,59,174.0
2021-02-16,60,138.0
2021-02-16,61,177.0
2021-02-16,62,180.0
2021-02-16,63,157.0
2021-02-16,64,165.0
2021-02-16,65,171.0
2021-02-16,66,177.0
2021-02-16,67,160.0
2021-02-16,68,133.0
2021-02-16,69,139.0
2021-02-16,70,166.0
2021-02-16,71,177.0
2021-02-16,72,177.0
2021-02-16,73,169.0
2021-02-16,74,163.0
2021-02-16,75,162.0
2021-02-16,76,152.0
2021-02-16,77,145.0
2021-02-16,78,142.0
2021-02-16,79,117.0
2021-02-16,80,108.0
2021-02-16,81,112.0
2021-02-16,82,120.0
2021-02-16,83,115.0
2021-02-16,84,110.0
2021-02-16,85,120.0
2021-02-16,86,117.0
2021-02-16,87,123.0
2021-02-16,88,102.0
2021-02-16,89,102.0
2021-02-16,90,99.0
2021-02-16,91,107.0
2021-02-16,92,107.0
2021-02-16,93,119.0
2021-02-16,94,111.0
2021-02-16,95,85.0
2021-02-17,0,72.0
2021-02-17,1,72.0
2021-02-17,2,72.0
2021-02-17,3,71.0
2021-02-17,4,96.0
2021-02-17,5,104.0
2021-02-17,6,108.0
2021-02-17,7,118.0
2021-02-17,8,115.0
2021-02-17,9,117.0
2021-02-17,10,107.0
2021-02-17,11,110.0
2021-02-17,12,112.0
2021-02-17,13,118.0
2021-02-17,14,120.0
2021-02-17,15,115.0
2021-02-17,16,111.0
2021-02-17,17,110.0
2021-02-17,18,114.0
2021-02-17,19,115.0
2021-02-17,20,98.0
2021-02-17,21,83.0
2021-02-17,22,96.0
2021-02-17,23,112.0
2021-02-17,24,118.0
2021-02-17,25,116.0
2021-02-17,26,126.0
2021-02-17,27,122.0
2021-02-17,28,120.0
2021-02-17,29,124.0
2021-02-17,30,162.0
2021-02-17,31,158.0
2021-02-17,32,178.0
2021-02-17,33,193.0
2021-02-17,34,197.0
2021-02-17,35,193.0
2021-02-17,36,188.0
2021-02-17,37,180.0
2021-02-17,38,173.0
2021-02-17,39,179.0
2021-02-17,40,142.0
2021-02-17,41,170.0
2021-02-17,42,177.0
2021-02-17,43,175.0
2021-02-17,44,188.0
2021-02-17,45,190.0
2021-02-17,46,177.0
2021-02-17,47,177.0
2021-02-17,48,116.0
2021-02-17,49,88.0
2021-02-17,50,85.0
2021-02-17,51,123.0
2021-02-17,52,169.0
2021-02-17,53,188.0
2021-02-17,54,192.0
2021-02-17,55,182.0
2021-02-17,56,171.0
2021-02-17,57,179.0
2021-02-17,58,176.0
2021-02-17,59,189.0
2021-02-17,60,147.0
2021-02-17,61,179.0
2021-02-17,62,179.0
2021-02-17,63,174.0
2021-02-17,64,166.0
2021-02-17,65,164.0
2021-02-17,66,170.0
2021-02-17,67,174.0
2021-02-17,68,132.0
2021-02-17,69,118.0
2021-02-17,70,144.0
2021-02-17,71,158.0
2021-02-17,72,171.0
2021-02-17,73,166.0
2021-02-17,74,177.0
2021-02-17,75,167.0
2021-02-17,76,160.0
2021-02-17,77,160.0
2021-02-17,78,169.0
2021-02-17,79,147.0
2021-02-17,80,133.0
2021-02-17,81,143.0
2021-02-17,82,143.0
2021-02-17,83,135.0
2021-02-17,84,125.0
2021-02-17,85,134.0
2021-02-17,86,125.0
2021-02-17,87,123.0
2021-02-17,88,119.0
2021-02-17,89,128.0
2021-02-17,90,126.0
2021-02-17,91,127.0
2021-02-17,92,125.0
2021-02-17,93,120.0
2021-02-17,94,105.0
2021-02-17,95,94.0
2021-02-18,0,90.0
2021-02-18,1,82.0
2021-02-18,2,75.0
2021-02-18,3,73.0
2021-02-18,4,98.0
2021-02-18,5,117.0
2021-02-18,6,117.0
2021-02-18,7,115.0
2021-02-18,8,117.0
2021-02-18,9,121.0
2021-02-18,10,117.0
2021-02-18,11,105.0
2021-02-18,12,101.0
2021-02-18,13,118.0
2021-02-18,14,126.0
2021-02-18,15,111.0
2021-02-18,16,104.0
2021-02-18,17,110.0
2021-02-18,18,117.0
2021-02-18,19,115.0
2021-02-18,20,96.0
2021-02-18,21,90.0
2021-02-18,22,100.0
2021-02-18,23,120.0
2021-02-18,24,123.0
2021-02-18,25,122.0
2021-02-18,26,123.0
2021-02-18,27,114.0
2021-02-18,28,112.0
2021-02-18,29,125.0
2021-02-18,30,138.0
2021-02-18,31,157.0
2021-02-18,32,166.0
2021-02-18,33,153.0
2021-02-18,34,150.0
2021-02-18,35,177.0
2021-02-18,36,168.0
2021-02-18,37,162.0
2021-02-18,38,166.0
2021-02-18,39,186.0
2021-02-18,40,156.0
2021-02-18,41,179.0
2021-02-18,42,168.0
2021-02-18,43,156.0
2021-02-18,44,165.0
2021-02-18,45,185.0
2021-02-18,46,182.0
2021-02-18,47,177.0
2021-02-18,48,104.0
2021-02-18,49,88.0
2021-02-18,50,90.0
2021-02-18,51,124.0
2021-02-18,52,170.0
2021-02-18,53,180.0
2021-02-18,54,176.0
2021-02-18,55,171.0
2021-02-18,56,170.0
2021-02-18,57,166.0
2021-02-18,58,153.0
2021-02-18,59,165.0
2021-02-18,60,130.0
2021-02-18,61,170.0
2021-02-18,62,168.0
2021-02-18,63,154.0
2021-02-18,64,156.0
2021-02-18,65,161.0
2021-02-18,66,174.0
2021-02-18,67,156.0
2021-02-18,68,140.0
2021-02-18,69,133.0
2021-02-18,70,153.0
2021-02-18,71,164.0
2021-02-18,72,154.0
2021-02-18,73,146.0
2021-02-18,74,150.0
2021-02-18,75,151.0
2021-02-18,76,139.0
2021-02-18,77,138.0
2021-02-18,78,142.0
2021-02-18,79,131.0
2021-02-18,80,119.0
2021-02-18,81,124.0
2021-02-18,82,114.0
2021-02-18,83,112.0
2021-02-18,84,108.0
2021-02-18,85,115.0
2021-02-18,86,110.0
2021-02-18,87,121.0
2021-02-18,88,117.0
2021-02-18,89,115.0
2021-02-18,90,116.0
2021-02-18,91,108.0
2021-02-18,92,116.0
2021-02-18,93,120.0
2021-02-18,94,109.0
2021-02-18,95,80.0
2021-02-19,0,70.0
2021-02-19,1,67.0
2021-02-19,2,65.0
2021-02-19,3,65.0
2021-02-19,4,95.0
2021-02-19,5,114.0
2021-02-19,6,114.0
2021-02-19,7,118.0
2021-02-19,8,119.0
2021-02-19,9,116.0
2021-02-19,10,111.0
2021-02-19,11,114.0
2021-02-19,12,92.0
2021-02-19,13,109.0
2021-02-19,14,99.0
2021-02-19,15,98.0
2021-02-19,16,105.0
2021-02-19,17,108.0
2021-02-19,18,114.0
2021-02-19,19,110.0
2021-02-19,20,85.0
2021-02-19,21,76.0
2021-02-19,22,90.0
2021-02-19,23,102.0
2021-02-19,24,109.0
2021-02-19,25,105.0
2021-02-19,26,103.0
2021-02-19,27,94.0
2021-02-19,28,82.0
2021-02-19,29,74.0
2021-02-19,30,41.0
2021-02-19,31,32.0
2021-02-19,32,25.0
2021-02-19,33,22.0
2021-02-19,34,22.0
2021-02-19,35,22.0
2021-02-19,36,22.0
2021-02-19,37,22.0
2021-02-19,38,22.0
2021-02-19,39,22.0
2021-02-19,40,22.0
2021-02-19,41,22.0
2021-02-19,42,22.0
2021-02-19,43,22.0
2021-02-19,44,24.0
2021-02-19,45,27.0
2021-02-19,46,23.0
2021-02-19,47,22.0
2021-02-19,48,22.0
2021-02-19,49,22.0
2021-02-19,50,22.0
2021-02-19,51,22.0
2021-02-19,52,22.0
2021-02-19,53,21.0
2021-02-19,54,22.0
2021-02-19,55,22.0
2021-02-19,56,22.0
2021-02-19,57,23.0
2021-02-19,58,27.0
2021-02-19,59,26.0
2021-02-19,60,22.0
2021-02-19,61,22.0
2021-02-19,62,23.0
2021-02-19,63,22.0
2021-02-19,64,22.0
2021-02-19,65,22.0
2021-02-19,66,22.0
2021-02-19,67,22.0
2021-02-19,68,23.0
2021-02-19,69,22.0
2021-02-19,70,22.0
2021-02-19,71,23.0
2021-02-19,72,23.0
2021-02-19,73,27.0
2021-02-19,74,25.0
2021-02-19,75,22.0
2021-02-19,76,22.0
2021-02-19,77,22.0
2021-02-19,78,22.0
2021-02-19,79,22.0
2021-02-19,80,22.0
2021-02-19,81,22.0
2021-02-19,82,22.0
2021-02-19,83,22.0
2021-02-19,84,22.0
2021-02-19,85,22.0
2021-02-19,86,23.0
2021-02-19,87,27.0
2021-02-19,88,25.0
2021-02-19,89,23.0
2021-02-19,90,22.0
2021-02-19,91,22.0
2021-02-19,92,22.0
2021-02-19,93,22.0
2021-02-19,94,22.0
2021-02-19,95,22.0
2021-02-20,0,71.0
2021-02-20,1,64.0
2021-02-20,2,65.0
2021-02-20,3,65.0
2021-02-20,4,97.0
2021-02-20,5,106.0
2021-02-20,6,111.0
2021-02-20,7,110.0
2021-02-20,8,107.0
2021-02-20,9,100.0
2021-02-20,10,98.0
2021-02-20,11,111.0
2021-02-20,12,95.0
2021-02-20,13,112.0
2021-02-20,14,112.0
2021-02-20,15,107.0
2021-02-20,16,105.0
2021-02-20,17,108.0
2021-02-20,18,113.0
2021-02-20,19,109.0
2021-02-20,20,80.0
2021-02-20,21,73.0
2021-02-20,22,97.0
2021-02-20,23,110.0
2021-02-20,24,104.0
2021-02-20,25,96.0
2021-02-20,26,106.0
2021-02-20,27,103.0
2021-02-20,28,92.0
2021-02-20,29,90.0
2021-02-20,30,68.0
2021-02-20,31,32.0
2021-02-20,32,22.0
2021-02-20,33,22.0
2021-02-20,34,24.0
2021-02-20,35,23.0
2021-02-20,36,24.0
2021-02-20,37,24.0
2021-02-20,38,24.0
2021-02-20,39,28.0
2021-02-20,40,29.0
2021-02-20,41,25.0
2021-02-20,42,25.0
2021-02-20,43,25.0
2021-02-20,44,24.0
2021-02-20,45,25.0
2021-02-20,46,29.0
2021-02-20,47,27.0
2021-02-20,48,25.0
2021-02-20,49,25.0
2021-02-20,50,24.0
2021-02-20,51,24.0
2021-02-20,52,27.0
2021-02-20,53,22.0
2021-02-20,54,22.0
2021-02-20,55,21.0
2021-02-20,56,22.0
2021-02-20,57,23.0
2021-02-20,58,22.0
2021-02-20,59,22.0
2021-02-20,60,22.0
2021-02-20,61,23.0
2021-02-20,62,23.0
2021-02-20,63,22.0
2021-02-20,64,26.0
2021-02-20,65,27.0
2021-02-20,66,23.0
2021-02-20,67,23.0
2021-02-20,68,23.0
2021-02-20,69,22.0
2021-02-20,70,22.0
2021-02-20,71,23.0
2021-02-20,72,22.0
2021-02-20,73,22.0
2021-02-20,74,22.0
2021-02-20,75,22.0
2021-02-20,76,23.0
2021-02-20,77,22.0
2021-02-20,78,26.0
2021-02-20,79,27.0
2021-02-20,80,23.0
2021-02-20,81,22.0
2021-02-20,82,22.0
2021-02-20,83,23.0
2021-02-20,84,23.0
2021-02-20,85,23.0
2021-02-20,86,22.0
2021-02-20,87,23.0
2021-02-20,88,23.0
2021-02-20,89,23.0
2021-02-20,90,22.0
2021-02-20,91,22.0
2021-02-20,92,26.0
2021-02-20,93,27.0
2021-02-20,94,22.0
2021-02-20,95,22.0
2021-02-21,0,23.0
2021-02-21,1,22.0
2021-02-21,2,23.0
2021-02-21,3,22.0
2021-02-21,4,22.0
2021-02-21,5,22.0
2021-02-21,6,22.0
2021-02-21,7,21.0
2021-02-21,8,22.0
2021-02-21,9,24.0
2021-02-21,10,27.0
2021-02-21,11,25.0
2021-02-21,12,22.0
2021-02-21,13,22.0
2021-02-21,14,22.0
2021-02-21,15,22.0
2021-02-21,16,22.0
2021-02-21,17,22.0
2021-02-21,18,23.0
2021-02-21,19,23.0
2021-02-21,20,22.0
2021-02-21,21,22.0
2021-02-21,22,22.0
2021-02-21,23,23.0
2021-02-21,24,25.0
2021-02-21,25,26.0
2021-02-21,26,22.0
2021-02-21,27,22.0
2021-02-21,28,22.0
2021-02-21,29,22.0
2021-02-21,30,22.0
2021-02-21,31,21.0
2021-02-21,32,21.0
2021-02-21,33,22.0
2021-02-21,34,21.0
2021-02-21,35,22.0
2021-02-21,36,22.0
2021-02-21,37,24.0
2021-02-21,38,26.0
2021-02-21,39,24.0
2021-02-21,40,22.0
2021-02-21,41,22.0
2021-02-21,42,22.0
2021-02-21,43,23.0
2021-02-21,44,22.0
2021-02-21,45,22.0
2021-02-21,46,22.0
2021-02-21,47,22.0
2021-02-21,48,23.0
2021-02-21,49,23.0
2021-02-21,50,23.0
2021-02-21,51,27.0
2021-02-21,52,25.0
2021-02-21,53,22.0
2021-02-21,54,23.0
2021-02-21,55,22.0
2021-02-21,56,22.0
2021-02-21,57,22.0
2021-02-21,58,23.0
2021-02-21,59,22.0
2021-02-21,60,22.0
2021-02-21,61,22.0
2021-02-21,62,23.0
2021-02-21,63,22.0
2021-02-21,64,27.0
2021-02-21,65,27.0
2021-02-21,66,23.0
2021-02-21,67,23.0
2021-02-21,68,22.0
2021-02-21,69,22.0
2021-02-21,70,22.0
2021-02-21,71,22.0
2021-02-21,72,22.0
2021-02-21,73,22.0
2021-02-21,74,22.0
2021-02-21,75,22.0
2021-02-21,76,22.0
2021-02-21,77,23.0
2021-02-21,78,26.0
2021-02-21,79,24.0
2021-02-21,80,22.0
2021-02-21,81,22.0
2021-02-21,82,22.0
2021-02-21,83,22.0
2021-02-21,84,23.0
2021-02-21,85,22.0
2021-02-21,86,23.0
2021-02-21,87,22.0
2021-02-21,88,22.0
2021-02-21,89,22.0
2021-02-21,90,22.0
2021-02-21,91,25.0
2021-02-21,92,26.0
2021-02-21,93,23.0
2021-02-21,94,22.0
2021-02-21,95,23.0
2021-02-22,0,69.0
2021-02-22,1,71.0
2021-02-22,2,74.0
2021-02-22,3,71.0
2021-02-22,4,93.0
2021-02-22,5,112.0
2021-02-22,6,109.0
2021-02-22,7,118.0
2021-02-22,8,118.0
2021-02-22,9,110.0
2021-02-22,10,103.0
2021-02-22,11,120.0
2021-02-22,12,96.0
2021-02-22,13,123.0
2021-02-22,14,117.0
2021-02-22,15,116.0
2021-02-22,16,113.0
2021-02-22,17,112.0
2021-02-22,18,121.0
2021-02-22,19,120.0
2021-02-22,20,86.0
2021-02-22,21,76.0
2021-02-22,22,100.0
2021-02-22,23,112.0
2021-02-22,24,117.0
2021-02-22,25,117.0
2021-02-22,26,114.0
2021-02-22,27,108.0
2021-02-22,28,105.0
2021-02-22,29,128.0
2021-02-22,30,162.0
2021-02-22,31,159.0
2021-02-22,32,165.0
2021-02-22,33,167.0
2021-02-22,34,174.0
2021-02-22,35,178.0
2021-02-22,36,170.0
2021-02-22,37,176.0
2021-02-22,38,160.0
2021-02-22,39,160.0
2021-02-22,40,140.0
2021-02-22,41,175.0
2021-02-22,42,189.0
2021-02-22,43,185.0
2021-02-22,44,169.0
2021-02-22,45,172.0
2021-02-22,46,180.0
2021-02-22,47,168.0
2021-02-22,48,116.0
2021-02-22,49,104.0
2021-02-22,50,101.0
2021-02-22,51,122.0
2021-02-22,52,156.0
2021-02-22,53,155.0
2021-02-22,54,168.0
2021-02-22,55,186.0
2021-02-22,56,172.0
2021-02-22,57,151.0
2021-02-22,58,140.0
2021-02-22,59,163.0
2021-02-22,60,125.0
2021-02-22,61,171.0
2021-02-22,62,168.0
2021-02-22,63,161.0
2021-02-22,64,148.0
2021-02-22,65,175.0
2021-02-22,66,162.0
2021-02-22,67,154.0
2021-02-22,68,104.0
2021-02-22,69,87.0
2021-02-22,70,129.0
2021-02-22,71,159.0
2021-02-22,72,164.0
2021-02-22,73,150.0
2021-02-22,74,147.0
2021-02-22,75,149.0
2021-02-22,76,153.0
2021-02-22,77,142.0
2021-02-22,78,174.0
2021-02-22,79,154.0
2021-02-22,80,133.0
2021-02-22,81,134.0
2021-02-22,82,129.0
2021-02-22,83,134.0
2021-02-22,84,123.0
2021-02-22,85,128.0
2021-02-22,86,128.0
2021-02-22,87,123.0
2021-02-22,88,98.0
2021-02-22,89,122.0
2021-02-22,90,118.0
2021-02-22,91,116.0
2021-02-22,92,131.0
2021-02-22,93,120.0
2021-02-22,94,114.0
2021-02-22,95,88.0
2021-02-23,0,70.0
2021-02-23,1,69.0
2021-02-23,2,69.0
2021-02-23,3,68.0
2021-02-23,4,97.0
2021-02-23,5,105.0
2021-02-23,6,102.0
2021-02-23,7,106.0
2021-02-23,8,119.0
2021-02-23,9,123.0
2021-02-23,10,123.0
2021-02-23,11,113.0
2021-02-23,12,92.0
2021-02-23,13,99.0
2021-02-23,14,108.0
2021-02-23,15,113.0
2021-02-23,16,116.0
2021-02-23,17,111.0
2021-02-23,18,109.0
2021-02-23,19,111.0
2021-02-23,20,86.0
2021-02-23,21,72.0
2021-02-23,22,98.0
2021-02-23,23,125.0
2021-02-23,24,125.0
2021-02-23,25,115.0
2021-02-23,26,108.0
2021-02-23,27,119.0
2021-02-23,28,120.0
2021-02-23,29,134.0
2021-02-23,30,158.0
2021-02-23,31,149.0
2021-02-23,32,151.0
2021-02-23,33,174.0
2021-02-23,34,165.0
2021-02-23,35,160.0
2021-02-23,36,162.0
2021-02-23,37,160.0
2021-02-23,38,161.0
2021-02-23,39,156.0
2021-02-23,40,127.0
2021-02-23,41,149.0
2021-02-23,42,156.0
2021-02-23,43,160.0
2021-02-23,44,166.0
2021-02-23,45,152.0
2021-02-23,46,152.0
2021-02-23,47,153.0
2021-02-23,48,97.0
2021-02-23,49,85.0
2021-02-23,50,86.0
2021-02-23,51,104.0
2021-02-23,52,153.0
2021-02-23,53,149.0
2021-02-23,54,150.0
2021-02-23,55,161.0
2021-02-23,56,149.0
2021-02-23,57,146.0
2021-02-23,58,156.0
2021-02-23,59,153.0
2021-02-23,60,132.0
2021-02-23,61,165.0
2021-02-23,62,161.0
2021-02-23,63,142.0
2021-02-23,64,142.0
2021-02-23,65,165.0
2021-02-23,66,168.0
2021-02-23,67,163.0
2021-02-23,68,102.0
2021-02-23,69,98.0
2021-02-23,70,142.0
2021-02-23,71,170.0
2021-02-23,72,166.0
2021-02-23,73,161.0
2021-02-23,74,161.0
2021-02-23,75,158.0
2021-02-23,76,146.0
2021-02-23,77,141.0
2021-02-23,78,143.0
2021-02-23,79,117.0
2021-02-23,80,126.0
2021-02-23,81,123.0
2021-02-23,82,125.0
2021-02-23,83,136.0
2021-02-23,84,126.0
2021-02-23,85,124.0
2021-02-23,86,127.0
2021-02-23,87,126.0
2021-02-23,88,91.0
2021-02-23,89,120.0
2021-02-23,90,123.0
2021-02-23,91,122.0
2021-02-23,92,103.0
2021-02-23,93,120.0
2021-02-23,94,116.0
2021-02-23,95,101.0
2021-02-24,0,73.0
2021-02-24,1,70.0
2021-02-24,2,69.0
2021-02-24,3,69.0
2021-02-24,4,98.0
2021-02-24,5,106.0
2021-02-24,6,119.0
2021-02-24,7,121.0
2021-02-24,8,126.0
2021-02-24,9,120.0
2021-02-24,10,113.0
2021-02-24,11,113.0
2021-02-24,12,106.0
2021-02-24,13,117.0
2021-02-24,14,121.0
2021-02-24,15,123.0
2021-02-24,16,118.0
2021-02-24,17,114.0
2021-02-24,18,121.0
2021-02-24,19,112.0
2021-02-24,20,99.0
2021-02-24,21,83.0
2021-02-24,22,106.0
2021-02-24,23,116.0
2021-02-24,24,124.0
2021-02-24,25,122.0
2021-02-24,26,112.0
2021-02-24,27,113.0
2021-02-24,28,120.0
2021-02-24,29,136.0
2021-02-24,30,169.0
2021-02-24,31,172.0
2021-02-24,32,171.0
2021-02-24,33,188.0
2021-02-24,34,185.0
2021-02-24,35,184.0
2021-02-24,36,154.0
2021-02-24,37,165.0
2021-02-24,38,172.0
2021-02-24,39,156.0
2021-02-24,40,123.0
2021-02-24,41,154.0
2021-02-24,42,168.0
2021-02-24,43,171.0
2021-02-24,44,163.0
2021-02-24,45,165.0
2021-02-24,46,170.0
2021-02-24,47,156.0
2021-02-24,48,113.0
2021-02-24,49,93.0
2021-02-24,50,99.0
2021-02-24,51,116.0
2021-02-24,52,147.0
2021-02-24,53,163.0
2021-02-24,54,182.0
2021-02-24,55,190.0
2021-02-24,56,175.0
2021-02-24,57,169.0
2021-02-24,58,151.0
2021-02-24,59,158.0
2021-02-24,60,114.0
2021-02-24,61,141.0
2021-02-24,62,166.0
2021-02-24,63,180.0
2021-02-24,64,163.0
2021-02-24,65,157.0
2021-02-24,66,165.0
2021-02-24,67,164.0
2021-02-24,68,123.0
2021-02-24,69,107.0
2021-02-24,70,145.0
2021-02-24,71,164.0
2021-02-24,72,152.0
2021-02-24,73,146.0
2021-02-24,74,142.0
2021-02-24,75,159.0
2021-02-24,76,160.0
2021-02-24,77,154.0
2021-02-24,78,168.0
2021-02-24,79,155.0
2021-02-24,80,128.0
2021-02-24,81,131.0
2021-02-24,82,141.0
2021-02-24,83,142.0
2021-02-24,84,140.0
2021-02-24,85,142.0
2021-02-24,86,122.0
2021-02-24,87,120.0
2021-02-24,88,104.0
2021-02-24,89,124.0
2021-02-24,90,122.0
2021-02-24,91,135.0
2021-02-24,92,129.0
2021-02-24,93,122.0
2021-02-24,94,119.0
2021-02-24,95,89.0
2021-02-25,0,74.0
2021-02-25,1,70.0
2021-02-25,2,70.0
2021-02-25,3,70.0
2021-02-25,4,104.0
2021-02-25,5,123.0
2021-02-25,6,128.0
2021-02-25,7,121.0
2021-02-25,8,125.0
2021-02-25,9,126.0
2021-02-25,10,102.0
2021-02-25,11,115.0
2021-02-25,12,98.0
2021-02-25,13,124.0
2021-02-25,14,127.0
2021-02-25,15,128.0
2021-02-25,16,116.0
2021-02-25,17,116.0
2021-02-25,18,122.0
2021-02-25,19,119.0
2021-02-25,20,105.0
2021-02-25,21,93.0
2021-02-25,22,112.0
2021-02-25,23,114.0
2021-02-25,24,108.0
2021-02-25,25,107.0
2021-02-25,26,120.0
2021-02-25,27,122.0
2021-02-25,28,122.0
2021-02-25,29,124.0
2021-02-25,30,152.0
2021-02-25,31,142.0
2021-02-25,32,135.0
2021-02-25,33,154.0
2021-02-25,34,166.0
2021-02-25,35,168.0
2021-02-25,36,162.0
2021-02-25,37,170.0
2021-02-25,38,178.0
2021-02-25,39,169.0
2021-02-25,40,151.0
2021-02-25,41,176.0
2021-02-25,42,178.0
2021-02-25,43,182.0
2021-02-25,44,184.0
2021-02-25,45,177.0
2021-02-25,46,177.0
2021-02-25,47,183.0
2021-02-25,48,136.0
2021-02-25,49,112.0
2021-02-25,50,105.0
2021-02-25,51,134.0
2021-02-25,52,185.0
2021-02-25,53,184.0
2021-02-25,54,174.0
2021-02-25,55,174.0
2021-02-25,56,184.0
2021-02-25,57,177.0
2021-02-25,58,169.0
2021-02-25,59,178.0
2021-02-25,60,152.0
2021-02-25,61,182.0
2021-02-25,62,186.0
2021-02-25,63,178.0
2021-02-25,64,165.0
2021-02-25,65,155.0
2021-02-25,66,169.0
2021-02-25,67,176.0
2021-02-25,68,126.0
2021-02-25,69,104.0
2021-02-25,70,154.0
2021-02-25,71,180.0
2021-02-25,72,164.0
2021-02-25,73,148.0
2021-02-25,74,130.0
2021-02-25,75,124.0
2021-02-25,76,127.0
2021-02-25,77,111.0
2021-02-25,78,107.0
2021-02-25,79,96.0
2021-02-25,80,100.0
2021-02-25,81,109.0
2021-02-25,82,111.0
2021-02-25,83,115.0
2021-02-25,84,121.0
2021-02-25,85,118.0
2021-02-25,86,118.0
2021-02-25,87,108.0
2021-02-25,88,108.0
2021-02-25,89,116.0
2021-02-25,90,136.0
2021-02-25,91,132.0
2021-02-25,92,122.0
2021-02-25,93,107.0
2021-02-25,94,94.0
2021-02-25,95,84.0
2021-02-26,0,71.0
2021-02-26,1,71.0
2021-02-26,2,71.0
2021-02-26,3,71.0
2021-02-26,4,103.0
2021-02-26,5,124.0
2021-02-26,6,124.0
2021-02-26,7,112.0
2021-02-26,8,107.0
2021-02-26,9,103.0
2021-02-26,10,109.0
2021-02-26,11,125.0
2021-02-26,12,104.0
2021-02-26,13,113.0
2021-02-26,14,113.0
2021-02-26,15,107.0
2021-02-26,16,120.0
2021-02-26,17,131.0
2021-02-26,18,124.0
2021-02-26,19,126.0
2021-02-26,20,96.0
2021-02-26,21,79.0
2021-02-26,22,101.0
2021-02-26,23,113.0
2021-02-26,24,119.0
2021-02-26,25,127.0
2021-02-26,26,119.0
2021-02-26,27,107.0
2021-02-26,28,95.0
2021-02-26,29,94.0
2021-02-26,30,64.0
2021-02-26,31,30.0
2021-02-26,32,24.0
2021-02-26,33,23.0
2021-02-26,34,23.0
2021-02-26,35,23.0
2021-02-26,36,23.0
2021-02-26,37,23.0
2021-02-26,38,23.0
2021-02-26,39,23.0
2021-02-26,40,23.0
2021-02-26,41,25.0
2021-02-26,42,28.0
2021-02-26,43,27.0
2021-02-26,44,23.0
2021-02-26,45,24.0
2021-02-26,46,24.0
2021-02-26,47,24.0
2021-02-26,48,23.0
2021-02-26,49,24.0
2021-02-26,50,24.0
2021-02-26,51,24.0
2021-02-26,52,23.0
2021-02-26,53,23.0
2021-02-26,54,27.0
2021-02-26,55,28.0
2021-02-26,56,25.0
2021-02-26,57,23.0
2021-02-26,58,23.0
2021-02-26,59,24.0
2021-02-26,60,23.0
2021-02-26,61,23.0
2021-02-26,62,23.0
2021-02-26,63,24.0
2021-02-26,64,23.0
2021-02-26,65,23.0
2021-02-26,66,23.0
2021-02-26,67,24.0
2021-02-26,68,28.0
2021-02-26,69,28.0
2021-02-26,70,23.0
2021-02-26,71,24.0
2021-02-26,72,24.0
2021-02-26,73,24.0
2021-02-26,74,23.0
2021-02-26,75,24.0
2021-02-26,76,24.0
2021-02-26,77,23.0
2021-02-26,78,24.0
2021-02-26,79,24.0
2021-02-26,80,24.0
2021-02-26,81,28.0
2021-02-26,82,25.0
2021-02-26,83,23.0
2021-02-26,84,23.0
2021-02-26,85,24.0
2021-02-26,86,23.0
2021-02-26,87,24.0
2021-02-26,88,24.0
2021-02-26,89,24.0
2021-02-26,90,23.0
2021-02-26,91,24.0
2021-02-26,92,23.0
2021-02-26,93,24.0
2021-02-26,94,28.0
2021-02-26,95,27.0
2021-02-27,0,71.0
2021-02-27,1,64.0
2021-02-27,2,65.0
2021-02-27,3,65.0
2021-02-27,4,97.0
2021-02-27,5,106.0
2021-02-27,6,111.0
2021-02-27,7,110.0
2021-02-27,8,107.0
2021-02-27,9,100.0
2021-02-27,10,98.0
2021-02-27,11,111.0
2021-02-27,12,95.0
2021-02-27,13,112.0
2021-02-27,14,112.0
2021-02-27,15,107.0
2021-02-27,16,105.0
2021-02-27,17,108.0
2021-02-27,18,113.0
2021-02-27,19,109.0
2021-02-27,20,80.0
2021-02-27,21,73.0
2021-02-27,22,97.0
2021-02-27,23,110.0
2021-02-27,24,104.0
2021-02-27,25,96.0
2021-02-27,26,106.0
2021-02-27,27,103.0
2021-02-27,28,92.0
2021-02-27,29,90.0
2021-02-27,30,68.0
2021-02-27,31,32.0
2021-02-27,32,22.0
2021-02-27,33,22.0
2021-02-27,34,24.0
2021-02-27,35,23.0
2021-02-27,36,24.0
2021-02-27,37,24.0
2021-02-27,38,24.0
2021-02-27,39,28.0
2021-02-27,40,29.0
2021-02-27,41,25.0
2021-02-27,42,25.0
2021-02-27,43,25.0
2021-02-27,44,24.0
2021-02-27,45,25.0
2021-02-27,46,29.0
2021-02-27,47,27.0
2021-02-27,48,25.0
2021-02-27,49,25.0
2021-02-27,50,24.0
2021-02-27,51,24.0
2021-02-27,52,27.0
2021-02-27,53,22.0
2021-02-27,54,22.0
2021-02-27,55,21.0
2021-02-27,56,22.0
2021-02-27,57,23.0
2021-02-27,58,22.0
2021-02-27,59,22.0
2021-02-27,60,22.0
2021-02-27,61,23.0
2021-02-27,62,23.0
2021-02-27,63,22.0
2021-02-27,64,26.0
2021-02-27,65,27.0
2021-02-27,66,23.0
2021-02-27,67,23.0
2021-02-27,68,23.0
2021-02-27,69,22.0
2021-02-27,70,22.0
2021-02-27,71,23.0
2021-02-27,72,22.0
2021-02-27,73,22.0
2021-02-27,74,22.0
2021-02-27,75,22.0
2021-02-27,76,23.0
2021-02-27,77,22.0
2021-02-27,78,26.0
2021-02-27,79,27.0
2021-02-27,80,23.0
2021-02-27,81,22.0
2021-02-27,82,22.0
2021-02-27,83,23.0
2021-02-27,84,23.0
2021-02-27,85,23.0
2021-02-27,86,22.0
2021-02-27,87,23.0
2021-02-27,88,23.0
2021-02-27,89,23.0
2021-02-27,90,22.0
2021-02-27,91,22.0
2021-02-27,92,26.0
2021-02-27,93,27.0
2021-02-27,94,22.0
2021-02-27,95,22.0
2021-02-28,0,23.0
2021-02-28,1,22.0
2021-02-28,2,23.0
2021-02-28,3,22.0
2021-02-28,4,22.0
2021-02-28,5,22.0
2021-02-28,6,22.0
2021-02-28,7,21.0
2021-02-28,8,22.0
2021-02-28,9,24.0
2021-02-28,10,27.0
2021-02-28,11,25.0
2021-02-28,12,22.0
2021-02-28,13,22.0
2021-02-28,14,22.0
2021-02-28,15,22.0
2021-02-28,16,22.0
2021-02-28,17,22.0
2021-02-28,18,23.0
2021-02-28,19,23.0
2021-02-28,20,22.0
2021-02-28,21,22.0
2021-02-28,22,22.0
2021-02-28,23,23.0
2021-02-28,24,25.0
2021-02-28,25,26.0
2021-02-28,26,22.0
2021-02-28,27,22.0
2021-02-28,28,22.0
2021-02-28,29,22.0
2021-02-28,30,22.0
2021-02-28,31,21.0
2021-02-28,32,21.0
2021-02-28,33,22.0
2021-02-28,34,21.0
2021-02-28,35,22.0
2021-02-28,36,22.0
2021-02-28,37,24.0
2021-02-28,38,26.0
2021-02-28,39,24.0
2021-02-28,40,22.0
2021-02-28,41,22.0
2021-02-28,42,22.0
2021-02-28,43,23.0
2021-02-28,44,22.0
2021-02-28,45,22.0
2021-02-28,46,22.0
2021-02-28,47,22.0
2021-02-28,48,23.0
2021-02-28,49,23.0
2021-02-28,50,23.0
2021-02-28,51,27.0
2021-02-28,52,25.0
2021-02-28,53,22.0
2021-02-28,54,23.0
2021-02-28,55,22.0
2021-02-28,56,22.0
2021-02-28,57,22.0
2021-02-28,58,23.0
2021-02-28,59,22.0
2021-02-28,60,22.0
2021-02-28,61,22.0
2021-02-28,62,23.0
2021-02-28,63,22.0
2021-02-28,64,27.0
2021-02-28,65,27.0
2021-02-28,66,23.0
2021-02-28,67,23.0
2021-02-28,68,22.0
2021-02-28,69,22.0
2021-02-28,70,22.0
2021-02-28,71,22.0
2021-02-28,72,22.0
2021-02-28,73,22.0
2021-02-28,74,22.0
2021-02-28,75,22.0
2021-02-28,76,22.0
2021-02-28,77,23.0
2021-02-28,78,26.0
2021-02-28,79,24.0
2021-02-28,80,22.0
2021-02-28,81,22.0
2021-02-28,82,22.0
2021-02-28,83,22.0
2021-02-28,84,23.0
2021-02-28,85,22.0
2021-02-28,86,23.0
2021-02-28,87,22.0
2021-02-28,88,22.0
2021-02-28,89,22.0
2021-02-28,90,22.0
2021-02-28,91,25.0
2021-02-28,92,26.0
2021-02-28,93,23.0
2021-02-28,94,22.0
2021-02-28,95,23.0
2021-03-01,0,62.0
2021-03-01,1,61.0
2021-03-01,2,61.0
2021-03-01,3,61.0
2021-03-01,4,89.0
2021-03-01,5,94.0
2021-03-01,6,106.0
2021-03-01,7,105.0
2021-03-01,8,102.0
2021-03-01,9,99.0
2021-03-01,10,107.0
2021-03-01,11,106.0
2021-03-01,12,98.0
2021-03-01,13,104.0
2021-03-01,14,101.0
2021-03-01,15,107.0
2021-03-01,16,107.0
2021-03-01,17,106.0
2021-03-01,18,106.0
2021-03-01,19,100.0
2021-03-01,20,84.0
2021-03-01,21,78.0
2021-03-01,22,93.0
2021-03-01,23,103.0
2021-03-01,24,116.0
2021-03-01,25,106.0
2021-03-01,26,106.0
2021-03-01,27,106.0
2021-03-01,28,101.0
2021-03-01,29,109.0
2021-03-01,30,139.0
2021-03-01,31,139.0
2021-03-01,32,165.0
2021-03-01,33,178.0
2021-03-01,34,179.0
2021-03-01,35,195.0
2021-03-01,36,175.0
2021-03-01,37,167.0
2021-03-01,38,168.0
2021-03-01,39,182.0
2021-03-01,40,134.0
2021-03-01,41,183.0
2021-03-01,42,178.0
2021-03-01,43,187.0
2021-03-01,44,184.0
2021-03-01,45,180.0
2021-03-01,46,177.0
2021-03-01,47,156.0
2021-03-01,48,93.0
2021-03-01,49,80.0
2021-03-01,50,80.0
2021-03-01,51,121.0
2021-03-01,52,163.0
2021-03-01,53,175.0
2021-03-01,54,177.0
2021-03-01,55,163.0
2021-03-01,56,167.0
2021-03-01,57,167.0
2021-03-01,58,163.0
2021-03-01,59,161.0
2021-03-01,60,130.0
2021-03-01,61,156.0
2021-03-01,62,159.0
2021-03-01,63,162.0
2021-03-01,64,167.0
2021-03-01,65,151.0
2021-03-01,66,161.0
2021-03-01,67,169.0
2021-03-01,68,107.0
2021-03-01,69,95.0
2021-03-01,70,137.0
2021-03-01,71,155.0
2021-03-01,72,161.0
2021-03-01,73,139.0
2021-03-01,74,143.0
2021-03-01,75,143.0
2021-03-01,76,140.0
2021-03-01,77,141.0
2021-03-01,78,158.0
2021-03-01,79,135.0
2021-03-01,80,124.0
2021-03-01,81,123.0
2021-03-01,82,116.0
2021-03-01,83,120.0
2021-03-01,84,128.0
2021-03-01,85,124.0
2021-03-01,86,117.0
2021-03-01,87,115.0
2021-03-01,88,97.0
2021-03-01,89,113.0
2021-03-01,90,101.0
2021-03-01,91,112.0
2021-03-01,92,110.0
2021-03-01,93,106.0
2021-03-01,94,107.0
2021-03-01,95,71.0
2021-03-02,0,63.0
2021-03-02,1,62.0
2021-03-02,2,62.0
2021-03-02,3,62.0
2021-03-02,4,90.0
2021-03-02,5,101.0
2021-03-02,6,106.0
2021-03-02,7,111.0
2021-03-02,8,107.0
2021-03-02,9,105.0
2021-03-02,10,113.0
2021-03-02,11,110.0
2021-03-02,12,89.0
2021-03-02,13,108.0
2021-03-02,14,110.0
2021-03-02,15,107.0
2021-03-02,16,107.0
2021-03-02,17,100.0
2021-03-02,18,99.0
2021-03-02,19,93.0
2021-03-02,20,70.0
2021-03-02,21,67.0
2021-03-02,22,95.0
2021-03-02,23,106.0
2021-03-02,24,116.0
2021-03-02,25,99.0
2021-03-02,26,96.0
2021-03-02,27,99.0
2021-03-02,28,109.0
2021-03-02,29,119.0
2021-03-02,30,149.0
2021-03-02,31,151.0
2021-03-02,32,167.0
2021-03-02,33,173.0
2021-03-02,34,172.0
2021-03-02,35,177.0
2021-03-02,36,169.0
2021-03-02,37,180.0
2021-03-02,38,179.0
2021-03-02,39,178.0
2021-03-02,40,133.0
2021-03-02,41,177.0
2021-03-02,42,191.0
2021-03-02,43,190.0
2021-03-02,44,185.0
2021-03-02,45,163.0
2021-03-02,46,162.0
2021-03-02,47,160.0
2021-03-02,48,103.0
2021-03-02,49,86.0
2021-03-02,50,91.0
2021-03-02,51,131.0
2021-03-02,52,177.0
2021-03-02,53,189.0
2021-03-02,54,179.0
2021-03-02,55,182.0
2021-03-02,56,175.0
2021-03-02,57,174.0
2021-03-02,58,180.0
2021-03-02,59,179.0
2021-03-02,60,152.0
2021-03-02,61,166.0
2021-03-02,62,157.0
2021-03-02,63,147.0
2021-03-02,64,159.0
2021-03-02,65,172.0
2021-03-02,66,171.0
2021-03-02,67,166.0
2021-03-02,68,130.0
2021-03-02,69,114.0
2021-03-02,70,143.0
2021-03-02,71,158.0
2021-03-02,72,154.0
2021-03-02,73,153.0
2021-03-02,74,154.0
2021-03-02,75,145.0
2021-03-02,76,142.0
2021-03-02,77,135.0
2021-03-02,78,122.0
2021-03-02,79,111.0
2021-03-02,80,104.0
2021-03-02,81,118.0
2021-03-02,82,114.0
2021-03-02,83,114.0
2021-03-02,84,108.0
2021-03-02,85,110.0
2021-03-02,86,114.0
2021-03-02,87,113.0
2021-03-02,88,92.0
2021-03-02,89,106.0
2021-03-02,90,100.0
2021-03-02,91,104.0
2021-03-02,92,109.0
2021-03-02,93,108.0
2021-03-02,94,95.0
2021-03-02,95,72.0
2021-03-03,0,69.0
2021-03-03,1,65.0
2021-03-03,2,64.0
2021-03-03,3,66.0
2021-03-03,4,90.0
2021-03-03,5,104.0
2021-03-03,6,115.0
2021-03-03,7,111.0
2021-03-03,8,113.0
2021-03-03,9,113.0
2021-03-03,10,115.0
2021-03-03,11,109.0
2021-03-03,12,99.0
2021-03-03,13,105.0
2021-03-03,14,107.0
2021-03-03,15,110.0
2021-03-03,16,109.0
2021-03-03,17,108.0
2021-03-03,18,102.0
2021-03-03,19,104.0
2021-03-03,20,82.0
2021-03-03,21,77.0
2021-03-03,22,99.0
2021-03-03,23,107.0
2021-03-03,24,118.0
2021-03-03,25,113.0
2021-03-03,26,109.0
2021-03-03,27,108.0
2021-03-03,28,106.0
2021-03-03,29,119.0
2021-03-03,30,140.0
2021-03-03,31,149.0
2021-03-03,32,159.0
2021-03-03,33,181.0
2021-03-03,34,174.0
2021-03-03,35,167.0
2021-03-03,36,170.0
2021-03-03,37,169.0
2021-03-03,38,171.0
2021-03-03,39,169.0
2021-03-03,40,132.0
2021-03-03,41,156.0
2021-03-03,42,164.0
2021-03-03,43,170.0
2021-03-03,44,172.0
2021-03-03,45,153.0
2021-03-03,46,163.0
2021-03-03,47,160.0
2021-03-03,48,106.0
2021-03-03,49,89.0
2021-03-03,50,90.0
2021-03-03,51,121.0
2021-03-03,52,152.0
2021-03-03,53,156.0
2021-03-03,54,165.0
2021-03-03,55,159.0
2021-03-03,56,158.0
2021-03-03,57,156.0
2021-03-03,58,158.0
2021-03-03,59,163.0
2021-03-03,60,135.0
2021-03-03,61,153.0
2021-03-03,62,156.0
2021-03-03,63,161.0
2021-03-03,64,156.0
2021-03-03,65,162.0
2021-03-03,66,163.0
2021-03-03,67,159.0
2021-03-03,68,128.0
2021-03-03,69,113.0
2021-03-03,70,137.0
2021-03-03,71,151.0
2021-03-03,72,150.0
2021-03-03,73,145.0
2021-03-03,74,123.0
2021-03-03,75,110.0
2021-03-03,76,112.0
2021-03-03,77,119.0
2021-03-03,78,117.0
2021-03-03,79,111.0
2021-03-03,80,108.0
2021-03-03,81,125.0
2021-03-03,82,130.0
2021-03-03,83,126.0
2021-03-03,84,132.0
2021-03-03,85,123.0
2021-03-03,86,120.0
2021-03-03,87,116.0
2021-03-03,88,106.0
2021-03-03,89,111.0
2021-03-03,90,116.0
2021-03-03,91,118.0
2021-03-03,92,114.0
2021-03-03,93,114.0
2021-03-03,94,109.0
2021-03-03,95,81.0
2021-03-04,0,72.0
2021-03-04,1,67.0
2021-03-04,2,66.0
2021-03-04,3,66.0
2021-03-04,4,96.0
2021-03-04,5,108.0
2021-03-04,6,119.0
2021-03-04,7,109.0
2021-03-04,8,106.0
2021-03-04,9,106.0
2021-03-04,10,111.0
2021-03-04,11,116.0
2021-03-04,12,104.0
2021-03-04,13,105.0
2021-03-04,14,104.0
2021-03-04,15,113.0
2021-03-04,16,115.0
2021-03-04,17,109.0
2021-03-04,18,108.0
2021-03-04,19,103.0
2021-03-04,20,85.0
2021-03-04,21,78.0
2021-03-04,22,91.0
2021-03-04,23,107.0
2021-03-04,24,118.0
2021-03-04,25,112.0
2021-03-04,26,105.0
2021-03-04,27,100.0
2021-03-04,28,110.0
2021-03-04,29,125.0
2021-03-04,30,142.0
2021-03-04,31,136.0
2021-03-04,32,154.0
2021-03-04,33,153.0
2021-03-04,34,159.0
2021-03-04,35,159.0
2021-03-04,36,158.0
2021-03-04,37,158.0
2021-03-04,38,159.0
2021-03-04,39,166.0
2021-03-04,40,127.0
2021-03-04,41,158.0
2021-03-04,42,173.0
2021-03-04,43,168.0
2021-03-04,44,141.0
2021-03-04,45,150.0
2021-03-04,46,155.0
2021-03-04,47,149.0
2021-03-04,48,81.0
2021-03-04,49,64.0
2021-03-04,50,94.0
2021-03-04,51,118.0
2021-03-04,52,158.0
2021-03-04,53,158.0
2021-03-04,54,154.0
2021-03-04,55,151.0
2021-03-04,56,143.0
2021-03-04,57,154.0
2021-03-04,58,151.0
2021-03-04,59,160.0
2021-03-04,60,125.0
2021-03-04,61,142.0
2021-03-04,62,144.0
2021-03-04,63,149.0
2021-03-04,64,140.0
2021-03-04,65,141.0
2021-03-04,66,145.0
2021-03-04,67,140.0
2021-03-04,68,105.0
2021-03-04,69,103.0
2021-03-04,70,138.0
2021-03-04,71,143.0
2021-03-04,72,139.0
2021-03-04,73,138.0
2021-03-04,74,135.0
2021-03-04,75,145.0
2021-03-04,76,135.0
2021-03-04,77,119.0
2021-03-04,78,103.0
2021-03-04,79,94.0
2021-03-04,80,91.0
2021-03-04,81,96.0
2021-03-04,82,105.0
2021-03-04,83,111.0
2021-03-04,84,110.0
2021-03-04,85,105.0
2021-03-04,86,109.0
2021-03-04,87,109.0
2021-03-04,88,96.0
2021-03-04,89,111.0
2021-03-04,90,111.0
2021-03-04,91,109.0
2021-03-04,92,109.0
2021-03-04,93,112.0
2021-03-04,94,102.0
2021-03-04,95,65.0
2021-03-05,0,22.0
2021-03-05,1,22.0
2021-03-05,2,26.0
2021-03-05,3,26.0
2021-03-05,4,21.0
2021-03-05,5,21.0
2021-03-05,6,21.0
2021-03-05,7,22.0
2021-03-05,8,21.0
2021-03-05,9,21.0
2021-03-05,10,21.0
2021-03-05,11,22.0
2021-03-05,12,22.0
2021-03-05,13,22.0
2021-03-05,14,22.0
2021-03-05,15,24.0
2021-03-05,16,26.0
2021-03-05,17,24.0
2021-03-05,18,22.0
2021-03-05,19,21.0
2021-03-05,20,21.0
2021-03-05,21,21.0
2021-03-05,22,21.0
2021-03-05,23,22.0
2021-03-05,24,22.0
2021-03-05,25,21.0
2021-03-05,26,21.0
2021-03-05,27,21.0
2021-03-05,28,21.0
2021-03-05,29,26.0
2021-03-05,30,26.0
2021-03-05,31,22.0
2021-03-05,32,21.0
2021-03-05,33,21.0
2021-03-05,34,21.0
2021-03-05,35,21.0
2021-03-05,36,21.0
2021-03-05,37,21.0
2021-03-05,38,21.0
2021-03-05,39,21.0
2021-03-05,40,21.0
2021-03-05,41,21.0
2021-03-05,42,22.0
2021-03-05,43,26.0
2021-03-05,44,25.0
2021-03-05,45,21.0
2021-03-05,46,21.0
2021-03-05,47,21.0
2021-03-05,48,21.0
2021-03-05,49,21.0
2021-03-05,50,21.0
2021-03-05,51,21.0
2021-03-05,52,21.0
2021-03-05,53,21.0
2021-03-05,54,21.0
2021-03-05,55,21.0
2021-03-05,56,24.0
2021-03-05,57,25.0
2021-03-05,58,21.0
2021-03-05,59,21.0
2021-03-05,60,21.0
2021-03-05,61,21.0
2021-03-05,62,21.0
2021-03-05,63,21.0
2021-03-05,64,21.0
2021-03-05,65,21.0
2021-03-05,66,21.0
2021-03-05,67,21.0
2021-03-05,68,24.0
2021-03-05,69,26.0
2021-03-05,70,22.0
2021-03-05,71,21.0
2021-03-05,72,21.0
2021-03-05,73,21.0
2021-03-05,74,21.0
2021-03-05,75,21.0
2021-03-05,76,21.0
2021-03-05,77,21.0
2021-03-05,78,21.0
2021-03-05,79,21.0
2021-03-05,80,22.0
2021-03-05,81,26.0
2021-03-05,82,24.0
2021-03-05,83,21.0
2021-03-05,84,21.0
2021-03-05,85,21.0
2021-03-05,86,21.0
2021-03-05,87,22.0
2021-03-05,88,21.0
2021-03-05,89,21.0
2021-03-05,90,21.0
2021-03-05,91,21.0
2021-03-05,92,21.0
2021-03-05,93,24.0
2021-03-05,94,26.0
2021-03-05,95,25.0
2021-03-06,0,63.0
2021-03-06,1,63.0
2021-03-06,2,64.0
2021-03-06,3,63.0
2021-03-06,4,96.0
2021-03-06,5,93.0
2021-03-06,6,116.0
2021-03-06,7,113.0
2021-03-06,8,106.0
2021-03-06,9,96.0
2021-03-06,10,106.0
2021-03-06,11,107.0
2021-03-06,12,92.0
2021-03-06,13,110.0
2021-03-06,14,110.0
2021-03-06,15,109.0
2021-03-06,16,108.0
2021-03-06,17,105.0
2021-03-06,18,106.0
2021-03-06,19,108.0
2021-03-06,20,89.0
2021-03-06,21,83.0
2021-03-06,22,99.0
2021-03-06,23,98.0
2021-03-06,24,102.0
2021-03-06,25,111.0
2021-03-06,26,110.0
2021-03-06,27,103.0
2021-03-06,28,92.0
2021-03-06,29,75.0
2021-03-06,30,48.0
2021-03-06,31,29.0
2021-03-06,32,27.0
2021-03-06,33,25.0
2021-03-06,34,22.0
2021-03-06,35,22.0
2021-03-06,36,22.0
2021-03-06,37,22.0
2021-03-06,38,22.0
2021-03-06,39,22.0
2021-03-06,40,22.0
2021-03-06,41,22.0
2021-03-06,42,22.0
2021-03-06,43,22.0
2021-03-06,44,22.0
2021-03-06,45,23.0
2021-03-06,46,28.0
2021-03-06,47,27.0
2021-03-06,48,22.0
2021-03-06,49,23.0
2021-03-06,50,22.0
2021-03-06,51,22.0
2021-03-06,52,22.0
2021-03-06,53,23.0
2021-03-06,54,22.0
2021-03-06,55,22.0
2021-03-06,56,22.0
2021-03-06,57,23.0
2021-03-06,58,22.0
2021-03-06,59,23.0
2021-03-06,60,28.0
2021-03-06,61,26.0
2021-03-06,62,23.0
2021-03-06,63,22.0
2021-03-06,64,23.0
2021-03-06,65,23.0
2021-03-06,66,22.0
2021-03-06,67,23.0
2021-03-06,68,22.0
2021-03-06,69,22.0
2021-03-06,70,22.0
2021-03-06,71,23.0
2021-03-06,72,22.0
2021-03-06,73,23.0
2021-03-06,74,27.0
2021-03-06,75,27.0
2021-03-06,76,22.0
2021-03-06,77,22.0
2021-03-06,78,22.0
2021-03-06,79,22.0
2021-03-06,80,22.0
2021-03-06,81,22.0
2021-03-06,82,22.0
2021-03-06,83,22.0
2021-03-06,84,23.0
2021-03-06,85,22.0
2021-03-06,86,22.0
2021-03-06,87,27.0
2021-03-06,88,26.0
2021-03-06,89,22.0
2021-03-06,90,22.0
2021-03-06,91,22.0
2021-03-06,92,22.0
2021-03-06,93,22.0
2021-03-06,94,22.0
2021-03-06,95,22.0
2021-03-07,0,22.0
2021-03-07,1,22.0
2021-03-07,2,22.0
2021-03-07,3,25.0
2021-03-07,4,26.0
2021-03-07,5,22.0
2021-03-07,6,22.0
2021-03-07,7,22.0
2021-03-07,8,22.0
2021-03-07,9,22.0
2021-03-07,10,22.0
2021-03-07,11,22.0
2021-03-07,12,22.0
2021-03-07,13,22.0
2021-03-07,14,22.0
2021-03-07,15,23.0
2021-03-07,16,22.0
2021-03-07,17,24.0
2021-03-07,18,27.0
2021-03-07,19,22.0
2021-03-07,20,22.0
2021-03-07,21,22.0
2021-03-07,22,22.0
2021-03-07,23,22.0
2021-03-07,24,22.0
2021-03-07,25,22.0
2021-03-07,26,22.0
2021-03-07,27,22.0
2021-03-07,28,24.0
2021-03-07,29,44.0
2021-03-07,30,67.0
2021-03-07,31,90.0
2021-03-07,32,151.0
2021-03-07,33,169.0
2021-03-07,34,182.0
2021-03-07,35,182.0
2021-03-07,36,179.0
2021-03-07,37,166.0
2021-03-07,38,157.0
2021-03-07,39,162.0
2021-03-07,40,137.0
2021-03-07,41,176.0
2021-03-07,42,159.0
2021-03-07,43,171.0
2021-03-07,44,169.0
2021-03-07,45,170.0
2021-03-07,46,166.0
2021-03-07,47,168.0
2021-03-07,48,120.0
2021-03-07,49,105.0
2021-03-07,50,106.0
2021-03-07,51,129.0
2021-03-07,52,169.0
2021-03-07,53,173.0
2021-03-07,54,182.0
2021-03-07,55,175.0
2021-03-07,56,165.0
2021-03-07,57,176.0
2021-03-07,58,180.0
2021-03-07,59,177.0
2021-03-07,60,135.0
2021-03-07,61,166.0
2021-03-07,62,175.0
2021-03-07,63,174.0
2021-03-07,64,158.0
2021-03-07,65,166.0
2021-03-07,66,164.0
2021-03-07,67,173.0
2021-03-07,68,123.0
2021-03-07,69,118.0
2021-03-07,70,151.0
2021-03-07,71,151.0
2021-03-07,72,154.0
2021-03-07,73,158.0
2021-03-07,74,154.0
2021-03-07,75,143.0
2021-03-07,76,141.0
2021-03-07,77,147.0
2021-03-07,78,131.0
2021-03-07,79,99.0
2021-03-07,80,101.0
2021-03-07,81,114.0
2021-03-07,82,108.0
2021-03-07,83,110.0
2021-03-07,84,110.0
2021-03-07,85,113.0
2021-03-07,86,110.0
2021-03-07,87,111.0
2021-03-07,88,84.0
2021-03-07,89,100.0
2021-03-07,90,98.0
2021-03-07,91,97.0
2021-03-07,92,110.0
2021-03-07,93,106.0
2021-03-07,94,100.0
2021-03-07,95,77.0
2021-03-08,0,64.0
2021-03-08,1,63.0
2021-03-08,2,63.0
2021-03-08,3,62.0
2021-03-08,4,87.0
2021-03-08,5,94.0
2021-03-08,6,105.0
2021-03-08,7,110.0
2021-03-08,8,104.0
2021-03-08,9,98.0
2021-03-08,10,98.0
2021-03-08,11,111.0
2021-03-08,12,90.0
2021-03-08,13,105.0
2021-03-08,14,99.0
2021-03-08,15,104.0
2021-03-08,16,105.0
2021-03-08,17,105.0
2021-03-08,18,100.0
2021-03-08,19,110.0
2021-03-08,20,82.0
2021-03-08,21,72.0
2021-03-08,22,94.0
2021-03-08,23,101.0
2021-03-08,24,109.0
2021-03-08,25,104.0
2021-03-08,26,96.0
2021-03-08,27,81.0
2021-03-08,28,72.0
2021-03-08,29,77.0
2021-03-08,30,107.0
2021-03-08,31,117.0
2021-03-08,32,141.0
2021-03-08,33,154.0
2021-03-08,34,161.0
2021-03-08,35,160.0
2021-03-08,36,165.0
2021-03-08,37,160.0
2021-03-08,38,160.0
2021-03-08,39,156.0
2021-03-08,40,127.0
2021-03-08,41,153.0
2021-03-08,42,138.0
2021-03-08,43,150.0
2021-03-08,44,159.0
2021-03-08,45,160.0
2021-03-08,46,167.0
2021-03-08,47,171.0
2021-03-08,48,106.0
2021-03-08,49,87.0
2021-03-08,50,94.0
2021-03-08,51,124.0
2021-03-08,52,157.0
2021-03-08,53,174.0
2021-03-08,54,168.0
2021-03-08,55,160.0
2021-03-08,56,156.0
2021-03-08,57,164.0
2021-03-08,58,167.0
2021-03-08,59,176.0
2021-03-08,60,139.0
2021-03-08,61,173.0
2021-03-08,62,153.0
2021-03-08,63,180.0
2021-03-08,64,150.0
2021-03-08,65,166.0
2021-03-08,66,164.0
2021-03-08,67,152.0
2021-03-08,68,127.0
2021-03-08,69,110.0
2021-03-08,70,147.0
2021-03-08,71,161.0
2021-03-08,72,150.0
2021-03-08,73,156.0
2021-03-08,74,152.0
2021-03-08,75,157.0
2021-03-08,76,155.0
2021-03-08,77,144.0
2021-03-08,78,140.0
2021-03-08,79,128.0
2021-03-08,80,134.0
2021-03-08,81,132.0
2021-03-08,82,117.0
2021-03-08,83,132.0
2021-03-08,84,132.0
2021-03-08,85,123.0
2021-03-08,86,116.0
2021-03-08,87,114.0
2021-03-08,88,91.0
2021-03-08,89,109.0
2021-03-08,90,115.0
2021-03-08,91,113.0
2021-03-08,92,105.0
2021-03-08,93,114.0
2021-03-08,94,104.0
2021-03-08,95,82.0
2021-03-09,0,72.0
2021-03-09,1,69.0
2021-03-09,2,65.0
2021-03-09,3,65.0
2021-03-09,4,92.0
2021-03-09,5,97.0
2021-03-09,6,103.0
2021-03-09,7,103.0
2021-03-09,8,107.0
2021-03-09,9,106.0
2021-03-09,10,99.0
2021-03-09,11,103.0
2021-03-09,12,92.0
2021-03-09,13,109.0
2021-03-09,14,113.0
2021-03-09,15,99.0
2021-03-09,16,96.0
2021-03-09,17,101.0
2021-03-09,18,100.0
2021-03-09,19,101.0
2021-03-09,20,84.0
2021-03-09,21,73.0
2021-03-09,22,90.0
2021-03-09,23,91.0
2021-03-09,24,102.0
2021-03-09,25,100.0
2021-03-09,26,106.0
2021-03-09,27,105.0
2021-03-09,28,105.0
2021-03-09,29,115.0
2021-03-09,30,150.0
2021-03-09,31,140.0
2021-03-09,32,158.0
2021-03-09,33,169.0
2021-03-09,34,174.0
2021-03-09,35,174.0
2021-03-09,36,168.0
2021-03-09,37,179.0
2021-03-09,38,178.0
2021-03-09,39,164.0
2021-03-09,40,135.0
2021-03-09,41,180.0
2021-03-09,42,178.0
2021-03-09,43,172.0
2021-03-09,44,168.0
2021-03-09,45,166.0
2021-03-09,46,178.0
2021-03-09,47,174.0
2021-03-09,48,119.0
2021-03-09,49,102.0
2021-03-09,50,96.0
2021-03-09,51,122.0
2021-03-09,52,159.0
2021-03-09,53,162.0
2021-03-09,54,175.0
2021-03-09,55,181.0
2021-03-09,56,168.0
2021-03-09,57,160.0
2021-03-09,58,163.0
2021-03-09,59,170.0
2021-03-09,60,129.0
2021-03-09,61,170.0
2021-03-09,62,168.0
2021-03-09,63,164.0
2021-03-09,64,159.0
2021-03-09,65,146.0
2021-03-09,66,144.0
2021-03-09,67,154.0
2021-03-09,68,108.0
2021-03-09,69,104.0
2021-03-09,70,144.0
2021-03-09,71,161.0
2021-03-09,72,156.0
2021-03-09,73,156.0
2021-03-09,74,161.0
2021-03-09,75,145.0
2021-03-09,76,148.0
2021-03-09,77,136.0
2021-03-09,78,131.0
2021-03-09,79,111.0
2021-03-09,80,106.0
2021-03-09,81,112.0
2021-03-09,82,106.0
2021-03-09,83,113.0
2021-03-09,84,107.0
2021-03-09,85,110.0
2021-03-09,86,100.0
2021-03-09,87,103.0
2021-03-09,88,87.0
2021-03-09,89,102.0
2021-03-09,90,106.0
2021-03-09,91,109.0
2021-03-09,92,106.0
2021-03-09,93,95.0
2021-03-09,94,98.0
2021-03-09,95,79.0
2021-03-10,0,64.0
2021-03-10,1,64.0
2021-03-10,2,64.0
2021-03-10,3,67.0
2021-03-10,4,96.0
2021-03-10,5,107.0
2021-03-10,6,104.0
2021-03-10,7,103.0
2021-03-10,8,103.0
2021-03-10,9,109.0
2021-03-10,10,101.0
2021-03-10,11,104.0
2021-03-10,12,89.0
2021-03-10,13,104.0
2021-03-10,14,100.0
2021-03-10,15,104.0
2021-03-10,16,108.0
2021-03-10,17,106.0
2021-03-10,18,106.0
2021-03-10,19,104.0
2021-03-10,20,94.0
2021-03-10,21,81.0
2021-03-10,22,91.0
2021-03-10,23,98.0
2021-03-10,24,106.0
2021-03-10,25,100.0
2021-03-10,26,102.0
2021-03-10,27,107.0
2021-03-10,28,106.0
2021-03-10,29,106.0
2021-03-10,30,131.0
2021-03-10,31,131.0
2021-03-10,32,142.0
2021-03-10,33,157.0
2021-03-10,34,156.0
2021-03-10,35,165.0
2021-03-10,36,166.0
2021-03-10,37,163.0
2021-03-10,38,169.0
2021-03-10,39,166.0
2021-03-10,40,134.0
2021-03-10,41,169.0
2021-03-10,42,177.0
2021-03-10,43,175.0
2021-03-10,44,161.0
2021-03-10,45,149.0
2021-03-10,46,168.0
2021-03-10,47,165.0
2021-03-10,48,116.0
2021-03-10,49,101.0
2021-03-10,50,102.0
2021-03-10,51,125.0
2021-03-10,52,158.0
2021-03-10,53,145.0
2021-03-10,54,156.0
2021-03-10,55,151.0
2021-03-10,56,153.0
2021-03-10,57,162.0
2021-03-10,58,169.0
2021-03-10,59,165.0
2021-03-10,60,128.0
2021-03-10,61,162.0
2021-03-10,62,161.0
2021-03-10,63,158.0
2021-03-10,64,154.0
2021-03-10,65,156.0
2021-03-10,66,150.0
2021-03-10,67,150.0
2021-03-10,68,123.0
2021-03-10,69,118.0
2021-03-10,70,143.0
2021-03-10,71,135.0
2021-03-10,72,122.0
2021-03-10,73,123.0
2021-03-10,74,123.0
2021-03-10,75,121.0
2021-03-10,76,120.0
2021-03-10,77,123.0
2021-03-10,78,122.0
2021-03-10,79,128.0
2021-03-10,80,122.0
2021-03-10,81,124.0
2021-03-10,82,142.0
2021-03-10,83,145.0
2021-03-10,84,141.0
2021-03-10,85,132.0
2021-03-10,86,128.0
2021-03-10,87,115.0
2021-03-10,88,108.0
2021-03-10,89,124.0
2021-03-10,90,122.0
2021-03-10,91,116.0
2021-03-10,92,115.0
2021-03-10,93,113.0
2021-03-10,94,103.0
2021-03-10,95,88.0
2021-03-11,0,72.0
2021-03-11,1,70.0
2021-03-11,2,69.0
2021-03-11,3,68.0
2021-03-11,4,100.0
2021-03-11,5,103.0
2021-03-11,6,112.0
2021-03-11,7,113.0
2021-03-11,8,106.0
2021-03-11,9,95.0
2021-03-11,10,105.0
2021-03-11,11,111.0
2021-03-11,12,98.0
2021-03-11,13,107.0
2021-03-11,14,103.0
2021-03-11,15,96.0
2021-03-11,16,113.0
2021-03-11,17,114.0
2021-03-11,18,110.0
2021-03-11,19,108.0
2021-03-11,20,83.0
2021-03-11,21,76.0
2021-03-11,22,97.0
2021-03-11,23,103.0
2021-03-11,24,107.0
2021-03-11,25,107.0
2021-03-11,26,107.0
2021-03-11,27,100.0
2021-03-11,28,113.0
2021-03-11,29,127.0
2021-03-11,30,149.0
2021-03-11,31,143.0
2021-03-11,32,155.0
2021-03-11,33,175.0
2021-03-11,34,171.0
2021-03-11,35,169.0
2021-03-11,36,172.0
2021-03-11,37,157.0
2021-03-11,38,168.0
2021-03-11,39,175.0
2021-03-11,40,127.0
2021-03-11,41,165.0
2021-03-11,42,168.0
2021-03-11,43,164.0
2021-03-11,44,174.0
2021-03-11,45,165.0
2021-03-11,46,168.0
2021-03-11,47,164.0
2021-03-11,48,108.0
2021-03-11,49,93.0
2021-03-11,50,93.0
2021-03-11,51,122.0
2021-03-11,52,160.0
2021-03-11,53,149.0
2021-03-11,54,155.0
2021-03-11,55,150.0
2021-03-11,56,160.0
2021-03-11,57,157.0
2021-03-11,58,160.0
2021-03-11,59,157.0
2021-03-11,60,126.0
2021-03-11,61,159.0
2021-03-11,62,160.0
2021-03-11,63,153.0
2021-03-11,64,153.0
2021-03-11,65,151.0
2021-03-11,66,163.0
2021-03-11,67,160.0
2021-03-11,68,119.0
2021-03-11,69,107.0
2021-03-11,70,158.0
2021-03-11,71,159.0
2021-03-11,72,152.0
2021-03-11,73,143.0
2021-03-11,74,145.0
2021-03-11,75,139.0
2021-03-11,76,142.0
2021-03-11,77,135.0
2021-03-11,78,142.0
2021-03-11,79,125.0
2021-03-11,80,113.0
2021-03-11,81,120.0
2021-03-11,82,130.0
2021-03-11,83,120.0
2021-03-11,84,116.0
2021-03-11,85,106.0
2021-03-11,86,111.0
2021-03-11,87,104.0
2021-03-11,88,92.0
2021-03-11,89,105.0
2021-03-11,90,110.0
2021-03-11,91,109.0
2021-03-11,92,101.0
2021-03-11,93,110.0
2021-03-11,94,105.0
2021-03-11,95,83.0
2021-03-12,0,22.0
2021-03-12,1,22.0
2021-03-12,2,26.0
2021-03-12,3,26.0
2021-03-12,4,21.0
2021-03-12,5,21.0
2021-03-12,6,21.0
2021-03-12,7,22.0
2021-03-12,8,21.0
2021-03-12,9,21.0
2021-03-12,10,21.0
2021-03-12,11,22.0
2021-03-12,12,22.0
2021-03-12,13,22.0
2021-03-12,14,22.0
2021-03-12,15,24.0
2021-03-12,16,26.0
2021-03-12,17,24.0
2021-03-12,18,22.0
2021-03-12,19,21.0
2021-03-12,20,21.0
2021-03-12,21,21.0
2021-03-12,22,21.0
2021-03-12,23,22.0
2021-03-12,24,22.0
2021-03-12,25,21.0
2021-03-12,26,21.0
2021-03-12,27,21.0
2021-03-12,28,21.0
2021-03-12,29,26.0
2021-03-12,30,26.0
2021-03-12,31,22.0
2021-03-12,32,21.0
2021-03-12,33,21.0
2021-03-12,34,21.0
2021-03-12,35,21.0
2021-03-12,36,21.0
2021-03-12,37,21.0
2021-03-12,38,21.0
2021-03-12,39,21.0
2021-03-12,40,21.0
2021-03-12,41,21.0
2021-03-12,42,22.0
2021-03-12,43,26.0
2021-03-12,44,25.0
2021-03-12,45,21.0
2021-03-12,46,21.0
2021-03-12,47,21.0
2021-03-12,48,21.0
2021-03-12,49,21.0
2021-03-12,50,21.0
2021-03-12,51,21.0
2021-03-12,52,21.0
2021-03-12,53,21.0
2021-03-12,54,21.0
2021-03-12,55,21.0
2021-03-12,56,24.0
2021-03-12,57,25.0
2021-03-12,58,21.0
2021-03-12,59,21.0
2021-03-12,60,21.0
2021-03-12,61,21.0
2021-03-12,62,21.0
2021-03-12,63,21.0
2021-03-12,64,21.0
2021-03-12,65,21.0
2021-03-12,66,21.0
2021-03-12,67,21.0
2021-03-12,68,24.0
2021-03-12,69,26.0
2021-03-12,70,22.0
2021-03-12,71,21.0
2021-03-12,72,21.0
2021-03-12,73,21.0
2021-03-12,74,21.0
2021-03-12,75,21.0
2021-03-12,76,21.0
2021-03-12,77,21.0
2021-03-12,78,21.0
2021-03-12,79,21.0
2021-03-12,80,22.0
2021-03-12,81,26.0
2021-03-12,82,24.0
2021-03-12,83,21.0
2021-03-12,84,21.0
2021-03-12,85,21.0
2021-03-12,86,21.0
2021-03-12,87,22.0
2021-03-12,88,21.0
2021-03-12,89,21.0
2021-03-12,90,21.0
2021-03-12,91,21.0
2021-03-12,92,21.0
2021-03-12,93,24.0
2021-03-12,94,26.0
2021-03-12,95,25.0
2021-03-13,0,63.0
2021-03-13,1,63.0
2021-03-13,2,64.0
2021-03-13,3,63.0
2021-03-13,4,96.0
2021-03-13,5,93.0
2021-03-13,6,116.0
2021-03-13,7,113.0
2021-03-13,8,106.0
2021-03-13,9,96.0
2021-03-13,10,106.0
2021-03-13,11,107.0
2021-03-13,12,92.0
2021-03-13,13,110.0
2021-03-13,14,110.0
2021-03-13,15,109.0
2021-03-13,16,108.0
2021-03-13,17,105.0
2021-03-13,18,106.0
2021-03-13,19,108.0
2021-03-13,20,89.0
2021-03-13,21,83.0
2021-03-13,22,99.0
2021-03-13,23,98.0
2021-03-13,24,102.0
2021-03-13,25,111.0
2021-03-13,26,110.0
2021-03-13,27,103.0
2021-03-13,28,92.0
2021-03-13,29,75.0
2021-03-13,30,48.0
2021-03-13,31,29.0
2021-03-13,32,27.0
2021-03-13,33,25.0
2021-03-13,34,22.0
2021-03-13,35,22.0
2021-03-13,36,22.0
2021-03-13,37,22.0
2021-03-13,38,22.0
2021-03-13,39,22.0
2021-03-13,40,22.0
2021-03-13,41,22.0
2021-03-13,42,22.0
2021-03-13,43,22.0
2021-03-13,44,22.0
2021-03-13,45,23.0
2021-03-13,46,28.0
2021-03-13,47,27.0
2021-03-13,48,22.0
2021-03-13,49,23.0
2021-03-13,50,22.0
2021-03-13,51,22.0
2021-03-13,52,22.0
2021-03-13,53,23.0
2021-03-13,54,22.0
2021-03-13,55,22.0
2021-03-13,56,22.0
2021-03-13,57,23.0
2021-03-13,58,22.0
2021-03-13,59,23.0
2021-03-13,60,28.0
2021-03-13,61,26.0
2021-03-13,62,23.0
2021-03-13,63,22.0
2021-03-13,64,23.0
2021-03-13,65,23.0
2021-03-13,66,22.0
2021-03-13,67,23.0
2021-03-13,68,22.0
2021-03-13,69,22.0
2021-03-13,70,22.0
2021-03-13,71,23.0
2021-03-13,72,22.0
2021-03-13,73,23.0
2021-03-13,74,27.0
2021-03-13,75,27.0
2021-03-13,76,22.0
2021-03-13,77,22.0
2021-03-13,78,22.0
2021-03-13,79,22.0
2021-03-13,80,22.0
2021-03-13,81,22.0
2021-03-13,82,22.0
2021-03-13,83,22.0
2021-03-13,84,23.0
2021-03-13,85,22.0
2021-03-13,86,22.0
2021-03-13,87,27.0
2021-03-13,88,26.0
2021-03-13,89,22.0
2021-03-13,90,22.0
2021-03-13,91,22.0
2021-03-13,92,22.0
2021-03-13,93,22.0
2021-03-13,94,22.0
2021-03-13,95,22.0
2021-03-14,0,22.0
2021-03-14,1,22.0
2021-03-14,2,22.0
2021-03-14,3,22.0
2021-03-14,4,22.0
2021-03-14,5,23.0
2021-03-14,6,22.0
2021-03-14,7,22.0
2021-03-14,8,22.0
2021-03-14,9,27.0
2021-03-14,10,26.0
2021-03-14,11,22.0
2021-03-14,12,22.0
2021-03-14,13,22.0
2021-03-14,14,22.0
2021-03-14,15,22.0
2021-03-14,16,22.0
2021-03-14,17,24.0
2021-03-14,18,23.0
2021-03-14,19,22.0
2021-03-14,20,22.0
2021-03-14,21,22.0
2021-03-14,22,23.0
2021-03-14,23,27.0
2021-03-14,24,25.0
2021-03-14,25,22.0
2021-03-14,26,22.0
2021-03-14,27,22.0
2021-03-14,28,26.0
2021-03-14,29,38.0
2021-03-14,30,71.0
2021-03-14,31,112.0
2021-03-14,32,154.0
2021-03-14,33,175.0
2021-03-14,34,197.0
2021-03-14,35,204.0
2021-03-14,36,185.0
2021-03-14,37,178.0
2021-03-14,38,170.0
2021-03-14,39,180.0
2021-03-14,40,157.0
2021-03-14,41,180.0
2021-03-14,42,180.0
2021-03-14,43,167.0
2021-03-14,44,173.0
2021-03-14,45,190.0
2021-03-14,46,187.0
2021-03-14,47,175.0
2021-03-14,48,123.0
2021-03-14,49,104.0
2021-03-14,50,108.0
2021-03-14,51,140.0
2021-03-14,52,175.0
2021-03-14,53,187.0
2021-03-14,54,192.0
2021-03-14,55,188.0
2021-03-14,56,185.0
2021-03-14,57,174.0
2021-03-14,58,172.0
2021-03-14,59,176.0
2021-03-14,60,148.0
2021-03-14,61,181.0
2021-03-14,62,190.0
2021-03-14,63,192.0
2021-03-14,64,180.0
2021-03-14,65,168.0
2021-03-14,66,169.0
2021-03-14,67,168.0
2021-03-14,68,130.0
2021-03-14,69,117.0
2021-03-14,70,159.0
2021-03-14,71,179.0
2021-03-14,72,182.0
2021-03-14,73,182.0
2021-03-14,74,169.0
2021-03-14,75,158.0
2021-03-14,76,164.0
2021-03-14,77,158.0
2021-03-14,78,157.0
2021-03-14,79,122.0
2021-03-14,80,109.0
2021-03-14,81,121.0
2021-03-14,82,121.0
2021-03-14,83,126.0
2021-03-14,84,120.0
2021-03-14,85,122.0
2021-03-14,86,125.0
2021-03-14,87,125.0
2021-03-14,88,100.0
2021-03-14,89,108.0
2021-03-14,90,109.0
2021-03-14,91,129.0
2021-03-14,92,118.0
2021-03-14,93,113.0
2021-03-14,94,106.0
2021-03-14,95,90.0
2021-03-15,0,83.0
2021-03-15,1,77.0
2021-03-15,2,72.0
2021-03-15,3,72.0
2021-03-15,4,100.0
2021-03-15,5,110.0
2021-03-15,6,115.0
2021-03-15,7,116.0
2021-03-15,8,114.0
2021-03-15,9,117.0
2021-03-15,10,121.0
2021-03-15,11,117.0
2021-03-15,12,104.0
2021-03-15,13,119.0
2021-03-15,14,117.0
2021-03-15,15,123.0
2021-03-15,16,122.0
2021-03-15,17,111.0
2021-03-15,18,100.0
2021-03-15,19,106.0
2021-03-15,20,94.0
2021-03-15,21,87.0
2021-03-15,22,96.0
2021-03-15,23,112.0
2021-03-15,24,121.0
2021-03-15,25,118.0
2021-03-15,26,117.0
2021-03-15,27,117.0
2021-03-15,28,116.0
2021-03-15,29,119.0
2021-03-15,30,144.0
2021-03-15,31,150.0
2021-03-15,32,176.0
2021-03-15,33,196.0
2021-03-15,34,198.0
2021-03-15,35,181.0
2021-03-15,36,184.0
2021-03-15,37,195.0
2021-03-15,38,176.0
2021-03-15,39,188.0
2021-03-15,40,138.0
2021-03-15,41,174.0
2021-03-15,42,181.0
2021-03-15,43,164.0
2021-03-15,44,162.0
2021-03-15,45,180.0
2021-03-15,46,167.0
2021-03-15,47,184.0
2021-03-15,48,128.0
2021-03-15,49,105.0
2021-03-15,50,92.0
2021-03-15,51,122.0
2021-03-15,52,168.0
2021-03-15,53,177.0
2021-03-15,54,170.0
2021-03-15,55,170.0
2021-03-15,56,182.0
2021-03-15,57,181.0
2021-03-15,58,173.0
2021-03-15,59,172.0
2021-03-15,60,137.0
2021-03-15,61,168.0
2021-03-15,62,171.0
2021-03-15,63,176.0
2021-03-15,64,166.0
2021-03-15,65,172.0
2021-03-15,66,181.0
2021-03-15,67,160.0
2021-03-15,68,118.0
2021-03-15,69,108.0
2021-03-15,70,149.0
2021-03-15,71,159.0
2021-03-15,72,161.0
2021-03-15,73,161.0
2021-03-15,74,153.0
2021-03-15,75,170.0
2021-03-15,76,162.0
2021-03-15,77,159.0
2021-03-15,78,154.0
2021-03-15,79,147.0
2021-03-15,80,133.0
2021-03-15,81,131.0
2021-03-15,82,127.0
2021-03-15,83,120.0
2021-03-15,84,124.0
2021-03-15,85,131.0
2021-03-15,86,129.0
2021-03-15,87,124.0
2021-03-15,88,108.0
2021-03-15,89,111.0
2021-03-15,90,116.0
2021-03-15,91,123.0
2021-03-15,92,116.0
2021-03-15,93,120.0
2021-03-15,94,110.0
2021-03-15,95,85.0
2021-03-16,0,76.0
2021-03-16,1,73.0
2021-03-16,2,71.0
2021-03-16,3,72.0
2021-03-16,4,100.0
2021-03-16,5,115.0
2021-03-16,6,120.0
2021-03-16,7,109.0
2021-03-16,8,106.0
2021-03-16,9,117.0
2021-03-16,10,116.0
2021-03-16,11,117.0
2021-03-16,12,106.0
2021-03-16,13,113.0
2021-03-16,14,114.0
2021-03-16,15,113.0
2021-03-16,16,118.0
2021-03-16,17,115.0
2021-03-16,18,113.0
2021-03-16,19,102.0
2021-03-16,20,79.0
2021-03-16,21,75.0
2021-03-16,22,102.0
2021-03-16,23,111.0
2021-03-16,24,114.0
2021-03-16,25,119.0
2021-03-16,26,121.0
2021-03-16,27,105.0
2021-03-16,28,96.0
2021-03-16,29,116.0
2021-03-16,30,148.0
2021-03-16,31,161.0
2021-03-16,32,170.0
2021-03-16,33,185.0
2021-03-16,34,180.0
2021-03-16,35,173.0
2021-03-16,36,171.0
2021-03-16,37,168.0
2021-03-16,38,187.0
2021-03-16,39,192.0
2021-03-16,40,150.0
2021-03-16,41,179.0
2021-03-16,42,193.0
2021-03-16,43,190.0
2021-03-16,44,186.0
2021-03-16,45,172.0
2021-03-16,46,175.0
2021-03-16,47,170.0
2021-03-16,48,120.0
2021-03-16,49,104.0
2021-03-16,50,95.0
2021-03-16,51,116.0
2021-03-16,52,158.0
2021-03-16,53,175.0
2021-03-16,54,172.0
2021-03-16,55,171.0
2021-03-16,56,167.0
2021-03-16,57,169.0
2021-03-16,58,172.0
2021-03-16,59,174.0
2021-03-16,60,138.0
2021-03-16,61,177.0
2021-03-16,62,180.0
2021-03-16,63,157.0
2021-03-16,64,165.0
2021-03-16,65,171.0
2021-03-16,66,177.0
2021-03-16,67,160.0
2021-03-16,68,133.0
2021-03-16,69,139.0
2021-03-16,70,166.0
2021-03-16,71,177.0
2021-03-16,72,177.0
2021-03-16,73,169.0
2021-03-16,74,163.0
2021-03-16,75,162.0
2021-03-16,76,152.0
2021-03-16,77,145.0
2021-03-16,78,142.0
2021-03-16,79,117.0
2021-03-16,80,108.0
2021-03-16,81,112.0
2021-03-16,82,120.0
2021-03-16,83,115.0
2021-03-16,84,110.0
2021-03-16,85,120.0
2021-03-16,86,117.0
2021-03-16,87,123.0
2021-03-16,88,102.0
2021-03-16,89,102.0
2021-03-16,90,99.0
2021-03-16,91,107.0
2021-03-16,92,107.0
2021-03-16,93,119.0
2021-03-16,94,111.0
2021-03-16,95,85.0
2021-03-17,0,72.0
2021-03-17,1,72.0
2021-03-17,2,72.0
2021-03-17,3,71.0
2021-03-17,4,96.0
2021-03-17,5,104.0
2021-03-17,6,108.0
2021-03-17,7,118.0
2021-03-17,8,115.0
2021-03-17,9,117.0
2021-03-17,10,107.0
2021-03-17,11,110.0
2021-03-17,12,112.0
2021-03-17,13,118.0
2021-03-17,14,120.0
2021-03-17,15,115.0
2021-03-17,16,111.0
2021-03-17,17,110.0
2021-03-17,18,114.0
2021-03-17,19,115.0
2021-03-17,20,98.0
2021-03-17,21,83.0
2021-03-17,22,96.0
2021-03-17,23,112.0
2021-03-17,24,118.0
2021-03-17,25,116.0
2021-03-17,26,126.0
2021-03-17,27,122.0
2021-03-17,28,120.0
2021-03-17,29,124.0
2021-03-17,30,162.0
2021-03-17,31,158.0
2021-03-17,32,178.0
2021-03-17,33,193.0
2021-03-17,34,197.0
2021-03-17,35,193.0
2021-03-17,36,188.0
2021-03-17,37,180.0
2021-03-17,38,173.0
2021-03-17,39,179.0
2021-03-17,40,142.0
2021-03-17,41,170.0
2021-03-17,42,177.0
2021-03-17,43,175.0
2021-03-17,44,188.0
2021-03-17,45,190.0
2021-03-17,46,177.0
2021-03-17,47,177.0
2021-03-17,48,116.0
2021-03-17,49,88.0
2021-03-17,50,85.0
2021-03-17,51,123.0
2021-03-17,52,169.0
2021-03-17,53,188.0
2021-03-17,54,192.0
2021-03-17,55,182.0
2021-03-17,56,171.0
2021-03-17,57,179.0
2021-03-17,58,176.0
2021-03-17,59,189.0
2021-03-17,60,147.0
2021-03-17,61,179.0
2021-03-17,62,179.0
2021-03-17,63,174.0
2021-03-17,64,166.0
2021-03-17,65,164.0
2021-03-17,66,170.0
2021-03-17,67,174.0
2021-03-17,68,132.0
2021-03-17,69,118.0
2021-03-17,70,144.0
2021-03-17,71,158.0
2021-03-17,72,171.0
2021-03-17,73,166.0
2021-03-17,74,177.0
2021-03-17,75,167.0
2021-03-17,76,160.0
2021-03-17,77,160.0
2021-03-17,78,169.0
2021-03-17,79,147.0
2021-03-17,80,133.0
2021-03-17,81,143.0
2021-03-17,82,143.0
2021-03-17,83,135.0
2021-03-17,84,125.0
2021-03-17,85,134.0
2021-03-17,86,125.0
2021-03-17,87,123.0
2021-03-17,88,119.0
2021-03-17,89,128.0
2021-03-17,90,126.0
2021-03-17,91,127.0
2021-03-17,92,125.0
2021-03-17,93,120.0
2021-03-17,94,105.0
2021-03-17,95,94.0
2021-03-18,0,90.0
2021-03-18,1,82.0
2021-03-18,2,75.0
2021-03-18,3,73.0
2021-03-18,4,98.0
2021-03-18,5,117.0
2021-03-18,6,117.0
2021-03-18,7,115.0
2021-03-18,8,117.0
2021-03-18,9,121.0
2021-03-18,10,117.0
2021-03-18,11,105.0
2021-03-18,12,101.0
2021-03-18,13,118.0
2021-03-18,14,126.0
2021-03-18,15,111.0
2021-03-18,16,104.0
2021-03-18,17,110.0
2021-03-18,18,117.0
2021-03-18,19,115.0
2021-03-18,20,96.0
2021-03-18,21,90.0
2021-03-18,22,100.0
2021-03-18,23,120.0
2021-03-18,24,123.0
2021-03-18,25,122.0
2021-03-18,26,123.0
2021-03-18,27,114.0
2021-03-18,28,112.0
2021-03-18,29,125.0
2021-03-18,30,138.0
2021-03-18,31,157.0
2021-03-18,32,166.0
2021-03-18,33,153.0
2021-03-18,34,150.0
2021-03-18,35,177.0
2021-03-18,36,168.0
2021-03-18,37,162.0
2021-03-18,38,166.0
2021-03-18,39,186.0
2021-03-18,40,156.0
2021-03-18,41,179.0
2021-03-18,42,168.0
2021-03-18,43,156.0
2021-03-18,44,165.0
2021-03-18,45,185.0
2021-03-18,46,182.0
2021-03-18,47,177.0
2021-03-18,48,104.0
2021-03-18,49,88.0
2021-03-18,50,90.0
2021-03-18,51,124.0
2021-03-18,52,170.0
2021-03-18,53,180.0
2021-03-18,54,176.0
2021-03-18,55,171.0
2021-03-18,56,170.0
2021-03-18,57,166.0
2021-03-18,58,153.0
2021-03-18,59,165.0
2021-03-18,60,130.0
2021-03-18,61,170.0
2021-03-18,62,168.0
2021-03-18,63,154.0
2021-03-18,64,156.0
2021-03-18,65,161.0
2021-03-18,66,174.0
2021-03-18,67,156.0
2021-03-18,68,140.0
2021-03-18,69,133.0
2021-03-18,70,153.0
2021-03-18,71,164.0
2021-03-18,72,154.0
2021-03-18,73,146.0
2021-03-18,74,150.0
2021-03-18,75,151.0
2021-03-18,76,139.0
2021-03-18,77,138.0
2021-03-18,78,142.0
2021-03-18,79,131.0
2021-03-18,80,119.0
2021-03-18,81,124.0
2021-03-18,82,114.0
2021-03-18,83,112.0
2021-03-18,84,108.0
2021-03-18,85,115.0
2021-03-18,86,110.0
2021-03-18,87,121.0
2021-03-18,88,117.0
2021-03-18,89,115.0
2021-03-18,90,116.0
2021-03-18,91,108.0
2021-03-18,92,116.0
2021-03-18,93,120.0
2021-03-18,94,109.0
2021-03-18,95,80.0
2021-03-19,0,22.0
2021-03-19,1,22.0
2021-03-19,2,26.0
2021-03-19,3,26.0
2021-03-19,4,21.0
2021-03-19,5,21.0
2021-03-19,6,21.0
2021-03-19,7,22.0
2021-03-19,8,21.0
2021-03-19,9,21.0
2021-03-19,10,21.0
2021-03-19,11,22.0
2021-03-19,12,22.0
2021-03-19,13,22.0
2021-03-19,14,22.0
2021-03-19,15,24.0
2021-03-19,16,26.0
2021-03-19,17,24.0
2021-03-19,18,22.0
2021-03-19,19,21.0
2021-03-19,20,21.0
2021-03-19,21,21.0
2021-03-19,22,21.0
2021-03-19,23,22.0
2021-03-19,24,22.0
2021-03-19,25,21.0
2021-03-19,26,21.0
2021-03-19,27,21.0
2021-03-19,28,21.0
2021-03-19,29,26.0
2021-03-19,30,26.0
2021-03-19,31,22.0
2021-03-19,32,21.0
2021-03-19,33,21.0
2021-03-19,34,21.0
2021-03-19,35,21.0
2021-03-19,36,21.0
2021-03-19,37,21.0
2021-03-19,38,21.0
2021-03-19,39,21.0
2021-03-19,40,21.0
2021-03-19,41,21.0
2021-03-19,42,22.0
2021-03-19,43,26.0
2021-03-19,44,25.0
2021-03-19,45,21.0
2021-03-19,46,21.0
2021-03-19,47,21.0
2021-03-19,48,21.0
2021-03-19,49,21.0
2021-03-19,50,21.0
2021-03-19,51,21.0
2021-03-19,52,21.0
2021-03-19,53,21.0
2021-03-19,54,21.0
2021-03-19,55,21.0
2021-03-19,56,24.0
2021-03-19,57,25.0
2021-03-19,58,21.0
2021-03-19,59,21.0
2021-03-19,60,21.0
2021-03-19,61,21.0
2021-03-19,62,21.0
2021-03-19,63,21.0
2021-03-19,64,21.0
2021-03-19,65,21.0
2021-03-19,66,21.0
2021-03-19,67,21.0
2021-03-19,68,24.0
2021-03-19,69,26.0
2021-03-19,70,22.0
2021-03-19,71,21.0
2021-03-19,72,21.0
2021-03-19,73,21.0
2021-03-19,74,21.0
2021-03-19,75,21.0
2021-03-19,76,21.0
2021-03-19,77,21.0
2021-03-19,78,21.0
2021-03-19,79,21.0
2021-03-19,80,22.0
2021-03-19,81,26.0
2021-03-19,82,24.0
2021-03-19,83,21.0
2021-03-19,84,21.0
2021-03-19,85,21.0
2021-03-19,86,21.0
2021-03-19,87,22.0
2021-03-19,88,21.0
2021-03-19,89,21.0
2021-03-19,90,21.0
2021-03-19,91,21.0
2021-03-19,92,21.0
2021-03-19,93,24.0
2021-03-19,94,26.0
2021-03-19,95,25.0
2021-03-20,0,63.0
2021-03-20,1,63.0
2021-03-20,2,64.0
2021-03-20,3,63.0
2021-03-20,4,96.0
2021-03-20,5,93.0
2021-03-20,6,116.0
2021-03-20,7,113.0
2021-03-20,8,106.0
2021-03-20,9,96.0
2021-03-20,10,106.0
2021-03-20,11,107.0
2021-03-20,12,92.0
2021-03-20,13,110.0
2021-03-20,14,110.0
2021-03-20,15,109.0
2021-03-20,16,108.0
2021-03-20,17,105.0
2021-03-20,18,106.0
2021-03-20,19,108.0
2021-03-20,20,89.0
2021-03-20,21,83.0
2021-03-20,22,99.0
2021-03-20,23,98.0
2021-03-20,24,102.0
2021-03-20,25,111.0
2021-03-20,26,110.0
2021-03-20,27,103.0
2021-03-20,28,92.0
2021-03-20,29,75.0
2021-03-20,30,48.0
2021-03-20,31,29.0
2021-03-20,32,27.0
2021-03-20,33,25.0
2021-03-20,34,22.0
2021-03-20,35,22.0
2021-03-20,36,22.0
2021-03-20,37,22.0
2021-03-20,38,22.0
2021-03-20,39,22.0
2021-03-20,40,22.0
2021-03-20,41,22.0
2021-03-20,42,22.0
2021-03-20,43,22.0
2021-03-20,44,22.0
2021-03-20,45,23.0
2021-03-20,46,28.0
2021-03-20,47,27.0
2021-03-20,48,22.0
2021-03-20,49,23.0
2021-03-20,50,22.0
2021-03-20,51,22.0
2021-03-20,52,22.0
2021-03-20,53,23.0
2021-03-20,54,22.0
2021-03-20,55,22.0
2021-03-20,56,22.0
2021-03-20,57,23.0
2021-03-20,58,22.0
2021-03-20,59,23.0
2021-03-20,60,28.0
2021-03-20,61,26.0
2021-03-20,62,23.0
2021-03-20,63,22.0
2021-03-20,64,23.0
2021-03-20,65,23.0
2021-03-20,66,22.0
2021-03-20,67,23.0
2021-03-20,68,22.0
2021-03-20,69,22.0
2021-03-20,70,22.0
2021-03-20,71,23.0
2021-03-20,72,22.0
2021-03-20,73,23.0
2021-03-20,74,27.0
2021-03-20,75,27.0
2021-03-20,76,22.0
2021-03-20,77,22.0
2021-03-20,78,22.0
2021-03-20,79,22.0
2021-03-20,80,22.0
2021-03-20,81,22.0
2021-03-20,82,22.0
2021-03-20,83,22.0
2021-03-20,84,23.0
2021-03-20,85,22.0
2021-03-20,86,22.0
2021-03-20,87,27.0
2021-03-20,88,26.0
2021-03-20,89,22.0
2021-03-20,90,22.0
2021-03-20,91,22.0
2021-03-20,92,22.0
2021-03-20,93,22.0
2021-03-20,94,22.0
2021-03-20,95,22.0
2021-03-21,0,23.0
2021-03-21,1,22.0
2021-03-21,2,23.0
2021-03-21,3,25.0
2021-03-21,4,28.0
2021-03-21,5,23.0
2021-03-21,6,22.0
2021-03-21,7,22.0
2021-03-21,8,23.0
2021-03-21,9,22.0
2021-03-21,10,22.0
2021-03-21,11,22.0
2021-03-21,12,23.0
2021-03-21,13,22.0
2021-03-21,14,23.0
2021-03-21,15,22.0
2021-03-21,16,24.0
2021-03-21,17,27.0
2021-03-21,18,24.0
2021-03-21,19,23.0
2021-03-21,20,23.0
2021-03-21,21,22.0
2021-03-21,22,22.0
2021-03-21,23,22.0
2021-03-21,24,22.0
2021-03-21,25,22.0
2021-03-21,26,22.0
2021-03-21,27,22.0
2021-03-21,28,21.0
2021-03-21,29,23.0
2021-03-21,30,26.0
2021-03-21,31,25.0
2021-03-21,32,148.0
2021-03-21,33,196.0
2021-03-21,34,208.0
2021-03-21,35,206.0
2021-03-21,36,192.0
2021-03-21,37,194.0
2021-03-21,38,184.0
2021-03-21,39,187.0
2021-03-21,40,164.0
2021-03-21,41,202.0
2021-03-21,42,196.0
2021-03-21,43,178.0
2021-03-21,44,174.0
2021-03-21,45,170.0
2021-03-21,46,191.0
2021-03-21,47,189.0
2021-03-21,48,132.0
2021-03-21,49,102.0
2021-03-21,50,98.0
2021-03-21,51,126.0
2021-03-21,52,178.0
2021-03-21,53,190.0
2021-03-21,54,191.0
2021-03-21,55,199.0
2021-03-21,56,178.0
2021-03-21,57,182.0
2021-03-21,58,201.0
2021-03-21,59,196.0
2021-03-21,60,151.0
2021-03-21,61,174.0
2021-03-21,62,184.0
2021-03-21,63,165.0
2021-03-21,64,164.0
2021-03-21,65,154.0
2021-03-21,66,160.0
2021-03-21,67,162.0
2021-03-21,68,117.0
2021-03-21,69,109.0
2021-03-21,70,148.0
2021-03-21,71,162.0
2021-03-21,72,155.0
2021-03-21,73,156.0
2021-03-21,74,157.0
2021-03-21,75,157.0
2021-03-21,76,145.0
2021-03-21,77,159.0
2021-03-21,78,150.0
2021-03-21,79,119.0
2021-03-21,80,115.0
2021-03-21,81,133.0
2021-03-21,82,134.0
2021-03-21,83,125.0
2021-03-21,84,121.0
2021-03-21,85,122.0
2021-03-21,86,133.0
2021-03-21,87,131.0
2021-03-21,88,100.0
2021-03-21,89,118.0
2021-03-21,90,117.0
2021-03-21,91,121.0
2021-03-21,92,124.0
2021-03-21,93,130.0
2021-03-21,94,113.0
2021-03-21,95,82.0
2021-03-22,0,69.0
2021-03-22,1,71.0
2021-03-22,2,74.0
2021-03-22,3,71.0
2021-03-22,4,93.0
2021-03-22,5,112.0
2021-03-22,6,109.0
2021-03-22,7,118.0
2021-03-22,8,118.0
2021-03-22,9,110.0
2021-03-22,10,103.0
2021-03-22,11,120.0
2021-03-22,12,96.0
2021-03-22,13,123.0
2021-03-22,14,117.0
2021-03-22,15,116.0
2021-03-22,16,113.0
2021-03-22,17,112.0
2021-03-22,18,121.0
2021-03-22,19,120.0
2021-03-22,20,86.0
2021-03-22,21,76.0
2021-03-22,22,100.0
2021-03-22,23,112.0
2021-03-22,24,117.0
2021-03-22,25,117.0
2021-03-22,26,114.0
2021-03-22,27,108.0
2021-03-22,28,105.0
2021-03-22,29,128.0
2021-03-22,30,162.0
2021-03-22,31,159.0
2021-03-22,32,165.0
2021-03-22,33,167.0
2021-03-22,34,174.0
2021-03-22,35,178.0
2021-03-22,36,170.0
2021-03-22,37,176.0
2021-03-22,38,160.0
2021-03-22,39,160.0
2021-03-22,40,140.0
2021-03-22,41,175.0
2021-03-22,42,189.0
2021-03-22,43,185.0
2021-03-22,44,169.0
2021-03-22,45,172.0
2021-03-22,46,180.0
2021-03-22,47,168.0
2021-03-22,48,116.0
2021-03-22,49,104.0
2021-03-22,50,101.0
2021-03-22,51,122.0
2021-03-22,52,156.0
2021-03-22,53,155.0
2021-03-22,54,168.0
2021-03-22,55,186.0
2021-03-22,56,172.0
2021-03-22,57,151.0
2021-03-22,58,140.0
2021-03-22,59,163.0
2021-03-22,60,125.0
2021-03-22,61,171.0
2021-03-22,62,168.0
2021-03-22,63,161.0
2021-03-22,64,148.0
2021-03-22,65,175.0
2021-03-22,66,162.0
2021-03-22,67,154.0
2021-03-22,68,104.0
2021-03-22,69,87.0
2021-03-22,70,129.0
2021-03-22,71,159.0
2021-03-22,72,164.0
2021-03-22,73,150.0
2021-03-22,74,147.0
2021-03-22,75,149.0
2021-03-22,76,153.0
2021-03-22,77,142.0
2021-03-22,78,174.0
2021-03-22,79,154.0
2021-03-22,80,133.0
2021-03-22,81,134.0
2021-03-22,82,129.0
2021-03-22,83,134.0
2021-03-22,84,123.0
2021-03-22,85,128.0
2021-03-22,86,128.0
2021-03-22,87,123.0
2021-03-22,88,98.0
2021-03-22,89,122.0
2021-03-22,90,118.0
2021-03-22,91,116.0
2021-03-22,92,131.0
2021-03-22,93,120.0
2021-03-22,94,114.0
2021-03-22,95,88.0
2021-03-23,0,70.0
2021-03-23,1,69.0
2021-03-23,2,69.0
2021-03-23,3,68.0
2021-03-23,4,97.0
2021-03-23,5,105.0
2021-03-23,6,102.0
2021-03-23,7,106.0
2021-03-23,8,119.0
2021-03-23,9,123.0
2021-03-23,10,123.0
2021-03-23,11,113.0
2021-03-23,12,92.0
2021-03-23,13,99.0
2021-03-23,14,108.0
2021-03-23,15,113.0
2021-03-23,16,116.0
2021-03-23,17,111.0
2021-03-23,18,109.0
2021-03-23,19,111.0
2021-03-23,20,86.0
2021-03-23,21,72.0
2021-03-23,22,98.0
2021-03-23,23,125.0
2021-03-23,24,125.0
2021-03-23,25,115.0
2021-03-23,26,108.0
2021-03-23,27,119.0
2021-03-23,28,120.0
2021-03-23,29,134.0
2021-03-23,30,158.0
2021-03-23,31,149.0
2021-03-23,32,151.0
2021-03-23,33,174.0
2021-03-23,34,165.0
2021-03-23,35,160.0
2021-03-23,36,162.0
2021-03-23,37,160.0
2021-03-23,38,161.0
2021-03-23,39,156.0
2021-03-23,40,127.0
2021-03-23,41,149.0
2021-03-23,42,156.0
2021-03-23,43,160.0
2021-03-23,44,166.0
2021-03-23,45,152.0
2021-03-23,46,152.0
2021-03-23,47,153.0
2021-03-23,48,97.0
2021-03-23,49,85.0
2021-03-23,50,86.0
2021-03-23,51,104.0
2021-03-23,52,153.0
2021-03-23,53,149.0
2021-03-23,54,150.0
2021-03-23,55,161.0
2021-03-23,56,149.0
2021-03-23,57,146.0
2021-03-23,58,156.0
2021-03-23,59,153.0
2021-03-23,60,132.0
2021-03-23,61,165.0
2021-03-23,62,161.0
2021-03-23,63,142.0
2021-03-23,64,142.0
2021-03-23,65,165.0
2021-03-23,66,168.0
2021-03-23,67,163.0
2021-03-23,68,102.0
2021-03-23,69,98.0
2021-03-23,70,142.0
2021-03-23,71,170.0
2021-03-23,72,166.0
2021-03-23,73,161.0
2021-03-23,74,161.0
2021-03-23,75,158.0
2021-03-23,76,146.0
2021-03-23,77,141.0
2021-03-23,78,143.0
2021-03-23,79,117.0
2021-03-23,80,126.0
2021-03-23,81,123.0
2021-03-23,82,125.0
2021-03-23,83,136.0
2021-03-23,84,126.0
2021-03-23,85,124.0
2021-03-23,86,127.0
2021-03-23,87,126.0
2021-03-23,88,91.0
2021-03-23,89,120.0
2021-03-23,90,123.0
2021-03-23,91,122.0
2021-03-23,92,103.0
2021-03-23,93,120.0
2021-03-23,94,116.0
2021-03-23,95,101.0
2021-03-24,0,73.0
2021-03-24,1,70.0
2021-03-24,2,69.0
2021-03-24,3,69.0
2021-03-24,4,98.0
2021-03-24,5,106.0
2021-03-24,6,119.0
2021-03-24,7,121.0
2021-03-24,8,126.0
2021-03-24,9,120.0
2021-03-24,10,113.0
2021-03-24,11,113.0
2021-03-24,12,106.0
2021-03-24,13,117.0
2021-03-24,14,121.0
2021-03-24,15,123.0
2021-03-24,16,118.0
2021-03-24,17,114.0
2021-03-24,18,121.0
2021-03-24,19,112.0
2021-03-24,20,99.0
2021-03-24,21,83.0
2021-03-24,22,106.0
2021-03-24,23,116.0
2021-03-24,24,124.0
2021-03-24,25,122.0
2021-03-24,26,112.0
2021-03-24,27,113.0
2021-03-24,28,120.0
2021-03-24,29,136.0
2021-03-24,30,169.0
2021-03-24,31,172.0
2021-03-24,32,171.0
2021-03-24,33,188.0
2021-03-24,34,185.0
2021-03-24,35,184.0
2021-03-24,36,154.0
2021-03-24,37,165.0
2021-03-24,38,172.0
2021-03-24,39,156.0
2021-03-24,40,123.0
2021-03-24,41,154.0
2021-03-24,42,168.0
2021-03-24,43,171.0
2021-03-24,44,163.0
2021-03-24,45,165.0
2021-03-24,46,170.0
2021-03-24,47,156.0
2021-03-24,48,113.0
2021-03-24,49,93.0
2021-03-24,50,99.0
2021-03-24,51,116.0
2021-03-24,52,147.0
2021-03-24,53,163.0
2021-03-24,54,182.0
2021-03-24,55,190.0
2021-03-24,56,175.0
2021-03-24,57,169.0
2021-03-24,58,151.0
2021-03-24,59,158.0
2021-03-24,60,114.0
2021-03-24,61,141.0
2021-03-24,62,166.0
2021-03-24,63,180.0
2021-03-24,64,163.0
2021-03-24,65,157.0
2021-03-24,66,165.0
2021-03-24,67,164.0
2021-03-24,68,123.0
2021-03-24,69,107.0
2021-03-24,70,145.0
2021-03-24,71,164.0
2021-03-24,72,152.0
2021-03-24,73,146.0
2021-03-24,74,142.0
2021-03-24,75,159.0
2021-03-24,76,160.0
2021-03-24,77,154.0
2021-03-24,78,168.0
2021-03-24,79,155.0
2021-03-24,80,128.0
2021-03-24,81,131.0
2021-03-24,82,141.0
2021-03-24,83,142.0
2021-03-24,84,140.0
2021-03-24,85,142.0
2021-03-24,86,122.0
2021-03-24,87,120.0
2021-03-24,88,104.0
2021-03-24,89,124.0
2021-03-24,90,122.0
2021-03-24,91,135.0
2021-03-24,92,129.0
2021-03-24,93,122.0
2021-03-24,94,119.0
2021-03-24,95,89.0
2021-03-25,0,74.0
2021-03-25,1,70.0
2021-03-25,2,70.0
2021-03-25,3,70.0
2021-03-25,4,104.0
2021-03-25,5,123.0
2021-03-25,6,128.0
2021-03-25,7,121.0
2021-03-25,8,125.0
2021-03-25,9,126.0
2021-03-25,10,102.0
2021-03-25,11,115.0
2021-03-25,12,98.0
2021-03-25,13,124.0
2021-03-25,14,127.0
2021-03-25,15,128.0
2021-03-25,16,116.0
2021-03-25,17,116.0
2021-03-25,18,122.0
2021-03-25,19,119.0
2021-03-25,20,105.0
2021-03-25,21,93.0
2021-03-25,22,112.0
2021-03-25,23,114.0
2021-03-25,24,108.0
2021-03-25,25,107.0
2021-03-25,26,120.0
2021-03-25,27,122.0
2021-03-25,28,122.0
2021-03-25,29,124.0
2021-03-25,30,152.0
2021-03-25,31,142.0
2021-03-25,32,135.0
2021-03-25,33,154.0
2021-03-25,34,166.0
2021-03-25,35,168.0
2021-03-25,36,162.0
2021-03-25,37,170.0
2021-03-25,38,178.0
2021-03-25,39,169.0
2021-03-25,40,151.0
2021-03-25,41,176.0
2021-03-25,42,178.0
2021-03-25,43,182.0
2021-03-25,44,184.0
2021-03-25,45,177.0
2021-03-25,46,177.0
2021-03-25,47,183.0
2021-03-25,48,136.0
2021-03-25,49,112.0
2021-03-25,50,105.0
2021-03-25,51,134.0
2021-03-25,52,185.0
2021-03-25,53,184.0
2021-03-25,54,174.0
2021-03-25,55,174.0
2021-03-25,56,184.0
2021-03-25,57,177.0
2021-03-25,58,169.0
2021-03-25,59,178.0
2021-03-25,60,152.0
2021-03-25,61,182.0
2021-03-25,62,186.0
2021-03-25,63,178.0
2021-03-25,64,165.0
2021-03-25,65,155.0
2021-03-25,66,169.0
2021-03-25,67,176.0
2021-03-25,68,126.0
2021-03-25,69,104.0
2021-03-25,70,154.0
2021-03-25,71,180.0
2021-03-25,72,164.0
2021-03-25,73,148.0
2021-03-25,74,130.0
2021-03-25,75,124.0
2021-03-25,76,127.0
2021-03-25,77,111.0
2021-03-25,78,107.0
2021-03-25,79,96.0
2021-03-25,80,100.0
2021-03-25,81,109.0
2021-03-25,82,111.0
2021-03-25,83,115.0
2021-03-25,84,121.0
2021-03-25,85,118.0
2021-03-25,86,118.0
2021-03-25,87,108.0
2021-03-25,88,108.0
2021-03-25,89,116.0
2021-03-25,90,136.0
2021-03-25,91,132.0
2021-03-25,92,122.0
2021-03-25,93,107.0
2021-03-25,94,94.0
2021-03-25,95,84.0
2021-03-26,0,22.0
2021-03-26,1,22.0
2021-03-26,2,26.0
2021-03-26,3,26.0
2021-03-26,4,21.0
2021-03-26,5,21.0
2021-03-26,6,21.0
2021-03-26,7,22.0
2021-03-26,8,21.0
2021-03-26,9,21.0
2021-03-26,10,21.0
2021-03-26,11,22.0
2021-03-26,12,22.0
2021-03-26,13,22.0
2021-03-26,14,22.0
2021-03-26,15,24.0
2021-03-26,16,26.0
2021-03-26,17,24.0
2021-03-26,18,22.0
2021-03-26,19,21.0
2021-03-26,20,21.0
2021-03-26,21,21.0
2021-03-26,22,21.0
2021-03-26,23,22.0
2021-03-26,24,22.0
2021-03-26,25,21.0
2021-03-26,26,21.0
2021-03-26,27,21.0
2021-03-26,28,21.0
2021-03-26,29,26.0
2021-03-26,30,26.0
2021-03-26,31,22.0
2021-03-26,32,21.0
2021-03-26,33,21.0
2021-03-26,34,21.0
2021-03-26,35,21.0
2021-03-26,36,21.0
2021-03-26,37,21.0
2021-03-26,38,21.0
2021-03-26,39,21.0
2021-03-26,40,21.0
2021-03-26,41,21.0
2021-03-26,42,22.0
2021-03-26,43,26.0
2021-03-26,44,25.0
2021-03-26,45,21.0
2021-03-26,46,21.0
2021-03-26,47,21.0
2021-03-26,48,21.0
2021-03-26,49,21.0
2021-03-26,50,21.0
2021-03-26,51,21.0
2021-03-26,52,21.0
2021-03-26,53,21.0
2021-03-26,54,21.0
2021-03-26,55,21.0
2021-03-26,56,24.0
2021-03-26,57,25.0
2021-03-26,58,21.0
2021-03-26,59,21.0
2021-03-26,60,21.0
2021-03-26,61,21.0
2021-03-26,62,21.0
2021-03-26,63,21.0
2021-03-26,64,21.0
2021-03-26,65,21.0
2021-03-26,66,21.0
2021-03-26,67,21.0
2021-03-26,68,24.0
2021-03-26,69,26.0
2021-03-26,70,22.0
2021-03-26,71,21.0
2021-03-26,72,21.0
2021-03-26,73,21.0
2021-03-26,74,21.0
2021-03-26,75,21.0
2021-03-26,76,21.0
2021-03-26,77,21.0
2021-03-26,78,21.0
2021-03-26,79,21.0
2021-03-26,80,22.0
2021-03-26,81,26.0
2021-03-26,82,24.0
2021-03-26,83,21.0
2021-03-26,84,21.0
2021-03-26,85,21.0
2021-03-26,86,21.0
2021-03-26,87,22.0
2021-03-26,88,21.0
2021-03-26,89,21.0
2021-03-26,90,21.0
2021-03-26,91,21.0
2021-03-26,92,21.0
2021-03-26,93,24.0
2021-03-26,94,26.0
2021-03-26,95,25.0
2021-03-27,0,63.0
2021-03-27,1,63.0
2021-03-27,2,64.0
2021-03-27,3,63.0
2021-03-27,4,96.0
2021-03-27,5,93.0
2021-03-27,6,116.0
2021-03-27,7,113.0
2021-03-27,8,106.0
2021-03-27,9,96.0
2021-03-27,10,106.0
2021-03-27,11,107.0
2021-03-27,12,92.0
2021-03-27,13,110.0
2021-03-27,14,110.0
2021-03-27,15,109.0
2021-03-27,16,108.0
2021-03-27,17,105.0
2021-03-27,18,106.0
2021-03-27,19,108.0
2021-03-27,20,89.0
2021-03-27,21,83.0
2021-03-27,22,99.0
2021-03-27,23,98.0
2021-03-27,24,102.0
2021-03-27,25,111.0
2021-03-27,26,110.0
2021-03-27,27,103.0
2021-03-27,28,92.0
2021-03-27,29,75.0
2021-03-27,30,48.0
2021-03-27,31,29.0
2021-03-27,32,27.0
2021-03-27,33,25.0
2021-03-27,34,22.0
2021-03-27,35,22.0
2021-03-27,36,22.0
2021-03-27,37,22.0
2021-03-27,38,22.0
2021-03-27,39,22.0
2021-03-27,40,22.0
2021-03-27,41,22.0
2021-03-27,42,22.0
2021-03-27,43,22.0
2021-03-27,44,22.0
2021-03-27,45,23.0
2021-03-27,46,28.0
2021-03-27,47,27.0
2021-03-27,48,22.0
2021-03-27,49,23.0
2021-03-27,50,22.0
2021-03-27,51,22.0
2021-03-27,52,22.0
2021-03-27,53,23.0
2021-03-27,54,22.0
2021-03-27,55,22.0
2021-03-27,56,22.0
2021-03-27,57,23.0
2021-03-27,58,22.0
2021-03-27,59,23.0
2021-03-27,60,28.0
2021-03-27,61,26.0
2021-03-27,62,23.0
2021-03-27,63,22.0
2021-03-27,64,23.0
2021-03-27,65,23.0
2021-03-27,66,22.0
2021-03-27,67,23.0
2021-03-27,68,22.0
2021-03-27,69,22.0
2021-03-27,70,22.0
2021-03-27,71,23.0
2021-03-27,72,22.0
2021-03-27,73,23.0
2021-03-27,74,27.0
2021-03-27,75,27.0
2021-03-27,76,22.0
2021-03-27,77,22.0
2021-03-27,78,22.0
2021-03-27,79,22.0
2021-03-27,80,22.0
2021-03-27,81,22.0
2021-03-27,82,22.0
2021-03-27,83,22.0
2021-03-27,84,23.0
2021-03-27,85,22.0
2021-03-27,86,22.0
2021-03-27,87,27.0
2021-03-27,88,26.0
2021-03-27,89,22.0
2021-03-27,90,22.0
2021-03-27,91,22.0
2021-03-27,92,22.0
2021-03-27,93,22.0
2021-03-27,94,22.0
2021-03-27,95,22.0
2021-03-28,0,24.0
2021-03-28,1,23.0
2021-03-28,2,24.0
2021-03-28,3,24.0
2021-03-28,4,23.0
2021-03-28,5,26.0
2021-03-28,6,28.0
2021-03-28,7,25.0
2021-03-28,8,22.0
2021-03-28,9,22.0
2021-03-28,10,22.0
2021-03-28,11,22.0
2021-03-28,12,23.0
2021-03-28,13,24.0
2021-03-28,14,24.0
2021-03-28,15,23.0
2021-03-28,16,24.0
2021-03-28,17,24.0
2021-03-28,18,26.0
2021-03-28,19,28.0
2021-03-28,20,22.0
2021-03-28,21,22.0
2021-03-28,22,22.0
2021-03-28,23,22.0
2021-03-28,24,23.0
2021-03-28,25,23.0
2021-03-28,26,23.0
2021-03-28,27,23.0
2021-03-28,28,21.0
2021-03-28,29,23.0
2021-03-28,30,26.0
2021-03-28,31,25.0
2021-03-28,32,144.0
2021-03-28,33,167.0
2021-03-28,34,190.0
2021-03-28,35,198.0
2021-03-28,36,185.0
2021-03-28,37,182.0
2021-03-28,38,174.0
2021-03-28,39,172.0
2021-03-28,40,135.0
2021-03-28,41,184.0
2021-03-28,42,182.0
2021-03-28,43,168.0
2021-03-28,44,176.0
2021-03-28,45,178.0
2021-03-28,46,193.0
2021-03-28,47,184.0
2021-03-28,48,131.0
2021-03-28,49,112.0
2021-03-28,50,107.0
2021-03-28,51,135.0
2021-03-28,52,169.0
2021-03-28,53,189.0
2021-03-28,54,191.0
2021-03-28,55,191.0
2021-03-28,56,183.0
2021-03-28,57,171.0
2021-03-28,58,178.0
2021-03-28,59,189.0
2021-03-28,60,155.0
2021-03-28,61,188.0
2021-03-28,62,194.0
2021-03-28,63,189.0
2021-03-28,64,172.0
2021-03-28,65,163.0
2021-03-28,66,164.0
2021-03-28,67,172.0
2021-03-28,68,132.0
2021-03-28,69,123.0
2021-03-28,70,166.0
2021-03-28,71,179.0
2021-03-28,72,183.0
2021-03-28,73,185.0
2021-03-28,74,168.0
2021-03-28,75,171.0
2021-03-28,76,158.0
2021-03-28,77,169.0
2021-03-28,78,163.0
2021-03-28,79,121.0
2021-03-28,80,110.0
2021-03-28,81,113.0
2021-03-28,82,111.0
2021-03-28,83,113.0
2021-03-28,84,115.0
2021-03-28,85,120.0
2021-03-28,86,123.0
2021-03-28,87,113.0
2021-03-28,88,102.0
2021-03-28,89,104.0
2021-03-28,90,111.0
2021-03-28,91,119.0
2021-03-28,92,126.0
2021-03-28,93,111.0
2021-03-28,94,111.0
2021-03-28,95,81.0
2021-03-29,0,67.0
2021-03-29,1,66.0
2021-03-29,2,66.0
2021-03-29,3,66.0
2021-03-29,4,94.0
2021-03-29,5,101.0
2021-03-29,6,112.0
2021-03-29,7,110.0
2021-03-29,8,124.0
2021-03-29,9,124.0
2021-03-29,10,107.0
2021-03-29,11,95.0
2021-03-29,12,90.0
2021-03-29,13,100.0
2021-03-29,14,109.0
2021-03-29,15,115.0
2021-03-29,16,112.0
2021-03-29,17,114.0
2021-03-29,18,114.0
2021-03-29,19,99.0
2021-03-29,20,76.0
2021-03-29,21,72.0
2021-03-29,22,102.0
2021-03-29,23,110.0
2021-03-29,24,119.0
2021-03-29,25,113.0
2021-03-29,26,108.0
2021-03-29,27,112.0
2021-03-29,28,113.0
2021-03-29,29,120.0
2021-03-29,30,154.0
2021-03-29,31,160.0
2021-03-29,32,190.0
2021-03-29,33,222.0
2021-03-29,34,207.0
2021-03-29,35,189.0
2021-03-29,36,183.0
2021-03-29,37,179.0
2021-03-29,38,179.0
2021-03-29,39,176.0
2021-03-29,40,139.0
2021-03-29,41,169.0
2021-03-29,42,175.0
2021-03-29,43,168.0
2021-03-29,44,182.0
2021-03-29,45,191.0
2021-03-29,46,200.0
2021-03-29,47,200.0
2021-03-29,48,134.0
2021-03-29,49,104.0
2021-03-29,50,100.0
2021-03-29,51,133.0
2021-03-29,52,179.0
2021-03-29,53,194.0
2021-03-29,54,186.0
2021-03-29,55,187.0
2021-03-29,56,168.0
2021-03-29,57,181.0
2021-03-29,58,183.0
2021-03-29,59,177.0
2021-03-29,60,139.0
2021-03-29,61,179.0
2021-03-29,62,170.0
2021-03-29,63,165.0
2021-03-29,64,167.0
2021-03-29,65,167.0
2021-03-29,66,157.0
2021-03-29,67,164.0
2021-03-29,68,122.0
2021-03-29,69,99.0
2021-03-29,70,136.0
2021-03-29,71,153.0
2021-03-29,72,160.0
2021-03-29,73,163.0
2021-03-29,74,164.0
2021-03-29,75,175.0
2021-03-29,76,177.0
2021-03-29,77,173.0
2021-03-29,78,154.0
2021-03-29,79,137.0
2021-03-29,80,132.0
2021-03-29,81,134.0
2021-03-29,82,137.0
2021-03-29,83,135.0
2021-03-29,84,125.0
2021-03-29,85,126.0
2021-03-29,86,125.0
2021-03-29,87,119.0
2021-03-29,88,105.0
2021-03-29,89,108.0
2021-03-29,90,121.0
2021-03-29,91,116.0
2021-03-29,92,110.0
2021-03-29,93,113.0
2021-03-29,94,109.0
2021-03-29,95,82.0
2021-03-30,0,69.0
2021-03-30,1,67.0
2021-03-30,2,67.0
2021-03-30,3,65.0
2021-03-30,4,90.0
2021-03-30,5,102.0
2021-03-30,6,112.0
2021-03-30,7,112.0
2021-03-30,8,118.0
2021-03-30,9,110.0
2021-03-30,10,108.0
2021-03-30,11,103.0
2021-03-30,12,101.0
2021-03-30,13,110.0
2021-03-30,14,120.0
2021-03-30,15,117.0
2021-03-30,16,116.0
2021-03-30,17,114.0
2021-03-30,18,103.0
2021-03-30,19,103.0
2021-03-30,20,93.0
2021-03-30,21,82.0
2021-03-30,22,103.0
2021-03-30,23,115.0
2021-03-30,24,113.0
2021-03-30,25,111.0
2021-03-30,26,115.0
2021-03-30,27,118.0
2021-03-30,28,116.0
2021-03-30,29,125.0
2021-03-30,30,142.0
2021-03-30,31,143.0
2021-03-30,32,164.0
2021-03-30,33,177.0
2021-03-30,34,185.0
2021-03-30,35,193.0
2021-03-30,36,184.0
2021-03-30,37,187.0
2021-03-30,38,173.0
2021-03-30,39,171.0
2021-03-30,40,142.0
2021-03-30,41,171.0
2021-03-30,42,169.0
2021-03-30,43,152.0
2021-03-30,44,146.0
2021-03-30,45,139.0
2021-03-30,46,141.0
2021-03-30,47,150.0
2021-03-30,48,119.0
2021-03-30,49,104.0
2021-03-30,50,99.0
2021-03-30,51,109.0
2021-03-30,52,145.0
2021-03-30,53,166.0
2021-03-30,54,171.0
2021-03-30,55,184.0
2021-03-30,56,177.0
2021-03-30,57,160.0
2021-03-30,58,161.0
2021-03-30,59,165.0
2021-03-30,60,133.0
2021-03-30,61,175.0
2021-03-30,62,178.0
2021-03-30,63,168.0
2021-03-30,64,163.0
2021-03-30,65,165.0
2021-03-30,66,152.0
2021-03-30,67,162.0
2021-03-30,68,133.0
2021-03-30,69,144.0
2021-03-30,70,181.0
2021-03-30,71,167.0
2021-03-30,72,153.0
2021-03-30,73,156.0
2021-03-30,74,164.0
2021-03-30,75,165.0
2021-03-30,76,162.0
2021-03-30,77,155.0
2021-03-30,78,141.0
2021-03-30,79,107.0
2021-03-30,80,100.0
2021-03-30,81,109.0
2021-03-30,82,115.0
2021-03-30,83,112.0
2021-03-30,84,113.0
2021-03-30,85,117.0
2021-03-30,86,113.0
2021-03-30,87,108.0
2021-03-30,88,88.0
2021-03-30,89,103.0
2021-03-30,90,114.0
2021-03-30,91,118.0
2021-03-30,92,120.0
2021-03-30,93,116.0
2021-03-30,94,103.0
2021-03-30,95,77.0
2021-03-31,0,22.0
2021-03-31,1,22.0
2021-03-31,2,26.0
2021-03-31,3,26.0
2021-03-31,4,21.0
2021-03-31,5,21.0
2021-03-31,6,21.0
2021-03-31,7,22.0
2021-03-31,8,21.0
2021-03-31,9,21.0
2021-03-31,10,21.0
2021-03-31,11,22.0
2021-03-31,12,22.0
2021-03-31,13,22.0
2021-03-31,14,22.0
2021-03-31,15,24.0
2021-03-31,16,26.0
2021-03-31,17,24.0
2021-03-31,18,22.0
2021-03-31,19,21.0
2021-03-31,20,21.0
2021-03-31,21,21.0
2021-03-31,22,21.0
2021-03-31,23,22.0
2021-03-31,24,22.0
2021-03-31,25,21.0
2021-03-31,26,21.0
2021-03-31,27,21.0
2021-03-31,28,21.0
2021-03-31,29,26.0
2021-03-31,30,26.0
2021-03-31,31,22.0
2021-03-31,32,21.0
2021-03-31,33,21.0
2021-03-31,34,21.0
2021-03-31,35,21.0
2021-03-31,36,21.0
2021-03-31,37,21.0
2021-03-31,38,21.0
2021-03-31,39,21.0
2021-03-31,40,21.0
2021-03-31,41,21.0
2021-03-31,42,22.0
2021-03-31,43,26.0
2021-03-31,44,25.0
2021-03-31,45,21.0
2021-03-31,46,21.0
2021-03-31,47,21.0
2021-03-31,48,21.0
2021-03-31,49,21.0
2021-03-31,50,21.0
2021-03-31,51,21.0
2021-03-31,52,21.0
2021-03-31,53,21.0
2021-03-31,54,21.0
2021-03-31,55,21.0
2021-03-31,56,24.0
2021-03-31,57,25.0
2021-03-31,58,21.0
2021-03-31,59,21.0
2021-03-31,60,21.0
2021-03-31,61,21.0
2021-03-31,62,21.0
2021-03-31,63,21.0
2021-03-31,64,21.0
2021-03-31,65,21.0
2021-03-31,66,21.0
2021-03-31,67,21.0
2021-03-31,68,24.0
2021-03-31,69,26.0
2021-03-31,70,22.0
2021-03-31,71,21.0
2021-03-31,72,21.0
2021-03-31,73,21.0
2021-03-31,74,21.0
2021-03-31,75,21.0
2021-03-31,76,21.0
2021-03-31,77,21.0
2021-03-31,78,21.0
2021-03-31,79,21.0
2021-03-31,80,22.0
2021-03-31,81,26.0
2021-03-31,82,24.0
2021-03-31,83,21.0
2021-03-31,84,21.0
2021-03-31,85,21.0
2021-03-31,86,21.0
2021-03-31,87,22.0
2021-03-31,88,21.0
2021-03-31,89,21.0
2021-03-31,90,21.0
2021-03-31,91,21.0
2021-03-31,92,21.0
2021-03-31,93,24.0
2021-03-31,94,26.0
2021-03-31,95,25.0
2021-04-01,0,26.0
2021-04-01,1,23.0
2021-04-01,2,21.0
2021-04-01,3,21.0
2021-04-01,4,21.0
2021-04-01,5,21.0
2021-04-01,6,21.0
2021-04-01,7,21.0
2021-04-01,8,21.0
2021-04-01,9,21.0
2021-04-01,10,21.0
2021-04-01,11,21.0
2021-04-01,12,24.0
2021-04-01,13,26.0
2021-04-01,14,22.0
2021-04-01,15,21.0
2021-04-01,16,21.0
2021-04-01,17,21.0
2021-04-01,18,21.0
2021-04-01,19,21.0
2021-04-01,20,21.0
2021-04-01,21,21.0
2021-04-01,22,21.0
2021-04-01,23,21.0
2021-04-01,24,23.0
2021-04-01,25,25.0
2021-04-01,26,24.0
2021-04-01,27,21.0
2021-04-01,28,22.0
2021-04-01,29,40.0
2021-04-01,30,76.0
2021-04-01,31,97.0
2021-04-01,32,153.0
2021-04-01,33,184.0
2021-04-01,34,183.0
2021-04-01,35,179.0
2021-04-01,36,181.0
2021-04-01,37,178.0
2021-04-01,38,164.0
2021-04-01,39,157.0
2021-04-01,40,125.0
2021-04-01,41,141.0
2021-04-01,42,164.0
2021-04-01,43,164.0
2021-04-01,44,173.0
2021-04-01,45,170.0
2021-04-01,46,173.0
2021-04-01,47,179.0
2021-04-01,48,105.0
2021-04-01,49,93.0
2021-04-01,50,93.0
2021-04-01,51,134.0
2021-04-01,52,177.0
2021-04-01,53,177.0
2021-04-01,54,182.0
2021-04-01,55,179.0
2021-04-01,56,170.0
2021-04-01,57,168.0
2021-04-01,58,164.0
2021-04-01,59,167.0
2021-04-01,60,125.0
2021-04-01,61,165.0
2021-04-01,62,160.0
2021-04-01,63,167.0
2021-04-01,64,162.0
2021-04-01,65,145.0
2021-04-01,66,146.0
2021-04-01,67,136.0
2021-04-01,68,98.0
2021-04-01,69,99.0
2021-04-01,70,131.0
2021-04-01,71,146.0
2021-04-01,72,128.0
2021-04-01,73,130.0
2021-04-01,74,138.0
2021-04-01,75,141.0
2021-04-01,76,133.0
2021-04-01,77,130.0
2021-04-01,78,119.0
2021-04-01,79,106.0
2021-04-01,80,108.0
2021-04-01,81,101.0
2021-04-01,82,117.0
2021-04-01,83,113.0
2021-04-01,84,100.0
2021-04-01,85,105.0
2021-04-01,86,102.0
2021-04-01,87,110.0
2021-04-01,88,92.0
2021-04-01,89,110.0
2021-04-01,90,106.0
2021-04-01,91,110.0
2021-04-01,92,103.0
2021-04-01,93,114.0
2021-04-01,94,104.0
2021-04-01,95,73.0
2021-04-02,0,68.0
2021-04-02,1,63.0
2021-04-02,2,65.0
2021-04-02,3,64.0
2021-04-02,4,97.0
2021-04-02,5,106.0
2021-04-02,6,117.0
2021-04-02,7,113.0
2021-04-02,8,120.0
2021-04-02,9,117.0
2021-04-02,10,116.0
2021-04-02,11,112.0
2021-04-02,12,90.0
2021-04-02,13,108.0
2021-04-02,14,104.0
2021-04-02,15,113.0
2021-04-02,16,101.0
2021-04-02,17,98.0
2021-04-02,18,108.0
2021-04-02,19,97.0
2021-04-02,20,79.0
2021-04-02,21,76.0
2021-04-02,22,90.0
2021-04-02,23,94.0
2021-04-02,24,109.0
2021-04-02,25,110.0
2021-04-02,26,112.0
2021-04-02,27,111.0
2021-04-02,28,108.0
2021-04-02,29,115.0
2021-04-02,30,142.0
2021-04-02,31,139.0
2021-04-02,32,162.0
2021-04-02,33,181.0
2021-04-02,34,167.0
2021-04-02,35,175.0
2021-04-02,36,169.0
2021-04-02,37,155.0
2021-04-02,38,177.0
2021-04-02,39,172.0
2021-04-02,40,129.0
2021-04-02,41,170.0
2021-04-02,42,169.0
2021-04-02,43,174.0
2021-04-02,44,178.0
2021-04-02,45,169.0
2021-04-02,46,170.0
2021-04-02,47,173.0
2021-04-02,48,105.0
2021-04-02,49,89.0
2021-04-02,50,91.0
2021-04-02,51,129.0
2021-04-02,52,170.0
2021-04-02,53,166.0
2021-04-02,54,165.0
2021-04-02,55,160.0
2021-04-02,56,161.0
2021-04-02,57,163.0
2021-04-02,58,161.0
2021-04-02,59,180.0
2021-04-02,60,133.0
2021-04-02,61,173.0
2021-04-02,62,177.0
2021-04-02,63,153.0
2021-04-02,64,161.0
2021-04-02,65,164.0
2021-04-02,66,162.0
2021-04-02,67,157.0
2021-04-02,68,110.0
2021-04-02,69,90.0
2021-04-02,70,139.0
2021-04-02,71,153.0
2021-04-02,72,150.0
2021-04-02,73,169.0
2021-04-02,74,169.0
2021-04-02,75,162.0
2021-04-02,76,159.0
2021-04-02,77,164.0
2021-04-02,78,172.0
2021-04-02,79,138.0
2021-04-02,80,122.0
2021-04-02,81,125.0
2021-04-02,82,118.0
2021-04-02,83,129.0
2021-04-02,84,125.0
2021-04-02,85,134.0
2021-04-02,86,122.0
2021-04-02,87,117.0
2021-04-02,88,98.0
2021-04-02,89,100.0
2021-04-02,90,115.0
2021-04-02,91,105.0
2021-04-02,92,106.0
2021-04-02,93,103.0
2021-04-02,94,98.0
2021-04-02,95,73.0
2021-04-03,0,76.0
2021-04-03,1,68.0
2021-04-03,2,72.0
2021-04-03,3,65.0
2021-04-03,4,95.0
2021-04-03,5,103.0
2021-04-03,6,115.0
2021-04-03,7,116.0
2021-04-03,8,118.0
2021-04-03,9,112.0
2021-04-03,10,107.0
2021-04-03,11,97.0
2021-04-03,12,89.0
2021-04-03,13,105.0
2021-04-03,14,100.0
2021-04-03,15,104.0
2021-04-03,16,101.0
2021-04-03,17,107.0
2021-04-03,18,100.0
2021-04-03,19,99.0
2021-04-03,20,82.0
2021-04-03,21,79.0
2021-04-03,22,91.0
2021-04-03,23,92.0
2021-04-03,24,103.0
2021-04-03,25,102.0
2021-04-03,26,103.0
2021-04-03,27,97.0
2021-04-03,28,97.0
2021-04-03,29,92.0
2021-04-03,30,68.0
2021-04-03,31,30.0
2021-04-03,32,21.0
2021-04-03,33,25.0
2021-04-03,34,25.0
2021-04-03,35,21.0
2021-04-03,36,21.0
2021-04-03,37,21.0
2021-04-03,38,20.0
2021-04-03,39,20.0
2021-04-03,40,21.0
2021-04-03,41,21.0
2021-04-03,42,20.0
2021-04-03,43,21.0
2021-04-03,44,21.0
2021-04-03,45,21.0
2021-04-03,46,24.0
2021-04-03,47,26.0
2021-04-03,48,24.0
2021-04-03,49,21.0
2021-04-03,50,21.0
2021-04-03,51,21.0
2021-04-03,52,21.0
2021-04-03,53,21.0
2021-04-03,54,21.0
2021-04-03,55,21.0
2021-04-03,56,20.0
2021-04-03,57,21.0
2021-04-03,58,21.0
2021-04-03,59,21.0
2021-04-03,60,25.0
2021-04-03,61,26.0
2021-04-03,62,21.0
2021-04-03,63,21.0
2021-04-03,64,21.0
2021-04-03,65,21.0
2021-04-03,66,21.0
2021-04-03,67,21.0
2021-04-03,68,21.0
2021-04-03,69,21.0
2021-04-03,70,21.0
2021-04-03,71,21.0
2021-04-03,72,21.0
2021-04-03,73,25.0
2021-04-03,74,25.0
2021-04-03,75,21.0
2021-04-03,76,20.0
2021-04-03,77,20.0
2021-04-03,78,21.0
2021-04-03,79,21.0
2021-04-03,80,20.0
2021-04-03,81,20.0
2021-04-03,82,21.0
2021-04-03,83,21.0
2021-04-03,84,22.0
2021-04-03,85,23.0
2021-04-03,86,26.0
2021-04-03,87,25.0
2021-04-03,88,21.0
2021-04-03,89,21.0
2021-04-03,90,22.0
2021-04-03,91,21.0
2021-04-03,92,21.0
2021-04-03,93,21.0
2021-04-03,94,21.0
2021-04-03,95,21.0
2021-04-04,0,21.0
2021-04-04,1,21.0
2021-04-04,2,21.0
2021-04-04,3,22.0
2021-04-04,4,25.0
2021-04-04,5,24.0
2021-04-04,6,21.0
2021-04-04,7,20.0
2021-04-04,8,21.0
2021-04-04,9,21.0
2021-04-04,10,21.0
2021-04-04,11,21.0
2021-04-04,12,21.0
2021-04-04,13,21.0
2021-04-04,14,21.0
2021-04-04,15,21.0
2021-04-04,16,23.0
2021-04-04,17,26.0
2021-04-04,18,24.0
2021-04-04,19,21.0
2021-04-04,20,21.0
2021-04-04,21,21.0
2021-04-04,22,21.0
2021-04-04,23,21.0
2021-04-04,24,21.0
2021-04-04,25,21.0
2021-04-04,26,21.0
2021-04-04,27,21.0
2021-04-04,28,21.0
2021-04-04,29,25.0
2021-04-04,30,25.0
2021-04-04,31,23.0
2021-04-04,32,21.0
2021-04-04,33,20.0
2021-04-04,34,21.0
2021-04-04,35,21.0
2021-04-04,36,21.0
2021-04-04,37,20.0
2021-04-04,38,21.0
2021-04-04,39,20.0
2021-04-04,40,21.0
2021-04-04,41,20.0
2021-04-04,42,22.0
2021-04-04,43,26.0
2021-04-04,44,24.0
2021-04-04,45,21.0
2021-04-04,46,21.0
2021-04-04,47,21.0
2021-04-04,48,21.0
2021-04-04,49,21.0
2021-04-04,50,21.0
2021-04-04,51,21.0
2021-04-04,52,21.0
2021-04-04,53,20.0
2021-04-04,54,20.0
2021-04-04,55,24.0
2021-04-04,56,26.0
2021-04-04,57,23.0
2021-04-04,58,21.0
2021-04-04,59,21.0
2021-04-04,60,20.0
2021-04-04,61,20.0
2021-04-04,62,21.0
2021-04-04,63,21.0
2021-04-04,64,20.0
2021-04-04,65,20.0
2021-04-04,66,20.0
2021-04-04,67,20.0
2021-04-04,68,22.0
2021-04-04,69,25.0
2021-04-04,70,25.0
2021-04-04,71,21.0
2021-04-04,72,20.0
2021-04-04,73,21.0
2021-04-04,74,20.0
2021-04-04,75,20.0
2021-04-04,76,20.0
2021-04-04,77,20.0
2021-04-04,78,20.0
2021-04-04,79,21.0
2021-04-04,80,20.0
2021-04-04,81,21.0
2021-04-04,82,25.0
2021-04-04,83,26.0
2021-04-04,84,22.0
2021-04-04,85,21.0
2021-04-04,86,22.0
2021-04-04,87,21.0
2021-04-04,88,21.0
2021-04-04,89,21.0
2021-04-04,90,21.0
2021-04-04,91,21.0
2021-04-04,92,21.0
2021-04-04,93,21.0
2021-04-04,94,21.0
2021-04-04,95,25.0
2021-04-05,0,26.0
2021-04-05,1,23.0
2021-04-05,2,21.0
2021-04-05,3,21.0
2021-04-05,4,21.0
2021-04-05,5,21.0
2021-04-05,6,21.0
2021-04-05,7,21.0
2021-04-05,8,21.0
2021-04-05,9,21.0
2021-04-05,10,21.0
2021-04-05,11,21.0
2021-04-05,12,24.0
2021-04-05,13,26.0
2021-04-05,14,22.0
2021-04-05,15,21.0
2021-04-05,16,21.0
2021-04-05,17,21.0
2021-04-05,18,21.0
2021-04-05,19,21.0
2021-04-05,20,21.0
2021-04-05,21,21.0
2021-04-05,22,21.0
2021-04-05,23,21.0
2021-04-05,24,23.0
2021-04-05,25,25.0
2021-04-05,26,24.0
2021-04-05,27,21.0
2021-04-05,28,22.0
2021-04-05,29,40.0
2021-04-05,30,76.0
2021-04-05,31,97.0
2021-04-05,32,153.0
2021-04-05,33,184.0
2021-04-05,34,183.0
2021-04-05,35,179.0
2021-04-05,36,181.0
2021-04-05,37,178.0
2021-04-05,38,164.0
2021-04-05,39,157.0
2021-04-05,40,125.0
2021-04-05,41,141.0
2021-04-05,42,164.0
2021-04-05,43,164.0
2021-04-05,44,173.0
2021-04-05,45,170.0
2021-04-05,46,173.0
2021-04-05,47,179.0
2021-04-05,48,105.0
2021-04-05,49,93.0
2021-04-05,50,93.0
2021-04-05,51,134.0
2021-04-05,52,177.0
2021-04-05,53,177.0
2021-04-05,54,182.0
2021-04-05,55,179.0
2021-04-05,56,170.0
2021-04-05,57,168.0
2021-04-05,58,164.0
2021-04-05,59,167.0
2021-04-05,60,125.0
2021-04-05,61,165.0
2021-04-05,62,160.0
2021-04-05,63,167.0
2021-04-05,64,162.0
2021-04-05,65,145.0
2021-04-05,66,146.0
2021-04-05,67,136.0
2021-04-05,68,98.0
2021-04-05,69,99.0
2021-04-05,70,131.0
2021-04-05,71,146.0
2021-04-05,72,128.0
2021-04-05,73,130.0
2021-04-05,74,138.0
2021-04-05,75,141.0
2021-04-05,76,133.0
2021-04-05,77,130.0
2021-04-05,78,119.0
2021-04-05,79,106.0
2021-04-05,80,108.0
2021-04-05,81,101.0
2021-04-05,82,117.0
2021-04-05,83,113.0
2021-04-05,84,100.0
2021-04-05,85,105.0
2021-04-05,86,102.0
2021-04-05,87,110.0
2021-04-05,88,92.0
2021-04-05,89,110.0
2021-04-05,90,106.0
2021-04-05,91,110.0
2021-04-05,92,103.0
2021-04-05,93,114.0
2021-04-05,94,104.0
2021-04-05,95,73.0
2021-04-06,0,68.0
2021-04-06,1,63.0
2021-04-06,2,65.0
2021-04-06,3,64.0
2021-04-06,4,97.0
2021-04-06,5,106.0
2021-04-06,6,117.0
2021-04-06,7,113.0
2021-04-06,8,120.0
2021-04-06,9,117.0
2021-04-06,10,116.0
2021-04-06,11,112.0
2021-04-06,12,90.0
2021-04-06,13,108.0
2021-04-06,14,104.0
2021-04-06,15,113.0
2021-04-06,16,101.0
2021-04-06,17,98.0
2021-04-06,18,108.0
2021-04-06,19,97.0
2021-04-06,20,79.0
2021-04-06,21,76.0
2021-04-06,22,90.0
2021-04-06,23,94.0
2021-04-06,24,109.0
2021-04-06,25,110.0
2021-04-06,26,112.0
2021-04-06,27,111.0
2021-04-06,28,108.0
2021-04-06,29,115.0
2021-04-06,30,142.0
2021-04-06,31,139.0
2021-04-06,32,162.0
2021-04-06,33,181.0
2021-04-06,34,167.0
2021-04-06,35,175.0
2021-04-06,36,169.0
2021-04-06,37,155.0
2021-04-06,38,177.0
2021-04-06,39,172.0
2021-04-06,40,129.0
2021-04-06,41,170.0
2021-04-06,42,169.0
2021-04-06,43,174.0
2021-04-06,44,178.0
2021-04-06,45,169.0
2021-04-06,46,170.0
2021-04-06,47,173.0
2021-04-06,48,105.0
2021-04-06,49,89.0
2021-04-06,50,91.0
2021-04-06,51,129.0
2021-04-06,52,170.0
2021-04-06,53,166.0
2021-04-06,54,165.0
2021-04-06,55,160.0
2021-04-06,56,161.0
2021-04-06,57,163.0
2021-04-06,58,161.0
2021-04-06,59,180.0
2021-04-06,60,133.0
2021-04-06,61,173.0
2021-04-06,62,177.0
2021-04-06,63,153.0
2021-04-06,64,161.0
2021-04-06,65,164.0
2021-04-06,66,162.0
2021-04-06,67,157.0
2021-04-06,68,110.0
2021-04-06,69,90.0
2021-04-06,70,139.0
2021-04-06,71,153.0
2021-04-06,72,150.0
2021-04-06,73,169.0
2021-04-06,74,169.0
2021-04-06,75,162.0
2021-04-06,76,159.0
2021-04-06,77,164.0
2021-04-06,78,172.0
2021-04-06,79,138.0
2021-04-06,80,122.0
2021-04-06,81,125.0
2021-04-06,82,118.0
2021-04-06,83,129.0
2021-04-06,84,125.0
2021-04-06,85,134.0
2021-04-06,86,122.0
2021-04-06,87,117.0
2021-04-06,88,98.0
2021-04-06,89,100.0
2021-04-06,90,115.0
2021-04-06,91,105.0
2021-04-06,92,106.0
2021-04-06,93,103.0
2021-04-06,94,98.0
2021-04-06,95,73.0
2021-04-07,0,21.0
2021-04-07,1,21.0
2021-04-07,2,21.0
2021-04-07,3,21.0
2021-04-07,4,21.0
2021-04-07,5,21.0
2021-04-07,6,21.0
2021-04-07,7,21.0
2021-04-07,8,21.0
2021-04-07,9,21.0
2021-04-07,10,23.0
2021-04-07,11,26.0
2021-04-07,12,24.0
2021-04-07,13,21.0
2021-04-07,14,21.0
2021-04-07,15,21.0
2021-04-07,16,21.0
2021-04-07,17,21.0
2021-04-07,18,21.0
2021-04-07,19,21.0
2021-04-07,20,21.0
2021-04-07,21,21.0
2021-04-07,22,21.0
2021-04-07,23,25.0
2021-04-07,24,26.0
2021-04-07,25,23.0
2021-04-07,26,21.0
2021-04-07,27,21.0
2021-04-07,28,21.0
2021-04-07,29,39.0
2021-04-07,30,67.0
2021-04-07,31,95.0
2021-04-07,32,160.0
2021-04-07,33,191.0
2021-04-07,34,190.0
2021-04-07,35,199.0
2021-04-07,36,185.0
2021-04-07,37,187.0
2021-04-07,38,186.0
2021-04-07,39,187.0
2021-04-07,40,144.0
2021-04-07,41,172.0
2021-04-07,42,165.0
2021-04-07,43,177.0
2021-04-07,44,164.0
2021-04-07,45,173.0
2021-04-07,46,179.0
2021-04-07,47,169.0
2021-04-07,48,108.0
2021-04-07,49,87.0
2021-04-07,50,86.0
2021-04-07,51,123.0
2021-04-07,52,173.0
2021-04-07,53,170.0
2021-04-07,54,163.0
2021-04-07,55,159.0
2021-04-07,56,154.0
2021-04-07,57,167.0
2021-04-07,58,164.0
2021-04-07,59,156.0
2021-04-07,60,126.0
2021-04-07,61,156.0
2021-04-07,62,163.0
2021-04-07,63,173.0
2021-04-07,64,149.0
2021-04-07,65,160.0
2021-04-07,66,163.0
2021-04-07,67,163.0
2021-04-07,68,107.0
2021-04-07,69,95.0
2021-04-07,70,142.0
2021-04-07,71,155.0
2021-04-07,72,140.0
2021-04-07,73,127.0
2021-04-07,74,123.0
2021-04-07,75,111.0
2021-04-07,76,124.0
2021-04-07,77,112.0
2021-04-07,78,108.0
2021-04-07,79,117.0
2021-04-07,80,120.0
2021-04-07,81,123.0
2021-04-07,82,138.0
2021-04-07,83,130.0
2021-04-07,84,128.0
2021-04-07,85,122.0
2021-04-07,86,115.0
2021-04-07,87,117.0
2021-04-07,88,104.0
2021-04-07,89,120.0
2021-04-07,90,116.0
2021-04-07,91,114.0
2021-04-07,92,99.0
2021-04-07,93,118.0
2021-04-07,94,109.0
2021-04-07,95,78.0
2021-04-08,0,72.0
2021-04-08,1,69.0
2021-04-08,2,63.0
2021-04-08,3,62.0
2021-04-08,4,93.0
2021-04-08,5,100.0
2021-04-08,6,109.0
2021-04-08,7,112.0
2021-04-08,8,106.0
2021-04-08,9,100.0
2021-04-08,10,102.0
2021-04-08,11,98.0
2021-04-08,12,97.0
2021-04-08,13,108.0
2021-04-08,14,113.0
2021-04-08,15,101.0
2021-04-08,16,96.0
2021-04-08,17,96.0
2021-04-08,18,102.0
2021-04-08,19,99.0
2021-04-08,20,81.0
2021-04-08,21,72.0
2021-04-08,22,95.0
2021-04-08,23,109.0
2021-04-08,24,115.0
2021-04-08,25,111.0
2021-04-08,26,105.0
2021-04-08,27,97.0
2021-04-08,28,101.0
2021-04-08,29,110.0
2021-04-08,30,134.0
2021-04-08,31,127.0
2021-04-08,32,153.0
2021-04-08,33,172.0
2021-04-08,34,180.0
2021-04-08,35,181.0
2021-04-08,36,172.0
2021-04-08,37,174.0
2021-04-08,38,163.0
2021-04-08,39,171.0
2021-04-08,40,127.0
2021-04-08,41,166.0
2021-04-08,42,166.0
2021-04-08,43,174.0
2021-04-08,44,167.0
2021-04-08,45,161.0
2021-04-08,46,167.0
2021-04-08,47,159.0
2021-04-08,48,103.0
2021-04-08,49,94.0
2021-04-08,50,95.0
2021-04-08,51,130.0
2021-04-08,52,174.0
2021-04-08,53,164.0
2021-04-08,54,172.0
2021-04-08,55,159.0
2021-04-08,56,149.0
2021-04-08,57,152.0
2021-04-08,58,158.0
2021-04-08,59,153.0
2021-04-08,60,107.0
2021-04-08,61,134.0
2021-04-08,62,144.0
2021-04-08,63,146.0
2021-04-08,64,137.0
2021-04-08,65,153.0
2021-04-08,66,138.0
2021-04-08,67,151.0
2021-04-08,68,111.0
2021-04-08,69,104.0
2021-04-08,70,140.0
2021-04-08,71,124.0
2021-04-08,72,110.0
2021-04-08,73,107.0
2021-04-08,74,105.0
2021-04-08,75,111.0
2021-04-08,76,106.0
2021-04-08,77,102.0
2021-04-08,78,97.0
2021-04-08,79,93.0
2021-04-08,80,102.0
2021-04-08,81,99.0
2021-04-08,82,110.0
2021-04-08,83,102.0
2021-04-08,84,107.0
2021-04-08,85,99.0
2021-04-08,86,102.0
2021-04-08,87,100.0
2021-04-08,88,91.0
2021-04-08,89,107.0
2021-04-08,90,101.0
2021-04-08,91,102.0
2021-04-08,92,101.0
2021-04-08,93,93.0
2021-04-08,94,86.0
2021-04-08,95,60.0
2021-04-09,0,23.0
2021-04-09,1,22.0
2021-04-09,2,22.0
2021-04-09,3,23.0
2021-04-09,4,22.0
2021-04-09,5,23.0
2021-04-09,6,23.0
2021-04-09,7,23.0
2021-04-09,8,23.0
2021-04-09,9,22.0
2021-04-09,10,27.0
2021-04-09,11,27.0
2021-04-09,12,23.0
2021-04-09,13,22.0
2021-04-09,14,23.0
2021-04-09,15,22.0
2021-04-09,16,23.0
2021-04-09,17,22.0
2021-04-09,18,23.0
2021-04-09,19,23.0
2021-04-09,20,22.0
2021-04-09,21,23.0
2021-04-09,22,23.0
2021-04-09,23,26.0
2021-04-09,24,27.0
2021-04-09,25,24.0
2021-04-09,26,23.0
2021-04-09,27,22.0
2021-04-09,28,26.0
2021-04-09,29,34.0
2021-04-09,30,63.0
2021-04-09,31,131.0
2021-04-09,32,160.0
2021-04-09,33,180.0
2021-04-09,34,182.0
2021-04-09,35,184.0
2021-04-09,36,164.0
2021-04-09,37,163.0
2021-04-09,38,156.0
2021-04-09,39,149.0
2021-04-09,40,128.0
2021-04-09,41,169.0
2021-04-09,42,163.0
2021-04-09,43,168.0
2021-04-09,44,173.0
2021-04-09,45,157.0
2021-04-09,46,172.0
2021-04-09,47,153.0
2021-04-09,48,110.0
2021-04-09,49,91.0
2021-04-09,50,96.0
2021-04-09,51,126.0
2021-04-09,52,155.0
2021-04-09,53,158.0
2021-04-09,54,158.0
2021-04-09,55,159.0
2021-04-09,56,149.0
2021-04-09,57,152.0
2021-04-09,58,163.0
2021-04-09,59,153.0
2021-04-09,60,125.0
2021-04-09,61,144.0
2021-04-09,62,151.0
2021-04-09,63,145.0
2021-04-09,64,147.0
2021-04-09,65,151.0
2021-04-09,66,155.0
2021-04-09,67,157.0
2021-04-09,68,110.0
2021-04-09,69,102.0
2021-04-09,70,153.0
2021-04-09,71,146.0
2021-04-09,72,153.0
2021-04-09,73,165.0
2021-04-09,74,158.0
2021-04-09,75,160.0
2021-04-09,76,155.0
2021-04-09,77,147.0
2021-04-09,78,147.0
2021-04-09,79,117.0
2021-04-09,80,111.0
2021-04-09,81,114.0
2021-04-09,82,103.0
2021-04-09,83,114.0
2021-04-09,84,121.0
2021-04-09,85,121.0
2021-04-09,86,120.0
2021-04-09,87,117.0
2021-04-09,88,92.0
2021-04-09,89,117.0
2021-04-09,90,118.0
2021-04-09,91,122.0
2021-04-09,92,110.0
2021-04-09,93,105.0
2021-04-09,94,104.0
2021-04-09,95,84.0
2021-04-10,0,60.0
2021-04-10,1,60.0
2021-04-10,2,63.0
2021-04-10,3,60.0
2021-04-10,4,95.0
2021-04-10,5,97.0
2021-04-10,6,108.0
2021-04-10,7,115.0
2021-04-10,8,105.0
2021-04-10,9,104.0
2021-04-10,10,94.0
2021-04-10,11,110.0
2021-04-10,12,92.0
2021-04-10,13,111.0
2021-04-10,14,108.0
2021-04-10,15,100.0
2021-04-10,16,114.0
2021-04-10,17,110.0
2021-04-10,18,106.0
2021-04-10,19,95.0
2021-04-10,20,78.0
2021-04-10,21,75.0
2021-04-10,22,96.0
2021-04-10,23,99.0
2021-04-10,24,114.0
2021-04-10,25,108.0
2021-04-10,26,102.0
2021-04-10,27,90.0
2021-04-10,28,88.0
2021-04-10,29,79.0
2021-04-10,30,50.0
2021-04-10,31,33.0
2021-04-10,32,22.0
2021-04-10,33,26.0
2021-04-10,34,27.0
2021-04-10,35,22.0
2021-04-10,36,23.0
2021-04-10,37,22.0
2021-04-10,38,22.0
2021-04-10,39,22.0
2021-04-10,40,22.0
2021-04-10,41,22.0
2021-04-10,42,22.0
2021-04-10,43,22.0
2021-04-10,44,22.0
2021-04-10,45,25.0
2021-04-10,46,27.0
2021-04-10,47,26.0
2021-04-10,48,22.0
2021-04-10,49,23.0
2021-04-10,50,23.0
2021-04-10,51,22.0
2021-04-10,52,22.0
2021-04-10,53,22.0
2021-04-10,54,22.0
2021-04-10,55,22.0
2021-04-10,56,22.0
2021-04-10,57,22.0
2021-04-10,58,23.0
2021-04-10,59,26.0
2021-04-10,60,27.0
2021-04-10,61,23.0
2021-04-10,62,22.0
2021-04-10,63,22.0
2021-04-10,64,22.0
2021-04-10,65,22.0
2021-04-10,66,23.0
2021-04-10,67,23.0
2021-04-10,68,23.0
2021-04-10,69,22.0
2021-04-10,70,22.0
2021-04-10,71,22.0
2021-04-10,72,25.0
2021-04-10,73,27.0
2021-04-10,74,22.0
2021-04-10,75,22.0
2021-04-10,76,22.0
2021-04-10,77,22.0
2021-04-10,78,22.0
2021-04-10,79,22.0
2021-04-10,80,22.0
2021-04-10,81,22.0
2021-04-10,82,22.0
2021-04-10,83,22.0
2021-04-10,84,25.0
2021-04-10,85,28.0
2021-04-10,86,24.0
2021-04-10,87,23.0
2021-04-10,88,23.0
2021-04-10,89,23.0
2021-04-10,90,22.0
2021-04-10,91,23.0
2021-04-10,92,22.0
2021-04-10,93,22.0
2021-04-10,94,23.0
2021-04-10,95,23.0
2021-04-11,0,20.0
2021-04-11,1,20.0
2021-04-11,2,20.0
2021-04-11,3,20.0
2021-04-11,4,24.0
2021-04-11,5,25.0
2021-04-11,6,21.0
2021-04-11,7,20.0
2021-04-11,8,20.0
2021-04-11,9,20.0
2021-04-11,10,20.0
2021-04-11,11,20.0
2021-04-11,12,20.0
2021-04-11,13,20.0
2021-04-11,14,20.0
2021-04-11,15,20.0
2021-04-11,16,20.0
2021-04-11,17,20.0
2021-04-11,18,24.0
2021-04-11,19,25.0
2021-04-11,20,20.0
2021-04-11,21,20.0
2021-04-11,22,20.0
2021-04-11,23,20.0
2021-04-11,24,20.0
2021-04-11,25,20.0
2021-04-11,26,20.0
2021-04-11,27,20.0
2021-04-11,28,19.0
2021-04-11,29,19.0
2021-04-11,30,20.0
2021-04-11,31,23.0
2021-04-11,32,24.0
2021-04-11,33,19.0
2021-04-11,34,20.0
2021-04-11,35,20.0
2021-04-11,36,20.0
2021-04-11,37,20.0
2021-04-11,38,20.0
2021-04-11,39,20.0
2021-04-11,40,20.0
2021-04-11,41,20.0
2021-04-11,42,20.0
2021-04-11,43,23.0
2021-04-11,44,24.0
2021-04-11,45,20.0
2021-04-11,46,20.0
2021-04-11,47,20.0
2021-04-11,48,20.0
2021-04-11,49,20.0
2021-04-11,50,20.0
2021-04-11,51,20.0
2021-04-11,52,20.0
2021-04-11,53,20.0
2021-04-11,54,20.0
2021-04-11,55,20.0
2021-04-11,56,25.0
2021-04-11,57,24.0
2021-04-11,58,20.0
2021-04-11,59,20.0
2021-04-11,60,20.0
2021-04-11,61,20.0
2021-04-11,62,20.0
2021-04-11,63,20.0
2021-04-11,64,20.0
2021-04-11,65,20.0
2021-04-11,66,20.0
2021-04-11,67,20.0
2021-04-11,68,21.0
2021-04-11,69,25.0
2021-04-11,70,25.0
2021-04-11,71,20.0
2021-04-11,72,20.0
2021-04-11,73,19.0
2021-04-11,74,19.0
2021-04-11,75,19.0
2021-04-11,76,19.0
2021-04-11,77,19.0
2021-04-11,78,20.0
2021-04-11,79,20.0
2021-04-11,80,19.0
2021-04-11,81,19.0
2021-04-11,82,20.0
2021-04-11,83,25.0
2021-04-11,84,24.0
2021-04-11,85,20.0
2021-04-11,86,21.0
2021-04-11,87,20.0
2021-04-11,88,20.0
2021-04-11,89,20.0
2021-04-11,90,20.0
2021-04-11,91,20.0
2021-04-11,92,20.0
2021-04-11,93,20.0
2021-04-11,94,20.0
2021-04-11,95,22.0
2021-04-12,0,71.0
2021-04-12,1,65.0
2021-04-12,2,58.0
2021-04-12,3,60.0
2021-04-12,4,85.0
2021-04-12,5,96.0
2021-04-12,6,97.0
2021-04-12,7,93.0
2021-04-12,8,91.0
2021-04-12,9,93.0
2021-04-12,10,96.0
2021-04-12,11,94.0
2021-04-12,12,74.0
2021-04-12,13,91.0
2021-04-12,14,90.0
2021-04-12,15,96.0
2021-04-12,16,91.0
2021-04-12,17,84.0
2021-04-12,18,84.0
2021-04-12,19,79.0
2021-04-12,20,67.0
2021-04-12,21,62.0
2021-04-12,22,88.0
2021-04-12,23,105.0
2021-04-12,24,102.0
2021-04-12,25,94.0
2021-04-12,26,94.0
2021-04-12,27,90.0
2021-04-12,28,94.0
2021-04-12,29,100.0
2021-04-12,30,134.0
2021-04-12,31,130.0
2021-04-12,32,160.0
2021-04-12,33,172.0
2021-04-12,34,167.0
2021-04-12,35,179.0
2021-04-12,36,166.0
2021-04-12,37,169.0
2021-04-12,38,172.0
2021-04-12,39,175.0
2021-04-12,40,133.0
2021-04-12,41,163.0
2021-04-12,42,172.0
2021-04-12,43,169.0
2021-04-12,44,164.0
2021-04-12,45,166.0
2021-04-12,46,166.0
2021-04-12,47,172.0
2021-04-12,48,101.0
2021-04-12,49,81.0
2021-04-12,50,83.0
2021-04-12,51,130.0
2021-04-12,52,182.0
2021-04-12,53,178.0
2021-04-12,54,177.0
2021-04-12,55,169.0
2021-04-12,56,159.0
2021-04-12,57,166.0
2021-04-12,58,169.0
2021-04-12,59,173.0
2021-04-12,60,126.0
2021-04-12,61,174.0
2021-04-12,62,179.0
2021-04-12,63,170.0
2021-04-12,64,163.0
2021-04-12,65,156.0
2021-04-12,66,145.0
2021-04-12,67,150.0
2021-04-12,68,102.0
2021-04-12,69,89.0
2021-04-12,70,142.0
2021-04-12,71,138.0
2021-04-12,72,146.0
2021-04-12,73,147.0
2021-04-12,74,144.0
2021-04-12,75,145.0
2021-04-12,76,154.0
2021-04-12,77,154.0
2021-04-12,78,146.0
2021-04-12,79,122.0
2021-04-12,80,108.0
2021-04-12,81,118.0
2021-04-12,82,119.0
2021-04-12,83,115.0
2021-04-12,84,113.0
2021-04-12,85,113.0
2021-04-12,86,114.0
2021-04-12,87,109.0
2021-04-12,88,92.0
2021-04-12,89,94.0
2021-04-12,90,107.0
2021-04-12,91,106.0
2021-04-12,92,104.0
2021-04-12,93,103.0
2021-04-12,94,92.0
2021-04-12,95,74.0
2021-04-13,0,71.0
2021-04-13,1,65.0
2021-04-13,2,58.0
2021-04-13,3,60.0
2021-04-13,4,85.0
2021-04-13,5,96.0
2021-04-13,6,97.0
2021-04-13,7,93.0
2021-04-13,8,91.0
2021-04-13,9,93.0
2021-04-13,10,96.0
2021-04-13,11,94.0
2021-04-13,12,74.0
2021-04-13,13,91.0
2021-04-13,14,90.0
2021-04-13,15,96.0
2021-04-13,16,91.0
2021-04-13,17,84.0
2021-04-13,18,84.0
2021-04-13,19,79.0
2021-04-13,20,67.0
2021-04-13,21,62.0
2021-04-13,22,88.0
2021-04-13,23,105.0
2021-04-13,24,102.0
2021-04-13,25,94.0
2021-04-13,26,94.0
2021-04-13,27,90.0
2021-04-13,28,94.0
2021-04-13,29,100.0
2021-04-13,30,134.0
2021-04-13,31,130.0
2021-04-13,32,160.0
2021-04-13,33,172.0
2021-04-13,34,167.0
2021-04-13,35,179.0
2021-04-13,36,166.0
2021-04-13,37,169.0
2021-04-13,38,172.0
2021-04-13,39,175.0
2021-04-13,40,133.0
2021-04-13,41,163.0
2021-04-13,42,172.0
2021-04-13,43,169.0
2021-04-13,44,164.0
2021-04-13,45,166.0
2021-04-13,46,166.0
2021-04-13,47,172.0
2021-04-13,48,101.0
2021-04-13,49,81.0
2021-04-13,50,83.0
2021-04-13,51,130.0
2021-04-13,52,182.0
2021-04-13,53,178.0
2021-04-13,54,177.0
2021-04-13,55,169.0
2021-04-13,56,159.0
2021-04-13,57,166.0
2021-04-13,58,169.0
2021-04-13,59,173.0
2021-04-13,60,126.0
2021-04-13,61,174.0
2021-04-13,62,179.0
2021-04-13,63,170.0
2021-04-13,64,163.0
2021-04-13,65,156.0
2021-04-13,66,145.0
2021-04-13,67,150.0
2021-04-13,68,102.0
2021-04-13,69,89.0
2021-04-13,70,142.0
2021-04-13,71,138.0
2021-04-13,72,146.0
2021-04-13,73,147.0
2021-04-13,74,144.0
2021-04-13,75,145.0
2021-04-13,76,154.0
2021-04-13,77,154.0
2021-04-13,78,146.0
2021-04-13,79,122.0
2021-04-13,80,108.0
2021-04-13,81,118.0
2021-04-13,82,119.0
2021-04-13,83,115.0
2021-04-13,84,113.0
2021-04-13,85,113.0
2021-04-13,86,114.0
2021-04-13,87,109.0
2021-04-13,88,92.0
2021-04-13,89,94.0
2021-04-13,90,107.0
2021-04-13,91,106.0
2021-04-13,92,104.0
2021-04-13,93,103.0
2021-04-13,94,92.0
2021-04-13,95,74.0
2021-04-14,0,71.0
2021-04-14,1,65.0
2021-04-14,2,58.0
2021-04-14,3,60.0
2021-04-14,4,85.0
2021-04-14,5,96.0
2021-04-14,6,97.0
2021-04-14,7,93.0
2021-04-14,8,91.0
2021-04-14,9,93.0
2021-04-14,10,96.0
2021-04-14,11,94.0
2021-04-14,12,74.0
2021-04-14,13,91.0
2021-04-14,14,90.0
2021-04-14,15,96.0
2021-04-14,16,91.0
2021-04-14,17,84.0
2021-04-14,18,84.0
2021-04-14,19,79.0
2021-04-14,20,67.0
2021-04-14,21,62.0
2021-04-14,22,88.0
2021-04-14,23,105.0
2021-04-14,24,102.0
2021-04-14,25,94.0
2021-04-14,26,94.0
2021-04-14,27,90.0
2021-04-14,28,94.0
2021-04-14,29,100.0
2021-04-14,30,134.0
2021-04-14,31,130.0
2021-04-14,32,160.0
2021-04-14,33,172.0
2021-04-14,34,167.0
2021-04-14,35,179.0
2021-04-14,36,166.0
2021-04-14,37,169.0
2021-04-14,38,172.0
2021-04-14,39,175.0
2021-04-14,40,133.0
2021-04-14,41,163.0
2021-04-14,42,172.0
2021-04-14,43,169.0
2021-04-14,44,164.0
2021-04-14,45,166.0
2021-04-14,46,166.0
2021-04-14,47,172.0
2021-04-14,48,101.0
2021-04-14,49,81.0
2021-04-14,50,83.0
2021-04-14,51,130.0
2021-04-14,52,182.0
2021-04-14,53,178.0
2021-04-14,54,177.0
2021-04-14,55,169.0
2021-04-14,56,159.0
2021-04-14,57,166.0
2021-04-14,58,169.0
2021-04-14,59,173.0
2021-04-14,60,126.0
2021-04-14,61,174.0
2021-04-14,62,179.0
2021-04-14,63,170.0
2021-04-14,64,163.0
2021-04-14,65,156.0
2021-04-14,66,145.0
2021-04-14,67,150.0
2021-04-14,68,102.0
2021-04-14,69,89.0
2021-04-14,70,142.0
2021-04-14,71,138.0
2021-04-14,72,146.0
2021-04-14,73,147.0
2021-04-14,74,144.0
2021-04-14,75,145.0
2021-04-14,76,154.0
2021-04-14,77,154.0
2021-04-14,78,146.0
2021-04-14,79,122.0
2021-04-14,80,108.0
2021-04-14,81,118.0
2021-04-14,82,119.0
2021-04-14,83,115.0
2021-04-14,84,113.0
2021-04-14,85,113.0
2021-04-14,86,114.0
2021-04-14,87,109.0
2021-04-14,88,92.0
2021-04-14,89,94.0
2021-04-14,90,107.0
2021-04-14,91,106.0
2021-04-14,92,104.0
2021-04-14,93,103.0
2021-04-14,94,92.0
2021-04-14,95,74.0
2021-04-15,0,71.0
2021-04-15,1,65.0
2021-04-15,2,58.0
2021-04-15,3,60.0
2021-04-15,4,85.0
2021-04-15,5,96.0
2021-04-15,6,97.0
2021-04-15,7,93.0
2021-04-15,8,91.0
2021-04-15,9,93.0
2021-04-15,10,96.0
2021-04-15,11,94.0
2021-04-15,12,74.0
2021-04-15,13,91.0
2021-04-15,14,90.0
2021-04-15,15,96.0
2021-04-15,16,91.0
2021-04-15,17,84.0
2021-04-15,18,84.0
2021-04-15,19,79.0
2021-04-15,20,67.0
2021-04-15,21,62.0
2021-04-15,22,88.0
2021-04-15,23,105.0
2021-04-15,24,102.0
2021-04-15,25,94.0
2021-04-15,26,94.0
2021-04-15,27,90.0
2021-04-15,28,94.0
2021-04-15,29,100.0
2021-04-15,30,134.0
2021-04-15,31,130.0
2021-04-15,32,160.0
2021-04-15,33,172.0
2021-04-15,34,167.0
2021-04-15,35,179.0
2021-04-15,36,166.0
2021-04-15,37,169.0
2021-04-15,38,172.0
2021-04-15,39,175.0
2021-04-15,40,133.0
2021-04-15,41,163.0
2021-04-15,42,172.0
2021-04-15,43,169.0
2021-04-15,44,164.0
2021-04-15,45,166.0
2021-04-15,46,166.0
2021-04-15,47,172.0
2021-04-15,48,101.0
2021-04-15,49,81.0
2021-04-15,50,83.0
2021-04-15,51,130.0
2021-04-15,52,182.0
2021-04-15,53,178.0
2021-04-15,54,177.0
2021-04-15,55,169.0
2021-04-15,56,159.0
2021-04-15,57,166.0
2021-04-15,58,169.0
2021-04-15,59,173.0
2021-04-15,60,126.0
2021-04-15,61,174.0
2021-04-15,62,179.0
2021-04-15,63,170.0
2021-04-15,64,163.0
2021-04-15,65,156.0
2021-04-15,66,145.0
2021-04-15,67,150.0
2021-04-15,68,102.0
2021-04-15,69,89.0
2021-04-15,70,142.0
2021-04-15,71,138.0
2021-04-15,72,146.0
2021-04-15,73,147.0
2021-04-15,74,144.0
2021-04-15,75,145.0
2021-04-15,76,154.0
2021-04-15,77,154.0
2021-04-15,78,146.0
2021-04-15,79,122.0
2021-04-15,80,108.0
2021-04-15,81,118.0
2021-04-15,82,119.0
2021-04-15,83,115.0
2021-04-15,84,113.0
2021-04-15,85,113.0
2021-04-15,86,114.0
2021-04-15,87,109.0
2021-04-15,88,92.0
2021-04-15,89,94.0
2021-04-15,90,107.0
2021-04-15,91,106.0
2021-04-15,92,104.0
2021-04-15,93,103.0
2021-04-15,94,92.0
2021-04-15,95,74.0
2021-04-16,0,71.0
2021-04-16,1,65.0
2021-04-16,2,58.0
2021-04-16,3,60.0
2021-04-16,4,85.0
2021-04-16,5,96.0
2021-04-16,6,97.0
2021-04-16,7,93.0
2021-04-16,8,91.0
2021-04-16,9,93.0
2021-04-16,10,96.0
2021-04-16,11,94.0
2021-04-16,12,74.0
2021-04-16,13,91.0
2021-04-16,14,90.0
2021-04-16,15,96.0
2021-04-16,16,91.0
2021-04-16,17,84.0
2021-04-16,18,84.0
2021-04-16,19,79.0
2021-04-16,20,67.0
2021-04-16,21,62.0
2021-04-16,22,88.0
2021-04-16,23,105.0
2021-04-16,24,102.0
2021-04-16,25,94.0
2021-04-16,26,94.0
2021-04-16,27,90.0
2021-04-16,28,94.0
2021-04-16,29,100.0
2021-04-16,30,134.0
2021-04-16,31,130.0
2021-04-16,32,160.0
2021-04-16,33,172.0
2021-04-16,34,167.0
2021-04-16,35,179.0
2021-04-16,36,166.0
2021-04-16,37,169.0
2021-04-16,38,172.0
2021-04-16,39,175.0
2021-04-16,40,133.0
2021-04-16,41,163.0
2021-04-16,42,172.0
2021-04-16,43,169.0
2021-04-16,44,164.0
2021-04-16,45,166.0
2021-04-16,46,166.0
2021-04-16,47,172.0
2021-04-16,48,101.0
2021-04-16,49,81.0
2021-04-16,50,83.0
2021-04-16,51,130.0
2021-04-16,52,182.0
2021-04-16,53,178.0
2021-04-16,54,177.0
2021-04-16,55,169.0
2021-04-16,56,159.0
2021-04-16,57,166.0
2021-04-16,58,169.0
2021-04-16,59,173.0
2021-04-16,60,126.0
2021-04-16,61,174.0
2021-04-16,62,179.0
2021-04-16,63,170.0
2021-04-16,64,163.0
2021-04-16,65,156.0
2021-04-16,66,145.0
2021-04-16,67,150.0
2021-04-16,68,102.0
2021-04-16,69,89.0
2021-04-16,70,142.0
2021-04-16,71,138.0
2021-04-16,72,146.0
2021-04-16,73,147.0
2021-04-16,74,144.0
2021-04-16,75,145.0
2021-04-16,76,154.0
2021-04-16,77,154.0
2021-04-16,78,146.0
2021-04-16,79,122.0
2021-04-16,80,108.0
2021-04-16,81,118.0
2021-04-16,82,119.0
2021-04-16,83,115.0
2021-04-16,84,113.0
2021-04-16,85,113.0
2021-04-16,86,114.0
2021-04-16,87,109.0
2021-04-16,88,92.0
2021-04-16,89,94.0
2021-04-16,90,107.0
2021-04-16,91,106.0
2021-04-16,92,104.0
2021-04-16,93,103.0
2021-04-16,94,92.0
2021-04-16,95,74.0
2021-04-17,0,60.0
2021-04-17,1,60.0
2021-04-17,2,63.0
2021-04-17,3,60.0
2021-04-17,4,95.0
2021-04-17,5,97.0
2021-04-17,6,108.0
2021-04-17,7,115.0
2021-04-17,8,105.0
2021-04-17,9,104.0
2021-04-17,10,94.0
2021-04-17,11,110.0
2021-04-17,12,92.0
2021-04-17,13,111.0
2021-04-17,14,108.0
2021-04-17,15,100.0
2021-04-17,16,114.0
2021-04-17,17,110.0
2021-04-17,18,106.0
2021-04-17,19,95.0
2021-04-17,20,78.0
2021-04-17,21,75.0
2021-04-17,22,96.0
2021-04-17,23,99.0
2021-04-17,24,114.0
2021-04-17,25,108.0
2021-04-17,26,102.0
2021-04-17,27,90.0
2021-04-17,28,88.0
2021-04-17,29,79.0
2021-04-17,30,50.0
2021-04-17,31,33.0
2021-04-17,32,22.0
2021-04-17,33,26.0
2021-04-17,34,27.0
2021-04-17,35,22.0
2021-04-17,36,23.0
2021-04-17,37,22.0
2021-04-17,38,22.0
2021-04-17,39,22.0
2021-04-17,40,22.0
2021-04-17,41,22.0
2021-04-17,42,22.0
2021-04-17,43,22.0
2021-04-17,44,22.0
2021-04-17,45,25.0
2021-04-17,46,27.0
2021-04-17,47,26.0
2021-04-17,48,22.0
2021-04-17,49,23.0
2021-04-17,50,23.0
2021-04-17,51,22.0
2021-04-17,52,22.0
2021-04-17,53,22.0
2021-04-17,54,22.0
2021-04-17,55,22.0
2021-04-17,56,22.0
2021-04-17,57,22.0
2021-04-17,58,23.0
2021-04-17,59,26.0
2021-04-17,60,27.0
2021-04-17,61,23.0
2021-04-17,62,22.0
2021-04-17,63,22.0
2021-04-17,64,22.0
2021-04-17,65,22.0
2021-04-17,66,23.0
2021-04-17,67,23.0
2021-04-17,68,23.0
2021-04-17,69,22.0
2021-04-17,70,22.0
2021-04-17,71,22.0
2021-04-17,72,25.0
2021-04-17,73,27.0
2021-04-17,74,22.0
2021-04-17,75,22.0
2021-04-17,76,22.0
2021-04-17,77,22.0
2021-04-17,78,22.0
2021-04-17,79,22.0
2021-04-17,80,22.0
2021-04-17,81,22.0
2021-04-17,82,22.0
2021-04-17,83,22.0
2021-04-17,84,25.0
2021-04-17,85,28.0
2021-04-17,86,24.0
2021-04-17,87,23.0
2021-04-17,88,23.0
2021-04-17,89,23.0
2021-04-17,90,22.0
2021-04-17,91,23.0
2021-04-17,92,22.0
2021-04-17,93,22.0
2021-04-17,94,23.0
2021-04-17,95,23.0
2021-04-18,0,20.0
2021-04-18,1,20.0
2021-04-18,2,20.0
2021-04-18,3,20.0
2021-04-18,4,24.0
2021-04-18,5,25.0
2021-04-18,6,21.0
2021-04-18,7,20.0
2021-04-18,8,20.0
2021-04-18,9,20.0
2021-04-18,10,20.0
2021-04-18,11,20.0
2021-04-18,12,20.0
2021-04-18,13,20.0
2021-04-18,14,20.0
2021-04-18,15,20.0
2021-04-18,16,20.0
2021-04-18,17,20.0
2021-04-18,18,24.0
2021-04-18,19,25.0
2021-04-18,20,20.0
2021-04-18,21,20.0
2021-04-18,22,20.0
2021-04-18,23,20.0
2021-04-18,24,20.0
2021-04-18,25,20.0
2021-04-18,26,20.0
2021-04-18,27,20.0
2021-04-18,28,19.0
2021-04-18,29,19.0
2021-04-18,30,20.0
2021-04-18,31,23.0
2021-04-18,32,24.0
2021-04-18,33,19.0
2021-04-18,34,20.0
2021-04-18,35,20.0
2021-04-18,36,20.0
2021-04-18,37,20.0
2021-04-18,38,20.0
2021-04-18,39,20.0
2021-04-18,40,20.0
2021-04-18,41,20.0
2021-04-18,42,20.0
2021-04-18,43,23.0
2021-04-18,44,24.0
2021-04-18,45,20.0
2021-04-18,46,20.0
2021-04-18,47,20.0
2021-04-18,48,20.0
2021-04-18,49,20.0
2021-04-18,50,20.0
2021-04-18,51,20.0
2021-04-18,52,20.0
2021-04-18,53,20.0
2021-04-18,54,20.0
2021-04-18,55,20.0
2021-04-18,56,25.0
2021-04-18,57,24.0
2021-04-18,58,20.0
2021-04-18,59,20.0
2021-04-18,60,20.0
2021-04-18,61,20.0
2021-04-18,62,20.0
2021-04-18,63,20.0
2021-04-18,64,20.0
2021-04-18,65,20.0
2021-04-18,66,20.0
2021-04-18,67,20.0
2021-04-18,68,21.0
2021-04-18,69,25.0
2021-04-18,70,25.0
2021-04-18,71,20.0
2021-04-18,72,20.0
2021-04-18,73,19.0
2021-04-18,74,19.0
2021-04-18,75,19.0
2021-04-18,76,19.0
2021-04-18,77,19.0
2021-04-18,78,20.0
2021-04-18,79,20.0
2021-04-18,80,19.0
2021-04-18,81,19.0
2021-04-18,82,20.0
2021-04-18,83,25.0
2021-04-18,84,24.0
2021-04-18,85,20.0
2021-04-18,86,21.0
2021-04-18,87,20.0
2021-04-18,88,20.0
2021-04-18,89,20.0
2021-04-18,90,20.0
2021-04-18,91,20.0
2021-04-18,92,20.0
2021-04-18,93,20.0
2021-04-18,94,20.0
2021-04-18,95,22.0
2021-04-19,0,21.0
2021-04-19,1,20.0
2021-04-19,2,20.0
2021-04-19,3,20.0
2021-04-19,4,23.0
2021-04-19,5,25.0
2021-04-19,6,22.0
2021-04-19,7,20.0
2021-04-19,8,20.0
2021-04-19,9,20.0
2021-04-19,10,20.0
2021-04-19,11,21.0
2021-04-19,12,21.0
2021-04-19,13,20.0
2021-04-19,14,20.0
2021-04-19,15,20.0
2021-04-19,16,21.0
2021-04-19,17,23.0
2021-04-19,18,25.0
2021-04-19,19,22.0
2021-04-19,20,20.0
2021-04-19,21,20.0
2021-04-19,22,20.0
2021-04-19,23,20.0
2021-04-19,24,20.0
2021-04-19,25,20.0
2021-04-19,26,20.0
2021-04-19,27,20.0
2021-04-19,28,26.0
2021-04-19,29,31.0
2021-04-19,30,58.0
2021-04-19,31,101.0
2021-04-19,32,146.0
2021-04-19,33,152.0
2021-04-19,34,172.0
2021-04-19,35,171.0
2021-04-19,36,167.0
2021-04-19,37,157.0
2021-04-19,38,165.0
2021-04-19,39,162.0
2021-04-19,40,132.0
2021-04-19,41,162.0
2021-04-19,42,165.0
2021-04-19,43,159.0
2021-04-19,44,168.0
2021-04-19,45,158.0
2021-04-19,46,163.0
2021-04-19,47,168.0
2021-04-19,48,114.0
2021-04-19,49,89.0
2021-04-19,50,89.0
2021-04-19,51,123.0
2021-04-19,52,147.0
2021-04-19,53,159.0
2021-04-19,54,160.0
2021-04-19,55,152.0
2021-04-19,56,153.0
2021-04-19,57,159.0
2021-04-19,58,160.0
2021-04-19,59,164.0
2021-04-19,60,132.0
2021-04-19,61,165.0
2021-04-19,62,162.0
2021-04-19,63,157.0
2021-04-19,64,152.0
2021-04-19,65,144.0
2021-04-19,66,141.0
2021-04-19,67,150.0
2021-04-19,68,106.0
2021-04-19,69,99.0
2021-04-19,70,147.0
2021-04-19,71,163.0
2021-04-19,72,152.0
2021-04-19,73,147.0
2021-04-19,74,148.0
2021-04-19,75,140.0
2021-04-19,76,131.0
2021-04-19,77,146.0
2021-04-19,78,134.0
2021-04-19,79,110.0
2021-04-19,80,102.0
2021-04-19,81,108.0
2021-04-19,82,110.0
2021-04-19,83,104.0
2021-04-19,84,106.0
2021-04-19,85,109.0
2021-04-19,86,107.0
2021-04-19,87,103.0
2021-04-19,88,82.0
2021-04-19,89,112.0
2021-04-19,90,109.0
2021-04-19,91,115.0
2021-04-19,92,112.0
2021-04-19,93,104.0
2021-04-19,94,99.0
2021-04-19,95,77.0
2021-04-20,0,21.0
2021-04-20,1,20.0
2021-04-20,2,20.0
2021-04-20,3,20.0
2021-04-20,4,23.0
2021-04-20,5,25.0
2021-04-20,6,22.0
2021-04-20,7,20.0
2021-04-20,8,20.0
2021-04-20,9,20.0
2021-04-20,10,20.0
2021-04-20,11,21.0
2021-04-20,12,21.0
2021-04-20,13,20.0
2021-04-20,14,20.0
2021-04-20,15,20.0
2021-04-20,16,21.0
2021-04-20,17,23.0
2021-04-20,18,25.0
2021-04-20,19,22.0
2021-04-20,20,20.0
2021-04-20,21,20.0
2021-04-20,22,20.0
2021-04-20,23,20.0
2021-04-20,24,20.0
2021-04-20,25,20.0
2021-04-20,26,20.0
2021-04-20,27,20.0
2021-04-20,28,26.0
2021-04-20,29,31.0
2021-04-20,30,58.0
2021-04-20,31,101.0
2021-04-20,32,146.0
2021-04-20,33,152.0
2021-04-20,34,172.0
2021-04-20,35,171.0
2021-04-20,36,167.0
2021-04-20,37,157.0
2021-04-20,38,165.0
2021-04-20,39,162.0
2021-04-20,40,132.0
2021-04-20,41,162.0
2021-04-20,42,165.0
2021-04-20,43,159.0
2021-04-20,44,168.0
2021-04-20,45,158.0
2021-04-20,46,163.0
2021-04-20,47,168.0
2021-04-20,48,114.0
2021-04-20,49,89.0
2021-04-20,50,89.0
2021-04-20,51,123.0
2021-04-20,52,147.0
2021-04-20,53,159.0
2021-04-20,54,160.0
2021-04-20,55,152.0
2021-04-20,56,153.0
2021-04-20,57,159.0
2021-04-20,58,160.0
2021-04-20,59,164.0
2021-04-20,60,132.0
2021-04-20,61,165.0
2021-04-20,62,162.0
2021-04-20,63,157.0
2021-04-20,64,152.0
2021-04-20,65,144.0
2021-04-20,66,141.0
2021-04-20,67,150.0
2021-04-20,68,106.0
2021-04-20,69,99.0
2021-04-20,70,147.0
2021-04-20,71,163.0
2021-04-20,72,152.0
2021-04-20,73,147.0
2021-04-20,74,148.0
2021-04-20,75,140.0
2021-04-20,76,131.0
2021-04-20,77,146.0
2021-04-20,78,134.0
2021-04-20,79,110.0
2021-04-20,80,102.0
2021-04-20,81,108.0
2021-04-20,82,110.0
2021-04-20,83,104.0
2021-04-20,84,106.0
2021-04-20,85,109.0
2021-04-20,86,107.0
2021-04-20,87,103.0
2021-04-20,88,82.0
2021-04-20,89,112.0
2021-04-20,90,109.0
2021-04-20,91,115.0
2021-04-20,92,112.0
2021-04-20,93,104.0
2021-04-20,94,99.0
2021-04-20,95,77.0
2021-04-21,0,62.0
2021-04-21,1,58.0
2021-04-21,2,56.0
2021-04-21,3,57.0
2021-04-21,4,82.0
2021-04-21,5,106.0
2021-04-21,6,104.0
2021-04-21,7,104.0
2021-04-21,8,98.0
2021-04-21,9,107.0
2021-04-21,10,104.0
2021-04-21,11,95.0
2021-04-21,12,81.0
2021-04-21,13,104.0
2021-04-21,14,103.0
2021-04-21,15,103.0
2021-04-21,16,91.0
2021-04-21,17,106.0
2021-04-21,18,111.0
2021-04-21,19,107.0
2021-04-21,20,80.0
2021-04-21,21,69.0
2021-04-21,22,97.0
2021-04-21,23,110.0
2021-04-21,24,112.0
2021-04-21,25,108.0
2021-04-21,26,102.0
2021-04-21,27,103.0
2021-04-21,28,104.0
2021-04-21,29,108.0
2021-04-21,30,137.0
2021-04-21,31,140.0
2021-04-21,32,162.0
2021-04-21,33,174.0
2021-04-21,34,164.0
2021-04-21,35,153.0
2021-04-21,36,163.0
2021-04-21,37,143.0
2021-04-21,38,152.0
2021-04-21,39,152.0
2021-04-21,40,125.0
2021-04-21,41,173.0
2021-04-21,42,172.0
2021-04-21,43,172.0
2021-04-21,44,165.0
2021-04-21,45,161.0
2021-04-21,46,155.0
2021-04-21,47,143.0
2021-04-21,48,102.0
2021-04-21,49,77.0
2021-04-21,50,77.0
2021-04-21,51,110.0
2021-04-21,52,145.0
2021-04-21,53,146.0
2021-04-21,54,154.0
2021-04-21,55,158.0
2021-04-21,56,156.0
2021-04-21,57,167.0
2021-04-21,58,163.0
2021-04-21,59,158.0
2021-04-21,60,123.0
2021-04-21,61,151.0
2021-04-21,62,161.0
2021-04-21,63,156.0
2021-04-21,64,155.0
2021-04-21,65,155.0
2021-04-21,66,152.0
2021-04-21,67,142.0
2021-04-21,68,107.0
2021-04-21,69,85.0
2021-04-21,70,120.0
2021-04-21,71,134.0
2021-04-21,72,130.0
2021-04-21,73,146.0
2021-04-21,74,138.0
2021-04-21,75,148.0
2021-04-21,76,138.0
2021-04-21,77,139.0
2021-04-21,78,131.0
2021-04-21,79,113.0
2021-04-21,80,106.0
2021-04-21,81,108.0
2021-04-21,82,127.0
2021-04-21,83,136.0
2021-04-21,84,122.0
2021-04-21,85,124.0
2021-04-21,86,117.0
2021-04-21,87,113.0
2021-04-21,88,85.0
2021-04-21,89,118.0
2021-04-21,90,113.0
2021-04-21,91,108.0
2021-04-21,92,117.0
2021-04-21,93,113.0
2021-04-21,94,94.0
2021-04-21,95,77.0
2021-04-22,0,62.0
2021-04-22,1,58.0
2021-04-22,2,56.0
2021-04-22,3,57.0
2021-04-22,4,82.0
2021-04-22,5,106.0
2021-04-22,6,104.0
2021-04-22,7,104.0
2021-04-22,8,98.0
2021-04-22,9,107.0
2021-04-22,10,104.0
2021-04-22,11,95.0
2021-04-22,12,81.0
2021-04-22,13,104.0
2021-04-22,14,103.0
2021-04-22,15,103.0
2021-04-22,16,91.0
2021-04-22,17,106.0
2021-04-22,18,111.0
2021-04-22,19,107.0
2021-04-22,20,80.0
2021-04-22,21,69.0
2021-04-22,22,97.0
2021-04-22,23,110.0
2021-04-22,24,112.0
2021-04-22,25,108.0
2021-04-22,26,102.0
2021-04-22,27,103.0
2021-04-22,28,104.0
2021-04-22,29,108.0
2021-04-22,30,137.0
2021-04-22,31,140.0
2021-04-22,32,162.0
2021-04-22,33,174.0
2021-04-22,34,164.0
2021-04-22,35,153.0
2021-04-22,36,163.0
2021-04-22,37,143.0
2021-04-22,38,152.0
2021-04-22,39,152.0
2021-04-22,40,125.0
2021-04-22,41,173.0
2021-04-22,42,172.0
2021-04-22,43,172.0
2021-04-22,44,165.0
2021-04-22,45,161.0
2021-04-22,46,155.0
2021-04-22,47,143.0
2021-04-22,48,102.0
2021-04-22,49,77.0
2021-04-22,50,77.0
2021-04-22,51,110.0
2021-04-22,52,145.0
2021-04-22,53,146.0
2021-04-22,54,154.0
2021-04-22,55,158.0
2021-04-22,56,156.0
2021-04-22,57,167.0
2021-04-22,58,163.0
2021-04-22,59,158.0
2021-04-22,60,123.0
2021-04-22,61,151.0
2021-04-22,62,161.0
2021-04-22,63,156.0
2021-04-22,64,155.0
2021-04-22,65,155.0
2021-04-22,66,152.0
2021-04-22,67,142.0
2021-04-22,68,107.0
2021-04-22,69,85.0
2021-04-22,70,120.0
2021-04-22,71,134.0
2021-04-22,72,130.0
2021-04-22,73,146.0
2021-04-22,74,138.0
2021-04-22,75,148.0
2021-04-22,76,138.0
2021-04-22,77,139.0
2021-04-22,78,131.0
2021-04-22,79,113.0
2021-04-22,80,106.0
2021-04-22,81,108.0
2021-04-22,82,127.0
2021-04-22,83,136.0
2021-04-22,84,122.0
2021-04-22,85,124.0
2021-04-22,86,117.0
2021-04-22,87,113.0
2021-04-22,88,85.0
2021-04-22,89,118.0
2021-04-22,90,113.0
2021-04-22,91,108.0
2021-04-22,92,117.0
2021-04-22,93,113.0
2021-04-22,94,94.0
2021-04-22,95,77.0
2021-04-23,0,62.0
2021-04-23,1,58.0
2021-04-23,2,56.0
2021-04-23,3,57.0
2021-04-23,4,82.0
2021-04-23,5,106.0
2021-04-23,6,104.0
2021-04-23,7,104.0
2021-04-23,8,98.0
2021-04-23,9,107.0
2021-04-23,10,104.0
2021-04-23,11,95.0
2021-04-23,12,81.0
2021-04-23,13,104.0
2021-04-23,14,103.0
2021-04-23,15,103.0
2021-04-23,16,91.0
2021-04-23,17,106.0
2021-04-23,18,111.0
2021-04-23,19,107.0
2021-04-23,20,80.0
2021-04-23,21,69.0
2021-04-23,22,97.0
2021-04-23,23,110.0
2021-04-23,24,112.0
2021-04-23,25,108.0
2021-04-23,26,102.0
2021-04-23,27,103.0
2021-04-23,28,104.0
2021-04-23,29,108.0
2021-04-23,30,137.0
2021-04-23,31,140.0
2021-04-23,32,162.0
2021-04-23,33,174.0
2021-04-23,34,164.0
2021-04-23,35,153.0
2021-04-23,36,163.0
2021-04-23,37,143.0
2021-04-23,38,152.0
2021-04-23,39,152.0
2021-04-23,40,125.0
2021-04-23,41,173.0
2021-04-23,42,172.0
2021-04-23,43,172.0
2021-04-23,44,165.0
2021-04-23,45,161.0
2021-04-23,46,155.0
2021-04-23,47,143.0
2021-04-23,48,102.0
2021-04-23,49,77.0
2021-04-23,50,77.0
2021-04-23,51,110.0
2021-04-23,52,145.0
2021-04-23,53,146.0
2021-04-23,54,154.0
2021-04-23,55,158.0
2021-04-23,56,156.0
2021-04-23,57,167.0
2021-04-23,58,163.0
2021-04-23,59,158.0
2021-04-23,60,123.0
2021-04-23,61,151.0
2021-04-23,62,161.0
2021-04-23,63,156.0
2021-04-23,64,155.0
2021-04-23,65,155.0
2021-04-23,66,152.0
2021-04-23,67,142.0
2021-04-23,68,107.0
2021-04-23,69,85.0
2021-04-23,70,120.0
2021-04-23,71,134.0
2021-04-23,72,130.0
2021-04-23,73,146.0
2021-04-23,74,138.0
2021-04-23,75,148.0
2021-04-23,76,138.0
2021-04-23,77,139.0
2021-04-23,78,131.0
2021-04-23,79,113.0
2021-04-23,80,106.0
2021-04-23,81,108.0
2021-04-23,82,127.0
2021-04-23,83,136.0
2021-04-23,84,122.0
2021-04-23,85,124.0
2021-04-23,86,117.0
2021-04-23,87,113.0
2021-04-23,88,85.0
2021-04-23,89,118.0
2021-04-23,90,113.0
2021-04-23,91,108.0
2021-04-23,92,117.0
2021-04-23,93,113.0
2021-04-23,94,94.0
2021-04-23,95,77.0
2021-04-24,0,57.0
2021-04-24,1,56.0
2021-04-24,2,60.0
2021-04-24,3,61.0
2021-04-24,4,91.0
2021-04-24,5,104.0
2021-04-24,6,105.0
2021-04-24,7,103.0
2021-04-24,8,100.0
2021-04-24,9,99.0
2021-04-24,10,88.0
2021-04-24,11,95.0
2021-04-24,12,83.0
2021-04-24,13,104.0
2021-04-24,14,104.0
2021-04-24,15,103.0
2021-04-24,16,100.0
2021-04-24,17,105.0
2021-04-24,18,104.0
2021-04-24,19,96.0
2021-04-24,20,72.0
2021-04-24,21,62.0
2021-04-24,22,95.0
2021-04-24,23,107.0
2021-04-24,24,112.0
2021-04-24,25,105.0
2021-04-24,26,98.0
2021-04-24,27,93.0
2021-04-24,28,82.0
2021-04-24,29,72.0
2021-04-24,30,43.0
2021-04-24,31,28.0
2021-04-24,32,21.0
2021-04-24,33,20.0
2021-04-24,34,20.0
2021-04-24,35,20.0
2021-04-24,36,20.0
2021-04-24,37,20.0
2021-04-24,38,20.0
2021-04-24,39,21.0
2021-04-24,40,21.0
2021-04-24,41,21.0
2021-04-24,42,25.0
2021-04-24,43,24.0
2021-04-24,44,21.0
2021-04-24,45,21.0
2021-04-24,46,21.0
2021-04-24,47,21.0
2021-04-24,48,20.0
2021-04-24,49,21.0
2021-04-24,50,20.0
2021-04-24,51,20.0
2021-04-24,52,20.0
2021-04-24,53,20.0
2021-04-24,54,23.0
2021-04-24,55,25.0
2021-04-24,56,22.0
2021-04-24,57,20.0
2021-04-24,58,20.0
2021-04-24,59,21.0
2021-04-24,60,20.0
2021-04-24,61,20.0
2021-04-24,62,20.0
2021-04-24,63,20.0
2021-04-24,64,20.0
2021-04-24,65,20.0
2021-04-24,66,21.0
2021-04-24,67,23.0
2021-04-24,68,25.0
2021-04-24,69,21.0
2021-04-24,70,20.0
2021-04-24,71,21.0
2021-04-24,72,20.0
2021-04-24,73,20.0
2021-04-24,74,20.0
2021-04-24,75,20.0
2021-04-24,76,20.0
2021-04-24,77,20.0
2021-04-24,78,20.0
2021-04-24,79,20.0
2021-04-24,80,24.0
2021-04-24,81,24.0
2021-04-24,82,21.0
2021-04-24,83,21.0
2021-04-24,84,21.0
2021-04-24,85,21.0
2021-04-24,86,20.0
2021-04-24,87,20.0
2021-04-24,88,20.0
2021-04-24,89,20.0
2021-04-24,90,20.0
2021-04-24,91,20.0
2021-04-24,92,20.0
2021-04-24,93,21.0
2021-04-24,94,25.0
2021-04-24,95,24.0
2021-04-25,0,20.0
2021-04-25,1,20.0
2021-04-25,2,20.0
2021-04-25,3,20.0
2021-04-25,4,24.0
2021-04-25,5,25.0
2021-04-25,6,21.0
2021-04-25,7,20.0
2021-04-25,8,20.0
2021-04-25,9,20.0
2021-04-25,10,20.0
2021-04-25,11,20.0
2021-04-25,12,20.0
2021-04-25,13,20.0
2021-04-25,14,20.0
2021-04-25,15,20.0
2021-04-25,16,20.0
2021-04-25,17,20.0
2021-04-25,18,24.0
2021-04-25,19,25.0
2021-04-25,20,20.0
2021-04-25,21,20.0
2021-04-25,22,20.0
2021-04-25,23,20.0
2021-04-25,24,20.0
2021-04-25,25,20.0
2021-04-25,26,20.0
2021-04-25,27,20.0
2021-04-25,28,19.0
2021-04-25,29,19.0
2021-04-25,30,20.0
2021-04-25,31,23.0
2021-04-25,32,24.0
2021-04-25,33,19.0
2021-04-25,34,20.0
2021-04-25,35,20.0
2021-04-25,36,20.0
2021-04-25,37,20.0
2021-04-25,38,20.0
2021-04-25,39,20.0
2021-04-25,40,20.0
2021-04-25,41,20.0
2021-04-25,42,20.0
2021-04-25,43,23.0
2021-04-25,44,24.0
2021-04-25,45,20.0
2021-04-25,46,20.0
2021-04-25,47,20.0
2021-04-25,48,20.0
2021-04-25,49,20.0
2021-04-25,50,20.0
2021-04-25,51,20.0
2021-04-25,52,20.0
2021-04-25,53,20.0
2021-04-25,54,20.0
2021-04-25,55,20.0
2021-04-25,56,25.0
2021-04-25,57,24.0
2021-04-25,58,20.0
2021-04-25,59,20.0
2021-04-25,60,20.0
2021-04-25,61,20.0
2021-04-25,62,20.0
2021-04-25,63,20.0
2021-04-25,64,20.0
2021-04-25,65,20.0
2021-04-25,66,20.0
2021-04-25,67,20.0
2021-04-25,68,21.0
2021-04-25,69,25.0
2021-04-25,70,25.0
2021-04-25,71,20.0
2021-04-25,72,20.0
2021-04-25,73,19.0
2021-04-25,74,19.0
2021-04-25,75,19.0
2021-04-25,76,19.0
2021-04-25,77,19.0
2021-04-25,78,20.0
2021-04-25,79,20.0
2021-04-25,80,19.0
2021-04-25,81,19.0
2021-04-25,82,20.0
2021-04-25,83,25.0
2021-04-25,84,24.0
2021-04-25,85,20.0
2021-04-25,86,21.0
2021-04-25,87,20.0
2021-04-25,88,20.0
2021-04-25,89,20.0
2021-04-25,90,20.0
2021-04-25,91,20.0
2021-04-25,92,20.0
2021-04-25,93,20.0
2021-04-25,94,20.0
2021-04-25,95,22.0
2021-04-26,0,68.0
2021-04-26,1,61.0
2021-04-26,2,59.0
2021-04-26,3,58.0
2021-04-26,4,86.0
2021-04-26,5,92.0
2021-04-26,6,102.0
2021-04-26,7,101.0
2021-04-26,8,105.0
2021-04-26,9,100.0
2021-04-26,10,90.0
2021-04-26,11,107.0
2021-04-26,12,87.0
2021-04-26,13,102.0
2021-04-26,14,93.0
2021-04-26,15,94.0
2021-04-26,16,95.0
2021-04-26,17,94.0
2021-04-26,18,102.0
2021-04-26,19,105.0
2021-04-26,20,79.0
2021-04-26,21,69.0
2021-04-26,22,94.0
2021-04-26,23,101.0
2021-04-26,24,105.0
2021-04-26,25,104.0
2021-04-26,26,89.0
2021-04-26,27,84.0
2021-04-26,28,100.0
2021-04-26,29,115.0
2021-04-26,30,140.0
2021-04-26,31,149.0
2021-04-26,32,145.0
2021-04-26,33,176.0
2021-04-26,34,121.0
2021-04-26,35,166.0
2021-04-26,36,167.0
2021-04-26,37,156.0
2021-04-26,38,166.0
2021-04-26,39,165.0
2021-04-26,40,116.0
2021-04-26,41,155.0
2021-04-26,42,156.0
2021-04-26,43,165.0
2021-04-26,44,165.0
2021-04-26,45,162.0
2021-04-26,46,163.0
2021-04-26,47,168.0
2021-04-26,48,99.0
2021-04-26,49,74.0
2021-04-26,50,75.0
2021-04-26,51,111.0
2021-04-26,52,164.0
2021-04-26,53,164.0
2021-04-26,54,165.0
2021-04-26,55,161.0
2021-04-26,56,143.0
2021-04-26,57,144.0
2021-04-26,58,163.0
2021-04-26,59,158.0
2021-04-26,60,131.0
2021-04-26,61,152.0
2021-04-26,62,148.0
2021-04-26,63,144.0
2021-04-26,64,144.0
2021-04-26,65,138.0
2021-04-26,66,149.0
2021-04-26,67,144.0
2021-04-26,68,104.0
2021-04-26,69,85.0
2021-04-26,70,124.0
2021-04-26,71,142.0
2021-04-26,72,140.0
2021-04-26,73,137.0
2021-04-26,74,116.0
2021-04-26,75,103.0
2021-04-26,76,101.0
2021-04-26,77,91.0
2021-04-26,78,95.0
2021-04-26,79,109.0
2021-04-26,80,107.0
2021-04-26,81,116.0
2021-04-26,82,123.0
2021-04-26,83,127.0
2021-04-26,84,117.0
2021-04-26,85,114.0
2021-04-26,86,106.0
2021-04-26,87,115.0
2021-04-26,88,98.0
2021-04-26,89,109.0
2021-04-26,90,102.0
2021-04-26,91,97.0
2021-04-26,92,99.0
2021-04-26,93,107.0
2021-04-26,94,107.0
2021-04-26,95,76.0
2021-04-27,0,68.0
2021-04-27,1,61.0
2021-04-27,2,59.0
2021-04-27,3,58.0
2021-04-27,4,86.0
2021-04-27,5,92.0
2021-04-27,6,102.0
2021-04-27,7,101.0
2021-04-27,8,105.0
2021-04-27,9,100.0
2021-04-27,10,90.0
2021-04-27,11,107.0
2021-04-27,12,87.0
2021-04-27,13,102.0
2021-04-27,14,93.0
2021-04-27,15,94.0
2021-04-27,16,95.0
2021-04-27,17,94.0
2021-04-27,18,102.0
2021-04-27,19,105.0
2021-04-27,20,79.0
2021-04-27,21,69.0
2021-04-27,22,94.0
2021-04-27,23,101.0
2021-04-27,24,105.0
2021-04-27,25,104.0
2021-04-27,26,89.0
2021-04-27,27,84.0
2021-04-27,28,100.0
2021-04-27,29,115.0
2021-04-27,30,140.0
2021-04-27,31,149.0
2021-04-27,32,145.0
2021-04-27,33,176.0
2021-04-27,34,121.0
2021-04-27,35,166.0
2021-04-27,36,167.0
2021-04-27,37,156.0
2021-04-27,38,166.0
2021-04-27,39,165.0
2021-04-27,40,116.0
2021-04-27,41,155.0
2021-04-27,42,156.0
2021-04-27,43,165.0
2021-04-27,44,165.0
2021-04-27,45,162.0
2021-04-27,46,163.0
2021-04-27,47,168.0
2021-04-27,48,99.0
2021-04-27,49,74.0
2021-04-27,50,75.0
2021-04-27,51,111.0
2021-04-27,52,164.0
2021-04-27,53,164.0
2021-04-27,54,165.0
2021-04-27,55,161.0
2021-04-27,56,143.0
2021-04-27,57,144.0
2021-04-27,58,163.0
2021-04-27,59,158.0
2021-04-27,60,131.0
2021-04-27,61,152.0
2021-04-27,62,148.0
2021-04-27,63,144.0
2021-04-27,64,144.0
2021-04-27,65,138.0
2021-04-27,66,149.0
2021-04-27,67,144.0
2021-04-27,68,104.0
2021-04-27,69,85.0
2021-04-27,70,124.0
2021-04-27,71,142.0
2021-04-27,72,140.0
2021-04-27,73,137.0
2021-04-27,74,116.0
2021-04-27,75,103.0
2021-04-27,76,101.0
2021-04-27,77,91.0
2021-04-27,78,95.0
2021-04-27,79,109.0
2021-04-27,80,107.0
2021-04-27,81,116.0
2021-04-27,82,123.0
2021-04-27,83,127.0
2021-04-27,84,117.0
2021-04-27,85,114.0
2021-04-27,86,106.0
2021-04-27,87,115.0
2021-04-27,88,98.0
2021-04-27,89,109.0
2021-04-27,90,102.0
2021-04-27,91,97.0
2021-04-27,92,99.0
2021-04-27,93,107.0
2021-04-27,94,107.0
2021-04-27,95,76.0
2021-04-28,0,63.0
2021-04-28,1,61.0
2021-04-28,2,59.0
2021-04-28,3,59.0
2021-04-28,4,85.0
2021-04-28,5,98.0
2021-04-28,6,107.0
2021-04-28,7,109.0
2021-04-28,8,103.0
2021-04-28,9,101.0
2021-04-28,10,103.0
2021-04-28,11,100.0
2021-04-28,12,83.0
2021-04-28,13,97.0
2021-04-28,14,101.0
2021-04-28,15,113.0
2021-04-28,16,109.0
2021-04-28,17,103.0
2021-04-28,18,101.0
2021-04-28,19,105.0
2021-04-28,20,81.0
2021-04-28,21,71.0
2021-04-28,22,100.0
2021-04-28,23,114.0
2021-04-28,24,107.0
2021-04-28,25,107.0
2021-04-28,26,114.0
2021-04-28,27,107.0
2021-04-28,28,98.0
2021-04-28,29,100.0
2021-04-28,30,134.0
2021-04-28,31,128.0
2021-04-28,32,151.0
2021-04-28,33,175.0
2021-04-28,34,166.0
2021-04-28,35,164.0
2021-04-28,36,157.0
2021-04-28,37,153.0
2021-04-28,38,160.0
2021-04-28,39,168.0
2021-04-28,40,122.0
2021-04-28,41,156.0
2021-04-28,42,166.0
2021-04-28,43,159.0
2021-04-28,44,160.0
2021-04-28,45,172.0
2021-04-28,46,169.0
2021-04-28,47,168.0
2021-04-28,48,107.0
2021-04-28,49,83.0
2021-04-28,50,83.0
2021-04-28,51,118.0
2021-04-28,52,157.0
2021-04-28,53,168.0
2021-04-28,54,167.0
2021-04-28,55,157.0
2021-04-28,56,151.0
2021-04-28,57,150.0
2021-04-28,58,150.0
2021-04-28,59,152.0
2021-04-28,60,119.0
2021-04-28,61,148.0
2021-04-28,62,152.0
2021-04-28,63,141.0
2021-04-28,64,131.0
2021-04-28,65,133.0
2021-04-28,66,137.0
2021-04-28,67,145.0
2021-04-28,68,99.0
2021-04-28,69,96.0
2021-04-28,70,147.0
2021-04-28,71,158.0
2021-04-28,72,157.0
2021-04-28,73,155.0
2021-04-28,74,146.0
2021-04-28,75,134.0
2021-04-28,76,122.0
2021-04-28,77,123.0
2021-04-28,78,114.0
2021-04-28,79,108.0
2021-04-28,80,96.0
2021-04-28,81,105.0
2021-04-28,82,107.0
2021-04-28,83,112.0
2021-04-28,84,108.0
2021-04-28,85,116.0
2021-04-28,86,113.0
2021-04-28,87,108.0
2021-04-28,88,89.0
2021-04-28,89,111.0
2021-04-28,90,107.0
2021-04-28,91,104.0
2021-04-28,92,100.0
2021-04-28,93,97.0
2021-04-28,94,98.0
2021-04-28,95,83.0
2021-04-29,0,63.0
2021-04-29,1,61.0
2021-04-29,2,59.0
2021-04-29,3,59.0
2021-04-29,4,85.0
2021-04-29,5,98.0
2021-04-29,6,107.0
2021-04-29,7,109.0
2021-04-29,8,103.0
2021-04-29,9,101.0
2021-04-29,10,103.0
2021-04-29,11,100.0
2021-04-29,12,83.0
2021-04-29,13,97.0
2021-04-29,14,101.0
2021-04-29,15,113.0
2021-04-29,16,109.0
2021-04-29,17,103.0
2021-04-29,18,101.0
2021-04-29,19,105.0
2021-04-29,20,81.0
2021-04-29,21,71.0
2021-04-29,22,100.0
2021-04-29,23,114.0
2021-04-29,24,107.0
2021-04-29,25,107.0
2021-04-29,26,114.0
2021-04-29,27,107.0
2021-04-29,28,98.0
2021-04-29,29,100.0
2021-04-29,30,134.0
2021-04-29,31,128.0
2021-04-29,32,151.0
2021-04-29,33,175.0
2021-04-29,34,166.0
2021-04-29,35,164.0
2021-04-29,36,157.0
2021-04-29,37,153.0
2021-04-29,38,160.0
2021-04-29,39,168.0
2021-04-29,40,122.0
2021-04-29,41,156.0
2021-04-29,42,166.0
2021-04-29,43,159.0
2021-04-29,44,160.0
2021-04-29,45,172.0
2021-04-29,46,169.0
2021-04-29,47,168.0
2021-04-29,48,107.0
2021-04-29,49,83.0
2021-04-29,50,83.0
2021-04-29,51,118.0
2021-04-29,52,157.0
2021-04-29,53,168.0
2021-04-29,54,167.0
2021-04-29,55,157.0
2021-04-29,56,151.0
2021-04-29,57,150.0
2021-04-29,58,150.0
2021-04-29,59,152.0
2021-04-29,60,119.0
2021-04-29,61,148.0
2021-04-29,62,152.0
2021-04-29,63,141.0
2021-04-29,64,131.0
2021-04-29,65,133.0
2021-04-29,66,137.0
2021-04-29,67,145.0
2021-04-29,68,99.0
2021-04-29,69,96.0
2021-04-29,70,147.0
2021-04-29,71,158.0
2021-04-29,72,157.0
2021-04-29,73,155.0
2021-04-29,74,146.0
2021-04-29,75,134.0
2021-04-29,76,122.0
2021-04-29,77,123.0
2021-04-29,78,114.0
2021-04-29,79,108.0
2021-04-29,80,96.0
2021-04-29,81,105.0
2021-04-29,82,107.0
2021-04-29,83,112.0
2021-04-29,84,108.0
2021-04-29,85,116.0
2021-04-29,86,113.0
2021-04-29,87,108.0
2021-04-29,88,89.0
2021-04-29,89,111.0
2021-04-29,90,107.0
2021-04-29,91,104.0
2021-04-29,92,100.0
2021-04-29,93,97.0
2021-04-29,94,98.0
2021-04-29,95,83.0
2021-04-30,0,62.0
2021-04-30,1,58.0
2021-04-30,2,56.0
2021-04-30,3,57.0
2021-04-30,4,82.0
2021-04-30,5,106.0
2021-04-30,6,104.0
2021-04-30,7,104.0
2021-04-30,8,98.0
2021-04-30,9,107.0
2021-04-30,10,104.0
2021-04-30,11,95.0
2021-04-30,12,81.0
2021-04-30,13,104.0
2021-04-30,14,103.0
2021-04-30,15,103.0
2021-04-30,16,91.0
2021-04-30,17,106.0
2021-04-30,18,111.0
2021-04-30,19,107.0
2021-04-30,20,80.0
2021-04-30,21,69.0
2021-04-30,22,97.0
2021-04-30,23,110.0
2021-04-30,24,112.0
2021-04-30,25,108.0
2021-04-30,26,102.0
2021-04-30,27,103.0
2021-04-30,28,104.0
2021-04-30,29,108.0
2021-04-30,30,137.0
2021-04-30,31,140.0
2021-04-30,32,162.0
2021-04-30,33,174.0
2021-04-30,34,164.0
2021-04-30,35,153.0
2021-04-30,36,163.0
2021-04-30,37,143.0
2021-04-30,38,152.0
2021-04-30,39,152.0
2021-04-30,40,125.0
2021-04-30,41,173.0
2021-04-30,42,172.0
2021-04-30,43,172.0
2021-04-30,44,165.0
2021-04-30,45,161.0
2021-04-30,46,155.0
2021-04-30,47,143.0
2021-04-30,48,102.0
2021-04-30,49,77.0
2021-04-30,50,77.0
2021-04-30,51,110.0
2021-04-30,52,145.0
2021-04-30,53,146.0
2021-04-30,54,154.0
2021-04-30,55,158.0
2021-04-30,56,156.0
2021-04-30,57,167.0
2021-04-30,58,163.0
2021-04-30,59,158.0
2021-04-30,60,123.0
2021-04-30,61,151.0
2021-04-30,62,161.0
2021-04-30,63,156.0
2021-04-30,64,155.0
2021-04-30,65,155.0
2021-04-30,66,152.0
2021-04-30,67,142.0
2021-04-30,68,107.0
2021-04-30,69,85.0
2021-04-30,70,120.0
2021-04-30,71,134.0
2021-04-30,72,130.0
2021-04-30,73,146.0
2021-04-30,74,138.0
2021-04-30,75,148.0
2021-04-30,76,138.0
2021-04-30,77,139.0
2021-04-30,78,131.0
2021-04-30,79,113.0
2021-04-30,80,106.0
2021-04-30,81,108.0
2021-04-30,82,127.0
2021-04-30,83,136.0
2021-04-30,84,122.0
2021-04-30,85,124.0
2021-04-30,86,117.0
2021-04-30,87,113.0
2021-04-30,88,85.0
2021-04-30,89,118.0
2021-04-30,90,113.0
2021-04-30,91,108.0
2021-04-30,92,117.0
2021-04-30,93,113.0
2021-04-30,94,94.0
2021-04-30,95,77.0
2021-05-01,0,76.0
2021-05-01,1,68.0
2021-05-01,2,72.0
2021-05-01,3,65.0
2021-05-01,4,95.0
2021-05-01,5,103.0
2021-05-01,6,115.0
2021-05-01,7,116.0
2021-05-01,8,118.0
2021-05-01,9,112.0
2021-05-01,10,107.0
2021-05-01,11,97.0
2021-05-01,12,89.0
2021-05-01,13,105.0
2021-05-01,14,100.0
2021-05-01,15,104.0
2021-05-01,16,101.0
2021-05-01,17,107.0
2021-05-01,18,100.0
2021-05-01,19,99.0
2021-05-01,20,82.0
2021-05-01,21,79.0
2021-05-01,22,91.0
2021-05-01,23,92.0
2021-05-01,24,103.0
2021-05-01,25,102.0
2021-05-01,26,103.0
2021-05-01,27,97.0
2021-05-01,28,97.0
2021-05-01,29,92.0
2021-05-01,30,68.0
2021-05-01,31,30.0
2021-05-01,32,21.0
2021-05-01,33,25.0
2021-05-01,34,25.0
2021-05-01,35,21.0
2021-05-01,36,21.0
2021-05-01,37,21.0
2021-05-01,38,20.0
2021-05-01,39,20.0
2021-05-01,40,21.0
2021-05-01,41,21.0
2021-05-01,42,20.0
2021-05-01,43,21.0
2021-05-01,44,21.0
2021-05-01,45,21.0
2021-05-01,46,24.0
2021-05-01,47,26.0
2021-05-01,48,24.0
2021-05-01,49,21.0
2021-05-01,50,21.0
2021-05-01,51,21.0
2021-05-01,52,21.0
2021-05-01,53,21.0
2021-05-01,54,21.0
2021-05-01,55,21.0
2021-05-01,56,20.0
2021-05-01,57,21.0
2021-05-01,58,21.0
2021-05-01,59,21.0
2021-05-01,60,25.0
2021-05-01,61,26.0
2021-05-01,62,21.0
2021-05-01,63,21.0
2021-05-01,64,21.0
2021-05-01,65,21.0
2021-05-01,66,21.0
2021-05-01,67,21.0
2021-05-01,68,21.0
2021-05-01,69,21.0
2021-05-01,70,21.0
2021-05-01,71,21.0
2021-05-01,72,21.0
2021-05-01,73,25.0
2021-05-01,74,25.0
2021-05-01,75,21.0
2021-05-01,76,20.0
2021-05-01,77,20.0
2021-05-01,78,21.0
2021-05-01,79,21.0
2021-05-01,80,20.0
2021-05-01,81,20.0
2021-05-01,82,21.0
2021-05-01,83,21.0
2021-05-01,84,22.0
2021-05-01,85,23.0
2021-05-01,86,26.0
2021-05-01,87,25.0
2021-05-01,88,21.0
2021-05-01,89,21.0
2021-05-01,90,22.0
2021-05-01,91,21.0
2021-05-01,92,21.0
2021-05-01,93,21.0
2021-05-01,94,21.0
2021-05-01,95,21.0
2021-05-02,0,21.0
2021-05-02,1,21.0
2021-05-02,2,21.0
2021-05-02,3,22.0
2021-05-02,4,25.0
2021-05-02,5,24.0
2021-05-02,6,21.0
2021-05-02,7,20.0
2021-05-02,8,21.0
2021-05-02,9,21.0
2021-05-02,10,21.0
2021-05-02,11,21.0
2021-05-02,12,21.0
2021-05-02,13,21.0
2021-05-02,14,21.0
2021-05-02,15,21.0
2021-05-02,16,23.0
2021-05-02,17,26.0
2021-05-02,18,24.0
2021-05-02,19,21.0
2021-05-02,20,21.0
2021-05-02,21,21.0
2021-05-02,22,21.0
2021-05-02,23,21.0
2021-05-02,24,21.0
2021-05-02,25,21.0
2021-05-02,26,21.0
2021-05-02,27,21.0
2021-05-02,28,21.0
2021-05-02,29,25.0
2021-05-02,30,25.0
2021-05-02,31,23.0
2021-05-02,32,21.0
2021-05-02,33,20.0
2021-05-02,34,21.0
2021-05-02,35,21.0
2021-05-02,36,21.0
2021-05-02,37,20.0
2021-05-02,38,21.0
2021-05-02,39,20.0
2021-05-02,40,21.0
2021-05-02,41,20.0
2021-05-02,42,22.0
2021-05-02,43,26.0
2021-05-02,44,24.0
2021-05-02,45,21.0
2021-05-02,46,21.0
2021-05-02,47,21.0
2021-05-02,48,21.0
2021-05-02,49,21.0
2021-05-02,50,21.0
2021-05-02,51,21.0
2021-05-02,52,21.0
2021-05-02,53,20.0
2021-05-02,54,20.0
2021-05-02,55,24.0
2021-05-02,56,26.0
2021-05-02,57,23.0
2021-05-02,58,21.0
2021-05-02,59,21.0
2021-05-02,60,20.0
2021-05-02,61,20.0
2021-05-02,62,21.0
2021-05-02,63,21.0
2021-05-02,64,20.0
2021-05-02,65,20.0
2021-05-02,66,20.0
2021-05-02,67,20.0
2021-05-02,68,22.0
2021-05-02,69,25.0
2021-05-02,70,25.0
2021-05-02,71,21.0
2021-05-02,72,20.0
2021-05-02,73,21.0
2021-05-02,74,20.0
2021-05-02,75,20.0
2021-05-02,76,20.0
2021-05-02,77,20.0
2021-05-02,78,20.0
2021-05-02,79,21.0
2021-05-02,80,20.0
2021-05-02,81,21.0
2021-05-02,82,25.0
2021-05-02,83,26.0
2021-05-02,84,22.0
2021-05-02,85,21.0
2021-05-02,86,22.0
2021-05-02,87,21.0
2021-05-02,88,21.0
2021-05-02,89,21.0
2021-05-02,90,21.0
2021-05-02,91,21.0
2021-05-02,92,21.0
2021-05-02,93,21.0
2021-05-02,94,21.0
2021-05-02,95,25.0
2021-05-03,0,26.0
2021-05-03,1,23.0
2021-05-03,2,21.0
2021-05-03,3,21.0
2021-05-03,4,21.0
2021-05-03,5,21.0
2021-05-03,6,21.0
2021-05-03,7,21.0
2021-05-03,8,21.0
2021-05-03,9,21.0
2021-05-03,10,21.0
2021-05-03,11,21.0
2021-05-03,12,24.0
2021-05-03,13,26.0
2021-05-03,14,22.0
2021-05-03,15,21.0
2021-05-03,16,21.0
2021-05-03,17,21.0
2021-05-03,18,21.0
2021-05-03,19,21.0
2021-05-03,20,21.0
2021-05-03,21,21.0
2021-05-03,22,21.0
2021-05-03,23,21.0
2021-05-03,24,23.0
2021-05-03,25,25.0
2021-05-03,26,24.0
2021-05-03,27,21.0
2021-05-03,28,22.0
2021-05-03,29,40.0
2021-05-03,30,76.0
2021-05-03,31,97.0
2021-05-03,32,153.0
2021-05-03,33,184.0
2021-05-03,34,183.0
2021-05-03,35,179.0
2021-05-03,36,181.0
2021-05-03,37,178.0
2021-05-03,38,164.0
2021-05-03,39,157.0
2021-05-03,40,125.0
2021-05-03,41,141.0
2021-05-03,42,164.0
2021-05-03,43,164.0
2021-05-03,44,173.0
2021-05-03,45,170.0
2021-05-03,46,173.0
2021-05-03,47,179.0
2021-05-03,48,105.0
2021-05-03,49,93.0
2021-05-03,50,93.0
2021-05-03,51,134.0
2021-05-03,52,177.0
2021-05-03,53,177.0
2021-05-03,54,182.0
2021-05-03,55,179.0
2021-05-03,56,170.0
2021-05-03,57,168.0
2021-05-03,58,164.0
2021-05-03,59,167.0
2021-05-03,60,125.0
2021-05-03,61,165.0
2021-05-03,62,160.0
2021-05-03,63,167.0
2021-05-03,64,162.0
2021-05-03,65,145.0
2021-05-03,66,146.0
2021-05-03,67,136.0
2021-05-03,68,98.0
2021-05-03,69,99.0
2021-05-03,70,131.0
2021-05-03,71,146.0
2021-05-03,72,128.0
2021-05-03,73,130.0
2021-05-03,74,138.0
2021-05-03,75,141.0
2021-05-03,76,133.0
2021-05-03,77,130.0
2021-05-03,78,119.0
2021-05-03,79,106.0
2021-05-03,80,108.0
2021-05-03,81,101.0
2021-05-03,82,117.0
2021-05-03,83,113.0
2021-05-03,84,100.0
2021-05-03,85,105.0
2021-05-03,86,102.0
2021-05-03,87,110.0
2021-05-03,88,92.0
2021-05-03,89,110.0
2021-05-03,90,106.0
2021-05-03,91,110.0
2021-05-03,92,103.0
2021-05-03,93,114.0
2021-05-03,94,104.0
2021-05-03,95,73.0
2021-05-04,0,68.0
2021-05-04,1,63.0
2021-05-04,2,65.0
2021-05-04,3,64.0
2021-05-04,4,97.0
2021-05-04,5,106.0
2021-05-04,6,117.0
2021-05-04,7,113.0
2021-05-04,8,120.0
2021-05-04,9,117.0
2021-05-04,10,116.0
2021-05-04,11,112.0
2021-05-04,12,90.0
2021-05-04,13,108.0
2021-05-04,14,104.0
2021-05-04,15,113.0
2021-05-04,16,101.0
2021-05-04,17,98.0
2021-05-04,18,108.0
2021-05-04,19,97.0
2021-05-04,20,79.0
2021-05-04,21,76.0
2021-05-04,22,90.0
2021-05-04,23,94.0
2021-05-04,24,109.0
2021-05-04,25,110.0
2021-05-04,26,112.0
2021-05-04,27,111.0
2021-05-04,28,108.0
2021-05-04,29,115.0
2021-05-04,30,142.0
2021-05-04,31,139.0
2021-05-04,32,162.0
2021-05-04,33,181.0
2021-05-04,34,167.0
2021-05-04,35,175.0
2021-05-04,36,169.0
2021-05-04,37,155.0
2021-05-04,38,177.0
2021-05-04,39,172.0
2021-05-04,40,129.0
2021-05-04,41,170.0
2021-05-04,42,169.0
2021-05-04,43,174.0
2021-05-04,44,178.0
2021-05-04,45,169.0
2021-05-04,46,170.0
2021-05-04,47,173.0
2021-05-04,48,105.0
2021-05-04,49,89.0
2021-05-04,50,91.0
2021-05-04,51,129.0
2021-05-04,52,170.0
2021-05-04,53,166.0
2021-05-04,54,165.0
2021-05-04,55,160.0
2021-05-04,56,161.0
2021-05-04,57,163.0
2021-05-04,58,161.0
2021-05-04,59,180.0
2021-05-04,60,133.0
2021-05-04,61,173.0
2021-05-04,62,177.0
2021-05-04,63,153.0
2021-05-04,64,161.0
2021-05-04,65,164.0
2021-05-04,66,162.0
2021-05-04,67,157.0
2021-05-04,68,110.0
2021-05-04,69,90.0
2021-05-04,70,139.0
2021-05-04,71,153.0
2021-05-04,72,150.0
2021-05-04,73,169.0
2021-05-04,74,169.0
2021-05-04,75,162.0
2021-05-04,76,159.0
2021-05-04,77,164.0
2021-05-04,78,172.0
2021-05-04,79,138.0
2021-05-04,80,122.0
2021-05-04,81,125.0
2021-05-04,82,118.0
2021-05-04,83,129.0
2021-05-04,84,125.0
2021-05-04,85,134.0
2021-05-04,86,122.0
2021-05-04,87,117.0
2021-05-04,88,98.0
2021-05-04,89,100.0
2021-05-04,90,115.0
2021-05-04,91,105.0
2021-05-04,92,106.0
2021-05-04,93,103.0
2021-05-04,94,98.0
2021-05-04,95,73.0
2021-05-05,0,66.0
2021-05-05,1,64.0
2021-05-05,2,63.0
2021-05-05,3,67.0
2021-05-05,4,102.0
2021-05-05,5,103.0
2021-05-05,6,105.0
2021-05-05,7,111.0
2021-05-05,8,109.0
2021-05-05,9,114.0
2021-05-05,10,115.0
2021-05-05,11,102.0
2021-05-05,12,86.0
2021-05-05,13,110.0
2021-05-05,14,110.0
2021-05-05,15,105.0
2021-05-05,16,120.0
2021-05-05,17,114.0
2021-05-05,18,113.0
2021-05-05,19,100.0
2021-05-05,20,80.0
2021-05-05,21,79.0
2021-05-05,22,97.0
2021-05-05,23,97.0
2021-05-05,24,100.0
2021-05-05,25,109.0
2021-05-05,26,106.0
2021-05-05,27,97.0
2021-05-05,28,92.0
2021-05-05,29,86.0
2021-05-05,30,45.0
2021-05-05,31,28.0
2021-05-05,32,20.0
2021-05-05,33,21.0
2021-05-05,34,21.0
2021-05-05,35,21.0
2021-05-05,36,21.0
2021-05-05,37,21.0
2021-05-05,38,21.0
2021-05-05,39,21.0
2021-05-05,40,21.0
2021-05-05,41,22.0
2021-05-05,42,25.0
2021-05-05,43,24.0
2021-05-05,44,21.0
2021-05-05,45,21.0
2021-05-05,46,21.0
2021-05-05,47,22.0
2021-05-05,48,21.0
2021-05-05,49,20.0
2021-05-05,50,20.0
2021-05-05,51,20.0
2021-05-05,52,21.0
2021-05-05,53,22.0
2021-05-05,54,26.0
2021-05-05,55,25.0
2021-05-05,56,21.0
2021-05-05,57,21.0
2021-05-05,58,21.0
2021-05-05,59,21.0
2021-05-05,60,21.0
2021-05-05,61,21.0
2021-05-05,62,21.0
2021-05-05,63,21.0
2021-05-05,64,21.0
2021-05-05,65,21.0
2021-05-05,66,22.0
2021-05-05,67,26.0
2021-05-05,68,25.0
2021-05-05,69,21.0
2021-05-05,70,21.0
2021-05-05,71,21.0
2021-05-05,72,21.0
2021-05-05,73,21.0
2021-05-05,74,21.0
2021-05-05,75,21.0
2021-05-05,76,21.0
2021-05-05,77,21.0
2021-05-05,78,21.0
2021-05-05,79,21.0
2021-05-05,80,24.0
2021-05-05,81,26.0
2021-05-05,82,22.0
2021-05-05,83,22.0
2021-05-05,84,21.0
2021-05-05,85,22.0
2021-05-05,86,21.0
2021-05-05,87,21.0
2021-05-05,88,22.0
2021-05-05,89,22.0
2021-05-05,90,22.0
2021-05-05,91,21.0
2021-05-05,92,21.0
2021-05-05,93,25.0
2021-05-05,94,26.0
2021-05-05,95,22.0
2021-05-06,0,21.0
2021-05-06,1,21.0
2021-05-06,2,21.0
2021-05-06,3,21.0
2021-05-06,4,21.0
2021-05-06,5,21.0
2021-05-06,6,21.0
2021-05-06,7,21.0
2021-05-06,8,21.0
2021-05-06,9,21.0
2021-05-06,10,23.0
2021-05-06,11,26.0
2021-05-06,12,24.0
2021-05-06,13,21.0
2021-05-06,14,21.0
2021-05-06,15,21.0
2021-05-06,16,21.0
2021-05-06,17,21.0
2021-05-06,18,21.0
2021-05-06,19,21.0
2021-05-06,20,21.0
2021-05-06,21,21.0
2021-05-06,22,21.0
2021-05-06,23,25.0
2021-05-06,24,26.0
2021-05-06,25,23.0
2021-05-06,26,21.0
2021-05-06,27,21.0
2021-05-06,28,21.0
2021-05-06,29,39.0
2021-05-06,30,67.0
2021-05-06,31,95.0
2021-05-06,32,160.0
2021-05-06,33,191.0
2021-05-06,34,190.0
2021-05-06,35,199.0
2021-05-06,36,185.0
2021-05-06,37,187.0
2021-05-06,38,186.0
2021-05-06,39,187.0
2021-05-06,40,144.0
2021-05-06,41,172.0
2021-05-06,42,165.0
2021-05-06,43,177.0
2021-05-06,44,164.0
2021-05-06,45,173.0
2021-05-06,46,179.0
2021-05-06,47,169.0
2021-05-06,48,108.0
2021-05-06,49,87.0
2021-05-06,50,86.0
2021-05-06,51,123.0
2021-05-06,52,173.0
2021-05-06,53,170.0
2021-05-06,54,163.0
2021-05-06,55,159.0
2021-05-06,56,154.0
2021-05-06,57,167.0
2021-05-06,58,164.0
2021-05-06,59,156.0
2021-05-06,60,126.0
2021-05-06,61,156.0
2021-05-06,62,163.0
2021-05-06,63,173.0
2021-05-06,64,149.0
2021-05-06,65,160.0
2021-05-06,66,163.0
2021-05-06,67,163.0
2021-05-06,68,107.0
2021-05-06,69,95.0
2021-05-06,70,142.0
2021-05-06,71,155.0
2021-05-06,72,140.0
2021-05-06,73,127.0
2021-05-06,74,123.0
2021-05-06,75,111.0
2021-05-06,76,124.0
2021-05-06,77,112.0
2021-05-06,78,108.0
2021-05-06,79,117.0
2021-05-06,80,120.0
2021-05-06,81,123.0
2021-05-06,82,138.0
2021-05-06,83,130.0
2021-05-06,84,128.0
2021-05-06,85,122.0
2021-05-06,86,115.0
2021-05-06,87,117.0
2021-05-06,88,104.0
2021-05-06,89,120.0
2021-05-06,90,116.0
2021-05-06,91,114.0
2021-05-06,92,99.0
2021-05-06,93,118.0
2021-05-06,94,109.0
2021-05-06,95,78.0
2021-05-07,0,72.0
2021-05-07,1,69.0
2021-05-07,2,63.0
2021-05-07,3,62.0
2021-05-07,4,93.0
2021-05-07,5,100.0
2021-05-07,6,109.0
2021-05-07,7,112.0
2021-05-07,8,106.0
2021-05-07,9,100.0
2021-05-07,10,102.0
2021-05-07,11,98.0
2021-05-07,12,97.0
2021-05-07,13,108.0
2021-05-07,14,113.0
2021-05-07,15,101.0
2021-05-07,16,96.0
2021-05-07,17,96.0
2021-05-07,18,102.0
2021-05-07,19,99.0
2021-05-07,20,81.0
2021-05-07,21,72.0
2021-05-07,22,95.0
2021-05-07,23,109.0
2021-05-07,24,115.0
2021-05-07,25,111.0
2021-05-07,26,105.0
2021-05-07,27,97.0
2021-05-07,28,101.0
2021-05-07,29,110.0
2021-05-07,30,134.0
2021-05-07,31,127.0
2021-05-07,32,153.0
2021-05-07,33,172.0
2021-05-07,34,180.0
2021-05-07,35,181.0
2021-05-07,36,172.0
2021-05-07,37,174.0
2021-05-07,38,163.0
2021-05-07,39,171.0
2021-05-07,40,127.0
2021-05-07,41,166.0
2021-05-07,42,166.0
2021-05-07,43,174.0
2021-05-07,44,167.0
2021-05-07,45,161.0
2021-05-07,46,167.0
2021-05-07,47,159.0
2021-05-07,48,103.0
2021-05-07,49,94.0
2021-05-07,50,95.0
2021-05-07,51,130.0
2021-05-07,52,174.0
2021-05-07,53,164.0
2021-05-07,54,172.0
2021-05-07,55,159.0
2021-05-07,56,149.0
2021-05-07,57,152.0
2021-05-07,58,158.0
2021-05-07,59,153.0
2021-05-07,60,107.0
2021-05-07,61,134.0
2021-05-07,62,144.0
2021-05-07,63,146.0
2021-05-07,64,137.0
2021-05-07,65,153.0
2021-05-07,66,138.0
2021-05-07,67,151.0
2021-05-07,68,111.0
2021-05-07,69,104.0
2021-05-07,70,140.0
2021-05-07,71,124.0
2021-05-07,72,110.0
2021-05-07,73,107.0
2021-05-07,74,105.0
2021-05-07,75,111.0
2021-05-07,76,106.0
2021-05-07,77,102.0
2021-05-07,78,97.0
2021-05-07,79,93.0
2021-05-07,80,102.0
2021-05-07,81,99.0
2021-05-07,82,110.0
2021-05-07,83,102.0
2021-05-07,84,107.0
2021-05-07,85,99.0
2021-05-07,86,102.0
2021-05-07,87,100.0
2021-05-07,88,91.0
2021-05-07,89,107.0
2021-05-07,90,101.0
2021-05-07,91,102.0
2021-05-07,92,101.0
2021-05-07,93,93.0
2021-05-07,94,86.0
2021-05-07,95,60.0
2021-05-08,0,60.0
2021-05-08,1,60.0
2021-05-08,2,63.0
2021-05-08,3,60.0
2021-05-08,4,95.0
2021-05-08,5,97.0
2021-05-08,6,108.0
2021-05-08,7,115.0
2021-05-08,8,105.0
2021-05-08,9,104.0
2021-05-08,10,94.0
2021-05-08,11,110.0
2021-05-08,12,92.0
2021-05-08,13,111.0
2021-05-08,14,108.0
2021-05-08,15,100.0
2021-05-08,16,114.0
2021-05-08,17,110.0
2021-05-08,18,106.0
2021-05-08,19,95.0
2021-05-08,20,78.0
2021-05-08,21,75.0
2021-05-08,22,96.0
2021-05-08,23,99.0
2021-05-08,24,114.0
2021-05-08,25,108.0
2021-05-08,26,102.0
2021-05-08,27,90.0
2021-05-08,28,88.0
2021-05-08,29,79.0
2021-05-08,30,50.0
2021-05-08,31,33.0
2021-05-08,32,22.0
2021-05-08,33,26.0
2021-05-08,34,27.0
2021-05-08,35,22.0
2021-05-08,36,23.0
2021-05-08,37,22.0
2021-05-08,38,22.0
2021-05-08,39,22.0
2021-05-08,40,22.0
2021-05-08,41,22.0
2021-05-08,42,22.0
2021-05-08,43,22.0
2021-05-08,44,22.0
2021-05-08,45,25.0
2021-05-08,46,27.0
2021-05-08,47,26.0
2021-05-08,48,22.0
2021-05-08,49,23.0
2021-05-08,50,23.0
2021-05-08,51,22.0
2021-05-08,52,22.0
2021-05-08,53,22.0
2021-05-08,54,22.0
2021-05-08,55,22.0
2021-05-08,56,22.0
2021-05-08,57,22.0
2021-05-08,58,23.0
2021-05-08,59,26.0
2021-05-08,60,27.0
2021-05-08,61,23.0
2021-05-08,62,22.0
2021-05-08,63,22.0
2021-05-08,64,22.0
2021-05-08,65,22.0
2021-05-08,66,23.0
2021-05-08,67,23.0
2021-05-08,68,23.0
2021-05-08,69,22.0
2021-05-08,70,22.0
2021-05-08,71,22.0
2021-05-08,72,25.0
2021-05-08,73,27.0
2021-05-08,74,22.0
2021-05-08,75,22.0
2021-05-08,76,22.0
2021-05-08,77,22.0
2021-05-08,78,22.0
2021-05-08,79,22.0
2021-05-08,80,22.0
2021-05-08,81,22.0
2021-05-08,82,22.0
2021-05-08,83,22.0
2021-05-08,84,25.0
2021-05-08,85,28.0
2021-05-08,86,24.0
2021-05-08,87,23.0
2021-05-08,88,23.0
2021-05-08,89,23.0
2021-05-08,90,22.0
2021-05-08,91,23.0
2021-05-08,92,22.0
2021-05-08,93,22.0
2021-05-08,94,23.0
2021-05-08,95,23.0
2021-05-09,0,23.0
2021-05-09,1,22.0
2021-05-09,2,22.0
2021-05-09,3,23.0
2021-05-09,4,22.0
2021-05-09,5,23.0
2021-05-09,6,23.0
2021-05-09,7,23.0
2021-05-09,8,23.0
2021-05-09,9,22.0
2021-05-09,10,27.0
2021-05-09,11,27.0
2021-05-09,12,23.0
2021-05-09,13,22.0
2021-05-09,14,23.0
2021-05-09,15,22.0
2021-05-09,16,23.0
2021-05-09,17,22.0
2021-05-09,18,23.0
2021-05-09,19,23.0
2021-05-09,20,22.0
2021-05-09,21,23.0
2021-05-09,22,23.0
2021-05-09,23,26.0
2021-05-09,24,27.0
2021-05-09,25,24.0
2021-05-09,26,23.0
2021-05-09,27,22.0
2021-05-09,28,26.0
2021-05-09,29,34.0
2021-05-09,30,63.0
2021-05-09,31,131.0
2021-05-09,32,160.0
2021-05-09,33,180.0
2021-05-09,34,182.0
2021-05-09,35,184.0
2021-05-09,36,164.0
2021-05-09,37,163.0
2021-05-09,38,156.0
2021-05-09,39,149.0
2021-05-09,40,128.0
2021-05-09,41,169.0
2021-05-09,42,163.0
2021-05-09,43,168.0
2021-05-09,44,173.0
2021-05-09,45,157.0
2021-05-09,46,172.0
2021-05-09,47,153.0
2021-05-09,48,110.0
2021-05-09,49,91.0
2021-05-09,50,96.0
2021-05-09,51,126.0
2021-05-09,52,155.0
2021-05-09,53,158.0
2021-05-09,54,158.0
2021-05-09,55,159.0
2021-05-09,56,149.0
2021-05-09,57,152.0
2021-05-09,58,163.0
2021-05-09,59,153.0
2021-05-09,60,125.0
2021-05-09,61,144.0
2021-05-09,62,151.0
2021-05-09,63,145.0
2021-05-09,64,147.0
2021-05-09,65,151.0
2021-05-09,66,155.0
2021-05-09,67,157.0
2021-05-09,68,110.0
2021-05-09,69,102.0
2021-05-09,70,153.0
2021-05-09,71,146.0
2021-05-09,72,153.0
2021-05-09,73,165.0
2021-05-09,74,158.0
2021-05-09,75,160.0
2021-05-09,76,155.0
2021-05-09,77,147.0
2021-05-09,78,147.0
2021-05-09,79,117.0
2021-05-09,80,111.0
2021-05-09,81,114.0
2021-05-09,82,103.0
2021-05-09,83,114.0
2021-05-09,84,121.0
2021-05-09,85,121.0
2021-05-09,86,120.0
2021-05-09,87,117.0
2021-05-09,88,92.0
2021-05-09,89,117.0
2021-05-09,90,118.0
2021-05-09,91,122.0
2021-05-09,92,110.0
2021-05-09,93,105.0
2021-05-09,94,104.0
2021-05-09,95,84.0
2021-05-10,0,23.0
2021-05-10,1,22.0
2021-05-10,2,22.0
2021-05-10,3,23.0
2021-05-10,4,22.0
2021-05-10,5,23.0
2021-05-10,6,23.0
2021-05-10,7,23.0
2021-05-10,8,23.0
2021-05-10,9,22.0
2021-05-10,10,27.0
2021-05-10,11,27.0
2021-05-10,12,23.0
2021-05-10,13,22.0
2021-05-10,14,23.0
2021-05-10,15,22.0
2021-05-10,16,23.0
2021-05-10,17,22.0
2021-05-10,18,23.0
2021-05-10,19,23.0
2021-05-10,20,22.0
2021-05-10,21,23.0
2021-05-10,22,23.0
2021-05-10,23,26.0
2021-05-10,24,27.0
2021-05-10,25,24.0
2021-05-10,26,23.0
2021-05-10,27,22.0
2021-05-10,28,26.0
2021-05-10,29,34.0
2021-05-10,30,63.0
2021-05-10,31,131.0
2021-05-10,32,160.0
2021-05-10,33,180.0
2021-05-10,34,182.0
2021-05-10,35,184.0
2021-05-10,36,164.0
2021-05-10,37,163.0
2021-05-10,38,156.0
2021-05-10,39,149.0
2021-05-10,40,128.0
2021-05-10,41,169.0
2021-05-10,42,163.0
2021-05-10,43,168.0
2021-05-10,44,173.0
2021-05-10,45,157.0
2021-05-10,46,172.0
2021-05-10,47,153.0
2021-05-10,48,110.0
2021-05-10,49,91.0
2021-05-10,50,96.0
2021-05-10,51,126.0
2021-05-10,52,155.0
2021-05-10,53,158.0
2021-05-10,54,158.0
2021-05-10,55,159.0
2021-05-10,56,149.0
2021-05-10,57,152.0
2021-05-10,58,163.0
2021-05-10,59,153.0
2021-05-10,60,125.0
2021-05-10,61,144.0
2021-05-10,62,151.0
2021-05-10,63,145.0
2021-05-10,64,147.0
2021-05-10,65,151.0
2021-05-10,66,155.0
2021-05-10,67,157.0
2021-05-10,68,110.0
2021-05-10,69,102.0
2021-05-10,70,153.0
2021-05-10,71,146.0
2021-05-10,72,153.0
2021-05-10,73,165.0
2021-05-10,74,158.0
2021-05-10,75,160.0
2021-05-10,76,155.0
2021-05-10,77,147.0
2021-05-10,78,147.0
2021-05-10,79,117.0
2021-05-10,80,111.0
2021-05-10,81,114.0
2021-05-10,82,103.0
2021-05-10,83,114.0
2021-05-10,84,121.0
2021-05-10,85,121.0
2021-05-10,86,120.0
2021-05-10,87,117.0
2021-05-10,88,92.0
2021-05-10,89,117.0
2021-05-10,90,118.0
2021-05-10,91,122.0
2021-05-10,92,110.0
2021-05-10,93,105.0
2021-05-10,94,104.0
2021-05-10,95,84.0
2021-05-11,0,68.0
2021-05-11,1,64.0
2021-05-11,2,64.0
2021-05-11,3,61.0
2021-05-11,4,90.0
2021-05-11,5,86.0
2021-05-11,6,105.0
2021-05-11,7,110.0
2021-05-11,8,100.0
2021-05-11,9,105.0
2021-05-11,10,104.0
2021-05-11,11,108.0
2021-05-11,12,96.0
2021-05-11,13,103.0
2021-05-11,14,99.0
2021-05-11,15,105.0
2021-05-11,16,106.0
2021-05-11,17,99.0
2021-05-11,18,103.0
2021-05-11,19,113.0
2021-05-11,20,94.0
2021-05-11,21,82.0
2021-05-11,22,101.0
2021-05-11,23,111.0
2021-05-11,24,117.0
2021-05-11,25,114.0
2021-05-11,26,103.0
2021-05-11,27,93.0
2021-05-11,28,106.0
2021-05-11,29,112.0
2021-05-11,30,136.0
2021-05-11,31,140.0
2021-05-11,32,157.0
2021-05-11,33,175.0
2021-05-11,34,177.0
2021-05-11,35,175.0
2021-05-11,36,171.0
2021-05-11,37,171.0
2021-05-11,38,174.0
2021-05-11,39,177.0
2021-05-11,40,130.0
2021-05-11,41,168.0
2021-05-11,42,171.0
2021-05-11,43,169.0
2021-05-11,44,171.0
2021-05-11,45,170.0
2021-05-11,46,173.0
2021-05-11,47,163.0
2021-05-11,48,102.0
2021-05-11,49,82.0
2021-05-11,50,87.0
2021-05-11,51,129.0
2021-05-11,52,185.0
2021-05-11,53,168.0
2021-05-11,54,175.0
2021-05-11,55,174.0
2021-05-11,56,166.0
2021-05-11,57,153.0
2021-05-11,58,157.0
2021-05-11,59,144.0
2021-05-11,60,130.0
2021-05-11,61,148.0
2021-05-11,62,163.0
2021-05-11,63,161.0
2021-05-11,64,142.0
2021-05-11,65,141.0
2021-05-11,66,151.0
2021-05-11,67,143.0
2021-05-11,68,105.0
2021-05-11,69,91.0
2021-05-11,70,132.0
2021-05-11,71,144.0
2021-05-11,72,141.0
2021-05-11,73,134.0
2021-05-11,74,136.0
2021-05-11,75,141.0
2021-05-11,76,138.0
2021-05-11,77,133.0
2021-05-11,78,125.0
2021-05-11,79,133.0
2021-05-11,80,128.0
2021-05-11,81,131.0
2021-05-11,82,127.0
2021-05-11,83,124.0
2021-05-11,84,122.0
2021-05-11,85,127.0
2021-05-11,86,131.0
2021-05-11,87,121.0
2021-05-11,88,94.0
2021-05-11,89,112.0
2021-05-11,90,109.0
2021-05-11,91,112.0
2021-05-11,92,121.0
2021-05-11,93,121.0
2021-05-11,94,104.0
2021-05-11,95,83.0
2021-05-12,0,75.0
2021-05-12,1,67.0
2021-05-12,2,63.0
2021-05-12,3,61.0
2021-05-12,4,92.0
2021-05-12,5,104.0
2021-05-12,6,104.0
2021-05-12,7,93.0
2021-05-12,8,110.0
2021-05-12,9,112.0
2021-05-12,10,113.0
2021-05-12,11,106.0
2021-05-12,12,76.0
2021-05-12,13,102.0
2021-05-12,14,109.0
2021-05-12,15,98.0
2021-05-12,16,107.0
2021-05-12,17,111.0
2021-05-12,18,104.0
2021-05-12,19,106.0
2021-05-12,20,82.0
2021-05-12,21,77.0
2021-05-12,22,103.0
2021-05-12,23,107.0
2021-05-12,24,103.0
2021-05-12,25,102.0
2021-05-12,26,110.0
2021-05-12,27,102.0
2021-05-12,28,106.0
2021-05-12,29,109.0
2021-05-12,30,147.0
2021-05-12,31,141.0
2021-05-12,32,148.0
2021-05-12,33,177.0
2021-05-12,34,178.0
2021-05-12,35,173.0
2021-05-12,36,159.0
2021-05-12,37,159.0
2021-05-12,38,165.0
2021-05-12,39,158.0
2021-05-12,40,122.0
2021-05-12,41,145.0
2021-05-12,42,163.0
2021-05-12,43,166.0
2021-05-12,44,160.0
2021-05-12,45,183.0
2021-05-12,46,163.0
2021-05-12,47,164.0
2021-05-12,48,93.0
2021-05-12,49,76.0
2021-05-12,50,80.0
2021-05-12,51,125.0
2021-05-12,52,176.0
2021-05-12,53,184.0
2021-05-12,54,174.0
2021-05-12,55,179.0
2021-05-12,56,172.0
2021-05-12,57,163.0
2021-05-12,58,160.0
2021-05-12,59,160.0
2021-05-12,60,130.0
2021-05-12,61,168.0
2021-05-12,62,163.0
2021-05-12,63,150.0
2021-05-12,64,163.0
2021-05-12,65,159.0
2021-05-12,66,155.0
2021-05-12,67,158.0
2021-05-12,68,109.0
2021-05-12,69,97.0
2021-05-12,70,150.0
2021-05-12,71,169.0
2021-05-12,72,157.0
2021-05-12,73,154.0
2021-05-12,74,149.0
2021-05-12,75,169.0
2021-05-12,76,153.0
2021-05-12,77,133.0
2021-05-12,78,113.0
2021-05-12,79,99.0
2021-05-12,80,101.0
2021-05-12,81,109.0
2021-05-12,82,104.0
2021-05-12,83,105.0
2021-05-12,84,105.0
2021-05-12,85,111.0
2021-05-12,86,115.0
2021-05-12,87,109.0
2021-05-12,88,91.0
2021-05-12,89,100.0
2021-05-12,90,102.0
2021-05-12,91,116.0
2021-05-12,92,111.0
2021-05-12,93,105.0
2021-05-12,94,103.0
2021-05-12,95,87.0
2021-05-13,0,75.0
2021-05-13,1,66.0
2021-05-13,2,71.0
2021-05-13,3,68.0
2021-05-13,4,88.0
2021-05-13,5,99.0
2021-05-13,6,107.0
2021-05-13,7,99.0
2021-05-13,8,104.0
2021-05-13,9,113.0
2021-05-13,10,105.0
2021-05-13,11,90.0
2021-05-13,12,84.0
2021-05-13,13,99.0
2021-05-13,14,107.0
2021-05-13,15,110.0
2021-05-13,16,113.0
2021-05-13,17,107.0
2021-05-13,18,102.0
2021-05-13,19,98.0
2021-05-13,20,84.0
2021-05-13,21,72.0
2021-05-13,22,96.0
2021-05-13,23,105.0
2021-05-13,24,105.0
2021-05-13,25,102.0
2021-05-13,26,99.0
2021-05-13,27,96.0
2021-05-13,28,100.0
2021-05-13,29,107.0
2021-05-13,30,135.0
2021-05-13,31,127.0
2021-05-13,32,147.0
2021-05-13,33,176.0
2021-05-13,34,167.0
2021-05-13,35,169.0
2021-05-13,36,157.0
2021-05-13,37,159.0
2021-05-13,38,163.0
2021-05-13,39,174.0
2021-05-13,40,116.0
2021-05-13,41,176.0
2021-05-13,42,174.0
2021-05-13,43,166.0
2021-05-13,44,157.0
2021-05-13,45,169.0
2021-05-13,46,161.0
2021-05-13,47,170.0
2021-05-13,48,103.0
2021-05-13,49,81.0
2021-05-13,50,80.0
2021-05-13,51,119.0
2021-05-13,52,163.0
2021-05-13,53,175.0
2021-05-13,54,169.0
2021-05-13,55,163.0
2021-05-13,56,169.0
2021-05-13,57,166.0
2021-05-13,58,158.0
2021-05-13,59,158.0
2021-05-13,60,115.0
2021-05-13,61,156.0
2021-05-13,62,146.0
2021-05-13,63,137.0
2021-05-13,64,150.0
2021-05-13,65,155.0
2021-05-13,66,154.0
2021-05-13,67,139.0
2021-05-13,68,96.0
2021-05-13,69,83.0
2021-05-13,70,106.0
2021-05-13,71,117.0
2021-05-13,72,108.0
2021-05-13,73,100.0
2021-05-13,74,100.0
2021-05-13,75,99.0
2021-05-13,76,96.0
2021-05-13,77,97.0
2021-05-13,78,106.0
2021-05-13,79,104.0
2021-05-13,80,122.0
2021-05-13,81,139.0
2021-05-13,82,134.0
2021-05-13,83,135.0
2021-05-13,84,135.0
2021-05-13,85,129.0
2021-05-13,86,120.0
2021-05-13,87,124.0
2021-05-13,88,103.0
2021-05-13,89,123.0
2021-05-13,90,116.0
2021-05-13,91,114.0
2021-05-13,92,113.0
2021-05-13,93,115.0
2021-05-13,94,100.0
2021-05-13,95,88.0
2021-05-14,0,72.0
2021-05-14,1,66.0
2021-05-14,2,68.0
2021-05-14,3,62.0
2021-05-14,4,86.0
2021-05-14,5,110.0
2021-05-14,6,106.0
2021-05-14,7,96.0
2021-05-14,8,106.0
2021-05-14,9,108.0
2021-05-14,10,111.0
2021-05-14,11,104.0
2021-05-14,12,80.0
2021-05-14,13,104.0
2021-05-14,14,104.0
2021-05-14,15,99.0
2021-05-14,16,103.0
2021-05-14,17,107.0
2021-05-14,18,108.0
2021-05-14,19,104.0
2021-05-14,20,86.0
2021-05-14,21,80.0
2021-05-14,22,104.0
2021-05-14,23,103.0
2021-05-14,24,99.0
2021-05-14,25,107.0
2021-05-14,26,99.0
2021-05-14,27,96.0
2021-05-14,28,92.0
2021-05-14,29,106.0
2021-05-14,30,135.0
2021-05-14,31,128.0
2021-05-14,32,130.0
2021-05-14,33,150.0
2021-05-14,34,157.0
2021-05-14,35,149.0
2021-05-14,36,141.0
2021-05-14,37,143.0
2021-05-14,38,137.0
2021-05-14,39,137.0
2021-05-14,40,120.0
2021-05-14,41,145.0
2021-05-14,42,155.0
2021-05-14,43,150.0
2021-05-14,44,150.0
2021-05-14,45,150.0
2021-05-14,46,155.0
2021-05-14,47,142.0
2021-05-14,48,94.0
2021-05-14,49,78.0
2021-05-14,50,80.0
2021-05-14,51,113.0
2021-05-14,52,156.0
2021-05-14,53,153.0
2021-05-14,54,144.0
2021-05-14,55,148.0
2021-05-14,56,142.0
2021-05-14,57,138.0
2021-05-14,58,144.0
2021-05-14,59,147.0
2021-05-14,60,124.0
2021-05-14,61,148.0
2021-05-14,62,141.0
2021-05-14,63,134.0
2021-05-14,64,137.0
2021-05-14,65,143.0
2021-05-14,66,128.0
2021-05-14,67,130.0
2021-05-14,68,93.0
2021-05-14,69,77.0
2021-05-14,70,118.0
2021-05-14,71,148.0
2021-05-14,72,156.0
2021-05-14,73,154.0
2021-05-14,74,135.0
2021-05-14,75,140.0
2021-05-14,76,129.0
2021-05-14,77,129.0
2021-05-14,78,144.0
2021-05-14,79,115.0
2021-05-14,80,106.0
2021-05-14,81,106.0
2021-05-14,82,103.0
2021-05-14,83,109.0
2021-05-14,84,112.0
2021-05-14,85,106.0
2021-05-14,86,111.0
2021-05-14,87,111.0
2021-05-14,88,91.0
2021-05-14,89,103.0
2021-05-14,90,112.0
2021-05-14,91,107.0
2021-05-14,92,98.0
2021-05-14,93,97.0
2021-05-14,94,95.0
2021-05-14,95,64.0
2021-05-15,0,54.0
2021-05-15,1,54.0
2021-05-15,2,54.0
2021-05-15,3,54.0
2021-05-15,4,83.0
2021-05-15,5,99.0
2021-05-15,6,97.0
2021-05-15,7,104.0
2021-05-15,8,100.0
2021-05-15,9,93.0
2021-05-15,10,100.0
2021-05-15,11,97.0
2021-05-15,12,78.0
2021-05-15,13,101.0
2021-05-15,14,98.0
2021-05-15,15,96.0
2021-05-15,16,98.0
2021-05-15,17,97.0
2021-05-15,18,105.0
2021-05-15,19,104.0
2021-05-15,20,73.0
2021-05-15,21,62.0
2021-05-15,22,87.0
2021-05-15,23,96.0
2021-05-15,24,95.0
2021-05-15,25,103.0
2021-05-15,26,100.0
2021-05-15,27,93.0
2021-05-15,28,86.0
2021-05-15,29,83.0
2021-05-15,30,65.0
2021-05-15,31,42.0
2021-05-15,32,24.0
2021-05-15,33,24.0
2021-05-15,34,19.0
2021-05-15,35,19.0
2021-05-15,36,20.0
2021-05-15,37,20.0
2021-05-15,38,19.0
2021-05-15,39,19.0
2021-05-15,40,20.0
2021-05-15,41,19.0
2021-05-15,42,20.0
2021-05-15,43,19.0
2021-05-15,44,20.0
2021-05-15,45,24.0
2021-05-15,46,24.0
2021-05-15,47,21.0
2021-05-15,48,20.0
2021-05-15,49,20.0
2021-05-15,50,20.0
2021-05-15,51,20.0
2021-05-15,52,20.0
2021-05-15,53,19.0
2021-05-15,54,19.0
2021-05-15,55,19.0
2021-05-15,56,19.0
2021-05-15,57,19.0
2021-05-15,58,21.0
2021-05-15,59,24.0
2021-05-15,60,23.0
2021-05-15,61,19.0
2021-05-15,62,19.0
2021-05-15,63,20.0
2021-05-15,64,20.0
2021-05-15,65,19.0
2021-05-15,66,20.0
2021-05-15,67,20.0
2021-05-15,68,20.0
2021-05-15,69,20.0
2021-05-15,70,20.0
2021-05-15,71,20.0
2021-05-15,72,23.0
2021-05-15,73,25.0
2021-05-15,74,21.0
2021-05-15,75,20.0
2021-05-15,76,20.0
2021-05-15,77,20.0
2021-05-15,78,19.0
2021-05-15,79,20.0
2021-05-15,80,19.0
2021-05-15,81,20.0
2021-05-15,82,20.0
2021-05-15,83,20.0
2021-05-15,84,20.0
2021-05-15,85,22.0
2021-05-15,86,25.0
2021-05-15,87,25.0
2021-05-15,88,20.0
2021-05-15,89,20.0
2021-05-15,90,21.0
2021-05-15,91,21.0
2021-05-15,92,20.0
2021-05-15,93,20.0
2021-05-15,94,20.0
2021-05-15,95,20.0
2021-05-16,0,20.0
2021-05-16,1,20.0
2021-05-16,2,20.0
2021-05-16,3,20.0
2021-05-16,4,24.0
2021-05-16,5,25.0
2021-05-16,6,21.0
2021-05-16,7,20.0
2021-05-16,8,20.0
2021-05-16,9,20.0
2021-05-16,10,20.0
2021-05-16,11,20.0
2021-05-16,12,20.0
2021-05-16,13,20.0
2021-05-16,14,20.0
2021-05-16,15,20.0
2021-05-16,16,20.0
2021-05-16,17,20.0
2021-05-16,18,24.0
2021-05-16,19,25.0
2021-05-16,20,20.0
2021-05-16,21,20.0
2021-05-16,22,20.0
2021-05-16,23,20.0
2021-05-16,24,20.0
2021-05-16,25,20.0
2021-05-16,26,20.0
2021-05-16,27,20.0
2021-05-16,28,19.0
2021-05-16,29,19.0
2021-05-16,30,20.0
2021-05-16,31,23.0
2021-05-16,32,24.0
2021-05-16,33,19.0
2021-05-16,34,20.0
2021-05-16,35,20.0
2021-05-16,36,20.0
2021-05-16,37,20.0
2021-05-16,38,20.0
2021-05-16,39,20.0
2021-05-16,40,20.0
2021-05-16,41,20.0
2021-05-16,42,20.0
2021-05-16,43,23.0
2021-05-16,44,24.0
2021-05-16,45,20.0
2021-05-16,46,20.0
2021-05-16,47,20.0
2021-05-16,48,20.0
2021-05-16,49,20.0
2021-05-16,50,20.0
2021-05-16,51,20.0
2021-05-16,52,20.0
2021-05-16,53,20.0
2021-05-16,54,20.0
2021-05-16,55,20.0
2021-05-16,56,25.0
2021-05-16,57,24.0
2021-05-16,58,20.0
2021-05-16,59,20.0
2021-05-16,60,20.0
2021-05-16,61,20.0
2021-05-16,62,20.0
2021-05-16,63,20.0
2021-05-16,64,20.0
2021-05-16,65,20.0
2021-05-16,66,20.0
2021-05-16,67,20.0
2021-05-16,68,21.0
2021-05-16,69,25.0
2021-05-16,70,25.0
2021-05-16,71,20.0
2021-05-16,72,20.0
2021-05-16,73,19.0
2021-05-16,74,19.0
2021-05-16,75,19.0
2021-05-16,76,19.0
2021-05-16,77,19.0
2021-05-16,78,20.0
2021-05-16,79,20.0
2021-05-16,80,19.0
2021-05-16,81,19.0
2021-05-16,82,20.0
2021-05-16,83,25.0
2021-05-16,84,24.0
2021-05-16,85,20.0
2021-05-16,86,21.0
2021-05-16,87,20.0
2021-05-16,88,20.0
2021-05-16,89,20.0
2021-05-16,90,20.0
2021-05-16,91,20.0
2021-05-16,92,20.0
2021-05-16,93,20.0
2021-05-16,94,20.0
2021-05-16,95,22.0
2021-05-17,0,25.0
2021-05-17,1,23.0
2021-05-17,2,20.0
2021-05-17,3,20.0
2021-05-17,4,20.0
2021-05-17,5,20.0
2021-05-17,6,20.0
2021-05-17,7,20.0
2021-05-17,8,20.0
2021-05-17,9,20.0
2021-05-17,10,20.0
2021-05-17,11,20.0
2021-05-17,12,20.0
2021-05-17,13,25.0
2021-05-17,14,23.0
2021-05-17,15,19.0
2021-05-17,16,20.0
2021-05-17,17,20.0
2021-05-17,18,20.0
2021-05-17,19,20.0
2021-05-17,20,20.0
2021-05-17,21,20.0
2021-05-17,22,20.0
2021-05-17,23,19.0
2021-05-17,24,20.0
2021-05-17,25,24.0
2021-05-17,26,23.0
2021-05-17,27,19.0
2021-05-17,28,22.0
2021-05-17,29,33.0
2021-05-17,30,58.0
2021-05-17,31,87.0
2021-05-17,32,154.0
2021-05-17,33,178.0
2021-05-17,34,170.0
2021-05-17,35,192.0
2021-05-17,36,183.0
2021-05-17,37,145.0
2021-05-17,38,162.0
2021-05-17,39,151.0
2021-05-17,40,124.0
2021-05-17,41,171.0
2021-05-17,42,180.0
2021-05-17,43,180.0
2021-05-17,44,160.0
2021-05-17,45,158.0
2021-05-17,46,172.0
2021-05-17,47,186.0
2021-05-17,48,109.0
2021-05-17,49,88.0
2021-05-17,50,89.0
2021-05-17,51,129.0
2021-05-17,52,173.0
2021-05-17,53,168.0
2021-05-17,54,172.0
2021-05-17,55,168.0
2021-05-17,56,149.0
2021-05-17,57,155.0
2021-05-17,58,172.0
2021-05-17,59,175.0
2021-05-17,60,128.0
2021-05-17,61,167.0
2021-05-17,62,164.0
2021-05-17,63,168.0
2021-05-17,64,163.0
2021-05-17,65,161.0
2021-05-17,66,161.0
2021-05-17,67,158.0
2021-05-17,68,120.0
2021-05-17,69,117.0
2021-05-17,70,156.0
2021-05-17,71,158.0
2021-05-17,72,161.0
2021-05-17,73,153.0
2021-05-17,74,151.0
2021-05-17,75,144.0
2021-05-17,76,140.0
2021-05-17,77,139.0
2021-05-17,78,129.0
2021-05-17,79,104.0
2021-05-17,80,94.0
2021-05-17,81,99.0
2021-05-17,82,93.0
2021-05-17,83,99.0
2021-05-17,84,96.0
2021-05-17,85,85.0
2021-05-17,86,82.0
2021-05-17,87,93.0
2021-05-17,88,90.0
2021-05-17,89,95.0
2021-05-17,90,92.0
2021-05-17,91,93.0
2021-05-17,92,89.0
2021-05-17,93,93.0
2021-05-17,94,91.0
2021-05-17,95,73.0
2021-05-18,0,71.0
2021-05-18,1,65.0
2021-05-18,2,58.0
2021-05-18,3,60.0
2021-05-18,4,85.0
2021-05-18,5,96.0
2021-05-18,6,97.0
2021-05-18,7,93.0
2021-05-18,8,91.0
2021-05-18,9,93.0
2021-05-18,10,96.0
2021-05-18,11,94.0
2021-05-18,12,74.0
2021-05-18,13,91.0
2021-05-18,14,90.0
2021-05-18,15,96.0
2021-05-18,16,91.0
2021-05-18,17,84.0
2021-05-18,18,84.0
2021-05-18,19,79.0
2021-05-18,20,67.0
2021-05-18,21,62.0
2021-05-18,22,88.0
2021-05-18,23,105.0
2021-05-18,24,102.0
2021-05-18,25,94.0
2021-05-18,26,94.0
2021-05-18,27,90.0
2021-05-18,28,94.0
2021-05-18,29,100.0
2021-05-18,30,134.0
2021-05-18,31,130.0
2021-05-18,32,160.0
2021-05-18,33,172.0
2021-05-18,34,167.0
2021-05-18,35,179.0
2021-05-18,36,166.0
2021-05-18,37,169.0
2021-05-18,38,172.0
2021-05-18,39,175.0
2021-05-18,40,133.0
2021-05-18,41,163.0
2021-05-18,42,172.0
2021-05-18,43,169.0
2021-05-18,44,164.0
2021-05-18,45,166.0
2021-05-18,46,166.0
2021-05-18,47,172.0
2021-05-18,48,101.0
2021-05-18,49,81.0
2021-05-18,50,83.0
2021-05-18,51,130.0
2021-05-18,52,182.0
2021-05-18,53,178.0
2021-05-18,54,177.0
2021-05-18,55,169.0
2021-05-18,56,159.0
2021-05-18,57,166.0
2021-05-18,58,169.0
2021-05-18,59,173.0
2021-05-18,60,126.0
2021-05-18,61,174.0
2021-05-18,62,179.0
2021-05-18,63,170.0
2021-05-18,64,163.0
2021-05-18,65,156.0
2021-05-18,66,145.0
2021-05-18,67,150.0
2021-05-18,68,102.0
2021-05-18,69,89.0
2021-05-18,70,142.0
2021-05-18,71,138.0
2021-05-18,72,146.0
2021-05-18,73,147.0
2021-05-18,74,144.0
2021-05-18,75,145.0
2021-05-18,76,154.0
2021-05-18,77,154.0
2021-05-18,78,146.0
2021-05-18,79,122.0
2021-05-18,80,108.0
2021-05-18,81,118.0
2021-05-18,82,119.0
2021-05-18,83,115.0
2021-05-18,84,113.0
2021-05-18,85,113.0
2021-05-18,86,114.0
2021-05-18,87,109.0
2021-05-18,88,92.0
2021-05-18,89,94.0
2021-05-18,90,107.0
2021-05-18,91,106.0
2021-05-18,92,104.0
2021-05-18,93,103.0
2021-05-18,94,92.0
2021-05-18,95,74.0
2021-05-19,0,68.0
2021-05-19,1,62.0
2021-05-19,2,61.0
2021-05-19,3,57.0
2021-05-19,4,83.0
2021-05-19,5,95.0
2021-05-19,6,90.0
2021-05-19,7,86.0
2021-05-19,8,89.0
2021-05-19,9,100.0
2021-05-19,10,97.0
2021-05-19,11,100.0
2021-05-19,12,86.0
2021-05-19,13,104.0
2021-05-19,14,99.0
2021-05-19,15,93.0
2021-05-19,16,96.0
2021-05-19,17,93.0
2021-05-19,18,101.0
2021-05-19,19,85.0
2021-05-19,20,73.0
2021-05-19,21,61.0
2021-05-19,22,81.0
2021-05-19,23,100.0
2021-05-19,24,108.0
2021-05-19,25,98.0
2021-05-19,26,91.0
2021-05-19,27,81.0
2021-05-19,28,75.0
2021-05-19,29,69.0
2021-05-19,30,44.0
2021-05-19,31,26.0
2021-05-19,32,20.0
2021-05-19,33,20.0
2021-05-19,34,20.0
2021-05-19,35,23.0
2021-05-19,36,25.0
2021-05-19,37,25.0
2021-05-19,38,22.0
2021-05-19,39,20.0
2021-05-19,40,21.0
2021-05-19,41,21.0
2021-05-19,42,21.0
2021-05-19,43,21.0
2021-05-19,44,21.0
2021-05-19,45,21.0
2021-05-19,46,21.0
2021-05-19,47,21.0
2021-05-19,48,20.0
2021-05-19,49,21.0
2021-05-19,50,22.0
2021-05-19,51,25.0
2021-05-19,52,24.0
2021-05-19,53,20.0
2021-05-19,54,21.0
2021-05-19,55,20.0
2021-05-19,56,20.0
2021-05-19,57,20.0
2021-05-19,58,20.0
2021-05-19,59,20.0
2021-05-19,60,20.0
2021-05-19,61,20.0
2021-05-19,62,20.0
2021-05-19,63,20.0
2021-05-19,64,21.0
2021-05-19,65,25.0
2021-05-19,66,24.0
2021-05-19,67,21.0
2021-05-19,68,21.0
2021-05-19,69,20.0
2021-05-19,70,20.0
2021-05-19,71,21.0
2021-05-19,72,20.0
2021-05-19,73,21.0
2021-05-19,74,21.0
2021-05-19,75,21.0
2021-05-19,76,21.0
2021-05-19,77,23.0
2021-05-19,78,25.0
2021-05-19,79,22.0
2021-05-19,80,21.0
2021-05-19,81,20.0
2021-05-19,82,20.0
2021-05-19,83,21.0
2021-05-19,84,24.0
2021-05-19,85,22.0
2021-05-19,86,21.0
2021-05-19,87,20.0
2021-05-19,88,21.0
2021-05-19,89,21.0
2021-05-19,90,25.0
2021-05-19,91,26.0
2021-05-19,92,22.0
2021-05-19,93,20.0
2021-05-19,94,20.0
2021-05-19,95,20.0
2021-05-20,0,20.0
2021-05-20,1,20.0
2021-05-20,2,20.0
2021-05-20,3,20.0
2021-05-20,4,20.0
2021-05-20,5,20.0
2021-05-20,6,20.0
2021-05-20,7,22.0
2021-05-20,8,25.0
2021-05-20,9,22.0
2021-05-20,10,20.0
2021-05-20,11,20.0
2021-05-20,12,20.0
2021-05-20,13,20.0
2021-05-20,14,20.0
2021-05-20,15,20.0
2021-05-20,16,20.0
2021-05-20,17,20.0
2021-05-20,18,20.0
2021-05-20,19,20.0
2021-05-20,20,25.0
2021-05-20,21,25.0
2021-05-20,22,22.0
2021-05-20,23,20.0
2021-05-20,24,20.0
2021-05-20,25,20.0
2021-05-20,26,20.0
2021-05-20,27,21.0
2021-05-20,28,26.0
2021-05-20,29,46.0
2021-05-20,30,80.0
2021-05-20,31,105.0
2021-05-20,32,157.0
2021-05-20,33,173.0
2021-05-20,34,176.0
2021-05-20,35,174.0
2021-05-20,36,162.0
2021-05-20,37,159.0
2021-05-20,38,158.0
2021-05-20,39,167.0
2021-05-20,40,129.0
2021-05-20,41,166.0
2021-05-20,42,169.0
2021-05-20,43,162.0
2021-05-20,44,170.0
2021-05-20,45,168.0
2021-05-20,46,178.0
2021-05-20,47,171.0
2021-05-20,48,115.0
2021-05-20,49,87.0
2021-05-20,50,90.0
2021-05-20,51,130.0
2021-05-20,52,181.0
2021-05-20,53,166.0
2021-05-20,54,154.0
2021-05-20,55,162.0
2021-05-20,56,166.0
2021-05-20,57,156.0
2021-05-20,58,167.0
2021-05-20,59,164.0
2021-05-20,60,120.0
2021-05-20,61,161.0
2021-05-20,62,159.0
2021-05-20,63,158.0
2021-05-20,64,139.0
2021-05-20,65,156.0
2021-05-20,66,155.0
2021-05-20,67,159.0
2021-05-20,68,104.0
2021-05-20,69,86.0
2021-05-20,70,102.0
2021-05-20,71,110.0
2021-05-20,72,112.0
2021-05-20,73,112.0
2021-05-20,74,100.0
2021-05-20,75,100.0
2021-05-20,76,106.0
2021-05-20,77,107.0
2021-05-20,78,114.0
2021-05-20,79,108.0
2021-05-20,80,104.0
2021-05-20,81,106.0
2021-05-20,82,117.0
2021-05-20,83,111.0
2021-05-20,84,107.0
2021-05-20,85,105.0
2021-05-20,86,101.0
2021-05-20,87,99.0
2021-05-20,88,89.0
2021-05-20,89,108.0
2021-05-20,90,111.0
2021-05-20,91,94.0
2021-05-20,92,103.0
2021-05-20,93,102.0
2021-05-20,94,98.0
2021-05-20,95,68.0
2021-05-21,0,62.0
2021-05-21,1,64.0
2021-05-21,2,59.0
2021-05-21,3,57.0
2021-05-21,4,91.0
2021-05-21,5,100.0
2021-05-21,6,93.0
2021-05-21,7,92.0
2021-05-21,8,105.0
2021-05-21,9,105.0
2021-05-21,10,108.0
2021-05-21,11,108.0
2021-05-21,12,84.0
2021-05-21,13,107.0
2021-05-21,14,100.0
2021-05-21,15,100.0
2021-05-21,16,100.0
2021-05-21,17,89.0
2021-05-21,18,97.0
2021-05-21,19,93.0
2021-05-21,20,77.0
2021-05-21,21,67.0
2021-05-21,22,89.0
2021-05-21,23,95.0
2021-05-21,24,102.0
2021-05-21,25,105.0
2021-05-21,26,98.0
2021-05-21,27,102.0
2021-05-21,28,100.0
2021-05-21,29,114.0
2021-05-21,30,135.0
2021-05-21,31,135.0
2021-05-21,32,144.0
2021-05-21,33,160.0
2021-05-21,34,155.0
2021-05-21,35,154.0
2021-05-21,36,145.0
2021-05-21,37,146.0
2021-05-21,38,143.0
2021-05-21,39,141.0
2021-05-21,40,115.0
2021-05-21,41,139.0
2021-05-21,42,147.0
2021-05-21,43,157.0
2021-05-21,44,156.0
2021-05-21,45,158.0
2021-05-21,46,160.0
2021-05-21,47,148.0
2021-05-21,48,96.0
2021-05-21,49,79.0
2021-05-21,50,79.0
2021-05-21,51,116.0
2021-05-21,52,149.0
2021-05-21,53,147.0
2021-05-21,54,145.0
2021-05-21,55,153.0
2021-05-21,56,149.0
2021-05-21,57,148.0
2021-05-21,58,158.0
2021-05-21,59,155.0
2021-05-21,60,115.0
2021-05-21,61,137.0
2021-05-21,62,142.0
2021-05-21,63,135.0
2021-05-21,64,138.0
2021-05-21,65,144.0
2021-05-21,66,147.0
2021-05-21,67,146.0
2021-05-21,68,100.0
2021-05-21,69,102.0
2021-05-21,70,140.0
2021-05-21,71,140.0
2021-05-21,72,126.0
2021-05-21,73,126.0
2021-05-21,74,134.0
2021-05-21,75,140.0
2021-05-21,76,140.0
2021-05-21,77,133.0
2021-05-21,78,121.0
2021-05-21,79,101.0
2021-05-21,80,98.0
2021-05-21,81,105.0
2021-05-21,82,99.0
2021-05-21,83,111.0
2021-05-21,84,109.0
2021-05-21,85,99.0
2021-05-21,86,109.0
2021-05-21,87,104.0
2021-05-21,88,85.0
2021-05-21,89,107.0
2021-05-21,90,103.0
2021-05-21,91,109.0
2021-05-21,92,106.0
2021-05-21,93,102.0
2021-05-21,94,98.0
2021-05-21,95,66.0
2021-05-22,0,57.0
2021-05-22,1,56.0
2021-05-22,2,60.0
2021-05-22,3,61.0
2021-05-22,4,91.0
2021-05-22,5,104.0
2021-05-22,6,105.0
2021-05-22,7,103.0
2021-05-22,8,100.0
2021-05-22,9,99.0
2021-05-22,10,88.0
2021-05-22,11,95.0
2021-05-22,12,83.0
2021-05-22,13,104.0
2021-05-22,14,104.0
2021-05-22,15,103.0
2021-05-22,16,100.0
2021-05-22,17,105.0
2021-05-22,18,104.0
2021-05-22,19,96.0
2021-05-22,20,72.0
2021-05-22,21,62.0
2021-05-22,22,95.0
2021-05-22,23,107.0
2021-05-22,24,112.0
2021-05-22,25,105.0
2021-05-22,26,98.0
2021-05-22,27,93.0
2021-05-22,28,82.0
2021-05-22,29,72.0
2021-05-22,30,43.0
2021-05-22,31,28.0
2021-05-22,32,21.0
2021-05-22,33,20.0
2021-05-22,34,20.0
2021-05-22,35,20.0
2021-05-22,36,20.0
2021-05-22,37,20.0
2021-05-22,38,20.0
2021-05-22,39,21.0
2021-05-22,40,21.0
2021-05-22,41,21.0
2021-05-22,42,25.0
2021-05-22,43,24.0
2021-05-22,44,21.0
2021-05-22,45,21.0
2021-05-22,46,21.0
2021-05-22,47,21.0
2021-05-22,48,20.0
2021-05-22,49,21.0
2021-05-22,50,20.0
2021-05-22,51,20.0
2021-05-22,52,20.0
2021-05-22,53,20.0
2021-05-22,54,23.0
2021-05-22,55,25.0
2021-05-22,56,22.0
2021-05-22,57,20.0
2021-05-22,58,20.0
2021-05-22,59,21.0
2021-05-22,60,20.0
2021-05-22,61,20.0
2021-05-22,62,20.0
2021-05-22,63,20.0
2021-05-22,64,20.0
2021-05-22,65,20.0
2021-05-22,66,21.0
2021-05-22,67,23.0
2021-05-22,68,25.0
2021-05-22,69,21.0
2021-05-22,70,20.0
2021-05-22,71,21.0
2021-05-22,72,20.0
2021-05-22,73,20.0
2021-05-22,74,20.0
2021-05-22,75,20.0
2021-05-22,76,20.0
2021-05-22,77,20.0
2021-05-22,78,20.0
2021-05-22,79,20.0
2021-05-22,80,24.0
2021-05-22,81,24.0
2021-05-22,82,21.0
2021-05-22,83,21.0
2021-05-22,84,21.0
2021-05-22,85,21.0
2021-05-22,86,20.0
2021-05-22,87,20.0
2021-05-22,88,20.0
2021-05-22,89,20.0
2021-05-22,90,20.0
2021-05-22,91,20.0
2021-05-22,92,20.0
2021-05-22,93,21.0
2021-05-22,94,25.0
2021-05-22,95,24.0
2021-05-23,0,21.0
2021-05-23,1,21.0
2021-05-23,2,21.0
2021-05-23,3,21.0
2021-05-23,4,21.0
2021-05-23,5,20.0
2021-05-23,6,21.0
2021-05-23,7,21.0
2021-05-23,8,21.0
2021-05-23,9,21.0
2021-05-23,10,23.0
2021-05-23,11,25.0
2021-05-23,12,22.0
2021-05-23,13,21.0
2021-05-23,14,21.0
2021-05-23,15,21.0
2021-05-23,16,21.0
2021-05-23,17,21.0
2021-05-23,18,21.0
2021-05-23,19,21.0
2021-05-23,20,21.0
2021-05-23,21,21.0
2021-05-23,22,21.0
2021-05-23,23,24.0
2021-05-23,24,25.0
2021-05-23,25,22.0
2021-05-23,26,21.0
2021-05-23,27,21.0
2021-05-23,28,20.0
2021-05-23,29,20.0
2021-05-23,30,21.0
2021-05-23,31,20.0
2021-05-23,32,20.0
2021-05-23,33,20.0
2021-05-23,34,20.0
2021-05-23,35,21.0
2021-05-23,36,21.0
2021-05-23,37,25.0
2021-05-23,38,24.0
2021-05-23,39,20.0
2021-05-23,40,20.0
2021-05-23,41,20.0
2021-05-23,42,20.0
2021-05-23,43,20.0
2021-05-23,44,21.0
2021-05-23,45,21.0
2021-05-23,46,20.0
2021-05-23,47,20.0
2021-05-23,48,21.0
2021-05-23,49,22.0
2021-05-23,50,25.0
2021-05-23,51,24.0
2021-05-23,52,20.0
2021-05-23,53,21.0
2021-05-23,54,21.0
2021-05-23,55,21.0
2021-05-23,56,20.0
2021-05-23,57,20.0
2021-05-23,58,20.0
2021-05-23,59,21.0
2021-05-23,60,20.0
2021-05-23,61,21.0
2021-05-23,62,21.0
2021-05-23,63,23.0
2021-05-23,64,25.0
2021-05-23,65,21.0
2021-05-23,66,21.0
2021-05-23,67,21.0
2021-05-23,68,20.0
2021-05-23,69,20.0
2021-05-23,70,20.0
2021-05-23,71,20.0
2021-05-23,72,21.0
2021-05-23,73,20.0
2021-05-23,74,20.0
2021-05-23,75,23.0
2021-05-23,76,25.0
2021-05-23,77,21.0
2021-05-23,78,20.0
2021-05-23,79,20.0
2021-05-23,80,20.0
2021-05-23,81,20.0
2021-05-23,82,20.0
2021-05-23,83,20.0
2021-05-23,84,21.0
2021-05-23,85,20.0
2021-05-23,86,21.0
2021-05-23,87,21.0
2021-05-23,88,25.0
2021-05-23,89,24.0
2021-05-23,90,21.0
2021-05-23,91,21.0
2021-05-23,92,21.0
2021-05-23,93,20.0
2021-05-23,94,20.0
2021-05-23,95,21.0
2021-05-24,0,21.0
2021-05-24,1,20.0
2021-05-24,2,20.0
2021-05-24,3,20.0
2021-05-24,4,23.0
2021-05-24,5,25.0
2021-05-24,6,22.0
2021-05-24,7,20.0
2021-05-24,8,20.0
2021-05-24,9,20.0
2021-05-24,10,20.0
2021-05-24,11,21.0
2021-05-24,12,21.0
2021-05-24,13,20.0
2021-05-24,14,20.0
2021-05-24,15,20.0
2021-05-24,16,21.0
2021-05-24,17,23.0
2021-05-24,18,25.0
2021-05-24,19,22.0
2021-05-24,20,20.0
2021-05-24,21,20.0
2021-05-24,22,20.0
2021-05-24,23,20.0
2021-05-24,24,20.0
2021-05-24,25,20.0
2021-05-24,26,20.0
2021-05-24,27,20.0
2021-05-24,28,26.0
2021-05-24,29,31.0
2021-05-24,30,58.0
2021-05-24,31,101.0
2021-05-24,32,146.0
2021-05-24,33,152.0
2021-05-24,34,172.0
2021-05-24,35,171.0
2021-05-24,36,167.0
2021-05-24,37,157.0
2021-05-24,38,165.0
2021-05-24,39,162.0
2021-05-24,40,132.0
2021-05-24,41,162.0
2021-05-24,42,165.0
2021-05-24,43,159.0
2021-05-24,44,168.0
2021-05-24,45,158.0
2021-05-24,46,163.0
2021-05-24,47,168.0
2021-05-24,48,114.0
2021-05-24,49,89.0
2021-05-24,50,89.0
2021-05-24,51,123.0
2021-05-24,52,147.0
2021-05-24,53,159.0
2021-05-24,54,160.0
2021-05-24,55,152.0
2021-05-24,56,153.0
2021-05-24,57,159.0
2021-05-24,58,160.0
2021-05-24,59,164.0
2021-05-24,60,132.0
2021-05-24,61,165.0
2021-05-24,62,162.0
2021-05-24,63,157.0
2021-05-24,64,152.0
2021-05-24,65,144.0
2021-05-24,66,141.0
2021-05-24,67,150.0
2021-05-24,68,106.0
2021-05-24,69,99.0
2021-05-24,70,147.0
2021-05-24,71,163.0
2021-05-24,72,152.0
2021-05-24,73,147.0
2021-05-24,74,148.0
2021-05-24,75,140.0
2021-05-24,76,131.0
2021-05-24,77,146.0
2021-05-24,78,134.0
2021-05-24,79,110.0
2021-05-24,80,102.0
2021-05-24,81,108.0
2021-05-24,82,110.0
2021-05-24,83,104.0
2021-05-24,84,106.0
2021-05-24,85,109.0
2021-05-24,86,107.0
2021-05-24,87,103.0
2021-05-24,88,82.0
2021-05-24,89,112.0
2021-05-24,90,109.0
2021-05-24,91,115.0
2021-05-24,92,112.0
2021-05-24,93,104.0
2021-05-24,94,99.0
2021-05-24,95,77.0
2021-05-25,0,62.0
2021-05-25,1,58.0
2021-05-25,2,56.0
2021-05-25,3,57.0
2021-05-25,4,82.0
2021-05-25,5,106.0
2021-05-25,6,104.0
2021-05-25,7,104.0
2021-05-25,8,98.0
2021-05-25,9,107.0
2021-05-25,10,104.0
2021-05-25,11,95.0
2021-05-25,12,81.0
2021-05-25,13,104.0
2021-05-25,14,103.0
2021-05-25,15,103.0
2021-05-25,16,91.0
2021-05-25,17,106.0
2021-05-25,18,111.0
2021-05-25,19,107.0
2021-05-25,20,80.0
2021-05-25,21,69.0
2021-05-25,22,97.0
2021-05-25,23,110.0
2021-05-25,24,112.0
2021-05-25,25,108.0
2021-05-25,26,102.0
2021-05-25,27,103.0
2021-05-25,28,104.0
2021-05-25,29,108.0
2021-05-25,30,137.0
2021-05-25,31,140.0
2021-05-25,32,162.0
2021-05-25,33,174.0
2021-05-25,34,164.0
2021-05-25,35,153.0
2021-05-25,36,163.0
2021-05-25,37,143.0
2021-05-25,38,152.0
2021-05-25,39,152.0
2021-05-25,40,125.0
2021-05-25,41,173.0
2021-05-25,42,172.0
2021-05-25,43,172.0
2021-05-25,44,165.0
2021-05-25,45,161.0
2021-05-25,46,155.0
2021-05-25,47,143.0
2021-05-25,48,102.0
2021-05-25,49,77.0
2021-05-25,50,77.0
2021-05-25,51,110.0
2021-05-25,52,145.0
2021-05-25,53,146.0
2021-05-25,54,154.0
2021-05-25,55,158.0
2021-05-25,56,156.0
2021-05-25,57,167.0
2021-05-25,58,163.0
2021-05-25,59,158.0
2021-05-25,60,123.0
2021-05-25,61,151.0
2021-05-25,62,161.0
2021-05-25,63,156.0
2021-05-25,64,155.0
2021-05-25,65,155.0
2021-05-25,66,152.0
2021-05-25,67,142.0
2021-05-25,68,107.0
2021-05-25,69,85.0
2021-05-25,70,120.0
2021-05-25,71,134.0
2021-05-25,72,130.0
2021-05-25,73,146.0
2021-05-25,74,138.0
2021-05-25,75,148.0
2021-05-25,76,138.0
2021-05-25,77,139.0
2021-05-25,78,131.0
2021-05-25,79,113.0
2021-05-25,80,106.0
2021-05-25,81,108.0
2021-05-25,82,127.0
2021-05-25,83,136.0
2021-05-25,84,122.0
2021-05-25,85,124.0
2021-05-25,86,117.0
2021-05-25,87,113.0
2021-05-25,88,85.0
2021-05-25,89,118.0
2021-05-25,90,113.0
2021-05-25,91,108.0
2021-05-25,92,117.0
2021-05-25,93,113.0
2021-05-25,94,94.0
2021-05-25,95,77.0
2021-05-26,0,62.0
2021-05-26,1,57.0
2021-05-26,2,57.0
2021-05-26,3,57.0
2021-05-26,4,85.0
2021-05-26,5,100.0
2021-05-26,6,104.0
2021-05-26,7,103.0
2021-05-26,8,102.0
2021-05-26,9,105.0
2021-05-26,10,95.0
2021-05-26,11,103.0
2021-05-26,12,93.0
2021-05-26,13,105.0
2021-05-26,14,106.0
2021-05-26,15,106.0
2021-05-26,16,104.0
2021-05-26,17,88.0
2021-05-26,18,103.0
2021-05-26,19,103.0
2021-05-26,20,87.0
2021-05-26,21,68.0
2021-05-26,22,101.0
2021-05-26,23,119.0
2021-05-26,24,103.0
2021-05-26,25,96.0
2021-05-26,26,102.0
2021-05-26,27,100.0
2021-05-26,28,100.0
2021-05-26,29,111.0
2021-05-26,30,140.0
2021-05-26,31,131.0
2021-05-26,32,141.0
2021-05-26,33,156.0
2021-05-26,34,158.0
2021-05-26,35,165.0
2021-05-26,36,148.0
2021-05-26,37,159.0
2021-05-26,38,160.0
2021-05-26,39,147.0
2021-05-26,40,115.0
2021-05-26,41,148.0
2021-05-26,42,159.0
2021-05-26,43,164.0
2021-05-26,44,149.0
2021-05-26,45,151.0
2021-05-26,46,166.0
2021-05-26,47,160.0
2021-05-26,48,96.0
2021-05-26,49,74.0
2021-05-26,50,75.0
2021-05-26,51,118.0
2021-05-26,52,161.0
2021-05-26,53,166.0
2021-05-26,54,159.0
2021-05-26,55,140.0
2021-05-26,56,151.0
2021-05-26,57,163.0
2021-05-26,58,163.0
2021-05-26,59,151.0
2021-05-26,60,123.0
2021-05-26,61,145.0
2021-05-26,62,150.0
2021-05-26,63,160.0
2021-05-26,64,144.0
2021-05-26,65,133.0
2021-05-26,66,136.0
2021-05-26,67,134.0
2021-05-26,68,102.0
2021-05-26,69,93.0
2021-05-26,70,124.0
2021-05-26,71,148.0
2021-05-26,72,143.0
2021-05-26,73,130.0
2021-05-26,74,132.0
2021-05-26,75,127.0
2021-05-26,76,132.0
2021-05-26,77,128.0
2021-05-26,78,137.0
2021-05-26,79,126.0
2021-05-26,80,119.0
2021-05-26,81,118.0
2021-05-26,82,110.0
2021-05-26,83,113.0
2021-05-26,84,100.0
2021-05-26,85,107.0
2021-05-26,86,103.0
2021-05-26,87,106.0
2021-05-26,88,91.0
2021-05-26,89,102.0
2021-05-26,90,97.0
2021-05-26,91,97.0
2021-05-26,92,96.0
2021-05-26,93,103.0
2021-05-26,94,107.0
2021-05-26,95,85.0
2021-05-27,0,68.0
2021-05-27,1,61.0
2021-05-27,2,59.0
2021-05-27,3,58.0
2021-05-27,4,86.0
2021-05-27,5,92.0
2021-05-27,6,102.0
2021-05-27,7,101.0
2021-05-27,8,105.0
2021-05-27,9,100.0
2021-05-27,10,90.0
2021-05-27,11,107.0
2021-05-27,12,87.0
2021-05-27,13,102.0
2021-05-27,14,93.0
2021-05-27,15,94.0
2021-05-27,16,95.0
2021-05-27,17,94.0
2021-05-27,18,102.0
2021-05-27,19,105.0
2021-05-27,20,79.0
2021-05-27,21,69.0
2021-05-27,22,94.0
2021-05-27,23,101.0
2021-05-27,24,105.0
2021-05-27,25,104.0
2021-05-27,26,89.0
2021-05-27,27,84.0
2021-05-27,28,100.0
2021-05-27,29,115.0
2021-05-27,30,140.0
2021-05-27,31,149.0
2021-05-27,32,145.0
2021-05-27,33,176.0
2021-05-27,34,121.0
2021-05-27,35,166.0
2021-05-27,36,167.0
2021-05-27,37,156.0
2021-05-27,38,166.0
2021-05-27,39,165.0
2021-05-27,40,116.0
2021-05-27,41,155.0
2021-05-27,42,156.0
2021-05-27,43,165.0
2021-05-27,44,165.0
2021-05-27,45,162.0
2021-05-27,46,163.0
2021-05-27,47,168.0
2021-05-27,48,99.0
2021-05-27,49,74.0
2021-05-27,50,75.0
2021-05-27,51,111.0
2021-05-27,52,164.0
2021-05-27,53,164.0
2021-05-27,54,165.0
2021-05-27,55,161.0
2021-05-27,56,143.0
2021-05-27,57,144.0
2021-05-27,58,163.0
2021-05-27,59,158.0
2021-05-27,60,131.0
2021-05-27,61,152.0
2021-05-27,62,148.0
2021-05-27,63,144.0
2021-05-27,64,144.0
2021-05-27,65,138.0
2021-05-27,66,149.0
2021-05-27,67,144.0
2021-05-27,68,104.0
2021-05-27,69,85.0
2021-05-27,70,124.0
2021-05-27,71,142.0
2021-05-27,72,140.0
2021-05-27,73,137.0
2021-05-27,74,116.0
2021-05-27,75,103.0
2021-05-27,76,101.0
2021-05-27,77,91.0
2021-05-27,78,95.0
2021-05-27,79,109.0
2021-05-27,80,107.0
2021-05-27,81,116.0
2021-05-27,82,123.0
2021-05-27,83,127.0
2021-05-27,84,117.0
2021-05-27,85,114.0
2021-05-27,86,106.0
2021-05-27,87,115.0
2021-05-27,88,98.0
2021-05-27,89,109.0
2021-05-27,90,102.0
2021-05-27,91,97.0
2021-05-27,92,99.0
2021-05-27,93,107.0
2021-05-27,94,107.0
2021-05-27,95,76.0
2021-05-28,0,63.0
2021-05-28,1,61.0
2021-05-28,2,59.0
2021-05-28,3,59.0
2021-05-28,4,85.0
2021-05-28,5,98.0
2021-05-28,6,107.0
2021-05-28,7,109.0
2021-05-28,8,103.0
2021-05-28,9,101.0
2021-05-28,10,103.0
2021-05-28,11,100.0
2021-05-28,12,83.0
2021-05-28,13,97.0
2021-05-28,14,101.0
2021-05-28,15,113.0
2021-05-28,16,109.0
2021-05-28,17,103.0
2021-05-28,18,101.0
2021-05-28,19,105.0
2021-05-28,20,81.0
2021-05-28,21,71.0
2021-05-28,22,100.0
2021-05-28,23,114.0
2021-05-28,24,107.0
2021-05-28,25,107.0
2021-05-28,26,114.0
2021-05-28,27,107.0
2021-05-28,28,98.0
2021-05-28,29,100.0
2021-05-28,30,134.0
2021-05-28,31,128.0
2021-05-28,32,151.0
2021-05-28,33,175.0
2021-05-28,34,166.0
2021-05-28,35,164.0
2021-05-28,36,157.0
2021-05-28,37,153.0
2021-05-28,38,160.0
2021-05-28,39,168.0
2021-05-28,40,122.0
2021-05-28,41,156.0
2021-05-28,42,166.0
2021-05-28,43,159.0
2021-05-28,44,160.0
2021-05-28,45,172.0
2021-05-28,46,169.0
2021-05-28,47,168.0
2021-05-28,48,107.0
2021-05-28,49,83.0
2021-05-28,50,83.0
2021-05-28,51,118.0
2021-05-28,52,157.0
2021-05-28,53,168.0
2021-05-28,54,167.0
2021-05-28,55,157.0
2021-05-28,56,151.0
2021-05-28,57,150.0
2021-05-28,58,150.0
2021-05-28,59,152.0
2021-05-28,60,119.0
2021-05-28,61,148.0
2021-05-28,62,152.0
2021-05-28,63,141.0
2021-05-28,64,131.0
2021-05-28,65,133.0
2021-05-28,66,137.0
2021-05-28,67,145.0
2021-05-28,68,99.0
2021-05-28,69,96.0
2021-05-28,70,147.0
2021-05-28,71,158.0
2021-05-28,72,157.0
2021-05-28,73,155.0
2021-05-28,74,146.0
2021-05-28,75,134.0
2021-05-28,76,122.0
2021-05-28,77,123.0
2021-05-28,78,114.0
2021-05-28,79,108.0
2021-05-28,80,96.0
2021-05-28,81,105.0
2021-05-28,82,107.0
2021-05-28,83,112.0
2021-05-28,84,108.0
2021-05-28,85,116.0
2021-05-28,86,113.0
2021-05-28,87,108.0
2021-05-28,88,89.0
2021-05-28,89,111.0
2021-05-28,90,107.0
2021-05-28,91,104.0
2021-05-28,92,100.0
2021-05-28,93,97.0
2021-05-28,94,98.0
2021-05-28,95,83.0
2021-05-29,0,67.0
2021-05-29,1,62.0
2021-05-29,2,59.0
2021-05-29,3,57.0
2021-05-29,4,90.0
2021-05-29,5,100.0
2021-05-29,6,98.0
2021-05-29,7,107.0
2021-05-29,8,103.0
2021-05-29,9,90.0
2021-05-29,10,92.0
2021-05-29,11,95.0
2021-05-29,12,84.0
2021-05-29,13,105.0
2021-05-29,14,97.0
2021-05-29,15,96.0
2021-05-29,16,106.0
2021-05-29,17,104.0
2021-05-29,18,96.0
2021-05-29,19,100.0
2021-05-29,20,86.0
2021-05-29,21,72.0
2021-05-29,22,93.0
2021-05-29,23,101.0
2021-05-29,24,105.0
2021-05-29,25,103.0
2021-05-29,26,100.0
2021-05-29,27,90.0
2021-05-29,28,84.0
2021-05-29,29,83.0
2021-05-29,30,60.0
2021-05-29,31,31.0
2021-05-29,32,26.0
2021-05-29,33,25.0
2021-05-29,34,21.0
2021-05-29,35,21.0
2021-05-29,36,21.0
2021-05-29,37,21.0
2021-05-29,38,21.0
2021-05-29,39,21.0
2021-05-29,40,21.0
2021-05-29,41,21.0
2021-05-29,42,21.0
2021-05-29,43,21.0
2021-05-29,44,21.0
2021-05-29,45,25.0
2021-05-29,46,26.0
2021-05-29,47,21.0
2021-05-29,48,21.0
2021-05-29,49,21.0
2021-05-29,50,21.0
2021-05-29,51,21.0
2021-05-29,52,21.0
2021-05-29,53,20.0
2021-05-29,54,20.0
2021-05-29,55,21.0
2021-05-29,56,21.0
2021-05-29,57,21.0
2021-05-29,58,22.0
2021-05-29,59,26.0
2021-05-29,60,23.0
2021-05-29,61,21.0
2021-05-29,62,21.0
2021-05-29,63,21.0
2021-05-29,64,21.0
2021-05-29,65,21.0
2021-05-29,66,20.0
2021-05-29,67,20.0
2021-05-29,68,21.0
2021-05-29,69,21.0
2021-05-29,70,21.0
2021-05-29,71,24.0
2021-05-29,72,26.0
2021-05-29,73,23.0
2021-05-29,74,21.0
2021-05-29,75,21.0
2021-05-29,76,21.0
2021-05-29,77,21.0
2021-05-29,78,21.0
2021-05-29,79,21.0
2021-05-29,80,21.0
2021-05-29,81,21.0
2021-05-29,82,21.0
2021-05-29,83,21.0
2021-05-29,84,21.0
2021-05-29,85,25.0
2021-05-29,86,26.0
2021-05-29,87,21.0
2021-05-29,88,21.0
2021-05-29,89,21.0
2021-05-29,90,22.0
2021-05-29,91,21.0
2021-05-29,92,21.0
2021-05-29,93,21.0
2021-05-29,94,21.0
2021-05-29,95,21.0
2021-05-30,0,22.0
2021-05-30,1,22.0
2021-05-30,2,26.0
2021-05-30,3,26.0
2021-05-30,4,21.0
2021-05-30,5,21.0
2021-05-30,6,21.0
2021-05-30,7,22.0
2021-05-30,8,21.0
2021-05-30,9,21.0
2021-05-30,10,21.0
2021-05-30,11,22.0
2021-05-30,12,22.0
2021-05-30,13,22.0
2021-05-30,14,22.0
2021-05-30,15,24.0
2021-05-30,16,26.0
2021-05-30,17,24.0
2021-05-30,18,22.0
2021-05-30,19,21.0
2021-05-30,20,21.0
2021-05-30,21,21.0
2021-05-30,22,21.0
2021-05-30,23,22.0
2021-05-30,24,22.0
2021-05-30,25,21.0
2021-05-30,26,21.0
2021-05-30,27,21.0
2021-05-30,28,21.0
2021-05-30,29,26.0
2021-05-30,30,26.0
2021-05-30,31,22.0
2021-05-30,32,21.0
2021-05-30,33,21.0
2021-05-30,34,21.0
2021-05-30,35,21.0
2021-05-30,36,21.0
2021-05-30,37,21.0
2021-05-30,38,21.0
2021-05-30,39,21.0
2021-05-30,40,21.0
2021-05-30,41,21.0
2021-05-30,42,22.0
2021-05-30,43,26.0
2021-05-30,44,25.0
2021-05-30,45,21.0
2021-05-30,46,21.0
2021-05-30,47,21.0
2021-05-30,48,21.0
2021-05-30,49,21.0
2021-05-30,50,21.0
2021-05-30,51,21.0
2021-05-30,52,21.0
2021-05-30,53,21.0
2021-05-30,54,21.0
2021-05-30,55,21.0
2021-05-30,56,24.0
2021-05-30,57,25.0
2021-05-30,58,21.0
2021-05-30,59,21.0
2021-05-30,60,21.0
2021-05-30,61,21.0
2021-05-30,62,21.0
2021-05-30,63,21.0
2021-05-30,64,21.0
2021-05-30,65,21.0
2021-05-30,66,21.0
2021-05-30,67,21.0
2021-05-30,68,24.0
2021-05-30,69,26.0
2021-05-30,70,22.0
2021-05-30,71,21.0
2021-05-30,72,21.0
2021-05-30,73,21.0
2021-05-30,74,21.0
2021-05-30,75,21.0
2021-05-30,76,21.0
2021-05-30,77,21.0
2021-05-30,78,21.0
2021-05-30,79,21.0
2021-05-30,80,22.0
2021-05-30,81,26.0
2021-05-30,82,24.0
2021-05-30,83,21.0
2021-05-30,84,21.0
2021-05-30,85,21.0
2021-05-30,86,21.0
2021-05-30,87,22.0
2021-05-30,88,21.0
2021-05-30,89,21.0
2021-05-30,90,21.0
2021-05-30,91,21.0
2021-05-30,92,21.0
2021-05-30,93,24.0
2021-05-30,94,26.0
2021-05-30,95,25.0
2021-05-31,0,21.0
2021-05-31,1,21.0
2021-05-31,2,21.0
2021-05-31,3,21.0
2021-05-31,4,21.0
2021-05-31,5,21.0
2021-05-31,6,21.0
2021-05-31,7,21.0
2021-05-31,8,21.0
2021-05-31,9,21.0
2021-05-31,10,21.0
2021-05-31,11,22.0
2021-05-31,12,26.0
2021-05-31,13,24.0
2021-05-31,14,21.0
2021-05-31,15,22.0
2021-05-31,16,21.0
2021-05-31,17,21.0
2021-05-31,18,21.0
2021-05-31,19,21.0
2021-05-31,20,21.0
2021-05-31,21,21.0
2021-05-31,22,20.0
2021-05-31,23,21.0
2021-05-31,24,22.0
2021-05-31,25,26.0
2021-05-31,26,25.0
2021-05-31,27,21.0
2021-05-31,28,22.0
2021-05-31,29,35.0
2021-05-31,30,56.0
2021-05-31,31,83.0
2021-05-31,32,145.0
2021-05-31,33,153.0
2021-05-31,34,169.0
2021-05-31,35,171.0
2021-05-31,36,168.0
2021-05-31,37,170.0
2021-05-31,38,171.0
2021-05-31,39,168.0
2021-05-31,40,134.0
2021-05-31,41,172.0
2021-05-31,42,169.0
2021-05-31,43,164.0
2021-05-31,44,167.0
2021-05-31,45,165.0
2021-05-31,46,167.0
2021-05-31,47,170.0
2021-05-31,48,115.0
2021-05-31,49,93.0
2021-05-31,50,88.0
2021-05-31,51,119.0
2021-05-31,52,157.0
2021-05-31,53,164.0
2021-05-31,54,157.0
2021-05-31,55,159.0
2021-05-31,56,156.0
2021-05-31,57,148.0
2021-05-31,58,161.0
2021-05-31,59,157.0
2021-05-31,60,119.0
2021-05-31,61,145.0
2021-05-31,62,151.0
2021-05-31,63,154.0
2021-05-31,64,146.0
2021-05-31,65,141.0
2021-05-31,66,149.0
2021-05-31,67,150.0
2021-05-31,68,111.0
2021-05-31,69,93.0
2021-05-31,70,135.0
2021-05-31,71,162.0
2021-05-31,72,168.0
2021-05-31,73,159.0
2021-05-31,74,145.0
2021-05-31,75,154.0
2021-05-31,76,150.0
2021-05-31,77,150.0
2021-05-31,78,158.0
2021-05-31,79,124.0
2021-05-31,80,114.0
2021-05-31,81,113.0
2021-05-31,82,118.0
2021-05-31,83,107.0
2021-05-31,84,102.0
2021-05-31,85,114.0
2021-05-31,86,121.0
2021-05-31,87,116.0
2021-05-31,88,98.0
2021-05-31,89,102.0
2021-05-31,90,103.0
2021-05-31,91,107.0
2021-05-31,92,109.0
2021-05-31,93,110.0
2021-05-31,94,105.0
2021-05-31,95,71.0
2021-06-01,0,62.0
2021-06-01,1,61.0
2021-06-01,2,61.0
2021-06-01,3,61.0
2021-06-01,4,89.0
2021-06-01,5,94.0
2021-06-01,6,106.0
2021-06-01,7,105.0
2021-06-01,8,102.0
2021-06-01,9,99.0
2021-06-01,10,107.0
2021-06-01,11,106.0
2021-06-01,12,98.0
2021-06-01,13,104.0
2021-06-01,14,101.0
2021-06-01,15,107.0
2021-06-01,16,107.0
2021-06-01,17,106.0
2021-06-01,18,106.0
2021-06-01,19,100.0
2021-06-01,20,84.0
2021-06-01,21,78.0
2021-06-01,22,93.0
2021-06-01,23,103.0
2021-06-01,24,116.0
2021-06-01,25,106.0
2021-06-01,26,106.0
2021-06-01,27,106.0
2021-06-01,28,101.0
2021-06-01,29,109.0
2021-06-01,30,139.0
2021-06-01,31,139.0
2021-06-01,32,165.0
2021-06-01,33,178.0
2021-06-01,34,179.0
2021-06-01,35,195.0
2021-06-01,36,175.0
2021-06-01,37,167.0
2021-06-01,38,168.0
2021-06-01,39,182.0
2021-06-01,40,134.0
2021-06-01,41,183.0
2021-06-01,42,178.0
2021-06-01,43,187.0
2021-06-01,44,184.0
2021-06-01,45,180.0
2021-06-01,46,177.0
2021-06-01,47,156.0
2021-06-01,48,93.0
2021-06-01,49,80.0
2021-06-01,50,80.0
2021-06-01,51,121.0
2021-06-01,52,163.0
2021-06-01,53,175.0
2021-06-01,54,177.0
2021-06-01,55,163.0
2021-06-01,56,167.0
2021-06-01,57,167.0
2021-06-01,58,163.0
2021-06-01,59,161.0
2021-06-01,60,130.0
2021-06-01,61,156.0
2021-06-01,62,159.0
2021-06-01,63,162.0
2021-06-01,64,167.0
2021-06-01,65,151.0
2021-06-01,66,161.0
2021-06-01,67,169.0
2021-06-01,68,107.0
2021-06-01,69,95.0
2021-06-01,70,137.0
2021-06-01,71,155.0
2021-06-01,72,161.0
2021-06-01,73,139.0
2021-06-01,74,143.0
2021-06-01,75,143.0
2021-06-01,76,140.0
2021-06-01,77,141.0
2021-06-01,78,158.0
2021-06-01,79,135.0
2021-06-01,80,124.0
2021-06-01,81,123.0
2021-06-01,82,116.0
2021-06-01,83,120.0
2021-06-01,84,128.0
2021-06-01,85,124.0
2021-06-01,86,117.0
2021-06-01,87,115.0
2021-06-01,88,97.0
2021-06-01,89,113.0
2021-06-01,90,101.0
2021-06-01,91,112.0
2021-06-01,92,110.0
2021-06-01,93,106.0
2021-06-01,94,107.0
2021-06-01,95,71.0
2021-06-02,0,63.0
2021-06-02,1,62.0
2021-06-02,2,62.0
2021-06-02,3,62.0
2021-06-02,4,90.0
2021-06-02,5,101.0
2021-06-02,6,106.0
2021-06-02,7,111.0
2021-06-02,8,107.0
2021-06-02,9,105.0
2021-06-02,10,113.0
2021-06-02,11,110.0
2021-06-02,12,89.0
2021-06-02,13,108.0
2021-06-02,14,110.0
2021-06-02,15,107.0
2021-06-02,16,107.0
2021-06-02,17,100.0
2021-06-02,18,99.0
2021-06-02,19,93.0
2021-06-02,20,70.0
2021-06-02,21,67.0
2021-06-02,22,95.0
2021-06-02,23,106.0
2021-06-02,24,116.0
2021-06-02,25,99.0
2021-06-02,26,96.0
2021-06-02,27,99.0
2021-06-02,28,109.0
2021-06-02,29,119.0
2021-06-02,30,149.0
2021-06-02,31,151.0
2021-06-02,32,167.0
2021-06-02,33,173.0
2021-06-02,34,172.0
2021-06-02,35,177.0
2021-06-02,36,169.0
2021-06-02,37,180.0
2021-06-02,38,179.0
2021-06-02,39,178.0
2021-06-02,40,133.0
2021-06-02,41,177.0
2021-06-02,42,191.0
2021-06-02,43,190.0
2021-06-02,44,185.0
2021-06-02,45,163.0
2021-06-02,46,162.0
2021-06-02,47,160.0
2021-06-02,48,103.0
2021-06-02,49,86.0
2021-06-02,50,91.0
2021-06-02,51,131.0
2021-06-02,52,177.0
2021-06-02,53,189.0
2021-06-02,54,179.0
2021-06-02,55,182.0
2021-06-02,56,175.0
2021-06-02,57,174.0
2021-06-02,58,180.0
2021-06-02,59,179.0
2021-06-02,60,152.0
2021-06-02,61,166.0
2021-06-02,62,157.0
2021-06-02,63,147.0
2021-06-02,64,159.0
2021-06-02,65,172.0
2021-06-02,66,171.0
2021-06-02,67,166.0
2021-06-02,68,130.0
2021-06-02,69,114.0
2021-06-02,70,143.0
2021-06-02,71,158.0
2021-06-02,72,154.0
2021-06-02,73,153.0
2021-06-02,74,154.0
2021-06-02,75,145.0
2021-06-02,76,142.0
2021-06-02,77,135.0
2021-06-02,78,122.0
2021-06-02,79,111.0
2021-06-02,80,104.0
2021-06-02,81,118.0
2021-06-02,82,114.0
2021-06-02,83,114.0
2021-06-02,84,108.0
2021-06-02,85,110.0
2021-06-02,86,114.0
2021-06-02,87,113.0
2021-06-02,88,92.0
2021-06-02,89,106.0
2021-06-02,90,100.0
2021-06-02,91,104.0
2021-06-02,92,109.0
2021-06-02,93,108.0
2021-06-02,94,95.0
2021-06-02,95,72.0
2021-06-03,0,69.0
2021-06-03,1,65.0
2021-06-03,2,64.0
2021-06-03,3,66.0
2021-06-03,4,90.0
2021-06-03,5,104.0
2021-06-03,6,115.0
2021-06-03,7,111.0
2021-06-03,8,113.0
2021-06-03,9,113.0
2021-06-03,10,115.0
2021-06-03,11,109.0
2021-06-03,12,99.0
2021-06-03,13,105.0
2021-06-03,14,107.0
2021-06-03,15,110.0
2021-06-03,16,109.0
2021-06-03,17,108.0
2021-06-03,18,102.0
2021-06-03,19,104.0
2021-06-03,20,82.0
2021-06-03,21,77.0
2021-06-03,22,99.0
2021-06-03,23,107.0
2021-06-03,24,118.0
2021-06-03,25,113.0
2021-06-03,26,109.0
2021-06-03,27,108.0
2021-06-03,28,106.0
2021-06-03,29,119.0
2021-06-03,30,140.0
2021-06-03,31,149.0
2021-06-03,32,159.0
2021-06-03,33,181.0
2021-06-03,34,174.0
2021-06-03,35,167.0
2021-06-03,36,170.0
2021-06-03,37,169.0
2021-06-03,38,171.0
2021-06-03,39,169.0
2021-06-03,40,132.0
2021-06-03,41,156.0
2021-06-03,42,164.0
2021-06-03,43,170.0
2021-06-03,44,172.0
2021-06-03,45,153.0
2021-06-03,46,163.0
2021-06-03,47,160.0
2021-06-03,48,106.0
2021-06-03,49,89.0
2021-06-03,50,90.0
2021-06-03,51,121.0
2021-06-03,52,152.0
2021-06-03,53,156.0
2021-06-03,54,165.0
2021-06-03,55,159.0
2021-06-03,56,158.0
2021-06-03,57,156.0
2021-06-03,58,158.0
2021-06-03,59,163.0
2021-06-03,60,135.0
2021-06-03,61,153.0
2021-06-03,62,156.0
2021-06-03,63,161.0
2021-06-03,64,156.0
2021-06-03,65,162.0
2021-06-03,66,163.0
2021-06-03,67,159.0
2021-06-03,68,128.0
2021-06-03,69,113.0
2021-06-03,70,137.0
2021-06-03,71,151.0
2021-06-03,72,150.0
2021-06-03,73,145.0
2021-06-03,74,123.0
2021-06-03,75,110.0
2021-06-03,76,112.0
2021-06-03,77,119.0
2021-06-03,78,117.0
2021-06-03,79,111.0
2021-06-03,80,108.0
2021-06-03,81,125.0
2021-06-03,82,130.0
2021-06-03,83,126.0
2021-06-03,84,132.0
2021-06-03,85,123.0
2021-06-03,86,120.0
2021-06-03,87,116.0
2021-06-03,88,106.0
2021-06-03,89,111.0
2021-06-03,90,116.0
2021-06-03,91,118.0
2021-06-03,92,114.0
2021-06-03,93,114.0
2021-06-03,94,109.0
2021-06-03,95,81.0
2021-06-04,0,72.0
2021-06-04,1,67.0
2021-06-04,2,66.0
2021-06-04,3,66.0
2021-06-04,4,96.0
2021-06-04,5,108.0
2021-06-04,6,119.0
2021-06-04,7,109.0
2021-06-04,8,106.0
2021-06-04,9,106.0
2021-06-04,10,111.0
2021-06-04,11,116.0
2021-06-04,12,104.0
2021-06-04,13,105.0
2021-06-04,14,104.0
2021-06-04,15,113.0
2021-06-04,16,115.0
2021-06-04,17,109.0
2021-06-04,18,108.0
2021-06-04,19,103.0
2021-06-04,20,85.0
2021-06-04,21,78.0
2021-06-04,22,91.0
2021-06-04,23,107.0
2021-06-04,24,118.0
2021-06-04,25,112.0
2021-06-04,26,105.0
2021-06-04,27,100.0
2021-06-04,28,110.0
2021-06-04,29,125.0
2021-06-04,30,142.0
2021-06-04,31,136.0
2021-06-04,32,154.0
2021-06-04,33,153.0
2021-06-04,34,159.0
2021-06-04,35,159.0
2021-06-04,36,158.0
2021-06-04,37,158.0
2021-06-04,38,159.0
2021-06-04,39,166.0
2021-06-04,40,127.0
2021-06-04,41,158.0
2021-06-04,42,173.0
2021-06-04,43,168.0
2021-06-04,44,141.0
2021-06-04,45,150.0
2021-06-04,46,155.0
2021-06-04,47,149.0
2021-06-04,48,81.0
2021-06-04,49,64.0
2021-06-04,50,94.0
2021-06-04,51,118.0
2021-06-04,52,158.0
2021-06-04,53,158.0
2021-06-04,54,154.0
2021-06-04,55,151.0
2021-06-04,56,143.0
2021-06-04,57,154.0
2021-06-04,58,151.0
2021-06-04,59,160.0
2021-06-04,60,125.0
2021-06-04,61,142.0
2021-06-04,62,144.0
2021-06-04,63,149.0
2021-06-04,64,140.0
2021-06-04,65,141.0
2021-06-04,66,145.0
2021-06-04,67,140.0
2021-06-04,68,105.0
2021-06-04,69,103.0
2021-06-04,70,138.0
2021-06-04,71,143.0
2021-06-04,72,139.0
2021-06-04,73,138.0
2021-06-04,74,135.0
2021-06-04,75,145.0
2021-06-04,76,135.0
2021-06-04,77,119.0
2021-06-04,78,103.0
2021-06-04,79,94.0
2021-06-04,80,91.0
2021-06-04,81,96.0
2021-06-04,82,105.0
2021-06-04,83,111.0
2021-06-04,84,110.0
2021-06-04,85,105.0
2021-06-04,86,109.0
2021-06-04,87,109.0
2021-06-04,88,96.0
2021-06-04,89,111.0
2021-06-04,90,111.0
2021-06-04,91,109.0
2021-06-04,92,109.0
2021-06-04,93,112.0
2021-06-04,94,102.0
2021-06-04,95,65.0
2021-06-05,0,63.0
2021-06-05,1,63.0
2021-06-05,2,64.0
2021-06-05,3,63.0
2021-06-05,4,96.0
2021-06-05,5,93.0
2021-06-05,6,116.0
2021-06-05,7,113.0
2021-06-05,8,106.0
2021-06-05,9,96.0
2021-06-05,10,106.0
2021-06-05,11,107.0
2021-06-05,12,92.0
2021-06-05,13,110.0
2021-06-05,14,110.0
2021-06-05,15,109.0
2021-06-05,16,108.0
2021-06-05,17,105.0
2021-06-05,18,106.0
2021-06-05,19,108.0
2021-06-05,20,89.0
2021-06-05,21,83.0
2021-06-05,22,99.0
2021-06-05,23,98.0
2021-06-05,24,102.0
2021-06-05,25,111.0
2021-06-05,26,110.0
2021-06-05,27,103.0
2021-06-05,28,92.0
2021-06-05,29,75.0
2021-06-05,30,48.0
2021-06-05,31,29.0
2021-06-05,32,27.0
2021-06-05,33,25.0
2021-06-05,34,22.0
2021-06-05,35,22.0
2021-06-05,36,22.0
2021-06-05,37,22.0
2021-06-05,38,22.0
2021-06-05,39,22.0
2021-06-05,40,22.0
2021-06-05,41,22.0
2021-06-05,42,22.0
2021-06-05,43,22.0
2021-06-05,44,22.0
2021-06-05,45,23.0
2021-06-05,46,28.0
2021-06-05,47,27.0
2021-06-05,48,22.0
2021-06-05,49,23.0
2021-06-05,50,22.0
2021-06-05,51,22.0
2021-06-05,52,22.0
2021-06-05,53,23.0
2021-06-05,54,22.0
2021-06-05,55,22.0
2021-06-05,56,22.0
2021-06-05,57,23.0
2021-06-05,58,22.0
2021-06-05,59,23.0
2021-06-05,60,28.0
2021-06-05,61,26.0
2021-06-05,62,23.0
2021-06-05,63,22.0
2021-06-05,64,23.0
2021-06-05,65,23.0
2021-06-05,66,22.0
2021-06-05,67,23.0
2021-06-05,68,22.0
2021-06-05,69,22.0
2021-06-05,70,22.0
2021-06-05,71,23.0
2021-06-05,72,22.0
2021-06-05,73,23.0
2021-06-05,74,27.0
2021-06-05,75,27.0
2021-06-05,76,22.0
2021-06-05,77,22.0
2021-06-05,78,22.0
2021-06-05,79,22.0
2021-06-05,80,22.0
2021-06-05,81,22.0
2021-06-05,82,22.0
2021-06-05,83,22.0
2021-06-05,84,23.0
2021-06-05,85,22.0
2021-06-05,86,22.0
2021-06-05,87,27.0
2021-06-05,88,26.0
2021-06-05,89,22.0
2021-06-05,90,22.0
2021-06-05,91,22.0
2021-06-05,92,22.0
2021-06-05,93,22.0
2021-06-05,94,22.0
2021-06-05,95,22.0
2021-06-06,0,22.0
2021-06-06,1,22.0
2021-06-06,2,22.0
2021-06-06,3,22.0
2021-06-06,4,24.0
2021-06-06,5,27.0
2021-06-06,6,24.0
2021-06-06,7,24.0
2021-06-06,8,22.0
2021-06-06,9,22.0
2021-06-06,10,22.0
2021-06-06,11,22.0
2021-06-06,12,22.0
2021-06-06,13,22.0
2021-06-06,14,22.0
2021-06-06,15,22.0
2021-06-06,16,22.0
2021-06-06,17,24.0
2021-06-06,18,27.0
2021-06-06,19,22.0
2021-06-06,20,22.0
2021-06-06,21,22.0
2021-06-06,22,22.0
2021-06-06,23,22.0
2021-06-06,24,22.0
2021-06-06,25,22.0
2021-06-06,26,22.0
2021-06-06,27,22.0
2021-06-06,28,21.0
2021-06-06,29,23.0
2021-06-06,30,26.0
2021-06-06,31,25.0
2021-06-06,32,22.0
2021-06-06,33,22.0
2021-06-06,34,22.0
2021-06-06,35,22.0
2021-06-06,36,24.0
2021-06-06,37,22.0
2021-06-06,38,22.0
2021-06-06,39,22.0
2021-06-06,40,22.0
2021-06-06,41,22.0
2021-06-06,42,22.0
2021-06-06,43,25.0
2021-06-06,44,27.0
2021-06-06,45,24.0
2021-06-06,46,22.0
2021-06-06,47,22.0
2021-06-06,48,22.0
2021-06-06,49,22.0
2021-06-06,50,22.0
2021-06-06,51,22.0
2021-06-06,52,22.0
2021-06-06,53,22.0
2021-06-06,54,22.0
2021-06-06,55,22.0
2021-06-06,56,22.0
2021-06-06,57,24.0
2021-06-06,58,27.0
2021-06-06,59,24.0
2021-06-06,60,22.0
2021-06-06,61,22.0
2021-06-06,62,22.0
2021-06-06,63,22.0
2021-06-06,64,24.0
2021-06-06,65,22.0
2021-06-06,66,23.0
2021-06-06,67,22.0
2021-06-06,68,22.0
2021-06-06,69,22.0
2021-06-06,70,22.0
2021-06-06,71,25.0
2021-06-06,72,27.0
2021-06-06,73,22.0
2021-06-06,74,22.0
2021-06-06,75,22.0
2021-06-06,76,22.0
2021-06-06,77,22.0
2021-06-06,78,22.0
2021-06-06,79,22.0
2021-06-06,80,22.0
2021-06-06,81,22.0
2021-06-06,82,22.0
2021-06-06,83,22.0
2021-06-06,84,26.0
2021-06-06,85,27.0
2021-06-06,86,25.0
2021-06-06,87,22.0
2021-06-06,88,23.0
2021-06-06,89,23.0
2021-06-06,90,23.0
2021-06-06,91,22.0
2021-06-06,92,24.0
2021-06-06,93,22.0
2021-06-06,94,22.0
2021-06-06,95,22.0
2021-06-07,0,22.0
2021-06-07,1,22.0
2021-06-07,2,22.0
2021-06-07,3,25.0
2021-06-07,4,26.0
2021-06-07,5,22.0
2021-06-07,6,22.0
2021-06-07,7,22.0
2021-06-07,8,22.0
2021-06-07,9,21.0
2021-06-07,10,21.0
2021-06-07,11,22.0
2021-06-07,12,22.0
2021-06-07,13,22.0
2021-06-07,14,22.0
2021-06-07,15,23.0
2021-06-07,16,22.0
2021-06-07,17,26.0
2021-06-07,18,26.0
2021-06-07,19,23.0
2021-06-07,20,22.0
2021-06-07,21,22.0
2021-06-07,22,22.0
2021-06-07,23,22.0
2021-06-07,24,24.0
2021-06-07,25,21.0
2021-06-07,26,22.0
2021-06-07,27,22.0
2021-06-07,28,24.0
2021-06-07,29,44.0
2021-06-07,30,67.0
2021-06-07,31,90.0
2021-06-07,32,151.0
2021-06-07,33,169.0
2021-06-07,34,182.0
2021-06-07,35,182.0
2021-06-07,36,179.0
2021-06-07,37,166.0
2021-06-07,38,157.0
2021-06-07,39,162.0
2021-06-07,40,137.0
2021-06-07,41,176.0
2021-06-07,42,159.0
2021-06-07,43,171.0
2021-06-07,44,169.0
2021-06-07,45,170.0
2021-06-07,46,166.0
2021-06-07,47,168.0
2021-06-07,48,120.0
2021-06-07,49,105.0
2021-06-07,50,106.0
2021-06-07,51,129.0
2021-06-07,52,169.0
2021-06-07,53,173.0
2021-06-07,54,182.0
2021-06-07,55,175.0
2021-06-07,56,165.0
2021-06-07,57,176.0
2021-06-07,58,180.0
2021-06-07,59,177.0
2021-06-07,60,135.0
2021-06-07,61,166.0
2021-06-07,62,175.0
2021-06-07,63,174.0
2021-06-07,64,158.0
2021-06-07,65,166.0
2021-06-07,66,164.0
2021-06-07,67,173.0
2021-06-07,68,123.0
2021-06-07,69,118.0
2021-06-07,70,151.0
2021-06-07,71,151.0
2021-06-07,72,154.0
2021-06-07,73,158.0
2021-06-07,74,154.0
2021-06-07,75,143.0
2021-06-07,76,141.0
2021-06-07,77,147.0
2021-06-07,78,131.0
2021-06-07,79,99.0
2021-06-07,80,101.0
2021-06-07,81,114.0
2021-06-07,82,108.0
2021-06-07,83,110.0
2021-06-07,84,110.0
2021-06-07,85,113.0
2021-06-07,86,110.0
2021-06-07,87,111.0
2021-06-07,88,84.0
2021-06-07,89,100.0
2021-06-07,90,98.0
2021-06-07,91,97.0
2021-06-07,92,110.0
2021-06-07,93,106.0
2021-06-07,94,100.0
2021-06-07,95,77.0
2021-06-08,0,64.0
2021-06-08,1,63.0
2021-06-08,2,63.0
2021-06-08,3,62.0
2021-06-08,4,87.0
2021-06-08,5,94.0
2021-06-08,6,105.0
2021-06-08,7,110.0
2021-06-08,8,104.0
2021-06-08,9,98.0
2021-06-08,10,98.0
2021-06-08,11,111.0
2021-06-08,12,90.0
2021-06-08,13,105.0
2021-06-08,14,99.0
2021-06-08,15,104.0
2021-06-08,16,105.0
2021-06-08,17,105.0
2021-06-08,18,100.0
2021-06-08,19,110.0
2021-06-08,20,82.0
2021-06-08,21,72.0
2021-06-08,22,94.0
2021-06-08,23,101.0
2021-06-08,24,109.0
2021-06-08,25,104.0
2021-06-08,26,96.0
2021-06-08,27,81.0
2021-06-08,28,72.0
2021-06-08,29,77.0
2021-06-08,30,107.0
2021-06-08,31,117.0
2021-06-08,32,141.0
2021-06-08,33,154.0
2021-06-08,34,161.0
2021-06-08,35,160.0
2021-06-08,36,165.0
2021-06-08,37,160.0
2021-06-08,38,160.0
2021-06-08,39,156.0
2021-06-08,40,127.0
2021-06-08,41,153.0
2021-06-08,42,138.0
2021-06-08,43,150.0
2021-06-08,44,159.0
2021-06-08,45,160.0
2021-06-08,46,167.0
2021-06-08,47,171.0
2021-06-08,48,106.0
2021-06-08,49,87.0
2021-06-08,50,94.0
2021-06-08,51,124.0
2021-06-08,52,157.0
2021-06-08,53,174.0
2021-06-08,54,168.0
2021-06-08,55,160.0
2021-06-08,56,156.0
2021-06-08,57,164.0
2021-06-08,58,167.0
2021-06-08,59,176.0
2021-06-08,60,139.0
2021-06-08,61,173.0
2021-06-08,62,153.0
2021-06-08,63,180.0
2021-06-08,64,150.0
2021-06-08,65,166.0
2021-06-08,66,164.0
2021-06-08,67,152.0
2021-06-08,68,127.0
2021-06-08,69,110.0
2021-06-08,70,147.0
2021-06-08,71,161.0
2021-06-08,72,150.0
2021-06-08,73,156.0
2021-06-08,74,152.0
2021-06-08,75,157.0
2021-06-08,76,155.0
2021-06-08,77,144.0
2021-06-08,78,140.0
2021-06-08,79,128.0
2021-06-08,80,134.0
2021-06-08,81,132.0
2021-06-08,82,117.0
2021-06-08,83,132.0
2021-06-08,84,132.0
2021-06-08,85,123.0
2021-06-08,86,116.0
2021-06-08,87,114.0
2021-06-08,88,91.0
2021-06-08,89,109.0
2021-06-08,90,115.0
2021-06-08,91,113.0
2021-06-08,92,105.0
2021-06-08,93,114.0
2021-06-08,94,104.0
2021-06-08,95,82.0
2021-06-09,0,72.0
2021-06-09,1,69.0
2021-06-09,2,65.0
2021-06-09,3,65.0
2021-06-09,4,92.0
2021-06-09,5,97.0
2021-06-09,6,103.0
2021-06-09,7,103.0
2021-06-09,8,107.0
2021-06-09,9,106.0
2021-06-09,10,99.0
2021-06-09,11,103.0
2021-06-09,12,92.0
2021-06-09,13,109.0
2021-06-09,14,113.0
2021-06-09,15,99.0
2021-06-09,16,96.0
2021-06-09,17,101.0
2021-06-09,18,100.0
2021-06-09,19,101.0
2021-06-09,20,84.0
2021-06-09,21,73.0
2021-06-09,22,90.0
2021-06-09,23,91.0
2021-06-09,24,102.0
2021-06-09,25,100.0
2021-06-09,26,106.0
2021-06-09,27,105.0
2021-06-09,28,105.0
2021-06-09,29,115.0
2021-06-09,30,150.0
2021-06-09,31,140.0
2021-06-09,32,158.0
2021-06-09,33,169.0
2021-06-09,34,174.0
2021-06-09,35,174.0
2021-06-09,36,168.0
2021-06-09,37,179.0
2021-06-09,38,178.0
2021-06-09,39,164.0
2021-06-09,40,135.0
2021-06-09,41,180.0
2021-06-09,42,178.0
2021-06-09,43,172.0
2021-06-09,44,168.0
2021-06-09,45,166.0
2021-06-09,46,178.0
2021-06-09,47,174.0
2021-06-09,48,119.0
2021-06-09,49,102.0
2021-06-09,50,96.0
2021-06-09,51,122.0
2021-06-09,52,159.0
2021-06-09,53,162.0
2021-06-09,54,175.0
2021-06-09,55,181.0
2021-06-09,56,168.0
2021-06-09,57,160.0
2021-06-09,58,163.0
2021-06-09,59,170.0
2021-06-09,60,129.0
2021-06-09,61,170.0
2021-06-09,62,168.0
2021-06-09,63,164.0
2021-06-09,64,159.0
2021-06-09,65,146.0
2021-06-09,66,144.0
2021-06-09,67,154.0
2021-06-09,68,108.0
2021-06-09,69,104.0
2021-06-09,70,144.0
2021-06-09,71,161.0
2021-06-09,72,156.0
2021-06-09,73,156.0
2021-06-09,74,161.0
2021-06-09,75,145.0
2021-06-09,76,148.0
2021-06-09,77,136.0
2021-06-09,78,131.0
2021-06-09,79,111.0
2021-06-09,80,106.0
2021-06-09,81,112.0
2021-06-09,82,106.0
2021-06-09,83,113.0
2021-06-09,84,107.0
2021-06-09,85,110.0
2021-06-09,86,100.0
2021-06-09,87,103.0
2021-06-09,88,87.0
2021-06-09,89,102.0
2021-06-09,90,106.0
2021-06-09,91,109.0
2021-06-09,92,106.0
2021-06-09,93,95.0
2021-06-09,94,98.0
2021-06-09,95,79.0
2021-06-10,0,64.0
2021-06-10,1,64.0
2021-06-10,2,64.0
2021-06-10,3,67.0
2021-06-10,4,96.0
2021-06-10,5,107.0
2021-06-10,6,104.0
2021-06-10,7,103.0
2021-06-10,8,103.0
2021-06-10,9,109.0
2021-06-10,10,101.0
2021-06-10,11,104.0
2021-06-10,12,89.0
2021-06-10,13,104.0
2021-06-10,14,100.0
2021-06-10,15,104.0
2021-06-10,16,108.0
2021-06-10,17,106.0
2021-06-10,18,106.0
2021-06-10,19,104.0
2021-06-10,20,94.0
2021-06-10,21,81.0
2021-06-10,22,91.0
2021-06-10,23,98.0
2021-06-10,24,106.0
2021-06-10,25,100.0
2021-06-10,26,102.0
2021-06-10,27,107.0
2021-06-10,28,106.0
2021-06-10,29,106.0
2021-06-10,30,131.0
2021-06-10,31,131.0
2021-06-10,32,142.0
2021-06-10,33,157.0
2021-06-10,34,156.0
2021-06-10,35,165.0
2021-06-10,36,166.0
2021-06-10,37,163.0
2021-06-10,38,169.0
2021-06-10,39,166.0
2021-06-10,40,134.0
2021-06-10,41,169.0
2021-06-10,42,177.0
2021-06-10,43,175.0
2021-06-10,44,161.0
2021-06-10,45,149.0
2021-06-10,46,168.0
2021-06-10,47,165.0
2021-06-10,48,116.0
2021-06-10,49,101.0
2021-06-10,50,102.0
2021-06-10,51,125.0
2021-06-10,52,158.0
2021-06-10,53,145.0
2021-06-10,54,156.0
2021-06-10,55,151.0
2021-06-10,56,153.0
2021-06-10,57,162.0
2021-06-10,58,169.0
2021-06-10,59,165.0
2021-06-10,60,128.0
2021-06-10,61,162.0
2021-06-10,62,161.0
2021-06-10,63,158.0
2021-06-10,64,154.0
2021-06-10,65,156.0
2021-06-10,66,150.0
2021-06-10,67,150.0
2021-06-10,68,123.0
2021-06-10,69,118.0
2021-06-10,70,143.0
2021-06-10,71,135.0
2021-06-10,72,122.0
2021-06-10,73,123.0
2021-06-10,74,123.0
2021-06-10,75,121.0
2021-06-10,76,120.0
2021-06-10,77,123.0
2021-06-10,78,122.0
2021-06-10,79,128.0
2021-06-10,80,122.0
2021-06-10,81,124.0
2021-06-10,82,142.0
2021-06-10,83,145.0
2021-06-10,84,141.0
2021-06-10,85,132.0
2021-06-10,86,128.0
2021-06-10,87,115.0
2021-06-10,88,108.0
2021-06-10,89,124.0
2021-06-10,90,122.0
2021-06-10,91,116.0
2021-06-10,92,115.0
2021-06-10,93,113.0
2021-06-10,94,103.0
2021-06-10,95,88.0
2021-06-11,0,72.0
2021-06-11,1,70.0
2021-06-11,2,69.0
2021-06-11,3,68.0
2021-06-11,4,100.0
2021-06-11,5,103.0
2021-06-11,6,112.0
2021-06-11,7,113.0
2021-06-11,8,106.0
2021-06-11,9,95.0
2021-06-11,10,105.0
2021-06-11,11,111.0
2021-06-11,12,98.0
2021-06-11,13,107.0
2021-06-11,14,103.0
2021-06-11,15,96.0
2021-06-11,16,113.0
2021-06-11,17,114.0
2021-06-11,18,110.0
2021-06-11,19,108.0
2021-06-11,20,83.0
2021-06-11,21,76.0
2021-06-11,22,97.0
2021-06-11,23,103.0
2021-06-11,24,107.0
2021-06-11,25,107.0
2021-06-11,26,107.0
2021-06-11,27,100.0
2021-06-11,28,113.0
2021-06-11,29,127.0
2021-06-11,30,149.0
2021-06-11,31,143.0
2021-06-11,32,155.0
2021-06-11,33,175.0
2021-06-11,34,171.0
2021-06-11,35,169.0
2021-06-11,36,172.0
2021-06-11,37,157.0
2021-06-11,38,168.0
2021-06-11,39,175.0
2021-06-11,40,127.0
2021-06-11,41,165.0
2021-06-11,42,168.0
2021-06-11,43,164.0
2021-06-11,44,174.0
2021-06-11,45,165.0
2021-06-11,46,168.0
2021-06-11,47,164.0
2021-06-11,48,108.0
2021-06-11,49,93.0
2021-06-11,50,93.0
2021-06-11,51,122.0
2021-06-11,52,160.0
2021-06-11,53,149.0
2021-06-11,54,155.0
2021-06-11,55,150.0
2021-06-11,56,160.0
2021-06-11,57,157.0
2021-06-11,58,160.0
2021-06-11,59,157.0
2021-06-11,60,126.0
2021-06-11,61,159.0
2021-06-11,62,160.0
2021-06-11,63,153.0
2021-06-11,64,153.0
2021-06-11,65,151.0
2021-06-11,66,163.0
2021-06-11,67,160.0
2021-06-11,68,119.0
2021-06-11,69,107.0
2021-06-11,70,158.0
2021-06-11,71,159.0
2021-06-11,72,152.0
2021-06-11,73,143.0
2021-06-11,74,145.0
2021-06-11,75,139.0
2021-06-11,76,142.0
2021-06-11,77,135.0
2021-06-11,78,142.0
2021-06-11,79,125.0
2021-06-11,80,113.0
2021-06-11,81,120.0
2021-06-11,82,130.0
2021-06-11,83,120.0
2021-06-11,84,116.0
2021-06-11,85,106.0
2021-06-11,86,111.0
2021-06-11,87,104.0
2021-06-11,88,92.0
2021-06-11,89,105.0
2021-06-11,90,110.0
2021-06-11,91,109.0
2021-06-11,92,101.0
2021-06-11,93,110.0
2021-06-11,94,105.0
2021-06-11,95,83.0
2021-06-12,0,71.0
2021-06-12,1,64.0
2021-06-12,2,65.0
2021-06-12,3,65.0
2021-06-12,4,97.0
2021-06-12,5,106.0
2021-06-12,6,111.0
2021-06-12,7,110.0
2021-06-12,8,107.0
2021-06-12,9,100.0
2021-06-12,10,98.0
2021-06-12,11,111.0
2021-06-12,12,95.0
2021-06-12,13,112.0
2021-06-12,14,112.0
2021-06-12,15,107.0
2021-06-12,16,105.0
2021-06-12,17,108.0
2021-06-12,18,113.0
2021-06-12,19,109.0
2021-06-12,20,80.0
2021-06-12,21,73.0
2021-06-12,22,97.0
2021-06-12,23,110.0
2021-06-12,24,104.0
2021-06-12,25,96.0
2021-06-12,26,106.0
2021-06-12,27,103.0
2021-06-12,28,92.0
2021-06-12,29,90.0
2021-06-12,30,68.0
2021-06-12,31,32.0
2021-06-12,32,22.0
2021-06-12,33,22.0
2021-06-12,34,24.0
2021-06-12,35,23.0
2021-06-12,36,24.0
2021-06-12,37,24.0
2021-06-12,38,24.0
2021-06-12,39,28.0
2021-06-12,40,29.0
2021-06-12,41,25.0
2021-06-12,42,25.0
2021-06-12,43,25.0
2021-06-12,44,24.0
2021-06-12,45,25.0
2021-06-12,46,29.0
2021-06-12,47,27.0
2021-06-12,48,25.0
2021-06-12,49,25.0
2021-06-12,50,24.0
2021-06-12,51,24.0
2021-06-12,52,27.0
2021-06-12,53,22.0
2021-06-12,54,22.0
2021-06-12,55,21.0
2021-06-12,56,22.0
2021-06-12,57,23.0
2021-06-12,58,22.0
2021-06-12,59,22.0
2021-06-12,60,22.0
2021-06-12,61,23.0
2021-06-12,62,23.0
2021-06-12,63,22.0
2021-06-12,64,26.0
2021-06-12,65,27.0
2021-06-12,66,23.0
2021-06-12,67,23.0
2021-06-12,68,23.0
2021-06-12,69,22.0
2021-06-12,70,22.0
2021-06-12,71,23.0
2021-06-12,72,22.0
2021-06-12,73,22.0
2021-06-12,74,22.0
2021-06-12,75,22.0
2021-06-12,76,23.0
2021-06-12,77,22.0
2021-06-12,78,26.0
2021-06-12,79,27.0
2021-06-12,80,23.0
2021-06-12,81,22.0
2021-06-12,82,22.0
2021-06-12,83,23.0
2021-06-12,84,23.0
2021-06-12,85,23.0
2021-06-12,86,22.0
2021-06-12,87,23.0
2021-06-12,88,23.0
2021-06-12,89,23.0
2021-06-12,90,22.0
2021-06-12,91,22.0
2021-06-12,92,26.0
2021-06-12,93,27.0
2021-06-12,94,22.0
2021-06-12,95,22.0
2021-06-13,0,23.0
2021-06-13,1,22.0
2021-06-13,2,23.0
2021-06-13,3,22.0
2021-06-13,4,22.0
2021-06-13,5,22.0
2021-06-13,6,22.0
2021-06-13,7,21.0
2021-06-13,8,22.0
2021-06-13,9,24.0
2021-06-13,10,27.0
2021-06-13,11,25.0
2021-06-13,12,22.0
2021-06-13,13,22.0
2021-06-13,14,22.0
2021-06-13,15,22.0
2021-06-13,16,22.0
2021-06-13,17,22.0
2021-06-13,18,23.0
2021-06-13,19,23.0
2021-06-13,20,22.0
2021-06-13,21,22.0
2021-06-13,22,22.0
2021-06-13,23,23.0
2021-06-13,24,25.0
2021-06-13,25,26.0
2021-06-13,26,22.0
2021-06-13,27,22.0
2021-06-13,28,22.0
2021-06-13,29,22.0
2021-06-13,30,22.0
2021-06-13,31,21.0
2021-06-13,32,21.0
2021-06-13,33,22.0
2021-06-13,34,21.0
2021-06-13,35,22.0
2021-06-13,36,22.0
2021-06-13,37,24.0
2021-06-13,38,26.0
2021-06-13,39,24.0
2021-06-13,40,22.0
2021-06-13,41,22.0
2021-06-13,42,22.0
2021-06-13,43,23.0
2021-06-13,44,22.0
2021-06-13,45,22.0
2021-06-13,46,22.0
2021-06-13,47,22.0
2021-06-13,48,23.0
2021-06-13,49,23.0
2021-06-13,50,23.0
2021-06-13,51,27.0
2021-06-13,52,25.0
2021-06-13,53,22.0
2021-06-13,54,23.0
2021-06-13,55,22.0
2021-06-13,56,22.0
2021-06-13,57,22.0
2021-06-13,58,23.0
2021-06-13,59,22.0
2021-06-13,60,22.0
2021-06-13,61,22.0
2021-06-13,62,23.0
2021-06-13,63,22.0
2021-06-13,64,27.0
2021-06-13,65,27.0
2021-06-13,66,23.0
2021-06-13,67,23.0
2021-06-13,68,22.0
2021-06-13,69,22.0
2021-06-13,70,22.0
2021-06-13,71,22.0
2021-06-13,72,22.0
2021-06-13,73,22.0
2021-06-13,74,22.0
2021-06-13,75,22.0
2021-06-13,76,22.0
2021-06-13,77,23.0
2021-06-13,78,26.0
2021-06-13,79,24.0
2021-06-13,80,22.0
2021-06-13,81,22.0
2021-06-13,82,22.0
2021-06-13,83,22.0
2021-06-13,84,23.0
2021-06-13,85,22.0
2021-06-13,86,23.0
2021-06-13,87,22.0
2021-06-13,88,22.0
2021-06-13,89,22.0
2021-06-13,90,22.0
2021-06-13,91,25.0
2021-06-13,92,26.0
2021-06-13,93,23.0
2021-06-13,94,22.0
2021-06-13,95,23.0
2021-06-14,0,22.0
2021-06-14,1,22.0
2021-06-14,2,22.0
2021-06-14,3,22.0
2021-06-14,4,22.0
2021-06-14,5,23.0
2021-06-14,6,22.0
2021-06-14,7,22.0
2021-06-14,8,22.0
2021-06-14,9,27.0
2021-06-14,10,26.0
2021-06-14,11,22.0
2021-06-14,12,22.0
2021-06-14,13,22.0
2021-06-14,14,22.0
2021-06-14,15,22.0
2021-06-14,16,22.0
2021-06-14,17,24.0
2021-06-14,18,23.0
2021-06-14,19,22.0
2021-06-14,20,22.0
2021-06-14,21,22.0
2021-06-14,22,23.0
2021-06-14,23,27.0
2021-06-14,24,25.0
2021-06-14,25,22.0
2021-06-14,26,22.0
2021-06-14,27,22.0
2021-06-14,28,26.0
2021-06-14,29,38.0
2021-06-14,30,71.0
2021-06-14,31,112.0
2021-06-14,32,154.0
2021-06-14,33,175.0
2021-06-14,34,197.0
2021-06-14,35,204.0
2021-06-14,36,185.0
2021-06-14,37,178.0
2021-06-14,38,170.0
2021-06-14,39,180.0
2021-06-14,40,157.0
2021-06-14,41,180.0
2021-06-14,42,180.0
2021-06-14,43,167.0
2021-06-14,44,173.0
2021-06-14,45,190.0
2021-06-14,46,187.0
2021-06-14,47,175.0
2021-06-14,48,123.0
2021-06-14,49,104.0
2021-06-14,50,108.0
2021-06-14,51,140.0
2021-06-14,52,175.0
2021-06-14,53,187.0
2021-06-14,54,192.0
2021-06-14,55,188.0
2021-06-14,56,185.0
2021-06-14,57,174.0
2021-06-14,58,172.0
2021-06-14,59,176.0
2021-06-14,60,148.0
2021-06-14,61,181.0
2021-06-14,62,190.0
2021-06-14,63,192.0
2021-06-14,64,180.0
2021-06-14,65,168.0
2021-06-14,66,169.0
2021-06-14,67,168.0
2021-06-14,68,130.0
2021-06-14,69,117.0
2021-06-14,70,159.0
2021-06-14,71,179.0
2021-06-14,72,182.0
2021-06-14,73,182.0
2021-06-14,74,169.0
2021-06-14,75,158.0
2021-06-14,76,164.0
2021-06-14,77,158.0
2021-06-14,78,157.0
2021-06-14,79,122.0
2021-06-14,80,109.0
2021-06-14,81,121.0
2021-06-14,82,121.0
2021-06-14,83,126.0
2021-06-14,84,120.0
2021-06-14,85,122.0
2021-06-14,86,125.0
2021-06-14,87,125.0
2021-06-14,88,100.0
2021-06-14,89,108.0
2021-06-14,90,109.0
2021-06-14,91,129.0
2021-06-14,92,118.0
2021-06-14,93,113.0
2021-06-14,94,106.0
2021-06-14,95,90.0
2021-06-15,0,83.0
2021-06-15,1,77.0
2021-06-15,2,72.0
2021-06-15,3,72.0
2021-06-15,4,100.0
2021-06-15,5,110.0
2021-06-15,6,115.0
2021-06-15,7,116.0
2021-06-15,8,114.0
2021-06-15,9,117.0
2021-06-15,10,121.0
2021-06-15,11,117.0
2021-06-15,12,104.0
2021-06-15,13,119.0
2021-06-15,14,117.0
2021-06-15,15,123.0
2021-06-15,16,122.0
2021-06-15,17,111.0
2021-06-15,18,100.0
2021-06-15,19,106.0
2021-06-15,20,94.0
2021-06-15,21,87.0
2021-06-15,22,96.0
2021-06-15,23,112.0
2021-06-15,24,121.0
2021-06-15,25,118.0
2021-06-15,26,117.0
2021-06-15,27,117.0
2021-06-15,28,116.0
2021-06-15,29,119.0
2021-06-15,30,144.0
2021-06-15,31,150.0
2021-06-15,32,176.0
2021-06-15,33,196.0
2021-06-15,34,198.0
2021-06-15,35,181.0
2021-06-15,36,184.0
2021-06-15,37,195.0
2021-06-15,38,176.0
2021-06-15,39,188.0
2021-06-15,40,138.0
2021-06-15,41,174.0
2021-06-15,42,181.0
2021-06-15,43,164.0
2021-06-15,44,162.0
2021-06-15,45,180.0
2021-06-15,46,167.0
2021-06-15,47,184.0
2021-06-15,48,128.0
2021-06-15,49,105.0
2021-06-15,50,92.0
2021-06-15,51,122.0
2021-06-15,52,168.0
2021-06-15,53,177.0
2021-06-15,54,170.0
2021-06-15,55,170.0
2021-06-15,56,182.0
2021-06-15,57,181.0
2021-06-15,58,173.0
2021-06-15,59,172.0
2021-06-15,60,137.0
2021-06-15,61,168.0
2021-06-15,62,171.0
2021-06-15,63,176.0
2021-06-15,64,166.0
2021-06-15,65,172.0
2021-06-15,66,181.0
2021-06-15,67,160.0
2021-06-15,68,118.0
2021-06-15,69,108.0
2021-06-15,70,149.0
2021-06-15,71,159.0
2021-06-15,72,161.0
2021-06-15,73,161.0
2021-06-15,74,153.0
2021-06-15,75,170.0
2021-06-15,76,162.0
2021-06-15,77,159.0
2021-06-15,78,154.0
2021-06-15,79,147.0
2021-06-15,80,133.0
2021-06-15,81,131.0
2021-06-15,82,127.0
2021-06-15,83,120.0
2021-06-15,84,124.0
2021-06-15,85,131.0
2021-06-15,86,129.0
2021-06-15,87,124.0
2021-06-15,88,108.0
2021-06-15,89,111.0
2021-06-15,90,116.0
2021-06-15,91,123.0
2021-06-15,92,116.0
2021-06-15,93,120.0
2021-06-15,94,110.0
2021-06-15,95,85.0
2021-06-16,0,76.0
2021-06-16,1,73.0
2021-06-16,2,71.0
2021-06-16,3,72.0
2021-06-16,4,100.0
2021-06-16,5,115.0
2021-06-16,6,120.0
2021-06-16,7,109.0
2021-06-16,8,106.0
2021-06-16,9,117.0
2021-06-16,10,116.0
2021-06-16,11,117.0
2021-06-16,12,106.0
2021-06-16,13,113.0
2021-06-16,14,114.0
2021-06-16,15,113.0
2021-06-16,16,118.0
2021-06-16,17,115.0
2021-06-16,18,113.0
2021-06-16,19,102.0
2021-06-16,20,79.0
2021-06-16,21,75.0
2021-06-16,22,102.0
2021-06-16,23,111.0
2021-06-16,24,114.0
2021-06-16,25,119.0
2021-06-16,26,121.0
2021-06-16,27,105.0
2021-06-16,28,96.0
2021-06-16,29,116.0
2021-06-16,30,148.0
2021-06-16,31,161.0
2021-06-16,32,170.0
2021-06-16,33,185.0
2021-06-16,34,180.0
2021-06-16,35,173.0
2021-06-16,36,171.0
2021-06-16,37,168.0
2021-06-16,38,187.0
2021-06-16,39,192.0
2021-06-16,40,150.0
2021-06-16,41,179.0
2021-06-16,42,193.0
2021-06-16,43,190.0
2021-06-16,44,186.0
2021-06-16,45,172.0
2021-06-16,46,175.0
2021-06-16,47,170.0
2021-06-16,48,120.0
2021-06-16,49,104.0
2021-06-16,50,95.0
2021-06-16,51,116.0
2021-06-16,52,158.0
2021-06-16,53,175.0
2021-06-16,54,172.0
2021-06-16,55,171.0
2021-06-16,56,167.0
2021-06-16,57,169.0
2021-06-16,58,172.0
2021-06-16,59,174.0
2021-06-16,60,138.0
2021-06-16,61,177.0
2021-06-16,62,180.0
2021-06-16,63,157.0
2021-06-16,64,165.0
2021-06-16,65,171.0
2021-06-16,66,177.0
2021-06-16,67,160.0
2021-06-16,68,133.0
2021-06-16,69,139.0
2021-06-16,70,166.0
2021-06-16,71,177.0
2021-06-16,72,177.0
2021-06-16,73,169.0
2021-06-16,74,163.0
2021-06-16,75,162.0
2021-06-16,76,152.0
2021-06-16,77,145.0
2021-06-16,78,142.0
2021-06-16,79,117.0
2021-06-16,80,108.0
2021-06-16,81,112.0
2021-06-16,82,120.0
2021-06-16,83,115.0
2021-06-16,84,110.0
2021-06-16,85,120.0
2021-06-16,86,117.0
2021-06-16,87,123.0
2021-06-16,88,102.0
2021-06-16,89,102.0
2021-06-16,90,99.0
2021-06-16,91,107.0
2021-06-16,92,107.0
2021-06-16,93,119.0
2021-06-16,94,111.0
2021-06-16,95,85.0
2021-06-17,0,72.0
2021-06-17,1,72.0
2021-06-17,2,72.0
2021-06-17,3,71.0
2021-06-17,4,96.0
2021-06-17,5,104.0
2021-06-17,6,108.0
2021-06-17,7,118.0
2021-06-17,8,115.0
2021-06-17,9,117.0
2021-06-17,10,107.0
2021-06-17,11,110.0
2021-06-17,12,112.0
2021-06-17,13,118.0
2021-06-17,14,120.0
2021-06-17,15,115.0
2021-06-17,16,111.0
2021-06-17,17,110.0
2021-06-17,18,114.0
2021-06-17,19,115.0
2021-06-17,20,98.0
2021-06-17,21,83.0
2021-06-17,22,96.0
2021-06-17,23,112.0
2021-06-17,24,118.0
2021-06-17,25,116.0
2021-06-17,26,126.0
2021-06-17,27,122.0
2021-06-17,28,120.0
2021-06-17,29,124.0
2021-06-17,30,162.0
2021-06-17,31,158.0
2021-06-17,32,178.0
2021-06-17,33,193.0
2021-06-17,34,197.0
2021-06-17,35,193.0
2021-06-17,36,188.0
2021-06-17,37,180.0
2021-06-17,38,173.0
2021-06-17,39,179.0
2021-06-17,40,142.0
2021-06-17,41,170.0
2021-06-17,42,177.0
2021-06-17,43,175.0
2021-06-17,44,188.0
2021-06-17,45,190.0
2021-06-17,46,177.0
2021-06-17,47,177.0
2021-06-17,48,116.0
2021-06-17,49,88.0
2021-06-17,50,85.0
2021-06-17,51,123.0
2021-06-17,52,169.0
2021-06-17,53,188.0
2021-06-17,54,192.0
2021-06-17,55,182.0
2021-06-17,56,171.0
2021-06-17,57,179.0
2021-06-17,58,176.0
2021-06-17,59,189.0
2021-06-17,60,147.0
2021-06-17,61,179.0
2021-06-17,62,179.0
2021-06-17,63,174.0
2021-06-17,64,166.0
2021-06-17,65,164.0
2021-06-17,66,170.0
2021-06-17,67,174.0
2021-06-17,68,132.0
2021-06-17,69,118.0
2021-06-17,70,144.0
2021-06-17,71,158.0
2021-06-17,72,171.0
2021-06-17,73,166.0
2021-06-17,74,177.0
2021-06-17,75,167.0
2021-06-17,76,160.0
2021-06-17,77,160.0
2021-06-17,78,169.0
2021-06-17,79,147.0
2021-06-17,80,133.0
2021-06-17,81,143.0
2021-06-17,82,143.0
2021-06-17,83,135.0
2021-06-17,84,125.0
2021-06-17,85,134.0
2021-06-17,86,125.0
2021-06-17,87,123.0
2021-06-17,88,119.0
2021-06-17,89,128.0
2021-06-17,90,126.0
2021-06-17,91,127.0
2021-06-17,92,125.0
2021-06-17,93,120.0
2021-06-17,94,105.0
2021-06-17,95,94.0
2021-06-18,0,90.0
2021-06-18,1,82.0
2021-06-18,2,75.0
2021-06-18,3,73.0
2021-06-18,4,98.0
2021-06-18,5,117.0
2021-06-18,6,117.0
2021-06-18,7,115.0
2021-06-18,8,117.0
2021-06-18,9,121.0
2021-06-18,10,117.0
2021-06-18,11,105.0
2021-06-18,12,101.0
2021-06-18,13,118.0
2021-06-18,14,126.0
2021-06-18,15,111.0
2021-06-18,16,104.0
2021-06-18,17,110.0
2021-06-18,18,117.0
2021-06-18,19,115.0
2021-06-18,20,96.0
2021-06-18,21,90.0
2021-06-18,22,100.0
2021-06-18,23,120.0
2021-06-18,24,123.0
2021-06-18,25,122.0
2021-06-18,26,123.0
2021-06-18,27,114.0
2021-06-18,28,112.0
2021-06-18,29,125.0
2021-06-18,30,138.0
2021-06-18,31,157.0
2021-06-18,32,166.0
2021-06-18,33,153.0
2021-06-18,34,150.0
2021-06-18,35,177.0
2021-06-18,36,168.0
2021-06-18,37,162.0
2021-06-18,38,166.0
2021-06-18,39,186.0
2021-06-18,40,156.0
2021-06-18,41,179.0
2021-06-18,42,168.0
2021-06-18,43,156.0
2021-06-18,44,165.0
2021-06-18,45,185.0
2021-06-18,46,182.0
2021-06-18,47,177.0
2021-06-18,48,104.0
2021-06-18,49,88.0
2021-06-18,50,90.0
2021-06-18,51,124.0
2021-06-18,52,170.0
2021-06-18,53,180.0
2021-06-18,54,176.0
2021-06-18,55,171.0
2021-06-18,56,170.0
2021-06-18,57,166.0
2021-06-18,58,153.0
2021-06-18,59,165.0
2021-06-18,60,130.0
2021-06-18,61,170.0
2021-06-18,62,168.0
2021-06-18,63,154.0
2021-06-18,64,156.0
2021-06-18,65,161.0
2021-06-18,66,174.0
2021-06-18,67,156.0
2021-06-18,68,140.0
2021-06-18,69,133.0
2021-06-18,70,153.0
2021-06-18,71,164.0
2021-06-18,72,154.0
2021-06-18,73,146.0
2021-06-18,74,150.0
2021-06-18,75,151.0
2021-06-18,76,139.0
2021-06-18,77,138.0
2021-06-18,78,142.0
2021-06-18,79,131.0
2021-06-18,80,119.0
2021-06-18,81,124.0
2021-06-18,82,114.0
2021-06-18,83,112.0
2021-06-18,84,108.0
2021-06-18,85,115.0
2021-06-18,86,110.0
2021-06-18,87,121.0
2021-06-18,88,117.0
2021-06-18,89,115.0
2021-06-18,90,116.0
2021-06-18,91,108.0
2021-06-18,92,116.0
2021-06-18,93,120.0
2021-06-18,94,109.0
2021-06-18,95,80.0
2021-06-19,0,70.0
2021-06-19,1,67.0
2021-06-19,2,65.0
2021-06-19,3,65.0
2021-06-19,4,95.0
2021-06-19,5,114.0
2021-06-19,6,114.0
2021-06-19,7,118.0
2021-06-19,8,119.0
2021-06-19,9,116.0
2021-06-19,10,111.0
2021-06-19,11,114.0
2021-06-19,12,92.0
2021-06-19,13,109.0
2021-06-19,14,99.0
2021-06-19,15,98.0
2021-06-19,16,105.0
2021-06-19,17,108.0
2021-06-19,18,114.0
2021-06-19,19,110.0
2021-06-19,20,85.0
2021-06-19,21,76.0
2021-06-19,22,90.0
2021-06-19,23,102.0
2021-06-19,24,109.0
2021-06-19,25,105.0
2021-06-19,26,103.0
2021-06-19,27,94.0
2021-06-19,28,82.0
2021-06-19,29,74.0
2021-06-19,30,41.0
2021-06-19,31,32.0
2021-06-19,32,25.0
2021-06-19,33,22.0
2021-06-19,34,22.0
2021-06-19,35,22.0
2021-06-19,36,22.0
2021-06-19,37,22.0
2021-06-19,38,22.0
2021-06-19,39,22.0
2021-06-19,40,22.0
2021-06-19,41,22.0
2021-06-19,42,22.0
2021-06-19,43,22.0
2021-06-19,44,24.0
2021-06-19,45,27.0
2021-06-19,46,23.0
2021-06-19,47,22.0
2021-06-19,48,22.0
2021-06-19,49,22.0
2021-06-19,50,22.0
2021-06-19,51,22.0
2021-06-19,52,22.0
2021-06-19,53,21.0
2021-06-19,54,22.0
2021-06-19,55,22.0
2021-06-19,56,22.0
2021-06-19,57,23.0
2021-06-19,58,27.0
2021-06-19,59,26.0
2021-06-19,60,22.0
2021-06-19,61,22.0
2021-06-19,62,23.0
2021-06-19,63,22.0
2021-06-19,64,22.0
2021-06-19,65,22.0
2021-06-19,66,22.0
2021-06-19,67,22.0
2021-06-19,68,23.0
2021-06-19,69,22.0
2021-06-19,70,22.0
2021-06-19,71,23.0
2021-06-19,72,23.0
2021-06-19,73,27.0
2021-06-19,74,25.0
2021-06-19,75,22.0
2021-06-19,76,22.0
2021-06-19,77,22.0
2021-06-19,78,22.0
2021-06-19,79,22.0
2021-06-19,80,22.0
2021-06-19,81,22.0
2021-06-19,82,22.0
2021-06-19,83,22.0
2021-06-19,84,22.0
2021-06-19,85,22.0
2021-06-19,86,23.0
2021-06-19,87,27.0
2021-06-19,88,25.0
2021-06-19,89,23.0
2021-06-19,90,22.0
2021-06-19,91,22.0
2021-06-19,92,22.0
2021-06-19,93,22.0
2021-06-19,94,22.0
2021-06-19,95,22.0
2021-06-20,0,22.0
2021-06-20,1,22.0
2021-06-20,2,22.0
2021-06-20,3,22.0
2021-06-20,4,24.0
2021-06-20,5,27.0
2021-06-20,6,24.0
2021-06-20,7,22.0
2021-06-20,8,22.0
2021-06-20,9,22.0
2021-06-20,10,22.0
2021-06-20,11,22.0
2021-06-20,12,22.0
2021-06-20,13,22.0
2021-06-20,14,22.0
2021-06-20,15,22.0
2021-06-20,16,22.0
2021-06-20,17,22.0
2021-06-20,18,23.0
2021-06-20,19,27.0
2021-06-20,20,26.0
2021-06-20,21,22.0
2021-06-20,22,22.0
2021-06-20,23,22.0
2021-06-20,24,22.0
2021-06-20,25,22.0
2021-06-20,26,22.0
2021-06-20,27,22.0
2021-06-20,28,21.0
2021-06-20,29,21.0
2021-06-20,30,22.0
2021-06-20,31,22.0
2021-06-20,32,23.0
2021-06-20,33,26.0
2021-06-20,34,24.0
2021-06-20,35,22.0
2021-06-20,36,22.0
2021-06-20,37,22.0
2021-06-20,38,22.0
2021-06-20,39,22.0
2021-06-20,40,22.0
2021-06-20,41,22.0
2021-06-20,42,22.0
2021-06-20,43,22.0
2021-06-20,44,22.0
2021-06-20,45,23.0
2021-06-20,46,27.0
2021-06-20,47,25.0
2021-06-20,48,22.0
2021-06-20,49,22.0
2021-06-20,50,22.0
2021-06-20,51,22.0
2021-06-20,52,23.0
2021-06-20,53,22.0
2021-06-20,54,22.0
2021-06-20,55,22.0
2021-06-20,56,22.0
2021-06-20,57,22.0
2021-06-20,58,23.0
2021-06-20,59,24.0
2021-06-20,60,28.0
2021-06-20,61,24.0
2021-06-20,62,23.0
2021-06-20,63,23.0
2021-06-20,64,23.0
2021-06-20,65,22.0
2021-06-20,66,24.0
2021-06-20,67,24.0
2021-06-20,68,24.0
2021-06-20,69,23.0
2021-06-20,70,23.0
2021-06-20,71,22.0
2021-06-20,72,22.0
2021-06-20,73,26.0
2021-06-20,74,26.0
2021-06-20,75,23.0
2021-06-20,76,23.0
2021-06-20,77,22.0
2021-06-20,78,23.0
2021-06-20,79,22.0
2021-06-20,80,22.0
2021-06-20,81,22.0
2021-06-20,82,22.0
2021-06-20,83,22.0
2021-06-20,84,23.0
2021-06-20,85,23.0
2021-06-20,86,26.0
2021-06-20,87,27.0
2021-06-20,88,23.0
2021-06-20,89,23.0
2021-06-20,90,22.0
2021-06-20,91,22.0
2021-06-20,92,23.0
2021-06-20,93,22.0
2021-06-20,94,22.0
2021-06-20,95,23.0
2021-06-21,0,23.0
2021-06-21,1,22.0
2021-06-21,2,23.0
2021-06-21,3,25.0
2021-06-21,4,28.0
2021-06-21,5,23.0
2021-06-21,6,22.0
2021-06-21,7,22.0
2021-06-21,8,23.0
2021-06-21,9,22.0
2021-06-21,10,22.0
2021-06-21,11,22.0
2021-06-21,12,23.0
2021-06-21,13,22.0
2021-06-21,14,23.0
2021-06-21,15,22.0
2021-06-21,16,24.0
2021-06-21,17,27.0
2021-06-21,18,24.0
2021-06-21,19,23.0
2021-06-21,20,23.0
2021-06-21,21,22.0
2021-06-21,22,22.0
2021-06-21,23,22.0
2021-06-21,24,22.0
2021-06-21,25,22.0
2021-06-21,26,22.0
2021-06-21,27,23.0
2021-06-21,28,29.0
2021-06-21,29,38.0
2021-06-21,30,62.0
2021-06-21,31,101.0
2021-06-21,32,148.0
2021-06-21,33,196.0
2021-06-21,34,208.0
2021-06-21,35,206.0
2021-06-21,36,192.0
2021-06-21,37,194.0
2021-06-21,38,184.0
2021-06-21,39,187.0
2021-06-21,40,164.0
2021-06-21,41,202.0
2021-06-21,42,196.0
2021-06-21,43,178.0
2021-06-21,44,174.0
2021-06-21,45,170.0
2021-06-21,46,191.0
2021-06-21,47,189.0
2021-06-21,48,132.0
2021-06-21,49,102.0
2021-06-21,50,98.0
2021-06-21,51,126.0
2021-06-21,52,178.0
2021-06-21,53,190.0
2021-06-21,54,191.0
2021-06-21,55,199.0
2021-06-21,56,178.0
2021-06-21,57,182.0
2021-06-21,58,201.0
2021-06-21,59,196.0
2021-06-21,60,151.0
2021-06-21,61,174.0
2021-06-21,62,184.0
2021-06-21,63,165.0
2021-06-21,64,164.0
2021-06-21,65,154.0
2021-06-21,66,160.0
2021-06-21,67,162.0
2021-06-21,68,117.0
2021-06-21,69,109.0
2021-06-21,70,148.0
2021-06-21,71,162.0
2021-06-21,72,155.0
2021-06-21,73,156.0
2021-06-21,74,157.0
2021-06-21,75,157.0
2021-06-21,76,145.0
2021-06-21,77,159.0
2021-06-21,78,150.0
2021-06-21,79,119.0
2021-06-21,80,115.0
2021-06-21,81,133.0
2021-06-21,82,134.0
2021-06-21,83,125.0
2021-06-21,84,121.0
2021-06-21,85,122.0
2021-06-21,86,133.0
2021-06-21,87,131.0
2021-06-21,88,100.0
2021-06-21,89,118.0
2021-06-21,90,117.0
2021-06-21,91,121.0
2021-06-21,92,124.0
2021-06-21,93,130.0
2021-06-21,94,113.0
2021-06-21,95,82.0
2021-06-22,0,69.0
2021-06-22,1,71.0
2021-06-22,2,74.0
2021-06-22,3,71.0
2021-06-22,4,93.0
2021-06-22,5,112.0
2021-06-22,6,109.0
2021-06-22,7,118.0
2021-06-22,8,118.0
2021-06-22,9,110.0
2021-06-22,10,103.0
2021-06-22,11,120.0
2021-06-22,12,96.0
2021-06-22,13,123.0
2021-06-22,14,117.0
2021-06-22,15,116.0
2021-06-22,16,113.0
2021-06-22,17,112.0
2021-06-22,18,121.0
2021-06-22,19,120.0
2021-06-22,20,86.0
2021-06-22,21,76.0
2021-06-22,22,100.0
2021-06-22,23,112.0
2021-06-22,24,117.0
2021-06-22,25,117.0
2021-06-22,26,114.0
2021-06-22,27,108.0
2021-06-22,28,105.0
2021-06-22,29,128.0
2021-06-22,30,162.0
2021-06-22,31,159.0
2021-06-22,32,165.0
2021-06-22,33,167.0
2021-06-22,34,174.0
2021-06-22,35,178.0
2021-06-22,36,170.0
2021-06-22,37,176.0
2021-06-22,38,160.0
2021-06-22,39,160.0
2021-06-22,40,140.0
2021-06-22,41,175.0
2021-06-22,42,189.0
2021-06-22,43,185.0
2021-06-22,44,169.0
2021-06-22,45,172.0
2021-06-22,46,180.0
2021-06-22,47,168.0
2021-06-22,48,116.0
2021-06-22,49,104.0
2021-06-22,50,101.0
2021-06-22,51,122.0
2021-06-22,52,156.0
2021-06-22,53,155.0
2021-06-22,54,168.0
2021-06-22,55,186.0
2021-06-22,56,172.0
2021-06-22,57,151.0
2021-06-22,58,140.0
2021-06-22,59,163.0
2021-06-22,60,125.0
2021-06-22,61,171.0
2021-06-22,62,168.0
2021-06-22,63,161.0
2021-06-22,64,148.0
2021-06-22,65,175.0
2021-06-22,66,162.0
2021-06-22,67,154.0
2021-06-22,68,104.0
2021-06-22,69,87.0
2021-06-22,70,129.0
2021-06-22,71,159.0
2021-06-22,72,164.0
2021-06-22,73,150.0
2021-06-22,74,147.0
2021-06-22,75,149.0
2021-06-22,76,153.0
2021-06-22,77,142.0
2021-06-22,78,174.0
2021-06-22,79,154.0
2021-06-22,80,133.0
2021-06-22,81,134.0
2021-06-22,82,129.0
2021-06-22,83,134.0
2021-06-22,84,123.0
2021-06-22,85,128.0
2021-06-22,86,128.0
2021-06-22,87,123.0
2021-06-22,88,98.0
2021-06-22,89,122.0
2021-06-22,90,118.0
2021-06-22,91,116.0
2021-06-22,92,131.0
2021-06-22,93,120.0
2021-06-22,94,114.0
2021-06-22,95,88.0
2021-06-23,0,70.0
2021-06-23,1,69.0
2021-06-23,2,69.0
2021-06-23,3,68.0
2021-06-23,4,97.0
2021-06-23,5,105.0
2021-06-23,6,102.0
2021-06-23,7,106.0
2021-06-23,8,119.0
2021-06-23,9,123.0
2021-06-23,10,123.0
2021-06-23,11,113.0
2021-06-23,12,92.0
2021-06-23,13,99.0
2021-06-23,14,108.0
2021-06-23,15,113.0
2021-06-23,16,116.0
2021-06-23,17,111.0
2021-06-23,18,109.0
2021-06-23,19,111.0
2021-06-23,20,86.0
2021-06-23,21,72.0
2021-06-23,22,98.0
2021-06-23,23,125.0
2021-06-23,24,125.0
2021-06-23,25,115.0
2021-06-23,26,108.0
2021-06-23,27,119.0
2021-06-23,28,120.0
2021-06-23,29,134.0
2021-06-23,30,158.0
2021-06-23,31,149.0
2021-06-23,32,151.0
2021-06-23,33,174.0
2021-06-23,34,165.0
2021-06-23,35,160.0
2021-06-23,36,162.0
2021-06-23,37,160.0
2021-06-23,38,161.0
2021-06-23,39,156.0
2021-06-23,40,127.0
2021-06-23,41,149.0
2021-06-23,42,156.0
2021-06-23,43,160.0
2021-06-23,44,166.0
2021-06-23,45,152.0
2021-06-23,46,152.0
2021-06-23,47,153.0
2021-06-23,48,97.0
2021-06-23,49,85.0
2021-06-23,50,86.0
2021-06-23,51,104.0
2021-06-23,52,153.0
2021-06-23,53,149.0
2021-06-23,54,150.0
2021-06-23,55,161.0
2021-06-23,56,149.0
2021-06-23,57,146.0
2021-06-23,58,156.0
2021-06-23,59,153.0
2021-06-23,60,132.0
2021-06-23,61,165.0
2021-06-23,62,161.0
2021-06-23,63,142.0
2021-06-23,64,142.0
2021-06-23,65,165.0
2021-06-23,66,168.0
2021-06-23,67,163.0
2021-06-23,68,102.0
2021-06-23,69,98.0
2021-06-23,70,142.0
2021-06-23,71,170.0
2021-06-23,72,166.0
2021-06-23,73,161.0
2021-06-23,74,161.0
2021-06-23,75,158.0
2021-06-23,76,146.0
2021-06-23,77,141.0
2021-06-23,78,143.0
2021-06-23,79,117.0
2021-06-23,80,126.0
2021-06-23,81,123.0
2021-06-23,82,125.0
2021-06-23,83,136.0
2021-06-23,84,126.0
2021-06-23,85,124.0
2021-06-23,86,127.0
2021-06-23,87,126.0
2021-06-23,88,91.0
2021-06-23,89,120.0
2021-06-23,90,123.0
2021-06-23,91,122.0
2021-06-23,92,103.0
2021-06-23,93,120.0
2021-06-23,94,116.0
2021-06-23,95,101.0
2021-06-24,0,73.0
2021-06-24,1,70.0
2021-06-24,2,69.0
2021-06-24,3,69.0
2021-06-24,4,98.0
2021-06-24,5,106.0
2021-06-24,6,119.0
2021-06-24,7,121.0
2021-06-24,8,126.0
2021-06-24,9,120.0
2021-06-24,10,113.0
2021-06-24,11,113.0
2021-06-24,12,106.0
2021-06-24,13,117.0
2021-06-24,14,121.0
2021-06-24,15,123.0
2021-06-24,16,118.0
2021-06-24,17,114.0
2021-06-24,18,121.0
2021-06-24,19,112.0
2021-06-24,20,99.0
2021-06-24,21,83.0
2021-06-24,22,106.0
2021-06-24,23,116.0
2021-06-24,24,124.0
2021-06-24,25,122.0
2021-06-24,26,112.0
2021-06-24,27,113.0
2021-06-24,28,120.0
2021-06-24,29,136.0
2021-06-24,30,169.0
2021-06-24,31,172.0
2021-06-24,32,171.0
2021-06-24,33,188.0
2021-06-24,34,185.0
2021-06-24,35,184.0
2021-06-24,36,154.0
2021-06-24,37,165.0
2021-06-24,38,172.0
2021-06-24,39,156.0
2021-06-24,40,123.0
2021-06-24,41,154.0
2021-06-24,42,168.0
2021-06-24,43,171.0
2021-06-24,44,163.0
2021-06-24,45,165.0
2021-06-24,46,170.0
2021-06-24,47,156.0
2021-06-24,48,113.0
2021-06-24,49,93.0
2021-06-24,50,99.0
2021-06-24,51,116.0
2021-06-24,52,147.0
2021-06-24,53,163.0
2021-06-24,54,182.0
2021-06-24,55,190.0
2021-06-24,56,175.0
2021-06-24,57,169.0
2021-06-24,58,151.0
2021-06-24,59,158.0
2021-06-24,60,114.0
2021-06-24,61,141.0
2021-06-24,62,166.0
2021-06-24,63,180.0
2021-06-24,64,163.0
2021-06-24,65,157.0
2021-06-24,66,165.0
2021-06-24,67,164.0
2021-06-24,68,123.0
2021-06-24,69,107.0
2021-06-24,70,145.0
2021-06-24,71,164.0
2021-06-24,72,152.0
2021-06-24,73,146.0
2021-06-24,74,142.0
2021-06-24,75,159.0
2021-06-24,76,160.0
2021-06-24,77,154.0
2021-06-24,78,168.0
2021-06-24,79,155.0
2021-06-24,80,128.0
2021-06-24,81,131.0
2021-06-24,82,141.0
2021-06-24,83,142.0
2021-06-24,84,140.0
2021-06-24,85,142.0
2021-06-24,86,122.0
2021-06-24,87,120.0
2021-06-24,88,104.0
2021-06-24,89,124.0
2021-06-24,90,122.0
2021-06-24,91,135.0
2021-06-24,92,129.0
2021-06-24,93,122.0
2021-06-24,94,119.0
2021-06-24,95,89.0
2021-06-25,0,74.0
2021-06-25,1,70.0
2021-06-25,2,70.0
2021-06-25,3,70.0
2021-06-25,4,104.0
2021-06-25,5,123.0
2021-06-25,6,128.0
2021-06-25,7,121.0
2021-06-25,8,125.0
2021-06-25,9,126.0
2021-06-25,10,102.0
2021-06-25,11,115.0
2021-06-25,12,98.0
2021-06-25,13,124.0
2021-06-25,14,127.0
2021-06-25,15,128.0
2021-06-25,16,116.0
2021-06-25,17,116.0
2021-06-25,18,122.0
2021-06-25,19,119.0
2021-06-25,20,105.0
2021-06-25,21,93.0
2021-06-25,22,112.0
2021-06-25,23,114.0
2021-06-25,24,108.0
2021-06-25,25,107.0
2021-06-25,26,120.0
2021-06-25,27,122.0
2021-06-25,28,122.0
2021-06-25,29,124.0
2021-06-25,30,152.0
2021-06-25,31,142.0
2021-06-25,32,135.0
2021-06-25,33,154.0
2021-06-25,34,166.0
2021-06-25,35,168.0
2021-06-25,36,162.0
2021-06-25,37,170.0
2021-06-25,38,178.0
2021-06-25,39,169.0
2021-06-25,40,151.0
2021-06-25,41,176.0
2021-06-25,42,178.0
2021-06-25,43,182.0
2021-06-25,44,184.0
2021-06-25,45,177.0
2021-06-25,46,177.0
2021-06-25,47,183.0
2021-06-25,48,136.0
2021-06-25,49,112.0
2021-06-25,50,105.0
2021-06-25,51,134.0
2021-06-25,52,185.0
2021-06-25,53,184.0
2021-06-25,54,174.0
2021-06-25,55,174.0
2021-06-25,56,184.0
2021-06-25,57,177.0
2021-06-25,58,169.0
2021-06-25,59,178.0
2021-06-25,60,152.0
2021-06-25,61,182.0
2021-06-25,62,186.0
2021-06-25,63,178.0
2021-06-25,64,165.0
2021-06-25,65,155.0
2021-06-25,66,169.0
2021-06-25,67,176.0
2021-06-25,68,126.0
2021-06-25,69,104.0
2021-06-25,70,154.0
2021-06-25,71,180.0
2021-06-25,72,164.0
2021-06-25,73,148.0
2021-06-25,74,130.0
2021-06-25,75,124.0
2021-06-25,76,127.0
2021-06-25,77,111.0
2021-06-25,78,107.0
2021-06-25,79,96.0
2021-06-25,80,100.0
2021-06-25,81,109.0
2021-06-25,82,111.0
2021-06-25,83,115.0
2021-06-25,84,121.0
2021-06-25,85,118.0
2021-06-25,86,118.0
2021-06-25,87,108.0
2021-06-25,88,108.0
2021-06-25,89,116.0
2021-06-25,90,136.0
2021-06-25,91,132.0
2021-06-25,92,122.0
2021-06-25,93,107.0
2021-06-25,94,94.0
2021-06-25,95,84.0
2021-06-26,0,71.0
2021-06-26,1,71.0
2021-06-26,2,71.0
2021-06-26,3,71.0
2021-06-26,4,103.0
2021-06-26,5,124.0
2021-06-26,6,124.0
2021-06-26,7,112.0
2021-06-26,8,107.0
2021-06-26,9,103.0
2021-06-26,10,109.0
2021-06-26,11,125.0
2021-06-26,12,104.0
2021-06-26,13,113.0
2021-06-26,14,113.0
2021-06-26,15,107.0
2021-06-26,16,120.0
2021-06-26,17,131.0
2021-06-26,18,124.0
2021-06-26,19,126.0
2021-06-26,20,96.0
2021-06-26,21,79.0
2021-06-26,22,101.0
2021-06-26,23,113.0
2021-06-26,24,119.0
2021-06-26,25,127.0
2021-06-26,26,119.0
2021-06-26,27,107.0
2021-06-26,28,95.0
2021-06-26,29,94.0
2021-06-26,30,64.0
2021-06-26,31,30.0
2021-06-26,32,24.0
2021-06-26,33,23.0
2021-06-26,34,23.0
2021-06-26,35,23.0
2021-06-26,36,23.0
2021-06-26,37,23.0
2021-06-26,38,23.0
2021-06-26,39,23.0
2021-06-26,40,23.0
2021-06-26,41,25.0
2021-06-26,42,28.0
2021-06-26,43,27.0
2021-06-26,44,23.0
2021-06-26,45,24.0
2021-06-26,46,24.0
2021-06-26,47,24.0
2021-06-26,48,23.0
2021-06-26,49,24.0
2021-06-26,50,24.0
2021-06-26,51,24.0
2021-06-26,52,23.0
2021-06-26,53,23.0
2021-06-26,54,27.0
2021-06-26,55,28.0
2021-06-26,56,25.0
2021-06-26,57,23.0
2021-06-26,58,23.0
2021-06-26,59,24.0
2021-06-26,60,23.0
2021-06-26,61,23.0
2021-06-26,62,23.0
2021-06-26,63,24.0
2021-06-26,64,23.0
2021-06-26,65,23.0
2021-06-26,66,23.0
2021-06-26,67,24.0
2021-06-26,68,28.0
2021-06-26,69,28.0
2021-06-26,70,23.0
2021-06-26,71,24.0
2021-06-26,72,24.0
2021-06-26,73,24.0
2021-06-26,74,23.0
2021-06-26,75,24.0
2021-06-26,76,24.0
2021-06-26,77,23.0
2021-06-26,78,24.0
2021-06-26,79,24.0
2021-06-26,80,24.0
2021-06-26,81,28.0
2021-06-26,82,25.0
2021-06-26,83,23.0
2021-06-26,84,23.0
2021-06-26,85,24.0
2021-06-26,86,23.0
2021-06-26,87,24.0
2021-06-26,88,24.0
2021-06-26,89,24.0
2021-06-26,90,23.0
2021-06-26,91,24.0
2021-06-26,92,23.0
2021-06-26,93,24.0
2021-06-26,94,28.0
2021-06-26,95,27.0
2021-06-27,0,23.0
2021-06-27,1,23.0
2021-06-27,2,23.0
2021-06-27,3,23.0
2021-06-27,4,23.0
2021-06-27,5,23.0
2021-06-27,6,23.0
2021-06-27,7,23.0
2021-06-27,8,23.0
2021-06-27,9,23.0
2021-06-27,10,24.0
2021-06-27,11,24.0
2021-06-27,12,27.0
2021-06-27,13,24.0
2021-06-27,14,23.0
2021-06-27,15,24.0
2021-06-27,16,22.0
2021-06-27,17,22.0
2021-06-27,18,23.0
2021-06-27,19,23.0
2021-06-27,20,22.0
2021-06-27,21,23.0
2021-06-27,22,23.0
2021-06-27,23,24.0
2021-06-27,24,27.0
2021-06-27,25,24.0
2021-06-27,26,23.0
2021-06-27,27,24.0
2021-06-27,28,23.0
2021-06-27,29,23.0
2021-06-27,30,23.0
2021-06-27,31,23.0
2021-06-27,32,23.0
2021-06-27,33,23.0
2021-06-27,34,23.0
2021-06-27,35,26.0
2021-06-27,36,28.0
2021-06-27,37,26.0
2021-06-27,38,24.0
2021-06-27,39,24.0
2021-06-27,40,24.0
2021-06-27,41,24.0
2021-06-27,42,24.0
2021-06-27,43,24.0
2021-06-27,44,24.0
2021-06-27,45,24.0
2021-06-27,46,24.0
2021-06-27,47,24.0
2021-06-27,48,27.0
2021-06-27,49,31.0
2021-06-27,50,23.0
2021-06-27,51,24.0
2021-06-27,52,24.0
2021-06-27,53,24.0
2021-06-27,54,24.0
2021-06-27,55,24.0
2021-06-27,56,24.0
2021-06-27,57,24.0
2021-06-27,58,24.0
2021-06-27,59,24.0
2021-06-27,60,24.0
2021-06-27,61,29.0
2021-06-27,62,28.0
2021-06-27,63,24.0
2021-06-27,64,24.0
2021-06-27,65,24.0
2021-06-27,66,24.0
2021-06-27,67,24.0
2021-06-27,68,24.0
2021-06-27,69,24.0
2021-06-27,70,24.0
2021-06-27,71,24.0
2021-06-27,72,24.0
2021-06-27,73,24.0
2021-06-27,74,26.0
2021-06-27,75,28.0
2021-06-27,76,25.0
2021-06-27,77,25.0
2021-06-27,78,24.0
2021-06-27,79,23.0
2021-06-27,80,24.0
2021-06-27,81,24.0
2021-06-27,82,24.0
2021-06-27,83,24.0
2021-06-27,84,24.0
2021-06-27,85,24.0
2021-06-27,86,24.0
2021-06-27,87,24.0
2021-06-27,88,29.0
2021-06-27,89,27.0
2021-06-27,90,24.0
2021-06-27,91,24.0
2021-06-27,92,24.0
2021-06-27,93,24.0
2021-06-27,94,24.0
2021-06-27,95,24.0
2021-06-28,0,24.0
2021-06-28,1,23.0
2021-06-28,2,24.0
2021-06-28,3,24.0
2021-06-28,4,23.0
2021-06-28,5,26.0
2021-06-28,6,28.0
2021-06-28,7,25.0
2021-06-28,8,23.0
2021-06-28,9,24.0
2021-06-28,10,24.0
2021-06-28,11,25.0
2021-06-28,12,23.0
2021-06-28,13,24.0
2021-06-28,14,24.0
2021-06-28,15,23.0
2021-06-28,16,24.0
2021-06-28,17,24.0
2021-06-28,18,26.0
2021-06-28,19,28.0
2021-06-28,20,24.0
2021-06-28,21,23.0
2021-06-28,22,24.0
2021-06-28,23,23.0
2021-06-28,24,23.0
2021-06-28,25,23.0
2021-06-28,26,23.0
2021-06-28,27,23.0
2021-06-28,28,28.0
2021-06-28,29,42.0
2021-06-28,30,66.0
2021-06-28,31,92.0
2021-06-28,32,144.0
2021-06-28,33,167.0
2021-06-28,34,190.0
2021-06-28,35,198.0
2021-06-28,36,185.0
2021-06-28,37,182.0
2021-06-28,38,174.0
2021-06-28,39,172.0
2021-06-28,40,135.0
2021-06-28,41,184.0
2021-06-28,42,182.0
2021-06-28,43,168.0
2021-06-28,44,176.0
2021-06-28,45,178.0
2021-06-28,46,193.0
2021-06-28,47,184.0
2021-06-28,48,131.0
2021-06-28,49,112.0
2021-06-28,50,107.0
2021-06-28,51,135.0
2021-06-28,52,169.0
2021-06-28,53,189.0
2021-06-28,54,191.0
2021-06-28,55,191.0
2021-06-28,56,183.0
2021-06-28,57,171.0
2021-06-28,58,178.0
2021-06-28,59,189.0
2021-06-28,60,155.0
2021-06-28,61,188.0
2021-06-28,62,194.0
2021-06-28,63,189.0
2021-06-28,64,172.0
2021-06-28,65,163.0
2021-06-28,66,164.0
2021-06-28,67,172.0
2021-06-28,68,132.0
2021-06-28,69,123.0
2021-06-28,70,166.0
2021-06-28,71,179.0
2021-06-28,72,183.0
2021-06-28,73,185.0
2021-06-28,74,168.0
2021-06-28,75,171.0
2021-06-28,76,158.0
2021-06-28,77,169.0
2021-06-28,78,163.0
2021-06-28,79,121.0
2021-06-28,80,110.0
2021-06-28,81,113.0
2021-06-28,82,111.0
2021-06-28,83,113.0
2021-06-28,84,115.0
2021-06-28,85,120.0
2021-06-28,86,123.0
2021-06-28,87,113.0
2021-06-28,88,102.0
2021-06-28,89,104.0
2021-06-28,90,111.0
2021-06-28,91,119.0
2021-06-28,92,126.0
2021-06-28,93,111.0
2021-06-28,94,111.0
2021-06-28,95,81.0
2021-06-29,0,67.0
2021-06-29,1,66.0
2021-06-29,2,66.0
2021-06-29,3,66.0
2021-06-29,4,94.0
2021-06-29,5,101.0
2021-06-29,6,112.0
2021-06-29,7,110.0
2021-06-29,8,124.0
2021-06-29,9,124.0
2021-06-29,10,107.0
2021-06-29,11,95.0
2021-06-29,12,90.0
2021-06-29,13,100.0
2021-06-29,14,109.0
2021-06-29,15,115.0
2021-06-29,16,112.0
2021-06-29,17,114.0
2021-06-29,18,114.0
2021-06-29,19,99.0
2021-06-29,20,76.0
2021-06-29,21,72.0
2021-06-29,22,102.0
2021-06-29,23,110.0
2021-06-29,24,119.0
2021-06-29,25,113.0
2021-06-29,26,108.0
2021-06-29,27,112.0
2021-06-29,28,113.0
2021-06-29,29,120.0
2021-06-29,30,154.0
2021-06-29,31,160.0
2021-06-29,32,190.0
2021-06-29,33,222.0
2021-06-29,34,207.0
2021-06-29,35,189.0
2021-06-29,36,183.0
2021-06-29,37,179.0
2021-06-29,38,179.0
2021-06-29,39,176.0
2021-06-29,40,139.0
2021-06-29,41,169.0
2021-06-29,42,175.0
2021-06-29,43,168.0
2021-06-29,44,182.0
2021-06-29,45,191.0
2021-06-29,46,200.0
2021-06-29,47,200.0
2021-06-29,48,134.0
2021-06-29,49,104.0
2021-06-29,50,100.0
2021-06-29,51,133.0
2021-06-29,52,179.0
2021-06-29,53,194.0
2021-06-29,54,186.0
2021-06-29,55,187.0
2021-06-29,56,168.0
2021-06-29,57,181.0
2021-06-29,58,183.0
2021-06-29,59,177.0
2021-06-29,60,139.0
2021-06-29,61,179.0
2021-06-29,62,170.0
2021-06-29,63,165.0
2021-06-29,64,167.0
2021-06-29,65,167.0
2021-06-29,66,157.0
2021-06-29,67,164.0
2021-06-29,68,122.0
2021-06-29,69,99.0
2021-06-29,70,136.0
2021-06-29,71,153.0
2021-06-29,72,160.0
2021-06-29,73,163.0
2021-06-29,74,164.0
2021-06-29,75,175.0
2021-06-29,76,177.0
2021-06-29,77,173.0
2021-06-29,78,154.0
2021-06-29,79,137.0
2021-06-29,80,132.0
2021-06-29,81,134.0
2021-06-29,82,137.0
2021-06-29,83,135.0
2021-06-29,84,125.0
2021-06-29,85,126.0
2021-06-29,86,125.0
2021-06-29,87,119.0
2021-06-29,88,105.0
2021-06-29,89,108.0
2021-06-29,90,121.0
2021-06-29,91,116.0
2021-06-29,92,110.0
2021-06-29,93,113.0
2021-06-29,94,109.0
2021-06-29,95,82.0
2021-06-30,0,69.0
2021-06-30,1,67.0
2021-06-30,2,67.0
2021-06-30,3,65.0
2021-06-30,4,90.0
2021-06-30,5,102.0
2021-06-30,6,112.0
2021-06-30,7,112.0
2021-06-30,8,118.0
2021-06-30,9,110.0
2021-06-30,10,108.0
2021-06-30,11,103.0
2021-06-30,12,101.0
2021-06-30,13,110.0
2021-06-30,14,120.0
2021-06-30,15,117.0
2021-06-30,16,116.0
2021-06-30,17,114.0
2021-06-30,18,103.0
2021-06-30,19,103.0
2021-06-30,20,93.0
2021-06-30,21,82.0
2021-06-30,22,103.0
2021-06-30,23,115.0
2021-06-30,24,113.0
2021-06-30,25,111.0
2021-06-30,26,115.0
2021-06-30,27,118.0
2021-06-30,28,116.0
2021-06-30,29,125.0
2021-06-30,30,142.0
2021-06-30,31,143.0
2021-06-30,32,164.0
2021-06-30,33,177.0
2021-06-30,34,185.0
2021-06-30,35,193.0
2021-06-30,36,184.0
2021-06-30,37,187.0
2021-06-30,38,173.0
2021-06-30,39,171.0
2021-06-30,40,142.0
2021-06-30,41,171.0
2021-06-30,42,169.0
2021-06-30,43,152.0
2021-06-30,44,146.0
2021-06-30,45,139.0
2021-06-30,46,141.0
2021-06-30,47,150.0
2021-06-30,48,119.0
2021-06-30,49,104.0
2021-06-30,50,99.0
2021-06-30,51,109.0
2021-06-30,52,145.0
2021-06-30,53,166.0
2021-06-30,54,171.0
2021-06-30,55,184.0
2021-06-30,56,177.0
2021-06-30,57,160.0
2021-06-30,58,161.0
2021-06-30,59,165.0
2021-06-30,60,133.0
2021-06-30,61,175.0
2021-06-30,62,178.0
2021-06-30,63,168.0
2021-06-30,64,163.0
2021-06-30,65,165.0
2021-06-30,66,152.0
2021-06-30,67,162.0
2021-06-30,68,133.0
2021-06-30,69,144.0
2021-06-30,70,181.0
2021-06-30,71,167.0
2021-06-30,72,153.0
2021-06-30,73,156.0
2021-06-30,74,164.0
2021-06-30,75,165.0
2021-06-30,76,162.0
2021-06-30,77,155.0
2021-06-30,78,141.0
2021-06-30,79,107.0
2021-06-30,80,100.0
2021-06-30,81,109.0
2021-06-30,82,115.0
2021-06-30,83,112.0
2021-06-30,84,113.0
2021-06-30,85,117.0
2021-06-30,86,113.0
2021-06-30,87,108.0
2021-06-30,88,88.0
2021-06-30,89,103.0
2021-06-30,90,114.0
2021-06-30,91,118.0
2021-06-30,92,120.0
2021-06-30,93,116.0
2021-06-30,94,103.0
2021-06-30,95,77.0
2021-07-01,0,69.0
2021-07-01,1,69.0
2021-07-01,2,67.0
2021-07-01,3,67.0
2021-07-01,4,90.0
2021-07-01,5,100.0
2021-07-01,6,110.0
2021-07-01,7,115.0
2021-07-01,8,116.0
2021-07-01,9,113.0
2021-07-01,10,111.0
2021-07-01,11,112.0
2021-07-01,12,95.0
2021-07-01,13,109.0
2021-07-01,14,112.0
2021-07-01,15,111.0
2021-07-01,16,111.0
2021-07-01,17,106.0
2021-07-01,18,97.0
2021-07-01,19,100.0
2021-07-01,20,82.0
2021-07-01,21,77.0
2021-07-01,22,99.0
2021-07-01,23,114.0
2021-07-01,24,110.0
2021-07-01,25,104.0
2021-07-01,26,115.0
2021-07-01,27,112.0
2021-07-01,28,105.0
2021-07-01,29,125.0
2021-07-01,30,148.0
2021-07-01,31,138.0
2021-07-01,32,163.0
2021-07-01,33,180.0
2021-07-01,34,190.0
2021-07-01,35,194.0
2021-07-01,36,171.0
2021-07-01,37,184.0
2021-07-01,38,183.0
2021-07-01,39,174.0
2021-07-01,40,147.0
2021-07-01,41,179.0
2021-07-01,42,185.0
2021-07-01,43,175.0
2021-07-01,44,190.0
2021-07-01,45,188.0
2021-07-01,46,187.0
2021-07-01,47,187.0
2021-07-01,48,115.0
2021-07-01,49,105.0
2021-07-01,50,110.0
2021-07-01,51,115.0
2021-07-01,52,163.0
2021-07-01,53,196.0
2021-07-01,54,194.0
2021-07-01,55,206.0
2021-07-01,56,191.0
2021-07-01,57,192.0
2021-07-01,58,190.0
2021-07-01,59,173.0
2021-07-01,60,135.0
2021-07-01,61,144.0
2021-07-01,62,179.0
2021-07-01,63,197.0
2021-07-01,64,188.0
2021-07-01,65,165.0
2021-07-01,66,163.0
2021-07-01,67,163.0
2021-07-01,68,126.0
2021-07-01,69,106.0
2021-07-01,70,146.0
2021-07-01,71,160.0
2021-07-01,72,164.0
2021-07-01,73,164.0
2021-07-01,74,143.0
2021-07-01,75,156.0
2021-07-01,76,163.0
2021-07-01,77,171.0
2021-07-01,78,165.0
2021-07-01,79,154.0
2021-07-01,80,137.0
2021-07-01,81,143.0
2021-07-01,82,147.0
2021-07-01,83,140.0
2021-07-01,84,139.0
2021-07-01,85,141.0
2021-07-01,86,138.0
2021-07-01,87,140.0
2021-07-01,88,113.0
2021-07-01,89,121.0
2021-07-01,90,122.0
2021-07-01,91,121.0
2021-07-01,92,124.0
2021-07-01,93,120.0
2021-07-01,94,110.0
2021-07-01,95,79.0
2021-07-02,0,69.0
2021-07-02,1,68.0
2021-07-02,2,68.0
2021-07-02,3,68.0
2021-07-02,4,97.0
2021-07-02,5,104.0
2021-07-02,6,109.0
2021-07-02,7,115.0
2021-07-02,8,115.0
2021-07-02,9,121.0
2021-07-02,10,117.0
2021-07-02,11,111.0
2021-07-02,12,92.0
2021-07-02,13,112.0
2021-07-02,14,115.0
2021-07-02,15,113.0
2021-07-02,16,109.0
2021-07-02,17,110.0
2021-07-02,18,102.0
2021-07-02,19,104.0
2021-07-02,20,83.0
2021-07-02,21,79.0
2021-07-02,22,103.0
2021-07-02,23,120.0
2021-07-02,24,117.0
2021-07-02,25,114.0
2021-07-02,26,110.0
2021-07-02,27,106.0
2021-07-02,28,118.0
2021-07-02,29,130.0
2021-07-02,30,143.0
2021-07-02,31,139.0
2021-07-02,32,145.0
2021-07-02,33,158.0
2021-07-02,34,168.0
2021-07-02,35,173.0
2021-07-02,36,187.0
2021-07-02,37,175.0
2021-07-02,38,172.0
2021-07-02,39,165.0
2021-07-02,40,140.0
2021-07-02,41,162.0
2021-07-02,42,179.0
2021-07-02,43,175.0
2021-07-02,44,184.0
2021-07-02,45,177.0
2021-07-02,46,186.0
2021-07-02,47,167.0
2021-07-02,48,113.0
2021-07-02,49,98.0
2021-07-02,50,103.0
2021-07-02,51,117.0
2021-07-02,52,157.0
2021-07-02,53,166.0
2021-07-02,54,177.0
2021-07-02,55,178.0
2021-07-02,56,167.0
2021-07-02,57,173.0
2021-07-02,58,183.0
2021-07-02,59,177.0
2021-07-02,60,138.0
2021-07-02,61,133.0
2021-07-02,62,142.0
2021-07-02,63,160.0
2021-07-02,64,164.0
2021-07-02,65,153.0
2021-07-02,66,158.0
2021-07-02,67,158.0
2021-07-02,68,120.0
2021-07-02,69,126.0
2021-07-02,70,168.0
2021-07-02,71,175.0
2021-07-02,72,169.0
2021-07-02,73,160.0
2021-07-02,74,155.0
2021-07-02,75,155.0
2021-07-02,76,149.0
2021-07-02,77,137.0
2021-07-02,78,136.0
2021-07-02,79,120.0
2021-07-02,80,116.0
2021-07-02,81,118.0
2021-07-02,82,130.0
2021-07-02,83,123.0
2021-07-02,84,116.0
2021-07-02,85,107.0
2021-07-02,86,111.0
2021-07-02,87,121.0
2021-07-02,88,107.0
2021-07-02,89,117.0
2021-07-02,90,113.0
2021-07-02,91,106.0
2021-07-02,92,95.0
2021-07-02,93,103.0
2021-07-02,94,96.0
2021-07-02,95,79.0
2021-07-03,0,76.0
2021-07-03,1,65.0
2021-07-03,2,64.0
2021-07-03,3,63.0
2021-07-03,4,92.0
2021-07-03,5,105.0
2021-07-03,6,107.0
2021-07-03,7,110.0
2021-07-03,8,107.0
2021-07-03,9,106.0
2021-07-03,10,105.0
2021-07-03,11,105.0
2021-07-03,12,94.0
2021-07-03,13,105.0
2021-07-03,14,103.0
2021-07-03,15,108.0
2021-07-03,16,112.0
2021-07-03,17,106.0
2021-07-03,18,100.0
2021-07-03,19,99.0
2021-07-03,20,80.0
2021-07-03,21,73.0
2021-07-03,22,96.0
2021-07-03,23,105.0
2021-07-03,24,105.0
2021-07-03,25,101.0
2021-07-03,26,95.0
2021-07-03,27,91.0
2021-07-03,28,83.0
2021-07-03,29,68.0
2021-07-03,30,31.0
2021-07-03,31,28.0
2021-07-03,32,23.0
2021-07-03,33,22.0
2021-07-03,34,22.0
2021-07-03,35,22.0
2021-07-03,36,23.0
2021-07-03,37,27.0
2021-07-03,38,25.0
2021-07-03,39,23.0
2021-07-03,40,23.0
2021-07-03,41,23.0
2021-07-03,42,22.0
2021-07-03,43,22.0
2021-07-03,44,22.0
2021-07-03,45,23.0
2021-07-03,46,22.0
2021-07-03,47,23.0
2021-07-03,48,22.0
2021-07-03,49,22.0
2021-07-03,50,27.0
2021-07-03,51,26.0
2021-07-03,52,22.0
2021-07-03,53,22.0
2021-07-03,54,22.0
2021-07-03,55,22.0
2021-07-03,56,22.0
2021-07-03,57,22.0
2021-07-03,58,22.0
2021-07-03,59,23.0
2021-07-03,60,21.0
2021-07-03,61,22.0
2021-07-03,62,22.0
2021-07-03,63,25.0
2021-07-03,64,26.0
2021-07-03,65,22.0
2021-07-03,66,22.0
2021-07-03,67,22.0
2021-07-03,68,22.0
2021-07-03,69,22.0
2021-07-03,70,22.0
2021-07-03,71,22.0
2021-07-03,72,22.0
2021-07-03,73,23.0
2021-07-03,74,21.0
2021-07-03,75,22.0
2021-07-03,76,26.0
2021-07-03,77,27.0
2021-07-03,78,22.0
2021-07-03,79,22.0
2021-07-03,80,23.0
2021-07-03,81,22.0
2021-07-03,82,22.0
2021-07-03,83,22.0
2021-07-03,84,23.0
2021-07-03,85,23.0
2021-07-03,86,23.0
2021-07-03,87,22.0
2021-07-03,88,23.0
2021-07-03,89,24.0
2021-07-03,90,27.0
2021-07-03,91,23.0
2021-07-03,92,23.0
2021-07-03,93,22.0
2021-07-03,94,22.0
2021-07-03,95,22.0
2021-07-04,0,22.0
2021-07-04,1,23.0
2021-07-04,2,22.0
2021-07-04,3,22.0
2021-07-04,4,22.0
2021-07-04,5,22.0
2021-07-04,6,27.0
2021-07-04,7,27.0
2021-07-04,8,24.0
2021-07-04,9,23.0
2021-07-04,10,23.0
2021-07-04,11,22.0
2021-07-04,12,22.0
2021-07-04,13,23.0
2021-07-04,14,23.0
2021-07-04,15,22.0
2021-07-04,16,23.0
2021-07-04,17,23.0
2021-07-04,18,22.0
2021-07-04,19,22.0
2021-07-04,20,23.0
2021-07-04,21,27.0
2021-07-04,22,23.0
2021-07-04,23,23.0
2021-07-04,24,22.0
2021-07-04,25,22.0
2021-07-04,26,23.0
2021-07-04,27,22.0
2021-07-04,28,21.0
2021-07-04,29,22.0
2021-07-04,30,23.0
2021-07-04,31,22.0
2021-07-04,32,24.0
2021-07-04,33,28.0
2021-07-04,34,24.0
2021-07-04,35,21.0
2021-07-04,36,22.0
2021-07-04,37,22.0
2021-07-04,38,22.0
2021-07-04,39,22.0
2021-07-04,40,22.0
2021-07-04,41,23.0
2021-07-04,42,23.0
2021-07-04,43,23.0
2021-07-04,44,24.0
2021-07-04,45,26.0
2021-07-04,46,28.0
2021-07-04,47,25.0
2021-07-04,48,24.0
2021-07-04,49,23.0
2021-07-04,50,23.0
2021-07-04,51,23.0
2021-07-04,52,23.0
2021-07-04,53,24.0
2021-07-04,54,23.0
2021-07-04,55,23.0
2021-07-04,56,23.0
2021-07-04,57,23.0
2021-07-04,58,23.0
2021-07-04,59,27.0
2021-07-04,60,27.0
2021-07-04,61,23.0
2021-07-04,62,23.0
2021-07-04,63,23.0
2021-07-04,64,23.0
2021-07-04,65,23.0
2021-07-04,66,23.0
2021-07-04,67,25.0
2021-07-04,68,22.0
2021-07-04,69,22.0
2021-07-04,70,22.0
2021-07-04,71,22.0
2021-07-04,72,25.0
2021-07-04,73,27.0
2021-07-04,74,23.0
2021-07-04,75,23.0
2021-07-04,76,23.0
2021-07-04,77,22.0
2021-07-04,78,22.0
2021-07-04,79,23.0
2021-07-04,80,22.0
2021-07-04,81,23.0
2021-07-04,82,22.0
2021-07-04,83,22.0
2021-07-04,84,24.0
2021-07-04,85,24.0
2021-07-04,86,28.0
2021-07-04,87,25.0
2021-07-04,88,23.0
2021-07-04,89,24.0
2021-07-04,90,23.0
2021-07-04,91,23.0
2021-07-04,92,23.0
2021-07-04,93,23.0
2021-07-04,94,22.0
2021-07-04,95,22.0
2021-07-05,0,23.0
2021-07-05,1,23.0
2021-07-05,2,27.0
2021-07-05,3,28.0
2021-07-05,4,23.0
2021-07-05,5,23.0
2021-07-05,6,23.0
2021-07-05,7,22.0
2021-07-05,8,23.0
2021-07-05,9,23.0
2021-07-05,10,22.0
2021-07-05,11,23.0
2021-07-05,12,23.0
2021-07-05,13,23.0
2021-07-05,14,23.0
2021-07-05,15,25.0
2021-07-05,16,27.0
2021-07-05,17,23.0
2021-07-05,18,23.0
2021-07-05,19,22.0
2021-07-05,20,23.0
2021-07-05,21,23.0
2021-07-05,22,22.0
2021-07-05,23,22.0
2021-07-05,24,23.0
2021-07-05,25,22.0
2021-07-05,26,21.0
2021-07-05,27,23.0
2021-07-05,28,33.0
2021-07-05,29,46.0
2021-07-05,30,69.0
2021-07-05,31,104.0
2021-07-05,32,145.0
2021-07-05,33,172.0
2021-07-05,34,183.0
2021-07-05,35,173.0
2021-07-05,36,172.0
2021-07-05,37,170.0
2021-07-05,38,175.0
2021-07-05,39,163.0
2021-07-05,40,148.0
2021-07-05,41,180.0
2021-07-05,42,179.0
2021-07-05,43,185.0
2021-07-05,44,185.0
2021-07-05,45,169.0
2021-07-05,46,168.0
2021-07-05,47,164.0
2021-07-05,48,116.0
2021-07-05,49,101.0
2021-07-05,50,99.0
2021-07-05,51,100.0
2021-07-05,52,148.0
2021-07-05,53,165.0
2021-07-05,54,176.0
2021-07-05,55,181.0
2021-07-05,56,169.0
2021-07-05,57,170.0
2021-07-05,58,167.0
2021-07-05,59,168.0
2021-07-05,60,141.0
2021-07-05,61,140.0
2021-07-05,62,174.0
2021-07-05,63,183.0
2021-07-05,64,173.0
2021-07-05,65,156.0
2021-07-05,66,151.0
2021-07-05,67,153.0
2021-07-05,68,128.0
2021-07-05,69,115.0
2021-07-05,70,133.0
2021-07-05,71,140.0
2021-07-05,72,153.0
2021-07-05,73,156.0
2021-07-05,74,163.0
2021-07-05,75,158.0
2021-07-05,76,153.0
2021-07-05,77,141.0
2021-07-05,78,141.0
2021-07-05,79,122.0
2021-07-05,80,113.0
2021-07-05,81,111.0
2021-07-05,82,126.0
2021-07-05,83,130.0
2021-07-05,84,124.0
2021-07-05,85,122.0
2021-07-05,86,110.0
2021-07-05,87,110.0
2021-07-05,88,94.0
2021-07-05,89,100.0
2021-07-05,90,108.0
2021-07-05,91,115.0
2021-07-05,92,116.0
2021-07-05,93,107.0
2021-07-05,94,100.0
2021-07-05,95,83.0
2021-07-06,0,68.0
2021-07-06,1,68.0
2021-07-06,2,68.0
2021-07-06,3,68.0
2021-07-06,4,86.0
2021-07-06,5,108.0
2021-07-06,6,111.0
2021-07-06,7,108.0
2021-07-06,8,110.0
2021-07-06,9,108.0
2021-07-06,10,107.0
2021-07-06,11,93.0
2021-07-06,12,88.0
2021-07-06,13,102.0
2021-07-06,14,114.0
2021-07-06,15,116.0
2021-07-06,16,106.0
2021-07-06,17,103.0
2021-07-06,18,103.0
2021-07-06,19,112.0
2021-07-06,20,94.0
2021-07-06,21,89.0
2021-07-06,22,98.0
2021-07-06,23,110.0
2021-07-06,24,105.0
2021-07-06,25,99.0
2021-07-06,26,95.0
2021-07-06,27,91.0
2021-07-06,28,93.0
2021-07-06,29,105.0
2021-07-06,30,132.0
2021-07-06,31,145.0
2021-07-06,32,166.0
2021-07-06,33,177.0
2021-07-06,34,182.0
2021-07-06,35,193.0
2021-07-06,36,176.0
2021-07-06,37,176.0
2021-07-06,38,185.0
2021-07-06,39,182.0
2021-07-06,40,150.0
2021-07-06,41,176.0
2021-07-06,42,172.0
2021-07-06,43,175.0
2021-07-06,44,177.0
2021-07-06,45,182.0
2021-07-06,46,175.0
2021-07-06,47,171.0
2021-07-06,48,132.0
2021-07-06,49,106.0
2021-07-06,50,106.0
2021-07-06,51,97.0
2021-07-06,52,141.0
2021-07-06,53,170.0
2021-07-06,54,169.0
2021-07-06,55,154.0
2021-07-06,56,182.0
2021-07-06,57,176.0
2021-07-06,58,172.0
2021-07-06,59,185.0
2021-07-06,60,147.0
2021-07-06,61,144.0
2021-07-06,62,173.0
2021-07-06,63,169.0
2021-07-06,64,177.0
2021-07-06,65,172.0
2021-07-06,66,167.0
2021-07-06,67,168.0
2021-07-06,68,124.0
2021-07-06,69,107.0
2021-07-06,70,136.0
2021-07-06,71,148.0
2021-07-06,72,146.0
2021-07-06,73,161.0
2021-07-06,74,153.0
2021-07-06,75,153.0
2021-07-06,76,153.0
2021-07-06,77,157.0
2021-07-06,78,146.0
2021-07-06,79,147.0
2021-07-06,80,131.0
2021-07-06,81,133.0
2021-07-06,82,138.0
2021-07-06,83,133.0
2021-07-06,84,132.0
2021-07-06,85,120.0
2021-07-06,86,122.0
2021-07-06,87,129.0
2021-07-06,88,109.0
2021-07-06,89,114.0
2021-07-06,90,110.0
2021-07-06,91,115.0
2021-07-06,92,104.0
2021-07-06,93,99.0
2021-07-06,94,114.0
2021-07-06,95,107.0
2021-07-07,0,89.0
2021-07-07,1,72.0
2021-07-07,2,71.0
2021-07-07,3,70.0
2021-07-07,4,91.0
2021-07-07,5,97.0
2021-07-07,6,106.0
2021-07-07,7,112.0
2021-07-07,8,106.0
2021-07-07,9,106.0
2021-07-07,10,107.0
2021-07-07,11,105.0
2021-07-07,12,107.0
2021-07-07,13,109.0
2021-07-07,14,115.0
2021-07-07,15,109.0
2021-07-07,16,108.0
2021-07-07,17,105.0
2021-07-07,18,104.0
2021-07-07,19,108.0
2021-07-07,20,95.0
2021-07-07,21,85.0
2021-07-07,22,96.0
2021-07-07,23,101.0
2021-07-07,24,101.0
2021-07-07,25,106.0
2021-07-07,26,101.0
2021-07-07,27,100.0
2021-07-07,28,114.0
2021-07-07,29,122.0
2021-07-07,30,138.0
2021-07-07,31,145.0
2021-07-07,32,157.0
2021-07-07,33,172.0
2021-07-07,34,192.0
2021-07-07,35,203.0
2021-07-07,36,187.0
2021-07-07,37,182.0
2021-07-07,38,168.0
2021-07-07,39,175.0
2021-07-07,40,152.0
2021-07-07,41,185.0
2021-07-07,42,186.0
2021-07-07,43,171.0
2021-07-07,44,172.0
2021-07-07,45,183.0
2021-07-07,46,181.0
2021-07-07,47,174.0
2021-07-07,48,131.0
2021-07-07,49,105.0
2021-07-07,50,104.0
2021-07-07,51,106.0
2021-07-07,52,146.0
2021-07-07,53,178.0
2021-07-07,54,185.0
2021-07-07,55,182.0
2021-07-07,56,185.0
2021-07-07,57,181.0
2021-07-07,58,167.0
2021-07-07,59,167.0
2021-07-07,60,144.0
2021-07-07,61,138.0
2021-07-07,62,176.0
2021-07-07,63,173.0
2021-07-07,64,178.0
2021-07-07,65,181.0
2021-07-07,66,174.0
2021-07-07,67,175.0
2021-07-07,68,120.0
2021-07-07,69,98.0
2021-07-07,70,156.0
2021-07-07,71,179.0
2021-07-07,72,169.0
2021-07-07,73,173.0
2021-07-07,74,165.0
2021-07-07,75,167.0
2021-07-07,76,164.0
2021-07-07,77,169.0
2021-07-07,78,159.0
2021-07-07,79,134.0
2021-07-07,80,106.0
2021-07-07,81,127.0
2021-07-07,82,124.0
2021-07-07,83,109.0
2021-07-07,84,117.0
2021-07-07,85,120.0
2021-07-07,86,110.0
2021-07-07,87,113.0
2021-07-07,88,87.0
2021-07-07,89,105.0
2021-07-07,90,112.0
2021-07-07,91,113.0
2021-07-07,92,110.0
2021-07-07,93,107.0
2021-07-07,94,97.0
2021-07-07,95,105.0
2021-07-08,0,78.0
2021-07-08,1,72.0
2021-07-08,2,73.0
2021-07-08,3,70.0
2021-07-08,4,89.0
2021-07-08,5,102.0
2021-07-08,6,101.0
2021-07-08,7,104.0
2021-07-08,8,106.0
2021-07-08,9,98.0
2021-07-08,10,110.0
2021-07-08,11,102.0
2021-07-08,12,94.0
2021-07-08,13,102.0
2021-07-08,14,115.0
2021-07-08,15,109.0
2021-07-08,16,100.0
2021-07-08,17,105.0
2021-07-08,18,108.0
2021-07-08,19,109.0
2021-07-08,20,102.0
2021-07-08,21,81.0
2021-07-08,22,94.0
2021-07-08,23,107.0
2021-07-08,24,109.0
2021-07-08,25,109.0
2021-07-08,26,107.0
2021-07-08,27,115.0
2021-07-08,28,116.0
2021-07-08,29,125.0
2021-07-08,30,143.0
2021-07-08,31,146.0
2021-07-08,32,150.0
2021-07-08,33,154.0
2021-07-08,34,173.0
2021-07-08,35,187.0
2021-07-08,36,172.0
2021-07-08,37,186.0
2021-07-08,38,177.0
2021-07-08,39,184.0
2021-07-08,40,159.0
2021-07-08,41,186.0
2021-07-08,42,190.0
2021-07-08,43,201.0
2021-07-08,44,191.0
2021-07-08,45,190.0
2021-07-08,46,192.0
2021-07-08,47,187.0
2021-07-08,48,131.0
2021-07-08,49,112.0
2021-07-08,50,116.0
2021-07-08,51,120.0
2021-07-08,52,166.0
2021-07-08,53,186.0
2021-07-08,54,201.0
2021-07-08,55,191.0
2021-07-08,56,185.0
2021-07-08,57,200.0
2021-07-08,58,190.0
2021-07-08,59,161.0
2021-07-08,60,148.0
2021-07-08,61,142.0
2021-07-08,62,168.0
2021-07-08,63,184.0
2021-07-08,64,177.0
2021-07-08,65,183.0
2021-07-08,66,186.0
2021-07-08,67,149.0
2021-07-08,68,118.0
2021-07-08,69,102.0
2021-07-08,70,138.0
2021-07-08,71,155.0
2021-07-08,72,155.0
2021-07-08,73,153.0
2021-07-08,74,141.0
2021-07-08,75,139.0
2021-07-08,76,141.0
2021-07-08,77,142.0
2021-07-08,78,153.0
2021-07-08,79,151.0
2021-07-08,80,132.0
2021-07-08,81,132.0
2021-07-08,82,126.0
2021-07-08,83,129.0
2021-07-08,84,127.0
2021-07-08,85,128.0
2021-07-08,86,123.0
2021-07-08,87,120.0
2021-07-08,88,104.0
2021-07-08,89,109.0
2021-07-08,90,113.0
2021-07-08,91,118.0
2021-07-08,92,119.0
2021-07-08,93,115.0
2021-07-08,94,116.0
2021-07-08,95,103.0
2021-07-09,0,78.0
2021-07-09,1,72.0
2021-07-09,2,72.0
2021-07-09,3,71.0
2021-07-09,4,94.0
2021-07-09,5,105.0
2021-07-09,6,104.0
2021-07-09,7,105.0
2021-07-09,8,105.0
2021-07-09,9,111.0
2021-07-09,10,114.0
2021-07-09,11,108.0
2021-07-09,12,86.0
2021-07-09,13,101.0
2021-07-09,14,98.0
2021-07-09,15,109.0
2021-07-09,16,105.0
2021-07-09,17,105.0
2021-07-09,18,106.0
2021-07-09,19,99.0
2021-07-09,20,99.0
2021-07-09,21,85.0
2021-07-09,22,104.0
2021-07-09,23,105.0
2021-07-09,24,109.0
2021-07-09,25,109.0
2021-07-09,26,125.0
2021-07-09,27,110.0
2021-07-09,28,113.0
2021-07-09,29,128.0
2021-07-09,30,150.0
2021-07-09,31,156.0
2021-07-09,32,154.0
2021-07-09,33,170.0
2021-07-09,34,188.0
2021-07-09,35,183.0
2021-07-09,36,168.0
2021-07-09,37,163.0
2021-07-09,38,168.0
2021-07-09,39,165.0
2021-07-09,40,139.0
2021-07-09,41,171.0
2021-07-09,42,168.0
2021-07-09,43,176.0
2021-07-09,44,163.0
2021-07-09,45,169.0
2021-07-09,46,176.0
2021-07-09,47,175.0
2021-07-09,48,112.0
2021-07-09,49,90.0
2021-07-09,50,97.0
2021-07-09,51,99.0
2021-07-09,52,156.0
2021-07-09,53,186.0
2021-07-09,54,185.0
2021-07-09,55,168.0
2021-07-09,56,165.0
2021-07-09,57,182.0
2021-07-09,58,185.0
2021-07-09,59,192.0
2021-07-09,60,153.0
2021-07-09,61,149.0
2021-07-09,62,179.0
2021-07-09,63,188.0
2021-07-09,64,176.0
2021-07-09,65,163.0
2021-07-09,66,173.0
2021-07-09,67,172.0
2021-07-09,68,124.0
2021-07-09,69,120.0
2021-07-09,70,163.0
2021-07-09,71,165.0
2021-07-09,72,168.0
2021-07-09,73,174.0
2021-07-09,74,173.0
2021-07-09,75,163.0
2021-07-09,76,140.0
2021-07-09,77,134.0
2021-07-09,78,139.0
2021-07-09,79,123.0
2021-07-09,80,97.0
2021-07-09,81,101.0
2021-07-09,82,106.0
2021-07-09,83,111.0
2021-07-09,84,106.0
2021-07-09,85,97.0
2021-07-09,86,101.0
2021-07-09,87,109.0
2021-07-09,88,91.0
2021-07-09,89,102.0
2021-07-09,90,111.0
2021-07-09,91,104.0
2021-07-09,92,93.0
2021-07-09,93,100.0
2021-07-09,94,106.0
2021-07-09,95,85.0
2021-07-10,0,70.0
2021-07-10,1,62.0
2021-07-10,2,64.0
2021-07-10,3,64.0
2021-07-10,4,89.0
2021-07-10,5,102.0
2021-07-10,6,98.0
2021-07-10,7,97.0
2021-07-10,8,100.0
2021-07-10,9,97.0
2021-07-10,10,96.0
2021-07-10,11,94.0
2021-07-10,12,85.0
2021-07-10,13,96.0
2021-07-10,14,100.0
2021-07-10,15,106.0
2021-07-10,16,106.0
2021-07-10,17,96.0
2021-07-10,18,99.0
2021-07-10,19,98.0
2021-07-10,20,83.0
2021-07-10,21,69.0
2021-07-10,22,84.0
2021-07-10,23,97.0
2021-07-10,24,103.0
2021-07-10,25,102.0
2021-07-10,26,104.0
2021-07-10,27,94.0
2021-07-10,28,105.0
2021-07-10,29,91.0
2021-07-10,30,69.0
2021-07-10,31,34.0
2021-07-10,32,26.0
2021-07-10,33,27.0
2021-07-10,34,26.0
2021-07-10,35,26.0
2021-07-10,36,27.0
2021-07-10,37,27.0
2021-07-10,38,27.0
2021-07-10,39,26.0
2021-07-10,40,27.0
2021-07-10,41,32.0
2021-07-10,42,30.0
2021-07-10,43,29.0
2021-07-10,44,31.0
2021-07-10,45,29.0
2021-07-10,46,29.0
2021-07-10,47,28.0
2021-07-10,48,26.0
2021-07-10,49,25.0
2021-07-10,50,26.0
2021-07-10,51,25.0
2021-07-10,52,27.0
2021-07-10,53,28.0
2021-07-10,54,23.0
2021-07-10,55,22.0
2021-07-10,56,23.0
2021-07-10,57,22.0
2021-07-10,58,22.0
2021-07-10,59,23.0
2021-07-10,60,24.0
2021-07-10,61,23.0
2021-07-10,62,23.0
2021-07-10,63,25.0
2021-07-10,64,24.0
2021-07-10,65,27.0
2021-07-10,66,24.0
2021-07-10,67,22.0
2021-07-10,68,23.0
2021-07-10,69,23.0
2021-07-10,70,22.0
2021-07-10,71,22.0
2021-07-10,72,22.0
2021-07-10,73,22.0
2021-07-10,74,22.0
2021-07-10,75,22.0
2021-07-10,76,22.0
2021-07-10,77,26.0
2021-07-10,78,26.0
2021-07-10,79,23.0
2021-07-10,80,21.0
2021-07-10,81,22.0
2021-07-10,82,23.0
2021-07-10,83,22.0
2021-07-10,84,23.0
2021-07-10,85,22.0
2021-07-10,86,22.0
2021-07-10,87,22.0
2021-07-10,88,23.0
2021-07-10,89,26.0
2021-07-10,90,26.0
2021-07-10,91,23.0
2021-07-10,92,22.0
2021-07-10,93,22.0
2021-07-10,94,22.0
2021-07-10,95,23.0
2021-07-11,0,22.0
2021-07-11,1,22.0
2021-07-11,2,23.0
2021-07-11,3,23.0
2021-07-11,4,23.0
2021-07-11,5,26.0
2021-07-11,6,27.0
2021-07-11,7,26.0
2021-07-11,8,23.0
2021-07-11,9,23.0
2021-07-11,10,22.0
2021-07-11,11,22.0
2021-07-11,12,24.0
2021-07-11,13,22.0
2021-07-11,14,23.0
2021-07-11,15,23.0
2021-07-11,16,23.0
2021-07-11,17,22.0
2021-07-11,18,24.0
2021-07-11,19,23.0
2021-07-11,20,27.0
2021-07-11,21,24.0
2021-07-11,22,22.0
2021-07-11,23,21.0
2021-07-11,24,22.0
2021-07-11,25,22.0
2021-07-11,26,22.0
2021-07-11,27,22.0
2021-07-11,28,22.0
2021-07-11,29,22.0
2021-07-11,30,22.0
2021-07-11,31,22.0
2021-07-11,32,22.0
2021-07-11,33,27.0
2021-07-11,34,24.0
2021-07-11,35,22.0
2021-07-11,36,22.0
2021-07-11,37,22.0
2021-07-11,38,22.0
2021-07-11,39,22.0
2021-07-11,40,23.0
2021-07-11,41,22.0
2021-07-11,42,23.0
2021-07-11,43,22.0
2021-07-11,44,22.0
2021-07-11,45,26.0
2021-07-11,46,28.0
2021-07-11,47,23.0
2021-07-11,48,23.0
2021-07-11,49,23.0
2021-07-11,50,24.0
2021-07-11,51,22.0
2021-07-11,52,24.0
2021-07-11,53,24.0
2021-07-11,54,23.0
2021-07-11,55,23.0
2021-07-11,56,24.0
2021-07-11,57,24.0
2021-07-11,58,28.0
2021-07-11,59,27.0
2021-07-11,60,24.0
2021-07-11,61,24.0
2021-07-11,62,24.0
2021-07-11,63,24.0
2021-07-11,64,24.0
2021-07-11,65,24.0
2021-07-11,66,24.0
2021-07-11,67,26.0
2021-07-11,68,23.0
2021-07-11,69,23.0
2021-07-11,70,23.0
2021-07-11,71,26.0
2021-07-11,72,26.0
2021-07-11,73,23.0
2021-07-11,74,22.0
2021-07-11,75,22.0
2021-07-11,76,22.0
2021-07-11,77,23.0
2021-07-11,78,22.0
2021-07-11,79,22.0
2021-07-11,80,23.0
2021-07-11,81,23.0
2021-07-11,82,22.0
2021-07-11,83,23.0
2021-07-11,84,26.0
2021-07-11,85,28.0
2021-07-11,86,24.0
2021-07-11,87,23.0
2021-07-11,88,23.0
2021-07-11,89,22.0
2021-07-11,90,24.0
2021-07-11,91,23.0
2021-07-11,92,23.0
2021-07-11,93,22.0
2021-07-11,94,22.0
2021-07-11,95,23.0
2021-07-12,0,23.0
2021-07-12,1,26.0
2021-07-12,2,26.0
2021-07-12,3,23.0
2021-07-12,4,23.0
2021-07-12,5,23.0
2021-07-12,6,23.0
2021-07-12,7,22.0
2021-07-12,8,23.0
2021-07-12,9,22.0
2021-07-12,10,23.0
2021-07-12,11,22.0
2021-07-12,12,22.0
2021-07-12,13,23.0
2021-07-12,14,24.0
2021-07-12,15,27.0
2021-07-12,16,23.0
2021-07-12,17,21.0
2021-07-12,18,22.0
2021-07-12,19,22.0
2021-07-12,20,23.0
2021-07-12,21,23.0
2021-07-12,22,23.0
2021-07-12,23,23.0
2021-07-12,24,23.0
2021-07-12,25,23.0
2021-07-12,26,23.0
2021-07-12,27,25.0
2021-07-12,28,31.0
2021-07-12,29,40.0
2021-07-12,30,66.0
2021-07-12,31,123.0
2021-07-12,32,153.0
2021-07-12,33,196.0
2021-07-12,34,198.0
2021-07-12,35,195.0
2021-07-12,36,195.0
2021-07-12,37,192.0
2021-07-12,38,187.0
2021-07-12,39,191.0
2021-07-12,40,149.0
2021-07-12,41,180.0
2021-07-12,42,183.0
2021-07-12,43,186.0
2021-07-12,44,188.0
2021-07-12,45,187.0
2021-07-12,46,187.0
2021-07-12,47,180.0
2021-07-12,48,134.0
2021-07-12,49,115.0
2021-07-12,50,107.0
2021-07-12,51,103.0
2021-07-12,52,146.0
2021-07-12,53,169.0
2021-07-12,54,178.0
2021-07-12,55,174.0
2021-07-12,56,177.0
2021-07-12,57,184.0
2021-07-12,58,185.0
2021-07-12,59,190.0
2021-07-12,60,143.0
2021-07-12,61,143.0
2021-07-12,62,182.0
2021-07-12,63,188.0
2021-07-12,64,177.0
2021-07-12,65,164.0
2021-07-12,66,177.0
2021-07-12,67,177.0
2021-07-12,68,125.0
2021-07-12,69,105.0
2021-07-12,70,147.0
2021-07-12,71,173.0
2021-07-12,72,164.0
2021-07-12,73,153.0
2021-07-12,74,162.0
2021-07-12,75,149.0
2021-07-12,76,158.0
2021-07-12,77,175.0
2021-07-12,78,165.0
2021-07-12,79,129.0
2021-07-12,80,117.0
2021-07-12,81,119.0
2021-07-12,82,136.0
2021-07-12,83,127.0
2021-07-12,84,119.0
2021-07-12,85,133.0
2021-07-12,86,120.0
2021-07-12,87,106.0
2021-07-12,88,104.0
2021-07-12,89,120.0
2021-07-12,90,125.0
2021-07-12,91,113.0
2021-07-12,92,112.0
2021-07-12,93,115.0
2021-07-12,94,105.0
2021-07-12,95,79.0
2021-07-14,0,75.0
2021-07-14,1,71.0
2021-07-14,2,73.0
2021-07-14,3,72.0
2021-07-14,4,90.0
2021-07-14,5,112.0
2021-07-14,6,107.0
2021-07-14,7,99.0
2021-07-14,8,109.0
2021-07-14,9,108.0
2021-07-14,10,107.0
2021-07-14,11,97.0
2021-07-14,12,86.0
2021-07-14,13,100.0
2021-07-14,14,114.0
2021-07-14,15,109.0
2021-07-14,16,106.0
2021-07-14,17,107.0
2021-07-14,18,105.0
2021-07-14,19,103.0
2021-07-14,20,81.0
2021-07-14,21,73.0
2021-07-14,22,88.0
2021-07-14,23,115.0
2021-07-14,24,112.0
2021-07-14,25,100.0
2021-07-14,26,100.0
2021-07-14,27,110.0
2021-07-14,28,111.0
2021-07-14,29,126.0
2021-07-14,30,154.0
2021-07-14,31,137.0
2021-07-14,32,157.0
2021-07-14,33,186.0
2021-07-14,34,186.0
2021-07-14,35,186.0
2021-07-14,36,177.0
2021-07-14,37,180.0
2021-07-14,38,195.0
2021-07-14,39,188.0
2021-07-14,40,158.0
2021-07-14,41,182.0
2021-07-14,42,185.0
2021-07-14,43,173.0
2021-07-14,44,182.0
2021-07-14,45,193.0
2021-07-14,46,189.0
2021-07-14,47,177.0
2021-07-14,48,110.0
2021-07-14,49,94.0
2021-07-14,50,96.0
2021-07-14,51,97.0
2021-07-14,52,143.0
2021-07-14,53,179.0
2021-07-14,54,168.0
2021-07-14,55,173.0
2021-07-14,56,186.0
2021-07-14,57,176.0
2021-07-14,58,170.0
2021-07-14,59,179.0
2021-07-14,60,141.0
2021-07-14,61,123.0
2021-07-14,62,136.0
2021-07-14,63,136.0
2021-07-14,64,155.0
2021-07-14,65,150.0
2021-07-14,66,156.0
2021-07-14,67,156.0
2021-07-14,68,125.0
2021-07-14,69,110.0
2021-07-14,70,145.0
2021-07-14,71,179.0
2021-07-14,72,169.0
2021-07-14,73,164.0
2021-07-14,74,163.0
2021-07-14,75,163.0
2021-07-14,76,148.0
2021-07-14,77,148.0
2021-07-14,78,142.0
2021-07-14,79,114.0
2021-07-14,80,110.0
2021-07-14,81,120.0
2021-07-14,82,111.0
2021-07-14,83,106.0
2021-07-14,84,113.0
2021-07-14,85,110.0
2021-07-14,86,112.0
2021-07-14,87,111.0
2021-07-14,88,101.0
2021-07-14,89,115.0
2021-07-14,90,113.0
2021-07-14,91,112.0
2021-07-14,92,109.0
2021-07-14,93,112.0
2021-07-14,94,112.0
2021-07-14,95,83.0
2021-07-16,0,67.0
2021-07-16,1,65.0
2021-07-16,2,64.0
2021-07-16,3,65.0
2021-07-16,4,95.0
2021-07-16,5,96.0
2021-07-16,6,100.0
2021-07-16,7,92.0
2021-07-16,8,99.0
2021-07-16,9,103.0
2021-07-16,10,101.0
2021-07-16,11,102.0
2021-07-16,12,98.0
2021-07-16,13,114.0
2021-07-16,14,106.0
2021-07-16,15,108.0
2021-07-16,16,109.0
2021-07-16,17,106.0
2021-07-16,18,105.0
2021-07-16,19,102.0
2021-07-16,20,80.0
2021-07-16,21,74.0
2021-07-16,22,89.0
2021-07-16,23,107.0
2021-07-16,24,108.0
2021-07-16,25,109.0
2021-07-16,26,98.0
2021-07-16,27,109.0
2021-07-16,28,107.0
2021-07-16,29,120.0
2021-07-16,30,157.0
2021-07-16,31,157.0
2021-07-16,32,177.0
2021-07-16,33,193.0
2021-07-16,34,194.0
2021-07-16,35,182.0
2021-07-16,36,190.0
2021-07-16,37,173.0
2021-07-16,38,188.0
2021-07-16,39,189.0
2021-07-16,40,130.0
2021-07-16,41,171.0
2021-07-16,42,187.0
2021-07-16,43,187.0
2021-07-16,44,177.0
2021-07-16,45,182.0
2021-07-16,46,194.0
2021-07-16,47,197.0
2021-07-16,48,128.0
2021-07-16,49,108.0
2021-07-16,50,110.0
2021-07-16,51,119.0
2021-07-16,52,154.0
2021-07-16,53,176.0
2021-07-16,54,177.0
2021-07-16,55,181.0
2021-07-16,56,161.0
2021-07-16,57,147.0
2021-07-16,58,173.0
2021-07-16,59,181.0
2021-07-16,60,134.0
2021-07-16,61,133.0
2021-07-16,62,189.0
2021-07-16,63,176.0
2021-07-16,64,178.0
2021-07-16,65,176.0
2021-07-16,66,149.0
2021-07-16,67,156.0
2021-07-16,68,114.0
2021-07-16,69,106.0
2021-07-16,70,157.0
2021-07-16,71,176.0
2021-07-16,72,168.0
2021-07-16,73,155.0
2021-07-16,74,156.0
2021-07-16,75,151.0
2021-07-16,76,143.0
2021-07-16,77,141.0
2021-07-16,78,146.0
2021-07-16,79,115.0
2021-07-16,80,104.0
2021-07-16,81,111.0
2021-07-16,82,123.0
2021-07-16,83,117.0
2021-07-16,84,117.0
2021-07-16,85,120.0
2021-07-16,86,111.0
2021-07-16,87,106.0
2021-07-16,88,94.0
2021-07-16,89,106.0
2021-07-16,90,112.0
2021-07-16,91,95.0
2021-07-16,92,118.0
2021-07-16,93,111.0
2021-07-16,94,99.0
2021-07-16,95,77.0
2021-07-17,0,66.0
2021-07-17,1,63.0
2021-07-17,2,62.0
2021-07-17,3,63.0
2021-07-17,4,90.0
2021-07-17,5,110.0
2021-07-17,6,102.0
2021-07-17,7,100.0
2021-07-17,8,105.0
2021-07-17,9,101.0
2021-07-17,10,92.0
2021-07-17,11,95.0
2021-07-17,12,85.0
2021-07-17,13,90.0
2021-07-17,14,99.0
2021-07-17,15,102.0
2021-07-17,16,97.0
2021-07-17,17,89.0
2021-07-17,18,96.0
2021-07-17,19,103.0
2021-07-17,20,77.0
2021-07-17,21,64.0
2021-07-17,22,87.0
2021-07-17,23,108.0
2021-07-17,24,96.0
2021-07-17,25,76.0
2021-07-17,26,81.0
2021-07-17,27,87.0
2021-07-17,28,88.0
2021-07-17,29,73.0
2021-07-17,30,40.0
2021-07-17,31,28.0
2021-07-17,32,25.0
2021-07-17,33,27.0
2021-07-17,34,24.0
2021-07-17,35,23.0
2021-07-17,36,23.0
2021-07-17,37,23.0
2021-07-17,38,22.0
2021-07-17,39,24.0
2021-07-17,40,24.0
2021-07-17,41,23.0
2021-07-17,42,23.0
2021-07-17,43,23.0
2021-07-17,44,23.0
2021-07-17,45,24.0
2021-07-17,46,23.0
2021-07-17,47,27.0
2021-07-17,48,26.0
2021-07-17,49,24.0
2021-07-17,50,23.0
2021-07-17,51,24.0
2021-07-17,52,24.0
2021-07-17,53,23.0
2021-07-17,54,23.0
2021-07-17,55,23.0
2021-07-17,56,23.0
2021-07-17,57,24.0
2021-07-17,58,23.0
2021-07-17,59,23.0
2021-07-17,60,28.0
2021-07-17,61,27.0
2021-07-17,62,23.0
2021-07-17,63,23.0
2021-07-17,64,23.0
2021-07-17,65,23.0
2021-07-17,66,24.0
2021-07-17,67,22.0
2021-07-17,68,22.0
2021-07-17,69,22.0
2021-07-17,70,23.0
2021-07-17,71,22.0
2021-07-17,72,22.0
2021-07-17,73,25.0
2021-07-17,74,27.0
2021-07-17,75,23.0
2021-07-17,76,22.0
2021-07-17,77,23.0
2021-07-17,78,23.0
2021-07-17,79,23.0
2021-07-17,80,23.0
2021-07-17,81,22.0
2021-07-17,82,23.0
2021-07-17,83,23.0
2021-07-17,84,24.0
2021-07-17,85,24.0
2021-07-17,86,23.0
2021-07-17,87,24.0
2021-07-17,88,28.0
2021-07-17,89,24.0
2021-07-17,90,24.0
2021-07-17,91,24.0
2021-07-17,92,23.0
2021-07-17,93,22.0
2021-07-17,94,23.0
2021-07-17,95,24.0
2021-07-18,0,23.0
2021-07-18,1,22.0
2021-07-18,2,23.0
2021-07-18,3,24.0
2021-07-18,4,28.0
2021-07-18,5,26.0
2021-07-18,6,23.0
2021-07-18,7,23.0
2021-07-18,8,23.0
2021-07-18,9,23.0
2021-07-18,10,23.0
2021-07-18,11,24.0
2021-07-18,12,22.0
2021-07-18,13,23.0
2021-07-18,14,24.0
2021-07-18,15,23.0
2021-07-18,16,23.0
2021-07-18,17,28.0
2021-07-18,18,25.0
2021-07-18,19,23.0
2021-07-18,20,22.0
2021-07-18,21,22.0
2021-07-18,22,22.0
2021-07-18,23,22.0
2021-07-18,24,23.0
2021-07-18,25,23.0
2021-07-18,26,23.0
2021-07-18,27,22.0
2021-07-18,28,23.0
2021-07-18,29,25.0
2021-07-18,30,28.0
2021-07-18,31,25.0
2021-07-18,32,22.0
2021-07-18,33,23.0
2021-07-18,34,23.0
2021-07-18,35,24.0
2021-07-18,36,22.0
2021-07-18,37,23.0
2021-07-18,38,23.0
2021-07-18,39,23.0
2021-07-18,40,22.0
2021-07-18,41,22.0
2021-07-18,42,23.0
2021-07-18,43,23.0
2021-07-18,44,24.0
2021-07-18,45,27.0
2021-07-18,46,23.0
2021-07-18,47,24.0
2021-07-18,48,23.0
2021-07-18,49,23.0
2021-07-18,50,22.0
2021-07-18,51,23.0
2021-07-18,52,23.0
2021-07-18,53,23.0
2021-07-18,54,23.0
2021-07-18,55,23.0
2021-07-18,56,24.0
2021-07-18,57,25.0
2021-07-18,58,27.0
2021-07-18,59,24.0
2021-07-18,60,24.0
2021-07-18,61,26.0
2021-07-18,62,24.0
2021-07-18,63,23.0
2021-07-18,64,23.0
2021-07-18,65,23.0
2021-07-18,66,23.0
2021-07-18,67,23.0
2021-07-18,68,23.0
2021-07-18,69,24.0
2021-07-18,70,23.0
2021-07-18,71,27.0
2021-07-18,72,25.0
2021-07-18,73,23.0
2021-07-18,74,23.0
2021-07-18,75,23.0
2021-07-18,76,23.0
2021-07-18,77,23.0
2021-07-18,78,23.0
2021-07-18,79,22.0
2021-07-18,80,23.0
2021-07-18,81,23.0
2021-07-18,82,22.0
2021-07-18,83,23.0
2021-07-18,84,26.0
2021-07-18,85,28.0
2021-07-18,86,23.0
2021-07-18,87,24.0
2021-07-18,88,23.0
2021-07-18,89,23.0
2021-07-18,90,24.0
2021-07-18,91,24.0
2021-07-18,92,23.0
2021-07-18,93,22.0
2021-07-18,94,22.0
2021-07-18,95,23.0
2021-07-19,0,23.0
2021-07-19,1,25.0
2021-07-19,2,28.0
2021-07-19,3,26.0
2021-07-19,4,24.0
2021-07-19,5,24.0
2021-07-19,6,23.0
2021-07-19,7,23.0
2021-07-19,8,23.0
2021-07-19,9,22.0
2021-07-19,10,24.0
2021-07-19,11,24.0
2021-07-19,12,24.0
2021-07-19,13,23.0
2021-07-19,14,22.0
2021-07-19,15,23.0
2021-07-19,16,27.0
2021-07-19,17,27.0
2021-07-19,18,22.0
2021-07-19,19,22.0
2021-07-19,20,22.0
2021-07-19,21,23.0
2021-07-19,22,23.0
2021-07-19,23,23.0
2021-07-19,24,23.0
2021-07-19,25,23.0
2021-07-19,26,22.0
2021-07-19,27,23.0
2021-07-19,28,24.0
2021-07-19,29,39.0
2021-07-19,30,76.0
2021-07-19,31,119.0
2021-07-19,32,172.0
2021-07-19,33,200.0
2021-07-19,34,194.0
2021-07-19,35,185.0
2021-07-19,36,182.0
2021-07-19,37,174.0
2021-07-19,38,185.0
2021-07-19,39,176.0
2021-07-19,40,146.0
2021-07-19,41,180.0
2021-07-19,42,209.0
2021-07-19,43,203.0
2021-07-19,44,182.0
2021-07-19,45,222.0
2021-07-19,46,207.0
2021-07-19,47,186.0
2021-07-19,48,134.0
2021-07-19,49,111.0
2021-07-19,50,111.0
2021-07-19,51,113.0
2021-07-19,52,157.0
2021-07-19,53,188.0
2021-07-19,54,193.0
2021-07-19,55,174.0
2021-07-19,56,175.0
2021-07-19,57,190.0
2021-07-19,58,177.0
2021-07-19,59,170.0
2021-07-19,60,141.0
2021-07-19,61,141.0
2021-07-19,62,194.0
2021-07-19,63,201.0
2021-07-19,64,187.0
2021-07-19,65,183.0
2021-07-19,66,185.0
2021-07-19,67,178.0
2021-07-19,68,136.0
2021-07-19,69,110.0
2021-07-19,70,161.0
2021-07-19,71,190.0
2021-07-19,72,188.0
2021-07-19,73,167.0
2021-07-19,74,166.0
2021-07-19,75,162.0
2021-07-19,76,154.0
2021-07-19,77,162.0
2021-07-19,78,156.0
2021-07-19,79,131.0
2021-07-19,80,115.0
2021-07-19,81,126.0
2021-07-19,82,136.0
2021-07-19,83,132.0
2021-07-19,84,129.0
2021-07-19,85,126.0
2021-07-19,86,127.0
2021-07-19,87,114.0
2021-07-19,88,94.0
2021-07-19,89,106.0
2021-07-19,90,109.0
2021-07-19,91,114.0
2021-07-19,92,119.0
2021-07-19,93,120.0
2021-07-19,94,106.0
2021-07-19,95,93.0
2021-07-20,0,76.0
2021-07-20,1,69.0
2021-07-20,2,68.0
2021-07-20,3,69.0
2021-07-20,4,83.0
2021-07-20,5,104.0
2021-07-20,6,112.0
2021-07-20,7,102.0
2021-07-20,8,106.0
2021-07-20,9,104.0
2021-07-20,10,100.0
2021-07-20,11,103.0
2021-07-20,12,87.0
2021-07-20,13,103.0
2021-07-20,14,116.0
2021-07-20,15,112.0
2021-07-20,16,110.0
2021-07-20,17,110.0
2021-07-20,18,108.0
2021-07-20,19,100.0
2021-07-20,20,91.0
2021-07-20,21,79.0
2021-07-20,22,87.0
2021-07-20,23,106.0
2021-07-20,24,109.0
2021-07-20,25,110.0
2021-07-20,26,117.0
2021-07-20,27,104.0
2021-07-20,28,109.0
2021-07-20,29,130.0
2021-07-20,30,148.0
2021-07-20,31,146.0
2021-07-20,32,170.0
2021-07-20,33,191.0
2021-07-20,34,201.0
2021-07-20,35,191.0
2021-07-20,36,199.0
2021-07-20,37,195.0
2021-07-20,38,171.0
2021-07-20,39,200.0
2021-07-20,40,164.0
2021-07-20,41,196.0
2021-07-20,42,197.0
2021-07-20,43,197.0
2021-07-20,44,192.0
2021-07-20,45,191.0
2021-07-20,46,188.0
2021-07-20,47,190.0
2021-07-20,48,142.0
2021-07-20,49,121.0
2021-07-20,50,109.0
2021-07-20,51,112.0
2021-07-20,52,157.0
2021-07-20,53,177.0
2021-07-20,54,183.0
2021-07-20,55,194.0
2021-07-20,56,192.0
2021-07-20,57,186.0
2021-07-20,58,185.0
2021-07-20,59,183.0
2021-07-20,60,145.0
2021-07-20,61,144.0
2021-07-20,62,180.0
2021-07-20,63,199.0
2021-07-20,64,201.0
2021-07-20,65,179.0
2021-07-20,66,179.0
2021-07-20,67,181.0
2021-07-20,68,116.0
2021-07-20,69,107.0
2021-07-20,70,145.0
2021-07-20,71,159.0
2021-07-20,72,179.0
2021-07-20,73,182.0
2021-07-20,74,160.0
2021-07-20,75,177.0
2021-07-20,76,176.0
2021-07-20,77,173.0
2021-07-20,78,173.0
2021-07-20,79,159.0
2021-07-20,80,132.0
2021-07-20,81,131.0
2021-07-20,82,124.0
2021-07-20,83,120.0
2021-07-20,84,121.0
2021-07-20,85,127.0
2021-07-20,86,137.0
2021-07-20,87,133.0
2021-07-20,88,108.0
2021-07-20,89,111.0
2021-07-20,90,108.0
2021-07-20,91,121.0
2021-07-20,92,117.0
2021-07-20,93,111.0
2021-07-20,94,112.0
2021-07-20,95,96.0
2021-07-21,0,85.0
2021-07-21,1,79.0
2021-07-21,2,74.0
2021-07-21,3,72.0
2021-07-21,4,96.0
2021-07-21,5,105.0
2021-07-21,6,112.0
2021-07-21,7,113.0
2021-07-21,8,89.0
2021-07-21,9,100.0
2021-07-21,10,108.0
2021-07-21,11,101.0
2021-07-21,12,85.0
2021-07-21,13,104.0
2021-07-21,14,106.0
2021-07-21,15,111.0
2021-07-21,16,100.0
2021-07-21,17,117.0
2021-07-21,18,111.0
2021-07-21,19,99.0
2021-07-21,20,86.0
2021-07-21,21,78.0
2021-07-21,22,99.0
2021-07-21,23,111.0
2021-07-21,24,108.0
2021-07-21,25,99.0
2021-07-21,26,110.0
2021-07-21,27,106.0
2021-07-21,28,104.0
2021-07-21,29,111.0
2021-07-21,30,149.0
2021-07-21,31,148.0
2021-07-21,32,164.0
2021-07-21,33,200.0
2021-07-21,34,209.0
2021-07-21,35,199.0
2021-07-21,36,195.0
2021-07-21,37,200.0
2021-07-21,38,205.0
2021-07-21,39,214.0
2021-07-21,40,164.0
2021-07-21,41,197.0
2021-07-21,42,183.0
2021-07-21,43,173.0
2021-07-21,44,180.0
2021-07-21,45,200.0
2021-07-21,46,200.0
2021-07-21,47,206.0
2021-07-21,48,150.0
2021-07-21,49,128.0
2021-07-21,50,116.0
2021-07-21,51,116.0
2021-07-21,52,177.0
2021-07-21,53,181.0
2021-07-21,54,193.0
2021-07-21,55,204.0
2021-07-21,56,197.0
2021-07-21,57,203.0
2021-07-21,58,201.0
2021-07-21,59,194.0
2021-07-21,60,151.0
2021-07-21,61,151.0
2021-07-21,62,199.0
2021-07-21,63,183.0
2021-07-21,64,180.0
2021-07-21,65,178.0
2021-07-21,66,182.0
2021-07-21,67,189.0
2021-07-21,68,133.0
2021-07-21,69,116.0
2021-07-21,70,149.0
2021-07-21,71,153.0
2021-07-21,72,162.0
2021-07-21,73,168.0
2021-07-21,74,152.0
2021-07-21,75,167.0
2021-07-21,76,170.0
2021-07-21,77,161.0
2021-07-21,78,174.0
2021-07-21,79,143.0
2021-07-21,80,126.0
2021-07-21,81,138.0
2021-07-21,82,131.0
2021-07-21,83,128.0
2021-07-21,84,118.0
2021-07-21,85,116.0
2021-07-21,86,118.0
2021-07-21,87,116.0
2021-07-21,88,88.0
2021-07-21,89,102.0
2021-07-21,90,110.0
2021-07-21,91,114.0
2021-07-21,92,106.0
2021-07-21,93,111.0
2021-07-21,94,107.0
2021-07-21,95,88.0
2021-07-22,0,73.0
2021-07-22,1,72.0
2021-07-22,2,70.0
2021-07-22,3,67.0
2021-07-22,4,88.0
2021-07-22,5,96.0
2021-07-22,6,106.0
2021-07-22,7,106.0
2021-07-22,8,97.0
2021-07-22,9,111.0
2021-07-22,10,108.0
2021-07-22,11,95.0
2021-07-22,12,86.0
2021-07-22,13,104.0
2021-07-22,14,103.0
2021-07-22,15,105.0
2021-07-22,16,101.0
2021-07-22,17,105.0
2021-07-22,18,106.0
2021-07-22,19,108.0
2021-07-22,20,80.0
2021-07-22,21,74.0
2021-07-22,22,85.0
2021-07-22,23,103.0
2021-07-22,24,104.0
2021-07-22,25,106.0
2021-07-22,26,109.0
2021-07-22,27,104.0
2021-07-22,28,101.0
2021-07-22,29,108.0
2021-07-22,30,132.0
2021-07-22,31,146.0
2021-07-22,32,184.0
2021-07-22,33,213.0
2021-07-22,34,193.0
2021-07-22,35,196.0
2021-07-22,36,186.0
2021-07-22,37,197.0
2021-07-22,38,192.0
2021-07-22,39,191.0
2021-07-22,40,148.0
2021-07-22,41,192.0
2021-07-22,42,188.0
2021-07-22,43,190.0
2021-07-22,44,177.0
2021-07-22,45,188.0
2021-07-22,46,188.0
2021-07-22,47,192.0
2021-07-22,48,119.0
2021-07-22,49,99.0
2021-07-22,50,99.0
2021-07-22,51,97.0
2021-07-22,52,157.0
2021-07-22,53,174.0
2021-07-22,54,177.0
2021-07-22,55,174.0
2021-07-22,56,178.0
2021-07-22,57,178.0
2021-07-22,58,182.0
2021-07-22,59,189.0
2021-07-22,60,149.0
2021-07-22,61,143.0
2021-07-22,62,182.0
2021-07-22,63,180.0
2021-07-22,64,172.0
2021-07-22,65,166.0
2021-07-22,66,166.0
2021-07-22,67,157.0
2021-07-22,68,110.0
2021-07-22,69,97.0
2021-07-22,70,133.0
2021-07-22,71,155.0
2021-07-22,72,157.0
2021-07-22,73,168.0
2021-07-22,74,160.0
2021-07-22,75,169.0
2021-07-22,76,163.0
2021-07-22,77,152.0
2021-07-22,78,162.0
2021-07-22,79,138.0
2021-07-22,80,132.0
2021-07-22,81,138.0
2021-07-22,82,127.0
2021-07-22,83,130.0
2021-07-22,84,119.0
2021-07-22,85,119.0
2021-07-22,86,123.0
2021-07-22,87,118.0
2021-07-22,88,104.0
2021-07-22,89,122.0
2021-07-22,90,119.0
2021-07-22,91,114.0
2021-07-22,92,107.0
2021-07-22,93,104.0
2021-07-22,94,114.0
2021-07-22,95,104.0
2021-07-23,0,87.0
2021-07-23,1,79.0
2021-07-23,2,74.0
2021-07-23,3,71.0
2021-07-23,4,98.0
2021-07-23,5,111.0
2021-07-23,6,106.0
2021-07-23,7,103.0
2021-07-23,8,104.0
2021-07-23,9,105.0
2021-07-23,10,102.0
2021-07-23,11,110.0
2021-07-23,12,89.0
2021-07-23,13,103.0
2021-07-23,14,109.0
2021-07-23,15,106.0
2021-07-23,16,100.0
2021-07-23,17,97.0
2021-07-23,18,101.0
2021-07-23,19,98.0
2021-07-23,20,87.0
2021-07-23,21,76.0
2021-07-23,22,93.0
2021-07-23,23,99.0
2021-07-23,24,103.0
2021-07-23,25,105.0
2021-07-23,26,100.0
2021-07-23,27,105.0
2021-07-23,28,98.0
2021-07-23,29,104.0
2021-07-23,30,143.0
2021-07-23,31,144.0
2021-07-23,32,169.0
2021-07-23,33,202.0
2021-07-23,34,199.0
2021-07-23,35,192.0
2021-07-23,36,179.0
2021-07-23,37,183.0
2021-07-23,38,190.0
2021-07-23,39,189.0
2021-07-23,40,162.0
2021-07-23,41,189.0
2021-07-23,42,182.0
2021-07-23,43,182.0
2021-07-23,44,179.0
2021-07-23,45,185.0
2021-07-23,46,199.0
2021-07-23,47,189.0
2021-07-23,48,125.0
2021-07-23,49,110.0
2021-07-23,50,108.0
2021-07-23,51,109.0
2021-07-23,52,161.0
2021-07-23,53,192.0
2021-07-23,54,178.0
2021-07-23,55,188.0
2021-07-23,56,177.0
2021-07-23,57,186.0
2021-07-23,58,190.0
2021-07-23,59,183.0
2021-07-23,60,152.0
2021-07-23,61,151.0
2021-07-23,62,192.0
2021-07-23,63,206.0
2021-07-23,64,195.0
2021-07-23,65,197.0
2021-07-23,66,188.0
2021-07-23,67,177.0
2021-07-23,68,110.0
2021-07-23,69,111.0
2021-07-23,70,154.0
2021-07-23,71,178.0
2021-07-23,72,175.0
2021-07-23,73,174.0
2021-07-23,74,173.0
2021-07-23,75,176.0
2021-07-23,76,165.0
2021-07-23,77,148.0
2021-07-23,78,145.0
2021-07-23,79,120.0
2021-07-23,80,107.0
2021-07-23,81,115.0
2021-07-23,82,115.0
2021-07-23,83,105.0
2021-07-23,84,104.0
2021-07-23,85,110.0
2021-07-23,86,107.0
2021-07-23,87,105.0
2021-07-23,88,93.0
2021-07-23,89,104.0
2021-07-23,90,107.0
2021-07-23,91,96.0
2021-07-23,92,98.0
2021-07-23,93,111.0
2021-07-23,94,107.0
2021-07-23,95,91.0
2021-07-24,0,72.0
2021-07-24,1,67.0
2021-07-24,2,65.0
2021-07-24,3,69.0
2021-07-24,4,93.0
2021-07-24,5,92.0
2021-07-24,6,101.0
2021-07-24,7,99.0
2021-07-24,8,100.0
2021-07-24,9,99.0
2021-07-24,10,97.0
2021-07-24,11,84.0
2021-07-24,12,72.0
2021-07-24,13,96.0
2021-07-24,14,104.0
2021-07-24,15,101.0
2021-07-24,16,100.0
2021-07-24,17,98.0
2021-07-24,18,98.0
2021-07-24,19,90.0
2021-07-24,20,75.0
2021-07-24,21,69.0
2021-07-24,22,87.0
2021-07-24,23,91.0
2021-07-24,24,98.0
2021-07-24,25,97.0
2021-07-24,26,96.0
2021-07-24,27,87.0
2021-07-24,28,81.0
2021-07-24,29,75.0
2021-07-24,30,56.0
2021-07-24,31,32.0
2021-07-24,32,28.0
2021-07-24,33,23.0
2021-07-24,34,23.0
2021-07-24,35,24.0
2021-07-24,36,24.0
2021-07-24,37,24.0
2021-07-24,38,24.0
2021-07-24,39,24.0
2021-07-24,40,24.0
2021-07-24,41,24.0
2021-07-24,42,24.0
2021-07-24,43,24.0
2021-07-24,44,26.0
2021-07-24,45,27.0
2021-07-24,46,29.0
2021-07-24,47,25.0
2021-07-24,48,24.0
2021-07-24,49,22.0
2021-07-24,50,23.0
2021-07-24,51,23.0
2021-07-24,52,23.0
2021-07-24,53,24.0
2021-07-24,54,24.0
2021-07-24,55,24.0
2021-07-24,56,24.0
2021-07-24,57,24.0
2021-07-24,58,24.0
2021-07-24,59,24.0
2021-07-24,60,27.0
2021-07-24,61,28.0
2021-07-24,62,24.0
2021-07-24,63,24.0
2021-07-24,64,24.0
2021-07-24,65,24.0
2021-07-24,66,24.0
2021-07-24,67,25.0
2021-07-24,68,24.0
2021-07-24,69,24.0
2021-07-24,70,24.0
2021-07-24,71,24.0
2021-07-24,72,24.0
2021-07-24,73,23.0
2021-07-24,74,24.0
2021-07-24,75,29.0
2021-07-24,76,28.0
2021-07-24,77,24.0
2021-07-24,78,23.0
2021-07-24,79,23.0
2021-07-24,80,23.0
2021-07-24,81,23.0
2021-07-24,82,24.0
2021-07-24,83,25.0
2021-07-24,84,24.0
2021-07-24,85,24.0
2021-07-24,86,25.0
2021-07-24,87,25.0
2021-07-24,88,24.0
2021-07-24,89,25.0
2021-07-24,90,28.0
2021-07-24,91,25.0
2021-07-24,92,24.0
2021-07-24,93,24.0
2021-07-24,94,24.0
2021-07-24,95,24.0
2021-07-25,0,24.0
2021-07-25,1,24.0
2021-07-25,2,24.0
2021-07-25,3,24.0
2021-07-25,4,24.0
2021-07-25,5,24.0
2021-07-25,6,24.0
2021-07-25,7,26.0
2021-07-25,8,29.0
2021-07-25,9,25.0
2021-07-25,10,23.0
2021-07-25,11,24.0
2021-07-25,12,24.0
2021-07-25,13,26.0
2021-07-25,14,23.0
2021-07-25,15,23.0
2021-07-25,16,23.0
2021-07-25,17,24.0
2021-07-25,18,24.0
2021-07-25,19,24.0
2021-07-25,20,24.0
2021-07-25,21,24.0
2021-07-25,22,28.0
2021-07-25,23,27.0
2021-07-25,24,23.0
2021-07-25,25,24.0
2021-07-25,26,24.0
2021-07-25,27,24.0
2021-07-25,28,24.0
2021-07-25,29,24.0
2021-07-25,30,24.0
2021-07-25,31,24.0
2021-07-25,32,24.0
2021-07-25,33,23.0
2021-07-25,34,23.0
2021-07-25,35,24.0
2021-07-25,36,25.0
2021-07-25,37,29.0
2021-07-25,38,25.0
2021-07-25,39,24.0
2021-07-25,40,24.0
2021-07-25,41,23.0
2021-07-25,42,24.0
2021-07-25,43,24.0
2021-07-25,44,23.0
2021-07-25,45,23.0
2021-07-25,46,24.0
2021-07-25,47,24.0
2021-07-25,48,26.0
2021-07-25,49,25.0
2021-07-25,50,28.0
2021-07-25,51,26.0
2021-07-25,52,24.0
2021-07-25,53,24.0
2021-07-25,54,24.0
2021-07-25,55,23.0
2021-07-25,56,24.0
2021-07-25,57,24.0
2021-07-25,58,25.0
2021-07-25,59,24.0
2021-07-25,60,24.0
2021-07-25,61,24.0
2021-07-25,62,25.0
2021-07-25,63,25.0
2021-07-25,64,29.0
2021-07-25,65,27.0
2021-07-25,66,25.0
2021-07-25,67,24.0
2021-07-25,68,24.0
2021-07-25,69,24.0
2021-07-25,70,24.0
2021-07-25,71,23.0
2021-07-25,72,23.0
2021-07-25,73,24.0
2021-07-25,74,23.0
2021-07-25,75,23.0
2021-07-25,76,24.0
2021-07-25,77,24.0
2021-07-25,78,25.0
2021-07-25,79,28.0
2021-07-25,80,23.0
2021-07-25,81,24.0
2021-07-25,82,24.0
2021-07-25,83,24.0
2021-07-25,84,24.0
2021-07-25,85,24.0
2021-07-25,86,23.0
2021-07-25,87,24.0
2021-07-25,88,23.0
2021-07-25,89,24.0
2021-07-25,90,24.0
2021-07-25,91,24.0
2021-07-25,92,26.0
2021-07-25,93,28.0
2021-07-25,94,24.0
2021-07-25,95,24.0
2021-07-26,0,24.0
2021-07-26,1,24.0
2021-07-26,2,24.0
2021-07-26,3,24.0
2021-07-26,4,23.0
2021-07-26,5,24.0
2021-07-26,6,24.0
2021-07-26,7,24.0
2021-07-26,8,24.0
2021-07-26,9,24.0
2021-07-26,10,24.0
2021-07-26,11,27.0
2021-07-26,12,27.0
2021-07-26,13,24.0
2021-07-26,14,24.0
2021-07-26,15,24.0
2021-07-26,16,23.0
2021-07-26,17,23.0
2021-07-26,18,24.0
2021-07-26,19,24.0
2021-07-26,20,24.0
2021-07-26,21,24.0
2021-07-26,22,23.0
2021-07-26,23,23.0
2021-07-26,24,25.0
2021-07-26,25,26.0
2021-07-26,26,26.0
2021-07-26,27,27.0
2021-07-26,28,30.0
2021-07-26,29,50.0
2021-07-26,30,75.0
2021-07-26,31,127.0
2021-07-26,32,177.0
2021-07-26,33,217.0
2021-07-26,34,206.0
2021-07-26,35,191.0
2021-07-26,36,182.0
2021-07-26,37,178.0
2021-07-26,38,189.0
2021-07-26,39,186.0
2021-07-26,40,148.0
2021-07-26,41,192.0
2021-07-26,42,191.0
2021-07-26,43,207.0
2021-07-26,44,202.0
2021-07-26,45,190.0
2021-07-26,46,182.0
2021-07-26,47,186.0
2021-07-26,48,130.0
2021-07-26,49,111.0
2021-07-26,50,105.0
2021-07-26,51,106.0
2021-07-26,52,151.0
2021-07-26,53,178.0
2021-07-26,54,180.0
2021-07-26,55,167.0
2021-07-26,56,176.0
2021-07-26,57,182.0
2021-07-26,58,199.0
2021-07-26,59,185.0
2021-07-26,60,137.0
2021-07-26,61,136.0
2021-07-26,62,180.0
2021-07-26,63,177.0
2021-07-26,64,163.0
2021-07-26,65,163.0
2021-07-26,66,177.0
2021-07-26,67,173.0
2021-07-26,68,122.0
2021-07-26,69,108.0
2021-07-26,70,144.0
2021-07-26,71,169.0
2021-07-26,72,186.0
2021-07-26,73,181.0
2021-07-26,74,169.0
2021-07-26,75,162.0
2021-07-26,76,169.0
2021-07-26,77,177.0
2021-07-26,78,160.0
2021-07-26,79,122.0
2021-07-26,80,98.0
2021-07-26,81,103.0
2021-07-26,82,103.0
2021-07-26,83,102.0
2021-07-26,84,105.0
2021-07-26,85,108.0
2021-07-26,86,116.0
2021-07-26,87,110.0
2021-07-26,88,96.0
2021-07-26,89,112.0
2021-07-26,90,116.0
2021-07-26,91,114.0
2021-07-26,92,106.0
2021-07-26,93,107.0
2021-07-26,94,95.0
2021-07-26,95,72.0
2021-07-27,0,70.0
2021-07-27,1,70.0
2021-07-27,2,67.0
2021-07-27,3,65.0
2021-07-27,4,84.0
2021-07-27,5,106.0
2021-07-27,6,109.0
2021-07-27,7,110.0
2021-07-27,8,116.0
2021-07-27,9,113.0
2021-07-27,10,119.0
2021-07-27,11,112.0
2021-07-27,12,95.0
2021-07-27,13,109.0
2021-07-27,14,111.0
2021-07-27,15,106.0
2021-07-27,16,114.0
2021-07-27,17,113.0
2021-07-27,18,110.0
2021-07-27,19,96.0
2021-07-27,20,81.0
2021-07-27,21,76.0
2021-07-27,22,92.0
2021-07-27,23,106.0
2021-07-27,24,111.0
2021-07-27,25,109.0
2021-07-27,26,103.0
2021-07-27,27,98.0
2021-07-27,28,104.0
2021-07-27,29,122.0
2021-07-27,30,148.0
2021-07-27,31,161.0
2021-07-27,32,179.0
2021-07-27,33,207.0
2021-07-27,34,202.0
2021-07-27,35,187.0
2021-07-27,36,171.0
2021-07-27,37,172.0
2021-07-27,38,188.0
2021-07-27,39,192.0
2021-07-27,40,152.0
2021-07-27,41,194.0
2021-07-27,42,206.0
2021-07-27,43,201.0
2021-07-27,44,203.0
2021-07-27,45,210.0
2021-07-27,46,211.0
2021-07-27,47,203.0
2021-07-27,48,124.0
2021-07-27,49,97.0
2021-07-27,50,105.0
2021-07-27,51,112.0
2021-07-27,52,156.0
2021-07-27,53,186.0
2021-07-27,54,187.0
2021-07-27,55,198.0
2021-07-27,56,194.0
2021-07-27,57,192.0
2021-07-27,58,199.0
2021-07-27,59,195.0
2021-07-27,60,155.0
2021-07-27,61,162.0
2021-07-27,62,199.0
2021-07-27,63,201.0
2021-07-27,64,184.0
2021-07-27,65,186.0
2021-07-27,66,187.0
2021-07-27,67,186.0
2021-07-27,68,143.0
2021-07-27,69,136.0
2021-07-27,70,172.0
2021-07-27,71,184.0
2021-07-27,72,170.0
2021-07-27,73,159.0
2021-07-27,74,172.0
2021-07-27,75,174.0
2021-07-27,76,172.0
2021-07-27,77,162.0
2021-07-27,78,180.0
2021-07-27,79,161.0
2021-07-27,80,146.0
2021-07-27,81,147.0
2021-07-27,82,141.0
2021-07-27,83,141.0
2021-07-27,84,144.0
2021-07-27,85,138.0
2021-07-27,86,144.0
2021-07-27,87,148.0
2021-07-27,88,131.0
2021-07-27,89,132.0
2021-07-27,90,127.0
2021-07-27,91,127.0
2021-07-27,92,139.0
2021-07-27,93,138.0
2021-07-27,94,116.0
2021-07-27,95,93.0
2021-07-28,0,91.0
2021-07-28,1,88.0
2021-07-28,2,86.0
2021-07-28,3,85.0
2021-07-28,4,110.0
2021-07-28,5,123.0
2021-07-28,6,130.0
2021-07-28,7,122.0
2021-07-28,8,119.0
2021-07-28,9,113.0
2021-07-28,10,115.0
2021-07-28,11,130.0
2021-07-28,12,109.0
2021-07-28,13,124.0
2021-07-28,14,128.0
2021-07-28,15,127.0
2021-07-28,16,119.0
2021-07-28,17,123.0
2021-07-28,18,116.0
2021-07-28,19,118.0
2021-07-28,20,97.0
2021-07-28,21,91.0
2021-07-28,22,113.0
2021-07-28,23,119.0
2021-07-28,24,123.0
2021-07-28,25,122.0
2021-07-28,26,122.0
2021-07-28,27,127.0
2021-07-28,28,132.0
2021-07-28,29,144.0
2021-07-28,30,174.0
2021-07-28,31,174.0
2021-07-28,32,187.0
2021-07-28,33,200.0
2021-07-28,34,200.0
2021-07-28,35,204.0
2021-07-28,36,192.0
2021-07-28,37,198.0
2021-07-28,38,199.0
2021-07-28,39,204.0
2021-07-28,40,160.0
2021-07-28,41,196.0
2021-07-28,42,194.0
2021-07-28,43,202.0
2021-07-28,44,202.0
2021-07-28,45,211.0
2021-07-28,46,205.0
2021-07-28,47,212.0
2021-07-28,48,145.0
2021-07-28,49,111.0
2021-07-28,50,111.0
2021-07-28,51,116.0
2021-07-28,52,178.0
2021-07-28,53,200.0
2021-07-28,54,200.0
2021-07-28,55,199.0
2021-07-28,56,190.0
2021-07-28,57,196.0
2021-07-28,58,203.0
2021-07-28,59,196.0
2021-07-28,60,135.0
2021-07-28,61,143.0
2021-07-28,62,187.0
2021-07-28,63,180.0
2021-07-28,64,181.0
2021-07-28,65,177.0
2021-07-28,66,171.0
2021-07-28,67,165.0
2021-07-28,68,123.0
2021-07-28,69,106.0
2021-07-28,70,169.0
2021-07-28,71,190.0
2021-07-28,72,190.0
2021-07-28,73,177.0
2021-07-28,74,181.0
2021-07-28,75,185.0
2021-07-28,76,175.0
2021-07-28,77,152.0
2021-07-28,78,153.0
2021-07-28,79,124.0
2021-07-28,80,104.0
2021-07-28,81,110.0
2021-07-28,82,100.0
2021-07-28,83,113.0
2021-07-28,84,115.0
2021-07-28,85,104.0
2021-07-28,86,108.0
2021-07-28,87,111.0
2021-07-28,88,95.0
2021-07-28,89,107.0
2021-07-28,90,101.0
2021-07-28,91,109.0
2021-07-28,92,116.0
2021-07-28,93,111.0
2021-07-28,94,103.0
2021-07-28,95,80.0
2021-07-29,0,68.0
2021-07-29,1,70.0
2021-07-29,2,67.0
2021-07-29,3,67.0
2021-07-29,4,98.0
2021-07-29,5,118.0
2021-07-29,6,116.0
2021-07-29,7,109.0
2021-07-29,8,103.0
2021-07-29,9,118.0
2021-07-29,10,115.0
2021-07-29,11,106.0
2021-07-29,12,91.0
2021-07-29,13,116.0
2021-07-29,14,117.0
2021-07-29,15,117.0
2021-07-29,16,113.0
2021-07-29,17,110.0
2021-07-29,18,116.0
2021-07-29,19,105.0
2021-07-29,20,85.0
2021-07-29,21,73.0
2021-07-29,22,99.0
2021-07-29,23,119.0
2021-07-29,24,121.0
2021-07-29,25,121.0
2021-07-29,26,112.0
2021-07-29,27,111.0
2021-07-29,28,121.0
2021-07-29,29,133.0
2021-07-29,30,149.0
2021-07-29,31,159.0
2021-07-29,32,175.0
2021-07-29,33,189.0
2021-07-29,34,201.0
2021-07-29,35,204.0
2021-07-29,36,195.0
2021-07-29,37,198.0
2021-07-29,38,205.0
2021-07-29,39,195.0
2021-07-29,40,161.0
2021-07-29,41,187.0
2021-07-29,42,196.0
2021-07-29,43,203.0
2021-07-29,44,207.0
2021-07-29,45,206.0
2021-07-29,46,205.0
2021-07-29,47,211.0
2021-07-29,48,133.0
2021-07-29,49,108.0
2021-07-29,50,106.0
2021-07-29,51,101.0
2021-07-29,52,170.0
2021-07-29,53,196.0
2021-07-29,54,206.0
2021-07-29,55,195.0
2021-07-29,56,170.0
2021-07-29,57,187.0
2021-07-29,58,191.0
2021-07-29,59,201.0
2021-07-29,60,143.0
2021-07-29,61,147.0
2021-07-29,62,186.0
2021-07-29,63,178.0
2021-07-29,64,164.0
2021-07-29,65,158.0
2021-07-29,66,169.0
2021-07-29,67,172.0
2021-07-29,68,117.0
2021-07-29,69,106.0
2021-07-29,70,142.0
2021-07-29,71,152.0
2021-07-29,72,165.0
2021-07-29,73,171.0
2021-07-29,74,180.0
2021-07-29,75,179.0
2021-07-29,76,172.0
2021-07-29,77,163.0
2021-07-29,78,181.0
2021-07-29,79,159.0
2021-07-29,80,130.0
2021-07-29,81,134.0
2021-07-29,82,120.0
2021-07-29,83,129.0
2021-07-29,84,124.0
2021-07-29,85,119.0
2021-07-29,86,131.0
2021-07-29,87,129.0
2021-07-29,88,114.0
2021-07-29,89,130.0
2021-07-29,90,123.0
2021-07-29,91,121.0
2021-07-29,92,127.0
2021-07-29,93,120.0
2021-07-29,94,117.0
2021-07-29,95,93.0
2021-07-30,0,91.0
2021-07-30,1,88.0
2021-07-30,2,86.0
2021-07-30,3,85.0
2021-07-30,4,110.0
2021-07-30,5,123.0
2021-07-30,6,130.0
2021-07-30,7,122.0
2021-07-30,8,119.0
2021-07-30,9,113.0
2021-07-30,10,115.0
2021-07-30,11,130.0
2021-07-30,12,109.0
2021-07-30,13,124.0
2021-07-30,14,128.0
2021-07-30,15,127.0
2021-07-30,16,119.0
2021-07-30,17,123.0
2021-07-30,18,116.0
2021-07-30,19,118.0
2021-07-30,20,97.0
2021-07-30,21,91.0
2021-07-30,22,113.0
2021-07-30,23,119.0
2021-07-30,24,123.0
2021-07-30,25,122.0
2021-07-30,26,122.0
2021-07-30,27,127.0
2021-07-30,28,132.0
2021-07-30,29,144.0
2021-07-30,30,174.0
2021-07-30,31,174.0
2021-07-30,32,187.0
2021-07-30,33,200.0
2021-07-30,34,200.0
2021-07-30,35,204.0
2021-07-30,36,192.0
2021-07-30,37,198.0
2021-07-30,38,199.0
2021-07-30,39,204.0
2021-07-30,40,160.0
2021-07-30,41,196.0
2021-07-30,42,194.0
2021-07-30,43,202.0
2021-07-30,44,202.0
2021-07-30,45,211.0
2021-07-30,46,205.0
2021-07-30,47,212.0
2021-07-30,48,145.0
2021-07-30,49,111.0
2021-07-30,50,111.0
2021-07-30,51,116.0
2021-07-30,52,178.0
2021-07-30,53,200.0
2021-07-30,54,200.0
2021-07-30,55,199.0
2021-07-30,56,190.0
2021-07-30,57,196.0
2021-07-30,58,203.0
2021-07-30,59,196.0
2021-07-30,60,135.0
2021-07-30,61,143.0
2021-07-30,62,187.0
2021-07-30,63,180.0
2021-07-30,64,181.0
2021-07-30,65,177.0
2021-07-30,66,171.0
2021-07-30,67,165.0
2021-07-30,68,123.0
2021-07-30,69,106.0
2021-07-30,70,169.0
2021-07-30,71,190.0
2021-07-30,72,190.0
2021-07-30,73,177.0
2021-07-30,74,181.0
2021-07-30,75,185.0
2021-07-30,76,175.0
2021-07-30,77,152.0
2021-07-30,78,153.0
2021-07-30,79,124.0
2021-07-30,80,104.0
2021-07-30,81,110.0
2021-07-30,82,100.0
2021-07-30,83,113.0
2021-07-30,84,115.0
2021-07-30,85,104.0
2021-07-30,86,108.0
2021-07-30,87,111.0
2021-07-30,88,95.0
2021-07-30,89,107.0
2021-07-30,90,101.0
2021-07-30,91,109.0
2021-07-30,92,116.0
2021-07-30,93,111.0
2021-07-30,94,103.0
2021-07-30,95,80.0
2021-07-31,0,21.0
2021-07-31,1,21.0
2021-07-31,2,24.0
2021-07-31,3,24.0
2021-07-31,4,21.0
2021-07-31,5,21.0
2021-07-31,6,21.0
2021-07-31,7,21.0
2021-07-31,8,21.0
2021-07-31,9,21.0
2021-07-31,10,21.0
2021-07-31,11,21.0
2021-07-31,12,21.0
2021-07-31,13,20.0
2021-07-31,14,21.0
2021-07-31,15,21.0
2021-07-31,16,26.0
2021-07-31,17,24.0
2021-07-31,18,21.0
2021-07-31,19,21.0
2021-07-31,20,21.0
2021-07-31,21,20.0
2021-07-31,22,20.0
2021-07-31,23,19.0
2021-07-31,24,20.0
2021-07-31,25,21.0
2021-07-31,26,20.0
2021-07-31,27,21.0
2021-07-31,28,20.0
2021-07-31,29,20.0
2021-07-31,30,23.0
2021-07-31,31,23.0
2021-07-31,32,20.0
2021-07-31,33,20.0
2021-07-31,34,21.0
2021-07-31,35,21.0
2021-07-31,36,21.0
2021-07-31,37,21.0
2021-07-31,38,21.0
2021-07-31,39,20.0
2021-07-31,40,21.0
2021-07-31,41,21.0
2021-07-31,42,21.0
2021-07-31,43,23.0
2021-07-31,44,26.0
2021-07-31,45,25.0
2021-07-31,46,21.0
2021-07-31,47,21.0
2021-07-31,48,21.0
2021-07-31,49,21.0
2021-07-31,50,21.0
2021-07-31,51,21.0
2021-07-31,52,21.0
2021-07-31,53,21.0
2021-07-31,54,21.0
2021-07-31,55,21.0
2021-07-31,56,21.0
2021-07-31,57,21.0
2021-07-31,58,22.0
2021-07-31,59,25.0
2021-07-31,60,21.0
2021-07-31,61,23.0
2021-07-31,62,21.0
2021-07-31,63,21.0
2021-07-31,64,20.0
2021-07-31,65,21.0
2021-07-31,66,21.0
2021-07-31,67,21.0
2021-07-31,68,21.0
2021-07-31,69,21.0
2021-07-31,70,21.0
2021-07-31,71,21.0
2021-07-31,72,23.0
2021-07-31,73,28.0
2021-07-31,74,21.0
2021-07-31,75,21.0
2021-07-31,76,20.0
2021-07-31,77,20.0
2021-07-31,78,21.0
2021-07-31,79,21.0
2021-07-31,80,21.0
2021-07-31,81,20.0
2021-07-31,82,20.0
2021-07-31,83,21.0
2021-07-31,84,21.0
2021-07-31,85,21.0
2021-07-31,86,24.0
2021-07-31,87,25.0
2021-07-31,88,21.0
2021-07-31,89,21.0
2021-07-31,90,21.0
2021-07-31,91,21.0
2021-07-31,92,21.0
2021-07-31,93,21.0
2021-07-31,94,21.0
2021-07-31,95,21.0
2021-08-01,0,21.0
2021-08-01,1,21.0
2021-08-01,2,21.0
2021-08-01,3,21.0
2021-08-01,4,25.0
2021-08-01,5,26.0
2021-08-01,6,20.0
2021-08-01,7,21.0
2021-08-01,8,21.0
2021-08-01,9,21.0
2021-08-01,10,21.0
2021-08-01,11,21.0
2021-08-01,12,21.0
2021-08-01,13,20.0
2021-08-01,14,21.0
2021-08-01,15,21.0
2021-08-01,16,21.0
2021-08-01,17,21.0
2021-08-01,18,20.0
2021-08-01,19,25.0
2021-08-01,20,24.0
2021-08-01,21,21.0
2021-08-01,22,21.0
2021-08-01,23,21.0
2021-08-01,24,20.0
2021-08-01,25,20.0
2021-08-01,26,21.0
2021-08-01,27,20.0
2021-08-01,28,20.0
2021-08-01,29,20.0
2021-08-01,30,20.0
2021-08-01,31,21.0
2021-08-01,32,21.0
2021-08-01,33,20.0
2021-08-01,34,22.0
2021-08-01,35,28.0
2021-08-01,36,24.0
2021-08-01,37,21.0
2021-08-01,38,21.0
2021-08-01,39,21.0
2021-08-01,40,21.0
2021-08-01,41,21.0
2021-08-01,42,20.0
2021-08-01,43,21.0
2021-08-01,44,21.0
2021-08-01,45,21.0
2021-08-01,46,21.0
2021-08-01,47,21.0
2021-08-01,48,21.0
2021-08-01,49,21.0
2021-08-01,50,23.0
2021-08-01,51,25.0
2021-08-01,52,21.0
2021-08-01,53,21.0
2021-08-01,54,21.0
2021-08-01,55,21.0
2021-08-01,56,21.0
2021-08-01,57,21.0
2021-08-01,58,21.0
2021-08-01,59,21.0
2021-08-01,60,21.0
2021-08-01,61,21.0
2021-08-01,62,21.0
2021-08-01,63,23.0
2021-08-01,64,21.0
2021-08-01,65,24.0
2021-08-01,66,25.0
2021-08-01,67,21.0
2021-08-01,68,21.0
2021-08-01,69,20.0
2021-08-01,70,20.0
2021-08-01,71,21.0
2021-08-01,72,20.0
2021-08-01,73,20.0
2021-08-01,74,20.0
2021-08-01,75,21.0
2021-08-01,76,21.0
2021-08-01,77,21.0
2021-08-01,78,21.0
2021-08-01,79,22.0
2021-08-01,80,26.0
2021-08-01,81,22.0
2021-08-01,82,21.0
2021-08-01,83,21.0
2021-08-01,84,22.0
2021-08-01,85,22.0
2021-08-01,86,21.0
2021-08-01,87,21.0
2021-08-01,88,21.0
2021-08-01,89,21.0
2021-08-01,90,21.0
2021-08-01,91,23.0
2021-08-01,92,20.0
2021-08-01,93,21.0
2021-08-01,94,21.0
2021-08-01,95,24.0
2021-08-02,0,23.0
2021-08-02,1,20.0
2021-08-02,2,20.0
2021-08-02,3,21.0
2021-08-02,4,21.0
2021-08-02,5,21.0
2021-08-02,6,21.0
2021-08-02,7,21.0
2021-08-02,8,21.0
2021-08-02,9,21.0
2021-08-02,10,21.0
2021-08-02,11,21.0
2021-08-02,12,22.0
2021-08-02,13,26.0
2021-08-02,14,23.0
2021-08-02,15,21.0
2021-08-02,16,21.0
2021-08-02,17,21.0
2021-08-02,18,21.0
2021-08-02,19,21.0
2021-08-02,20,21.0
2021-08-02,21,21.0
2021-08-02,22,21.0
2021-08-02,23,21.0
2021-08-02,24,21.0
2021-08-02,25,22.0
2021-08-02,26,20.0
2021-08-02,27,25.0
2021-08-02,28,24.0
2021-08-02,29,20.0
2021-08-02,30,19.0
2021-08-02,31,19.0
2021-08-02,32,20.0
2021-08-02,33,20.0
2021-08-02,34,20.0
2021-08-02,35,21.0
2021-08-02,36,21.0
2021-08-02,37,21.0
2021-08-02,38,21.0
2021-08-02,39,21.0
2021-08-02,40,21.0
2021-08-02,41,21.0
2021-08-02,42,21.0
2021-08-02,43,25.0
2021-08-02,44,21.0
2021-08-02,45,20.0
2021-08-02,46,21.0
2021-08-02,47,21.0
2021-08-02,48,21.0
2021-08-02,49,21.0
2021-08-02,50,21.0
2021-08-02,51,21.0
2021-08-02,52,21.0
2021-08-02,53,21.0
2021-08-02,54,23.0
2021-08-02,55,21.0
2021-08-02,56,23.0
2021-08-02,57,25.0
2021-08-02,58,22.0
2021-08-02,59,21.0
2021-08-02,60,21.0
2021-08-02,61,21.0
2021-08-02,62,21.0
2021-08-02,63,21.0
2021-08-02,64,21.0
2021-08-02,65,21.0
2021-08-02,66,21.0
2021-08-02,67,21.0
2021-08-02,68,21.0
2021-08-02,69,21.0
2021-08-02,70,21.0
2021-08-02,71,24.0
2021-08-02,72,26.0
2021-08-02,73,21.0
2021-08-02,74,21.0
2021-08-02,75,21.0
2021-08-02,76,21.0
2021-08-02,77,21.0
2021-08-02,78,21.0
2021-08-02,79,21.0
2021-08-02,80,21.0
2021-08-02,81,21.0
2021-08-02,82,24.0
2021-08-02,83,21.0
2021-08-02,84,21.0
2021-08-02,85,22.0
2021-08-02,86,21.0
2021-08-02,87,24.0
2021-08-02,88,24.0
2021-08-02,89,22.0
2021-08-02,90,20.0
2021-08-02,91,21.0
2021-08-02,92,21.0
2021-08-02,93,21.0
2021-08-02,94,21.0
2021-08-02,95,21.0
2021-08-03,0,21.0
2021-08-03,1,21.0
2021-08-03,2,21.0
2021-08-03,3,22.0
2021-08-03,4,21.0
2021-08-03,5,25.0
2021-08-03,6,26.0
2021-08-03,7,21.0
2021-08-03,8,20.0
2021-08-03,9,21.0
2021-08-03,10,21.0
2021-08-03,11,21.0
2021-08-03,12,21.0
2021-08-03,13,21.0
2021-08-03,14,21.0
2021-08-03,15,22.0
2021-08-03,16,20.0
2021-08-03,17,21.0
2021-08-03,18,21.0
2021-08-03,19,20.0
2021-08-03,20,20.0
2021-08-03,21,24.0
2021-08-03,22,23.0
2021-08-03,23,20.0
2021-08-03,24,21.0
2021-08-03,25,21.0
2021-08-03,26,21.0
2021-08-03,27,21.0
2021-08-03,28,20.0
2021-08-03,29,21.0
2021-08-03,30,20.0
2021-08-03,31,20.0
2021-08-03,32,20.0
2021-08-03,33,20.0
2021-08-03,34,22.0
2021-08-03,35,25.0
2021-08-03,36,21.0
2021-08-03,37,20.0
2021-08-03,38,21.0
2021-08-03,39,21.0
2021-08-03,40,21.0
2021-08-03,41,21.0
2021-08-03,42,21.0
2021-08-03,43,21.0
2021-08-03,44,21.0
2021-08-03,45,24.0
2021-08-03,46,21.0
2021-08-03,47,21.0
2021-08-03,48,21.0
2021-08-03,49,25.0
2021-08-03,50,23.0
2021-08-03,51,21.0
2021-08-03,52,21.0
2021-08-03,53,21.0
2021-08-03,54,21.0
2021-08-03,55,21.0
2021-08-03,56,21.0
2021-08-03,57,21.0
2021-08-03,58,21.0
2021-08-03,59,22.0
2021-08-03,60,22.0
2021-08-03,61,22.0
2021-08-03,62,21.0
2021-08-03,63,26.0
2021-08-03,64,24.0
2021-08-03,65,22.0
2021-08-03,66,21.0
2021-08-03,67,21.0
2021-08-03,68,21.0
2021-08-03,69,21.0
2021-08-03,70,21.0
2021-08-03,71,21.0
2021-08-03,72,21.0
2021-08-03,73,24.0
2021-08-03,74,21.0
2021-08-03,75,21.0
2021-08-03,76,21.0
2021-08-03,77,21.0
2021-08-03,78,25.0
2021-08-03,79,24.0
2021-08-03,80,20.0
2021-08-03,81,21.0
2021-08-03,82,21.0
2021-08-03,83,22.0
2021-08-03,84,21.0
2021-08-03,85,22.0
2021-08-03,86,22.0
2021-08-03,87,21.0
2021-08-03,88,21.0
2021-08-03,89,21.0
2021-08-03,90,21.0
2021-08-03,91,21.0
2021-08-03,92,21.0
2021-08-03,93,26.0
2021-08-03,94,23.0
2021-08-03,95,21.0
2021-08-04,0,21.0
2021-08-04,1,21.0
2021-08-04,2,21.0
2021-08-04,3,21.0
2021-08-04,4,21.0
2021-08-04,5,21.0
2021-08-04,6,20.0
2021-08-04,7,21.0
2021-08-04,8,20.0
2021-08-04,9,20.0
2021-08-04,10,20.0
2021-08-04,11,21.0
2021-08-04,12,25.0
2021-08-04,13,22.0
2021-08-04,14,21.0
2021-08-04,15,21.0
2021-08-04,16,21.0
2021-08-04,17,21.0
2021-08-04,18,21.0
2021-08-04,19,21.0
2021-08-04,20,21.0
2021-08-04,21,20.0
2021-08-04,22,20.0
2021-08-04,23,21.0
2021-08-04,24,21.0
2021-08-04,25,23.0
2021-08-04,26,26.0
2021-08-04,27,22.0
2021-08-04,28,20.0
2021-08-04,29,21.0
2021-08-04,30,20.0
2021-08-04,31,20.0
2021-08-04,32,20.0
2021-08-04,33,20.0
2021-08-04,34,21.0
2021-08-04,35,23.0
2021-08-04,36,20.0
2021-08-04,37,20.0
2021-08-04,38,21.0
2021-08-04,39,21.0
2021-08-04,40,20.0
2021-08-04,41,25.0
2021-08-04,42,22.0
2021-08-04,43,21.0
2021-08-04,44,21.0
2021-08-04,45,21.0
2021-08-04,46,21.0
2021-08-04,47,21.0
2021-08-04,48,21.0
2021-08-04,49,21.0
2021-08-04,50,21.0
2021-08-04,51,21.0
2021-08-04,52,21.0
2021-08-04,53,21.0
2021-08-04,54,21.0
2021-08-04,55,25.0
2021-08-04,56,24.0
2021-08-04,57,21.0
2021-08-04,58,21.0
2021-08-04,59,21.0
2021-08-04,60,21.0
2021-08-04,61,21.0
2021-08-04,62,21.0
2021-08-04,63,24.0
2021-08-04,64,21.0
2021-08-04,65,22.0
2021-08-04,66,21.0
2021-08-04,67,21.0
2021-08-04,68,21.0
2021-08-04,69,21.0
2021-08-04,70,22.0
2021-08-04,71,26.0
2021-08-04,72,22.0
2021-08-04,73,21.0
2021-08-04,74,21.0
2021-08-04,75,21.0
2021-08-04,76,21.0
2021-08-04,77,21.0
2021-08-04,78,21.0
2021-08-04,79,21.0
2021-08-04,80,21.0
2021-08-04,81,21.0
2021-08-04,82,21.0
2021-08-04,83,21.0
2021-08-04,84,21.0
2021-08-04,85,23.0
2021-08-04,86,26.0
2021-08-04,87,21.0
2021-08-04,88,21.0
2021-08-04,89,21.0
2021-08-04,90,21.0
2021-08-04,91,21.0
2021-08-04,92,22.0
2021-08-04,93,20.0
2021-08-04,94,21.0
2021-08-04,95,20.0
2021-08-05,0,21.0
2021-08-05,1,21.0
2021-08-05,2,21.0
2021-08-05,3,21.0
2021-08-05,4,25.0
2021-08-05,5,23.0
2021-08-05,6,20.0
2021-08-05,7,21.0
2021-08-05,8,21.0
2021-08-05,9,21.0
2021-08-05,10,21.0
2021-08-05,11,21.0
2021-08-05,12,21.0
2021-08-05,13,21.0
2021-08-05,14,21.0
2021-08-05,15,21.0
2021-08-05,16,21.0
2021-08-05,17,20.0
2021-08-05,18,20.0
2021-08-05,19,25.0
2021-08-05,20,22.0
2021-08-05,21,20.0
2021-08-05,22,21.0
2021-08-05,23,21.0
2021-08-05,24,21.0
2021-08-05,25,21.0
2021-08-05,26,22.0
2021-08-05,27,21.0
2021-08-05,28,20.0
2021-08-05,29,20.0
2021-08-05,30,20.0
2021-08-05,31,20.0
2021-08-05,32,20.0
2021-08-05,33,24.0
2021-08-05,34,23.0
2021-08-05,35,20.0
2021-08-05,36,20.0
2021-08-05,37,21.0
2021-08-05,38,21.0
2021-08-05,39,21.0
2021-08-05,40,21.0
2021-08-05,41,21.0
2021-08-05,42,21.0
2021-08-05,43,20.0
2021-08-05,44,21.0
2021-08-05,45,21.0
2021-08-05,46,22.0
2021-08-05,47,25.0
2021-08-05,48,24.0
2021-08-05,49,21.0
2021-08-05,50,21.0
2021-08-05,51,21.0
2021-08-05,52,21.0
2021-08-05,53,21.0
2021-08-05,54,21.0
2021-08-05,55,24.0
2021-08-05,56,21.0
2021-08-05,57,21.0
2021-08-05,58,21.0
2021-08-05,59,22.0
2021-08-05,60,22.0
2021-08-05,61,21.0
2021-08-05,62,23.0
2021-08-05,63,25.0
2021-08-05,64,21.0
2021-08-05,65,22.0
2021-08-05,66,21.0
2021-08-05,67,22.0
2021-08-05,68,21.0
2021-08-05,69,22.0
2021-08-05,70,22.0
2021-08-05,71,21.0
2021-08-05,72,21.0
2021-08-05,73,21.0
2021-08-05,74,21.0
2021-08-05,75,21.0
2021-08-05,76,22.0
2021-08-05,77,25.0
2021-08-05,78,21.0
2021-08-05,79,20.0
2021-08-05,80,21.0
2021-08-05,81,20.0
2021-08-05,82,20.0
2021-08-05,83,22.0
2021-08-05,84,21.0
2021-08-05,85,22.0
2021-08-05,86,21.0
2021-08-05,87,21.0
2021-08-05,88,21.0
2021-08-05,89,21.0
2021-08-05,90,21.0
2021-08-05,91,23.0
2021-08-05,92,26.0
2021-08-05,93,22.0
2021-08-05,94,21.0
2021-08-05,95,21.0
2021-08-06,0,21.0
2021-08-06,1,21.0
2021-08-06,2,20.0
2021-08-06,3,21.0
2021-08-06,4,21.0
2021-08-06,5,21.0
2021-08-06,6,21.0
2021-08-06,7,21.0
2021-08-06,8,20.0
2021-08-06,9,21.0
2021-08-06,10,20.0
2021-08-06,11,20.0
2021-08-06,12,25.0
2021-08-06,13,22.0
2021-08-06,14,21.0
2021-08-06,15,21.0
2021-08-06,16,21.0
2021-08-06,17,23.0
2021-08-06,18,21.0
2021-08-06,19,21.0
2021-08-06,20,21.0
2021-08-06,21,20.0
2021-08-06,22,21.0
2021-08-06,23,21.0
2021-08-06,24,19.0
2021-08-06,25,20.0
2021-08-06,26,22.0
2021-08-06,27,25.0
2021-08-06,28,20.0
2021-08-06,29,20.0
2021-08-06,30,20.0
2021-08-06,31,21.0
2021-08-06,32,20.0
2021-08-06,33,20.0
2021-08-06,34,20.0
2021-08-06,35,21.0
2021-08-06,36,21.0
2021-08-06,37,21.0
2021-08-06,38,21.0
2021-08-06,39,21.0
2021-08-06,40,24.0
2021-08-06,41,25.0
2021-08-06,42,22.0
2021-08-06,43,23.0
2021-08-06,44,23.0
2021-08-06,45,23.0
2021-08-06,46,25.0
2021-08-06,47,24.0
2021-08-06,48,24.0
2021-08-06,49,23.0
2021-08-06,50,24.0
2021-08-06,51,23.0
2021-08-06,52,23.0
2021-08-06,53,23.0
2021-08-06,54,23.0
2021-08-06,55,24.0
2021-08-06,56,27.0
2021-08-06,57,24.0
2021-08-06,58,22.0
2021-08-06,59,21.0
2021-08-06,60,21.0
2021-08-06,61,22.0
2021-08-06,62,21.0
2021-08-06,63,22.0
2021-08-06,64,21.0
2021-08-06,65,22.0
2021-08-06,66,22.0
2021-08-06,67,22.0
2021-08-06,68,22.0
2021-08-06,69,22.0
2021-08-06,70,25.0
2021-08-06,71,24.0
2021-08-06,72,22.0
2021-08-06,73,21.0
2021-08-06,74,22.0
2021-08-06,75,22.0
2021-08-06,76,21.0
2021-08-06,77,21.0
2021-08-06,78,21.0
2021-08-06,79,21.0
2021-08-06,80,21.0
2021-08-06,81,21.0
2021-08-06,82,20.0
2021-08-06,83,21.0
2021-08-06,84,24.0
2021-08-06,85,26.0
2021-08-06,86,21.0
2021-08-06,87,21.0
2021-08-06,88,21.0
2021-08-06,89,21.0
2021-08-06,90,21.0
2021-08-06,91,21.0
2021-08-06,92,21.0
2021-08-06,93,21.0
2021-08-06,94,21.0
2021-08-06,95,21.0
2021-08-07,0,21.0
2021-08-07,1,21.0
2021-08-07,2,21.0
2021-08-07,3,24.0
2021-08-07,4,25.0
2021-08-07,5,22.0
2021-08-07,6,21.0
2021-08-07,7,21.0
2021-08-07,8,21.0
2021-08-07,9,20.0
2021-08-07,10,21.0
2021-08-07,11,20.0
2021-08-07,12,21.0
2021-08-07,13,20.0
2021-08-07,14,20.0
2021-08-07,15,21.0
2021-08-07,16,21.0
2021-08-07,17,21.0
2021-08-07,18,21.0
2021-08-07,19,21.0
2021-08-07,20,24.0
2021-08-07,21,22.0
2021-08-07,22,21.0
2021-08-07,23,21.0
2021-08-07,24,21.0
2021-08-07,25,21.0
2021-08-07,26,21.0
2021-08-07,27,21.0
2021-08-07,28,21.0
2021-08-07,29,20.0
2021-08-07,30,20.0
2021-08-07,31,21.0
2021-08-07,32,20.0
2021-08-07,33,20.0
2021-08-07,34,22.0
2021-08-07,35,25.0
2021-08-07,36,24.0
2021-08-07,37,21.0
2021-08-07,38,21.0
2021-08-07,39,21.0
2021-08-07,40,21.0
2021-08-07,41,21.0
2021-08-07,42,20.0
2021-08-07,43,21.0
2021-08-07,44,21.0
2021-08-07,45,21.0
2021-08-07,46,20.0
2021-08-07,47,21.0
2021-08-07,48,21.0
2021-08-07,49,23.0
2021-08-07,50,26.0
2021-08-07,51,22.0
2021-08-07,52,21.0
2021-08-07,53,21.0
2021-08-07,54,21.0
2021-08-07,55,20.0
2021-08-07,56,21.0
2021-08-07,57,21.0
2021-08-07,58,21.0
2021-08-07,59,21.0
2021-08-07,60,22.0
2021-08-07,61,21.0
2021-08-07,62,21.0
2021-08-07,63,21.0
2021-08-07,64,24.0
2021-08-07,65,25.0
2021-08-07,66,24.0
2021-08-07,67,21.0
2021-08-07,68,21.0
2021-08-07,69,21.0
2021-08-07,70,21.0
2021-08-07,71,21.0
2021-08-07,72,21.0
2021-08-07,73,21.0
2021-08-07,74,21.0
2021-08-07,75,21.0
2021-08-07,76,21.0
2021-08-07,77,21.0
2021-08-07,78,21.0
2021-08-07,79,24.0
2021-08-07,80,26.0
2021-08-07,81,21.0
2021-08-07,82,21.0
2021-08-07,83,22.0
2021-08-07,84,22.0
2021-08-07,85,22.0
2021-08-07,86,21.0
2021-08-07,87,22.0
2021-08-07,88,21.0
2021-08-07,89,21.0
2021-08-07,90,21.0
2021-08-07,91,21.0
2021-08-07,92,23.0
2021-08-07,93,21.0
2021-08-07,94,23.0
2021-08-07,95,25.0
2021-08-08,0,21.0
2021-08-08,1,21.0
2021-08-08,2,21.0
2021-08-08,3,21.0
2021-08-08,4,21.0
2021-08-08,5,21.0
2021-08-08,6,21.0
2021-08-08,7,21.0
2021-08-08,8,21.0
2021-08-08,9,21.0
2021-08-08,10,21.0
2021-08-08,11,21.0
2021-08-08,12,21.0
2021-08-08,13,24.0
2021-08-08,14,24.0
2021-08-08,15,21.0
2021-08-08,16,21.0
2021-08-08,17,21.0
2021-08-08,18,21.0
2021-08-08,19,21.0
2021-08-08,20,21.0
2021-08-08,21,20.0
2021-08-08,22,20.0
2021-08-08,23,21.0
2021-08-08,24,21.0
2021-08-08,25,23.0
2021-08-08,26,20.0
2021-08-08,27,21.0
2021-08-08,28,25.0
2021-08-08,29,22.0
2021-08-08,30,20.0
2021-08-08,31,20.0
2021-08-08,32,20.0
2021-08-08,33,20.0
2021-08-08,34,21.0
2021-08-08,35,21.0
2021-08-08,36,21.0
2021-08-08,37,21.0
2021-08-08,38,21.0
2021-08-08,39,21.0
2021-08-08,40,21.0
2021-08-08,41,21.0
2021-08-08,42,23.0
2021-08-08,43,25.0
2021-08-08,44,21.0
2021-08-08,45,21.0
2021-08-08,46,21.0
2021-08-08,47,21.0
2021-08-08,48,21.0
2021-08-08,49,21.0
2021-08-08,50,21.0
2021-08-08,51,20.0
2021-08-08,52,20.0
2021-08-08,53,23.0
2021-08-08,54,20.0
2021-08-08,55,21.0
2021-08-08,56,20.0
2021-08-08,57,25.0
2021-08-08,58,22.0
2021-08-08,59,21.0
2021-08-08,60,20.0
2021-08-08,61,20.0
2021-08-08,62,21.0
2021-08-08,63,21.0
2021-08-08,64,21.0
2021-08-08,65,21.0
2021-08-08,66,20.0
2021-08-08,67,21.0
2021-08-08,68,21.0
2021-08-08,69,21.0
2021-08-08,70,22.0
2021-08-08,71,25.0
2021-08-08,72,24.0
2021-08-08,73,21.0
2021-08-08,74,21.0
2021-08-08,75,21.0
2021-08-08,76,21.0
2021-08-08,77,21.0
2021-08-08,78,21.0
2021-08-08,79,21.0
2021-08-08,80,21.0
2021-08-08,81,22.0
2021-08-08,82,20.0
2021-08-08,83,21.0
2021-08-08,84,21.0
2021-08-08,85,21.0
2021-08-08,86,21.0
2021-08-08,87,26.0
2021-08-08,88,22.0
2021-08-08,89,21.0
2021-08-08,90,21.0
2021-08-08,91,21.0
2021-08-08,92,20.0
2021-08-08,93,21.0
2021-08-08,94,21.0
2021-08-08,95,21.0
2021-08-09,0,21.0
2021-08-09,1,21.0
2021-08-09,2,21.0
2021-08-09,3,21.0
2021-08-09,4,21.0
2021-08-09,5,25.0
2021-08-09,6,24.0
2021-08-09,7,21.0
2021-08-09,8,21.0
2021-08-09,9,20.0
2021-08-09,10,20.0
2021-08-09,11,20.0
2021-08-09,12,21.0
2021-08-09,13,21.0
2021-08-09,14,21.0
2021-08-09,15,23.0
2021-08-09,16,20.0
2021-08-09,17,21.0
2021-08-09,18,21.0
2021-08-09,19,22.0
2021-08-09,20,25.0
2021-08-09,21,20.0
2021-08-09,22,19.0
2021-08-09,23,20.0
2021-08-09,24,20.0
2021-08-09,25,20.0
2021-08-09,26,20.0
2021-08-09,27,20.0
2021-08-09,28,27.0
2021-08-09,29,48.0
2021-08-09,30,92.0
2021-08-09,31,112.0
2021-08-09,32,158.0
2021-08-09,33,191.0
2021-08-09,34,215.0
2021-08-09,35,208.0
2021-08-09,36,197.0
2021-08-09,37,186.0
2021-08-09,38,185.0
2021-08-09,39,195.0
2021-08-09,40,167.0
2021-08-09,41,201.0
2021-08-09,42,186.0
2021-08-09,43,173.0
2021-08-09,44,192.0
2021-08-09,45,190.0
2021-08-09,46,184.0
2021-08-09,47,183.0
2021-08-09,48,144.0
2021-08-09,49,123.0
2021-08-09,50,124.0
2021-08-09,51,126.0
2021-08-09,52,160.0
2021-08-09,53,178.0
2021-08-09,54,190.0
2021-08-09,55,200.0
2021-08-09,56,191.0
2021-08-09,57,178.0
2021-08-09,58,186.0
2021-08-09,59,175.0
2021-08-09,60,149.0
2021-08-09,61,158.0
2021-08-09,62,176.0
2021-08-09,63,183.0
2021-08-09,64,191.0
2021-08-09,65,190.0
2021-08-09,66,183.0
2021-08-09,67,173.0
2021-08-09,68,169.0
2021-08-09,69,160.0
2021-08-09,70,139.0
2021-08-09,71,117.0
2021-08-09,72,103.0
2021-08-09,73,100.0
2021-08-09,74,96.0
2021-08-09,75,94.0
2021-08-09,76,95.0
2021-08-09,77,94.0
2021-08-09,78,93.0
2021-08-09,79,90.0
2021-08-09,80,100.0
2021-08-09,81,112.0
2021-08-09,82,110.0
2021-08-09,83,113.0
2021-08-09,84,116.0
2021-08-09,85,119.0
2021-08-09,86,111.0
2021-08-09,87,115.0
2021-08-09,88,106.0
2021-08-09,89,108.0
2021-08-09,90,108.0
2021-08-09,91,112.0
2021-08-09,92,108.0
2021-08-09,93,104.0
2021-08-09,94,103.0
2021-08-09,95,76.0
2021-08-10,0,71.0
2021-08-10,1,68.0
2021-08-10,2,67.0
2021-08-10,3,67.0
2021-08-10,4,104.0
2021-08-10,5,101.0
2021-08-10,6,98.0
2021-08-10,7,93.0
2021-08-10,8,96.0
2021-08-10,9,95.0
2021-08-10,10,94.0
2021-08-10,11,97.0
2021-08-10,12,86.0
2021-08-10,13,101.0
2021-08-10,14,104.0
2021-08-10,15,99.0
2021-08-10,16,103.0
2021-08-10,17,103.0
2021-08-10,18,101.0
2021-08-10,19,98.0
2021-08-10,20,78.0
2021-08-10,21,72.0
2021-08-10,22,91.0
2021-08-10,23,99.0
2021-08-10,24,96.0
2021-08-10,25,101.0
2021-08-10,26,97.0
2021-08-10,27,105.0
2021-08-10,28,115.0
2021-08-10,29,126.0
2021-08-10,30,138.0
2021-08-10,31,132.0
2021-08-10,32,158.0
2021-08-10,33,189.0
2021-08-10,34,195.0
2021-08-10,35,190.0
2021-08-10,36,182.0
2021-08-10,37,174.0
2021-08-10,38,193.0
2021-08-10,39,190.0
2021-08-10,40,142.0
2021-08-10,41,180.0
2021-08-10,42,192.0
2021-08-10,43,186.0
2021-08-10,44,180.0
2021-08-10,45,191.0
2021-08-10,46,183.0
2021-08-10,47,185.0
2021-08-10,48,119.0
2021-08-10,49,100.0
2021-08-10,50,100.0
2021-08-10,51,110.0
2021-08-10,52,161.0
2021-08-10,53,187.0
2021-08-10,54,187.0
2021-08-10,55,190.0
2021-08-10,56,180.0
2021-08-10,57,172.0
2021-08-10,58,164.0
2021-08-10,59,165.0
2021-08-10,60,133.0
2021-08-10,61,138.0
2021-08-10,62,167.0
2021-08-10,63,181.0
2021-08-10,64,178.0
2021-08-10,65,182.0
2021-08-10,66,155.0
2021-08-10,67,161.0
2021-08-10,68,116.0
2021-08-10,69,98.0
2021-08-10,70,132.0
2021-08-10,71,156.0
2021-08-10,72,162.0
2021-08-10,73,166.0
2021-08-10,74,164.0
2021-08-10,75,168.0
2021-08-10,76,161.0
2021-08-10,77,163.0
2021-08-10,78,161.0
2021-08-10,79,139.0
2021-08-10,80,117.0
2021-08-10,81,135.0
2021-08-10,82,131.0
2021-08-10,83,133.0
2021-08-10,84,127.0
2021-08-10,85,121.0
2021-08-10,86,120.0
2021-08-10,87,122.0
2021-08-10,88,99.0
2021-08-10,89,114.0
2021-08-10,90,104.0
2021-08-10,91,106.0
2021-08-10,92,103.0
2021-08-10,93,101.0
2021-08-10,94,109.0
2021-08-10,95,84.0
2021-08-11,0,81.0
2021-08-11,1,83.0
2021-08-11,2,76.0
2021-08-11,3,66.0
2021-08-11,4,102.0
2021-08-11,5,108.0
2021-08-11,6,96.0
2021-08-11,7,90.0
2021-08-11,8,101.0
2021-08-11,9,114.0
2021-08-11,10,109.0
2021-08-11,11,110.0
2021-08-11,12,97.0
2021-08-11,13,113.0
2021-08-11,14,102.0
2021-08-11,15,105.0
2021-08-11,16,105.0
2021-08-11,17,111.0
2021-08-11,18,116.0
2021-08-11,19,113.0
2021-08-11,20,91.0
2021-08-11,21,78.0
2021-08-11,22,92.0
2021-08-11,23,105.0
2021-08-11,24,118.0
2021-08-11,25,115.0
2021-08-11,26,124.0
2021-08-11,27,129.0
2021-08-11,28,116.0
2021-08-11,29,121.0
2021-08-11,30,142.0
2021-08-11,31,150.0
2021-08-11,32,176.0
2021-08-11,33,206.0
2021-08-11,34,218.0
2021-08-11,35,212.0
2021-08-11,36,185.0
2021-08-11,37,171.0
2021-08-11,38,169.0
2021-08-11,39,189.0
2021-08-11,40,165.0
2021-08-11,41,192.0
2021-08-11,42,192.0
2021-08-11,43,183.0
2021-08-11,44,176.0
2021-08-11,45,178.0
2021-08-11,46,190.0
2021-08-11,47,192.0
2021-08-11,48,132.0
2021-08-11,49,106.0
2021-08-11,50,108.0
2021-08-11,51,107.0
2021-08-11,52,159.0
2021-08-11,53,171.0
2021-08-11,54,195.0
2021-08-11,55,205.0
2021-08-11,56,207.0
2021-08-11,57,187.0
2021-08-11,58,178.0
2021-08-11,59,177.0
2021-08-11,60,131.0
2021-08-11,61,139.0
2021-08-11,62,177.0
2021-08-11,63,164.0
2021-08-11,64,185.0
2021-08-11,65,170.0
2021-08-11,66,185.0
2021-08-11,67,187.0
2021-08-11,68,141.0
2021-08-11,69,117.0
2021-08-11,70,168.0
2021-08-11,71,177.0
2021-08-11,72,194.0
2021-08-11,73,180.0
2021-08-11,74,172.0
2021-08-11,75,172.0
2021-08-11,76,163.0
2021-08-11,77,155.0
2021-08-11,78,146.0
2021-08-11,79,137.0
2021-08-11,80,123.0
2021-08-11,81,127.0
2021-08-11,82,128.0
2021-08-11,83,121.0
2021-08-11,84,115.0
2021-08-11,85,100.0
2021-08-11,86,103.0
2021-08-11,87,115.0
2021-08-11,88,108.0
2021-08-11,89,116.0
2021-08-11,90,112.0
2021-08-11,91,104.0
2021-08-11,92,104.0
2021-08-11,93,100.0
2021-08-11,94,109.0
2021-08-11,95,84.0
2021-08-12,0,81.0
2021-08-12,1,78.0
2021-08-12,2,75.0
2021-08-12,3,69.0
2021-08-12,4,93.0
2021-08-12,5,100.0
2021-08-12,6,111.0
2021-08-12,7,115.0
2021-08-12,8,107.0
2021-08-12,9,110.0
2021-08-12,10,110.0
2021-08-12,11,103.0
2021-08-12,12,87.0
2021-08-12,13,110.0
2021-08-12,14,108.0
2021-08-12,15,110.0
2021-08-12,16,114.0
2021-08-12,17,111.0
2021-08-12,18,109.0
2021-08-12,19,95.0
2021-08-12,20,77.0
2021-08-12,21,75.0
2021-08-12,22,100.0
2021-08-12,23,103.0
2021-08-12,24,114.0
2021-08-12,25,117.0
2021-08-12,26,112.0
2021-08-12,27,114.0
2021-08-12,28,114.0
2021-08-12,29,113.0
2021-08-12,30,143.0
2021-08-12,31,149.0
2021-08-12,32,164.0
2021-08-12,33,194.0
2021-08-12,34,194.0
2021-08-12,35,196.0
2021-08-12,36,189.0
2021-08-12,37,183.0
2021-08-12,38,180.0
2021-08-12,39,170.0
2021-08-12,40,158.0
2021-08-12,41,186.0
2021-08-12,42,179.0
2021-08-12,43,184.0
2021-08-12,44,176.0
2021-08-12,45,179.0
2021-08-12,46,196.0
2021-08-12,47,199.0
2021-08-12,48,133.0
2021-08-12,49,116.0
2021-08-12,50,118.0
2021-08-12,51,111.0
2021-08-12,52,153.0
2021-08-12,53,150.0
2021-08-12,54,186.0
2021-08-12,55,191.0
2021-08-12,56,189.0
2021-08-12,57,173.0
2021-08-12,58,193.0
2021-08-12,59,182.0
2021-08-12,60,132.0
2021-08-12,61,147.0
2021-08-12,62,185.0
2021-08-12,63,197.0
2021-08-12,64,172.0
2021-08-12,65,165.0
2021-08-12,66,176.0
2021-08-12,67,166.0
2021-08-12,68,127.0
2021-08-12,69,106.0
2021-08-12,70,148.0
2021-08-12,71,160.0
2021-08-12,72,173.0
2021-08-12,73,175.0
2021-08-12,74,177.0
2021-08-12,75,161.0
2021-08-12,76,169.0
2021-08-12,77,182.0
2021-08-12,78,157.0
2021-08-12,79,136.0
2021-08-12,80,120.0
2021-08-12,81,124.0
2021-08-12,82,127.0
2021-08-12,83,127.0
2021-08-12,84,110.0
2021-08-12,85,113.0
2021-08-12,86,114.0
2021-08-12,87,110.0
2021-08-12,88,109.0
2021-08-12,89,110.0
2021-08-12,90,121.0
2021-08-12,91,122.0
2021-08-12,92,118.0
2021-08-12,93,105.0
2021-08-12,94,106.0
2021-08-12,95,83.0
2021-08-13,0,79.0
2021-08-13,1,72.0
2021-08-13,2,69.0
2021-08-13,3,67.0
2021-08-13,4,90.0
2021-08-13,5,99.0
2021-08-13,6,104.0
2021-08-13,7,105.0
2021-08-13,8,109.0
2021-08-13,9,117.0
2021-08-13,10,107.0
2021-08-13,11,115.0
2021-08-13,12,114.0
2021-08-13,13,116.0
2021-08-13,14,120.0
2021-08-13,15,112.0
2021-08-13,16,116.0
2021-08-13,17,107.0
2021-08-13,18,105.0
2021-08-13,19,110.0
2021-08-13,20,79.0
2021-08-13,21,70.0
2021-08-13,22,96.0
2021-08-13,23,108.0
2021-08-13,24,115.0
2021-08-13,25,116.0
2021-08-13,26,107.0
2021-08-13,27,103.0
2021-08-13,28,108.0
2021-08-13,29,122.0
2021-08-13,30,147.0
2021-08-13,31,166.0
2021-08-13,32,188.0
2021-08-13,33,201.0
2021-08-13,34,207.0
2021-08-13,35,187.0
2021-08-13,36,184.0
2021-08-13,37,191.0
2021-08-13,38,188.0
2021-08-13,39,188.0
2021-08-13,40,151.0
2021-08-13,41,201.0
2021-08-13,42,195.0
2021-08-13,43,187.0
2021-08-13,44,185.0
2021-08-13,45,191.0
2021-08-13,46,203.0
2021-08-13,47,204.0
2021-08-13,48,134.0
2021-08-13,49,103.0
2021-08-13,50,102.0
2021-08-13,51,103.0
2021-08-13,52,162.0
2021-08-13,53,195.0
2021-08-13,54,194.0
2021-08-13,55,182.0
2021-08-13,56,200.0
2021-08-13,57,192.0
2021-08-13,58,177.0
2021-08-13,59,188.0
2021-08-13,60,140.0
2021-08-13,61,149.0
2021-08-13,62,184.0
2021-08-13,63,195.0
2021-08-13,64,186.0
2021-08-13,65,186.0
2021-08-13,66,180.0
2021-08-13,67,179.0
2021-08-13,68,131.0
2021-08-13,69,123.0
2021-08-13,70,165.0
2021-08-13,71,176.0
2021-08-13,72,172.0
2021-08-13,73,176.0
2021-08-13,74,177.0
2021-08-13,75,172.0
2021-08-13,76,168.0
2021-08-13,77,151.0
2021-08-13,78,144.0
2021-08-13,79,120.0
2021-08-13,80,106.0
2021-08-13,81,113.0
2021-08-13,82,122.0
2021-08-13,83,125.0
2021-08-13,84,119.0
2021-08-13,85,112.0
2021-08-13,86,109.0
2021-08-13,87,111.0
2021-08-13,88,100.0
2021-08-13,89,100.0
2021-08-13,90,116.0
2021-08-13,91,118.0
2021-08-13,92,116.0
2021-08-13,93,108.0
2021-08-13,94,92.0
2021-08-13,95,71.0
2021-08-14,0,67.0
2021-08-14,1,61.0
2021-08-14,2,61.0
2021-08-14,3,59.0
2021-08-14,4,83.0
2021-08-14,5,95.0
2021-08-14,6,106.0
2021-08-14,7,104.0
2021-08-14,8,108.0
2021-08-14,9,108.0
2021-08-14,10,108.0
2021-08-14,11,104.0
2021-08-14,12,89.0
2021-08-14,13,86.0
2021-08-14,14,90.0
2021-08-14,15,98.0
2021-08-14,16,100.0
2021-08-14,17,96.0
2021-08-14,18,98.0
2021-08-14,19,97.0
2021-08-14,20,80.0
2021-08-14,21,76.0
2021-08-14,22,86.0
2021-08-14,23,91.0
2021-08-14,24,91.0
2021-08-14,25,89.0
2021-08-14,26,82.0
2021-08-14,27,81.0
2021-08-14,28,75.0
2021-08-14,29,66.0
2021-08-14,30,42.0
2021-08-14,31,30.0
2021-08-14,32,26.0
2021-08-14,33,22.0
2021-08-14,34,21.0
2021-08-14,35,21.0
2021-08-14,36,22.0
2021-08-14,37,21.0
2021-08-14,38,21.0
2021-08-14,39,23.0
2021-08-14,40,21.0
2021-08-14,41,21.0
2021-08-14,42,21.0
2021-08-14,43,20.0
2021-08-14,44,20.0
2021-08-14,45,21.0
2021-08-14,46,24.0
2021-08-14,47,26.0
2021-08-14,48,23.0
2021-08-14,49,22.0
2021-08-14,50,22.0
2021-08-14,51,21.0
2021-08-14,52,20.0
2021-08-14,53,21.0
2021-08-14,54,21.0
2021-08-14,55,21.0
2021-08-14,56,21.0
2021-08-14,57,21.0
2021-08-14,58,22.0
2021-08-14,59,22.0
2021-08-14,60,22.0
2021-08-14,61,22.0
2021-08-14,62,26.0
2021-08-14,63,23.0
2021-08-14,64,22.0
2021-08-14,65,21.0
2021-08-14,66,22.0
2021-08-14,67,22.0
2021-08-14,68,22.0
2021-08-14,69,21.0
2021-08-14,70,20.0
2021-08-14,71,22.0
2021-08-14,72,24.0
2021-08-14,73,21.0
2021-08-14,74,21.0
2021-08-14,75,21.0
2021-08-14,76,26.0
2021-08-14,77,22.0
2021-08-14,78,21.0
2021-08-14,79,21.0
2021-08-14,80,21.0
2021-08-14,81,21.0
2021-08-14,82,22.0
2021-08-14,83,22.0
2021-08-14,84,22.0
2021-08-14,85,22.0
2021-08-14,86,22.0
2021-08-14,87,23.0
2021-08-14,88,22.0
2021-08-14,89,25.0
2021-08-14,90,24.0
2021-08-14,91,21.0
2021-08-14,92,22.0
2021-08-14,93,21.0
2021-08-14,94,22.0
2021-08-14,95,21.0
2021-08-15,0,21.0
2021-08-15,1,21.0
2021-08-15,2,22.0
2021-08-15,3,22.0
2021-08-15,4,21.0
2021-08-15,5,21.0
2021-08-15,6,22.0
2021-08-15,7,28.0
2021-08-15,8,24.0
2021-08-15,9,22.0
2021-08-15,10,20.0
2021-08-15,11,21.0
2021-08-15,12,21.0
2021-08-15,13,21.0
2021-08-15,14,21.0
2021-08-15,15,22.0
2021-08-15,16,22.0
2021-08-15,17,22.0
2021-08-15,18,22.0
2021-08-15,19,22.0
2021-08-15,20,25.0
2021-08-15,21,25.0
2021-08-15,22,21.0
2021-08-15,23,21.0
2021-08-15,24,22.0
2021-08-15,25,22.0
2021-08-15,26,21.0
2021-08-15,27,21.0
2021-08-15,28,21.0
2021-08-15,29,20.0
2021-08-15,30,20.0
2021-08-15,31,21.0
2021-08-15,32,22.0
2021-08-15,33,21.0
2021-08-15,34,24.0
2021-08-15,35,26.0
2021-08-15,36,24.0
2021-08-15,37,22.0
2021-08-15,38,23.0
2021-08-15,39,21.0
2021-08-15,40,21.0
2021-08-15,41,21.0
2021-08-15,42,20.0
2021-08-15,43,21.0
2021-08-15,44,21.0
2021-08-15,45,21.0
2021-08-15,46,22.0
2021-08-15,47,22.0
2021-08-15,48,21.0
2021-08-15,49,22.0
2021-08-15,50,26.0
2021-08-15,51,24.0
2021-08-15,52,22.0
2021-08-15,53,21.0
2021-08-15,54,21.0
2021-08-15,55,22.0
2021-08-15,56,21.0
2021-08-15,57,22.0
2021-08-15,58,22.0
2021-08-15,59,21.0
2021-08-15,60,21.0
2021-08-15,61,21.0
2021-08-15,62,21.0
2021-08-15,63,21.0
2021-08-15,64,25.0
2021-08-15,65,24.0
2021-08-15,66,21.0
2021-08-15,67,21.0
2021-08-15,68,22.0
2021-08-15,69,22.0
2021-08-15,70,21.0
2021-08-15,71,22.0
2021-08-15,72,21.0
2021-08-15,73,20.0
2021-08-15,74,21.0
2021-08-15,75,21.0
2021-08-15,76,21.0
2021-08-15,77,22.0
2021-08-15,78,25.0
2021-08-15,79,24.0
2021-08-15,80,22.0
2021-08-15,81,21.0
2021-08-15,82,21.0
2021-08-15,83,22.0
2021-08-15,84,22.0
2021-08-15,85,22.0
2021-08-15,86,22.0
2021-08-15,87,22.0
2021-08-15,88,22.0
2021-08-15,89,22.0
2021-08-15,90,22.0
2021-08-15,91,24.0
2021-08-15,92,25.0
2021-08-15,93,23.0
2021-08-15,94,21.0
2021-08-15,95,22.0
2021-08-16,0,22.0
2021-08-16,1,22.0
2021-08-16,2,22.0
2021-08-16,3,21.0
2021-08-16,4,20.0
2021-08-16,5,23.0
2021-08-16,6,21.0
2021-08-16,7,21.0
2021-08-16,8,20.0
2021-08-16,9,21.0
2021-08-16,10,26.0
2021-08-16,11,24.0
2021-08-16,12,21.0
2021-08-16,13,21.0
2021-08-16,14,21.0
2021-08-16,15,21.0
2021-08-16,16,21.0
2021-08-16,17,22.0
2021-08-16,18,22.0
2021-08-16,19,22.0
2021-08-16,20,21.0
2021-08-16,21,22.0
2021-08-16,22,22.0
2021-08-16,23,22.0
2021-08-16,24,23.0
2021-08-16,25,26.0
2021-08-16,26,22.0
2021-08-16,27,21.0
2021-08-16,28,24.0
2021-08-16,29,30.0
2021-08-16,30,63.0
2021-08-16,31,122.0
2021-08-16,32,152.0
2021-08-16,33,180.0
2021-08-16,34,182.0
2021-08-16,35,183.0
2021-08-16,36,184.0
2021-08-16,37,190.0
2021-08-16,38,186.0
2021-08-16,39,170.0
2021-08-16,40,116.0
2021-08-16,41,151.0
2021-08-16,42,151.0
2021-08-16,43,157.0
2021-08-16,44,156.0
2021-08-16,45,152.0
2021-08-16,46,157.0
2021-08-16,47,155.0
2021-08-16,48,107.0
2021-08-16,49,91.0
2021-08-16,50,88.0
2021-08-16,51,100.0
2021-08-16,52,157.0
2021-08-16,53,156.0
2021-08-16,54,148.0
2021-08-16,55,149.0
2021-08-16,56,153.0
2021-08-16,57,138.0
2021-08-16,58,149.0
2021-08-16,59,144.0
2021-08-16,60,112.0
2021-08-16,61,146.0
2021-08-16,62,140.0
2021-08-16,63,132.0
2021-08-16,64,117.0
2021-08-16,65,125.0
2021-08-16,66,110.0
2021-08-16,67,113.0
2021-08-16,68,105.0
2021-08-16,69,99.0
2021-08-16,70,99.0
2021-08-16,71,95.0
2021-08-16,72,94.0
2021-08-16,73,92.0
2021-08-16,74,91.0
2021-08-16,75,89.0
2021-08-16,76,95.0
2021-08-16,77,93.0
2021-08-16,78,85.0
2021-08-16,79,84.0
2021-08-16,80,95.0
2021-08-16,81,101.0
2021-08-16,82,95.0
2021-08-16,83,102.0
2021-08-16,84,113.0
2021-08-16,85,116.0
2021-08-16,86,110.0
2021-08-16,87,108.0
2021-08-16,88,86.0
2021-08-16,89,102.0
2021-08-16,90,95.0
2021-08-16,91,98.0
2021-08-16,92,94.0
2021-08-16,93,102.0
2021-08-16,94,102.0
2021-08-16,95,84.0
2021-08-17,0,71.0
2021-08-17,1,68.0
2021-08-17,2,68.0
2021-08-17,3,71.0
2021-08-17,4,90.0
2021-08-17,5,95.0
2021-08-17,6,100.0
2021-08-17,7,100.0
2021-08-17,8,98.0
2021-08-17,9,96.0
2021-08-17,10,101.0
2021-08-17,11,98.0
2021-08-17,12,83.0
2021-08-17,13,95.0
2021-08-17,14,99.0
2021-08-17,15,92.0
2021-08-17,16,86.0
2021-08-17,17,95.0
2021-08-17,18,98.0
2021-08-17,19,94.0
2021-08-17,20,77.0
2021-08-17,21,73.0
2021-08-17,22,89.0
2021-08-17,23,103.0
2021-08-17,24,94.0
2021-08-17,25,91.0
2021-08-17,26,93.0
2021-08-17,27,96.0
2021-08-17,28,95.0
2021-08-17,29,120.0
2021-08-17,30,146.0
2021-08-17,31,137.0
2021-08-17,32,156.0
2021-08-17,33,171.0
2021-08-17,34,168.0
2021-08-17,35,162.0
2021-08-17,36,156.0
2021-08-17,37,159.0
2021-08-17,38,170.0
2021-08-17,39,166.0
2021-08-17,40,126.0
2021-08-17,41,159.0
2021-08-17,42,162.0
2021-08-17,43,165.0
2021-08-17,44,165.0
2021-08-17,45,167.0
2021-08-17,46,171.0
2021-08-17,47,173.0
2021-08-17,48,109.0
2021-08-17,49,98.0
2021-08-17,50,100.0
2021-08-17,51,134.0
2021-08-17,52,159.0
2021-08-17,53,164.0
2021-08-17,54,163.0
2021-08-17,55,162.0
2021-08-17,56,164.0
2021-08-17,57,160.0
2021-08-17,58,163.0
2021-08-17,59,156.0
2021-08-17,60,120.0
2021-08-17,61,154.0
2021-08-17,62,159.0
2021-08-17,63,168.0
2021-08-17,64,158.0
2021-08-17,65,151.0
2021-08-17,66,152.0
2021-08-17,67,147.0
2021-08-17,68,104.0
2021-08-17,69,91.0
2021-08-17,70,120.0
2021-08-17,71,135.0
2021-08-17,72,137.0
2021-08-17,73,148.0
2021-08-17,74,154.0
2021-08-17,75,158.0
2021-08-17,76,143.0
2021-08-17,77,141.0
2021-08-17,78,139.0
2021-08-17,79,127.0
2021-08-17,80,116.0
2021-08-17,81,120.0
2021-08-17,82,128.0
2021-08-17,83,116.0
2021-08-17,84,120.0
2021-08-17,85,118.0
2021-08-17,86,121.0
2021-08-17,87,112.0
2021-08-17,88,90.0
2021-08-17,89,114.0
2021-08-17,90,118.0
2021-08-17,91,117.0
2021-08-17,92,118.0
2021-08-17,93,111.0
2021-08-17,94,99.0
2021-08-17,95,87.0
2021-08-18,0,66.0
2021-08-18,1,64.0
2021-08-18,2,65.0
2021-08-18,3,65.0
2021-08-18,4,84.0
2021-08-18,5,95.0
2021-08-18,6,97.0
2021-08-18,7,105.0
2021-08-18,8,101.0
2021-08-18,9,102.0
2021-08-18,10,105.0
2021-08-18,11,102.0
2021-08-18,12,78.0
2021-08-18,13,87.0
2021-08-18,14,98.0
2021-08-18,15,101.0
2021-08-18,16,93.0
2021-08-18,17,95.0
2021-08-18,18,99.0
2021-08-18,19,93.0
2021-08-18,20,78.0
2021-08-18,21,70.0
2021-08-18,22,84.0
2021-08-18,23,98.0
2021-08-18,24,96.0
2021-08-18,25,97.0
2021-08-18,26,103.0
2021-08-18,27,107.0
2021-08-18,28,105.0
2021-08-18,29,116.0
2021-08-18,30,146.0
2021-08-18,31,131.0
2021-08-18,32,146.0
2021-08-18,33,162.0
2021-08-18,34,174.0
2021-08-18,35,171.0
2021-08-18,36,171.0
2021-08-18,37,172.0
2021-08-18,38,163.0
2021-08-18,39,170.0
2021-08-18,40,134.0
2021-08-18,41,160.0
2021-08-18,42,166.0
2021-08-18,43,176.0
2021-08-18,44,173.0
2021-08-18,45,172.0
2021-08-18,46,183.0
2021-08-18,47,163.0
2021-08-18,48,109.0
2021-08-18,49,90.0
2021-08-18,50,88.0
2021-08-18,51,120.0
2021-08-18,52,166.0
2021-08-18,53,171.0
2021-08-18,54,171.0
2021-08-18,55,177.0
2021-08-18,56,175.0
2021-08-18,57,176.0
2021-08-18,58,181.0
2021-08-18,59,185.0
2021-08-18,60,141.0
2021-08-18,61,176.0
2021-08-18,62,184.0
2021-08-18,63,178.0
2021-08-18,64,188.0
2021-08-18,65,174.0
2021-08-18,66,148.0
2021-08-18,67,152.0
2021-08-18,68,118.0
2021-08-18,69,99.0
2021-08-18,70,160.0
2021-08-18,71,186.0
2021-08-18,72,168.0
2021-08-18,73,165.0
2021-08-18,74,174.0
2021-08-18,75,147.0
2021-08-18,76,150.0
2021-08-18,77,158.0
2021-08-18,78,142.0
2021-08-18,79,123.0
2021-08-18,80,116.0
2021-08-18,81,124.0
2021-08-18,82,120.0
2021-08-18,83,118.0
2021-08-18,84,109.0
2021-08-18,85,111.0
2021-08-18,86,115.0
2021-08-18,87,123.0
2021-08-18,88,102.0
2021-08-18,89,125.0
2021-08-18,90,117.0
2021-08-18,91,103.0
2021-08-18,92,103.0
2021-08-18,93,112.0
2021-08-18,94,107.0
2021-08-18,95,96.0
2021-08-19,0,77.0
2021-08-19,1,73.0
2021-08-19,2,68.0
2021-08-19,3,65.0
2021-08-19,4,84.0
2021-08-19,5,101.0
2021-08-19,6,110.0
2021-08-19,7,114.0
2021-08-19,8,116.0
2021-08-19,9,106.0
2021-08-19,10,101.0
2021-08-19,11,113.0
2021-08-19,12,93.0
2021-08-19,13,111.0
2021-08-19,14,119.0
2021-08-19,15,112.0
2021-08-19,16,108.0
2021-08-19,17,108.0
2021-08-19,18,101.0
2021-08-19,19,98.0
2021-08-19,20,78.0
2021-08-19,21,70.0
2021-08-19,22,96.0
2021-08-19,23,106.0
2021-08-19,24,110.0
2021-08-19,25,119.0
2021-08-19,26,110.0
2021-08-19,27,97.0
2021-08-19,28,91.0
2021-08-19,29,116.0
2021-08-19,30,142.0
2021-08-19,31,143.0
2021-08-19,32,174.0
2021-08-19,33,185.0
2021-08-19,34,177.0
2021-08-19,35,159.0
2021-08-19,36,162.0
2021-08-19,37,173.0
2021-08-19,38,182.0
2021-08-19,39,179.0
2021-08-19,40,142.0
2021-08-19,41,166.0
2021-08-19,42,165.0
2021-08-19,43,177.0
2021-08-19,44,176.0
2021-08-19,45,188.0
2021-08-19,46,175.0
2021-08-19,47,168.0
2021-08-19,48,114.0
2021-08-19,49,96.0
2021-08-19,50,89.0
2021-08-19,51,120.0
2021-08-19,52,168.0
2021-08-19,53,168.0
2021-08-19,54,163.0
2021-08-19,55,172.0
2021-08-19,56,178.0
2021-08-19,57,167.0
2021-08-19,58,171.0
2021-08-19,59,184.0
2021-08-19,60,145.0
2021-08-19,61,179.0
2021-08-19,62,185.0
2021-08-19,63,172.0
2021-08-19,64,166.0
2021-08-19,65,171.0
2021-08-19,66,167.0
2021-08-19,67,159.0
2021-08-19,68,122.0
2021-08-19,69,101.0
2021-08-19,70,140.0
2021-08-19,71,155.0
2021-08-19,72,161.0
2021-08-19,73,140.0
2021-08-19,74,153.0
2021-08-19,75,155.0
2021-08-19,76,153.0
2021-08-19,77,151.0
2021-08-19,78,149.0
2021-08-19,79,134.0
2021-08-19,80,121.0
2021-08-19,81,130.0
2021-08-19,82,134.0
2021-08-19,83,128.0
2021-08-19,84,121.0
2021-08-19,85,118.0
2021-08-19,86,123.0
2021-08-19,87,123.0
2021-08-19,88,105.0
2021-08-19,89,125.0
2021-08-19,90,119.0
2021-08-19,91,114.0
2021-08-19,92,117.0
2021-08-19,93,110.0
2021-08-19,94,111.0
2021-08-19,95,101.0
2021-08-20,0,80.0
2021-08-20,1,74.0
2021-08-20,2,70.0
2021-08-20,3,68.0
2021-08-20,4,89.0
2021-08-20,5,105.0
2021-08-20,6,109.0
2021-08-20,7,100.0
2021-08-20,8,104.0
2021-08-20,9,110.0
2021-08-20,10,107.0
2021-08-20,11,107.0
2021-08-20,12,92.0
2021-08-20,13,107.0
2021-08-20,14,106.0
2021-08-20,15,104.0
2021-08-20,16,106.0
2021-08-20,17,101.0
2021-08-20,18,88.0
2021-08-20,19,101.0
2021-08-20,20,78.0
2021-08-20,21,70.0
2021-08-20,22,98.0
2021-08-20,23,104.0
2021-08-20,24,112.0
2021-08-20,25,115.0
2021-08-20,26,109.0
2021-08-20,27,106.0
2021-08-20,28,109.0
2021-08-20,29,121.0
2021-08-20,30,146.0
2021-08-20,31,132.0
2021-08-20,32,160.0
2021-08-20,33,179.0
2021-08-20,34,172.0
2021-08-20,35,172.0
2021-08-20,36,154.0
2021-08-20,37,161.0
2021-08-20,38,171.0
2021-08-20,39,175.0
2021-08-20,40,142.0
2021-08-20,41,157.0
2021-08-20,42,162.0
2021-08-20,43,168.0
2021-08-20,44,183.0
2021-08-20,45,193.0
2021-08-20,46,189.0
2021-08-20,47,183.0
2021-08-20,48,118.0
2021-08-20,49,96.0
2021-08-20,50,95.0
2021-08-20,51,134.0
2021-08-20,52,175.0
2021-08-20,53,180.0
2021-08-20,54,177.0
2021-08-20,55,177.0
2021-08-20,56,177.0
2021-08-20,57,160.0
2021-08-20,58,184.0
2021-08-20,59,177.0
2021-08-20,60,124.0
2021-08-20,61,176.0
2021-08-20,62,169.0
2021-08-20,63,167.0
2021-08-20,64,176.0
2021-08-20,65,177.0
2021-08-20,66,168.0
2021-08-20,67,161.0
2021-08-20,68,105.0
2021-08-20,69,107.0
2021-08-20,70,160.0
2021-08-20,71,164.0
2021-08-20,72,148.0
2021-08-20,73,156.0
2021-08-20,74,158.0
2021-08-20,75,157.0
2021-08-20,76,146.0
2021-08-20,77,116.0
2021-08-20,78,134.0
2021-08-20,79,105.0
2021-08-20,80,99.0
2021-08-20,81,115.0
2021-08-20,82,125.0
2021-08-20,83,117.0
2021-08-20,84,120.0
2021-08-20,85,121.0
2021-08-20,86,117.0
2021-08-20,87,115.0
2021-08-20,88,91.0
2021-08-20,89,107.0
2021-08-20,90,112.0
2021-08-20,91,113.0
2021-08-20,92,102.0
2021-08-20,93,106.0
2021-08-20,94,101.0
2021-08-20,95,84.0
2021-08-21,0,64.0
2021-08-21,1,62.0
2021-08-21,2,63.0
2021-08-21,3,63.0
2021-08-21,4,92.0
2021-08-21,5,97.0
2021-08-21,6,91.0
2021-08-21,7,99.0
2021-08-21,8,99.0
2021-08-21,9,103.0
2021-08-21,10,106.0
2021-08-21,11,109.0
2021-08-21,12,86.0
2021-08-21,13,92.0
2021-08-21,14,94.0
2021-08-21,15,102.0
2021-08-21,16,105.0
2021-08-21,17,101.0
2021-08-21,18,107.0
2021-08-21,19,104.0
2021-08-21,20,90.0
2021-08-21,21,81.0
2021-08-21,22,97.0
2021-08-21,23,110.0
2021-08-21,24,100.0
2021-08-21,25,103.0
2021-08-21,26,100.0
2021-08-21,27,91.0
2021-08-21,28,94.0
2021-08-21,29,88.0
2021-08-21,30,59.0
2021-08-21,31,33.0
2021-08-21,32,26.0
2021-08-21,33,21.0
2021-08-21,34,21.0
2021-08-21,35,23.0
2021-08-21,36,21.0
2021-08-21,37,20.0
2021-08-21,38,21.0
2021-08-21,39,21.0
2021-08-21,40,21.0
2021-08-21,41,21.0
2021-08-21,42,22.0
2021-08-21,43,21.0
2021-08-21,44,21.0
2021-08-21,45,24.0
2021-08-21,46,26.0
2021-08-21,47,22.0
2021-08-21,48,22.0
2021-08-21,49,22.0
2021-08-21,50,22.0
2021-08-21,51,22.0
2021-08-21,52,21.0
2021-08-21,53,21.0
2021-08-21,54,21.0
2021-08-21,55,21.0
2021-08-21,56,21.0
2021-08-21,57,22.0
2021-08-21,58,22.0
2021-08-21,59,26.0
2021-08-21,60,23.0
2021-08-21,61,21.0
2021-08-21,62,21.0
2021-08-21,63,22.0
2021-08-21,64,22.0
2021-08-21,65,21.0
2021-08-21,66,21.0
2021-08-21,67,22.0
2021-08-21,68,22.0
2021-08-21,69,22.0
2021-08-21,70,22.0
2021-08-21,71,22.0
2021-08-21,72,26.0
2021-08-21,73,27.0
2021-08-21,74,24.0
2021-08-21,75,23.0
2021-08-21,76,21.0
2021-08-21,77,20.0
2021-08-21,78,21.0
2021-08-21,79,21.0
2021-08-21,80,21.0
2021-08-21,81,22.0
2021-08-21,82,21.0
2021-08-21,83,22.0
2021-08-21,84,23.0
2021-08-21,85,23.0
2021-08-21,86,23.0
2021-08-21,87,23.0
2021-08-21,88,24.0
2021-08-21,89,27.0
2021-08-21,90,24.0
2021-08-21,91,23.0
2021-08-21,92,22.0
2021-08-21,93,22.0
2021-08-21,94,22.0
2021-08-21,95,23.0
2021-08-22,0,22.0
2021-08-22,1,22.0
2021-08-22,2,22.0
2021-08-22,3,23.0
2021-08-22,4,23.0
2021-08-22,5,22.0
2021-08-22,6,22.0
2021-08-22,7,26.0
2021-08-22,8,27.0
2021-08-22,9,23.0
2021-08-22,10,22.0
2021-08-22,11,23.0
2021-08-22,12,23.0
2021-08-22,13,24.0
2021-08-22,14,22.0
2021-08-22,15,21.0
2021-08-22,16,22.0
2021-08-22,17,21.0
2021-08-22,18,22.0
2021-08-22,19,22.0
2021-08-22,20,22.0
2021-08-22,21,21.0
2021-08-22,22,25.0
2021-08-22,23,26.0
2021-08-22,24,22.0
2021-08-22,25,22.0
2021-08-22,26,22.0
2021-08-22,27,22.0
2021-08-22,28,21.0
2021-08-22,29,22.0
2021-08-22,30,22.0
2021-08-22,31,22.0
2021-08-22,32,22.0
2021-08-22,33,21.0
2021-08-22,34,21.0
2021-08-22,35,22.0
2021-08-22,36,25.0
2021-08-22,37,27.0
2021-08-22,38,22.0
2021-08-22,39,22.0
2021-08-22,40,22.0
2021-08-22,41,22.0
2021-08-22,42,22.0
2021-08-22,43,22.0
2021-08-22,44,23.0
2021-08-22,45,22.0
2021-08-22,46,22.0
2021-08-22,47,21.0
2021-08-22,48,22.0
2021-08-22,49,22.0
2021-08-22,50,23.0
2021-08-22,51,24.0
2021-08-22,52,26.0
2021-08-22,53,24.0
2021-08-22,54,22.0
2021-08-22,55,22.0
2021-08-22,56,23.0
2021-08-22,57,22.0
2021-08-22,58,23.0
2021-08-22,59,23.0
2021-08-22,60,23.0
2021-08-22,61,23.0
2021-08-22,62,22.0
2021-08-22,63,23.0
2021-08-22,64,23.0
2021-08-22,65,24.0
2021-08-22,66,27.0
2021-08-22,67,24.0
2021-08-22,68,22.0
2021-08-22,69,22.0
2021-08-22,70,22.0
2021-08-22,71,22.0
2021-08-22,72,22.0
2021-08-22,73,22.0
2021-08-22,74,22.0
2021-08-22,75,22.0
2021-08-22,76,22.0
2021-08-22,77,21.0
2021-08-22,78,22.0
2021-08-22,79,22.0
2021-08-22,80,25.0
2021-08-22,81,26.0
2021-08-22,82,23.0
2021-08-22,83,23.0
2021-08-22,84,22.0
2021-08-22,85,22.0
2021-08-22,86,22.0
2021-08-22,87,23.0
2021-08-22,88,23.0
2021-08-22,89,22.0
2021-08-22,90,24.0
2021-08-22,91,22.0
2021-08-22,92,22.0
2021-08-22,93,21.0
2021-08-22,94,21.0
2021-08-22,95,26.0
2021-08-23,0,25.0
2021-08-23,1,22.0
2021-08-23,2,23.0
2021-08-23,3,22.0
2021-08-23,4,22.0
2021-08-23,5,23.0
2021-08-23,6,23.0
2021-08-23,7,23.0
2021-08-23,8,23.0
2021-08-23,9,22.0
2021-08-23,10,23.0
2021-08-23,11,23.0
2021-08-23,12,22.0
2021-08-23,13,27.0
2021-08-23,14,25.0
2021-08-23,15,22.0
2021-08-23,16,22.0
2021-08-23,17,22.0
2021-08-23,18,22.0
2021-08-23,19,22.0
2021-08-23,20,22.0
2021-08-23,21,22.0
2021-08-23,22,22.0
2021-08-23,23,22.0
2021-08-23,24,22.0
2021-08-23,25,21.0
2021-08-23,26,21.0
2021-08-23,27,21.0
2021-08-23,28,28.0
2021-08-23,29,44.0
2021-08-23,30,66.0
2021-08-23,31,92.0
2021-08-23,32,152.0
2021-08-23,33,163.0
2021-08-23,34,172.0
2021-08-23,35,181.0
2021-08-23,36,187.0
2021-08-23,37,165.0
2021-08-23,38,182.0
2021-08-23,39,185.0
2021-08-23,40,144.0
2021-08-23,41,181.0
2021-08-23,42,182.0
2021-08-23,43,172.0
2021-08-23,44,172.0
2021-08-23,45,186.0
2021-08-23,46,191.0
2021-08-23,47,188.0
2021-08-23,48,124.0
2021-08-23,49,99.0
2021-08-23,50,103.0
2021-08-23,51,136.0
2021-08-23,52,184.0
2021-08-23,53,181.0
2021-08-23,54,176.0
2021-08-23,55,193.0
2021-08-23,56,181.0
2021-08-23,57,184.0
2021-08-23,58,182.0
2021-08-23,59,190.0
2021-08-23,60,151.0
2021-08-23,61,187.0
2021-08-23,62,184.0
2021-08-23,63,196.0
2021-08-23,64,173.0
2021-08-23,65,172.0
2021-08-23,66,177.0
2021-08-23,67,164.0
2021-08-23,68,124.0
2021-08-23,69,114.0
2021-08-23,70,154.0
2021-08-23,71,177.0
2021-08-23,72,179.0
2021-08-23,73,165.0
2021-08-23,74,148.0
2021-08-23,75,131.0
2021-08-23,76,137.0
2021-08-23,77,132.0
2021-08-23,78,136.0
2021-08-23,79,109.0
2021-08-23,80,100.0
2021-08-23,81,118.0
2021-08-23,82,116.0
2021-08-23,83,114.0
2021-08-23,84,111.0
2021-08-23,85,117.0
2021-08-23,86,109.0
2021-08-23,87,107.0
2021-08-23,88,101.0
2021-08-23,89,111.0
2021-08-23,90,111.0
2021-08-23,91,113.0
2021-08-23,92,107.0
2021-08-23,93,101.0
2021-08-23,94,100.0
2021-08-23,95,75.0
2021-08-24,0,67.0
2021-08-24,1,64.0
2021-08-24,2,65.0
2021-08-24,3,64.0
2021-08-24,4,90.0
2021-08-24,5,108.0
2021-08-24,6,111.0
2021-08-24,7,110.0
2021-08-24,8,115.0
2021-08-24,9,109.0
2021-08-24,10,107.0
2021-08-24,11,108.0
2021-08-24,12,95.0
2021-08-24,13,103.0
2021-08-24,14,115.0
2021-08-24,15,105.0
2021-08-24,16,109.0
2021-08-24,17,113.0
2021-08-24,18,107.0
2021-08-24,19,103.0
2021-08-24,20,81.0
2021-08-24,21,72.0
2021-08-24,22,93.0
2021-08-24,23,106.0
2021-08-24,24,112.0
2021-08-24,25,107.0
2021-08-24,26,102.0
2021-08-24,27,115.0
2021-08-24,28,116.0
2021-08-24,29,119.0
2021-08-24,30,144.0
2021-08-24,31,145.0
2021-08-24,32,167.0
2021-08-24,33,192.0
2021-08-24,34,196.0
2021-08-24,35,191.0
2021-08-24,36,182.0
2021-08-24,37,190.0
2021-08-24,38,170.0
2021-08-24,39,181.0
2021-08-24,40,151.0
2021-08-24,41,181.0
2021-08-24,42,177.0
2021-08-24,43,174.0
2021-08-24,44,179.0
2021-08-24,45,183.0
2021-08-24,46,188.0
2021-08-24,47,180.0
2021-08-24,48,125.0
2021-08-24,49,105.0
2021-08-24,50,99.0
2021-08-24,51,130.0
2021-08-24,52,165.0
2021-08-24,53,171.0
2021-08-24,54,180.0
2021-08-24,55,180.0
2021-08-24,56,190.0
2021-08-24,57,185.0
2021-08-24,58,180.0
2021-08-24,59,188.0
2021-08-24,60,139.0
2021-08-24,61,175.0
2021-08-24,62,183.0
2021-08-24,63,201.0
2021-08-24,64,191.0
2021-08-24,65,188.0
2021-08-24,66,181.0
2021-08-24,67,175.0
2021-08-24,68,131.0
2021-08-24,69,115.0
2021-08-24,70,153.0
2021-08-24,71,157.0
2021-08-24,72,148.0
2021-08-24,73,151.0
2021-08-24,74,151.0
2021-08-24,75,156.0
2021-08-24,76,164.0
2021-08-24,77,146.0
2021-08-24,78,148.0
2021-08-24,79,142.0
2021-08-24,80,117.0
2021-08-24,81,122.0
2021-08-24,82,125.0
2021-08-24,83,120.0
2021-08-24,84,122.0
2021-08-24,85,123.0
2021-08-24,86,121.0
2021-08-24,87,119.0
2021-08-24,88,112.0
2021-08-24,89,120.0
2021-08-24,90,109.0
2021-08-24,91,109.0
2021-08-24,92,102.0
2021-08-24,93,104.0
2021-08-24,94,107.0
2021-08-24,95,84.0
2021-08-25,0,81.0
2021-08-25,1,80.0
2021-08-25,2,77.0
2021-08-25,3,69.0
2021-08-25,4,90.0
2021-08-25,5,111.0
2021-08-25,6,108.0
2021-08-25,7,108.0
2021-08-25,8,115.0
2021-08-25,9,107.0
2021-08-25,10,105.0
2021-08-25,11,110.0
2021-08-25,12,90.0
2021-08-25,13,100.0
2021-08-25,14,98.0
2021-08-25,15,106.0
2021-08-25,16,109.0
2021-08-25,17,109.0
2021-08-25,18,110.0
2021-08-25,19,107.0
2021-08-25,20,90.0
2021-08-25,21,79.0
2021-08-25,22,89.0
2021-08-25,23,107.0
2021-08-25,24,101.0
2021-08-25,25,99.0
2021-08-25,26,108.0
2021-08-25,27,108.0
2021-08-25,28,109.0
2021-08-25,29,134.0
2021-08-25,30,162.0
2021-08-25,31,150.0
2021-08-25,32,156.0
2021-08-25,33,177.0
2021-08-25,34,182.0
2021-08-25,35,179.0
2021-08-25,36,161.0
2021-08-25,37,167.0
2021-08-25,38,175.0
2021-08-25,39,181.0
2021-08-25,40,153.0
2021-08-25,41,179.0
2021-08-25,42,187.0
2021-08-25,43,189.0
2021-08-25,44,172.0
2021-08-25,45,158.0
2021-08-25,46,184.0
2021-08-25,47,178.0
2021-08-25,48,121.0
2021-08-25,49,96.0
2021-08-25,50,102.0
2021-08-25,51,120.0
2021-08-25,52,170.0
2021-08-25,53,180.0
2021-08-25,54,168.0
2021-08-25,55,177.0
2021-08-25,56,179.0
2021-08-25,57,165.0
2021-08-25,58,180.0
2021-08-25,59,184.0
2021-08-25,60,142.0
2021-08-25,61,178.0
2021-08-25,62,174.0
2021-08-25,63,180.0
2021-08-25,64,172.0
2021-08-25,65,169.0
2021-08-25,66,146.0
2021-08-25,67,160.0
2021-08-25,68,131.0
2021-08-25,69,117.0
2021-08-25,70,158.0
2021-08-25,71,176.0
2021-08-25,72,172.0
2021-08-25,73,166.0
2021-08-25,74,165.0
2021-08-25,75,165.0
2021-08-25,76,150.0
2021-08-25,77,152.0
2021-08-25,78,139.0
2021-08-25,79,115.0
2021-08-25,80,101.0
2021-08-25,81,107.0
2021-08-25,82,112.0
2021-08-25,83,124.0
2021-08-25,84,114.0
2021-08-25,85,131.0
2021-08-25,86,123.0
2021-08-25,87,117.0
2021-08-25,88,114.0
2021-08-25,89,109.0
2021-08-25,90,103.0
2021-08-25,91,114.0
2021-08-25,92,119.0
2021-08-25,93,112.0
2021-08-25,94,108.0
2021-08-25,95,80.0
2021-08-26,0,72.0
2021-08-26,1,72.0
2021-08-26,2,73.0
2021-08-26,3,69.0
2021-08-26,4,92.0
2021-08-26,5,106.0
2021-08-26,6,110.0
2021-08-26,7,105.0
2021-08-26,8,113.0
2021-08-26,9,116.0
2021-08-26,10,112.0
2021-08-26,11,118.0
2021-08-26,12,90.0
2021-08-26,13,100.0
2021-08-26,14,104.0
2021-08-26,15,103.0
2021-08-26,16,108.0
2021-08-26,17,115.0
2021-08-26,18,111.0
2021-08-26,19,104.0
2021-08-26,20,83.0
2021-08-26,21,77.0
2021-08-26,22,98.0
2021-08-26,23,108.0
2021-08-26,24,105.0
2021-08-26,25,104.0
2021-08-26,26,98.0
2021-08-26,27,111.0
2021-08-26,28,114.0
2021-08-26,29,129.0
2021-08-26,30,147.0
2021-08-26,31,145.0
2021-08-26,32,166.0
2021-08-26,33,187.0
2021-08-26,34,182.0
2021-08-26,35,196.0
2021-08-26,36,197.0
2021-08-26,37,199.0
2021-08-26,38,191.0
2021-08-26,39,192.0
2021-08-26,40,158.0
2021-08-26,41,187.0
2021-08-26,42,182.0
2021-08-26,43,193.0
2021-08-26,44,192.0
2021-08-26,45,194.0
2021-08-26,46,180.0
2021-08-26,47,187.0
2021-08-26,48,117.0
2021-08-26,49,100.0
2021-08-26,50,98.0
2021-08-26,51,127.0
2021-08-26,52,168.0
2021-08-26,53,172.0
2021-08-26,54,194.0
2021-08-26,55,199.0
2021-08-26,56,183.0
2021-08-26,57,177.0
2021-08-26,58,189.0
2021-08-26,59,190.0
2021-08-26,60,163.0
2021-08-26,61,192.0
2021-08-26,62,202.0
2021-08-26,63,193.0
2021-08-26,64,186.0
2021-08-26,65,172.0
2021-08-26,66,175.0
2021-08-26,67,158.0
2021-08-26,68,119.0
2021-08-26,69,105.0
2021-08-26,70,142.0
2021-08-26,71,161.0
2021-08-26,72,161.0
2021-08-26,73,155.0
2021-08-26,74,163.0
2021-08-26,75,167.0
2021-08-26,76,168.0
2021-08-26,77,158.0
2021-08-26,78,170.0
2021-08-26,79,129.0
2021-08-26,80,116.0
2021-08-26,81,115.0
2021-08-26,82,112.0
2021-08-26,83,121.0
2021-08-26,84,122.0
2021-08-26,85,127.0
2021-08-26,86,128.0
2021-08-26,87,121.0
2021-08-26,88,113.0
2021-08-26,89,116.0
2021-08-26,90,106.0
2021-08-26,91,109.0
2021-08-26,92,104.0
2021-08-26,93,112.0
2021-08-26,94,113.0
2021-08-26,95,89.0
2021-08-27,0,77.0
2021-08-27,1,72.0
2021-08-27,2,70.0
2021-08-27,3,67.0
2021-08-27,4,90.0
2021-08-27,5,102.0
2021-08-27,6,111.0
2021-08-27,7,106.0
2021-08-27,8,107.0
2021-08-27,9,115.0
2021-08-27,10,112.0
2021-08-27,11,111.0
2021-08-27,12,92.0
2021-08-27,13,98.0
2021-08-27,14,105.0
2021-08-27,15,114.0
2021-08-27,16,107.0
2021-08-27,17,111.0
2021-08-27,18,112.0
2021-08-27,19,100.0
2021-08-27,20,77.0
2021-08-27,21,74.0
2021-08-27,22,87.0
2021-08-27,23,104.0
2021-08-27,24,101.0
2021-08-27,25,99.0
2021-08-27,26,99.0
2021-08-27,27,103.0
2021-08-27,28,106.0
2021-08-27,29,123.0
2021-08-27,30,135.0
2021-08-27,31,135.0
2021-08-27,32,166.0
2021-08-27,33,183.0
2021-08-27,34,190.0
2021-08-27,35,185.0
2021-08-27,36,179.0
2021-08-27,37,185.0
2021-08-27,38,169.0
2021-08-27,39,170.0
2021-08-27,40,147.0
2021-08-27,41,176.0
2021-08-27,42,177.0
2021-08-27,43,176.0
2021-08-27,44,179.0
2021-08-27,45,182.0
2021-08-27,46,169.0
2021-08-27,47,168.0
2021-08-27,48,112.0
2021-08-27,49,95.0
2021-08-27,50,93.0
2021-08-27,51,125.0
2021-08-27,52,179.0
2021-08-27,53,176.0
2021-08-27,54,169.0
2021-08-27,55,167.0
2021-08-27,56,169.0
2021-08-27,57,168.0
2021-08-27,58,163.0
2021-08-27,59,161.0
2021-08-27,60,137.0
2021-08-27,61,175.0
2021-08-27,62,173.0
2021-08-27,63,161.0
2021-08-27,64,158.0
2021-08-27,65,150.0
2021-08-27,66,156.0
2021-08-27,67,161.0
2021-08-27,68,127.0
2021-08-27,69,116.0
2021-08-27,70,161.0
2021-08-27,71,163.0
2021-08-27,72,157.0
2021-08-27,73,142.0
2021-08-27,74,137.0
2021-08-27,75,136.0
2021-08-27,76,138.0
2021-08-27,77,135.0
2021-08-27,78,127.0
2021-08-27,79,109.0
2021-08-27,80,104.0
2021-08-27,81,111.0
2021-08-27,82,108.0
2021-08-27,83,109.0
2021-08-27,84,104.0
2021-08-27,85,115.0
2021-08-27,86,111.0
2021-08-27,87,97.0
2021-08-27,88,79.0
2021-08-27,89,94.0
2021-08-27,90,105.0
2021-08-27,91,105.0
2021-08-27,92,105.0
2021-08-27,93,109.0
2021-08-27,94,113.0
2021-08-27,95,82.0
2021-08-28,0,75.0
2021-08-28,1,73.0
2021-08-28,2,71.0
2021-08-28,3,69.0
2021-08-28,4,91.0
2021-08-28,5,108.0
2021-08-28,6,111.0
2021-08-28,7,107.0
2021-08-28,8,111.0
2021-08-28,9,119.0
2021-08-28,10,110.0
2021-08-28,11,102.0
2021-08-28,12,100.0
2021-08-28,13,109.0
2021-08-28,14,97.0
2021-08-28,15,103.0
2021-08-28,16,105.0
2021-08-28,17,107.0
2021-08-28,18,105.0
2021-08-28,19,93.0
2021-08-28,20,73.0
2021-08-28,21,74.0
2021-08-28,22,93.0
2021-08-28,23,107.0
2021-08-28,24,103.0
2021-08-28,25,101.0
2021-08-28,26,93.0
2021-08-28,27,95.0
2021-08-28,28,94.0
2021-08-28,29,86.0
2021-08-28,30,48.0
2021-08-28,31,37.0
2021-08-28,32,35.0
2021-08-28,33,35.0
2021-08-28,34,35.0
2021-08-28,35,36.0
2021-08-28,36,36.0
2021-08-28,37,36.0
2021-08-28,38,36.0
2021-08-28,39,36.0
2021-08-28,40,37.0
2021-08-28,41,36.0
2021-08-28,42,41.0
2021-08-28,43,39.0
2021-08-28,44,36.0
2021-08-28,45,36.0
2021-08-28,46,39.0
2021-08-28,47,37.0
2021-08-28,48,38.0
2021-08-28,49,38.0
2021-08-28,50,38.0
2021-08-28,51,38.0
2021-08-28,52,38.0
2021-08-28,53,37.0
2021-08-28,54,37.0
2021-08-28,55,41.0
2021-08-28,56,41.0
2021-08-28,57,37.0
2021-08-28,58,37.0
2021-08-28,59,37.0
2021-08-28,60,37.0
2021-08-28,61,37.0
2021-08-28,62,38.0
2021-08-28,63,38.0
2021-08-28,64,38.0
2021-08-28,65,47.0
2021-08-28,66,52.0
2021-08-28,67,46.0
2021-08-28,68,47.0
2021-08-28,69,41.0
2021-08-28,70,0.0
2021-08-28,71,0.0
2021-08-28,72,0.0
2021-08-28,73,0.0
2021-08-28,74,0.0
2021-08-28,75,0.0
2021-08-28,76,0.0
2021-08-28,77,0.0
2021-08-28,78,0.0
2021-08-28,79,0.0
2021-08-28,80,0.0
2021-08-28,81,0.0
2021-08-28,82,0.0
2021-08-28,83,0.0
2021-08-28,84,0.0
2021-08-28,85,0.0
2021-08-28,86,0.0
2021-08-28,87,0.0
2021-08-28,88,0.0
2021-08-28,89,0.0
2021-08-28,90,0.0
2021-08-28,91,0.0
2021-08-28,92,0.0
2021-08-28,93,0.0
2021-08-28,94,0.0
2021-08-28,95,0.0
2021-08-29,0,0.0
2021-08-29,1,0.0
2021-08-29,2,0.0
2021-08-29,3,0.0
2021-08-29,4,0.0
2021-08-29,5,0.0
2021-08-29,6,0.0
2021-08-29,7,0.0
2021-08-29,8,0.0
2021-08-29,9,0.0
2021-08-29,10,0.0
2021-08-29,11,0.0
2021-08-29,12,0.0
2021-08-29,13,0.0
2021-08-29,14,0.0
2021-08-29,15,0.0
2021-08-29,16,0.0
2021-08-29,17,0.0
2021-08-29,18,0.0
2021-08-29,19,0.0
2021-08-29,20,0.0
2021-08-29,21,0.0
2021-08-29,22,0.0
2021-08-29,23,0.0
2021-08-29,24,0.0
2021-08-29,25,0.0
2021-08-29,26,0.0
2021-08-29,27,0.0
2021-08-29,28,0.0
2021-08-29,29,0.0
2021-08-29,30,0.0
2021-08-29,31,0.0
2021-08-29,32,0.0
2021-08-29,33,0.0
2021-08-29,34,0.0
2021-08-29,35,0.0
2021-08-29,36,0.0
2021-08-29,37,0.0
2021-08-29,38,0.0
2021-08-29,39,0.0
2021-08-29,40,0.0
2021-08-29,41,0.0
2021-08-29,42,0.0
2021-08-29,43,0.0
2021-08-29,44,0.0
2021-08-29,45,0.0
2021-08-29,46,41.0
2021-08-29,47,25.0
2021-08-29,48,23.0
2021-08-29,49,23.0
2021-08-29,50,21.0
2021-08-29,51,19.0
2021-08-29,52,19.0
2021-08-29,53,19.0
2021-08-29,54,19.0
2021-08-29,55,19.0
2021-08-29,56,21.0
2021-08-29,57,22.0
2021-08-29,58,22.0
2021-08-29,59,21.0
2021-08-29,60,21.0
2021-08-29,61,21.0
2021-08-29,62,21.0
2021-08-29,63,21.0
2021-08-29,64,21.0
2021-08-29,65,21.0
2021-08-29,66,21.0
2021-08-29,67,23.0
2021-08-29,68,26.0
2021-08-29,69,25.0
2021-08-29,70,26.0
2021-08-29,71,26.0
2021-08-29,72,25.0
2021-08-29,73,25.0
2021-08-29,74,24.0
2021-08-29,75,21.0
2021-08-29,76,20.0
2021-08-29,77,21.0
2021-08-29,78,21.0
2021-08-29,79,20.0
2021-08-29,80,20.0
2021-08-29,81,20.0
2021-08-29,82,20.0
2021-08-29,83,20.0
2021-08-29,84,20.0
2021-08-29,85,20.0
2021-08-29,86,20.0
2021-08-29,87,21.0
2021-08-29,88,20.0
2021-08-29,89,24.0
2021-08-29,90,23.0
2021-08-29,91,20.0
2021-08-29,92,19.0
2021-08-29,93,19.0
2021-08-29,94,21.0
2021-08-29,95,20.0
2021-08-30,0,20.0
2021-08-30,1,20.0
2021-08-30,2,20.0
2021-08-30,3,20.0
2021-08-30,4,20.0
2021-08-30,5,20.0
2021-08-30,6,20.0
2021-08-30,7,23.0
2021-08-30,8,24.0
2021-08-30,9,21.0
2021-08-30,10,20.0
2021-08-30,11,20.0
2021-08-30,12,20.0
2021-08-30,13,21.0
2021-08-30,14,19.0
2021-08-30,15,19.0
2021-08-30,16,19.0
2021-08-30,17,19.0
2021-08-30,18,20.0
2021-08-30,19,20.0
2021-08-30,20,20.0
2021-08-30,21,19.0
2021-08-30,22,19.0
2021-08-30,23,20.0
2021-08-30,24,24.0
2021-08-30,25,21.0
2021-08-30,26,20.0
2021-08-30,27,19.0
2021-08-30,28,29.0
2021-08-30,29,38.0
2021-08-30,30,59.0
2021-08-30,31,80.0
2021-08-30,32,133.0
2021-08-30,33,175.0
2021-08-30,34,177.0
2021-08-30,35,183.0
2021-08-30,36,167.0
2021-08-30,37,158.0
2021-08-30,38,180.0
2021-08-30,39,174.0
2021-08-30,40,154.0
2021-08-30,41,180.0
2021-08-30,42,186.0
2021-08-30,43,165.0
2021-08-30,44,166.0
2021-08-30,45,178.0
2021-08-30,46,161.0
2021-08-30,47,180.0
2021-08-30,48,124.0
2021-08-30,49,103.0
2021-08-30,50,96.0
2021-08-30,51,134.0
2021-08-30,52,169.0
2021-08-30,53,177.0
2021-08-30,54,169.0
2021-08-30,55,171.0
2021-08-30,56,164.0
2021-08-30,57,173.0
2021-08-30,58,174.0
2021-08-30,59,172.0
2021-08-30,60,141.0
2021-08-30,61,145.0
2021-08-30,62,175.0
2021-08-30,63,177.0
2021-08-30,64,171.0
2021-08-30,65,174.0
2021-08-30,66,166.0
2021-08-30,67,169.0
2021-08-30,68,127.0
2021-08-30,69,115.0
2021-08-30,70,145.0
2021-08-30,71,172.0
2021-08-30,72,172.0
2021-08-30,73,165.0
2021-08-30,74,164.0
2021-08-30,75,169.0
2021-08-30,76,162.0
2021-08-30,77,150.0
2021-08-30,78,134.0
2021-08-30,79,128.0
2021-08-30,80,117.0
2021-08-30,81,130.0
2021-08-30,82,132.0
2021-08-30,83,131.0
2021-08-30,84,133.0
2021-08-30,85,135.0
2021-08-30,86,123.0
2021-08-30,87,125.0
2021-08-30,88,102.0
2021-08-30,89,116.0
2021-08-30,90,123.0
2021-08-30,91,121.0
2021-08-30,92,115.0
2021-08-30,93,107.0
2021-08-30,94,110.0
2021-08-30,95,89.0
2021-08-31,0,76.0
2021-08-31,1,73.0
2021-08-31,2,71.0
2021-08-31,3,71.0
2021-08-31,4,98.0
2021-08-31,5,106.0
2021-08-31,6,111.0
2021-08-31,7,110.0
2021-08-31,8,114.0
2021-08-31,9,110.0
2021-08-31,10,107.0
2021-08-31,11,102.0
2021-08-31,12,90.0
2021-08-31,13,101.0
2021-08-31,14,104.0
2021-08-31,15,107.0
2021-08-31,16,114.0
2021-08-31,17,114.0
2021-08-31,18,108.0
2021-08-31,19,105.0
2021-08-31,20,84.0
2021-08-31,21,79.0
2021-08-31,22,95.0
2021-08-31,23,114.0
2021-08-31,24,114.0
2021-08-31,25,114.0
2021-08-31,26,112.0
2021-08-31,27,111.0
2021-08-31,28,101.0
2021-08-31,29,105.0
2021-08-31,30,144.0
2021-08-31,31,143.0
2021-08-31,32,159.0
2021-08-31,33,177.0
2021-08-31,34,175.0
2021-08-31,35,157.0
2021-08-31,36,153.0
2021-08-31,37,162.0
2021-08-31,38,175.0
2021-08-31,39,185.0
2021-08-31,40,157.0
2021-08-31,41,187.0
2021-08-31,42,183.0
2021-08-31,43,177.0
2021-08-31,44,182.0
2021-08-31,45,159.0
2021-08-31,46,159.0
2021-08-31,47,159.0
2021-08-31,48,108.0
2021-08-31,49,97.0
2021-08-31,50,108.0
2021-08-31,51,135.0
2021-08-31,52,163.0
2021-08-31,53,184.0
2021-08-31,54,175.0
2021-08-31,55,173.0
2021-08-31,56,187.0
2021-08-31,57,176.0
2021-08-31,58,186.0
2021-08-31,59,179.0
2021-08-31,60,131.0
2021-08-31,61,161.0
2021-08-31,62,170.0
2021-08-31,63,167.0
2021-08-31,64,172.0
2021-08-31,65,180.0
2021-08-31,66,162.0
2021-08-31,67,152.0
2021-08-31,68,122.0
2021-08-31,69,106.0
2021-08-31,70,134.0
2021-08-31,71,139.0
2021-08-31,72,162.0
2021-08-31,73,154.0
2021-08-31,74,161.0
2021-08-31,75,145.0
2021-08-31,76,146.0
2021-08-31,77,137.0
2021-08-31,78,153.0
2021-08-31,79,154.0
2021-08-31,80,147.0
2021-08-31,81,152.0
2021-08-31,82,152.0
2021-08-31,83,138.0
2021-08-31,84,132.0
2021-08-31,85,129.0
2021-08-31,86,132.0
2021-08-31,87,129.0
2021-08-31,88,109.0
2021-08-31,89,127.0
2021-08-31,90,127.0
2021-08-31,91,112.0
2021-08-31,92,103.0
2021-08-31,93,128.0
2021-08-31,94,118.0
2021-08-31,95,100.0
