hour_sin,hour_cos,month,weekend,dow_0,dow_1,dow_2,dow_3,dow_4,dow_5,dow_6,lag1_production,lag1_production_zero,lag1_mean,lag1_maximum,lag2_mean,lag2_maximum,lag1_last,lag1_temperature,lag1_wind,lag1_humidity,lag1_rain
0,1,2,0,1,0,0,0,0,0,0,0,1,24,26,21,21,25,9.3000000000000007,3.1000000000000001,56,0
0.25881904510252068,0.96592582628906842,2,0,1,0,0,0,0,0,0,0,1,61.25,62,24,26,61,9.3000000000000007,3,64,0
0.49999999999999989,0.86602540378443871,2,0,1,0,0,0,0,0,0,0,1,98.5,106,61.25,62,105,10.1,3.8999999999999999,67,0
0.70710678118654757,0.70710678118654757,2,0,1,0,0,0,0,0,0,0,1,103.5,107,98.5,106,106,9.6999999999999993,3.7000000000000002,77,0
0.8660254037844386,0.50000000000000011,2,0,1,0,0,0,0,0,0,0,1,102.5,107,103.5,107,107,9.0999999999999996,2.8999999999999999,95,0.80000000000000004
0.96592582628906842,0.25881904510252068,2,0,1,0,0,0,0,0,0,0,1,104.75,107,102.5,107,100,9.1999999999999993,3.2000000000000002,98,2.2999999999999998
1,6.123233995736766e-17,2,0,1,0,0,0,0,0,0,0,1,89.5,103,104.75,107,103,9.5,3.5,98,5.0999999999999996
0.96592582628906842,-0.25881904510252057,2,0,1,0,0,0,0,0,0,0,1,108.5,116,89.5,103,106,10.300000000000001,3.1000000000000001,98,8.3000000000000007
0.86602540378443871,-0.49999999999999978,2,0,1,0,0,0,0,0,0,0,1,122,139,108.5,116,139,10.300000000000001,1,98,9.8000000000000007
0.70710678118654757,-0.70710678118654746,2,0,1,0,0,0,0,0,0,541,0,179.25,195,122,139,195,9.9000000000000004,1,98,11
0.49999999999999989,-0.86602540378443871,2,0,1,0,0,0,0,0,0,432,0,173,182,179.25,195,182,9.8000000000000007,2.3999999999999999,98,11.9
0.25881904510252102,-0.9659258262890682,2,0,1,0,0,0,0,0,0,402,0,170.5,187,173,182,187,10.300000000000001,0.90000000000000002,98,12.1
1.2246467991473532e-16,-1,2,0,1,0,0,0,0,0,0,630,0,174.25,184,170.5,187,156,10.1,2.2000000000000002,98,12.1
-0.25881904510252079,-0.96592582628906842,2,0,1,0,0,0,0,0,0,284,0,93.5,121,174.25,184,121,12.6,3.2999999999999998,72,12.1
-0.49999999999999972,-0.86602540378443882,2,0,1,0,0,0,0,0,0,318,0,169.5,177,93.5,121,163,12.699999999999999,1.1000000000000001,64,12.1
-0.70710678118654713,-0.70710678118654791,2,0,1,0,0,0,0,0,0,7437,0,164.5,167,169.5,177,161,12.6,3.6000000000000001,62,12.1
-0.86602540378443849,-0.50000000000000044,2,0,1,0,0,0,0,0,0,878,0,151.75,162,164.5,167,162,12.199999999999999,3.1000000000000001,66,12.1
-0.96592582628906842,-0.25881904510252057,2,0,1,0,0,0,0,0,0,4585,0,162,169,151.75,162,169,11.9,3.6000000000000001,66,12.1
-1,-1.8369701987210292e-16,2,0,1,0,0,0,0,0,0,598,0,123.5,155,162,169,155,11.5,1.5,67,12.1
-0.96592582628906842,0.2588190451025203,2,0,1,0,0,0,0,0,0,1777,0,146.5,161,123.5,155,143,11.300000000000001,2.2000000000000002,58,12.1
-0.8660254037844386,0.50000000000000011,2,0,1,0,0,0,0,0,0,1913,0,143.5,158,146.5,161,135,11,2.8999999999999999,57,12.1
-0.70710678118654768,0.70710678118654735,2,0,1,0,0,0,0,0,0,8,0,120.75,124,143.5,158,120,10.9,2.6000000000000001,59,12.1
-0.50000000000000044,0.86602540378443837,2,0,1,0,0,0,0,0,0,181,0,121,128,120.75,124,115,10.4,2,61,12.1
-0.25881904510252152,0.96592582628906798,2,0,1,0,0,0,0,0,0,97,0,105.75,113,121,128,112,10.1,2.7999999999999998,61,12.1
0,1,2,0,0,1,0,0,0,0,0,287,0,98.5,110,105.75,113,71,10.300000000000001,3.1000000000000001,55,12.1
0.25881904510252068,0.96592582628906842,2,0,0,1,0,0,0,0,0,0,1,62.25,63,98.5,110,62,9.1999999999999993,2.6000000000000001,59,12.1
0.49999999999999989,0.86602540378443871,2,0,0,1,0,0,0,0,0,53,0,102,111,62.25,63,111,8.5,2.7000000000000002,46,0
0.70710678118654757,0.70710678118654757,2,0,0,1,0,0,0,0,0,127,0,108.75,113,102,111,110,6.5999999999999996,1.3999999999999999,43,0
0.8660254037844386,0.50000000000000011,2,0,0,1,0,0,0,0,0,32,0,103.5,110,108.75,113,107,5.9000000000000004,2.1000000000000001,36,0
0.96592582628906842,0.25881904510252068,2,0,0,1,0,0,0,0,0,69,0,99.75,107,103.5,110,93,5,3.2000000000000002,32,0
1,6.123233995736766e-17,2,0,0,1,0,0,0,0,0,5,0,84.5,106,99.75,107,106,3.2999999999999998,4,34,0
0.96592582628906842,-0.25881904510252057,2,0,0,1,0,0,0,0,0,500,0,102.5,116,84.5,106,99,1.5,3.6000000000000001,27,0
0.86602540378443871,-0.49999999999999978,2,0,0,1,0,0,0,0,0,711,0,132,151,102.5,116,151,-0.10000000000000001,2.6000000000000001,23,0
0.70710678118654757,-0.70710678118654746,2,0,0,1,0,0,0,0,0,789,0,172.25,177,132,151,177,-0.80000000000000004,3.7000000000000002,27,0
0.49999999999999989,-0.86602540378443871,2,0,0,1,0,0,0,0,0,1354,0,176.5,180,172.25,177,178,-0.40000000000000002,4.7000000000000002,23,0
0.25881904510252102,-0.9659258262890682,2,0,0,1,0,0,0,0,0,847,0,172.75,191,176.5,180,190,0.20000000000000001,3.7000000000000002,20,0
1.2246467991473532e-16,-1,2,0,0,1,0,0,0,0,0,535,0,167.5,185,172.75,191,160,0.80000000000000004,5,20,0
-0.25881904510252079,-0.96592582628906842,2,0,0,1,0,0,0,0,0,25,0,102.75,131,167.5,185,131,1.7,3.7000000000000002,20,0
-0.49999999999999972,-0.86602540378443882,2,0,0,1,0,0,0,0,0,2071,0,181.75,189,102.75,131,182,2,4,18,0
-0.70710678118654713,-0.70710678118654791,2,0,0,1,0,0,0,0,0,1125,0,177,180,181.75,189,179,2.2000000000000002,4,18,0
-0.86602540378443849,-0.50000000000000044,2,0,0,1,0,0,0,0,0,978,0,155.5,166,177,180,147,2.7999999999999998,3.8999999999999999,16,0
-0.96592582628906842,-0.25881904510252057,2,0,0,1,0,0,0,0,0,6974,0,167,172,155.5,166,166,2.8999999999999999,3.5,17,0
-1,-1.8369701987210292e-16,2,0,0,1,0,0,0,0,0,340,0,136.25,158,167,172,158,1.8999999999999999,3.1000000000000001,20,0
-0.96592582628906842,0.2588190451025203,2,0,0,1,0,0,0,0,0,869,0,151.5,154,136.25,158,145,0.5,1.7,24,0
-0.8660254037844386,0.50000000000000011,2,0,0,1,0,0,0,0,0,2312,0,127.5,142,151.5,154,111,-0.40000000000000002,2.8999999999999999,28,0
-0.70710678118654768,0.70710678118654735,2,0,0,1,0,0,0,0,0,1,0,112.5,118,127.5,142,114,-1.2,3.5,29,0
-0.50000000000000044,0.86602540378443837,2,0,0,1,0,0,0,0,0,177,0,111.25,114,112.5,118,113,-1.6000000000000001,3.5,31,0
-0.25881904510252152,0.96592582628906798,2,0,0,1,0,0,0,0,0,184,0,100.5,106,111.25,114,104,-2,3.1000000000000001,36,0
0,1,2,0,0,0,1,0,0,0,0,50,0,96,109,100.5,106,72,-2.7999999999999998,0.69999999999999996,39,0
0.25881904510252068,0.96592582628906842,2,0,0,0,1,0,0,0,0,7,0,66,69,96,109,66,-3.5,0.90000000000000002,43,0
0.49999999999999989,0.86602540378443871,2,0,0,0,1,0,0,0,0,487,0,105,115,66,69,111,-2.7999999999999998,1.1000000000000001,42,0
0.70710678118654757,0.70710678118654757,2,0,0,0,1,0,0,0,0,119,0,112.5,115,105,115,109,-3.5,0.29999999999999999,46,0
0.8660254037844386,0.50000000000000011,2,0,0,0,1,0,0,0,0,499,0,105.25,110,112.5,115,110,-3.7000000000000002,0.20000000000000001,46,0
0.96592582628906842,0.25881904510252068,2,0,0,0,1,0,0,0,0,28,0,105.75,109,105.25,110,104,-3.3999999999999999,2.1000000000000001,58,0
1,6.123233995736766e-17,2,0,0,0,1,0,0,0,0,37,0,91.25,107,105.75,109,107,-3.7000000000000002,2.7999999999999998,67,0
0.96592582628906842,-0.25881904510252057,2,0,0,0,1,0,0,0,0,212,0,112,118,91.25,107,108,-4.0999999999999996,2.2000000000000002,69,0
0.86602540378443871,-0.49999999999999978,2,0,0,0,1,0,0,0,0,873,0,128.5,149,112,118,149,-4,3.1000000000000001,56,0
0.70710678118654757,-0.70710678118654746,2,0,0,0,1,0,0,0,0,234,0,170.25,181,128.5,149,167,-3.8999999999999999,2.5,44,0
0.49999999999999989,-0.86602540378443871,2,0,0,0,1,0,0,0,0,297,0,169.75,171,170.25,181,169,-3.2000000000000002,3.2999999999999998,35,0
0.25881904510252102,-0.9659258262890682,2,0,0,0,1,0,0,0,0,931,0,155.5,170,169.75,171,170,-2,4.0999999999999996,29,0
1.2246467991473532e-16,-1,2,0,0,0,1,0,0,0,0,850,0,162,172,155.5,170,160,-0.69999999999999996,4.0999999999999996,24,0
-0.25881904510252079,-0.96592582628906842,2,0,0,0,1,0,0,0,0,110,0,101.5,121,162,172,121,1.3,3.6000000000000001,20,0
-0.49999999999999972,-0.86602540378443882,2,0,0,0,1,0,0,0,0,693,0,158,165,101.5,121,159,2,3.2999999999999998,15,0
-0.70710678118654713,-0.70710678118654791,2,0,0,0,1,0,0,0,0,1683,0,158.75,163,158,165,163,3.5,2.5,15,0
-0.86602540378443849,-0.50000000000000044,2,0,0,0,1,0,0,0,0,1489,0,151.25,161,158.75,163,161,4,1.3999999999999999,15,0
-0.96592582628906842,-0.25881904510252057,2,0,0,0,1,0,0,0,0,849,0,160,163,151.25,161,159,4.7000000000000002,1.1000000000000001,15,0
-1,-1.8369701987210292e-16,2,0,0,0,1,0,0,0,0,508,0,132.25,151,160,163,151,4.2000000000000002,0.90000000000000002,15,0
-0.96592582628906842,0.2588190451025203,2,0,0,0,1,0,0,0,0,666,0,132,150,132.25,151,110,2.6000000000000001,0.90000000000000002,18,0
-0.8660254037844386,0.50000000000000011,2,0,0,0,1,0,0,0,0,3591,0,114.75,119,132,150,111,1.8,0.40000000000000002,29,0
-0.70710678118654768,0.70710678118654735,2,0,0,0,1,0,0,0,0,32,0,122.25,130,114.75,119,126,0.40000000000000002,1,36,0
-0.50000000000000044,0.86602540378443837,2,0,0,0,1,0,0,0,0,18,0,122.75,132,122.25,130,116,0.59999999999999998,0.90000000000000002,30,0
-0.25881904510252152,0.96592582628906798,2,0,0,0,1,0,0,0,0,306,0,112.75,118,122.75,132,118,0.5,2.2000000000000002,33,0
0,1,2,0,0,0,0,1,0,0,0,17,0,104.5,114,112.75,118,81,0.20000000000000001,2.6000000000000001,39,0
0.25881904510252068,0.96592582628906842,2,0,0,0,0,1,0,0,0,231,0,67.75,72,104.5,114,66,1,3.5,42,0
0.49999999999999989,0.86602540378443871,2,0,0,0,0,1,0,0,0,132,0,108,119,67.75,72,109,1.2,3.1000000000000001,39,0
0.70710678118654757,0.70710678118654757,2,0,0,0,0,1,0,0,0,40,0,109.75,116,108,119,116,2.1000000000000001,2.6000000000000001,42,0
0.8660254037844386,0.50000000000000011,2,0,0,0,0,1,0,0,0,630,0,106.5,113,109.75,116,113,2.2000000000000002,2.7000000000000002,52,0
0.96592582628906842,0.25881904510252068,2,0,0,0,0,1,0,0,0,155,0,108.75,115,106.5,113,103,2.8999999999999999,2.5,63,0
1,6.123233995736766e-17,2,0,0,0,0,1,0,0,0,116,0,90.25,107,108.75,115,107,2.7999999999999998,2.3999999999999999,68,0
0.96592582628906842,-0.25881904510252057,2,0,0,0,0,1,0,0,0,322,0,108.75,118,90.25,107,100,2.6000000000000001,2.1000000000000001,67,0
0.86602540378443871,-0.49999999999999978,2,0,0,0,0,1,0,0,0,469,0,128.25,142,108.75,118,136,2.7999999999999998,1.8999999999999999,65,0
0.70710678118654757,-0.70710678118654746,2,0,0,0,0,1,0,0,0,793,0,156.25,159,128.25,142,159,2.7999999999999998,2.7000000000000002,49,0
0.49999999999999989,-0.86602540378443871,2,0,0,0,0,1,0,0,0,751,0,160.25,166,156.25,159,166,3.1000000000000001,2.7999999999999998,36,0
0.25881904510252102,-0.9659258262890682,2,0,0,0,0,1,0,0,0,3151,0,156.5,173,160.25,166,168,3.7000000000000002,3.8999999999999999,25,0
1.2246467991473532e-16,-1,2,0,0,0,0,1,0,0,0,1159,0,148.75,155,156.5,173,149,4.9000000000000004,3.7000000000000002,20,0
-0.25881904510252079,-0.96592582628906842,2,0,0,0,0,1,0,0,0,108,0,89.25,118,148.75,155,118,5.4000000000000004,3.7999999999999998,17,0
-0.49999999999999972,-0.86602540378443882,2,0,0,0,0,1,0,0,0,695,0,155.25,158,89.25,118,151,6.5,3.3999999999999999,15,0
-0.70710678118654713,-0.70710678118654791,2,0,0,0,0,1,0,0,0,1221,0,152,160,155.25,158,160,6.7999999999999998,3.3999999999999999,15,0
-0.86602540378443849,-0.50000000000000044,2,0,0,0,0,1,0,0,0,760,0,140,149,152,160,149,7.2000000000000002,2.8999999999999999,14,0
-0.96592582628906842,-0.25881904510252057,2,0,0,0,0,1,0,0,0,679,0,141.5,145,140,149,140,7.2000000000000002,3.1000000000000001,15,0
-1,-1.8369701987210292e-16,2,0,0,0,0,1,0,0,0,310,0,122.25,143,141.5,145,143,6.2999999999999998,3.6000000000000001,16,0
-0.96592582628906842,0.2588190451025203,2,0,0,0,0,1,0,0,0,1043,0,139.25,145,122.25,143,145,4.9000000000000004,3.1000000000000001,19,0
-0.8660254037844386,0.50000000000000011,2,0,0,0,0,1,0,0,0,951,0,112.75,135,139.25,145,94,4,2.7999999999999998,21,0
-0.70710678118654768,0.70710678118654735,2,0,0,0,0,1,0,0,0,81,0,100.75,111,112.75,135,111,3,2.8999999999999999,24,0
-0.50000000000000044,0.86602540378443837,2,0,0,0,0,1,0,0,0,2,0,108.25,110,100.75,111,109,1.5,1.3999999999999999,27,0
-0.25881904510252152,0.96592582628906798,2,0,0,0,0,1,0,0,0,312,0,106.75,111,108.25,110,109,1.7,1.8999999999999999,26,0
0,1,2,0,0,0,0,0,1,0,0,300,0,97,112,106.75,111,65,1.3999999999999999,1.8999999999999999,26,0
0.25881904510252068,0.96592582628906842,2,0,0,0,0,0,1,0,0,60,0,63.25,64,97,112,63,1.8,1.5,25,0
0.49999999999999989,0.86602540378443871,2,0,0,0,0,0,1,0,0,128,0,104.5,116,63.25,64,113,1.5,2.2000000000000002,26,0
0.70710678118654757,0.70710678118654757,2,0,0,0,0,0,1,0,0,234,0,103.75,107,104.5,116,107,0.40000000000000002,2,30,0
0.8660254037844386,0.50000000000000011,2,0,0,0,0,0,1,0,0,148,0,105.25,110,103.75,107,109,-0.10000000000000001,2.5,33,0
0.96592582628906842,0.25881904510252068,2,0,0,0,0,0,1,0,0,140,0,106.75,108,105.25,110,108,-0.29999999999999999,3.6000000000000001,34,0
1,6.123233995736766e-17,2,0,0,0,0,0,1,0,0,213,0,92.25,99,106.75,108,98,0.20000000000000001,2.6000000000000001,32,0
0.96592582628906842,-0.25881904510252057,2,0,0,0,0,0,1,0,0,33,0,106.5,111,92.25,99,103,-0.69999999999999996,4,38,0
0.86602540378443871,-0.49999999999999978,2,0,0,0,0,0,1,0,0,2623,0,61,92,106.5,111,29,-0.5,1.3,39,0
0.70710678118654757,-0.70710678118654746,2,0,0,0,0,0,1,0,0,686,0,24,27,61,92,22,0.10000000000000001,3.2000000000000002,41,0
0.49999999999999989,-0.86602540378443871,2,0,0,0,0,0,1,0,0,662,0,22,22,24,27,22,1.8,1.8,40,0
0.25881904510252102,-0.9659258262890682,2,0,0,0,0,0,1,0,0,2737,0,22,22,22,22,22,2.7999999999999998,1.6000000000000001,41,0
1.2246467991473532e-16,-1,2,0,0,0,0,0,1,0,0,633,0,25,28,22,22,27,6.0999999999999996,2,35,0
-0.25881904510252079,-0.96592582628906842,2,0,0,0,0,0,1,0,0,18,0,22.25,23,25,28,22,7.7999999999999998,1.3,23,0
-0.49999999999999972,-0.86602540378443882,2,0,0,0,0,0,1,0,0,1901,0,22.25,23,22.25,23,22,9,2,18,0
-0.70710678118654713,-0.70710678118654791,2,0,0,0,0,0,1,0,0,1826,0,22.5,23,22.25,23,23,10.300000000000001,2,18,0
-0.86602540378443849,-0.50000000000000044,2,0,0,0,0,0,1,0,0,439,0,24.75,28,22.5,23,22,10.6,1.8999999999999999,21,0
-0.96592582628906842,-0.25881904510252057,2,0,0,0,0,0,1,0,0,3627,0,22.75,23,24.75,28,23,10.1,3.2000000000000002,14,0
-1,-1.8369701987210292e-16,2,0,0,0,0,0,1,0,0,116,0,22.25,23,22.75,23,23,9.8000000000000007,3.7000000000000002,16,0
-0.96592582628906842,0.2588190451025203,2,0,0,0,0,0,1,0,0,1063,0,24.75,27,22.25,23,27,8.8000000000000007,2.2999999999999998,20,0
-0.8660254037844386,0.50000000000000011,2,0,0,0,0,0,1,0,0,666,0,22,22,24.75,27,22,8,1.6000000000000001,22,0
-0.70710678118654768,0.70710678118654735,2,0,0,0,0,0,1,0,0,595,0,22,22,22,22,22,7.7000000000000002,2.6000000000000001,25,0
-0.50000000000000044,0.86602540378443837,2,0,0,0,0,0,1,0,0,0,1,23.5,27,22,22,27,7,1.3,26,0
-0.25881904510252152,0.96592582628906798,2,0,0,0,0,0,1,0,0,0,1,23,26,23.5,27,22,6.7000000000000002,0.90000000000000002,26,0
0,1,2,1,0,0,0,0,0,1,0,500,0,22,22,23,26,22,6.9000000000000004,2.2000000000000002,25,0
0.25881904510252068,0.96592582628906842,2,1,0,0,0,0,0,1,0,300,0,66.25,71,22,22,65,6.7999999999999998,2.6000000000000001,25,0
0.49999999999999989,0.86602540378443871,2,1,0,0,0,0,0,1,0,100,0,106,111,66.25,71,110,5.9000000000000004,0.80000000000000004,27,0
0.70710678118654757,0.70710678118654757,2,1,0,0,0,0,0,1,0,564,0,104,111,106,111,111,5,0.40000000000000002,27,0
0.8660254037844386,0.50000000000000011,2,1,0,0,0,0,0,1,0,32,0,106.5,112,104,111,107,4.5999999999999996,0.59999999999999998,27,0
0.96592582628906842,0.25881904510252068,2,1,0,0,0,0,0,1,0,361,0,108.75,113,106.5,112,109,2.2000000000000002,1.6000000000000001,36,0
1,6.123233995736766e-17,2,1,0,0,0,0,0,1,0,0,1,90,110,108.75,113,110,3.7000000000000002,1.6000000000000001,30,0
0.96592582628906842,-0.25881904510252057,2,1,0,0,0,0,0,1,0,4,0,102.25,106,90,110,103,3.3999999999999999,1.8,30,0
0.86602540378443871,-0.49999999999999978,2,1,0,0,0,0,0,1,0,1510,0,70.5,92,102.25,106,32,1.3,0.5,36,0
0.70710678118654757,-0.70710678118654746,2,1,0,0,0,0,0,1,0,0,1,22.75,24,70.5,92,23,2.3999999999999999,0,39,0
0.49999999999999989,-0.86602540378443871,2,1,0,0,0,0,0,1,0,0,1,25,28,22.75,24,28,6.2999999999999998,0.29999999999999999,38,0
0.25881904510252102,-0.9659258262890682,2,1,0,0,0,0,0,1,0,0,1,26,29,25,28,25,8.8000000000000007,1.1000000000000001,30,0
1.2246467991473532e-16,-1,2,1,0,0,0,0,0,1,0,0,1,26.25,29,26,29,27,11.1,1,26,0
-0.25881904510252079,-0.96592582628906842,2,1,0,0,0,0,0,1,0,0,1,24.5,25,26.25,29,24,11.6,2.1000000000000001,23,0
-0.49999999999999972,-0.86602540378443882,2,1,0,0,0,0,0,1,0,0,1,23,27,24.5,25,21,14,1,23,0
-0.70710678118654713,-0.70710678118654791,2,1,0,0,0,0,0,1,0,0,1,22.25,23,23,27,22,14.199999999999999,1.6000000000000001,24,0
-0.86602540378443849,-0.50000000000000044,2,1,0,0,0,0,0,1,0,0,1,22.5,23,22.25,23,22,14.9,1.7,24,0
-0.96592582628906842,-0.25881904510252057,2,1,0,0,0,0,0,1,0,0,1,24.75,27,22.5,23,23,14.5,1.8,35,0
-1,-1.8369701987210292e-16,2,1,0,0,0,0,0,1,0,0,1,22.5,23,24.75,27,23,14.1,1.1000000000000001,39,0
-0.96592582628906842,0.2588190451025203,2,1,0,0,0,0,0,1,0,0,1,22,22,22.5,23,22,11.699999999999999,0.29999999999999999,44,0
-0.8660254037844386,0.50000000000000011,2,1,0,0,0,0,0,1,0,0,1,24.5,27,22,22,27,11.199999999999999,0.20000000000000001,41,0
-0.70710678118654768,0.70710678118654735,2,1,0,0,0,0,0,1,0,0,1,22.5,23,24.5,27,23,11.1,1.5,42,0
-0.50000000000000044,0.86602540378443837,2,1,0,0,0,0,0,1,0,0,1,22.75,23,22.5,23,23,9,0.5,52,0
-0.25881904510252152,0.96592582628906798,2,1,0,0,0,0,0,1,0,0,1,22.5,23,22.75,23,22,8.8000000000000007,2,59,0
0,1,2,1,0,0,0,0,0,0,1,0,1,24.25,27,22.5,23,22,8.5999999999999996,1,65,0
0.25881904510252068,0.96592582628906842,2,1,0,0,0,0,0,0,1,0,1,22.5,23,24.25,27,22,8.0999999999999996,1.5,70,0
0.49999999999999989,0.86602540378443871,2,1,0,0,0,0,0,0,1,0,1,21.75,22,22.5,23,21,6.2000000000000002,1.3,75,0
0.70710678118654757,0.70710678118654757,2,1,0,0,0,0,0,0,1,0,1,24.5,27,21.75,22,25,7,1.7,73,0
0.8660254037844386,0.50000000000000011,2,1,0,0,0,0,0,0,1,0,1,22,22,24.5,27,22,6,2.2000000000000002,70,0
0.96592582628906842,0.25881904510252068,2,1,0,0,0,0,0,0,1,0,1,22.5,23,22,22,23,5.7999999999999998,2,72,0
1,6.123233995736766e-17,2,1,0,0,0,0,0,0,1,0,1,22.25,23,22.5,23,23,6.0999999999999996,2.2999999999999998,74,0
0.96592582628906842,-0.25881904510252057,2,1,0,0,0,0,0,0,1,0,1,23.75,26,22.25,23,22,5.0999999999999996,1,78,0
0.86602540378443871,-0.49999999999999978,2,1,0,0,0,0,0,0,1,0,1,21.75,22,23.75,26,21,6.7999999999999998,1.8999999999999999,67,0
0.70710678118654757,-0.70710678118654746,2,1,0,0,0,0,0,0,1,0,1,21.5,22,21.75,22,22,5.2999999999999998,2.2999999999999998,80,0
0.49999999999999989,-0.86602540378443871,2,1,0,0,0,0,0,0,1,0,1,24,26,21.5,22,24,8.0999999999999996,0.90000000000000002,69,0
0.25881904510252102,-0.9659258262890682,2,1,0,0,0,0,0,0,1,0,1,22.25,23,24,26,23,9,1.8,63,0
1.2246467991473532e-16,-1,2,1,0,0,0,0,0,0,1,0,1,22,22,22.25,23,22,10.800000000000001,2.6000000000000001,57,0
-0.25881904510252079,-0.96592582628906842,2,1,0,0,0,0,0,0,1,0,1,24,27,22,22,27,11.800000000000001,1.8999999999999999,50,0
-0.49999999999999972,-0.86602540378443882,2,1,0,0,0,0,0,0,1,0,1,23,25,24,27,22,12.699999999999999,1.7,43,0
-0.70710678118654713,-0.70710678118654791,2,1,0,0,0,0,0,0,1,0,1,22.25,23,23,25,22,13.6,2,38,0
-0.86602540378443849,-0.50000000000000044,2,1,0,0,0,0,0,0,1,0,1,22.25,23,22.25,23,22,13.4,1.8999999999999999,44,0
-0.96592582628906842,-0.25881904510252057,2,1,0,0,0,0,0,0,1,0,1,25,27,22.25,23,23,12.5,2,60,0
-1,-1.8369701987210292e-16,2,1,0,0,0,0,0,0,1,0,1,22,22,25,27,22,11.6,0.69999999999999996,61,0
-0.96592582628906842,0.2588190451025203,2,1,0,0,0,0,0,0,1,0,1,22,22,22,22,22,10.9,1.3,54,0
-0.8660254037844386,0.50000000000000011,2,1,0,0,0,0,0,0,1,0,1,23.75,26,22,22,24,10.199999999999999,1.8999999999999999,38,0
-0.70710678118654768,0.70710678118654735,2,1,0,0,0,0,0,0,1,0,1,22,22,23.75,26,22,10,2.7999999999999998,38,0
-0.50000000000000044,0.86602540378443837,2,1,0,0,0,0,0,0,1,0,1,22.5,23,22,22,22,9.5,2.6000000000000001,38,0
-0.25881904510252152,0.96592582628906798,2,1,0,0,0,0,0,0,1,0,1,22.75,25,22.5,23,25,9.0999999999999996,3.5,39,0
0,1,2,0,1,0,0,0,0,0,0,0,1,23.5,26,22.75,25,23,8.4000000000000004,2.7999999999999998,34,0
0.25881904510252068,0.96592582628906842,2,0,1,0,0,0,0,0,0,0,1,63,64,23.5,26,62,7.0999999999999996,3.3999999999999999,38,0
0.49999999999999989,0.86602540378443871,2,0,1,0,0,0,0,0,0,0,1,99,110,63,64,110,5.7000000000000002,3.3999999999999999,26,0
0.70710678118654757,0.70710678118654757,2,0,1,0,0,0,0,0,0,0,1,102.75,111,99,110,111,3.3999999999999999,2.6000000000000001,21,0
0.8660254037844386,0.50000000000000011,2,0,1,0,0,0,0,0,0,0,1,99.5,105,102.75,111,104,2.2000000000000002,2.3999999999999999,27,0
0.96592582628906842,0.25881904510252068,2,0,1,0,0,0,0,0,0,0,1,105,110,99.5,105,110,1.7,4,27,0
1,6.123233995736766e-17,2,0,1,0,0,0,0,0,0,0,1,87.25,101,105,110,101,0,2.5,34,0
0.96592582628906842,-0.25881904510252057,2,0,1,0,0,0,0,0,0,0,1,97.5,109,87.25,101,81,0.29999999999999999,3.7999999999999998,35,0
0.86602540378443871,-0.49999999999999978,2,0,1,0,0,0,0,0,0,0,1,93.25,117,97.5,109,117,-0.20000000000000001,2.2000000000000002,32,0
0.70710678118654757,-0.70710678118654746,2,0,1,0,0,0,0,0,0,669,0,154,161,93.25,117,160,-0.10000000000000001,1.3,31,0
0.49999999999999989,-0.86602540378443871,2,0,1,0,0,0,0,0,0,538,0,160.25,165,154,161,156,0.69999999999999996,2.7999999999999998,31,0
0.25881904510252102,-0.9659258262890682,2,0,1,0,0,0,0,0,0,785,0,142,153,160.25,165,150,1.8,3.2000000000000002,28,0
1.2246467991473532e-16,-1,2,0,1,0,0,0,0,0,0,2411,0,164.25,171,142,153,171,2.7000000000000002,4.2000000000000002,21,0
-0.25881904510252079,-0.96592582628906842,2,0,1,0,0,0,0,0,0,120,0,102.75,124,164.25,171,124,3.3999999999999999,4.7000000000000002,20,0
-0.49999999999999972,-0.86602540378443882,2,0,1,0,0,0,0,0,0,909,0,164.75,174,102.75,124,160,4.5999999999999996,3.8999999999999999,21,0
-0.70710678118654713,-0.70710678118654791,2,0,1,0,0,0,0,0,0,2129,0,165.75,176,164.75,174,176,5.2000000000000002,4,20,0
-0.86602540378443849,-0.50000000000000044,2,0,1,0,0,0,0,0,0,1722,0,161.25,180,165.75,176,180,4.9000000000000004,4.7000000000000002,17,0
-0.96592582628906842,-0.25881904510252057,2,0,1,0,0,0,0,0,0,3012,0,158,166,161.25,180,152,4.7999999999999998,4.4000000000000004,17,0
-1,-1.8369701987210292e-16,2,0,1,0,0,0,0,0,0,273,0,136.25,161,158,166,161,4.4000000000000004,2.6000000000000001,17,0
-0.96592582628906842,0.2588190451025203,2,0,1,0,0,0,0,0,0,992,0,153.75,157,136.25,161,157,2.6000000000000001,1.5,20,0
-0.8660254037844386,0.50000000000000011,2,0,1,0,0,0,0,0,0,2012,0,141.75,155,153.75,157,128,1.2,1.3,23,0
-0.70710678118654768,0.70710678118654735,2,0,1,0,0,0,0,0,0,33,0,128.75,134,141.75,155,132,1,3.6000000000000001,23,0
-0.50000000000000044,0.86602540378443837,2,0,1,0,0,0,0,0,0,37,0,121.25,132,128.75,134,114,0,2.3999999999999999,26,0
-0.25881904510252152,0.96592582628906798,2,0,1,0,0,0,0,0,0,0,1,107,115,121.25,132,113,-0.80000000000000004,2.3999999999999999,30,0
0,1,2,0,0,1,0,0,0,0,0,65,0,101.25,114,107,115,82,-1.5,2.3999999999999999,32,0
0.25881904510252068,0.96592582628906842,2,0,0,1,0,0,0,0,0,147,0,67.75,72,101.25,114,65,-2,2.6000000000000001,34,0
0.49999999999999989,0.86602540378443871,2,0,0,1,0,0,0,0,0,96,0,98.75,103,67.75,72,103,-2.2999999999999998,2.2999999999999998,35,0
0.70710678118654757,0.70710678118654757,2,0,0,1,0,0,0,0,0,200,0,103.75,107,98.75,103,103,-2.7000000000000002,3.7000000000000002,38,0
0.8660254037844386,0.50000000000000011,2,0,0,1,0,0,0,0,0,513,0,103.25,113,103.75,107,99,-3.5,1.3999999999999999,40,0
0.96592582628906842,0.25881904510252068,2,0,0,1,0,0,0,0,0,83,0,99.5,101,103.25,113,101,-3.2000000000000002,2.2000000000000002,39,0
1,6.123233995736766e-17,2,0,0,1,0,0,0,0,0,56,0,84.5,91,99.5,101,91,-2.8999999999999999,2.8999999999999999,40,0
0.96592582628906842,-0.25881904510252057,2,0,0,1,0,0,0,0,0,540,0,103.25,106,84.5,91,105,-2.7999999999999998,2.2000000000000002,38,0
0.86602540378443871,-0.49999999999999978,2,0,0,1,0,0,0,0,0,996,0,127.5,150,103.25,106,140,-3.1000000000000001,2.2000000000000002,39,0
0.70710678118654757,-0.70710678118654746,2,0,0,1,0,0,0,0,0,520,0,168.75,174,127.5,150,174,-2.7999999999999998,3.7000000000000002,37,0
0.49999999999999989,-0.86602540378443871,2,0,0,1,0,0,0,0,0,636,0,172.25,179,168.75,174,164,-1.1000000000000001,3.2000000000000002,32,0
0.25881904510252102,-0.9659258262890682,2,0,0,1,0,0,0,0,0,477,0,166.25,180,172.25,179,172,0.59999999999999998,3.1000000000000001,25,0
1.2246467991473532e-16,-1,2,0,0,1,0,0,0,0,0,592,0,171.5,178,166.25,180,174,2.1000000000000001,2.6000000000000001,22,0
-0.25881904510252079,-0.96592582628906842,2,0,0,1,0,0,0,0,0,65,0,109.75,122,171.5,178,122,4.7000000000000002,1.8999999999999999,21,0
-0.49999999999999972,-0.86602540378443882,2,0,0,1,0,0,0,0,0,1161,0,169.25,181,109.75,122,181,6,2.7999999999999998,21,0
-0.70710678118654713,-0.70710678118654791,2,0,0,1,0,0,0,0,0,923,0,165.25,170,169.25,181,170,7.0999999999999996,3.3999999999999999,20,0
-0.86602540378443849,-0.50000000000000044,2,0,0,1,0,0,0,0,0,1319,0,157.75,170,165.25,170,164,7.2999999999999998,3.2999999999999998,19,0
-0.96592582628906842,-0.25881904510252057,2,0,0,1,0,0,0,0,0,1198,0,150.75,159,157.75,170,154,7.4000000000000004,3.5,19,0
-1,-1.8369701987210292e-16,2,0,0,1,0,0,0,0,0,885,0,129.25,161,150.75,159,161,7.2000000000000002,2.6000000000000001,20,0
-0.96592582628906842,0.2588190451025203,2,0,0,1,0,0,0,0,0,1801,0,154.5,161,129.25,161,145,5.5,0.90000000000000002,23,0
-0.8660254037844386,0.50000000000000011,2,0,0,1,0,0,0,0,0,2578,0,131.5,148,154.5,161,111,3.6000000000000001,1.3,27,0
-0.70710678118654768,0.70710678118654735,2,0,0,1,0,0,0,0,0,50,0,109.25,113,131.5,148,113,3.7000000000000002,1.8,27,0
-0.50000000000000044,0.86602540378443837,2,0,0,1,0,0,0,0,0,13,0,105,110,109.25,113,103,4.0999999999999996,2.8999999999999999,26,0
-0.25881904510252152,0.96592582628906798,2,0,0,1,0,0,0,0,0,148,0,101,109,105,110,109,2.7999999999999998,1.8999999999999999,29,0
0,1,2,0,0,0,1,0,0,0,0,167,0,94.5,106,101,109,79,3.7999999999999998,2.2000000000000002,28,0
0.25881904510252068,0.96592582628906842,2,0,0,0,1,0,0,0,0,121,0,64.75,67,94.5,106,67,2.5,2.3999999999999999,33,0
0.49999999999999989,0.86602540378443871,2,0,0,0,1,0,0,0,0,39,0,102.5,107,64.75,67,103,2.3999999999999999,3.1000000000000001,36,0
0.70710678118654757,0.70710678118654757,2,0,0,0,1,0,0,0,0,158,0,104.25,109,102.5,107,104,2.6000000000000001,3.2000000000000002,36,0
0.8660254037844386,0.50000000000000011,2,0,0,0,1,0,0,0,0,40,0,99.25,104,104.25,109,104,3,3.1000000000000001,37,0
0.96592582628906842,0.25881904510252068,2,0,0,0,1,0,0,0,0,143,0,106,108,99.25,104,104,2.2999999999999998,1.3999999999999999,41,0
1,6.123233995736766e-17,2,0,0,0,1,0,0,0,0,574,0,91,98,106,108,98,2.6000000000000001,4.2000000000000002,39,0
0.96592582628906842,-0.25881904510252057,2,0,0,0,1,0,0,0,0,246,0,103.75,107,91,98,107,2.3999999999999999,2.5,39,0
0.86602540378443871,-0.49999999999999978,2,0,0,0,1,0,0,0,0,577,0,118.5,131,103.75,107,131,2.2000000000000002,1.8999999999999999,40,0
0.70710678118654757,-0.70710678118654746,2,0,0,0,1,0,0,0,0,324,0,155,165,118.5,131,165,1.3999999999999999,2.1000000000000001,45,0
0.49999999999999989,-0.86602540378443871,2,0,0,0,1,0,0,0,0,1812,0,166,169,155,165,166,3.1000000000000001,1.8,42,0
0.25881904510252102,-0.9659258262890682,2,0,0,0,1,0,0,0,0,903,0,163.75,177,166,169,175,4.9000000000000004,2.6000000000000001,38,0
1.2246467991473532e-16,-1,2,0,0,0,1,0,0,0,0,1468,0,160.75,168,163.75,177,165,7,2,34,0
-0.25881904510252079,-0.96592582628906842,2,0,0,0,1,0,0,0,0,508,0,111,125,160.75,168,125,9,2.5,29,0
-0.49999999999999972,-0.86602540378443882,2,0,0,0,1,0,0,0,0,483,0,152.5,158,111,125,151,10.699999999999999,1.5,23,0
-0.70710678118654713,-0.70710678118654791,2,0,0,0,1,0,0,0,0,180,0,162.25,169,152.5,158,165,11.800000000000001,2.2999999999999998,21,0
-0.86602540378443849,-0.50000000000000044,2,0,0,0,1,0,0,0,0,0,1,152.25,162,162.25,169,158,11.699999999999999,2.7999999999999998,19,0
-0.96592582628906842,-0.25881904510252057,2,0,0,0,1,0,0,0,0,0,1,152.5,156,152.25,162,150,11.800000000000001,2.2000000000000002,20,0
-1,-1.8369701987210292e-16,2,0,0,0,1,0,0,0,0,0,1,129.75,143,152.5,156,135,11,1.3,23,0
-0.96592582628906842,0.2588190451025203,2,0,0,0,1,0,0,0,0,0,1,122.25,123,129.75,143,121,9.5999999999999996,2.2000000000000002,27,0
-0.8660254037844386,0.50000000000000011,2,0,0,0,1,0,0,0,0,0,1,123.25,128,122.25,123,128,7.9000000000000004,2.5,35,0
-0.70710678118654768,0.70710678118654735,2,0,0,0,1,0,0,0,0,0,1,133.25,145,123.25,128,145,7.4000000000000004,2.7999999999999998,40,0
-0.50000000000000044,0.86602540378443837,2,0,0,0,1,0,0,0,0,0,1,129,141,133.25,145,115,6.5999999999999996,1.5,43,0
-0.25881904510252152,0.96592582628906798,2,0,0,0,1,0,0,0,0,0,1,117.5,124,129,141,116,5.7000000000000002,1.8,50,0
0,1,2,0,0,0,0,1,0,0,0,0,1,104.75,115,117.5,124,88,5.0999999999999996,2.6000000000000001,55,0
0.25881904510252068,0.96592582628906842,2,0,0,0,0,1,0,0,0,0,1,69.75,72,104.75,115,68,4,2.2999999999999998,61,0
0.49999999999999989,0.86602540378443871,2,0,0,0,0,1,0,0,0,0,1,107,113,69.75,72,113,6.2000000000000002,3.2000000000000002,53,0
0.70710678118654757,0.70710678118654757,2,0,0,0,0,1,0,0,0,0,1,104.25,111,107,113,111,4.5,1.8,60,0
0.8660254037844386,0.50000000000000011,2,0,0,0,0,1,0,0,0,0,1,101,107,104.25,111,96,3.8999999999999999,2.1000000000000001,65,0
0.96592582628906842,0.25881904510252068,2,0,0,0,0,1,0,0,0,0,1,111.25,114,101,107,108,4,1.3,69,0
1,6.123233995736766e-17,2,0,0,0,0,1,0,0,0,0,1,89.75,103,111.25,114,103,3.5,1.8999999999999999,73,0
0.96592582628906842,-0.25881904510252057,2,0,0,0,0,1,0,0,0,0,1,105.25,107,89.75,103,100,3,1.8999999999999999,75,0
0.86602540378443871,-0.49999999999999978,2,0,0,0,0,1,0,0,0,0,1,133,149,105.25,107,143,3.6000000000000001,2.7000000000000002,74,0
0.70710678118654757,-0.70710678118654746,2,0,0,0,0,1,0,0,0,0,1,167.5,175,133,149,169,3.2000000000000002,1.8,75,0
0.49999999999999989,-0.86602540378443871,2,0,0,0,0,1,0,0,0,0,1,168,175,167.5,175,175,4.9000000000000004,2.3999999999999999,69,0
0.25881904510252102,-0.9659258262890682,2,0,0,0,0,1,0,0,0,0,1,156,168,168,175,164,7.0999999999999996,1.5,59,0
1.2246467991473532e-16,-1,2,0,0,0,0,1,0,0,0,0,1,167.75,174,156,168,164,9.1999999999999993,2.2000000000000002,51,0
-0.25881904510252079,-0.96592582628906842,2,0,0,0,0,1,0,0,0,0,1,104,122,167.75,174,122,10.199999999999999,1.8,47,0
-0.49999999999999972,-0.86602540378443882,2,0,0,0,0,1,0,0,0,0,1,153.5,160,104,122,150,10.9,1.8,41,0
-0.70710678118654713,-0.70710678118654791,2,0,0,0,0,1,0,0,0,0,1,158.5,160,153.5,160,157,11.300000000000001,2.8999999999999999,43,0
-0.86602540378443849,-0.50000000000000044,2,0,0,0,0,1,0,0,0,0,1,149.5,160,158.5,160,153,10.9,3,49,0
-0.96592582628906842,-0.25881904510252057,2,0,0,0,0,1,0,0,0,0,1,156.75,163,149.5,160,160,10,3.1000000000000001,63,0
-1,-1.8369701987210292e-16,2,0,0,0,0,1,0,0,0,0,1,135.75,159,156.75,163,159,9.8000000000000007,2.6000000000000001,68,0
-0.96592582628906842,0.2588190451025203,2,0,0,0,0,1,0,0,0,0,1,144.75,152,135.75,159,139,9.1999999999999993,1.1000000000000001,69,0
-0.8660254037844386,0.50000000000000011,2,0,0,0,0,1,0,0,0,0,1,136,142,144.75,152,125,8.6999999999999993,1.3999999999999999,72,0
-0.70710678118654768,0.70710678118654735,2,0,0,0,0,1,0,0,0,0,1,120.75,130,136,142,120,7.9000000000000004,1.3999999999999999,75,0
-0.50000000000000044,0.86602540378443837,2,0,0,0,0,1,0,0,0,0,1,109.25,116,120.75,130,104,7.5,0.90000000000000002,75,0
-0.25881904510252152,0.96592582628906798,2,0,0,0,0,1,0,0,0,0,1,104,110,109.25,116,109,7.2000000000000002,1.7,77,0
0,1,2,0,0,0,0,0,1,0,0,0,1,99.75,110,104,110,83,7.0999999999999996,2,77,0
0.25881904510252068,0.96592582628906842,2,0,0,0,0,0,1,0,0,0,1,66.25,71,99.75,110,65,5.9000000000000004,0.69999999999999996,85,0
0.49999999999999989,0.86602540378443871,2,0,0,0,0,0,1,0,0,0,1,106,111,66.25,71,110,6.2000000000000002,1.2,81,0
0.70710678118654757,0.70710678118654757,2,0,0,0,0,0,1,0,0,0,1,104,111,106,111,111,6.2000000000000002,1,80,0
0.8660254037844386,0.50000000000000011,2,0,0,0,0,0,1,0,0,0,1,106.5,112,104,111,107,6,1.5,79,0
0.96592582628906842,0.25881904510252068,2,0,0,0,0,0,1,0,0,0,1,108.75,113,106.5,112,109,4.7000000000000002,0.20000000000000001,83,0
1,6.123233995736766e-17,2,0,0,0,0,0,1,0,0,0,1,90,110,108.75,113,110,5.2999999999999998,0.29999999999999999,83,0
0.96592582628906842,-0.25881904510252057,2,0,0,0,0,0,1,0,0,0,1,102.25,106,90,110,103,4.7000000000000002,0.59999999999999998,84,0
0.86602540378443871,-0.49999999999999978,2,0,0,0,0,0,1,0,0,0,1,70.5,92,102.25,106,32,4.7999999999999998,1.5,81,0
0.70710678118654757,-0.70710678118654746,2,0,0,0,0,0,1,0,0,0,1,22.75,24,70.5,92,23,4.7999999999999998,0.5,81,0
0.49999999999999989,-0.86602540378443871,2,0,0,0,0,0,1,0,0,0,1,25,28,22.75,24,28,6.7999999999999998,0.69999999999999996,76,0
0.25881904510252102,-0.9659258262890682,2,0,0,0,0,0,1,0,0,0,1,26,29,25,28,25,8.6999999999999993,0.29999999999999999,71,0
1.2246467991473532e-16,-1,2,0,0,0,0,0,1,0,0,0,1,26.25,29,26,29,27,11.1,1.3,54,0
-0.25881904510252079,-0.96592582628906842,2,0,0,0,0,0,1,0,0,0,1,24.5,25,26.25,29,24,12.699999999999999,1.2,45,0
-0.49999999999999972,-0.86602540378443882,2,0,0,0,0,0,1,0,0,0,1,23,27,24.5,25,21,13.800000000000001,1.8999999999999999,41,0
-0.70710678118654713,-0.70710678118654791,2,0,0,0,0,0,1,0,0,0,1,22.25,23,23,27,22,15.4,1.3,35,0
-0.86602540378443849,-0.50000000000000044,2,0,0,0,0,0,1,0,0,0,1,22.5,23,22.25,23,22,14.9,3.2000000000000002,46,0
-0.96592582628906842,-0.25881904510252057,2,0,0,0,0,0,1,0,0,0,1,24.75,27,22.5,23,23,14.4,2.7999999999999998,52,0
-1,-1.8369701987210292e-16,2,0,0,0,0,0,1,0,0,0,1,22.5,23,24.75,27,23,13.5,2.5,58,0
-0.96592582628906842,0.2588190451025203,2,0,0,0,0,0,1,0,0,0,1,22,22,22.5,23,22,12,1.1000000000000001,67,0
-0.8660254037844386,0.50000000000000011,2,0,0,0,0,0,1,0,0,0,1,24.5,27,22,22,27,10.800000000000001,0.5,75,0
-0.70710678118654768,0.70710678118654735,2,0,0,0,0,0,1,0,0,0,1,22.5,23,24.5,27,23,10,0.59999999999999998,75,0
-0.50000000000000044,0.86602540378443837,2,0,0,0,0,0,1,0,0,0,1,22.75,23,22.5,23,23,9,1,81,0
-0.25881904510252152,0.96592582628906798,2,0,0,0,0,0,1,0,0,0,1,22.5,23,22.75,23,22,8.1999999999999993,0,84,0
0,1,2,1,0,0,0,0,0,1,0,0,1,24.25,27,22.5,23,22,5.0999999999999996,2.6000000000000001,55,0
0.25881904510252068,0.96592582628906842,2,1,0,0,0,0,0,1,0,0,1,66.25,71,24.25,27,65,7.9000000000000004,1.3999999999999999,68,0
0.49999999999999989,0.86602540378443871,2,1,0,0,0,0,0,1,0,0,1,106,111,66.25,71,110,7.9000000000000004,1.3999999999999999,68,0
0.70710678118654757,0.70710678118654757,2,1,0,0,0,0,0,1,0,0,1,104,111,106,111,111,6.9000000000000004,0.40000000000000002,76,0
0.8660254037844386,0.50000000000000011,2,1,0,0,0,0,0,1,0,0,1,106.5,112,104,111,107,6,0.10000000000000001,84,0
0.96592582628906842,0.25881904510252068,2,1,0,0,0,0,0,1,0,0,1,108.75,113,106.5,112,109,4.5999999999999996,1.2,80,0
1,6.123233995736766e-17,2,1,0,0,0,0,0,1,0,0,1,90,110,108.75,113,110,4.7999999999999998,0.40000000000000002,73,0
0.96592582628906842,-0.25881904510252057,2,1,0,0,0,0,0,1,0,0,1,102.25,106,90,110,103,5,0.40000000000000002,64,0
0.86602540378443871,-0.49999999999999978,2,1,0,0,0,0,0,1,0,0,1,70.5,92,102.25,106,32,4.7000000000000002,0.40000000000000002,62,0
0.70710678118654757,-0.70710678118654746,2,1,0,0,0,0,0,1,0,0,1,22.75,24,70.5,92,23,5,1.1000000000000001,61,0
0.49999999999999989,-0.86602540378443871,2,1,0,0,0,0,0,1,0,0,1,25,28,22.75,24,28,8.9000000000000004,0.59999999999999998,58,0
0.25881904510252102,-0.9659258262890682,2,1,0,0,0,0,0,1,0,0,1,26,29,25,28,25,13.1,1,41,0
1.2246467991473532e-16,-1,2,1,0,0,0,0,0,1,0,0,1,26.25,29,26,29,27,15.300000000000001,2.2000000000000002,27,0
-0.25881904510252079,-0.96592582628906842,2,1,0,0,0,0,0,1,0,0,1,24.5,25,26.25,29,24,16.300000000000001,2.7999999999999998,23,0
-0.49999999999999972,-0.86602540378443882,2,1,0,0,0,0,0,1,0,0,1,23,27,24.5,25,21,17,2.7000000000000002,21,0
-0.70710678118654713,-0.70710678118654791,2,1,0,0,0,0,0,1,0,0,1,22.25,23,23,27,22,17,3.1000000000000001,32,0
-0.86602540378443849,-0.50000000000000044,2,1,0,0,0,0,0,1,0,0,1,22.5,23,22.25,23,22,16.800000000000001,2.5,38,0
-0.96592582628906842,-0.25881904510252057,2,1,0,0,0,0,0,1,0,0,1,24.75,27,22.5,23,23,16.399999999999999,2.3999999999999999,37,0
-1,-1.8369701987210292e-16,2,1,0,0,0,0,0,1,0,0,1,22.5,23,24.75,27,23,14.9,2.1000000000000001,45,0
-0.96592582628906842,0.2588190451025203,2,1,0,0,0,0,0,1,0,0,1,22,22,22.5,23,22,13.300000000000001,1.6000000000000001,41,0
-0.8660254037844386,0.50000000000000011,2,1,0,0,0,0,0,1,0,0,1,24.5,27,22,22,27,11.800000000000001,1.3,57,0
-0.70710678118654768,0.70710678118654735,2,1,0,0,0,0,0,1,0,0,1,22.5,23,24.5,27,23,10.9,1.3,65,0
-0.50000000000000044,0.86602540378443837,2,1,0,0,0,0,0,1,0,0,1,22.75,23,22.5,23,23,9.6999999999999993,0.90000000000000002,72,0
-0.25881904510252152,0.96592582628906798,2,1,0,0,0,0,0,1,0,0,1,22.5,23,22.75,23,22,9.3000000000000007,0.80000000000000004,76,0
0,1,2,1,0,0,0,0,0,0,1,0,1,24.25,27,22.5,23,22,8.9000000000000004,0.29999999999999999,83,0
0.25881904510252068,0.96592582628906842,2,1,0,0,0,0,0,0,1,0,1,22.5,23,24.25,27,22,9.0999999999999996,0.69999999999999996,81,0
0.49999999999999989,0.86602540378443871,2,1,0,0,0,0,0,0,1,0,1,21.75,22,22.5,23,21,8.4000000000000004,0,89,0
0.70710678118654757,0.70710678118654757,2,1,0,0,0,0,0,0,1,0,1,24.5,27,21.75,22,25,8.1999999999999993,0.69999999999999996,92,0
0.8660254037844386,0.50000000000000011,2,1,0,0,0,0,0,0,1,0,1,22,22,24.5,27,22,8.1999999999999993,0.29999999999999999,92,0
0.96592582628906842,0.25881904510252068,2,1,0,0,0,0,0,0,1,0,1,22.5,23,22,22,23,7.2999999999999998,0.5,94,0
1,6.123233995736766e-17,2,1,0,0,0,0,0,0,1,0,1,22.25,23,22.5,23,23,7.4000000000000004,0.5,94,0
0.96592582628906842,-0.25881904510252057,2,1,0,0,0,0,0,0,1,0,1,23.75,26,22.25,23,22,7.9000000000000004,0.29999999999999999,94,0
0.86602540378443871,-0.49999999999999978,2,1,0,0,0,0,0,0,1,0,1,21.75,22,23.75,26,21,8.1999999999999993,0.20000000000000001,98,0
0.70710678118654757,-0.70710678118654746,2,1,0,0,0,0,0,0,1,0,1,21.5,22,21.75,22,22,8,0.10000000000000001,89,0
0.49999999999999989,-0.86602540378443871,2,1,0,0,0,0,0,0,1,0,1,24,26,21.5,22,24,10.1,0.90000000000000002,89,0
0.25881904510252102,-0.9659258262890682,2,1,0,0,0,0,0,0,1,0,1,22.25,23,24,26,23,11.800000000000001,1.1000000000000001,74,0
1.2246467991473532e-16,-1,2,1,0,0,0,0,0,0,1,0,1,22,22,22.25,23,22,12.6,1.5,78,0.10000000000000001
-0.25881904510252079,-0.96592582628906842,2,1,0,0,0,0,0,0,1,0,1,24,27,22,22,27,12.5,1.8999999999999999,93,0.20000000000000001
-0.49999999999999972,-0.86602540378443882,2,1,0,0,0,0,0,0,1,0,1,23,25,24,27,22,11.6,1.8,98,1.7
-0.70710678118654713,-0.70710678118654791,2,1,0,0,0,0,0,0,1,0,1,22.25,23,23,25,22,12.5,1.3,98,1.8
-0.86602540378443849,-0.50000000000000044,2,1,0,0,0,0,0,0,1,0,1,22.25,23,22.25,23,22,12.199999999999999,1.3,98,1.8999999999999999
-0.96592582628906842,-0.25881904510252057,2,1,0,0,0,0,0,0,1,0,1,25,27,22.25,23,23,12.300000000000001,1,98,1.8999999999999999
-1,-1.8369701987210292e-16,2,1,0,0,0,0,0,0,1,0,1,22,22,25,27,22,12.699999999999999,1.5,98,1.8999999999999999
-0.96592582628906842,0.2588190451025203,2,1,0,0,0,0,0,0,1,0,1,22,22,22,22,22,12.4,0.80000000000000004,98,1.8999999999999999
-0.8660254037844386,0.50000000000000011,2,1,0,0,0,0,0,0,1,0,1,23.75,26,22,22,24,12.1,0.59999999999999998,98,1.8999999999999999
-0.70710678118654768,0.70710678118654735,2,1,0,0,0,0,0,0,1,0,1,22,22,23.75,26,22,12.1,0.5,98,1.8999999999999999
-0.50000000000000044,0.86602540378443837,2,1,0,0,0,0,0,0,1,0,1,22.5,23,22,22,22,11.699999999999999,0.29999999999999999,98,3.5
-0.25881904510252152,0.96592582628906798,2,1,0,0,0,0,0,0,1,0,1,22.75,25,22.5,23,25,11.4,1.3,98,4.9000000000000004
0,1,2,0,1,0,0,0,0,0,0,0,1,23.5,26,22.75,25,23,11.300000000000001,1.2,98,7.5
0.25881904510252068,0.96592582628906842,2,0,1,0,0,0,0,0,0,0,1,76,83,23.5,26,72,11.199999999999999,1.3999999999999999,98,9
0.49999999999999989,0.86602540378443871,2,0,1,0,0,0,0,0,0,0,1,110.25,116,76,83,116,10.6,2.2000000000000002,98,0.40000000000000002
0.70710678118654757,0.70710678118654757,2,0,1,0,0,0,0,0,0,0,1,117.25,121,110.25,116,117,10.300000000000001,2.7000000000000002,98,0.5
0.8660254037844386,0.50000000000000011,2,0,1,0,0,0,0,0,0,0,1,115.75,123,117.25,121,123,10,2,98,0.5
0.96592582628906842,0.25881904510252068,2,0,1,0,0,0,0,0,0,0,1,109.75,122,115.75,123,106,9.6999999999999993,1,98,0.5
1,6.123233995736766e-17,2,0,1,0,0,0,0,0,0,0,1,97.25,112,109.75,122,112,9.8000000000000007,2.3999999999999999,98,0.5
0.96592582628906842,-0.25881904510252057,2,0,1,0,0,0,0,0,0,0,1,118.25,121,97.25,112,117,9.1999999999999993,0.90000000000000002,98,0.5
0.86602540378443871,-0.49999999999999978,2,0,1,0,0,0,0,0,0,0,1,132.25,150,118.25,121,150,9,1,98,0.5
0.70710678118654757,-0.70710678118654746,2,0,1,0,0,0,0,0,0,635,0,187.75,198,132.25,150,181,10.199999999999999,2.7000000000000002,94,0.5
0.49999999999999989,-0.86602540378443871,2,0,1,0,0,0,0,0,0,1362,0,185.75,195,187.75,198,188,10.800000000000001,3,75,0.5
0.25881904510252102,-0.9659258262890682,2,0,1,0,0,0,0,0,0,825,0,164.25,181,185.75,195,164,11.5,3.7000000000000002,66,0.5
1.2246467991473532e-16,-1,2,0,1,0,0,0,0,0,0,2724,0,173.25,184,164.25,181,184,12.800000000000001,3.7999999999999998,56,0.5
-0.25881904510252079,-0.96592582628906842,2,0,1,0,0,0,0,0,0,0,1,111.75,128,173.25,184,122,13,2.7999999999999998,54,0.5
-0.49999999999999972,-0.86602540378443882,2,0,1,0,0,0,0,0,0,2776,0,171.25,177,111.75,128,170,13.800000000000001,4.0999999999999996,53,0.5
-0.70710678118654713,-0.70710678118654791,2,0,1,0,0,0,0,0,0,2004,0,177,182,171.25,177,172,12.6,4.5,52,0.5
-0.86602540378443849,-0.50000000000000044,2,0,1,0,0,0,0,0,0,154,0,163,176,177,182,176,12,4.4000000000000004,36,0.5
-0.96592582628906842,-0.25881904510252057,2,0,1,0,0,0,0,0,0,903,0,169.75,181,163,176,160,11.199999999999999,3.7999999999999998,38,0.5
-1,-1.8369701987210292e-16,2,0,1,0,0,0,0,0,0,905,0,133.5,159,169.75,181,159,8,5,24,0.5
-0.96592582628906842,0.2588190451025203,2,0,1,0,0,0,0,0,0,2247,0,161.25,170,133.5,159,170,5.9000000000000004,4.2999999999999998,27,0.5
-0.8660254037844386,0.50000000000000011,2,0,1,0,0,0,0,0,0,478,0,155.5,162,161.25,170,147,4.2999999999999998,5.9000000000000004,31,0.5
-0.70710678118654768,0.70710678118654735,2,0,1,0,0,0,0,0,0,51,0,127.75,133,155.5,162,120,3.2000000000000002,5.5,31,0.5
-0.50000000000000044,0.86602540378443837,2,0,1,0,0,0,0,0,0,213,0,127,131,127.75,133,124,2.2000000000000002,1.8999999999999999,30,0.5
-0.25881904510252152,0.96592582628906798,2,0,1,0,0,0,0,0,0,98,0,114.5,123,127,131,123,1.8999999999999999,2.1000000000000001,29,0.5
0,1,2,0,0,1,0,0,0,0,0,452,0,107.75,120,114.5,123,85,1.6000000000000001,2.7000000000000002,26,0.5
0.25881904510252068,0.96592582628906842,2,0,0,1,0,0,0,0,0,250,0,73,76,107.75,120,72,0.59999999999999998,3.1000000000000001,30,0
0.49999999999999989,0.86602540378443871,2,0,0,1,0,0,0,0,0,312,0,111,120,73,76,109,-0.20000000000000001,2.2000000000000002,37,0
0.70710678118654757,0.70710678118654757,2,0,0,1,0,0,0,0,0,158,0,114,117,111,120,117,-0.69999999999999996,3,41,0
0.8660254037844386,0.50000000000000011,2,0,0,1,0,0,0,0,0,124,0,111.5,114,114,117,113,-1.3,2.6000000000000001,46,0
0.96592582628906842,0.25881904510252068,2,0,0,1,0,0,0,0,0,48,0,112,118,111.5,114,102,-2.2999999999999998,1,51,0
1,6.123233995736766e-17,2,0,0,1,0,0,0,0,0,204,0,91.75,111,112,118,111,-1.8999999999999999,1.8,48,0
0.96592582628906842,-0.25881904510252057,2,0,0,1,0,0,0,0,0,109,0,114.75,121,91.75,111,105,-2.1000000000000001,1.1000000000000001,45,0
0.86602540378443871,-0.49999999999999978,2,0,0,1,0,0,0,0,0,2149,0,130.25,161,114.75,121,161,-2.6000000000000001,1.3,44,0
0.70710678118654757,-0.70710678118654746,2,0,0,1,0,0,0,0,0,453,0,177,185,130.25,161,173,-1.6000000000000001,0.59999999999999998,41,0
0.49999999999999989,-0.86602540378443871,2,0,0,1,0,0,0,0,0,518,0,179.5,192,177,185,192,0.20000000000000001,1.6000000000000001,36,0
0.25881904510252102,-0.9659258262890682,2,0,0,1,0,0,0,0,0,803,0,178,193,179.5,192,190,1.5,3.2999999999999998,29,0
1.2246467991473532e-16,-1,2,0,0,1,0,0,0,0,0,714,0,175.75,186,178,193,170,2.7000000000000002,2.2999999999999998,29,0
-0.25881904510252079,-0.96592582628906842,2,0,0,1,0,0,0,0,0,4,0,108.75,120,175.75,186,116,3.7000000000000002,3.3999999999999999,26,0
-0.49999999999999972,-0.86602540378443882,2,0,0,1,0,0,0,0,0,352,0,169,175,108.75,120,171,4.4000000000000004,2.7999999999999998,24,0
-0.70710678118654713,-0.70710678118654791,2,0,0,1,0,0,0,0,0,3995,0,170.5,174,169,175,174,5.7999999999999998,3.7000000000000002,23,0
-0.86602540378443849,-0.50000000000000044,2,0,0,1,0,0,0,0,0,2195,0,163,180,170.5,174,157,6.4000000000000004,4,25,0
-0.96592582628906842,-0.25881904510252057,2,0,0,1,0,0,0,0,0,2786,0,168.25,177,163,180,160,6.5999999999999996,4.0999999999999996,26,0
-1,-1.8369701987210292e-16,2,0,0,1,0,0,0,0,0,82,0,153.75,177,168.25,177,177,6.0999999999999996,4.2999999999999998,30,0
-0.96592582628906842,0.2588190451025203,2,0,0,1,0,0,0,0,0,757,0,167.75,177,153.75,177,162,5.5999999999999996,3,36,0
-0.8660254037844386,0.50000000000000011,2,0,0,1,0,0,0,0,0,2939,0,139,152,167.75,177,117,1.2,4,63,0
-0.70710678118654768,0.70710678118654735,2,0,0,1,0,0,0,0,0,6,0,113.75,120,139,152,115,-0.80000000000000004,3.7000000000000002,82,0
-0.50000000000000044,0.86602540378443837,2,0,0,1,0,0,0,0,0,136,0,117.5,123,113.75,120,123,-1.3,4,73,0
-0.25881904510252152,0.96592582628906798,2,0,0,1,0,0,0,0,0,65,0,102.5,107,117.5,123,107,-1.3,4.2999999999999998,45,0
0,1,2,0,0,0,1,0,0,0,0,107,0,105.5,119,102.5,107,85,-1.8999999999999999,4.5,38,0
0.25881904510252068,0.96592582628906842,2,0,0,0,1,0,0,0,0,331,0,71.75,72,105.5,119,71,-2.5,4,39,0
0.49999999999999989,0.86602540378443871,2,0,0,0,1,0,0,0,0,170,0,106.5,118,71.75,72,118,-3,3.2999999999999998,39,0
0.70710678118654757,0.70710678118654757,2,0,0,0,1,0,0,0,0,240,0,112.25,117,106.5,118,110,-3.5,4.7000000000000002,34,0
0.8660254037844386,0.50000000000000011,2,0,0,0,1,0,0,0,0,82,0,116.25,120,112.25,117,115,-4,4.4000000000000004,37,0
0.96592582628906842,0.25881904510252068,2,0,0,0,1,0,0,0,0,265,0,112.5,115,116.25,120,115,-4.5999999999999996,4.7000000000000002,42,0
1,6.123233995736766e-17,2,0,0,0,1,0,0,0,0,23,0,97.25,112,112.5,115,112,-4.9000000000000004,4.4000000000000004,36,0
0.96592582628906842,-0.25881904510252057,2,0,0,0,1,0,0,0,0,583,0,120.5,126,97.25,112,122,-5.0999999999999996,5,33,0
0.86602540378443871,-0.49999999999999978,2,0,0,0,1,0,0,0,0,1612,0,141,162,120.5,126,158,-5.2999999999999998,4.2999999999999998,31,0
0.70710678118654757,-0.70710678118654746,2,0,0,0,1,0,0,0,0,479,0,190.25,197,141,162,193,-4.9000000000000004,4.2000000000000002,30,0
0.49999999999999989,-0.86602540378443871,2,0,0,0,1,0,0,0,0,1759,0,180,188,190.25,197,179,-4.0999999999999996,4.2999999999999998,31,0
0.25881904510252102,-0.9659258262890682,2,0,0,0,1,0,0,0,0,1510,0,166,177,180,188,175,-3.3999999999999999,5.5999999999999996,28,0
1.2246467991473532e-16,-1,2,0,0,0,1,0,0,0,0,792,0,183,190,166,177,177,-2.3999999999999999,5,28,0
-0.25881904510252079,-0.96592582628906842,2,0,0,0,1,0,0,0,0,269,0,103,123,183,190,123,-2.2000000000000002,4.5999999999999996,28,0
-0.49999999999999972,-0.86602540378443882,2,0,0,0,1,0,0,0,0,819,0,182.75,192,103,123,182,-1.6000000000000001,4.0999999999999996,29,0
-0.70710678118654713,-0.70710678118654791,2,0,0,0,1,0,0,0,0,1272,0,178.75,189,182.75,192,189,-1.2,4.4000000000000004,32,0
-0.86602540378443849,-0.50000000000000044,2,0,0,0,1,0,0,0,0,3267,0,169.75,179,178.75,189,174,-1.2,4.5999999999999996,29,0
-0.96592582628906842,-0.25881904510252057,2,0,0,0,1,0,0,0,0,1287,0,168.5,174,169.75,179,174,-1.3999999999999999,4.7000000000000002,24,0
-1,-1.8369701987210292e-16,2,0,0,0,1,0,0,0,0,2402,0,138,158,168.5,174,158,-2.2999999999999998,4.5,26,0
-0.96592582628906842,0.2588190451025203,2,0,0,0,1,0,0,0,0,382,0,170.25,177,138,158,167,-3.6000000000000001,5.2000000000000002,23,0
-0.8660254037844386,0.50000000000000011,2,0,0,0,1,0,0,0,0,1510,0,159,169,170.25,177,147,-4.4000000000000004,3.7000000000000002,25,0
-0.70710678118654768,0.70710678118654735,2,0,0,0,1,0,0,0,0,117,0,138.5,143,159,169,135,-5,4.9000000000000004,29,0
-0.50000000000000044,0.86602540378443837,2,0,0,0,1,0,0,0,0,15,0,126.75,134,138.5,143,123,-5.2000000000000002,5.0999999999999996,30,0
-0.25881904510252152,0.96592582628906798,2,0,0,0,1,0,0,0,0,292,0,125,128,126.75,134,127,-5.2999999999999998,4.2999999999999998,30,0
0,1,2,0,0,0,0,1,0,0,0,150,0,111,125,125,128,94,-5.5999999999999996,4.2000000000000002,32,0
0.25881904510252068,0.96592582628906842,2,0,0,0,0,1,0,0,0,122,0,80,90,111,125,73,-5.7999999999999998,5.0999999999999996,37,0
0.49999999999999989,0.86602540378443871,2,0,0,0,0,1,0,0,0,287,0,111.75,117,80,90,115,-6.2000000000000002,5,43,0
0.70710678118654757,0.70710678118654757,2,0,0,0,0,1,0,0,0,28,0,115,121,111.75,117,105,-6.5,2.8999999999999999,47,0
0.8660254037844386,0.50000000000000011,2,0,0,0,0,1,0,0,0,300,0,114,126,115,121,111,-6.9000000000000004,4.4000000000000004,54,0
0.96592582628906842,0.25881904510252068,2,0,0,0,0,1,0,0,0,42,0,111.5,117,114,126,115,-7.4000000000000004,4.2000000000000002,54,0
1,6.123233995736766e-17,2,0,0,0,0,1,0,0,0,0,1,101.5,120,111.5,117,120,-7.5999999999999996,3.6000000000000001,53,0
0.96592582628906842,-0.25881904510252057,2,0,0,0,0,1,0,0,0,0,1,120.5,123,101.5,120,114,-7.5999999999999996,3.7000000000000002,53,0
0.86602540378443871,-0.49999999999999978,2,0,0,0,0,1,0,0,0,1368,0,133,157,120.5,123,157,-7.5,2.5,54,0
0.70710678118654757,-0.70710678118654746,2,0,0,0,0,1,0,0,0,197,0,161.5,177,133,157,177,-7.0999999999999996,3.1000000000000001,54,0
0.49999999999999989,-0.86602540378443871,2,0,0,0,0,1,0,0,0,1493,0,170.5,186,161.5,177,186,-6.2999999999999998,4,50,0
0.25881904510252102,-0.9659258262890682,2,0,0,0,0,1,0,0,0,801,0,164.75,179,170.5,186,156,-5.2999999999999998,3.8999999999999999,48,0
1.2246467991473532e-16,-1,2,0,0,0,0,1,0,0,0,772,0,177.25,185,164.75,179,177,-4.2000000000000002,4.2000000000000002,44,0
-0.25881904510252079,-0.96592582628906842,2,0,0,0,0,1,0,0,0,74,0,101.5,124,177.25,185,124,-3,3.5,40,0
-0.49999999999999972,-0.86602540378443882,2,0,0,0,0,1,0,0,0,768,0,174.25,180,101.5,124,171,-1.7,4.7000000000000002,38,0
-0.70710678118654713,-0.70710678118654791,2,0,0,0,0,1,0,0,0,2874,0,163.5,170,174.25,180,165,-0.80000000000000004,4.5,34,0
-0.86602540378443849,-0.50000000000000044,2,0,0,0,0,1,0,0,0,260,0,155.5,170,163.5,170,154,-0.20000000000000001,4,31,0
-0.96592582628906842,-0.25881904510252057,2,0,0,0,0,1,0,0,0,703,0,161.75,174,155.5,170,156,0,4.0999999999999996,31,0
-1,-1.8369701987210292e-16,2,0,0,0,0,1,0,0,0,1073,0,147.5,164,161.75,174,164,-0.10000000000000001,3.7000000000000002,33,0
-0.96592582628906842,0.2588190451025203,2,0,0,0,0,1,0,0,0,1436,0,150.25,154,147.5,164,151,-0.80000000000000004,2.6000000000000001,36,0
-0.8660254037844386,0.50000000000000011,2,0,0,0,0,1,0,0,0,3139,0,137.5,142,150.25,154,131,-1.2,2.7000000000000002,41,0
-0.70710678118654768,0.70710678118654735,2,0,0,0,0,1,0,0,0,0,1,117.25,124,137.5,142,112,-1.8,1.5,43,0
-0.50000000000000044,0.86602540378443837,2,0,0,0,0,1,0,0,0,224,0,113.5,121,117.25,124,121,-3.2000000000000002,0.59999999999999998,48,0
-0.25881904510252152,0.96592582628906798,2,0,0,0,0,1,0,0,0,124,0,114,117,113.5,121,108,-3,1.3,48,0
0,1,2,0,0,0,0,0,1,0,0,98,0,106.25,120,114,117,80,-3,2.3999999999999999,51,0
0.25881904510252068,0.96592582628906842,2,0,0,0,0,0,1,0,0,132,0,66.75,70,106.25,120,65,-3.2000000000000002,2.7999999999999998,54,0
0.49999999999999989,0.86602540378443871,2,0,0,0,0,0,1,0,0,490,0,110.25,118,66.75,70,118,-3.5,1.7,55,0
0.70710678118654757,0.70710678118654757,2,0,0,0,0,0,1,0,0,244,0,115,119,110.25,118,114,-3.1000000000000001,2.7999999999999998,56,0
0.8660254037844386,0.50000000000000011,2,0,0,0,0,0,1,0,0,376,0,99.5,109,115,119,98,-2.6000000000000001,2.7000000000000002,53,0
0.96592582628906842,0.25881904510252068,2,0,0,0,0,0,1,0,0,251,0,109.25,114,99.5,109,110,-3.6000000000000001,1.1000000000000001,58,0
1,6.123233995736766e-17,2,0,0,0,0,0,1,0,0,6,0,88.25,102,109.25,114,102,-3.6000000000000001,1.3999999999999999,58,0
0.96592582628906842,-0.25881904510252057,2,0,0,0,0,0,1,0,0,123,0,102.75,109,88.25,102,94,-3.3999999999999999,1.8,59,0
0.86602540378443871,-0.49999999999999978,2,0,0,0,0,0,1,0,0,1902,0,57.25,82,102.75,109,32,-3.7000000000000002,0.80000000000000004,60,0
0.70710678118654757,-0.70710678118654746,2,0,0,0,0,0,1,0,0,994,0,22.75,25,57.25,82,22,-1.6000000000000001,2.2999999999999998,50,0
0.49999999999999989,-0.86602540378443871,2,0,0,0,0,0,1,0,0,800,0,22,22,22.75,25,22,1,1.6000000000000001,41,0
0.25881904510252102,-0.9659258262890682,2,0,0,0,0,0,1,0,0,4258,0,22,22,22,22,22,4,2,29,0
1.2246467991473532e-16,-1,2,0,0,0,0,0,1,0,0,3369,0,24,27,22,22,22,4.5999999999999996,2.7000000000000002,30,0
-0.25881904510252079,-0.96592582628906842,2,0,0,0,0,0,1,0,0,320,0,22,22,24,27,22,7.7999999999999998,2.7000000000000002,25,0
-0.49999999999999972,-0.86602540378443882,2,0,0,0,0,0,1,0,0,1334,0,21.75,22,22,22,22,9.3000000000000007,1.8,30,0
-0.70710678118654713,-0.70710678118654791,2,0,0,0,0,0,1,0,0,503,0,24.5,27,21.75,22,26,10.5,2.7999999999999998,31,0
-0.86602540378443849,-0.50000000000000044,2,0,0,0,0,0,1,0,0,184,0,22.25,23,24.5,27,22,11.6,2.5,27,0
-0.96592582628906842,-0.25881904510252057,2,0,0,0,0,0,1,0,0,1306,0,22,22,22.25,23,22,11.9,1.7,27,0
-1,-1.8369701987210292e-16,2,0,0,0,0,0,1,0,0,322,0,22.5,23,22,22,23,12.199999999999999,2.8999999999999999,21,0
-0.96592582628906842,0.2588190451025203,2,0,0,0,0,0,1,0,0,2370,0,24.25,27,22.5,23,22,10.699999999999999,3.8999999999999999,25,0
-0.8660254037844386,0.50000000000000011,2,0,0,0,0,0,1,0,0,931,0,22,22,24.25,27,22,9,4.0999999999999996,32,0
-0.70710678118654768,0.70710678118654735,2,0,0,0,0,0,1,0,0,62,0,22,22,22,22,22,7.9000000000000004,3,36,0
-0.50000000000000044,0.86602540378443837,2,0,0,0,0,0,1,0,0,124,0,23.5,27,22,22,27,8.0999999999999996,4.2000000000000002,44,0
-0.25881904510252152,0.96592582628906798,2,0,0,0,0,0,1,0,0,330,0,23,25,23.5,27,22,7.2000000000000002,2.7000000000000002,49,0
0,1,2,1,0,0,0,0,0,1,0,55,0,22,22,23,25,22,6.5,1.8999999999999999,53,0
0.25881904510252068,0.96592582628906842,2,1,0,0,0,0,0,1,0,304,0,66.25,71,22,22,65,7.2000000000000002,1.8,52,0
0.49999999999999989,0.86602540378443871,2,1,0,0,0,0,0,1,0,174,0,106,111,66.25,71,110,8,2.8999999999999999,46,0
0.70710678118654757,0.70710678118654757,2,1,0,0,0,0,0,1,0,241,0,104,111,106,111,111,7.7000000000000002,2.7999999999999998,50,0
0.8660254037844386,0.50000000000000011,2,1,0,0,0,0,0,1,0,162,0,106.5,112,104,111,107,7.7999999999999998,4.2000000000000002,55,0
0.96592582628906842,0.25881904510252068,2,1,0,0,0,0,0,1,0,81,0,108.75,113,106.5,112,109,8.0999999999999996,5.5999999999999996,59,0
1,6.123233995736766e-17,2,1,0,0,0,0,0,1,0,18,0,90,110,108.75,113,110,8.0999999999999996,4.5999999999999996,62,0
0.96592582628906842,-0.25881904510252057,2,1,0,0,0,0,0,1,0,70,0,102.25,106,90,110,103,8.3000000000000007,5,66,0
0.86602540378443871,-0.49999999999999978,2,1,0,0,0,0,0,1,0,1378,0,70.5,92,102.25,106,32,8.5,4.4000000000000004,66,0
0.70710678118654757,-0.70710678118654746,2,1,0,0,0,0,0,1,0,0,1,22.75,24,70.5,92,23,9.0999999999999996,4.5,65,0
0.49999999999999989,-0.86602540378443871,2,1,0,0,0,0,0,1,0,0,1,25,28,22.75,24,28,10.6,5.0999999999999996,60,0
0.25881904510252102,-0.9659258262890682,2,1,0,0,0,0,0,1,0,0,1,26,29,25,28,25,12.800000000000001,5.0999999999999996,54,0
1.2246467991473532e-16,-1,2,1,0,0,0,0,0,1,0,0,1,26.25,29,26,29,27,15,3.8999999999999999,47,0
-0.25881904510252079,-0.96592582628906842,2,1,0,0,0,0,0,1,0,0,1,24.5,25,26.25,29,24,16.899999999999999,4.5999999999999996,35,0
-0.49999999999999972,-0.86602540378443882,2,1,0,0,0,0,0,1,0,0,1,23,27,24.5,25,21,18.399999999999999,3.3999999999999999,30,0
-0.70710678118654713,-0.70710678118654791,2,1,0,0,0,0,0,1,0,0,1,22.25,23,23,27,22,18.600000000000001,4.5,28,0
-0.86602540378443849,-0.50000000000000044,2,1,0,0,0,0,0,1,0,0,1,22.5,23,22.25,23,22,19.5,4.2999999999999998,26,0
-0.96592582628906842,-0.25881904510252057,2,1,0,0,0,0,0,1,0,0,1,24.75,27,22.5,23,23,19.300000000000001,3.2000000000000002,27,0
-1,-1.8369701987210292e-16,2,1,0,0,0,0,0,1,0,0,1,22.5,23,24.75,27,23,18.800000000000001,2.8999999999999999,30,0
-0.96592582628906842,0.2588190451025203,2,1,0,0,0,0,0,1,0,0,1,22,22,22.5,23,22,17,2.3999999999999999,40,0
-0.8660254037844386,0.50000000000000011,2,1,0,0,0,0,0,1,0,0,1,24.5,27,22,22,27,15,3,53,0
-0.70710678118654768,0.70710678118654735,2,1,0,0,0,0,0,1,0,0,1,22.5,23,24.5,27,23,14.6,3,50,0
-0.50000000000000044,0.86602540378443837,2,1,0,0,0,0,0,1,0,0,1,22.75,23,22.5,23,23,14.1,2.8999999999999999,51,0
-0.25881904510252152,0.96592582628906798,2,1,0,0,0,0,0,1,0,0,1,22.5,23,22.75,23,22,13.800000000000001,2.8999999999999999,54,0
0,1,2,1,0,0,0,0,0,0,1,0,1,24.25,27,22.5,23,22,12.6,2,56,0
0.25881904510252068,0.96592582628906842,2,1,0,0,0,0,0,0,1,0,1,22.5,23,24.25,27,22,11.9,2.2999999999999998,59,0
0.49999999999999989,0.86602540378443871,2,1,0,0,0,0,0,0,1,0,1,21.75,22,22.5,23,21,10.9,1.1000000000000001,64,0
0.70710678118654757,0.70710678118654757,2,1,0,0,0,0,0,0,1,0,1,24.5,27,21.75,22,25,10.6,1.3,64,0
0.8660254037844386,0.50000000000000011,2,1,0,0,0,0,0,0,1,0,1,22,22,24.5,27,22,11.9,3.7000000000000002,54,0
0.96592582628906842,0.25881904510252068,2,1,0,0,0,0,0,0,1,0,1,22.5,23,22,22,23,13,3.3999999999999999,43,0
1,6.123233995736766e-17,2,1,0,0,0,0,0,0,1,0,1,22.25,23,22.5,23,23,12.800000000000001,2.2999999999999998,45,0
0.96592582628906842,-0.25881904510252057,2,1,0,0,0,0,0,0,1,0,1,23.75,26,22.25,23,22,11.800000000000001,1.7,52,0
0.86602540378443871,-0.49999999999999978,2,1,0,0,0,0,0,0,1,0,1,21.75,22,23.75,26,21,11.9,3,56,0
0.70710678118654757,-0.70710678118654746,2,1,0,0,0,0,0,0,1,0,1,21.5,22,21.75,22,22,12.699999999999999,2.3999999999999999,56,0
0.49999999999999989,-0.86602540378443871,2,1,0,0,0,0,0,0,1,0,1,24,26,21.5,22,24,14,2.1000000000000001,54,0
0.25881904510252102,-0.9659258262890682,2,1,0,0,0,0,0,0,1,0,1,22.25,23,24,26,23,15.5,1.5,50,0
1.2246467991473532e-16,-1,2,1,0,0,0,0,0,0,1,0,1,22,22,22.25,23,22,17.699999999999999,2.6000000000000001,49,0
-0.25881904510252079,-0.96592582628906842,2,1,0,0,0,0,0,0,1,0,1,24,27,22,22,27,21,3.7000000000000002,28,0
-0.49999999999999972,-0.86602540378443882,2,1,0,0,0,0,0,0,1,0,1,23,25,24,27,22,21.399999999999999,5.2000000000000002,26,0
-0.70710678118654713,-0.70710678118654791,2,1,0,0,0,0,0,0,1,0,1,22.25,23,23,25,22,23.100000000000001,4.2000000000000002,24,0
-0.86602540378443849,-0.50000000000000044,2,1,0,0,0,0,0,0,1,0,1,22.25,23,22.25,23,22,23.300000000000001,4.4000000000000004,23,0
-0.96592582628906842,-0.25881904510252057,2,1,0,0,0,0,0,0,1,0,1,25,27,22.25,23,23,22.399999999999999,5.2000000000000002,26,0
-1,-1.8369701987210292e-16,2,1,0,0,0,0,0,0,1,0,1,22,22,25,27,22,20.899999999999999,5.7000000000000002,31,0
-0.96592582628906842,0.2588190451025203,2,1,0,0,0,0,0,0,1,0,1,22,22,22,22,22,19.5,4.9000000000000004,34,0
-0.8660254037844386,0.50000000000000011,2,1,0,0,0,0,0,0,1,0,1,23.75,26,22,22,24,18.5,4.9000000000000004,36,0
-0.70710678118654768,0.70710678118654735,2,1,0,0,0,0,0,0,1,0,1,22,22,23.75,26,22,17.800000000000001,6.2999999999999998,36,0
-0.50000000000000044,0.86602540378443837,2,1,0,0,0,0,0,0,1,0,1,22.5,23,22,22,22,17.399999999999999,4.5999999999999996,36,0
-0.25881904510252152,0.96592582628906798,2,1,0,0,0,0,0,0,1,0,1,22.75,25,22.5,23,25,17.100000000000001,4.4000000000000004,34,0
0,1,2,0,1,0,0,0,0,0,0,0,1,23.5,26,22.75,25,23,16.199999999999999,1.8,34,0
0.25881904510252068,0.96592582628906842,2,0,1,0,0,0,0,0,0,0,1,71.25,74,23.5,26,71,14.1,1,40,0
0.49999999999999989,0.86602540378443871,2,0,1,0,0,0,0,0,0,0,1,108,118,71.25,74,118,15,2.1000000000000001,41,0
0.70710678118654757,0.70710678118654757,2,0,1,0,0,0,0,0,0,0,1,112.75,120,108,118,120,15.4,2.8999999999999999,41,0
0.8660254037844386,0.50000000000000011,2,0,1,0,0,0,0,0,0,0,1,113,123,112.75,120,116,14.4,3,45,0
0.96592582628906842,0.25881904510252068,2,0,1,0,0,0,0,0,0,0,1,116.5,121,113,123,120,14.300000000000001,3.2000000000000002,50,0
1,6.123233995736766e-17,2,0,1,0,0,0,0,0,0,0,1,93.5,112,116.5,121,112,12.9,2.2999999999999998,58,0
0.96592582628906842,-0.25881904510252057,2,0,1,0,0,0,0,0,0,0,1,114,117,93.5,112,108,12.800000000000001,1.6000000000000001,63,0
0.86602540378443871,-0.49999999999999978,2,0,1,0,0,0,0,0,0,0,1,138.5,162,114,117,159,12.4,2.3999999999999999,70,0
0.70710678118654757,-0.70710678118654746,2,0,1,0,0,0,0,0,0,820,0,171,178,138.5,162,178,13.5,3.3999999999999999,74,0
0.49999999999999989,-0.86602540378443871,2,0,1,0,0,0,0,0,0,976,0,166.5,176,171,178,160,15.300000000000001,2.7999999999999998,71,0
0.25881904510252102,-0.9659258262890682,2,0,1,0,0,0,0,0,0,873,0,172.25,189,166.5,176,185,16.899999999999999,3.8999999999999999,58,0
1.2246467991473532e-16,-1,2,0,1,0,0,0,0,0,0,2168,0,172.25,180,172.25,189,168,19,3.5,45,0
-0.25881904510252079,-0.96592582628906842,2,0,1,0,0,0,0,0,0,84,0,110.75,122,172.25,180,122,20.600000000000001,4.4000000000000004,41,0
-0.49999999999999972,-0.86602540378443882,2,0,1,0,0,0,0,0,0,773,0,166.25,186,110.75,122,186,22.199999999999999,3.5,35,0
-0.70710678118654713,-0.70710678118654791,2,0,1,0,0,0,0,0,0,1146,0,156.5,172,166.25,186,163,23.600000000000001,2.5,31,0
-0.86602540378443849,-0.50000000000000044,2,0,1,0,0,0,0,0,0,1275,0,156.25,171,156.5,172,161,23.100000000000001,3.8999999999999999,31,0
-0.96592582628906842,-0.25881904510252057,2,0,1,0,0,0,0,0,0,5650,0,159.75,175,156.25,171,154,23,2.2000000000000002,32,0
-1,-1.8369701987210292e-16,2,0,1,0,0,0,0,0,0,354,0,119.75,159,159.75,175,159,21.699999999999999,3.3999999999999999,33,0
-0.96592582628906842,0.2588190451025203,2,0,1,0,0,0,0,0,0,1115,0,152.5,164,119.75,159,149,19.399999999999999,2.8999999999999999,30,0
-0.8660254037844386,0.50000000000000011,2,0,1,0,0,0,0,0,0,4364,0,155.75,174,152.5,164,154,18.399999999999999,2.7000000000000002,23,0
-0.70710678118654768,0.70710678118654735,2,0,1,0,0,0,0,0,0,1,0,132.5,134,155.75,174,134,17.600000000000001,3.7000000000000002,18,0
-0.50000000000000044,0.86602540378443837,2,0,1,0,0,0,0,0,0,256,0,125.5,128,132.5,134,123,15.5,4.2000000000000002,12,0
-0.25881904510252152,0.96592582628906798,2,0,1,0,0,0,0,0,0,214,0,113.5,122,125.5,128,116,13.4,3.2000000000000002,12,0
0,1,2,0,0,1,0,0,0,0,0,204,0,113.25,131,113.5,122,88,12.1,2.3999999999999999,11,0
0.25881904510252068,0.96592582628906842,2,0,0,1,0,0,0,0,0,148,0,69,70,113.25,131,68,10.5,1.3,15,0
0.49999999999999989,0.86602540378443871,2,0,0,1,0,0,0,0,0,66,0,102.5,106,69,70,106,9.1999999999999993,3.1000000000000001,15,0
0.70710678118654757,0.70710678118654757,2,0,0,1,0,0,0,0,0,222,0,119.5,123,102.5,106,113,7.2999999999999998,4.0999999999999996,20,0
0.8660254037844386,0.50000000000000011,2,0,0,1,0,0,0,0,0,140,0,103,113,119.5,123,113,5.9000000000000004,3.6000000000000001,20,0
0.96592582628906842,0.25881904510252068,2,0,0,1,0,0,0,0,0,68,0,111.75,116,103,113,111,4.7999999999999998,2.1000000000000001,23,0
1,6.123233995736766e-17,2,0,0,1,0,0,0,0,0,149,0,95.25,125,111.75,116,125,4.2999999999999998,3.3999999999999999,25,0
0.96592582628906842,-0.25881904510252057,2,0,0,1,0,0,0,0,0,342,0,116.75,125,95.25,125,119,3,2.2000000000000002,30,0
0.86602540378443871,-0.49999999999999978,2,0,0,1,0,0,0,0,0,693,0,140.25,158,116.75,125,149,2,3.1000000000000001,34,0
0.70710678118654757,-0.70710678118654746,2,0,0,1,0,0,0,0,0,1560,0,162.5,174,140.25,158,160,2.2999999999999998,2.7999999999999998,35,0
0.49999999999999989,-0.86602540378443871,2,0,0,1,0,0,0,0,0,727,0,159.75,162,162.5,174,156,3.7000000000000002,3,31,0
0.25881904510252102,-0.9659258262890682,2,0,0,1,0,0,0,0,0,1757,0,148,160,159.75,162,160,4.7999999999999998,3.6000000000000001,27,0
1.2246467991473532e-16,-1,2,0,0,1,0,0,0,0,0,806,0,155.75,166,148,160,153,7.5999999999999996,3,21,0
-0.25881904510252079,-0.96592582628906842,2,0,0,1,0,0,0,0,0,436,0,93,104,155.75,166,104,7.5999999999999996,2.7000000000000002,18,0
-0.49999999999999972,-0.86602540378443882,2,0,0,1,0,0,0,0,0,1468,0,153.25,161,93,104,161,9.1999999999999993,3.2999999999999998,14,0
-0.70710678118654713,-0.70710678118654791,2,0,0,1,0,0,0,0,0,2610,0,151,156,153.25,161,153,11.1,2.2000000000000002,12,0
-0.86602540378443849,-0.50000000000000044,2,0,0,1,0,0,0,0,0,458,0,150,165,151,156,142,12,2,11,0
-0.96592582628906842,-0.25881904510252057,2,0,0,1,0,0,0,0,0,3119,0,159.5,168,150,165,163,11.300000000000001,2.6000000000000001,31,0
-1,-1.8369701987210292e-16,2,0,0,1,0,0,0,0,0,747,0,128,170,159.5,168,170,8.9000000000000004,2.2999999999999998,41,0
-0.96592582628906842,0.2588190451025203,2,0,0,1,0,0,0,0,0,1410,0,161.5,166,128,170,158,7.7000000000000002,3,48,0
-0.8660254037844386,0.50000000000000011,2,0,0,1,0,0,0,0,0,2750,0,136.75,146,161.5,166,117,6.7999999999999998,1.3,54,0
-0.70710678118654768,0.70710678118654735,2,0,0,1,0,0,0,0,0,150,0,127.5,136,136.75,146,136,6.0999999999999996,1.6000000000000001,56,0
-0.50000000000000044,0.86602540378443837,2,0,0,1,0,0,0,0,0,108,0,125.75,127,127.5,136,126,5.2999999999999998,1.6000000000000001,57,0
-0.25881904510252152,0.96592582628906798,2,0,0,1,0,0,0,0,0,98,0,114,123,125.75,127,122,5.2000000000000002,2.3999999999999999,57,0
0,1,2,0,0,0,1,0,0,0,0,17,0,110,120,114,123,101,4.4000000000000004,3.1000000000000001,45,0
0.25881904510252068,0.96592582628906842,2,0,0,0,1,0,0,0,0,0,1,70.25,73,110,120,69,4.2000000000000002,3.1000000000000001,41,0
0.49999999999999989,0.86602540378443871,2,0,0,0,1,0,0,0,0,10,0,111,121,70.25,73,121,3.7000000000000002,2.6000000000000001,32,0
0.70710678118654757,0.70710678118654757,2,0,0,0,1,0,0,0,0,207,0,118,126,111,121,113,3.3999999999999999,3,27,0
0.8660254037844386,0.50000000000000011,2,0,0,0,1,0,0,0,0,30,0,116.75,123,118,126,123,3.3999999999999999,3.2000000000000002,24,0
0.96592582628906842,0.25881904510252068,2,0,0,0,1,0,0,0,0,506,0,116.25,121,116.75,123,112,3.1000000000000001,3.6000000000000001,24,0
1,6.123233995736766e-17,2,0,0,0,1,0,0,0,0,112,0,101,116,116.25,121,116,2.8999999999999999,2.7000000000000002,24,0
0.96592582628906842,-0.25881904510252057,2,0,0,0,1,0,0,0,0,336,0,117.75,124,101,116,113,2.7999999999999998,3.2999999999999998,24,0
0.86602540378443871,-0.49999999999999978,2,0,0,0,1,0,0,0,0,1196,0,149.25,172,117.75,124,172,2.7999999999999998,2.6000000000000001,25,0
0.70710678118654757,-0.70710678118654746,2,0,0,0,1,0,0,0,0,711,0,182,188,149.25,172,184,3.1000000000000001,1.7,26,0
0.49999999999999989,-0.86602540378443871,2,0,0,0,1,0,0,0,0,680,0,161.75,172,182,188,156,4.2999999999999998,2.2000000000000002,30,0
0.25881904510252102,-0.9659258262890682,2,0,0,0,1,0,0,0,0,1431,0,154,171,161.75,172,171,7.2000000000000002,1.6000000000000001,43,0
1.2246467991473532e-16,-1,2,0,0,0,1,0,0,0,0,755,0,163.5,170,154,171,156,8.8000000000000007,1.3,43,0
-0.25881904510252079,-0.96592582628906842,2,0,0,0,1,0,0,0,0,24,0,105.25,116,163.5,170,116,9.4000000000000004,2.6000000000000001,52,0
-0.49999999999999972,-0.86602540378443882,2,0,0,0,1,0,0,0,0,1761,0,170.5,190,105.25,116,190,9.3000000000000007,2.8999999999999999,63,0
-0.70710678118654713,-0.70710678118654791,2,0,0,0,1,0,0,0,0,814,0,163.25,175,170.5,190,158,8.6999999999999993,3.3999999999999999,66,0
-0.86602540378443849,-0.50000000000000044,2,0,0,0,1,0,0,0,0,678,0,150.25,180,163.25,175,180,8.5,4.0999999999999996,66,0
-0.96592582628906842,-0.25881904510252057,2,0,0,0,1,0,0,0,0,1841,0,162.25,165,150.25,180,164,8.0999999999999996,2.7999999999999998,64,0
-1,-1.8369701987210292e-16,2,0,0,0,1,0,0,0,0,585,0,134.75,164,162.25,165,164,7.5999999999999996,2.2999999999999998,65,0
-0.96592582628906842,0.2588190451025203,2,0,0,0,1,0,0,0,0,734,0,149.75,159,134.75,164,159,7.5,2.6000000000000001,67,0
-0.8660254037844386,0.50000000000000011,2,0,0,0,1,0,0,0,0,2359,0,159.25,168,149.75,159,155,7,1,69,0
-0.70710678118654768,0.70710678118654735,2,0,0,0,1,0,0,0,0,4,0,135.5,142,159.25,168,142,7,2,69,0
-0.50000000000000044,0.86602540378443837,2,0,0,0,1,0,0,0,0,1,0,131,142,135.5,142,120,6.9000000000000004,1.1000000000000001,69,0
-0.25881904510252152,0.96592582628906798,2,0,0,0,1,0,0,0,0,200,0,121.25,135,131,142,135,6.5999999999999996,0.59999999999999998,70,0
0,1,2,0,0,0,0,1,0,0,0,4,0,114.75,129,121.25,135,89,5.7999999999999998,1.3,73,0
0.25881904510252068,0.96592582628906842,2,0,0,0,0,1,0,0,0,0,1,71,74,114.75,129,70,4.7999999999999998,0.59999999999999998,78,0
0.49999999999999989,0.86602540378443871,2,0,0,0,0,1,0,0,0,21,0,119,128,71,74,121,5.0999999999999996,1.2,78,0
0.70710678118654757,0.70710678118654757,2,0,0,0,0,1,0,0,0,47,0,117,126,119,128,115,4.0999999999999996,1.3999999999999999,82,0
0.8660254037844386,0.50000000000000011,2,0,0,0,0,1,0,0,0,0,1,119.25,128,117,126,128,4,1.1000000000000001,83,0
0.96592582628906842,0.25881904510252068,2,0,0,0,0,1,0,0,0,122,0,118.25,122,119.25,128,119,3.5,1.3999999999999999,86,0
1,6.123233995736766e-17,2,0,0,0,0,1,0,0,0,840,0,106,114,118.25,122,114,3.3999999999999999,0.80000000000000004,87,0
0.96592582628906842,-0.25881904510252057,2,0,0,0,0,1,0,0,0,0,1,114.25,122,106,114,122,3.3999999999999999,1.2,88,0
0.86602540378443871,-0.49999999999999978,2,0,0,0,0,1,0,0,0,1838,0,135,152,114.25,122,142,2.3999999999999999,0.40000000000000002,90,0
0.70710678118654757,-0.70710678118654746,2,0,0,0,0,1,0,0,0,598,0,155.75,168,135,152,168,3.7999999999999998,0.40000000000000002,86,0
0.49999999999999989,-0.86602540378443871,2,0,0,0,0,1,0,0,0,1265,0,169.75,178,155.75,168,169,6.9000000000000004,0.29999999999999999,77,0
0.25881904510252102,-0.9659258262890682,2,0,0,0,0,1,0,0,0,1117,0,171.75,182,169.75,178,182,10.1,0.90000000000000002,64,0
1.2246467991473532e-16,-1,2,0,0,0,0,1,0,0,0,3784,0,180.25,184,171.75,182,183,10.1,0.90000000000000002,60,0
-0.25881904510252079,-0.96592582628906842,2,0,0,0,0,1,0,0,0,144,0,121.75,136,180.25,184,134,10.5,0.69999999999999996,57,0
-0.49999999999999972,-0.86602540378443882,2,0,0,0,0,1,0,0,0,1573,0,179.25,185,121.75,136,174,10.4,1.2,58,0
-0.70710678118654713,-0.70710678118654791,2,0,0,0,0,1,0,0,0,887,0,177,184,179.25,185,178,10.9,1.8999999999999999,57,0
-0.86602540378443849,-0.50000000000000044,2,0,0,0,0,1,0,0,0,599,0,174.5,186,177,184,178,11.4,1.6000000000000001,54,0
-0.96592582628906842,-0.25881904510252057,2,0,0,0,0,1,0,0,0,1763,0,166.25,176,174.5,186,176,10.699999999999999,2.1000000000000001,54,0
-1,-1.8369701987210292e-16,2,0,0,0,0,1,0,0,0,1389,0,141,180,166.25,176,180,9.4000000000000004,2.7000000000000002,65,0
-0.96592582628906842,0.2588190451025203,2,0,0,0,0,1,0,0,0,2192,0,141.5,164,141,180,124,7.4000000000000004,2.2999999999999998,85,0.20000000000000001
-0.8660254037844386,0.50000000000000011,2,0,0,0,0,1,0,0,0,967,0,110.25,127,141.5,164,96,6.5999999999999996,2.3999999999999999,98,1.6000000000000001
-0.70710678118654768,0.70710678118654735,2,0,0,0,0,1,0,0,0,124,0,108.75,115,110.25,127,115,6.4000000000000004,2.1000000000000001,98,2.8999999999999999
-0.50000000000000044,0.86602540378443837,2,0,0,0,0,1,0,0,0,156,0,116.25,121,108.75,115,108,6.4000000000000004,1,98,3.2999999999999998
-0.25881904510252152,0.96592582628906798,2,0,0,0,0,1,0,0,0,113,0,123,136,116.25,121,132,6.4000000000000004,1.3999999999999999,98,3.6000000000000001
0,1,2,0,0,0,0,0,1,0,0,32,0,101.75,122,123,136,84,6.5,2.2000000000000002,98,3.7999999999999998
0.25881904510252068,0.96592582628906842,2,0,0,0,0,0,1,0,0,128,0,71,71,101.75,122,71,6.5,2.1000000000000001,98,3.7999999999999998
0.49999999999999989,0.86602540378443871,2,0,0,0,0,0,1,0,0,97,0,115.75,124,71,71,112,6.5,2.7999999999999998,98,0.10000000000000001
0.70710678118654757,0.70710678118654757,2,0,0,0,0,0,1,0,0,292,0,111,125,115.75,124,125,6.5,2.1000000000000001,98,0.40000000000000002
0.8660254037844386,0.50000000000000011,2,0,0,0,0,0,1,0,0,18,0,109.25,113,111,125,107,7,1.3999999999999999,98,0.5
0.96592582628906842,0.25881904510252068,2,0,0,0,0,0,1,0,0,234,0,125.25,131,109.25,113,126,7.0999999999999996,1.3999999999999999,98,1.1000000000000001
1,6.123233995736766e-17,2,0,0,0,0,0,1,0,0,1,0,97.25,113,125.25,131,113,7.4000000000000004,1.6000000000000001,91,1.8
0.96592582628906842,-0.25881904510252057,2,0,0,0,0,0,1,0,0,461,0,118,127,97.25,113,107,7.4000000000000004,1.8,83,1.8999999999999999
0.86602540378443871,-0.49999999999999978,2,0,0,0,0,0,1,0,0,869,0,70.75,95,118,127,30,7.2000000000000002,1.6000000000000001,96,2.2999999999999998
0.70710678118654757,-0.70710678118654746,2,0,0,0,0,0,1,0,0,1037,0,23.25,24,70.75,95,23,7.4000000000000004,2,96,2.6000000000000001
0.49999999999999989,-0.86602540378443871,2,0,0,0,0,0,1,0,0,761,0,23,23,23.25,24,23,8.4000000000000004,3.7000000000000002,88,3
0.25881904510252102,-0.9659258262890682,2,0,0,0,0,0,1,0,0,474,0,25.75,28,23,23,27,9.5,4.2000000000000002,74,3.3999999999999999
1.2246467991473532e-16,-1,2,0,0,0,0,0,1,0,0,2107,0,23.75,24,25.75,28,24,9.9000000000000004,3.8999999999999999,62,3.3999999999999999
-0.25881904510252079,-0.96592582628906842,2,0,0,0,0,0,1,0,0,0,1,23.75,24,23.75,24,24,10.6,4.0999999999999996,57,3.3999999999999999
-0.49999999999999972,-0.86602540378443882,2,0,0,0,0,0,1,0,0,1298,0,25.25,28,23.75,24,28,10.1,3.6000000000000001,56,3.3999999999999999
-0.70710678118654713,-0.70710678118654791,2,0,0,0,0,0,1,0,0,626,0,23.75,25,25.25,28,24,10.6,3.1000000000000001,57,3.3999999999999999
-0.86602540378443849,-0.50000000000000044,2,0,0,0,0,0,1,0,0,307,0,23.25,24,23.75,25,24,10,4.0999999999999996,56,3.3999999999999999
-0.96592582628906842,-0.25881904510252057,2,0,0,0,0,0,1,0,0,2479,0,23.25,24,23.25,24,24,10.4,3.3999999999999999,54,3.3999999999999999
-1,-1.8369701987210292e-16,2,0,0,0,0,0,1,0,0,2440,0,25.75,28,23.25,24,24,10.1,3.7000000000000002,58,3.3999999999999999
-0.96592582628906842,0.2588190451025203,2,0,0,0,0,0,1,0,0,1889,0,23.75,24,25.75,28,24,9.5,3,58,3.3999999999999999
-0.8660254037844386,0.50000000000000011,2,0,0,0,0,0,1,0,0,883,0,23.75,24,23.75,24,24,9.3000000000000007,4.2000000000000002,58,3.3999999999999999
-0.70710678118654768,0.70710678118654735,2,0,0,0,0,0,1,0,0,58,0,25,28,23.75,24,23,9,3.5,60,3.3999999999999999
-0.50000000000000044,0.86602540378443837,2,0,0,0,0,0,1,0,0,132,0,23.5,24,25,28,24,8.6999999999999993,3,62,3.3999999999999999
-0.25881904510252152,0.96592582628906798,2,0,0,0,0,0,1,0,0,139,0,23.75,24,23.5,24,24,8.5999999999999996,3.1000000000000001,63,3.3999999999999999
0,1,2,1,0,0,0,0,0,1,0,206,0,25.5,28,23.75,24,27,8.4000000000000004,3.1000000000000001,63,3.3999999999999999
0.25881904510252068,0.96592582628906842,2,1,0,0,0,0,0,1,0,100,0,66.25,71,25.5,28,65,8.4000000000000004,3.7999999999999998,63,3.3999999999999999
0.49999999999999989,0.86602540378443871,2,1,0,0,0,0,0,1,0,28,0,106,111,66.25,71,110,8.0999999999999996,3.2000000000000002,64,0
0.70710678118654757,0.70710678118654757,2,1,0,0,0,0,0,1,0,2,0,104,111,106,111,111,7.7999999999999998,3.2999999999999998,62,0
0.8660254037844386,0.50000000000000011,2,1,0,0,0,0,0,1,0,98,0,106.5,112,104,111,107,7.7999999999999998,3.6000000000000001,59,0
0.96592582628906842,0.25881904510252068,2,1,0,0,0,0,0,1,0,114,0,108.75,113,106.5,112,109,7.5,2.8999999999999999,62,0
1,6.123233995736766e-17,2,1,0,0,0,0,0,1,0,48,0,90,110,108.75,113,110,7.2999999999999998,2.8999999999999999,62,0
0.96592582628906842,-0.25881904510252057,2,1,0,0,0,0,0,1,0,30,0,102.25,106,90,110,103,7.4000000000000004,3.3999999999999999,62,0
0.86602540378443871,-0.49999999999999978,2,1,0,0,0,0,0,1,0,1939,0,70.5,92,102.25,106,32,7.2999999999999998,3.2999999999999998,61,0
0.70710678118654757,-0.70710678118654746,2,1,0,0,0,0,0,1,0,6,0,22.75,24,70.5,92,23,7.0999999999999996,3.3999999999999999,62,0
0.49999999999999989,-0.86602540378443871,2,1,0,0,0,0,0,1,0,0,1,25,28,22.75,24,28,7.0999999999999996,3.7999999999999998,60,0
0.25881904510252102,-0.9659258262890682,2,1,0,0,0,0,0,1,0,0,1,26,29,25,28,25,7.0999999999999996,3.2000000000000002,61,0
1.2246467991473532e-16,-1,2,1,0,0,0,0,0,1,0,0,1,26.25,29,26,29,27,7.2000000000000002,3.6000000000000001,60,0
-0.25881904510252079,-0.96592582628906842,2,1,0,0,0,0,0,1,0,0,1,24.5,25,26.25,29,24,7.5999999999999996,3.2000000000000002,61,0
-0.49999999999999972,-0.86602540378443882,2,1,0,0,0,0,0,1,0,0,1,23,27,24.5,25,21,7.2000000000000002,4.0999999999999996,61,0
-0.70710678118654713,-0.70710678118654791,2,1,0,0,0,0,0,1,0,0,1,22.25,23,23,27,22,7.2999999999999998,4.5,57,0
-0.86602540378443849,-0.50000000000000044,2,1,0,0,0,0,0,1,0,0,1,22.5,23,22.25,23,22,8.0999999999999996,2.6000000000000001,55,0
-0.96592582628906842,-0.25881904510252057,2,1,0,0,0,0,0,1,0,0,1,24.75,27,22.5,23,23,7.2000000000000002,3,60,0
-1,-1.8369701987210292e-16,2,1,0,0,0,0,0,1,0,0,1,22.5,23,24.75,27,23,6.7999999999999998,3.2000000000000002,62,0
-0.96592582628906842,0.2588190451025203,2,1,0,0,0,0,0,1,0,0,1,22,22,22.5,23,22,6.4000000000000004,3.6000000000000001,63,0
-0.8660254037844386,0.50000000000000011,2,1,0,0,0,0,0,1,0,0,1,24.5,27,22,22,27,6.4000000000000004,2.8999999999999999,65,0
-0.70710678118654768,0.70710678118654735,2,1,0,0,0,0,0,1,0,0,1,22.5,23,24.5,27,23,6.0999999999999996,3.3999999999999999,67,0
-0.50000000000000044,0.86602540378443837,2,1,0,0,0,0,0,1,0,0,1,22.75,23,22.5,23,23,6,2.1000000000000001,69,0
-0.25881904510252152,0.96592582628906798,2,1,0,0,0,0,0,1,0,0,1,22.5,23,22.75,23,22,5.9000000000000004,2.2000000000000002,69,0
0,1,2,1,0,0,0,0,0,0,1,0,1,24.25,27,22.5,23,22,5.9000000000000004,2.5,71,0
0.25881904510252068,0.96592582628906842,2,1,0,0,0,0,0,0,1,0,1,22.5,23,24.25,27,22,5.7999999999999998,2.1000000000000001,71,0
0.49999999999999989,0.86602540378443871,2,1,0,0,0,0,0,0,1,0,1,21.75,22,22.5,23,21,5.5,2.7999999999999998,75,0
0.70710678118654757,0.70710678118654757,2,1,0,0,0,0,0,0,1,0,1,24.5,27,21.75,22,25,5.2999999999999998,1.8999999999999999,76,0
0.8660254037844386,0.50000000000000011,2,1,0,0,0,0,0,0,1,0,1,22,22,24.5,27,22,5,1.8999999999999999,77,0
0.96592582628906842,0.25881904510252068,2,1,0,0,0,0,0,0,1,0,1,22.5,23,22,22,23,5.4000000000000004,2.1000000000000001,78,0
1,6.123233995736766e-17,2,1,0,0,0,0,0,0,1,0,1,22.25,23,22.5,23,23,5.9000000000000004,2.1000000000000001,77,0
0.96592582628906842,-0.25881904510252057,2,1,0,0,0,0,0,0,1,0,1,23.75,26,22.25,23,22,5.5,1.6000000000000001,79,0
0.86602540378443871,-0.49999999999999978,2,1,0,0,0,0,0,0,1,0,1,21.75,22,23.75,26,21,4.5999999999999996,1.6000000000000001,84,0
0.70710678118654757,-0.70710678118654746,2,1,0,0,0,0,0,0,1,0,1,21.5,22,21.75,22,22,4.4000000000000004,1.3,90,0
0.49999999999999989,-0.86602540378443871,2,1,0,0,0,0,0,0,1,0,1,24,26,21.5,22,24,6.2999999999999998,1,84,0
0.25881904510252102,-0.9659258262890682,2,1,0,0,0,0,0,0,1,0,1,22.25,23,24,26,23,10,1.2,71,0
1.2246467991473532e-16,-1,2,1,0,0,0,0,0,0,1,0,1,22,22,22.25,23,22,10.6,1.1000000000000001,70,0
-0.25881904510252079,-0.96592582628906842,2,1,0,0,0,0,0,0,1,0,1,24,27,22,22,27,11.199999999999999,1.2,67,0
-0.49999999999999972,-0.86602540378443882,2,1,0,0,0,0,0,0,1,0,1,23,25,24,27,22,12.5,1.8999999999999999,63,0
-0.70710678118654713,-0.70710678118654791,2,1,0,0,0,0,0,0,1,0,1,22.25,23,23,25,22,14.1,2.3999999999999999,61,0
-0.86602540378443849,-0.50000000000000044,2,1,0,0,0,0,0,0,1,0,1,22.25,23,22.25,23,22,13.9,2.1000000000000001,63,0
-0.96592582628906842,-0.25881904510252057,2,1,0,0,0,0,0,0,1,0,1,25,27,22.25,23,23,13.4,2.8999999999999999,65,0
-1,-1.8369701987210292e-16,2,1,0,0,0,0,0,0,1,0,1,22,22,25,27,22,12.9,1.6000000000000001,71,0
-0.96592582628906842,0.2588190451025203,2,1,0,0,0,0,0,0,1,0,1,22,22,22,22,22,12.9,0.90000000000000002,76,0
-0.8660254037844386,0.50000000000000011,2,1,0,0,0,0,0,0,1,0,1,23.75,26,22,22,24,12.300000000000001,1,80,0
-0.70710678118654768,0.70710678118654735,2,1,0,0,0,0,0,0,1,0,1,22,22,23.75,26,22,11.9,0.20000000000000001,84,0
-0.50000000000000044,0.86602540378443837,2,1,0,0,0,0,0,0,1,0,1,22.5,23,22,22,22,11.5,0.59999999999999998,84,0
-0.25881904510252152,0.96592582628906798,2,1,0,0,0,0,0,0,1,0,1,22.75,25,22.5,23,25,11.800000000000001,1.7,84,0
0,1,3,0,1,0,0,0,0,0,0,0,1,23.5,26,22.75,25,23,11.1,2,87,0
0.25881904510252068,0.96592582628906842,3,0,1,0,0,0,0,0,0,0,1,61.25,62,23.5,26,61,11.1,0.69999999999999996,88,0
0.49999999999999989,0.86602540378443871,3,0,1,0,0,0,0,0,0,0,1,98.5,106,61.25,62,105,11.199999999999999,2.1000000000000001,88,0
0.70710678118654757,0.70710678118654757,3,0,1,0,0,0,0,0,0,0,1,103.5,107,98.5,106,106,10.4,0,90,0
0.8660254037844386,0.50000000000000011,3,0,1,0,0,0,0,0,0,0,1,102.5,107,103.5,107,107,10.699999999999999,0.40000000000000002,91,0
0.96592582628906842,0.25881904510252068,3,0,1,0,0,0,0,0,0,0,1,104.75,107,102.5,107,100,10.6,0.5,94,0
1,6.123233995736766e-17,3,0,1,0,0,0,0,0,0,0,1,89.5,103,104.75,107,103,11.800000000000001,1.3999999999999999,95,0
0.96592582628906842,-0.25881904510252057,3,0,1,0,0,0,0,0,0,0,1,108.5,116,89.5,103,106,11.4,0.69999999999999996,97,0
0.86602540378443871,-0.49999999999999978,3,0,1,0,0,0,0,0,0,0,1,122,139,108.5,116,139,11.5,0.80000000000000004,98,0
0.70710678118654757,-0.70710678118654746,3,0,1,0,0,0,0,0,0,0,1,179.25,195,122,139,195,13.1,2.3999999999999999,96,0
0.49999999999999989,-0.86602540378443871,3,0,1,0,0,0,0,0,0,0,1,173,182,179.25,195,182,14.199999999999999,2.7000000000000002,91,0
0.25881904510252102,-0.9659258262890682,3,0,1,0,0,0,0,0,0,0,1,170.5,187,173,182,187,14.4,1.3,88,0
1.2246467991473532e-16,-1,3,0,1,0,0,0,0,0,0,0,1,174.25,184,170.5,187,156,14.800000000000001,3.1000000000000001,88,0
-0.25881904510252079,-0.96592582628906842,3,0,1,0,0,0,0,0,0,0,1,93.5,121,174.25,184,121,14.9,3.5,86,0.10000000000000001
-0.49999999999999972,-0.86602540378443882,3,0,1,0,0,0,0,0,0,0,1,169.5,177,93.5,121,163,15.800000000000001,3.7000000000000002,83,0.10000000000000001
-0.70710678118654713,-0.70710678118654791,3,0,1,0,0,0,0,0,0,0,1,164.5,167,169.5,177,161,15.4,4.7999999999999998,88,0.20000000000000001
-0.86602540378443849,-0.50000000000000044,3,0,1,0,0,0,0,0,0,0,1,151.75,162,164.5,167,162,14.4,4.5,98,1.5
-0.96592582628906842,-0.25881904510252057,3,0,1,0,0,0,0,0,0,0,1,162,169,151.75,162,169,14.699999999999999,4.2999999999999998,98,3.5
-1,-1.8369701987210292e-16,3,0,1,0,0,0,0,0,0,0,1,123.5,155,162,169,155,15.300000000000001,4.5,98,4.7999999999999998
-0.96592582628906842,0.2588190451025203,3,0,1,0,0,0,0,0,0,0,1,146.5,161,123.5,155,143,15.5,4.5999999999999996,98,7.0999999999999996
-0.8660254037844386,0.50000000000000011,3,0,1,0,0,0,0,0,0,0,1,143.5,158,146.5,161,135,10,3.1000000000000001,98,14.9
-0.70710678118654768,0.70710678118654735,3,0,1,0,0,0,0,0,0,0,1,120.75,124,143.5,158,120,5.7999999999999998,4.0999999999999996,98,35.100000000000001
-0.50000000000000044,0.86602540378443837,3,0,1,0,0,0,0,0,0,0,1,121,128,120.75,124,115,5.0999999999999996,3.2999999999999998,98,44.600000000000001
-0.25881904510252152,0.96592582628906798,3,0,1,0,0,0,0,0,0,0,1,105.75,113,121,128,112,4.7000000000000002,2.7000000000000002,98,50.799999999999997
0,1,3,0,0,1,0,0,0,0,0,0,1,98.5,110,105.75,113,71,4.2999999999999998,3.6000000000000001,98,56.299999999999997
0.25881904510252068,0.96592582628906842,3,0,0,1,0,0,0,0,0,0,1,62.25,63,98.5,110,62,4.2000000000000002,2.8999999999999999,98,60.299999999999997
0.49999999999999989,0.86602540378443871,3,0,0,1,0,0,0,0,0,0,1,102,111,62.25,63,111,3.5,3.8999999999999999,97,2.5
0.70710678118654757,0.70710678118654757,3,0,0,1,0,0,0,0,0,0,1,108.75,113,102,111,110,1.8,3.7000000000000002,98,4.7000000000000002
0.8660254037844386,0.50000000000000011,3,0,0,1,0,0,0,0,0,0,1,103.5,110,108.75,113,107,1.3999999999999999,3.1000000000000001,98,5.5
0.96592582628906842,0.25881904510252068,3,0,0,1,0,0,0,0,0,0,1,99.75,107,103.5,110,93,1.7,4.0999999999999996,98,6.2999999999999998
1,6.123233995736766e-17,3,0,0,1,0,0,0,0,0,0,1,84.5,106,99.75,107,106,2.1000000000000001,4.5,97,6.4000000000000004
0.96592582628906842,-0.25881904510252057,3,0,0,1,0,0,0,0,0,0,1,102.5,116,84.5,106,99,2,3.7999999999999998,94,6.4000000000000004
0.86602540378443871,-0.49999999999999978,3,0,0,1,0,0,0,0,0,25,0,132,151,102.5,116,151,2.3999999999999999,3.7000000000000002,85,6.4000000000000004
0.70710678118654757,-0.70710678118654746,3,0,0,1,0,0,0,0,0,375,0,172.25,177,132,151,177,2.5,3.2999999999999998,84,6.4000000000000004
0.49999999999999989,-0.86602540378443871,3,0,0,1,0,0,0,0,0,660,0,176.5,180,172.25,177,178,2.7999999999999998,3.3999999999999999,83,6.4000000000000004
0.25881904510252102,-0.9659258262890682,3,0,0,1,0,0,0,0,0,527,0,172.75,191,176.5,180,190,3.1000000000000001,3.7000000000000002,78,6.4000000000000004
1.2246467991473532e-16,-1,3,0,0,1,0,0,0,0,0,703,0,167.5,185,172.75,191,160,3.3999999999999999,3.7000000000000002,80,6.4000000000000004
-0.25881904510252079,-0.96592582628906842,3,0,0,1,0,0,0,0,0,305,0,102.75,131,167.5,185,131,4.2000000000000002,4.0999999999999996,76,6.4000000000000004
-0.49999999999999972,-0.86602540378443882,3,0,0,1,0,0,0,0,0,869,0,181.75,189,102.75,131,182,4.2999999999999998,4,73,6.4000000000000004
-0.70710678118654713,-0.70710678118654791,3,0,0,1,0,0,0,0,0,884,0,177,180,181.75,189,179,4.5,4.2999999999999998,64,6.4000000000000004
-0.86602540378443849,-0.50000000000000044,3,0,0,1,0,0,0,0,0,1629,0,155.5,166,177,180,147,3.7999999999999998,2.7999999999999998,71,6.4000000000000004
-0.96592582628906842,-0.25881904510252057,3,0,0,1,0,0,0,0,0,8835,0,167,172,155.5,166,166,3.7000000000000002,2.8999999999999999,76,6.4000000000000004
-1,-1.8369701987210292e-16,3,0,0,1,0,0,0,0,0,795,0,136.25,158,167,172,158,3.6000000000000001,2.7999999999999998,75,6.4000000000000004
-0.96592582628906842,0.2588190451025203,3,0,0,1,0,0,0,0,0,338,0,151.5,154,136.25,158,145,3.2000000000000002,2.7999999999999998,79,6.4000000000000004
-0.8660254037844386,0.50000000000000011,3,0,0,1,0,0,0,0,0,1898,0,127.5,142,151.5,154,111,3.1000000000000001,2.7000000000000002,79,6.4000000000000004
-0.70710678118654768,0.70710678118654735,3,0,0,1,0,0,0,0,0,64,0,112.5,118,127.5,142,114,2.8999999999999999,1.7,79,6.4000000000000004
-0.50000000000000044,0.86602540378443837,3,0,0,1,0,0,0,0,0,67,0,111.25,114,112.5,118,113,2.1000000000000001,2.3999999999999999,82,6.4000000000000004
-0.25881904510252152,0.96592582628906798,3,0,0,1,0,0,0,0,0,98,0,100.5,106,111.25,114,104,1.8999999999999999,1.8,84,6.4000000000000004
0,1,3,0,0,0,1,0,0,0,0,195,0,96,109,100.5,106,72,1,1.2,88,6.4000000000000004
0.25881904510252068,0.96592582628906842,3,0,0,0,1,0,0,0,0,56,0,66,69,96,109,66,0.80000000000000004,2.2000000000000002,89,6.4000000000000004
0.49999999999999989,0.86602540378443871,3,0,0,0,1,0,0,0,0,436,0,105,115,66,69,111,0.69999999999999996,1.3999999999999999,89,0
0.70710678118654757,0.70710678118654757,3,0,0,0,1,0,0,0,0,56,0,112.5,115,105,115,109,0.69999999999999996,2,88,0
0.8660254037844386,0.50000000000000011,3,0,0,0,1,0,0,0,0,30,0,105.25,110,112.5,115,110,0.90000000000000002,2.2999999999999998,86,0
0.96592582628906842,0.25881904510252068,3,0,0,0,1,0,0,0,0,26,0,105.75,109,105.25,110,104,0.59999999999999998,2.2000000000000002,86,0
1,6.123233995736766e-17,3,0,0,0,1,0,0,0,0,430,0,91.25,107,105.75,109,107,0.29999999999999999,1.7,86,0
0.96592582628906842,-0.25881904510252057,3,0,0,0,1,0,0,0,0,98,0,112,118,91.25,107,108,-0.40000000000000002,0.80000000000000004,92,0
0.86602540378443871,-0.49999999999999978,3,0,0,0,1,0,0,0,0,1251,0,128.5,149,112,118,149,-0.5,2.3999999999999999,92,0
0.70710678118654757,-0.70710678118654746,3,0,0,0,1,0,0,0,0,321,0,170.25,181,128.5,149,167,0.90000000000000002,1.5,90,0
0.49999999999999989,-0.86602540378443871,3,0,0,0,1,0,0,0,0,1038,0,169.75,171,170.25,181,169,3.6000000000000001,1.2,79,0
0.25881904510252102,-0.9659258262890682,3,0,0,0,1,0,0,0,0,697,0,155.5,170,169.75,171,170,6,1,65,0
1.2246467991473532e-16,-1,3,0,0,0,1,0,0,0,0,1264,0,162,172,155.5,170,160,7.2999999999999998,1.2,56,0
-0.25881904510252079,-0.96592582628906842,3,0,0,0,1,0,0,0,0,333,0,101.5,121,162,172,121,7.9000000000000004,1.8,48,0
-0.49999999999999972,-0.86602540378443882,3,0,0,0,1,0,0,0,0,654,0,158,165,101.5,121,159,8.0999999999999996,2.2999999999999998,51,0
-0.70710678118654713,-0.70710678118654791,3,0,0,0,1,0,0,0,0,2720,0,158.75,163,158,165,163,8.1999999999999993,2.6000000000000001,51,0
-0.86602540378443849,-0.50000000000000044,3,0,0,0,1,0,0,0,0,365,0,151.25,161,158.75,163,161,9,2.7999999999999998,52,0
-0.96592582628906842,-0.25881904510252057,3,0,0,0,1,0,0,0,0,2492,0,160,163,151.25,161,159,8.6999999999999993,2.7000000000000002,52,0
-1,-1.8369701987210292e-16,3,0,0,0,1,0,0,0,0,1141,0,132.25,151,160,163,151,7.5999999999999996,2.5,55,0
-0.96592582628906842,0.2588190451025203,3,0,0,0,1,0,0,0,0,184,0,132,150,132.25,151,110,7,2.5,58,0
-0.8660254037844386,0.50000000000000011,3,0,0,0,1,0,0,0,0,3330,0,114.75,119,132,150,111,6.7000000000000002,1.1000000000000001,62,0
-0.70710678118654768,0.70710678118654735,3,0,0,0,1,0,0,0,0,190,0,122.25,130,114.75,119,126,6.0999999999999996,0.59999999999999998,65,0
-0.50000000000000044,0.86602540378443837,3,0,0,0,1,0,0,0,0,72,0,122.75,132,122.25,130,116,5.5,0.90000000000000002,69,0
-0.25881904510252152,0.96592582628906798,3,0,0,0,1,0,0,0,0,36,0,112.75,118,122.75,132,118,5,0.10000000000000001,73,0
0,1,3,0,0,0,0,1,0,0,0,0,1,104.5,114,112.75,118,81,5.2000000000000002,1.3999999999999999,70,0
0.25881904510252068,0.96592582628906842,3,0,0,0,0,1,0,0,0,508,0,67.75,72,104.5,114,66,4.4000000000000004,0.80000000000000004,75,0
0.49999999999999989,0.86602540378443871,3,0,0,0,0,1,0,0,0,15,0,108,119,67.75,72,109,4.2000000000000002,1,74,0
0.70710678118654757,0.70710678118654757,3,0,0,0,0,1,0,0,0,10,0,109.75,116,108,119,116,3.5,1,78,0
0.8660254037844386,0.50000000000000011,3,0,0,0,0,1,0,0,0,450,0,106.5,113,109.75,116,113,3.7999999999999998,1.5,78,0
0.96592582628906842,0.25881904510252068,3,0,0,0,0,1,0,0,0,148,0,108.75,115,106.5,113,103,3.3999999999999999,0.59999999999999998,80,0
1,6.123233995736766e-17,3,0,0,0,0,1,0,0,0,26,0,90.25,107,108.75,115,107,3.5,2.1000000000000001,82,0
0.96592582628906842,-0.25881904510252057,3,0,0,0,0,1,0,0,0,16,0,108.75,118,90.25,107,100,3.2999999999999998,1.1000000000000001,83,0
0.86602540378443871,-0.49999999999999978,3,0,0,0,0,1,0,0,0,1771,0,128.25,142,108.75,118,136,3.7000000000000002,1.6000000000000001,83,0
0.70710678118654757,-0.70710678118654746,3,0,0,0,0,1,0,0,0,469,0,156.25,159,128.25,142,159,4.7000000000000002,1.3,80,0
0.49999999999999989,-0.86602540378443871,3,0,0,0,0,1,0,0,0,1343,0,160.25,166,156.25,159,166,5.7999999999999998,0.59999999999999998,79,0
0.25881904510252102,-0.9659258262890682,3,0,0,0,0,1,0,0,0,790,0,156.5,173,160.25,166,168,7.5,1.5,75,0
1.2246467991473532e-16,-1,3,0,0,0,0,1,0,0,0,1291,0,148.75,155,156.5,173,149,8.6999999999999993,2.2000000000000002,66,0
-0.25881904510252079,-0.96592582628906842,3,0,0,0,0,1,0,0,0,0,1,89.25,118,148.75,155,118,11.1,1,63,0
-0.49999999999999972,-0.86602540378443882,3,0,0,0,0,1,0,0,0,903,0,155.25,158,89.25,118,151,11.699999999999999,1.1000000000000001,65,0
-0.70710678118654713,-0.70710678118654791,3,0,0,0,0,1,0,0,0,757,0,152,160,155.25,158,160,12.800000000000001,0.80000000000000004,62,0
-0.86602540378443849,-0.50000000000000044,3,0,0,0,0,1,0,0,0,976,0,140,149,152,160,149,13,2,66,0
-0.96592582628906842,-0.25881904510252057,3,0,0,0,0,1,0,0,0,1605,0,141.5,145,140,149,140,12.800000000000001,2.6000000000000001,71,0
-1,-1.8369701987210292e-16,3,0,0,0,0,1,0,0,0,251,0,122.25,143,141.5,145,143,12.6,1.8,72,0
-0.96592582628906842,0.2588190451025203,3,0,0,0,0,1,0,0,0,615,0,139.25,145,122.25,143,145,12,1.5,76,0
-0.8660254037844386,0.50000000000000011,3,0,0,0,0,1,0,0,0,2126,0,112.75,135,139.25,145,94,11.199999999999999,1,85,0
-0.70710678118654768,0.70710678118654735,3,0,0,0,0,1,0,0,0,1,0,100.75,111,112.75,135,111,10.199999999999999,1.7,97,1.3
-0.50000000000000044,0.86602540378443837,3,0,0,0,0,1,0,0,0,171,0,108.25,110,100.75,111,109,9.0999999999999996,2.5,96,1.3
-0.25881904510252152,0.96592582628906798,3,0,0,0,0,1,0,0,0,16,0,106.75,111,108.25,110,109,8.6999999999999993,1.3,97,1.3
0,1,3,0,0,0,0,0,1,0,0,242,0,97,112,106.75,111,65,8.4000000000000004,1.2,98,1.3
0.25881904510252068,0.96592582628906842,3,0,0,0,0,0,1,0,0,0,1,24,26,97,112,26,8.3000000000000007,1.8,97,1.3999999999999999
0.49999999999999989,0.86602540378443871,3,0,0,0,0,0,1,0,0,0,1,21.25,22,24,26,22,8.0999999999999996,1.6000000000000001,97,0.10000000000000001
0.70710678118654757,0.70710678118654757,3,0,0,0,0,0,1,0,0,0,1,21.25,22,21.25,22,22,8.3000000000000007,1.8,95,0.10000000000000001
0.8660254037844386,0.50000000000000011,3,0,0,0,0,0,1,0,0,0,1,22.5,24,21.25,22,24,8.3000000000000007,2.1000000000000001,93,0.10000000000000001
0.96592582628906842,0.25881904510252068,3,0,0,0,0,0,1,0,0,0,1,23.25,26,22.5,24,21,8.3000000000000007,1.6000000000000001,94,0.10000000000000001
1,6.123233995736766e-17,3,0,0,0,0,0,1,0,0,0,1,21.25,22,23.25,26,22,8.5,3.1000000000000001,93,0.10000000000000001
0.96592582628906842,-0.25881904510252057,3,0,0,0,0,0,1,0,0,0,1,21.25,22,21.25,22,21,8.9000000000000004,2.2999999999999998,91,0.10000000000000001
0.86602540378443871,-0.49999999999999978,3,0,0,0,0,0,1,0,0,0,1,23.75,26,21.25,22,22,8.5999999999999996,2.2999999999999998,88,0.10000000000000001
0.70710678118654757,-0.70710678118654746,3,0,0,0,0,0,1,0,0,0,1,21,21,23.75,26,21,8.8000000000000007,2.7999999999999998,89,0.10000000000000001
0.49999999999999989,-0.86602540378443871,3,0,0,0,0,0,1,0,0,0,1,21,21,21,21,21,8.9000000000000004,1.8,92,0.10000000000000001
0.25881904510252102,-0.9659258262890682,3,0,0,0,0,0,1,0,0,0,1,22.5,26,21,21,26,9.5,1.7,96,0.20000000000000001
1.2246467991473532e-16,-1,3,0,0,0,0,0,1,0,0,0,1,22,25,22.5,26,21,11.300000000000001,2.3999999999999999,90,0.20000000000000001
-0.25881904510252079,-0.96592582628906842,3,0,0,0,0,0,1,0,0,0,1,21,21,22,25,21,13,2.1000000000000001,82,0.20000000000000001
-0.49999999999999972,-0.86602540378443882,3,0,0,0,0,0,1,0,0,0,1,21,21,21,21,21,15.300000000000001,2.3999999999999999,72,0.20000000000000001
-0.70710678118654713,-0.70710678118654791,3,0,0,0,0,0,1,0,0,0,1,22.75,25,21,21,21,15.4,2.7000000000000002,71,0.20000000000000001
-0.86602540378443849,-0.50000000000000044,3,0,0,0,0,0,1,0,0,0,1,21,21,22.75,25,21,16.800000000000001,2.5,67,0.20000000000000001
-0.96592582628906842,-0.25881904510252057,3,0,0,0,0,0,1,0,0,0,1,21,21,21,21,21,15.9,3.2000000000000002,67,0.20000000000000001
-1,-1.8369701987210292e-16,3,0,0,0,0,0,1,0,0,0,1,23.25,26,21,21,21,14.9,2.7000000000000002,70,0.20000000000000001
-0.96592582628906842,0.2588190451025203,3,0,0,0,0,0,1,0,0,0,1,21,21,23.25,26,21,14.1,0.80000000000000004,74,0.20000000000000001
-0.8660254037844386,0.50000000000000011,3,0,0,0,0,0,1,0,0,0,1,21,21,21,21,21,12.800000000000001,0.40000000000000002,82,0.20000000000000001
-0.70710678118654768,0.70710678118654735,3,0,0,0,0,0,1,0,0,0,1,23.25,26,21,21,21,12.5,1.5,90,0.20000000000000001
-0.50000000000000044,0.86602540378443837,3,0,0,0,0,0,1,0,0,0,1,21.25,22,23.25,26,22,11.199999999999999,1.6000000000000001,97,0.20000000000000001
-0.25881904510252152,0.96592582628906798,3,0,0,0,0,0,1,0,0,0,1,21,21,21.25,22,21,10.4,0.29999999999999999,98,0.20000000000000001
0,1,3,1,0,0,0,0,0,1,0,0,1,24,26,21,21,25,10.5,0.80000000000000004,98,0.20000000000000001
0.25881904510252068,0.96592582628906842,3,1,0,0,0,0,0,1,0,36,0,63.25,64,24,26,63,11.1,1.8999999999999999,92,0.20000000000000001
0.49999999999999989,0.86602540378443871,3,1,0,0,0,0,0,1,0,71,0,104.5,116,63.25,64,113,10.5,0.20000000000000001,77,0
0.70710678118654757,0.70710678118654757,3,1,0,0,0,0,0,1,0,290,0,103.75,107,104.5,116,107,11.6,2.2999999999999998,57,0
0.8660254037844386,0.50000000000000011,3,1,0,0,0,0,0,1,0,120,0,105.25,110,103.75,107,109,11.5,2.7999999999999998,56,0
0.96592582628906842,0.25881904510252068,3,1,0,0,0,0,0,1,0,4,0,106.75,108,105.25,110,108,11.300000000000001,3.3999999999999999,57,0
1,6.123233995736766e-17,3,1,0,0,0,0,0,1,0,160,0,92.25,99,106.75,108,98,11,3.2000000000000002,60,0
0.96592582628906842,-0.25881904510252057,3,1,0,0,0,0,0,1,0,213,0,106.5,111,92.25,99,103,10.699999999999999,3.5,74,0
0.86602540378443871,-0.49999999999999978,3,1,0,0,0,0,0,1,0,1468,0,61,92,106.5,111,29,10.4,3.6000000000000001,77,0
0.70710678118654757,-0.70710678118654746,3,1,0,0,0,0,0,1,0,0,1,24,27,61,92,22,10,4.2999999999999998,77,0
0.49999999999999989,-0.86602540378443871,3,1,0,0,0,0,0,1,0,0,1,22,22,24,27,22,9,4.4000000000000004,79,0
0.25881904510252102,-0.9659258262890682,3,1,0,0,0,0,0,1,0,0,1,22,22,22,22,22,7.7999999999999998,3.3999999999999999,85,0
1.2246467991473532e-16,-1,3,1,0,0,0,0,0,1,0,0,1,25,28,22,22,27,7,3.7000000000000002,84,0
-0.25881904510252079,-0.96592582628906842,3,1,0,0,0,0,0,1,0,0,1,22.25,23,25,28,22,6.7000000000000002,4.2999999999999998,78,0
-0.49999999999999972,-0.86602540378443882,3,1,0,0,0,0,0,1,0,0,1,22.25,23,22.25,23,22,6.4000000000000004,3.6000000000000001,78,0
-0.70710678118654713,-0.70710678118654791,3,1,0,0,0,0,0,1,0,0,1,22.5,23,22.25,23,23,5.2000000000000002,4.0999999999999996,91,0
-0.86602540378443849,-0.50000000000000044,3,1,0,0,0,0,0,1,0,0,1,24.75,28,22.5,23,22,4.7000000000000002,3.5,93,0
-0.96592582628906842,-0.25881904510252057,3,1,0,0,0,0,0,1,0,0,1,22.75,23,24.75,28,23,4.2000000000000002,3.7999999999999998,96,0.90000000000000002
-1,-1.8369701987210292e-16,3,1,0,0,0,0,0,1,0,0,1,22.25,23,22.75,23,23,4,3.2000000000000002,96,1.2
-0.96592582628906842,0.2588190451025203,3,1,0,0,0,0,0,1,0,0,1,24.75,27,22.25,23,27,3.6000000000000001,3.1000000000000001,97,1.5
-0.8660254037844386,0.50000000000000011,3,1,0,0,0,0,0,1,0,0,1,22,22,24.75,27,22,4.2000000000000002,3.1000000000000001,87,1.5
-0.70710678118654768,0.70710678118654735,3,1,0,0,0,0,0,1,0,0,1,22,22,22,22,22,4.2000000000000002,2.8999999999999999,85,1.5
-0.50000000000000044,0.86602540378443837,3,1,0,0,0,0,0,1,0,0,1,23.5,27,22,22,27,4.2999999999999998,2.2999999999999998,84,1.5
-0.25881904510252152,0.96592582628906798,3,1,0,0,0,0,0,1,0,0,1,23,26,23.5,27,22,4.5,1.8999999999999999,82,1.5
0,1,3,1,0,0,0,0,0,0,1,0,1,22,22,23,26,22,4.4000000000000004,2.2999999999999998,82,1.5
0.25881904510252068,0.96592582628906842,3,1,0,0,0,0,0,0,1,0,1,22.75,25,22,22,25,4.2999999999999998,2.7000000000000002,82,1.5
0.49999999999999989,0.86602540378443871,3,1,0,0,0,0,0,0,1,0,1,23,26,22.75,25,22,4.0999999999999996,2.7999999999999998,84,0
0.70710678118654757,0.70710678118654757,3,1,0,0,0,0,0,0,1,0,1,22,22,23,26,22,4.0999999999999996,2.7999999999999998,82,0
0.8660254037844386,0.50000000000000011,3,1,0,0,0,0,0,0,1,0,1,22.25,23,22,22,23,4.2000000000000002,2.1000000000000001,80,0
0.96592582628906842,0.25881904510252068,3,1,0,0,0,0,0,0,1,0,1,23.75,27,22.25,23,22,4.2000000000000002,3,79,0
1,6.123233995736766e-17,3,1,0,0,0,0,0,0,1,0,1,22,22,23.75,27,22,4.2999999999999998,2.1000000000000001,76,0
0.96592582628906842,-0.25881904510252057,3,1,0,0,0,0,0,0,1,0,1,22,22,22,22,22,4.4000000000000004,2.2999999999999998,74,0
0.86602540378443871,-0.49999999999999978,3,1,0,0,0,0,0,0,1,0,1,56.25,90,22,22,90,4.2999999999999998,2.2000000000000002,74,0
0.70710678118654757,-0.70710678118654746,3,1,0,0,0,0,0,0,1,0,1,171,182,56.25,90,182,4.5,2.7000000000000002,73,0
0.49999999999999989,-0.86602540378443871,3,1,0,0,0,0,0,0,1,0,1,166,179,171,182,162,4.7999999999999998,2.1000000000000001,72,0
0.25881904510252102,-0.9659258262890682,3,1,0,0,0,0,0,0,1,0,1,160.75,176,166,179,171,5,2.7000000000000002,69,0
1.2246467991473532e-16,-1,3,1,0,0,0,0,0,0,1,0,1,168.25,170,160.75,176,168,5.2999999999999998,3.2999999999999998,65,0
-0.25881904510252079,-0.96592582628906842,3,1,0,0,0,0,0,0,1,0,1,115,129,168.25,170,129,6,2.5,63,0
-0.49999999999999972,-0.86602540378443882,3,1,0,0,0,0,0,0,1,0,1,174.75,182,115,129,175,6.7000000000000002,3.1000000000000001,59,0
-0.70710678118654713,-0.70710678118654791,3,1,0,0,0,0,0,0,1,0,1,174.5,180,174.75,182,177,8.0999999999999996,2.8999999999999999,57,0
-0.86602540378443849,-0.50000000000000044,3,1,0,0,0,0,0,0,1,0,1,162.5,175,174.5,180,174,7.4000000000000004,3.7000000000000002,60,0
-0.96592582628906842,-0.25881904510252057,3,1,0,0,0,0,0,0,1,0,1,165.25,173,162.5,175,173,7.0999999999999996,3.1000000000000001,63,0
-1,-1.8369701987210292e-16,3,1,0,0,0,0,0,0,1,0,1,135.75,151,165.25,173,151,6.7999999999999998,2.2999999999999998,66,0
-0.96592582628906842,0.2588190451025203,3,1,0,0,0,0,0,0,1,0,1,152.25,158,135.75,151,143,6.0999999999999996,2,69,0
-0.8660254037844386,0.50000000000000011,3,1,0,0,0,0,0,0,1,0,1,129.5,147,152.25,158,99,5.7999999999999998,1.2,71,0
-0.70710678118654768,0.70710678118654735,3,1,0,0,0,0,0,0,1,0,1,108.25,114,129.5,147,110,5.4000000000000004,0.69999999999999996,74,0
-0.50000000000000044,0.86602540378443837,3,1,0,0,0,0,0,0,1,0,1,111,113,108.25,114,111,5.0999999999999996,0.90000000000000002,75,0
-0.25881904510252152,0.96592582628906798,3,1,0,0,0,0,0,0,1,0,1,94.75,100,111,113,97,4.2000000000000002,1.3,79,0
0,1,3,0,1,0,0,0,0,0,0,0,1,98.25,110,94.75,100,77,4,1.3999999999999999,81,0
0.25881904510252068,0.96592582628906842,3,0,1,0,0,0,0,0,0,0,1,63,64,98.25,110,62,3.5,0.80000000000000004,83,0
0.49999999999999989,0.86602540378443871,3,0,1,0,0,0,0,0,0,0,1,99,110,63,64,110,3.7999999999999998,0.59999999999999998,82,0
0.70710678118654757,0.70710678118654757,3,0,1,0,0,0,0,0,0,0,1,102.75,111,99,110,111,3.2999999999999998,1.5,85,0
0.8660254037844386,0.50000000000000011,3,0,1,0,0,0,0,0,0,0,1,99.5,105,102.75,111,104,2,0.40000000000000002,88,0
0.96592582628906842,0.25881904510252068,3,0,1,0,0,0,0,0,0,0,1,105,110,99.5,105,110,2.5,0.69999999999999996,89,0
1,6.123233995736766e-17,3,0,1,0,0,0,0,0,0,0,1,87.25,101,105,110,101,2.2999999999999998,1.3,89,0
0.96592582628906842,-0.25881904510252057,3,0,1,0,0,0,0,0,0,0,1,97.5,109,87.25,101,81,2.2999999999999998,0.80000000000000004,89,0
0.86602540378443871,-0.49999999999999978,3,0,1,0,0,0,0,0,0,0,1,93.25,117,97.5,109,117,1.8,1.1000000000000001,95,0
0.70710678118654757,-0.70710678118654746,3,0,1,0,0,0,0,0,0,369,0,154,161,93.25,117,160,4.0999999999999996,2,83,0
0.49999999999999989,-0.86602540378443871,3,0,1,0,0,0,0,0,0,434,0,160.25,165,154,161,156,5.7000000000000002,1,77,0
0.25881904510252102,-0.9659258262890682,3,0,1,0,0,0,0,0,0,286,0,142,153,160.25,165,150,8.9000000000000004,1.6000000000000001,67,0
1.2246467991473532e-16,-1,3,0,1,0,0,0,0,0,0,1740,0,164.25,171,142,153,171,9.9000000000000004,2.2999999999999998,64,0
-0.25881904510252079,-0.96592582628906842,3,0,1,0,0,0,0,0,0,120,0,102.75,124,164.25,171,124,10.699999999999999,3.6000000000000001,56,0
-0.49999999999999972,-0.86602540378443882,3,0,1,0,0,0,0,0,0,1771,0,164.75,174,102.75,124,160,9.9000000000000004,3.6000000000000001,60,0
-0.70710678118654713,-0.70710678118654791,3,0,1,0,0,0,0,0,0,1976,0,165.75,176,164.75,174,176,10.699999999999999,3.8999999999999999,57,0
-0.86602540378443849,-0.50000000000000044,3,0,1,0,0,0,0,0,0,1024,0,161.25,180,165.75,176,180,10.199999999999999,3.7999999999999998,62,0
-0.96592582628906842,-0.25881904510252057,3,0,1,0,0,0,0,0,0,1002,0,158,166,161.25,180,152,9.0999999999999996,3.1000000000000001,66,0
-1,-1.8369701987210292e-16,3,0,1,0,0,0,0,0,0,736,0,136.25,161,158,166,161,8.4000000000000004,3.7000000000000002,68,0
-0.96592582628906842,0.2588190451025203,3,0,1,0,0,0,0,0,0,1891,0,153.75,157,136.25,161,157,8,3.1000000000000001,68,0
-0.8660254037844386,0.50000000000000011,3,0,1,0,0,0,0,0,0,2879,0,141.75,155,153.75,157,128,7.2999999999999998,1.3999999999999999,71,0
-0.70710678118654768,0.70710678118654735,3,0,1,0,0,0,0,0,0,10,0,128.75,134,141.75,155,132,7.0999999999999996,2,71,0
-0.50000000000000044,0.86602540378443837,3,0,1,0,0,0,0,0,0,15,0,121.25,132,128.75,134,114,6.0999999999999996,1.3,75,0
-0.25881904510252152,0.96592582628906798,3,0,1,0,0,0,0,0,0,95,0,107,115,121.25,132,113,6.0999999999999996,1.8,74,0
0,1,3,0,0,1,0,0,0,0,0,14,0,101.25,114,107,115,82,5.7999999999999998,0.69999999999999996,75,0
0.25881904510252068,0.96592582628906842,3,0,0,1,0,0,0,0,0,0,1,67.75,72,101.25,114,65,4.9000000000000004,1.8999999999999999,79,0
0.49999999999999989,0.86602540378443871,3,0,0,1,0,0,0,0,0,54,0,98.75,103,67.75,72,103,4.0999999999999996,0.80000000000000004,83,0
0.70710678118654757,0.70710678118654757,3,0,0,1,0,0,0,0,0,192,0,103.75,107,98.75,103,103,4.4000000000000004,2.2999999999999998,83,0
0.8660254037844386,0.50000000000000011,3,0,0,1,0,0,0,0,0,70,0,103.25,113,103.75,107,99,4.5,1.3999999999999999,81,0
0.96592582628906842,0.25881904510252068,3,0,0,1,0,0,0,0,0,30,0,99.5,101,103.25,113,101,4.5,1.8999999999999999,81,0
1,6.123233995736766e-17,3,0,0,1,0,0,0,0,0,84,0,84.5,91,99.5,101,91,4.7999999999999998,2.7999999999999998,79,0
0.96592582628906842,-0.25881904510252057,3,0,0,1,0,0,0,0,0,244,0,103.25,106,84.5,91,105,4,0.69999999999999996,83,0
0.86602540378443871,-0.49999999999999978,3,0,0,1,0,0,0,0,0,825,0,127.5,150,103.25,106,140,4,1,86,0
0.70710678118654757,-0.70710678118654746,3,0,0,1,0,0,0,0,0,552,0,168.75,174,127.5,150,174,5.2000000000000002,0.80000000000000004,82,0
0.49999999999999989,-0.86602540378443871,3,0,0,1,0,0,0,0,0,727,0,172.25,179,168.75,174,164,6.7000000000000002,1,76,0
0.25881904510252102,-0.9659258262890682,3,0,0,1,0,0,0,0,0,688,0,166.25,180,172.25,179,172,8.3000000000000007,1.1000000000000001,70,0
1.2246467991473532e-16,-1,3,0,0,1,0,0,0,0,0,1359,0,171.5,178,166.25,180,174,9.9000000000000004,1.3999999999999999,62,0
-0.25881904510252079,-0.96592582628906842,3,0,0,1,0,0,0,0,0,20,0,109.75,122,171.5,178,122,11.300000000000001,1.3999999999999999,58,0
-0.49999999999999972,-0.86602540378443882,3,0,0,1,0,0,0,0,0,851,0,169.25,181,109.75,122,181,12.4,2.3999999999999999,47,0
-0.70710678118654713,-0.70710678118654791,3,0,0,1,0,0,0,0,0,5260,0,165.25,170,169.25,181,170,13.800000000000001,1.8999999999999999,43,0
-0.86602540378443849,-0.50000000000000044,3,0,0,1,0,0,0,0,0,835,0,157.75,170,165.25,170,164,14,3.2000000000000002,51,0
-0.96592582628906842,-0.25881904510252057,3,0,0,1,0,0,0,0,0,1622,0,150.75,159,157.75,170,154,12.9,3,60,0
-1,-1.8369701987210292e-16,3,0,0,1,0,0,0,0,0,114,0,129.25,161,150.75,159,161,11.6,3.3999999999999999,66,0
-0.96592582628906842,0.2588190451025203,3,0,0,1,0,0,0,0,0,1264,0,154.5,161,129.25,161,145,11,2.6000000000000001,69,0
-0.8660254037844386,0.50000000000000011,3,0,0,1,0,0,0,0,0,2191,0,131.5,148,154.5,161,111,10.699999999999999,0.80000000000000004,73,0
-0.70710678118654768,0.70710678118654735,3,0,0,1,0,0,0,0,0,59,0,109.25,113,131.5,148,113,9.5999999999999996,1.3999999999999999,78,0
-0.50000000000000044,0.86602540378443837,3,0,0,1,0,0,0,0,0,209,0,105,110,109.25,113,103,9.1999999999999993,1.6000000000000001,81,0
-0.25881904510252152,0.96592582628906798,3,0,0,1,0,0,0,0,0,194,0,101,109,105,110,109,8.6999999999999993,0.69999999999999996,75,0
0,1,3,0,0,0,1,0,0,0,0,48,0,94.5,106,101,109,79,9.1999999999999993,0.90000000000000002,60,0
0.25881904510252068,0.96592582628906842,3,0,0,0,1,0,0,0,0,0,1,64.75,67,94.5,106,67,9.5999999999999996,1.6000000000000001,49,0
0.49999999999999989,0.86602540378443871,3,0,0,0,1,0,0,0,0,240,0,102.5,107,64.75,67,103,9.0999999999999996,1.5,48,0
0.70710678118654757,0.70710678118654757,3,0,0,0,1,0,0,0,0,418,0,104.25,109,102.5,107,104,8.5,1.8,49,0
0.8660254037844386,0.50000000000000011,3,0,0,0,1,0,0,0,0,0,1,99.25,104,104.25,109,104,7.7999999999999998,3.1000000000000001,49,0
0.96592582628906842,0.25881904510252068,3,0,0,0,1,0,0,0,0,81,0,106,108,99.25,104,104,7.7000000000000002,3.3999999999999999,48,0
1,6.123233995736766e-17,3,0,0,0,1,0,0,0,0,10,0,91,98,106,108,98,7.2999999999999998,3.7999999999999998,48,0
0.96592582628906842,-0.25881904510252057,3,0,0,0,1,0,0,0,0,194,0,103.75,107,91,98,107,6.7999999999999998,3.6000000000000001,49,0
0.86602540378443871,-0.49999999999999978,3,0,0,0,1,0,0,0,0,830,0,118.5,131,103.75,107,131,7,3.6000000000000001,49,0
0.70710678118654757,-0.70710678118654746,3,0,0,0,1,0,0,0,0,115,0,155,165,118.5,131,165,8.5999999999999996,3,62,0
0.49999999999999989,-0.86602540378443871,3,0,0,0,1,0,0,0,0,1503,0,166,169,155,165,166,10.199999999999999,4.4000000000000004,60,0
0.25881904510252102,-0.9659258262890682,3,0,0,0,1,0,0,0,0,918,0,163.75,177,166,169,175,10.6,4.2000000000000002,57,0
1.2246467991473532e-16,-1,3,0,0,0,1,0,0,0,0,1057,0,160.75,168,163.75,177,165,11.9,2.8999999999999999,50,0
-0.25881904510252079,-0.96592582628906842,3,0,0,0,1,0,0,0,0,40,0,111,125,160.75,168,125,11.699999999999999,3.7000000000000002,52,0
-0.49999999999999972,-0.86602540378443882,3,0,0,0,1,0,0,0,0,802,0,152.5,158,111,125,151,11.699999999999999,3.2999999999999998,54,0
-0.70710678118654713,-0.70710678118654791,3,0,0,0,1,0,0,0,0,1522,0,162.25,169,152.5,158,165,12.1,4,46,0
-0.86602540378443849,-0.50000000000000044,3,0,0,0,1,0,0,0,0,1007,0,152.25,162,162.25,169,158,11.5,3.7999999999999998,47,0
-0.96592582628906842,-0.25881904510252057,3,0,0,0,1,0,0,0,0,231,0,152.5,156,152.25,162,150,11.199999999999999,3.5,45,0
-1,-1.8369701987210292e-16,3,0,0,0,1,0,0,0,0,1283,0,129.75,143,152.5,156,135,10.1,3.8999999999999999,52,0
-0.96592582628906842,0.2588190451025203,3,0,0,0,1,0,0,0,0,854,0,122.25,123,129.75,143,121,9.0999999999999996,2.7999999999999998,55,0
-0.8660254037844386,0.50000000000000011,3,0,0,0,1,0,0,0,0,2332,0,123.25,128,122.25,123,128,8.0999999999999996,2,58,0
-0.70710678118654768,0.70710678118654735,3,0,0,0,1,0,0,0,0,14,0,133.25,145,123.25,128,145,7.7000000000000002,1.7,59,0
-0.50000000000000044,0.86602540378443837,3,0,0,0,1,0,0,0,0,8,0,129,141,133.25,145,115,7,0.59999999999999998,62,0
-0.25881904510252152,0.96592582628906798,3,0,0,0,1,0,0,0,0,60,0,117.5,124,129,141,116,6.0999999999999996,1.3,66,0
0,1,3,0,0,0,0,1,0,0,0,0,1,104.75,115,117.5,124,88,4.7000000000000002,0.5,72,0
0.25881904510252068,0.96592582628906842,3,0,0,0,0,1,0,0,0,0,1,69.75,72,104.75,115,68,4.7000000000000002,0.5,72,0
0.49999999999999989,0.86602540378443871,3,0,0,0,0,1,0,0,0,698,0,107,113,69.75,72,113,4.4000000000000004,1,74,0
0.70710678118654757,0.70710678118654757,3,0,0,0,0,1,0,0,0,102,0,104.25,111,107,113,111,3.7999999999999998,1.6000000000000001,77,0
0.8660254037844386,0.50000000000000011,3,0,0,0,0,1,0,0,0,97,0,101,107,104.25,111,96,4,1.1000000000000001,76,0
0.96592582628906842,0.25881904510252068,3,0,0,0,0,1,0,0,0,200,0,111.25,114,101,107,108,2.7000000000000002,0.59999999999999998,85,0
1,6.123233995736766e-17,3,0,0,0,0,1,0,0,0,18,0,89.75,103,111.25,114,103,3.3999999999999999,2,84,0
0.96592582628906842,-0.25881904510252057,3,0,0,0,0,1,0,0,0,1240,0,105.25,107,89.75,103,100,2,0.40000000000000002,90,0
0.86602540378443871,-0.49999999999999978,3,0,0,0,0,1,0,0,0,336,0,133,149,105.25,107,143,2.8999999999999999,0.20000000000000001,89,0
0.70710678118654757,-0.70710678118654746,3,0,0,0,0,1,0,0,0,875,0,167.5,175,133,149,169,4.5,0.5,86,0
0.49999999999999989,-0.86602540378443871,3,0,0,0,0,1,0,0,0,1337,0,168,175,167.5,175,175,6.5,1.3999999999999999,76,0
0.25881904510252102,-0.9659258262890682,3,0,0,0,0,1,0,0,0,1430,0,156,168,168,175,164,10,1,62,0
1.2246467991473532e-16,-1,3,0,0,0,0,1,0,0,0,3577,0,167.75,174,156,168,164,12.1,1.5,55,0
-0.25881904510252079,-0.96592582628906842,3,0,0,0,0,1,0,0,0,109,0,104,122,167.75,174,122,13.4,1.6000000000000001,30,0
-0.49999999999999972,-0.86602540378443882,3,0,0,0,0,1,0,0,0,463,0,153.5,160,104,122,150,14.9,2.6000000000000001,32,0
-0.70710678118654713,-0.70710678118654791,3,0,0,0,0,1,0,0,0,643,0,158.5,160,153.5,160,157,14.9,2.2999999999999998,51,0
-0.86602540378443849,-0.50000000000000044,3,0,0,0,0,1,0,0,0,577,0,149.5,160,158.5,160,153,13.699999999999999,2.8999999999999999,60,0
-0.96592582628906842,-0.25881904510252057,3,0,0,0,0,1,0,0,0,720,0,156.75,163,149.5,160,160,13.9,3.1000000000000001,62,0
-1,-1.8369701987210292e-16,3,0,0,0,0,1,0,0,0,532,0,135.75,159,156.75,163,159,13.300000000000001,2.2000000000000002,67,0
-0.96592582628906842,0.2588190451025203,3,0,0,0,0,1,0,0,0,1032,0,144.75,152,135.75,159,139,12.300000000000001,2.3999999999999999,74,0
-0.8660254037844386,0.50000000000000011,3,0,0,0,0,1,0,0,0,3434,0,136,142,144.75,152,125,11.9,1.3,80,0
-0.70710678118654768,0.70710678118654735,3,0,0,0,0,1,0,0,0,1,0,120.75,130,136,142,120,11.6,0.90000000000000002,81,0
-0.50000000000000044,0.86602540378443837,3,0,0,0,0,1,0,0,0,392,0,109.25,116,120.75,130,104,11.300000000000001,1,83,0
-0.25881904510252152,0.96592582628906798,3,0,0,0,0,1,0,0,0,20,0,104,110,109.25,116,109,11.199999999999999,1.1000000000000001,83,0
0,1,3,0,0,0,0,0,1,0,0,66,0,99.75,110,104,110,83,10.6,1.1000000000000001,85,0
0.25881904510252068,0.96592582628906842,3,0,0,0,0,0,1,0,0,0,1,24,26,99.75,110,26,10.9,2,81,0
0.49999999999999989,0.86602540378443871,3,0,0,0,0,0,1,0,0,0,1,21.25,22,24,26,22,10.4,1.3999999999999999,84,0
0.70710678118654757,0.70710678118654757,3,0,0,0,0,0,1,0,0,0,1,21.25,22,21.25,22,22,9.8000000000000007,0.90000000000000002,89,0.20000000000000001
0.8660254037844386,0.50000000000000011,3,0,0,0,0,0,1,0,0,0,1,22.5,24,21.25,22,24,9.1999999999999993,3.2000000000000002,97,1.5
0.96592582628906842,0.25881904510252068,3,0,0,0,0,0,1,0,0,0,1,23.25,26,22.5,24,21,9.5,3,94,1.8
1,6.123233995736766e-17,3,0,0,0,0,0,1,0,0,0,1,21.25,22,23.25,26,22,9.0999999999999996,2.8999999999999999,97,2.7999999999999998
0.96592582628906842,-0.25881904510252057,3,0,0,0,0,0,1,0,0,0,1,21.25,22,21.25,22,21,8.9000000000000004,3.2000000000000002,98,3.7999999999999998
0.86602540378443871,-0.49999999999999978,3,0,0,0,0,0,1,0,0,0,1,23.75,26,21.25,22,22,8.5999999999999996,3.3999999999999999,98,5.2000000000000002
0.70710678118654757,-0.70710678118654746,3,0,0,0,0,0,1,0,0,0,1,21,21,23.75,26,21,8.3000000000000007,2,98,9
0.49999999999999989,-0.86602540378443871,3,0,0,0,0,0,1,0,0,0,1,21,21,21,21,21,8.5,1.1000000000000001,98,11
0.25881904510252102,-0.9659258262890682,3,0,0,0,0,0,1,0,0,0,1,22.5,26,21,21,26,9.5999999999999996,3.1000000000000001,98,11.800000000000001
1.2246467991473532e-16,-1,3,0,0,0,0,0,1,0,0,0,1,22,25,22.5,26,21,10,3.8999999999999999,98,12.199999999999999
-0.25881904510252079,-0.96592582628906842,3,0,0,0,0,0,1,0,0,0,1,21,21,22,25,21,10.4,2.8999999999999999,98,12.800000000000001
-0.49999999999999972,-0.86602540378443882,3,0,0,0,0,0,1,0,0,0,1,21,21,21,21,21,10.699999999999999,2.5,98,16.199999999999999
-0.70710678118654713,-0.70710678118654791,3,0,0,0,0,0,1,0,0,0,1,22.75,25,21,21,21,10.9,3.3999999999999999,98,19.899999999999999
-0.86602540378443849,-0.50000000000000044,3,0,0,0,0,0,1,0,0,0,1,21,21,22.75,25,21,10.800000000000001,3.3999999999999999,98,22.300000000000001
-0.96592582628906842,-0.25881904510252057,3,0,0,0,0,0,1,0,0,0,1,21,21,21,21,21,10,3.7000000000000002,98,25.300000000000001
-1,-1.8369701987210292e-16,3,0,0,0,0,0,1,0,0,0,1,23.25,26,21,21,21,10,3.2999999999999998,98,27.300000000000001
-0.96592582628906842,0.2588190451025203,3,0,0,0,0,0,1,0,0,0,1,21,21,23.25,26,21,9.9000000000000004,3.2999999999999998,98,29.199999999999999
-0.8660254037844386,0.50000000000000011,3,0,0,0,0,0,1,0,0,0,1,21,21,21,21,21,10.1,4.5,90,29.300000000000001
-0.70710678118654768,0.70710678118654735,3,0,0,0,0,0,1,0,0,0,1,23.25,26,21,21,21,9.5999999999999996,3.3999999999999999,88,29.300000000000001
-0.50000000000000044,0.86602540378443837,3,0,0,0,0,0,1,0,0,0,1,21.25,22,23.25,26,22,8.8000000000000007,3.8999999999999999,95,29.399999999999999
-0.25881904510252152,0.96592582628906798,3,0,0,0,0,0,1,0,0,0,1,21,21,21.25,22,21,8.4000000000000004,4.2999999999999998,95,29.399999999999999
0,1,3,1,0,0,0,0,0,1,0,0,1,24,26,21,21,25,8.5,4,90,29.399999999999999
0.25881904510252068,0.96592582628906842,3,1,0,0,0,0,0,1,0,0,1,63.25,64,24,26,63,9,3.8999999999999999,84,29.399999999999999
0.49999999999999989,0.86602540378443871,3,1,0,0,0,0,0,1,0,95,0,104.5,116,63.25,64,113,9.0999999999999996,3.6000000000000001,85,0
0.70710678118654757,0.70710678118654757,3,1,0,0,0,0,0,1,0,120,0,103.75,107,104.5,116,107,9,3.5,81,0
0.8660254037844386,0.50000000000000011,3,1,0,0,0,0,0,1,0,76,0,105.25,110,103.75,107,109,8.8000000000000007,3.2999999999999998,79,0
0.96592582628906842,0.25881904510252068,3,1,0,0,0,0,0,1,0,20,0,106.75,108,105.25,110,108,8.5999999999999996,3.3999999999999999,79,0
1,6.123233995736766e-17,3,1,0,0,0,0,0,1,0,22,0,92.25,99,106.75,108,98,8.5,3.8999999999999999,77,0
0.96592582628906842,-0.25881904510252057,3,1,0,0,0,0,0,1,0,107,0,106.5,111,92.25,99,103,8.5,4,76,0
0.86602540378443871,-0.49999999999999978,3,1,0,0,0,0,0,1,0,1164,0,61,92,106.5,111,29,8.1999999999999993,3.2999999999999998,76,0
0.70710678118654757,-0.70710678118654746,3,1,0,0,0,0,0,1,0,2,0,24,27,61,92,22,8.4000000000000004,3.5,75,0
0.49999999999999989,-0.86602540378443871,3,1,0,0,0,0,0,1,0,0,1,22,22,24,27,22,9.4000000000000004,3.7999999999999998,71,0
0.25881904510252102,-0.9659258262890682,3,1,0,0,0,0,0,1,0,0,1,22,22,22,22,22,10.300000000000001,3,66,0
1.2246467991473532e-16,-1,3,1,0,0,0,0,0,1,0,0,1,25,28,22,22,27,11.4,2.6000000000000001,63,0
-0.25881904510252079,-0.96592582628906842,3,1,0,0,0,0,0,1,0,0,1,22.25,23,25,28,22,11.800000000000001,3.5,57,0
-0.49999999999999972,-0.86602540378443882,3,1,0,0,0,0,0,1,0,0,1,22.25,23,22.25,23,22,13.4,3.1000000000000001,54,0
-0.70710678118654713,-0.70710678118654791,3,1,0,0,0,0,0,1,0,0,1,22.5,23,22.25,23,23,13.199999999999999,3.3999999999999999,51,0
-0.86602540378443849,-0.50000000000000044,3,1,0,0,0,0,0,1,0,0,1,24.75,28,22.5,23,22,12.699999999999999,3.7000000000000002,56,0
-0.96592582628906842,-0.25881904510252057,3,1,0,0,0,0,0,1,0,0,1,22.75,23,24.75,28,23,12,2.8999999999999999,66,0
-1,-1.8369701987210292e-16,3,1,0,0,0,0,0,1,0,0,1,22.25,23,22.75,23,23,11.1,3.3999999999999999,71,0
-0.96592582628906842,0.2588190451025203,3,1,0,0,0,0,0,1,0,0,1,24.75,27,22.25,23,27,10.4,2.2999999999999998,74,0
-0.8660254037844386,0.50000000000000011,3,1,0,0,0,0,0,1,0,0,1,22,22,24.75,27,22,9.6999999999999993,1.7,76,0
-0.70710678118654768,0.70710678118654735,3,1,0,0,0,0,0,1,0,4,0,22,22,22,22,22,9.4000000000000004,0.90000000000000002,77,0
-0.50000000000000044,0.86602540378443837,3,1,0,0,0,0,0,1,0,0,1,23.5,27,22,22,27,9.1999999999999993,0.90000000000000002,79,0
-0.25881904510252152,0.96592582628906798,3,1,0,0,0,0,0,1,0,0,1,23,26,23.5,27,22,9,0.80000000000000004,80,0
0,1,3,1,0,0,0,0,0,0,1,0,1,22,22,23,26,22,7.7999999999999998,1.1000000000000001,85,0
0.25881904510252068,0.96592582628906842,3,1,0,0,0,0,0,0,1,0,1,22,22,22,22,22,7.4000000000000004,0.69999999999999996,87,0
0.49999999999999989,0.86602540378443871,3,1,0,0,0,0,0,0,1,0,1,22.25,23,22,22,22,7.2000000000000002,1.8999999999999999,90,0
0.70710678118654757,0.70710678118654757,3,1,0,0,0,0,0,0,1,0,1,24.25,27,22.25,23,22,6.2999999999999998,1,94,0
0.8660254037844386,0.50000000000000011,3,1,0,0,0,0,0,0,1,0,1,22,22,24.25,27,22,6.2000000000000002,0.80000000000000004,98,0
0.96592582628906842,0.25881904510252068,3,1,0,0,0,0,0,0,1,0,1,22.75,24,22,22,22,5.4000000000000004,0.80000000000000004,98,0
1,6.123233995736766e-17,3,1,0,0,0,0,0,0,1,0,1,23.5,27,22.75,24,27,7.0999999999999996,2.5,95,0
0.96592582628906842,-0.25881904510252057,3,1,0,0,0,0,0,0,1,0,1,22.75,25,23.5,27,22,6.7000000000000002,1.3999999999999999,96,0
0.86602540378443871,-0.49999999999999978,3,1,0,0,0,0,0,0,1,0,1,61.75,112,22.75,25,112,7.5,1.8999999999999999,81,0
0.70710678118654757,-0.70710678118654746,3,1,0,0,0,0,0,0,1,0,1,182.5,204,61.75,112,204,7.5,0.59999999999999998,87,0
0.49999999999999989,-0.86602540378443871,3,1,0,0,0,0,0,0,1,0,1,178.25,185,182.5,204,180,9.6999999999999993,2.2000000000000002,72,0
0.25881904510252102,-0.9659258262890682,3,1,0,0,0,0,0,0,1,0,1,171,180,178.25,185,167,12,2.2000000000000002,63,0
1.2246467991473532e-16,-1,3,1,0,0,0,0,0,0,1,0,1,181.25,190,171,180,175,13.800000000000001,2.5,55,0
-0.25881904510252079,-0.96592582628906842,3,1,0,0,0,0,0,0,1,0,1,118.75,140,181.25,190,140,14.4,1.3,51,0
-0.49999999999999972,-0.86602540378443882,3,1,0,0,0,0,0,0,1,0,1,185.5,192,118.75,140,188,14.6,2.5,48,0
-0.70710678118654713,-0.70710678118654791,3,1,0,0,0,0,0,0,1,0,1,176.75,185,185.5,192,176,15.9,2.2000000000000002,47,0
-0.86602540378443849,-0.50000000000000044,3,1,0,0,0,0,0,0,1,0,1,177.75,192,176.75,185,192,16,2.2000000000000002,45,0
-0.96592582628906842,-0.25881904510252057,3,1,0,0,0,0,0,0,1,0,1,171.25,180,177.75,192,168,14.1,1.8999999999999999,55,0
-1,-1.8369701987210292e-16,3,1,0,0,0,0,0,0,1,0,1,146.25,179,171.25,180,179,13.300000000000001,2,59,0
-0.96592582628906842,0.2588190451025203,3,1,0,0,0,0,0,0,1,0,1,172.75,182,146.25,179,158,12.6,2,63,0
-0.8660254037844386,0.50000000000000011,3,1,0,0,0,0,0,0,1,0,1,150.25,164,172.75,182,122,11.4,0.80000000000000004,67,0
-0.70710678118654768,0.70710678118654735,3,1,0,0,0,0,0,0,1,0,1,119.25,126,150.25,164,126,10.699999999999999,0.90000000000000002,72,0
-0.50000000000000044,0.86602540378443837,3,1,0,0,0,0,0,0,1,0,1,123,125,119.25,126,125,10,1.5,74,0
-0.25881904510252152,0.96592582628906798,3,1,0,0,0,0,0,0,1,0,1,111.5,129,123,125,129,10.199999999999999,2.6000000000000001,75,0
0,1,3,0,1,0,0,0,0,0,0,0,1,106.75,118,111.5,129,90,9.0999999999999996,0.90000000000000002,82,0
0.25881904510252068,0.96592582628906842,3,0,1,0,0,0,0,0,0,0,1,76,83,106.75,118,72,8.4000000000000004,1.7,84,0
0.49999999999999989,0.86602540378443871,3,0,1,0,0,0,0,0,0,0,1,110.25,116,76,83,116,8.0999999999999996,1.2,85,0
0.70710678118654757,0.70710678118654757,3,0,1,0,0,0,0,0,0,0,1,117.25,121,110.25,116,117,7.7999999999999998,0.90000000000000002,85,0
0.8660254037844386,0.50000000000000011,3,0,1,0,0,0,0,0,0,0,1,115.75,123,117.25,121,123,7.5999999999999996,1.6000000000000001,86,0
0.96592582628906842,0.25881904510252068,3,0,1,0,0,0,0,0,0,0,1,109.75,122,115.75,123,106,7.0999999999999996,1.8999999999999999,88,0
1,6.123233995736766e-17,3,0,1,0,0,0,0,0,0,0,1,97.25,112,109.75,122,112,5.7999999999999998,0.69999999999999996,92,0
0.96592582628906842,-0.25881904510252057,3,0,1,0,0,0,0,0,0,0,1,118.25,121,97.25,112,117,6,0.29999999999999999,91,0
0.86602540378443871,-0.49999999999999978,3,0,1,0,0,0,0,0,0,0,1,132.25,150,118.25,121,150,6.0999999999999996,0.29999999999999999,95,0
0.70710678118654757,-0.70710678118654746,3,0,1,0,0,0,0,0,0,1007,0,187.75,198,132.25,150,181,8,0.10000000000000001,90,0
0.49999999999999989,-0.86602540378443871,3,0,1,0,0,0,0,0,0,1074,0,185.75,195,187.75,198,188,11,0.5,76,0
0.25881904510252102,-0.9659258262890682,3,0,1,0,0,0,0,0,0,686,0,164.25,181,185.75,195,164,13.6,1.8,64,0
1.2246467991473532e-16,-1,3,0,1,0,0,0,0,0,0,1661,0,173.25,184,164.25,181,184,16,3.2000000000000002,51,0
-0.25881904510252079,-0.96592582628906842,3,0,1,0,0,0,0,0,0,5207,0,111.75,128,173.25,184,122,16.600000000000001,4.2000000000000002,43,0
-0.49999999999999972,-0.86602540378443882,3,0,1,0,0,0,0,0,0,1059,0,171.25,177,111.75,128,170,17,4.5999999999999996,33,0
-0.70710678118654713,-0.70710678118654791,3,0,1,0,0,0,0,0,0,635,0,177,182,171.25,177,172,17.600000000000001,3.6000000000000001,34,0
-0.86602540378443849,-0.50000000000000044,3,0,1,0,0,0,0,0,0,564,0,163,176,177,182,176,17.600000000000001,3.5,34,0
-0.96592582628906842,-0.25881904510252057,3,0,1,0,0,0,0,0,0,1163,0,169.75,181,163,176,160,17.199999999999999,4,31,0
-1,-1.8369701987210292e-16,3,0,1,0,0,0,0,0,0,387,0,133.5,159,169.75,181,159,17.100000000000001,3.7999999999999998,40,0
-0.96592582628906842,0.2588190451025203,3,0,1,0,0,0,0,0,0,1401,0,161.25,170,133.5,159,170,15.5,3.5,48,0
-0.8660254037844386,0.50000000000000011,3,0,1,0,0,0,0,0,0,1123,0,155.5,162,161.25,170,147,14.4,3.2999999999999998,59,0
-0.70710678118654768,0.70710678118654735,3,0,1,0,0,0,0,0,0,13,0,127.75,133,155.5,162,120,13.800000000000001,2.1000000000000001,63,0
-0.50000000000000044,0.86602540378443837,3,0,1,0,0,0,0,0,0,19,0,127,131,127.75,133,124,13.800000000000001,3.5,65,0
-0.25881904510252152,0.96592582628906798,3,0,1,0,0,0,0,0,0,336,0,114.5,123,127,131,123,13.9,1.5,69,0
0,1,3,0,0,1,0,0,0,0,0,38,0,107.75,120,114.5,123,85,14,2.8999999999999999,73,0
0.25881904510252068,0.96592582628906842,3,0,0,1,0,0,0,0,0,42,0,73,76,107.75,120,72,14.1,2.2999999999999998,76,0
0.49999999999999989,0.86602540378443871,3,0,0,1,0,0,0,0,0,570,0,111,120,73,76,109,14.300000000000001,1.7,78,0
0.70710678118654757,0.70710678118654757,3,0,0,1,0,0,0,0,0,472,0,114,117,111,120,117,14.5,2.1000000000000001,80,0
0.8660254037844386,0.50000000000000011,3,0,0,1,0,0,0,0,0,243,0,111.5,114,114,117,113,13.699999999999999,1.7,91,0
0.96592582628906842,0.25881904510252068,3,0,0,1,0,0,0,0,0,246,0,112,118,111.5,114,102,13.199999999999999,1.1000000000000001,98,0.10000000000000001
1,6.123233995736766e-17,3,0,0,1,0,0,0,0,0,904,0,91.75,111,112,118,111,13.199999999999999,0.90000000000000002,98,0.40000000000000002
0.96592582628906842,-0.25881904510252057,3,0,0,1,0,0,0,0,0,53,0,114.75,121,91.75,111,105,12.9,1.5,98,0.5
0.86602540378443871,-0.49999999999999978,3,0,0,1,0,0,0,0,0,546,0,130.25,161,114.75,121,161,12.800000000000001,2.3999999999999999,98,0.5
0.70710678118654757,-0.70710678118654746,3,0,0,1,0,0,0,0,0,931,0,177,185,130.25,161,173,13.4,1.5,98,0.5
0.49999999999999989,-0.86602540378443871,3,0,0,1,0,0,0,0,0,818,0,179.5,192,177,185,192,16.5,1.6000000000000001,73,0.5
0.25881904510252102,-0.9659258262890682,3,0,0,1,0,0,0,0,0,951,0,178,193,179.5,192,190,17.399999999999999,3.5,59,0.5
1.2246467991473532e-16,-1,3,0,0,1,0,0,0,0,0,1316,0,175.75,186,178,193,170,19,2.6000000000000001,47,0.5
-0.25881904510252079,-0.96592582628906842,3,0,0,1,0,0,0,0,0,1512,0,108.75,120,175.75,186,116,20.100000000000001,3.1000000000000001,35,0.5
-0.49999999999999972,-0.86602540378443882,3,0,0,1,0,0,0,0,0,1250,0,169,175,108.75,120,171,20.300000000000001,3.7000000000000002,25,0.5
-0.70710678118654713,-0.70710678118654791,3,0,0,1,0,0,0,0,0,891,0,170.5,174,169,175,174,21.100000000000001,2.7999999999999998,20,0.5
-0.86602540378443849,-0.50000000000000044,3,0,0,1,0,0,0,0,0,1848,0,163,180,170.5,174,157,21.199999999999999,4.0999999999999996,9,0.5
-0.96592582628906842,-0.25881904510252057,3,0,0,1,0,0,0,0,0,1117,0,168.25,177,163,180,160,21,3.3999999999999999,8,0.5
-1,-1.8369701987210292e-16,3,0,0,1,0,0,0,0,0,486,0,153.75,177,168.25,177,177,20.699999999999999,2,9,0.5
-0.96592582628906842,0.2588190451025203,3,0,0,1,0,0,0,0,0,2767,0,167.75,177,153.75,177,162,18.800000000000001,1.8,11,0.5
-0.8660254037844386,0.50000000000000011,3,0,0,1,0,0,0,0,0,2234,0,139,152,167.75,177,117,13.5,2.5,67,0.5
-0.70710678118654768,0.70710678118654735,3,0,0,1,0,0,0,0,0,61,0,113.75,120,139,152,115,11.300000000000001,2.7999999999999998,80,0.5
-0.50000000000000044,0.86602540378443837,3,0,0,1,0,0,0,0,0,12,0,117.5,123,113.75,120,123,10.699999999999999,1.8,81,0.5
-0.25881904510252152,0.96592582628906798,3,0,0,1,0,0,0,0,0,15,0,102.5,107,117.5,123,107,9.8000000000000007,1.8999999999999999,83,0.5
0,1,3,0,0,0,1,0,0,0,0,156,0,105.5,119,102.5,107,85,9.1999999999999993,1.5,86,0.5
0.25881904510252068,0.96592582628906842,3,0,0,0,1,0,0,0,0,96,0,71.75,72,105.5,119,71,8.6999999999999993,1.1000000000000001,88,0.5
0.49999999999999989,0.86602540378443871,3,0,0,0,1,0,0,0,0,162,0,106.5,118,71.75,72,118,8.0999999999999996,1.7,88,0
0.70710678118654757,0.70710678118654757,3,0,0,0,1,0,0,0,0,116,0,112.25,117,106.5,118,110,8,2.2999999999999998,85,0
0.8660254037844386,0.50000000000000011,3,0,0,0,1,0,0,0,0,213,0,116.25,120,112.25,117,115,7.7999999999999998,2.7000000000000002,86,0
0.96592582628906842,0.25881904510252068,3,0,0,0,1,0,0,0,0,118,0,112.5,115,116.25,120,115,7.4000000000000004,1.8,86,0
1,6.123233995736766e-17,3,0,0,0,1,0,0,0,0,9,0,97.25,112,112.5,115,112,6.9000000000000004,2.1000000000000001,89,0
0.96592582628906842,-0.25881904510252057,3,0,0,0,1,0,0,0,0,567,0,120.5,126,97.25,112,122,6.5999999999999996,1.8,92,0
0.86602540378443871,-0.49999999999999978,3,0,0,0,1,0,0,0,0,334,0,141,162,120.5,126,158,5.7000000000000002,1.2,96,0
0.70710678118654757,-0.70710678118654746,3,0,0,0,1,0,0,0,0,258,0,190.25,197,141,162,193,8.0999999999999996,1.3999999999999999,91,0
0.49999999999999989,-0.86602540378443871,3,0,0,0,1,0,0,0,0,561,0,180,188,190.25,197,179,10.5,1.1000000000000001,77,0
0.25881904510252102,-0.9659258262890682,3,0,0,0,1,0,0,0,0,512,0,166,177,180,188,175,12.199999999999999,1.7,63,0
1.2246467991473532e-16,-1,3,0,0,0,1,0,0,0,0,1685,0,183,190,166,177,177,13.199999999999999,3,57,0
-0.25881904510252079,-0.96592582628906842,3,0,0,0,1,0,0,0,0,0,1,103,123,183,190,123,13.300000000000001,3.2999999999999998,57,0
-0.49999999999999972,-0.86602540378443882,3,0,0,0,1,0,0,0,0,1088,0,182.75,192,103,123,182,13.6,3.7000000000000002,56,0
-0.70710678118654713,-0.70710678118654791,3,0,0,0,1,0,0,0,0,636,0,178.75,189,182.75,192,189,13.1,4.4000000000000004,58,0
-0.86602540378443849,-0.50000000000000044,3,0,0,0,1,0,0,0,0,4218,0,169.75,179,178.75,189,174,13.1,4.0999999999999996,62,0
-0.96592582628906842,-0.25881904510252057,3,0,0,0,1,0,0,0,0,1929,0,168.5,174,169.75,179,174,12.300000000000001,4.0999999999999996,63,0
-1,-1.8369701987210292e-16,3,0,0,0,1,0,0,0,0,970,0,138,158,168.5,174,158,11.5,3.2000000000000002,65,0
-0.96592582628906842,0.2588190451025203,3,0,0,0,1,0,0,0,0,1414,0,170.25,177,138,158,167,10.9,2.3999999999999999,68,0
-0.8660254037844386,0.50000000000000011,3,0,0,0,1,0,0,0,0,516,0,159,169,170.25,177,147,10.4,1.8999999999999999,70,0
-0.70710678118654768,0.70710678118654735,3,0,0,0,1,0,0,0,0,81,0,138.5,143,159,169,135,10.1,1.6000000000000001,73,0
-0.50000000000000044,0.86602540378443837,3,0,0,0,1,0,0,0,0,159,0,126.75,134,138.5,143,123,9.3000000000000007,1,75,0
-0.25881904510252152,0.96592582628906798,3,0,0,0,1,0,0,0,0,93,0,125,128,126.75,134,127,9.5,1.5,75,0
0,1,3,0,0,0,0,1,0,0,0,72,0,111,125,125,128,94,9.0999999999999996,0.80000000000000004,75,0
0.25881904510252068,0.96592582628906842,3,0,0,0,0,1,0,0,0,160,0,80,90,111,125,73,8.6999999999999993,1.3999999999999999,76,0
0.49999999999999989,0.86602540378443871,3,0,0,0,0,1,0,0,0,108,0,111.75,117,80,90,115,7.7000000000000002,1.2,83,0
0.70710678118654757,0.70710678118654757,3,0,0,0,0,1,0,0,0,260,0,115,121,111.75,117,105,7.9000000000000004,2.2999999999999998,82,0
0.8660254037844386,0.50000000000000011,3,0,0,0,0,1,0,0,0,128,0,114,126,115,121,111,6.7999999999999998,1.3999999999999999,87,0
0.96592582628906842,0.25881904510252068,3,0,0,0,0,1,0,0,0,22,0,111.5,117,114,126,115,6.9000000000000004,1.6000000000000001,88,0
1,6.123233995736766e-17,3,0,0,0,0,1,0,0,0,335,0,101.5,120,111.5,117,120,5.7999999999999998,1.2,88,0
0.96592582628906842,-0.25881904510252057,3,0,0,0,0,1,0,0,0,244,0,120.5,123,101.5,120,114,5.5,0.80000000000000004,94,0
0.86602540378443871,-0.49999999999999978,3,0,0,0,0,1,0,0,0,453,0,133,157,120.5,123,157,6.2999999999999998,1.3,94,0
0.70710678118654757,-0.70710678118654746,3,0,0,0,0,1,0,0,0,309,0,161.5,177,133,157,177,7.7000000000000002,1.5,87,0
0.49999999999999989,-0.86602540378443871,3,0,0,0,0,1,0,0,0,2626,0,170.5,186,161.5,177,186,10,1.2,79,0
0.25881904510252102,-0.9659258262890682,3,0,0,0,0,1,0,0,0,597,0,164.75,179,170.5,186,156,12.6,2.2000000000000002,66,0
1.2246467991473532e-16,-1,3,0,0,0,0,1,0,0,0,644,0,177.25,185,164.75,179,177,12.699999999999999,4.4000000000000004,57,0
-0.25881904510252079,-0.96592582628906842,3,0,0,0,0,1,0,0,0,203,0,101.5,124,177.25,185,124,13.199999999999999,3.8999999999999999,60,0
-0.49999999999999972,-0.86602540378443882,3,0,0,0,0,1,0,0,0,3045,0,174.25,180,101.5,124,171,13,4.0999999999999996,59,0
-0.70710678118654713,-0.70710678118654791,3,0,0,0,0,1,0,0,0,1120,0,163.5,170,174.25,180,165,13.6,3.7000000000000002,59,0
-0.86602540378443849,-0.50000000000000044,3,0,0,0,0,1,0,0,0,225,0,155.5,170,163.5,170,154,12.6,4.7000000000000002,61,0
-0.96592582628906842,-0.25881904510252057,3,0,0,0,0,1,0,0,0,1290,0,161.75,174,155.5,170,156,12.1,4.2999999999999998,64,0
-1,-1.8369701987210292e-16,3,0,0,0,0,1,0,0,0,224,0,147.5,164,161.75,174,164,11.5,3.8999999999999999,66,0
-0.96592582628906842,0.2588190451025203,3,0,0,0,0,1,0,0,0,2472,0,150.25,154,147.5,164,151,10.9,2.5,68,0
-0.8660254037844386,0.50000000000000011,3,0,0,0,0,1,0,0,0,932,0,137.5,142,150.25,154,131,10.1,2.5,71,0
-0.70710678118654768,0.70710678118654735,3,0,0,0,0,1,0,0,0,0,1,117.25,124,137.5,142,112,9.8000000000000007,2.1000000000000001,73,0
-0.50000000000000044,0.86602540378443837,3,0,0,0,0,1,0,0,0,431,0,113.5,121,117.25,124,121,9.8000000000000007,2,74,0
-0.25881904510252152,0.96592582628906798,3,0,0,0,0,1,0,0,0,104,0,114,117,113.5,121,108,9.8000000000000007,2.6000000000000001,73,0
0,1,3,0,0,0,0,0,1,0,0,7,0,106.25,120,114,117,80,9.6999999999999993,1.8,73,0
0.25881904510252068,0.96592582628906842,3,0,0,0,0,0,1,0,0,0,1,24,26,106.25,120,26,9.8000000000000007,2.3999999999999999,72,0
0.49999999999999989,0.86602540378443871,3,0,0,0,0,0,1,0,0,0,1,21.25,22,24,26,22,9.3000000000000007,1.3999999999999999,73,0
0.70710678118654757,0.70710678118654757,3,0,0,0,0,0,1,0,0,0,1,21.25,22,21.25,22,22,9.5,2,73,0
0.8660254037844386,0.50000000000000011,3,0,0,0,0,0,1,0,0,0,1,22.5,24,21.25,22,24,9.4000000000000004,2.2000000000000002,73,0
0.96592582628906842,0.25881904510252068,3,0,0,0,0,0,1,0,0,0,1,23.25,26,22.5,24,21,9.6999999999999993,2.3999999999999999,71,0
1,6.123233995736766e-17,3,0,0,0,0,0,1,0,0,0,1,21.25,22,23.25,26,22,9.8000000000000007,1.6000000000000001,70,0
0.96592582628906842,-0.25881904510252057,3,0,0,0,0,0,1,0,0,0,1,21.25,22,21.25,22,21,10,1.2,70,0
0.86602540378443871,-0.49999999999999978,3,0,0,0,0,0,1,0,0,0,1,23.75,26,21.25,22,22,10.4,2.2000000000000002,68,0
0.70710678118654757,-0.70710678118654746,3,0,0,0,0,0,1,0,0,0,1,21,21,23.75,26,21,10.800000000000001,3.2000000000000002,69,0
0.49999999999999989,-0.86602540378443871,3,0,0,0,0,0,1,0,0,0,1,21,21,21,21,21,11.5,2.7000000000000002,66,0
0.25881904510252102,-0.9659258262890682,3,0,0,0,0,0,1,0,0,0,1,22.5,26,21,21,26,13.300000000000001,4.2999999999999998,57,0
1.2246467991473532e-16,-1,3,0,0,0,0,0,1,0,0,0,1,22,25,22.5,26,21,13.6,4.5999999999999996,57,0
-0.25881904510252079,-0.96592582628906842,3,0,0,0,0,0,1,0,0,0,1,21,21,22,25,21,12.5,4.7000000000000002,67,0
-0.49999999999999972,-0.86602540378443882,3,0,0,0,0,0,1,0,0,0,1,21,21,21,21,21,12.5,4.5999999999999996,64,0
-0.70710678118654713,-0.70710678118654791,3,0,0,0,0,0,1,0,0,0,1,22.75,25,21,21,21,12.800000000000001,4.5,65,0
-0.86602540378443849,-0.50000000000000044,3,0,0,0,0,0,1,0,0,0,1,21,21,22.75,25,21,12.9,3.5,63,0
-0.96592582628906842,-0.25881904510252057,3,0,0,0,0,0,1,0,0,0,1,21,21,21,21,21,12.1,3.7000000000000002,63,0
-1,-1.8369701987210292e-16,3,0,0,0,0,0,1,0,0,0,1,23.25,26,21,21,21,11.800000000000001,2.8999999999999999,64,0
-0.96592582628906842,0.2588190451025203,3,0,0,0,0,0,1,0,0,0,1,21,21,23.25,26,21,11,3.2000000000000002,69,0
-0.8660254037844386,0.50000000000000011,3,0,0,0,0,0,1,0,0,0,1,21,21,21,21,21,10.5,2.2000000000000002,70,0
-0.70710678118654768,0.70710678118654735,3,0,0,0,0,0,1,0,0,0,1,23.25,26,21,21,21,10.1,2.1000000000000001,71,0
-0.50000000000000044,0.86602540378443837,3,0,0,0,0,0,1,0,0,0,1,21.25,22,23.25,26,22,10.1,2.5,71,0
-0.25881904510252152,0.96592582628906798,3,0,0,0,0,0,1,0,0,0,1,21,21,21.25,22,21,10.199999999999999,1.8,72,0
0,1,3,1,0,0,0,0,0,1,0,0,1,24,26,21,21,25,10.1,1.7,74,0
0.25881904510252068,0.96592582628906842,3,1,0,0,0,0,0,1,0,24,0,63.25,64,24,26,63,10.1,1.8,76,0
0.49999999999999989,0.86602540378443871,3,1,0,0,0,0,0,1,0,108,0,104.5,116,63.25,64,113,10.1,1.3999999999999999,73,0
0.70710678118654757,0.70710678118654757,3,1,0,0,0,0,0,1,0,0,1,103.75,107,104.5,116,107,10.1,1.8999999999999999,76,0
0.8660254037844386,0.50000000000000011,3,1,0,0,0,0,0,1,0,192,0,105.25,110,103.75,107,109,10.300000000000001,2,77,0
0.96592582628906842,0.25881904510252068,3,1,0,0,0,0,0,1,0,24,0,106.75,108,105.25,110,108,10.5,1.2,78,0
1,6.123233995736766e-17,3,1,0,0,0,0,0,1,0,56,0,92.25,99,106.75,108,98,10.300000000000001,2.1000000000000001,80,0
0.96592582628906842,-0.25881904510252057,3,1,0,0,0,0,0,1,0,220,0,106.5,111,92.25,99,103,9.1999999999999993,2,93,0.90000000000000002
0.86602540378443871,-0.49999999999999978,3,1,0,0,0,0,0,1,0,673,0,61,92,106.5,111,29,9.1999999999999993,0.90000000000000002,98,1.6000000000000001
0.70710678118654757,-0.70710678118654746,3,1,0,0,0,0,0,1,0,0,1,24,27,61,92,22,9.5,1.5,98,1.8
0.49999999999999989,-0.86602540378443871,3,1,0,0,0,0,0,1,0,0,1,22,22,24,27,22,9.5999999999999996,2.1000000000000001,98,1.8999999999999999
0.25881904510252102,-0.9659258262890682,3,1,0,0,0,0,0,1,0,0,1,22,22,22,22,22,9.6999999999999993,2.3999999999999999,98,2.1000000000000001
1.2246467991473532e-16,-1,3,1,0,0,0,0,0,1,0,0,1,25,28,22,22,27,10.1,0.80000000000000004,98,2.3999999999999999
-0.25881904510252079,-0.96592582628906842,3,1,0,0,0,0,0,1,0,0,1,22.25,23,25,28,22,10.4,1.6000000000000001,98,3.1000000000000001
-0.49999999999999972,-0.86602540378443882,3,1,0,0,0,0,0,1,0,0,1,22.25,23,22.25,23,22,10.699999999999999,1.6000000000000001,98,3.6000000000000001
-0.70710678118654713,-0.70710678118654791,3,1,0,0,0,0,0,1,0,0,1,22.5,23,22.25,23,23,11.1,2.1000000000000001,98,3.7999999999999998
-0.86602540378443849,-0.50000000000000044,3,1,0,0,0,0,0,1,0,0,1,24.75,28,22.5,23,22,11.199999999999999,2.5,98,3.8999999999999999
-0.96592582628906842,-0.25881904510252057,3,1,0,0,0,0,0,1,0,0,1,22.75,23,24.75,28,23,11.699999999999999,3.2000000000000002,98,4.0999999999999996
-1,-1.8369701987210292e-16,3,1,0,0,0,0,0,1,0,0,1,22.25,23,22.75,23,23,11,3.2999999999999998,98,4.0999999999999996
-0.96592582628906842,0.2588190451025203,3,1,0,0,0,0,0,1,0,0,1,24.75,27,22.25,23,27,11,2.5,98,4.0999999999999996
-0.8660254037844386,0.50000000000000011,3,1,0,0,0,0,0,1,0,0,1,22,22,24.75,27,22,10.9,1.8,98,4.0999999999999996
-0.70710678118654768,0.70710678118654735,3,1,0,0,0,0,0,1,0,0,1,22,22,22,22,22,10.699999999999999,2.3999999999999999,95,4.0999999999999996
-0.50000000000000044,0.86602540378443837,3,1,0,0,0,0,0,1,0,0,1,23.5,27,22,22,27,10.699999999999999,2.7000000000000002,93,4.0999999999999996
-0.25881904510252152,0.96592582628906798,3,1,0,0,0,0,0,1,0,0,1,23,26,23.5,27,22,10.5,3.2000000000000002,94,4.0999999999999996
0,1,3,1,0,0,0,0,0,0,1,0,1,22,22,23,26,22,10.4,2.5,95,4.0999999999999996
0.25881904510252068,0.96592582628906842,3,1,0,0,0,0,0,0,1,0,1,23.25,25,22,22,25,10.300000000000001,1.3999999999999999,93,4.0999999999999996
0.49999999999999989,0.86602540378443871,3,1,0,0,0,0,0,0,1,0,1,23.75,28,23.25,25,22,9.5,1.7,98,0.40000000000000002
0.70710678118654757,0.70710678118654757,3,1,0,0,0,0,0,0,1,0,1,22.25,23,23.75,28,22,9.6999999999999993,0.80000000000000004,98,0.40000000000000002
0.8660254037844386,0.50000000000000011,3,1,0,0,0,0,0,0,1,0,1,22.5,23,22.25,23,22,9.5,1.1000000000000001,98,0.40000000000000002
0.96592582628906842,0.25881904510252068,3,1,0,0,0,0,0,0,1,0,1,24.5,27,22.5,23,23,9.4000000000000004,2.2000000000000002,92,0.40000000000000002
1,6.123233995736766e-17,3,1,0,0,0,0,0,0,1,0,1,22.25,23,24.5,27,22,9.8000000000000007,2.2999999999999998,88,0.40000000000000002
0.96592582628906842,-0.25881904510252057,3,1,0,0,0,0,0,0,1,0,1,22,22,22.25,23,22,10.1,2.5,78,0.40000000000000002
0.86602540378443871,-0.49999999999999978,3,1,0,0,0,0,0,0,1,0,1,23.75,26,22,22,25,9.1999999999999993,3.1000000000000001,76,0.40000000000000002
0.70710678118654757,-0.70710678118654746,3,1,0,0,0,0,0,0,1,0,1,189.5,208,23.75,26,206,8.8000000000000007,4.7999999999999998,71,0.40000000000000002
0.49999999999999989,-0.86602540378443871,3,1,0,0,0,0,0,0,1,0,1,189.25,194,189.5,208,187,9.9000000000000004,2.5,71,0.40000000000000002
0.25881904510252102,-0.9659258262890682,3,1,0,0,0,0,0,0,1,0,1,185,202,189.25,194,178,10.9,3.7000000000000002,59,0.40000000000000002
1.2246467991473532e-16,-1,3,1,0,0,0,0,0,0,1,0,1,181,191,185,202,189,11.5,3.3999999999999999,49,0.40000000000000002
-0.25881904510252079,-0.96592582628906842,3,1,0,0,0,0,0,0,1,0,1,114.5,132,181,191,126,12.300000000000001,4.2000000000000002,42,0.40000000000000002
-0.49999999999999972,-0.86602540378443882,3,1,0,0,0,0,0,0,1,0,1,189.5,199,114.5,132,199,12.300000000000001,5.2000000000000002,38,0.40000000000000002
-0.70710678118654713,-0.70710678118654791,3,1,0,0,0,0,0,0,1,0,1,189.25,201,189.5,199,196,12.300000000000001,4.7999999999999998,38,0.40000000000000002
-0.86602540378443849,-0.50000000000000044,3,1,0,0,0,0,0,0,1,0,1,168.5,184,189.25,201,165,12,4.4000000000000004,41,0.40000000000000002
-0.96592582628906842,-0.25881904510252057,3,1,0,0,0,0,0,0,1,0,1,160,164,168.5,184,162,11.199999999999999,4.2000000000000002,39,0.40000000000000002
-1,-1.8369701987210292e-16,3,1,0,0,0,0,0,0,1,0,1,134,162,160,164,162,11.1,2.5,40,0.40000000000000002
-0.96592582628906842,0.2588190451025203,3,1,0,0,0,0,0,0,1,0,1,156.25,157,134,162,157,10.300000000000001,4,36,0.40000000000000002
-0.8660254037844386,0.50000000000000011,3,1,0,0,0,0,0,0,1,0,1,143.25,159,156.25,157,119,9.8000000000000007,2.6000000000000001,36,0.40000000000000002
-0.70710678118654768,0.70710678118654735,3,1,0,0,0,0,0,0,1,0,1,126.75,134,143.25,159,125,9.0999999999999996,4,34,0.40000000000000002
-0.50000000000000044,0.86602540378443837,3,1,0,0,0,0,0,0,1,0,1,126.75,133,126.75,134,131,7.9000000000000004,3.3999999999999999,36,0.40000000000000002
-0.25881904510252152,0.96592582628906798,3,1,0,0,0,0,0,0,1,0,1,114,121,126.75,133,121,6.7000000000000002,2.6000000000000001,41,0.40000000000000002
0,1,3,0,1,0,0,0,0,0,0,0,1,112.25,130,114,121,82,5.7999999999999998,3.7000000000000002,47,0.40000000000000002
0.25881904510252068,0.96592582628906842,3,0,1,0,0,0,0,0,0,0,1,71.25,74,112.25,130,71,5.5,4,50,0
0.49999999999999989,0.86602540378443871,3,0,1,0,0,0,0,0,0,0,1,108,118,71.25,74,118,5.2000000000000002,5.5,52,0
0.70710678118654757,0.70710678118654757,3,0,1,0,0,0,0,0,0,0,1,112.75,120,108,118,120,4.9000000000000004,5.2999999999999998,54,0
0.8660254037844386,0.50000000000000011,3,0,1,0,0,0,0,0,0,0,1,113,123,112.75,120,116,4.7999999999999998,4.9000000000000004,54,0
0.96592582628906842,0.25881904510252068,3,0,1,0,0,0,0,0,0,0,1,116.5,121,113,123,120,4.5999999999999996,5.2999999999999998,53,0
1,6.123233995736766e-17,3,0,1,0,0,0,0,0,0,0,1,93.5,112,116.5,121,112,4.2999999999999998,6,54,0
0.96592582628906842,-0.25881904510252057,3,0,1,0,0,0,0,0,0,0,1,114,117,93.5,112,108,4,6.2000000000000002,54,0
0.86602540378443871,-0.49999999999999978,3,0,1,0,0,0,0,0,0,0,1,138.5,162,114,117,159,3.7000000000000002,5.9000000000000004,52,0
0.70710678118654757,-0.70710678118654746,3,0,1,0,0,0,0,0,0,855,0,171,178,138.5,162,178,4.5,5.2999999999999998,45,0
0.49999999999999989,-0.86602540378443871,3,0,1,0,0,0,0,0,0,710,0,166.5,176,171,178,160,5.5999999999999996,5.5,39,0
0.25881904510252102,-0.9659258262890682,3,0,1,0,0,0,0,0,0,2924,0,172.25,189,166.5,176,185,7,5.2999999999999998,34,0
1.2246467991473532e-16,-1,3,0,1,0,0,0,0,0,0,1318,0,172.25,180,172.25,189,168,8.5999999999999996,4.7999999999999998,31,0
-0.25881904510252079,-0.96592582628906842,3,0,1,0,0,0,0,0,0,1133,0,110.75,122,172.25,180,122,9.5,5.4000000000000004,27,0
-0.49999999999999972,-0.86602540378443882,3,0,1,0,0,0,0,0,0,781,0,166.25,186,110.75,122,186,10.699999999999999,4.7000000000000002,25,0
-0.70710678118654713,-0.70710678118654791,3,0,1,0,0,0,0,0,0,3513,0,156.5,172,166.25,186,163,11.6,4.9000000000000004,22,0
-0.86602540378443849,-0.50000000000000044,3,0,1,0,0,0,0,0,0,1272,0,156.25,171,156.5,172,161,11.800000000000001,4.4000000000000004,20,0
-0.96592582628906842,-0.25881904510252057,3,0,1,0,0,0,0,0,0,1557,0,159.75,175,156.25,171,154,12.6,3.6000000000000001,21,0
-1,-1.8369701987210292e-16,3,0,1,0,0,0,0,0,0,1143,0,119.75,159,159.75,175,159,12.1,3.1000000000000001,25,0
-0.96592582628906842,0.2588190451025203,3,0,1,0,0,0,0,0,0,2718,0,152.5,164,119.75,159,149,11,2.2999999999999998,27,0
-0.8660254037844386,0.50000000000000011,3,0,1,0,0,0,0,0,0,2545,0,155.75,174,152.5,164,154,9.8000000000000007,2.1000000000000001,31,0
-0.70710678118654768,0.70710678118654735,3,0,1,0,0,0,0,0,0,221,0,132.5,134,155.75,174,134,9.0999999999999996,2.3999999999999999,34,0
-0.50000000000000044,0.86602540378443837,3,0,1,0,0,0,0,0,0,101,0,125.5,128,132.5,134,123,8.6999999999999993,1.5,34,0
-0.25881904510252152,0.96592582628906798,3,0,1,0,0,0,0,0,0,41,0,113.5,122,125.5,128,116,7.7999999999999998,2,36,0
0,1,3,0,0,1,0,0,0,0,0,37,0,113.25,131,113.5,122,88,7.2999999999999998,1.3,35,0
0.25881904510252068,0.96592582628906842,3,0,0,1,0,0,0,0,0,74,0,69,70,113.25,131,68,6.5,1,36,0
0.49999999999999989,0.86602540378443871,3,0,0,1,0,0,0,0,0,166,0,102.5,106,69,70,106,6.7999999999999998,1.8999999999999999,33,0
0.70710678118654757,0.70710678118654757,3,0,0,1,0,0,0,0,0,115,0,119.5,123,102.5,106,113,6.7000000000000002,2,35,0
0.8660254037844386,0.50000000000000011,3,0,0,1,0,0,0,0,0,65,0,103,113,119.5,123,113,6.5,2.5,37,0
0.96592582628906842,0.25881904510252068,3,0,0,1,0,0,0,0,0,195,0,111.75,116,103,113,111,7.0999999999999996,3.2999999999999998,35,0
1,6.123233995736766e-17,3,0,0,1,0,0,0,0,0,154,0,95.25,125,111.75,116,125,6.7000000000000002,2.3999999999999999,37,0
0.96592582628906842,-0.25881904510252057,3,0,0,1,0,0,0,0,0,24,0,116.75,125,95.25,125,119,4.2999999999999998,0.40000000000000002,48,0
0.86602540378443871,-0.49999999999999978,3,0,0,1,0,0,0,0,0,783,0,140.25,158,116.75,125,149,4.9000000000000004,0.5,47,0
0.70710678118654757,-0.70710678118654746,3,0,0,1,0,0,0,0,0,429,0,162.5,174,140.25,158,160,7.2999999999999998,0.80000000000000004,44,0
0.49999999999999989,-0.86602540378443871,3,0,0,1,0,0,0,0,0,1010,0,159.75,162,162.5,174,156,9.6999999999999993,1.3,32,0
0.25881904510252102,-0.9659258262890682,3,0,0,1,0,0,0,0,0,170,0,148,160,159.75,162,160,12,2.2999999999999998,26,0
1.2246467991473532e-16,-1,3,0,0,1,0,0,0,0,0,2543,0,155.75,166,148,160,153,13.800000000000001,2,19,0
-0.25881904510252079,-0.96592582628906842,3,0,0,1,0,0,0,0,0,141,0,93,104,155.75,166,104,15.5,2.7999999999999998,17,0
-0.49999999999999972,-0.86602540378443882,3,0,0,1,0,0,0,0,0,1052,0,153.25,161,93,104,161,16.399999999999999,3.1000000000000001,17,0
-0.70710678118654713,-0.70710678118654791,3,0,0,1,0,0,0,0,0,9830,0,151,156,153.25,161,153,17.199999999999999,3.2999999999999998,18,0
-0.86602540378443849,-0.50000000000000044,3,0,0,1,0,0,0,0,0,553,0,150,165,151,156,142,17.5,4,20,0
-0.96592582628906842,-0.25881904510252057,3,0,0,1,0,0,0,0,0,1358,0,159.5,168,150,165,163,17.699999999999999,3.7999999999999998,23,0
-1,-1.8369701987210292e-16,3,0,0,1,0,0,0,0,0,926,0,128,170,159.5,168,170,17.300000000000001,3.8999999999999999,25,0
-0.96592582628906842,0.2588190451025203,3,0,0,1,0,0,0,0,0,1369,0,161.5,166,128,170,158,16.300000000000001,4.2999999999999998,29,0
-0.8660254037844386,0.50000000000000011,3,0,0,1,0,0,0,0,0,40,0,136.75,146,161.5,166,117,14.6,4,43,0
-0.70710678118654768,0.70710678118654735,3,0,0,1,0,0,0,0,0,1,0,127.5,136,136.75,146,136,13.699999999999999,3.7999999999999998,49,0
-0.50000000000000044,0.86602540378443837,3,0,0,1,0,0,0,0,0,8,0,125.75,127,127.5,136,126,12.800000000000001,3.7999999999999998,55,0
-0.25881904510252152,0.96592582628906798,3,0,0,1,0,0,0,0,0,395,0,114,123,125.75,127,122,12.5,3.8999999999999999,56,0
0,1,3,0,0,0,1,0,0,0,0,17,0,110,120,114,123,101,12,2.1000000000000001,57,0
0.25881904510252068,0.96592582628906842,3,0,0,0,1,0,0,0,0,136,0,70.25,73,110,120,69,11.699999999999999,1.8,57,0
0.49999999999999989,0.86602540378443871,3,0,0,0,1,0,0,0,0,54,0,111,121,70.25,73,121,10.800000000000001,1,60,0
0.70710678118654757,0.70710678118654757,3,0,0,0,1,0,0,0,0,157,0,118,126,111,121,113,10,1.7,60,0
0.8660254037844386,0.50000000000000011,3,0,0,0,1,0,0,0,0,154,0,116.75,123,118,126,123,8.4000000000000004,1.1000000000000001,65,0
0.96592582628906842,0.25881904510252068,3,0,0,0,1,0,0,0,0,36,0,116.25,121,116.75,123,112,9.0999999999999996,0.69999999999999996,57,0
1,6.123233995736766e-17,3,0,0,0,1,0,0,0,0,226,0,101,116,116.25,121,116,9.5,2,48,0
0.96592582628906842,-0.25881904510252057,3,0,0,0,1,0,0,0,0,0,1,117.75,124,101,116,113,7.7000000000000002,0.40000000000000002,55,0
0.86602540378443871,-0.49999999999999978,3,0,0,0,1,0,0,0,0,969,0,149.25,172,117.75,124,172,9.0999999999999996,1.3,52,0
0.70710678118654757,-0.70710678118654746,3,0,0,0,1,0,0,0,0,524,0,182,188,149.25,172,184,9.8000000000000007,0.5,57,0
0.49999999999999989,-0.86602540378443871,3,0,0,0,1,0,0,0,0,1343,0,161.75,172,182,188,156,11.6,1,52,0
0.25881904510252102,-0.9659258262890682,3,0,0,0,1,0,0,0,0,742,0,154,171,161.75,172,171,13,1.6000000000000001,38,0
1.2246467991473532e-16,-1,3,0,0,0,1,0,0,0,0,536,0,163.5,170,154,171,156,15.9,1.8999999999999999,28,0
-0.25881904510252079,-0.96592582628906842,3,0,0,0,1,0,0,0,0,89,0,105.25,116,163.5,170,116,16.5,3.3999999999999999,23,0
-0.49999999999999972,-0.86602540378443882,3,0,0,0,1,0,0,0,0,1998,0,170.5,190,105.25,116,190,16.399999999999999,4.5,21,0
-0.70710678118654713,-0.70710678118654791,3,0,0,0,1,0,0,0,0,2394,0,163.25,175,170.5,190,158,17.300000000000001,2.7000000000000002,29,0
-0.86602540378443849,-0.50000000000000044,3,0,0,0,1,0,0,0,0,1070,0,150.25,180,163.25,175,180,17.5,2.8999999999999999,29,0
-0.96592582628906842,-0.25881904510252057,3,0,0,0,1,0,0,0,0,1332,0,162.25,165,150.25,180,164,16.699999999999999,3.7000000000000002,33,0
-1,-1.8369701987210292e-16,3,0,0,0,1,0,0,0,0,335,0,134.75,164,162.25,165,164,16.899999999999999,2.5,34,0
-0.96592582628906842,0.2588190451025203,3,0,0,0,1,0,0,0,0,1729,0,149.75,159,134.75,164,159,15.800000000000001,3.2000000000000002,45,0
-0.8660254037844386,0.50000000000000011,3,0,0,0,1,0,0,0,0,1932,0,159.25,168,149.75,159,155,15,2.1000000000000001,50,0
-0.70710678118654768,0.70710678118654735,3,0,0,0,1,0,0,0,0,0,1,135.5,142,159.25,168,142,14.6,3.6000000000000001,58,0
-0.50000000000000044,0.86602540378443837,3,0,0,0,1,0,0,0,0,335,0,131,142,135.5,142,120,14.300000000000001,3.6000000000000001,59,0
-0.25881904510252152,0.96592582628906798,3,0,0,0,1,0,0,0,0,0,1,121.25,135,131,142,135,14.1,4.2000000000000002,66,0
0,1,3,0,0,0,0,1,0,0,0,193,0,114.75,129,121.25,135,89,14,3.1000000000000001,67,0
0.25881904510252068,0.96592582628906842,3,0,0,0,0,1,0,0,0,0,1,71,74,114.75,129,70,13.5,2.1000000000000001,69,0
0.49999999999999989,0.86602540378443871,3,0,0,0,0,1,0,0,0,166,0,119,128,71,74,121,12.5,1.3999999999999999,73,0
0.70710678118654757,0.70710678118654757,3,0,0,0,0,1,0,0,0,21,0,117,126,119,128,115,12.5,1.3999999999999999,73,0
0.8660254037844386,0.50000000000000011,3,0,0,0,0,1,0,0,0,9,0,119.25,128,117,126,128,10.4,1,81,0
0.96592582628906842,0.25881904510252068,3,0,0,0,0,1,0,0,0,458,0,118.25,122,119.25,128,119,10.300000000000001,2,77,0
1,6.123233995736766e-17,3,0,0,0,0,1,0,0,0,0,1,106,114,118.25,122,114,9.8000000000000007,2,75,0
0.96592582628906842,-0.25881904510252057,3,0,0,0,0,1,0,0,0,93,0,114.25,122,106,114,122,9.6999999999999993,2.2000000000000002,66,0
0.86602540378443871,-0.49999999999999978,3,0,0,0,0,1,0,0,0,916,0,135,152,114.25,122,142,10.4,2.2000000000000002,62,0
0.70710678118654757,-0.70710678118654746,3,0,0,0,0,1,0,0,0,615,0,155.75,168,135,152,168,11.1,1.3999999999999999,64,0
0.49999999999999989,-0.86602540378443871,3,0,0,0,0,1,0,0,0,866,0,169.75,178,155.75,168,169,13.300000000000001,2.3999999999999999,53,0
0.25881904510252102,-0.9659258262890682,3,0,0,0,0,1,0,0,0,1223,0,171.75,182,169.75,178,182,15.199999999999999,2.2000000000000002,46,0
1.2246467991473532e-16,-1,3,0,0,0,0,1,0,0,0,727,0,180.25,184,171.75,182,183,16.399999999999999,3.1000000000000001,35,0
-0.25881904510252079,-0.96592582628906842,3,0,0,0,0,1,0,0,0,0,1,121.75,136,180.25,184,134,18.199999999999999,3,29,0
-0.49999999999999972,-0.86602540378443882,3,0,0,0,0,1,0,0,0,1322,0,179.25,185,121.75,136,174,19,2.7999999999999998,26,0
-0.70710678118654713,-0.70710678118654791,3,0,0,0,0,1,0,0,0,6064,0,177,184,179.25,185,178,18.699999999999999,3.2000000000000002,26,0
-0.86602540378443849,-0.50000000000000044,3,0,0,0,0,1,0,0,0,2397,0,174.5,186,177,184,178,17.800000000000001,3.2000000000000002,29,0
-0.96592582628906842,-0.25881904510252057,3,0,0,0,0,1,0,0,0,635,0,166.25,176,174.5,186,176,17.5,3.2000000000000002,32,0
-1,-1.8369701987210292e-16,3,0,0,0,0,1,0,0,0,396,0,141,180,166.25,176,180,16.5,2,41,0
-0.96592582628906842,0.2588190451025203,3,0,0,0,0,1,0,0,0,1411,0,141.5,164,141,180,124,14.6,2.8999999999999999,46,0
-0.8660254037844386,0.50000000000000011,3,0,0,0,0,1,0,0,0,986,0,110.25,127,141.5,164,96,13.699999999999999,2,53,0
-0.70710678118654768,0.70710678118654735,3,0,0,0,0,1,0,0,0,1,0,108.75,115,110.25,127,115,13.199999999999999,2.3999999999999999,50,0
-0.50000000000000044,0.86602540378443837,3,0,0,0,0,1,0,0,0,125,0,116.25,121,108.75,115,108,12.699999999999999,1,53,0
-0.25881904510252152,0.96592582628906798,3,0,0,0,0,1,0,0,0,378,0,123,136,116.25,121,132,13.1,3.2999999999999998,53,0
0,1,3,0,0,0,0,0,1,0,0,58,0,101.75,122,123,136,84,11.9,1.3,60,0
0.25881904510252068,0.96592582628906842,3,0,0,0,0,0,1,0,0,0,1,24,26,101.75,122,26,11.5,2.2000000000000002,60,0
0.49999999999999989,0.86602540378443871,3,0,0,0,0,0,1,0,0,0,1,21.25,22,24,26,22,11.800000000000001,1.3999999999999999,55,0
0.70710678118654757,0.70710678118654757,3,0,0,0,0,0,1,0,0,0,1,21.25,22,21.25,22,22,11.9,0.90000000000000002,55,0
0.8660254037844386,0.50000000000000011,3,0,0,0,0,0,1,0,0,0,1,22.5,24,21.25,22,24,12.4,2,52,0
0.96592582628906842,0.25881904510252068,3,0,0,0,0,0,1,0,0,0,1,23.25,26,22.5,24,21,12.5,2.3999999999999999,53,0
1,6.123233995736766e-17,3,0,0,0,0,0,1,0,0,0,1,21.25,22,23.25,26,22,12.1,2.1000000000000001,58,0
0.96592582628906842,-0.25881904510252057,3,0,0,0,0,0,1,0,0,0,1,21.25,22,21.25,22,21,11.6,1.5,60,0
0.86602540378443871,-0.49999999999999978,3,0,0,0,0,0,1,0,0,0,1,23.75,26,21.25,22,22,11.6,0.29999999999999999,65,0
0.70710678118654757,-0.70710678118654746,3,0,0,0,0,0,1,0,0,0,1,21,21,23.75,26,21,14.300000000000001,1.1000000000000001,51,0
0.49999999999999989,-0.86602540378443871,3,0,0,0,0,0,1,0,0,0,1,21,21,21,21,21,16.300000000000001,1.7,35,0
0.25881904510252102,-0.9659258262890682,3,0,0,0,0,0,1,0,0,0,1,22.5,26,21,21,26,18.899999999999999,1.3999999999999999,27,0
1.2246467991473532e-16,-1,3,0,0,0,0,0,1,0,0,0,1,22,25,22.5,26,21,20.600000000000001,1.6000000000000001,18,0
-0.25881904510252079,-0.96592582628906842,3,0,0,0,0,0,1,0,0,0,1,21,21,22,25,21,18.899999999999999,3.7000000000000002,32,0
-0.49999999999999972,-0.86602540378443882,3,0,0,0,0,0,1,0,0,0,1,21,21,21,21,21,19.100000000000001,3.5,41,0
-0.70710678118654713,-0.70710678118654791,3,0,0,0,0,0,1,0,0,0,1,22.75,25,21,21,21,18.300000000000001,3.5,39,0
-0.86602540378443849,-0.50000000000000044,3,0,0,0,0,0,1,0,0,0,1,21,21,22.75,25,21,17.300000000000001,3.1000000000000001,40,0
-0.96592582628906842,-0.25881904510252057,3,0,0,0,0,0,1,0,0,0,1,21,21,21,21,21,16.800000000000001,2.7000000000000002,44,0
-1,-1.8369701987210292e-16,3,0,0,0,0,0,1,0,0,0,1,23.25,26,21,21,21,16.300000000000001,3.1000000000000001,49,0
-0.96592582628906842,0.2588190451025203,3,0,0,0,0,0,1,0,0,0,1,21,21,23.25,26,21,15.5,2.7999999999999998,58,0
-0.8660254037844386,0.50000000000000011,3,0,0,0,0,0,1,0,0,0,1,21,21,21,21,21,14.9,3,57,0
-0.70710678118654768,0.70710678118654735,3,0,0,0,0,0,1,0,0,0,1,23.25,26,21,21,21,14.300000000000001,2.2000000000000002,57,0
-0.50000000000000044,0.86602540378443837,3,0,0,0,0,0,1,0,0,0,1,21.25,22,23.25,26,22,13.5,1.3999999999999999,63,0
-0.25881904510252152,0.96592582628906798,3,0,0,0,0,0,1,0,0,0,1,21,21,21.25,22,21,12.5,0.40000000000000002,71,0
0,1,3,1,0,0,0,0,0,1,0,0,1,24,26,21,21,25,11.800000000000001,0.40000000000000002,75,0
0.25881904510252068,0.96592582628906842,3,1,0,0,0,0,0,1,0,0,1,63.25,64,24,26,63,11.5,0.20000000000000001,76,0
0.49999999999999989,0.86602540378443871,3,1,0,0,0,0,0,1,0,390,0,104.5,116,63.25,64,113,11.199999999999999,0.29999999999999999,79,0
0.70710678118654757,0.70710678118654757,3,1,0,0,0,0,0,1,0,60,0,103.75,107,104.5,116,107,10.6,0.5,83,0
0.8660254037844386,0.50000000000000011,3,1,0,0,0,0,0,1,0,4,0,105.25,110,103.75,107,109,9.1999999999999993,0,88,0
0.96592582628906842,0.25881904510252068,3,1,0,0,0,0,0,1,0,678,0,106.75,108,105.25,110,108,9,0.20000000000000001,91,0
1,6.123233995736766e-17,3,1,0,0,0,0,0,1,0,44,0,92.25,99,106.75,108,98,8.5,0,94,0
0.96592582628906842,-0.25881904510252057,3,1,0,0,0,0,0,1,0,31,0,106.5,111,92.25,99,103,8.3000000000000007,0.69999999999999996,94,0
0.86602540378443871,-0.49999999999999978,3,1,0,0,0,0,0,1,0,760,0,61,92,106.5,111,29,9,0.20000000000000001,94,0
0.70710678118654757,-0.70710678118654746,3,1,0,0,0,0,0,1,0,0,1,24,27,61,92,22,10.4,0.5,86,0
0.49999999999999989,-0.86602540378443871,3,1,0,0,0,0,0,1,0,0,1,22,22,24,27,22,11.800000000000001,1.2,84,0
0.25881904510252102,-0.9659258262890682,3,1,0,0,0,0,0,1,0,0,1,22,22,22,22,22,13.5,1,76,0
1.2246467991473532e-16,-1,3,1,0,0,0,0,0,1,0,0,1,25,28,22,22,27,15.199999999999999,1.8999999999999999,72,0
-0.25881904510252079,-0.96592582628906842,3,1,0,0,0,0,0,1,0,0,1,22.25,23,25,28,22,15.9,2.8999999999999999,79,0
-0.49999999999999972,-0.86602540378443882,3,1,0,0,0,0,0,1,0,0,1,22.25,23,22.25,23,22,17.100000000000001,3.3999999999999999,79,0
-0.70710678118654713,-0.70710678118654791,3,1,0,0,0,0,0,1,0,0,1,22.5,23,22.25,23,23,16.300000000000001,3.2999999999999998,77,0
-0.86602540378443849,-0.50000000000000044,3,1,0,0,0,0,0,1,0,0,1,24.75,28,22.5,23,22,16.699999999999999,2.8999999999999999,75,0
-0.96592582628906842,-0.25881904510252057,3,1,0,0,0,0,0,1,0,0,1,22.75,23,24.75,28,23,17.199999999999999,2.7000000000000002,74,0
-1,-1.8369701987210292e-16,3,1,0,0,0,0,0,1,0,0,1,22.25,23,22.75,23,23,16.800000000000001,3.3999999999999999,72,0
-0.96592582628906842,0.2588190451025203,3,1,0,0,0,0,0,1,0,0,1,24.75,27,22.25,23,27,16.600000000000001,4.2000000000000002,71,0
-0.8660254037844386,0.50000000000000011,3,1,0,0,0,0,0,1,0,0,1,22,22,24.75,27,22,16.199999999999999,2.7999999999999998,78,0
-0.70710678118654768,0.70710678118654735,3,1,0,0,0,0,0,1,0,0,1,22,22,22,22,22,15.1,3.7000000000000002,97,1.3
-0.50000000000000044,0.86602540378443837,3,1,0,0,0,0,0,1,0,0,1,23.5,27,22,22,27,14.300000000000001,5.0999999999999996,98,7.7999999999999998
-0.25881904510252152,0.96592582628906798,3,1,0,0,0,0,0,1,0,0,1,23,26,23.5,27,22,14.4,4,98,15
0,1,3,1,0,0,0,0,0,0,1,0,1,22,22,23,26,22,14.800000000000001,4,98,20.899999999999999
0.25881904510252068,0.96592582628906842,3,1,0,0,0,0,0,0,1,0,1,23.75,24,22,22,24,15,4.9000000000000004,98,23.600000000000001
0.49999999999999989,0.86602540378443871,3,1,0,0,0,0,0,0,1,0,1,25.5,28,23.75,24,25,15,3.7000000000000002,98,5.5
0.70710678118654757,0.70710678118654757,3,1,0,0,0,0,0,0,1,0,1,22,22,25.5,28,22,15.800000000000001,5,98,9.4000000000000004
0.8660254037844386,0.50000000000000011,3,1,0,0,0,0,0,0,1,0,1,23.5,24,22,22,23,16.100000000000001,4.7999999999999998,98,10.4
0.96592582628906842,0.25881904510252068,3,1,0,0,0,0,0,0,1,0,1,25.5,28,23.5,24,28,15.6,3,98,11.1
1,6.123233995736766e-17,3,1,0,0,0,0,0,0,1,0,1,22,22,25.5,28,22,15.9,3.2999999999999998,98,11.199999999999999
0.96592582628906842,-0.25881904510252057,3,1,0,0,0,0,0,0,1,0,1,23,23,22,22,23,15.4,2.8999999999999999,98,11.199999999999999
0.86602540378443871,-0.49999999999999978,3,1,0,0,0,0,0,0,1,0,1,23.75,26,23,23,25,15.5,2.2000000000000002,98,11.199999999999999
0.70710678118654757,-0.70710678118654746,3,1,0,0,0,0,0,0,1,0,1,174.75,198,23.75,26,198,16.399999999999999,1.8999999999999999,94,11.199999999999999
0.49999999999999989,-0.86602540378443871,3,1,0,0,0,0,0,0,1,0,1,178.25,185,174.75,198,172,17,1.5,83,11.199999999999999
0.25881904510252102,-0.9659258262890682,3,1,0,0,0,0,0,0,1,0,1,167.25,184,178.25,185,168,17.699999999999999,3.2000000000000002,57,11.199999999999999
1.2246467991473532e-16,-1,3,1,0,0,0,0,0,0,1,0,1,182.75,193,167.25,184,184,18.600000000000001,3.7999999999999998,52,11.199999999999999
-0.25881904510252079,-0.96592582628906842,3,1,0,0,0,0,0,0,1,0,1,121.25,135,182.75,193,135,19.300000000000001,3.7000000000000002,49,11.199999999999999
-0.49999999999999972,-0.86602540378443882,3,1,0,0,0,0,0,0,1,0,1,185,191,121.25,135,191,20.399999999999999,3.6000000000000001,49,11.199999999999999
-0.70710678118654713,-0.70710678118654791,3,1,0,0,0,0,0,0,1,0,1,180.25,189,185,191,189,20.699999999999999,3.1000000000000001,49,11.199999999999999
-0.86602540378443849,-0.50000000000000044,3,1,0,0,0,0,0,0,1,0,1,181.5,194,180.25,189,189,21,2.7999999999999998,46,11.199999999999999
-0.96592582628906842,-0.25881904510252057,3,1,0,0,0,0,0,0,1,0,1,167.75,172,181.5,194,172,21.100000000000001,2.6000000000000001,46,11.199999999999999
-1,-1.8369701987210292e-16,3,1,0,0,0,0,0,0,1,0,1,150,179,167.75,172,179,21,2.7999999999999998,42,11.199999999999999
-0.96592582628906842,0.2588190451025203,3,1,0,0,0,0,0,0,1,0,1,176.75,185,150,179,171,20.300000000000001,2.6000000000000001,42,11.199999999999999
-0.8660254037844386,0.50000000000000011,3,1,0,0,0,0,0,0,1,0,1,152.75,169,176.75,185,121,18.199999999999999,1.1000000000000001,51,11.199999999999999
-0.70710678118654768,0.70710678118654735,3,1,0,0,0,0,0,0,1,0,1,111.75,113,152.75,169,113,17.300000000000001,2.3999999999999999,56,11.199999999999999
-0.50000000000000044,0.86602540378443837,3,1,0,0,0,0,0,0,1,0,1,117.75,123,111.75,113,113,16.100000000000001,1.3999999999999999,59,11.199999999999999
-0.25881904510252152,0.96592582628906798,3,1,0,0,0,0,0,0,1,0,1,109,119,117.75,123,119,15.5,1.1000000000000001,60,11.199999999999999
0,1,3,0,1,0,0,0,0,0,0,0,1,107.25,126,109,119,81,14.300000000000001,0.80000000000000004,61,11.199999999999999
0.25881904510252068,0.96592582628906842,3,0,1,0,0,0,0,0,0,0,1,66.25,67,107.25,126,66,14.1,2.1000000000000001,63,11.199999999999999
0.49999999999999989,0.86602540378443871,3,0,1,0,0,0,0,0,0,0,1,104.25,112,66.25,67,110,14.4,2.8999999999999999,64,0
0.70710678118654757,0.70710678118654757,3,0,1,0,0,0,0,0,0,0,1,112.5,124,104.25,112,95,14.9,3.1000000000000001,55,0
0.8660254037844386,0.50000000000000011,3,0,1,0,0,0,0,0,0,0,1,103.5,115,112.5,124,115,16,2.5,58,0
0.96592582628906842,0.25881904510252068,3,0,1,0,0,0,0,0,0,0,1,109.75,114,103.5,115,99,16,2.5,60,0
1,6.123233995736766e-17,3,0,1,0,0,0,0,0,0,0,1,90,110,109.75,114,110,15,2.1000000000000001,65,0
0.96592582628906842,-0.25881904510252057,3,0,1,0,0,0,0,0,0,0,1,113,119,90,110,112,15.699999999999999,1.6000000000000001,52,0
0.86602540378443871,-0.49999999999999978,3,0,1,0,0,0,0,0,0,10,0,136.75,160,113,119,160,14.1,1.6000000000000001,66,0
0.70710678118654757,-0.70710678118654746,3,0,1,0,0,0,0,0,0,1644,0,202,222,136.75,160,189,14,2.1000000000000001,72,0
0.49999999999999989,-0.86602540378443871,3,0,1,0,0,0,0,0,0,1648,0,179.25,183,202,222,176,15.6,2.6000000000000001,45,0
0.25881904510252102,-0.9659258262890682,3,0,1,0,0,0,0,0,0,720,0,162.75,175,179.25,183,168,16.699999999999999,1.7,32,0
1.2246467991473532e-16,-1,3,0,1,0,0,0,0,0,0,1059,0,193.25,200,162.75,175,200,17.300000000000001,3.1000000000000001,25,0
-0.25881904510252079,-0.96592582628906842,3,0,1,0,0,0,0,0,0,52,0,117.75,134,193.25,200,133,17.800000000000001,3.6000000000000001,23,0
-0.49999999999999972,-0.86602540378443882,3,0,1,0,0,0,0,0,0,669,0,186.5,194,117.75,134,187,18.600000000000001,3.3999999999999999,25,0
-0.70710678118654713,-0.70710678118654791,3,0,1,0,0,0,0,0,0,1152,0,177.25,183,186.5,194,177,19.100000000000001,2.7000000000000002,25,0
-0.86602540378443849,-0.50000000000000044,3,0,1,0,0,0,0,0,0,271,0,163.25,179,177.25,183,165,19.399999999999999,2.5,34,0
-0.96592582628906842,-0.25881904510252057,3,0,1,0,0,0,0,0,0,2375,0,163.75,167,163.25,179,164,18.199999999999999,2.1000000000000001,39,0
-1,-1.8369701987210292e-16,3,0,1,0,0,0,0,0,0,294,0,127.5,153,163.75,167,153,18.199999999999999,1.2,44,0
-0.96592582628906842,0.2588190451025203,3,0,1,0,0,0,0,0,0,1408,0,165.5,175,127.5,153,175,17.100000000000001,0.80000000000000004,53,0
-0.8660254037844386,0.50000000000000011,3,0,1,0,0,0,0,0,0,3513,0,160.25,177,165.5,175,137,16.300000000000001,1.3999999999999999,52,0
-0.70710678118654768,0.70710678118654735,3,0,1,0,0,0,0,0,0,370,0,134.5,137,160.25,177,135,15.800000000000001,2.1000000000000001,43,0
-0.50000000000000044,0.86602540378443837,3,0,1,0,0,0,0,0,0,62,0,123.75,126,134.5,137,119,14.800000000000001,1.8,43,0
-0.25881904510252152,0.96592582628906798,3,0,1,0,0,0,0,0,0,204,0,112.5,121,123.75,126,116,14,1.2,44,0
0,1,3,0,0,1,0,0,0,0,0,51,0,103.5,113,112.5,121,82,13.9,3,45,0
0.25881904510252068,0.96592582628906842,3,0,0,1,0,0,0,0,0,252,0,67,69,103.5,113,65,13.9,2.5,41,0
0.49999999999999989,0.86602540378443871,3,0,0,1,0,0,0,0,0,24,0,104,112,67,69,112,13.4,3,39,0
0.70710678118654757,0.70710678118654757,3,0,0,1,0,0,0,0,0,272,0,109.75,118,104,112,103,12.800000000000001,3.2999999999999998,37,0
0.8660254037844386,0.50000000000000011,3,0,0,1,0,0,0,0,0,1796,0,112,120,109.75,118,117,12.1,0.90000000000000002,38,0
0.96592582628906842,0.25881904510252068,3,0,0,1,0,0,0,0,0,358,0,109,116,112,120,103,11.6,1.3,38,0
1,6.123233995736766e-17,3,0,0,1,0,0,0,0,0,775,0,98.25,115,109,116,115,11.199999999999999,2.1000000000000001,38,0
0.96592582628906842,-0.25881904510252057,3,0,0,1,0,0,0,0,0,144,0,114.25,118,98.25,115,118,11.1,1.6000000000000001,36,0
0.86602540378443871,-0.49999999999999978,3,0,0,1,0,0,0,0,0,534,0,131.5,143,114.25,118,143,11.1,2.1000000000000001,36,0
0.70710678118654757,-0.70710678118654746,3,0,0,1,0,0,0,0,0,736,0,179.75,193,131.5,143,193,11.6,2.3999999999999999,38,0
0.49999999999999989,-0.86602540378443871,3,0,0,1,0,0,0,0,0,1209,0,178.75,187,179.75,193,171,12,3.5,36,0
0.25881904510252102,-0.9659258262890682,3,0,0,1,0,0,0,0,0,1037,0,158.5,171,178.75,187,152,13.1,3.7999999999999998,31,0
1.2246467991473532e-16,-1,3,0,0,1,0,0,0,0,0,1193,0,144,150,158.5,171,150,13.9,3,31,0
-0.25881904510252079,-0.96592582628906842,3,0,0,1,0,0,0,0,0,7208,0,107.75,119,144,150,109,16.199999999999999,2.1000000000000001,27,0
-0.49999999999999972,-0.86602540378443882,3,0,0,1,0,0,0,0,0,946,0,166.5,184,107.75,119,184,18.300000000000001,1.3999999999999999,21,0
-0.70710678118654713,-0.70710678118654791,3,0,0,1,0,0,0,0,0,904,0,165.75,177,166.5,184,165,18.800000000000001,2.6000000000000001,21,0
-0.86602540378443849,-0.50000000000000044,3,0,0,1,0,0,0,0,0,61,0,163.5,178,165.75,177,168,18.600000000000001,2.8999999999999999,28,0
-0.96592582628906842,-0.25881904510252057,3,0,0,1,0,0,0,0,0,1290,0,160.5,165,163.5,178,162,16.699999999999999,4.2999999999999998,37,0
-1,-1.8369701987210292e-16,3,0,0,1,0,0,0,0,0,1514,0,156.25,181,160.5,165,167,16.199999999999999,2.2999999999999998,41,0
-0.96592582628906842,0.2588190451025203,3,0,0,1,0,0,0,0,0,984,0,159.5,165,156.25,181,165,14.199999999999999,2.7999999999999998,45,0
-0.8660254037844386,0.50000000000000011,3,0,0,1,0,0,0,0,0,2347,0,141.25,162,159.5,165,107,12.4,0.69999999999999996,52,0
-0.70710678118654768,0.70710678118654735,3,0,0,1,0,0,0,0,0,15,0,109,115,141.25,162,112,11.5,0.10000000000000001,59,0
-0.50000000000000044,0.86602540378443837,3,0,0,1,0,0,0,0,0,187,0,112.75,117,109,115,108,11,0.5,63,0
-0.25881904510252152,0.96592582628906798,3,0,0,1,0,0,0,0,0,26,0,105.75,118,112.75,117,118,11.199999999999999,1.1000000000000001,66,0
0,1,3,0,0,0,1,0,0,0,0,400,0,104,120,105.75,118,77,10.1,0,71,0
0.25881904510252068,0.96592582628906842,3,0,0,0,1,0,0,0,0,0,1,24,26,104,120,26,9.5999999999999996,1.7,73,0
0.49999999999999989,0.86602540378443871,3,0,0,0,1,0,0,0,0,0,1,21.25,22,24,26,22,8.9000000000000004,0.5,75,0
0.70710678118654757,0.70710678118654757,3,0,0,0,1,0,0,0,0,0,1,21.25,22,21.25,22,22,8.3000000000000007,0.40000000000000002,78,0
0.8660254037844386,0.50000000000000011,3,0,0,0,1,0,0,0,0,0,1,22.5,24,21.25,22,24,7.7999999999999998,0.10000000000000001,80,0
0.96592582628906842,0.25881904510252068,3,0,0,0,1,0,0,0,0,0,1,23.25,26,22.5,24,21,7.2000000000000002,0.59999999999999998,81,0
1,6.123233995736766e-17,3,0,0,0,1,0,0,0,0,0,1,21.25,22,23.25,26,22,7.2000000000000002,2.1000000000000001,84,0
0.96592582628906842,-0.25881904510252057,3,0,0,0,1,0,0,0,0,0,1,21.25,22,21.25,22,21,6.7000000000000002,0.10000000000000001,87,0
0.86602540378443871,-0.49999999999999978,3,0,0,0,1,0,0,0,0,0,1,23.75,26,21.25,22,22,7.5999999999999996,0.10000000000000001,88,0
0.70710678118654757,-0.70710678118654746,3,0,0,0,1,0,0,0,0,0,1,21,21,23.75,26,21,10.9,0.29999999999999999,76,0
0.49999999999999989,-0.86602540378443871,3,0,0,0,1,0,0,0,0,0,1,21,21,21,21,21,12.800000000000001,1.1000000000000001,68,0
0.25881904510252102,-0.9659258262890682,3,0,0,0,1,0,0,0,0,0,1,22.5,26,21,21,26,15.1,1.6000000000000001,46,0
1.2246467991473532e-16,-1,3,0,0,0,1,0,0,0,0,0,1,22,25,22.5,26,21,17.300000000000001,2.6000000000000001,41,0
-0.25881904510252079,-0.96592582628906842,3,0,0,0,1,0,0,0,0,0,1,21,21,22,25,21,17.5,2.7000000000000002,43,0
-0.49999999999999972,-0.86602540378443882,3,0,0,0,1,0,0,0,0,0,1,21,21,21,21,21,18,2.8999999999999999,45,0
-0.70710678118654713,-0.70710678118654791,3,0,0,0,1,0,0,0,0,0,1,22.75,25,21,21,21,18.100000000000001,2.3999999999999999,42,0
-0.86602540378443849,-0.50000000000000044,3,0,0,0,1,0,0,0,0,0,1,21,21,22.75,25,21,17.699999999999999,3.3999999999999999,40,0
-0.96592582628906842,-0.25881904510252057,3,0,0,0,1,0,0,0,0,0,1,21,21,21,21,21,16.300000000000001,3.7000000000000002,55,0
-1,-1.8369701987210292e-16,3,0,0,0,1,0,0,0,0,0,1,23.25,26,21,21,21,14.5,3.1000000000000001,62,0
-0.96592582628906842,0.2588190451025203,3,0,0,0,1,0,0,0,0,0,1,21,21,23.25,26,21,13.5,3.6000000000000001,69,0
-0.8660254037844386,0.50000000000000011,3,0,0,0,1,0,0,0,0,0,1,21,21,21,21,21,12.800000000000001,2,72,0
-0.70710678118654768,0.70710678118654735,3,0,0,0,1,0,0,0,0,0,1,23.25,26,21,21,21,12.1,0.69999999999999996,73,0
-0.50000000000000044,0.86602540378443837,3,0,0,0,1,0,0,0,0,0,1,21.25,22,23.25,26,22,12.1,1.3999999999999999,72,0
-0.25881904510252152,0.96592582628906798,3,0,0,0,1,0,0,0,0,0,1,21,21,21.25,22,21,11.5,1.3999999999999999,74,0
0,1,4,0,0,0,0,1,0,0,0,0,1,24,26,21,21,25,11.6,1.8,77,0
0.25881904510252068,0.96592582628906842,4,0,0,0,0,1,0,0,0,0,1,22.75,26,24,26,21,11.199999999999999,1.6000000000000001,77,0
0.49999999999999989,0.86602540378443871,4,0,0,0,0,1,0,0,0,332,0,21,21,22.75,26,21,10.800000000000001,2.6000000000000001,79,0
0.70710678118654757,0.70710678118654757,4,0,0,0,0,1,0,0,0,77,0,21,21,21,21,21,10.6,1.8,79,0
0.8660254037844386,0.50000000000000011,4,0,0,0,0,1,0,0,0,682,0,23.25,26,21,21,21,10.5,2.1000000000000001,78,0
0.96592582628906842,0.25881904510252068,4,0,0,0,0,1,0,0,0,0,1,21,21,23.25,26,21,10.699999999999999,1.3999999999999999,83,0
1,6.123233995736766e-17,4,0,0,0,0,1,0,0,0,48,0,21,21,21,21,21,11.1,1.8,85,0
0.96592582628906842,-0.25881904510252057,4,0,0,0,0,1,0,0,0,71,0,23.25,25,21,21,21,11.800000000000001,2.5,86,0
0.86602540378443871,-0.49999999999999978,4,0,0,0,0,1,0,0,0,1231,0,58.75,97,23.25,25,97,12.199999999999999,3,83,0
0.70710678118654757,-0.70710678118654746,4,0,0,0,0,1,0,0,0,398,0,174.75,184,58.75,97,179,13.699999999999999,2.6000000000000001,73,0
0.49999999999999989,-0.86602540378443871,4,0,0,0,0,1,0,0,0,802,0,170,181,174.75,184,157,14.699999999999999,3.5,68,0
0.25881904510252102,-0.9659258262890682,4,0,0,0,0,1,0,0,0,298,0,148.5,164,170,181,164,15.6,3.6000000000000001,62,0
1.2246467991473532e-16,-1,4,0,0,0,0,1,0,0,0,823,0,173.75,179,148.5,164,179,16.199999999999999,3.6000000000000001,60,0
-0.25881904510252079,-0.96592582628906842,4,0,0,0,0,1,0,0,0,35,0,106.25,134,173.75,179,134,16,4.9000000000000004,55,0
-0.49999999999999972,-0.86602540378443882,4,0,0,0,0,1,0,0,0,529,0,178.75,182,106.25,134,179,16.399999999999999,4.4000000000000004,53,0
-0.70710678118654713,-0.70710678118654791,4,0,0,0,0,1,0,0,0,1062,0,167.25,170,178.75,182,167,14.9,4.4000000000000004,57,0
-0.86602540378443849,-0.50000000000000044,4,0,0,0,0,1,0,0,0,392,0,154.25,167,167.25,170,167,15.300000000000001,4.4000000000000004,55,0
-0.96592582628906842,-0.25881904510252057,4,0,0,0,0,1,0,0,0,4140,0,147.25,162,154.25,167,136,15,3.5,49,0
-1,-1.8369701987210292e-16,4,0,0,0,0,1,0,0,0,206,0,118.5,146,147.25,162,146,14.300000000000001,4.9000000000000004,53,0
-0.96592582628906842,0.2588190451025203,4,0,0,0,0,1,0,0,0,1652,0,134.25,141,118.5,146,141,13.699999999999999,4.0999999999999996,56,0
-0.8660254037844386,0.50000000000000011,4,0,0,0,0,1,0,0,0,1634,0,122,133,134.25,141,106,13.1,4.5,61,0
-0.70710678118654768,0.70710678118654735,4,0,0,0,0,1,0,0,0,105,0,109.75,117,122,133,113,12.800000000000001,3.5,65,0
-0.50000000000000044,0.86602540378443837,4,0,0,0,0,1,0,0,0,21,0,104.25,110,109.75,117,110,12.699999999999999,2.6000000000000001,63,0
-0.25881904510252152,0.96592582628906798,4,0,0,0,0,1,0,0,0,253,0,104.5,110,104.25,110,110,12.800000000000001,2.7999999999999998,61,0
0,1,4,0,0,0,0,0,1,0,0,30,0,98.5,114,104.5,110,73,12.800000000000001,3.7000000000000002,64,0
0.25881904510252068,0.96592582628906842,4,0,0,0,0,0,1,0,0,30,0,65,68,98.5,114,64,12.699999999999999,3.7000000000000002,67,0
0.49999999999999989,0.86602540378443871,4,0,0,0,0,0,1,0,0,0,1,108.25,117,65,68,113,12.6,2.7999999999999998,68,0
0.70710678118654757,0.70710678118654757,4,0,0,0,0,0,1,0,0,634,0,116.25,120,108.25,117,112,12.6,3.8999999999999999,73,0
0.8660254037844386,0.50000000000000011,4,0,0,0,0,0,1,0,0,102,0,103.75,113,116.25,120,113,12.5,2.7999999999999998,75,0
0.96592582628906842,0.25881904510252068,4,0,0,0,0,0,1,0,0,89,0,101,108,103.75,113,97,12.5,3.8999999999999999,76,0
1,6.123233995736766e-17,4,0,0,0,0,0,1,0,0,45,0,84.75,94,101,108,94,12.4,2.7000000000000002,77,0
0.96592582628906842,-0.25881904510252057,4,0,0,0,0,0,1,0,0,62,0,110.5,112,84.75,94,111,12.4,2.2999999999999998,79,0
0.86602540378443871,-0.49999999999999978,4,0,0,0,0,0,1,0,0,1172,0,126,142,110.5,112,139,12.5,2.8999999999999999,80,0
0.70710678118654757,-0.70710678118654746,4,0,0,0,0,0,1,0,0,0,1,171.25,181,126,142,175,12.9,2.8999999999999999,78,0
0.49999999999999989,-0.86602540378443871,4,0,0,0,0,0,1,0,0,0,1,168.25,177,171.25,181,172,13.800000000000001,2.8999999999999999,75,0
0.25881904510252102,-0.9659258262890682,4,0,0,0,0,0,1,0,0,0,1,160.5,174,168.25,177,174,14.4,3.3999999999999999,74,0
1.2246467991473532e-16,-1,4,0,0,0,0,0,1,0,0,0,1,172.5,178,160.5,174,173,14.800000000000001,3,74,0
-0.25881904510252079,-0.96592582628906842,4,0,0,0,0,0,1,0,0,0,1,103.5,129,172.5,178,129,14.800000000000001,3.3999999999999999,76,0
-0.49999999999999972,-0.86602540378443882,4,0,0,0,0,0,1,0,0,0,1,165.25,170,103.5,129,160,15.699999999999999,2.7000000000000002,71,0
-0.70710678118654713,-0.70710678118654791,4,0,0,0,0,0,1,0,0,0,1,166.25,180,165.25,170,180,17,3,67,0
-0.86602540378443849,-0.50000000000000044,4,0,0,0,0,0,1,0,0,0,1,159,177,166.25,180,153,17.600000000000001,2.7000000000000002,64,0
-0.96592582628906842,-0.25881904510252057,4,0,0,0,0,0,1,0,0,0,1,161,164,159,177,157,18.300000000000001,1.3,61,0
-1,-1.8369701987210292e-16,4,0,0,0,0,0,1,0,0,0,1,123,153,161,164,153,16.600000000000001,2.7000000000000002,67,0
-0.96592582628906842,0.2588190451025203,4,0,0,0,0,0,1,0,0,0,1,162.5,169,123,153,162,15.300000000000001,2.3999999999999999,72,0
-0.8660254037844386,0.50000000000000011,4,0,0,0,0,0,1,0,0,0,1,158.25,172,162.5,169,138,13.800000000000001,1.8999999999999999,77,0
-0.70710678118654768,0.70710678118654735,4,0,0,0,0,0,1,0,0,0,1,123.5,129,158.25,172,129,13.199999999999999,1.8,81,0
-0.50000000000000044,0.86602540378443837,4,0,0,0,0,0,1,0,0,0,1,124.5,134,123.5,129,117,12.699999999999999,1.6000000000000001,82,0
-0.25881904510252152,0.96592582628906798,4,0,0,0,0,0,1,0,0,0,1,104.5,115,124.5,134,105,12.5,1.6000000000000001,81,0
0,1,4,1,0,0,0,0,0,1,0,0,1,95,106,104.5,115,73,12.4,2.1000000000000001,84,0
0.25881904510252068,0.96592582628906842,4,1,0,0,0,0,0,1,0,0,1,70.25,76,95,106,65,11.9,1.6000000000000001,87,0
0.49999999999999989,0.86602540378443871,4,1,0,0,0,0,0,1,0,0,1,107.25,116,70.25,76,116,11.6,0.80000000000000004,90,0
0.70710678118654757,0.70710678118654757,4,1,0,0,0,0,0,1,0,0,1,108.5,118,107.25,116,97,11.1,1.8,93,0
0.8660254037844386,0.50000000000000011,4,1,0,0,0,0,0,1,0,0,1,99.5,105,108.5,118,104,11,1.1000000000000001,94,0
0.96592582628906842,0.25881904510252068,4,1,0,0,0,0,0,1,0,0,1,101.75,107,99.5,105,99,11.1,2.3999999999999999,95,0
1,6.123233995736766e-17,4,1,0,0,0,0,0,1,0,0,1,86,92,101.75,107,92,10.699999999999999,0.90000000000000002,97,0
0.96592582628906842,-0.25881904510252057,4,1,0,0,0,0,0,1,0,0,1,101.25,103,86,92,97,11.300000000000001,0.5,97,0
0.86602540378443871,-0.49999999999999978,4,1,0,0,0,0,0,1,0,56,0,71.75,97,101.25,103,30,12.699999999999999,0.29999999999999999,94,0
0.70710678118654757,-0.70710678118654746,4,1,0,0,0,0,0,1,0,0,1,23,25,71.75,97,21,13.800000000000001,0.10000000000000001,88,0
0.49999999999999989,-0.86602540378443871,4,1,0,0,0,0,0,1,0,0,1,20.5,21,23,25,20,14.699999999999999,0.20000000000000001,84,0
0.25881904510252102,-0.9659258262890682,4,1,0,0,0,0,0,1,0,0,1,20.75,21,20.5,21,21,16.100000000000001,0.5,83,0
1.2246467991473532e-16,-1,4,1,0,0,0,0,0,1,0,0,1,23,26,20.75,21,26,16.100000000000001,0.5,83,0
-0.25881904510252079,-0.96592582628906842,4,1,0,0,0,0,0,1,0,0,1,21.75,24,23,26,21,19.600000000000001,2.3999999999999999,74,0
-0.49999999999999972,-0.86602540378443882,4,1,0,0,0,0,0,1,0,0,1,21,21,21.75,24,21,18.699999999999999,2.7000000000000002,78,0
-0.70710678118654713,-0.70710678118654791,4,1,0,0,0,0,0,1,0,0,1,20.75,21,21,21,21,18.300000000000001,2.7999999999999998,84,0
-0.86602540378443849,-0.50000000000000044,4,1,0,0,0,0,0,1,0,0,1,23.25,26,20.75,21,21,16.600000000000001,2.2000000000000002,98,1.7
-0.96592582628906842,-0.25881904510252057,4,1,0,0,0,0,0,1,0,0,1,21,21,23.25,26,21,16.100000000000001,1.6000000000000001,98,2.7999999999999998
-1,-1.8369701987210292e-16,4,1,0,0,0,0,0,1,0,0,1,21,21,21,21,21,15.5,0.40000000000000002,98,8.1999999999999993
-0.96592582628906842,0.2588190451025203,4,1,0,0,0,0,0,1,0,0,1,23,25,21,21,21,15.5,1.1000000000000001,98,12.199999999999999
-0.8660254037844386,0.50000000000000011,4,1,0,0,0,0,0,1,0,0,1,20.5,21,23,25,21,15.5,1.2,98,13.9
-0.70710678118654768,0.70710678118654735,4,1,0,0,0,0,0,1,0,0,1,20.5,21,20.5,21,21,15.6,0.40000000000000002,98,18.300000000000001
-0.50000000000000044,0.86602540378443837,4,1,0,0,0,0,0,1,0,0,1,24,26,20.5,21,25,15.6,0.29999999999999999,98,24.100000000000001
-0.25881904510252152,0.96592582628906798,4,1,0,0,0,0,0,1,0,0,1,21.25,22,24,26,21,15.5,1.3999999999999999,98,29
0,1,4,1,0,0,0,0,0,0,1,0,1,21,21,21.25,22,21,14.6,1.2,98,30.199999999999999
0.25881904510252068,0.96592582628906842,4,1,0,0,0,0,0,0,1,0,1,21.25,22,21,21,22,13.4,1.8999999999999999,98,32.5
0.49999999999999989,0.86602540378443871,4,1,0,0,0,0,0,0,1,0,1,22.5,25,21.25,22,20,12.1,2.3999999999999999,98,3
0.70710678118654757,0.70710678118654757,4,1,0,0,0,0,0,0,1,0,1,21,21,22.5,25,21,11.9,1.3999999999999999,98,5.4000000000000004
0.8660254037844386,0.50000000000000011,4,1,0,0,0,0,0,0,1,0,1,21,21,21,21,21,11.4,1.8,98,8.5
0.96592582628906842,0.25881904510252068,4,1,0,0,0,0,0,0,1,0,1,23.5,26,21,21,21,11.199999999999999,2.2999999999999998,98,9.5
1,6.123233995736766e-17,4,1,0,0,0,0,0,0,1,0,1,21,21,23.5,26,21,11,2.2000000000000002,98,9.9000000000000004
0.96592582628906842,-0.25881904510252057,4,1,0,0,0,0,0,0,1,0,1,21,21,21,21,21,11,3.1000000000000001,98,14.199999999999999
0.86602540378443871,-0.49999999999999978,4,1,0,0,0,0,0,0,1,0,1,23.5,25,21,21,23,11,3.6000000000000001,98,15.4
0.70710678118654757,-0.70710678118654746,4,1,0,0,0,0,0,0,1,0,1,20.75,21,23.5,25,21,10.699999999999999,3.6000000000000001,97,16.600000000000001
0.49999999999999989,-0.86602540378443871,4,1,0,0,0,0,0,0,1,0,1,20.5,21,20.75,21,20,10.4,3,97,18
0.25881904510252102,-0.9659258262890682,4,1,0,0,0,0,0,0,1,0,1,22.25,26,20.5,21,26,10.4,3.2999999999999998,96,18
1.2246467991473532e-16,-1,4,1,0,0,0,0,0,0,1,0,1,21.75,24,22.25,26,21,9.6999999999999993,4,94,18
-0.25881904510252079,-0.96592582628906842,4,1,0,0,0,0,0,0,1,0,1,21,21,21.75,24,21,10,4,87,18
-0.49999999999999972,-0.86602540378443882,4,1,0,0,0,0,0,0,1,0,1,21.25,24,21,21,24,9.9000000000000004,4.0999999999999996,86,18
-0.70710678118654713,-0.70710678118654791,4,1,0,0,0,0,0,0,1,0,1,22.75,26,21.25,24,21,9.5,4.2999999999999998,85,18
-0.86602540378443849,-0.50000000000000044,4,1,0,0,0,0,0,0,1,0,1,20.5,21,22.75,26,21,9.5,4.5999999999999996,78,18
-0.96592582628906842,-0.25881904510252057,4,1,0,0,0,0,0,0,1,0,1,20,20,20.5,21,20,9.5999999999999996,3.6000000000000001,71,18
-1,-1.8369701987210292e-16,4,1,0,0,0,0,0,0,1,0,1,23.25,25,20,20,21,9.5999999999999996,3.1000000000000001,66,18
-0.96592582628906842,0.2588190451025203,4,1,0,0,0,0,0,0,1,0,1,20.25,21,23.25,25,20,9.5999999999999996,3.6000000000000001,62,18
-0.8660254037844386,0.50000000000000011,4,1,0,0,0,0,0,0,1,0,1,20.25,21,20.25,21,21,9.1999999999999993,2.7000000000000002,67,18
-0.70710678118654768,0.70710678118654735,4,1,0,0,0,0,0,0,1,0,1,23,26,20.25,21,26,9.0999999999999996,3.7999999999999998,69,18
-0.50000000000000044,0.86602540378443837,4,1,0,0,0,0,0,0,1,0,1,21.5,22,23,26,21,8.9000000000000004,3.1000000000000001,69,18
-0.25881904510252152,0.96592582628906798,4,1,0,0,0,0,0,0,1,0,1,21,21,21.5,22,21,8.6999999999999993,2.3999999999999999,67,18
0,1,4,0,1,0,0,0,0,0,0,0,1,22,25,21,21,25,8.5999999999999996,3,68,18
0.25881904510252068,0.96592582628906842,4,0,1,0,0,0,0,0,0,0,1,22.75,26,22,25,21,8.1999999999999993,2.6000000000000001,70,18
0.49999999999999989,0.86602540378443871,4,0,1,0,0,0,0,0,0,0,1,21,21,22.75,26,21,7,3,73,0
0.70710678118654757,0.70710678118654757,4,0,1,0,0,0,0,0,0,0,1,21,21,21,21,21,6.4000000000000004,2.7000000000000002,75,0
0.8660254037844386,0.50000000000000011,4,0,1,0,0,0,0,0,0,0,1,23.25,26,21,21,21,6,2.6000000000000001,75,0
0.96592582628906842,0.25881904510252068,4,0,1,0,0,0,0,0,0,0,1,21,21,23.25,26,21,6.4000000000000004,3.8999999999999999,64,0
1,6.123233995736766e-17,4,0,1,0,0,0,0,0,0,0,1,21,21,21,21,21,6.2000000000000002,3.5,61,0
0.96592582628906842,-0.25881904510252057,4,0,1,0,0,0,0,0,0,0,1,23.25,25,21,21,21,6.0999999999999996,2.1000000000000001,65,0
0.86602540378443871,-0.49999999999999978,4,0,1,0,0,0,0,0,0,0,1,58.75,97,23.25,25,97,7,3.3999999999999999,64,0
0.70710678118654757,-0.70710678118654746,4,0,1,0,0,0,0,0,0,1029,0,174.75,184,58.75,97,179,8.9000000000000004,3.6000000000000001,58,0
0.49999999999999989,-0.86602540378443871,4,0,1,0,0,0,0,0,0,940,0,170,181,174.75,184,157,11.199999999999999,4,50,0
0.25881904510252102,-0.9659258262890682,4,0,1,0,0,0,0,0,0,1371,0,148.5,164,170,181,164,11.9,4.5999999999999996,45,0
1.2246467991473532e-16,-1,4,0,1,0,0,0,0,0,0,2272,0,173.75,179,148.5,164,179,12.6,3.7999999999999998,41,0
-0.25881904510252079,-0.96592582628906842,4,0,1,0,0,0,0,0,0,72,0,106.25,134,173.75,179,134,13.1,4.2999999999999998,39,0
-0.49999999999999972,-0.86602540378443882,4,0,1,0,0,0,0,0,0,1267,0,178.75,182,106.25,134,179,13.699999999999999,4.2000000000000002,39,0
-0.70710678118654713,-0.70710678118654791,4,0,1,0,0,0,0,0,0,607,0,167.25,170,178.75,182,167,14.1,3.7999999999999998,41,0
-0.86602540378443849,-0.50000000000000044,4,0,1,0,0,0,0,0,0,4275,0,154.25,167,167.25,170,167,14,3.7000000000000002,44,0
-0.96592582628906842,-0.25881904510252057,4,0,1,0,0,0,0,0,0,1158,0,147.25,162,154.25,167,136,13.9,3.2000000000000002,45,0
-1,-1.8369701987210292e-16,4,0,1,0,0,0,0,0,0,771,0,118.5,146,147.25,162,146,13.300000000000001,2.6000000000000001,40,0
-0.96592582628906842,0.2588190451025203,4,0,1,0,0,0,0,0,0,1184,0,134.25,141,118.5,146,141,12,2.6000000000000001,43,0
-0.8660254037844386,0.50000000000000011,4,0,1,0,0,0,0,0,0,2358,0,122,133,134.25,141,106,10.6,2.3999999999999999,54,0
-0.70710678118654768,0.70710678118654735,4,0,1,0,0,0,0,0,0,102,0,109.75,117,122,133,113,10,2.2000000000000002,57,0
-0.50000000000000044,0.86602540378443837,4,0,1,0,0,0,0,0,0,10,0,104.25,110,109.75,117,110,9.5,2.2999999999999998,61,0
-0.25881904510252152,0.96592582628906798,4,0,1,0,0,0,0,0,0,269,0,104.5,110,104.25,110,110,9.0999999999999996,2.6000000000000001,64,0
0,1,4,0,0,1,0,0,0,0,0,24,0,98.5,114,104.5,110,73,9.6999999999999993,2.2999999999999998,59,0
0.25881904510252068,0.96592582628906842,4,0,0,1,0,0,0,0,0,156,0,65,68,98.5,114,64,8.5999999999999996,1.3,65,0
0.49999999999999989,0.86602540378443871,4,0,0,1,0,0,0,0,0,212,0,108.25,117,65,68,113,6.5999999999999996,0.90000000000000002,76,0
0.70710678118654757,0.70710678118654757,4,0,0,1,0,0,0,0,0,5,0,116.25,120,108.25,117,112,6.2999999999999998,0.90000000000000002,78,0
0.8660254037844386,0.50000000000000011,4,0,0,1,0,0,0,0,0,37,0,103.75,113,116.25,120,113,6.5,2.3999999999999999,77,0
0.96592582628906842,0.25881904510252068,4,0,0,1,0,0,0,0,0,13,0,101,108,103.75,113,97,5.5,1,82,0
1,6.123233995736766e-17,4,0,0,1,0,0,0,0,0,319,0,84.75,94,101,108,94,5.2999999999999998,1,83,0
0.96592582628906842,-0.25881904510252057,4,0,0,1,0,0,0,0,0,182,0,110.5,112,84.75,94,111,4.7999999999999998,0.20000000000000001,86,0
0.86602540378443871,-0.49999999999999978,4,0,0,1,0,0,0,0,0,531,0,126,142,110.5,112,139,6.2999999999999998,1.7,79,0
0.70710678118654757,-0.70710678118654746,4,0,0,1,0,0,0,0,0,1007,0,171.25,181,126,142,175,8.5,2.7000000000000002,72,0
0.49999999999999989,-0.86602540378443871,4,0,0,1,0,0,0,0,0,984,0,168.25,177,171.25,181,172,11.300000000000001,1.7,62,0
0.25881904510252102,-0.9659258262890682,4,0,0,1,0,0,0,0,0,927,0,160.5,174,168.25,177,174,13.4,0.90000000000000002,51,0
1.2246467991473532e-16,-1,4,0,0,1,0,0,0,0,0,1223,0,172.5,178,160.5,174,173,15.6,0.90000000000000002,46,0
-0.25881904510252079,-0.96592582628906842,4,0,0,1,0,0,0,0,0,3566,0,103.5,129,172.5,178,129,16,1.2,39,0
-0.49999999999999972,-0.86602540378443882,4,0,0,1,0,0,0,0,0,960,0,165.25,170,103.5,129,160,17.100000000000001,1.7,33,0
-0.70710678118654713,-0.70710678118654791,4,0,0,1,0,0,0,0,0,1218,0,166.25,180,165.25,170,180,17.899999999999999,2.5,45,0
-0.86602540378443849,-0.50000000000000044,4,0,0,1,0,0,0,0,0,1342,0,159,177,166.25,180,153,16.399999999999999,3.2999999999999998,46,0
-0.96592582628906842,-0.25881904510252057,4,0,0,1,0,0,0,0,0,868,0,161,164,159,177,157,16,3,56,0
-1,-1.8369701987210292e-16,4,0,0,1,0,0,0,0,0,218,0,123,153,161,164,153,15.4,2.6000000000000001,61,0
-0.96592582628906842,0.2588190451025203,4,0,0,1,0,0,0,0,0,1330,0,162.5,169,123,153,162,14.9,2,55,0
-0.8660254037844386,0.50000000000000011,4,0,0,1,0,0,0,0,0,2259,0,158.25,172,162.5,169,138,13.5,0.90000000000000002,65,0
-0.70710678118654768,0.70710678118654735,4,0,0,1,0,0,0,0,0,101,0,123.5,129,158.25,172,129,11.9,0.20000000000000001,76,0
-0.50000000000000044,0.86602540378443837,4,0,0,1,0,0,0,0,0,18,0,124.5,134,123.5,129,117,11.300000000000001,0.80000000000000004,77,0
-0.25881904510252152,0.96592582628906798,4,0,0,1,0,0,0,0,0,68,0,104.5,115,124.5,134,105,11.199999999999999,1.7,70,0
0,1,4,0,0,0,1,0,0,0,0,516,0,95,106,104.5,115,73,11.300000000000001,1,62,0
0.25881904510252068,0.96592582628906842,4,0,0,0,1,0,0,0,0,0,1,21,21,95,106,21,13.1,1.5,44,0
0.49999999999999989,0.86602540378443871,4,0,0,0,1,0,0,0,0,182,0,21,21,21,21,21,14.300000000000001,2.8999999999999999,41,0
0.70710678118654757,0.70710678118654757,4,0,0,0,1,0,0,0,0,250,0,22.75,26,21,21,26,14.1,2.5,39,0
0.8660254037844386,0.50000000000000011,4,0,0,0,1,0,0,0,0,10,0,21.75,24,22.75,26,21,11.9,1.3999999999999999,46,0
0.96592582628906842,0.25881904510252068,4,0,0,0,1,0,0,0,0,151,0,21,21,21.75,24,21,12.300000000000001,2.7000000000000002,44,0
1,6.123233995736766e-17,4,0,0,0,1,0,0,0,0,283,0,22,25,21,21,25,11.800000000000001,2.8999999999999999,46,0
0.96592582628906842,-0.25881904510252057,4,0,0,0,1,0,0,0,0,136,0,22.75,26,22,25,21,12,2.7999999999999998,45,0
0.86602540378443871,-0.49999999999999978,4,0,0,0,1,0,0,0,0,593,0,55.5,95,22.75,26,95,12.6,0.90000000000000002,46,0
0.70710678118654757,-0.70710678118654746,4,0,0,0,1,0,0,0,0,669,0,185,199,55.5,95,199,13.6,3.2000000000000002,43,0
0.49999999999999989,-0.86602540378443871,4,0,0,0,1,0,0,0,0,892,0,186.25,187,185,199,187,15.4,3.7000000000000002,39,0
0.25881904510252102,-0.9659258262890682,4,0,0,0,1,0,0,0,0,1027,0,164.5,177,186.25,187,177,17.300000000000001,3.2000000000000002,39,0
1.2246467991473532e-16,-1,4,0,0,0,1,0,0,0,0,1113,0,171.25,179,164.5,177,169,18.399999999999999,3,34,0
-0.25881904510252079,-0.96592582628906842,4,0,0,0,1,0,0,0,0,2836,0,101,123,171.25,179,123,18.800000000000001,3.3999999999999999,36,0
-0.49999999999999972,-0.86602540378443882,4,0,0,0,1,0,0,0,0,427,0,166.25,173,101,123,159,18.300000000000001,3.8999999999999999,36,0
-0.70710678118654713,-0.70710678118654791,4,0,0,0,1,0,0,0,0,1325,0,160.25,167,166.25,173,156,18.100000000000001,3.7000000000000002,38,0
-0.86602540378443849,-0.50000000000000044,4,0,0,0,1,0,0,0,0,1691,0,154.5,173,160.25,167,173,18,3.1000000000000001,38,0
-0.96592582628906842,-0.25881904510252057,4,0,0,0,1,0,0,0,0,579,0,158.75,163,154.5,173,163,17.800000000000001,2.8999999999999999,38,0
-1,-1.8369701987210292e-16,4,0,0,0,1,0,0,0,0,567,0,124.75,155,158.75,163,155,16.399999999999999,2.7000000000000002,38,0
-0.96592582628906842,0.2588190451025203,4,0,0,0,1,0,0,0,0,1427,0,125.25,140,124.75,155,111,15.300000000000001,2.2000000000000002,45,0
-0.8660254037844386,0.50000000000000011,4,0,0,0,1,0,0,0,0,1745,0,115.25,124,125.25,140,117,14.699999999999999,3.6000000000000001,50,0
-0.70710678118654768,0.70710678118654735,4,0,0,0,1,0,0,0,0,13,0,127.75,138,115.25,124,130,14.300000000000001,3.2999999999999998,61,0
-0.50000000000000044,0.86602540378443837,4,0,0,0,1,0,0,0,0,460,0,120.5,128,127.75,138,117,13.9,2.8999999999999999,62,0
-0.25881904510252152,0.96592582628906798,4,0,0,0,1,0,0,0,0,70,0,113.5,120,120.5,128,114,12.9,1.7,64,0
0,1,4,0,0,0,0,1,0,0,0,110,0,101,118,113.5,120,78,12.6,1.2,61,0
0.25881904510252068,0.96592582628906842,4,0,0,0,0,1,0,0,0,0,1,66.5,72,101,118,62,11.9,1.3999999999999999,61,0
0.49999999999999989,0.86602540378443871,4,0,0,0,0,1,0,0,0,131,0,103.5,112,66.5,72,112,11.800000000000001,0.90000000000000002,57,0
0.70710678118654757,0.70710678118654757,4,0,0,0,0,1,0,0,0,112,0,101.5,106,103.5,112,98,11.1,1.8999999999999999,65,0
0.8660254037844386,0.50000000000000011,4,0,0,0,0,1,0,0,0,48,0,104.75,113,101.5,106,101,10.800000000000001,1.5,65,0
0.96592582628906842,0.25881904510252068,4,0,0,0,0,1,0,0,0,70,0,98.25,102,104.75,113,99,12,2.2000000000000002,52,0
1,6.123233995736766e-17,4,0,0,0,0,1,0,0,0,316,0,89.25,109,98.25,102,109,12.5,3.1000000000000001,46,0
0.96592582628906842,-0.25881904510252057,4,0,0,0,0,1,0,0,0,350,0,107,115,89.25,109,97,12.300000000000001,3.2000000000000002,44,0
0.86602540378443871,-0.49999999999999978,4,0,0,0,0,1,0,0,0,826,0,118,134,107,115,127,12.300000000000001,1.2,44,0
0.70710678118654757,-0.70710678118654746,4,0,0,0,0,1,0,0,0,458,0,171.5,181,118,134,181,13.4,0.80000000000000004,45,0
0.49999999999999989,-0.86602540378443871,4,0,0,0,0,1,0,0,0,1501,0,170,174,171.5,181,171,15.800000000000001,2,34,0
0.25881904510252102,-0.9659258262890682,4,0,0,0,0,1,0,0,0,474,0,158.25,174,170,174,174,16.5,2.7000000000000002,31,0
1.2246467991473532e-16,-1,4,0,0,0,0,1,0,0,0,702,0,163.5,167,158.25,174,159,18.100000000000001,2.7000000000000002,38,0
-0.25881904510252079,-0.96592582628906842,4,0,0,0,0,1,0,0,0,938,0,105.5,130,163.5,167,130,15.9,4.7000000000000002,57,0
-0.49999999999999972,-0.86602540378443882,4,0,0,0,0,1,0,0,0,825,0,167.25,174,105.5,130,159,15.4,4.2999999999999998,61,0
-0.70710678118654713,-0.70710678118654791,4,0,0,0,0,1,0,0,0,1241,0,153,158,167.25,174,153,14.9,4.9000000000000004,59,0
-0.86602540378443849,-0.50000000000000044,4,0,0,0,0,1,0,0,0,2328,0,132.75,146,153,158,146,14.800000000000001,4.0999999999999996,62,0
-0.96592582628906842,-0.25881904510252057,4,0,0,0,0,1,0,0,0,825,0,144.75,153,132.75,146,151,13.800000000000001,3.5,61,0
-1,-1.8369701987210292e-16,4,0,0,0,0,1,0,0,0,386,0,119.75,140,144.75,153,124,13.199999999999999,3.8999999999999999,64,0
-0.96592582628906842,0.2588190451025203,4,0,0,0,0,1,0,0,0,1904,0,108.25,111,119.75,140,111,12.699999999999999,3.3999999999999999,69,0
-0.8660254037844386,0.50000000000000011,4,0,0,0,0,1,0,0,0,1058,0,99.5,106,108.25,111,93,11.699999999999999,1.2,73,0
-0.70710678118654768,0.70710678118654735,4,0,0,0,0,1,0,0,0,171,0,103.25,110,99.5,106,102,11.300000000000001,1.1000000000000001,74,0
-0.50000000000000044,0.86602540378443837,4,0,0,0,0,1,0,0,0,110,0,102,107,103.25,110,100,10.9,0.90000000000000002,77,0
-0.25881904510252152,0.96592582628906798,4,0,0,0,0,1,0,0,0,0,1,100.25,107,102,107,102,10.5,1.6000000000000001,78,0
0,1,4,0,0,0,0,0,1,0,0,294,0,85,101,100.25,107,60,10.1,1.5,82,0
0.25881904510252068,0.96592582628906842,4,0,0,0,0,0,1,0,0,27,0,22.5,23,85,101,23,10.1,1.8999999999999999,81,0
0.49999999999999989,0.86602540378443871,4,0,0,0,0,0,1,0,0,60,0,22.75,23,22.5,23,23,9.5999999999999996,2.2999999999999998,85,0
0.70710678118654757,0.70710678118654757,4,0,0,0,0,0,1,0,0,243,0,24.75,27,22.75,23,27,8.5999999999999996,1.8,90,0
0.8660254037844386,0.50000000000000011,4,0,0,0,0,0,1,0,0,279,0,22.5,23,24.75,27,22,8,1,93,0
0.96592582628906842,0.25881904510252068,4,0,0,0,0,0,1,0,0,2,0,22.75,23,22.5,23,23,7,0.40000000000000002,97,0
1,6.123233995736766e-17,4,0,0,0,0,0,1,0,0,118,0,23.5,26,22.75,23,26,6.9000000000000004,0.59999999999999998,97,0
0.96592582628906842,-0.25881904510252057,4,0,0,0,0,0,1,0,0,123,0,24,27,23.5,26,22,7.9000000000000004,2.1000000000000001,95,0
0.86602540378443871,-0.49999999999999978,4,0,0,0,0,0,1,0,0,440,0,63.5,131,24,27,131,8.5999999999999996,2.2000000000000002,93,0
0.70710678118654757,-0.70710678118654746,4,0,0,0,0,0,1,0,0,342,0,176.5,184,63.5,131,184,10.699999999999999,1.3999999999999999,84,0
0.49999999999999989,-0.86602540378443871,4,0,0,0,0,0,1,0,0,411,0,158,164,176.5,184,149,12.800000000000001,2.3999999999999999,68,0
0.25881904510252102,-0.9659258262890682,4,0,0,0,0,0,1,0,0,663,0,157,169,158,164,168,12.1,4.0999999999999996,68,0
1.2246467991473532e-16,-1,4,0,0,0,0,0,1,0,0,1501,0,163.75,173,157,169,153,11.300000000000001,2.7000000000000002,71,0
-0.25881904510252079,-0.96592582628906842,4,0,0,0,0,0,1,0,0,160,0,105.75,126,163.75,173,126,9.4000000000000004,2.2999999999999998,94,0.90000000000000002
-0.49999999999999972,-0.86602540378443882,4,0,0,0,0,0,1,0,0,2943,0,157.5,159,105.75,126,159,9.4000000000000004,3.2000000000000002,98,4.4000000000000004
-0.70710678118654713,-0.70710678118654791,4,0,0,0,0,0,1,0,0,1731,0,154.25,163,157.5,159,153,9,2.7999999999999998,95,5.0999999999999996
-0.86602540378443849,-0.50000000000000044,4,0,0,0,0,0,1,0,0,1514,0,141.25,151,154.25,163,145,9.0999999999999996,2,91,5.0999999999999996
-0.96592582628906842,-0.25881904510252057,4,0,0,0,0,0,1,0,0,1633,0,152.5,157,141.25,151,157,9.6999999999999993,2.7000000000000002,73,5.0999999999999996
-1,-1.8369701987210292e-16,4,0,0,0,0,0,1,0,0,325,0,127.75,153,152.5,157,146,9.6999999999999993,2.7999999999999998,65,5.0999999999999996
-0.96592582628906842,0.2588190451025203,4,0,0,0,0,0,1,0,0,983,0,159,165,127.75,153,160,9.5,3.1000000000000001,62,5.0999999999999996
-0.8660254037844386,0.50000000000000011,4,0,0,0,0,0,1,0,0,2300,0,141.5,155,159,165,117,9.1999999999999993,2.8999999999999999,60,5.0999999999999996
-0.70710678118654768,0.70710678118654735,4,0,0,0,0,0,1,0,0,39,0,110.5,114,141.5,155,114,8.1999999999999993,1.5,65,5.0999999999999996
-0.50000000000000044,0.86602540378443837,4,0,0,0,0,0,1,0,0,8,0,119.75,121,110.5,114,117,8.1999999999999993,2.1000000000000001,65,5.0999999999999996
-0.25881904510252152,0.96592582628906798,4,0,0,0,0,0,1,0,0,50,0,112.25,122,119.75,121,122,7.9000000000000004,2.1000000000000001,66,5.0999999999999996
0,1,4,1,0,0,0,0,0,1,0,0,1,100.75,110,112.25,122,84,7.4000000000000004,1.7,69,5.0999999999999996
0.25881904510252068,0.96592582628906842,4,1,0,0,0,0,0,1,0,25,0,60.75,63,100.75,110,60,7,1.6000000000000001,71,5.0999999999999996
0.49999999999999989,0.86602540378443871,4,1,0,0,0,0,0,1,0,34,0,103.75,115,60.75,63,115,5.5999999999999996,1.2,78,0
0.70710678118654757,0.70710678118654757,4,1,0,0,0,0,0,1,0,917,0,103.25,110,103.75,115,110,5.2000000000000002,1.6000000000000001,80,0
0.8660254037844386,0.50000000000000011,4,1,0,0,0,0,0,1,0,0,1,102.75,111,103.25,110,100,4.4000000000000004,1.5,87,0
0.96592582628906842,0.25881904510252068,4,1,0,0,0,0,0,1,0,30,0,106.25,114,102.75,111,95,3.8999999999999999,1.2,90,0
1,6.123233995736766e-17,4,1,0,0,0,0,0,1,0,0,1,87,99,106.25,114,99,3.3999999999999999,1.6000000000000001,92,0
0.96592582628906842,-0.25881904510252057,4,1,0,0,0,0,0,1,0,692,0,103.5,114,87,99,90,3.2999999999999998,1.1000000000000001,90,0
0.86602540378443871,-0.49999999999999978,4,1,0,0,0,0,0,1,0,1351,0,62.5,88,103.5,114,33,5.5,1.7,86,0
0.70710678118654757,-0.70710678118654746,4,1,0,0,0,0,0,1,0,6,0,24.25,27,62.5,88,22,7.9000000000000004,1.8,75,0
0.49999999999999989,-0.86602540378443871,4,1,0,0,0,0,0,1,0,0,1,22.25,23,24.25,27,22,10.5,2,63,0
0.25881904510252102,-0.9659258262890682,4,1,0,0,0,0,0,1,0,0,1,22,22,22.25,23,22,12.199999999999999,2.3999999999999999,55,0
1.2246467991473532e-16,-1,4,1,0,0,0,0,0,1,0,0,1,25,27,22,22,26,12.800000000000001,3.1000000000000001,54,0
-0.25881904510252079,-0.96592582628906842,4,1,0,0,0,0,0,1,0,0,1,22.5,23,25,27,22,12.800000000000001,3.3999999999999999,49,0
-0.49999999999999972,-0.86602540378443882,4,1,0,0,0,0,0,1,0,0,1,22,22,22.5,23,22,12.9,2.5,52,0
-0.70710678118654713,-0.70710678118654791,4,1,0,0,0,0,0,1,0,0,1,23.25,26,22,22,26,13.1,3.1000000000000001,50,0
-0.86602540378443849,-0.50000000000000044,4,1,0,0,0,0,0,1,0,0,1,23.5,27,23.25,26,22,13.699999999999999,3.2000000000000002,51,0
-0.96592582628906842,-0.25881904510252057,4,1,0,0,0,0,0,1,0,0,1,22.5,23,23.5,27,23,12.800000000000001,3.3999999999999999,54,0
-1,-1.8369701987210292e-16,4,1,0,0,0,0,0,1,0,0,1,22.25,23,22.5,23,22,12.5,3.2000000000000002,53,0
-0.96592582628906842,0.2588190451025203,4,1,0,0,0,0,0,1,0,0,1,24,27,22.25,23,22,11.1,2.1000000000000001,56,0
-0.8660254037844386,0.50000000000000011,4,1,0,0,0,0,0,1,0,0,1,22,22,24,27,22,10.199999999999999,1.2,62,0
-0.70710678118654768,0.70710678118654735,4,1,0,0,0,0,0,1,0,0,1,22,22,22,22,22,9.1999999999999993,0.90000000000000002,67,0
-0.50000000000000044,0.86602540378443837,4,1,0,0,0,0,0,1,0,0,1,25,28,22,22,23,8.4000000000000004,0,72,0
-0.25881904510252152,0.96592582628906798,4,1,0,0,0,0,0,1,0,0,1,22.75,23,25,28,23,7.7000000000000002,0.5,76,0
0,1,4,1,0,0,0,0,0,0,1,0,1,22.5,23,22.75,23,23,7.5999999999999996,1.8,77,0
0.25881904510252068,0.96592582628906842,4,1,0,0,0,0,0,0,1,0,1,20,20,22.5,23,20,7,1.3999999999999999,80,0
0.49999999999999989,0.86602540378443871,4,1,0,0,0,0,0,0,1,0,1,22.5,25,20,20,20,7.0999999999999996,2.1000000000000001,80,0
0.70710678118654757,0.70710678118654757,4,1,0,0,0,0,0,0,1,0,1,20,20,22.5,25,20,6.7000000000000002,1.3999999999999999,83,0
0.8660254037844386,0.50000000000000011,4,1,0,0,0,0,0,0,1,0,1,20,20,20,20,20,6,0.69999999999999996,88,0
0.96592582628906842,0.25881904510252068,4,1,0,0,0,0,0,0,1,0,1,22.25,25,20,20,25,5.9000000000000004,1.2,93,0
1,6.123233995736766e-17,4,1,0,0,0,0,0,0,1,0,1,20,20,22.25,25,20,5.5,1,93,0
0.96592582628906842,-0.25881904510252057,4,1,0,0,0,0,0,0,1,0,1,20,20,20,20,20,5.7000000000000002,1,96,0
0.86602540378443871,-0.49999999999999978,4,1,0,0,0,0,0,0,1,0,1,20.25,23,20,20,23,7.0999999999999996,0.29999999999999999,92,0
0.70710678118654757,-0.70710678118654746,4,1,0,0,0,0,0,0,1,0,1,20.75,24,20.25,23,20,9.5999999999999996,0.90000000000000002,82,0
0.49999999999999989,-0.86602540378443871,4,1,0,0,0,0,0,0,1,0,1,20,20,20.75,24,20,12.199999999999999,1.3,69,0
0.25881904510252102,-0.9659258262890682,4,1,0,0,0,0,0,0,1,0,1,20.75,23,20,20,23,14.300000000000001,1.7,65,0
1.2246467991473532e-16,-1,4,1,0,0,0,0,0,0,1,0,1,21,24,20.75,23,20,15.9,1.8,57,0
-0.25881904510252079,-0.96592582628906842,4,1,0,0,0,0,0,0,1,0,1,20,20,21,24,20,17.100000000000001,2.7999999999999998,46,0
-0.49999999999999972,-0.86602540378443882,4,1,0,0,0,0,0,0,1,0,1,20,20,20,20,20,17.800000000000001,2.6000000000000001,46,0
-0.70710678118654713,-0.70710678118654791,4,1,0,0,0,0,0,0,1,0,1,22.25,25,20,20,20,18.300000000000001,2.3999999999999999,22,0
-0.86602540378443849,-0.50000000000000044,4,1,0,0,0,0,0,0,1,0,1,20,20,22.25,25,20,17.800000000000001,2,30,0
-0.96592582628906842,-0.25881904510252057,4,1,0,0,0,0,0,0,1,0,1,20,20,20,20,20,17.899999999999999,2.3999999999999999,32,0
-1,-1.8369701987210292e-16,4,1,0,0,0,0,0,0,1,0,1,22.75,25,20,20,20,17.199999999999999,1.7,31,0
-0.96592582628906842,0.2588190451025203,4,1,0,0,0,0,0,0,1,0,1,19.25,20,22.75,25,19,15.6,0.80000000000000004,29,0
-0.8660254037844386,0.50000000000000011,4,1,0,0,0,0,0,0,1,0,1,19.5,20,19.25,20,20,12.699999999999999,0.80000000000000004,51,0
-0.70710678118654768,0.70710678118654735,4,1,0,0,0,0,0,0,1,0,1,20.75,25,19.5,20,25,12.199999999999999,0.69999999999999996,64,0
-0.50000000000000044,0.86602540378443837,4,1,0,0,0,0,0,0,1,0,1,21.25,24,20.75,25,20,11.9,1,69,0
-0.25881904510252152,0.96592582628906798,4,1,0,0,0,0,0,0,1,0,1,20,20,21.25,24,20,11.4,0.10000000000000001,73,0
0,1,4,0,1,0,0,0,0,0,0,0,1,20.5,22,20,20,22,11.4,0.40000000000000002,76,0
0.25881904510252068,0.96592582628906842,4,0,1,0,0,0,0,0,0,0,1,63.5,71,20.5,22,60,10.4,1.3,77,0
0.49999999999999989,0.86602540378443871,4,0,1,0,0,0,0,0,0,0,1,92.75,97,63.5,71,93,9.6999999999999993,0.69999999999999996,81,0
0.70710678118654757,0.70710678118654757,4,0,1,0,0,0,0,0,0,0,1,93.5,96,92.75,97,94,9.8000000000000007,0.90000000000000002,84,0
0.8660254037844386,0.50000000000000011,4,0,1,0,0,0,0,0,0,0,1,87.75,96,93.5,96,96,10.300000000000001,1.3,84,0
0.96592582628906842,0.25881904510252068,4,0,1,0,0,0,0,0,0,0,1,84.5,91,87.75,96,79,10.199999999999999,1.1000000000000001,87,0
1,6.123233995736766e-17,4,0,1,0,0,0,0,0,0,0,1,80.5,105,84.5,91,105,9.5999999999999996,0.69999999999999996,89,0
0.96592582628906842,-0.25881904510252057,4,0,1,0,0,0,0,0,0,0,1,95,102,80.5,105,90,10,0.69999999999999996,90,0
0.86602540378443871,-0.49999999999999978,4,0,1,0,0,0,0,0,0,0,1,114.5,134,95,102,130,10.4,0,90,0
0.70710678118654757,-0.70710678118654746,4,0,1,0,0,0,0,0,0,1007,0,169.5,179,114.5,134,179,11.800000000000001,0.10000000000000001,86,0
0.49999999999999989,-0.86602540378443871,4,0,1,0,0,0,0,0,0,876,0,170.5,175,169.5,179,175,12.300000000000001,0.10000000000000001,83,0
0.25881904510252102,-0.9659258262890682,4,0,1,0,0,0,0,0,0,1032,0,159.25,172,170.5,175,169,12.699999999999999,0.10000000000000001,87,0
1.2246467991473532e-16,-1,4,0,1,0,0,0,0,0,0,4888,0,167,172,159.25,172,172,13,1.3999999999999999,91,0.40000000000000002
-0.25881904510252079,-0.96592582628906842,4,0,1,0,0,0,0,0,0,305,0,98.75,130,167,172,130,13.5,1.5,93,0.59999999999999998
-0.49999999999999972,-0.86602540378443882,4,0,1,0,0,0,0,0,0,580,0,176.5,182,98.75,130,169,14.4,1.2,95,1.1000000000000001
-0.70710678118654713,-0.70710678118654791,4,0,1,0,0,0,0,0,0,431,0,166.75,173,176.5,182,173,14.4,0.69999999999999996,90,1.7
-0.86602540378443849,-0.50000000000000044,4,0,1,0,0,0,0,0,0,880,0,162.25,179,166.75,173,170,14.9,0.90000000000000002,93,2
-0.96592582628906842,-0.25881904510252057,4,0,1,0,0,0,0,0,0,690,0,153.5,163,162.25,179,150,14.6,2,98,2.8999999999999999
-1,-1.8369701987210292e-16,4,0,1,0,0,0,0,0,0,1920,0,117.75,142,153.5,163,138,14.1,3.1000000000000001,98,4
-0.96592582628906842,0.2588190451025203,4,0,1,0,0,0,0,0,0,740,0,145.5,147,117.75,142,145,13.5,2,98,5.0999999999999996
-0.8660254037844386,0.50000000000000011,4,0,1,0,0,0,0,0,0,2676,0,144,154,145.5,147,122,13.5,1.5,98,5.7999999999999998
-0.70710678118654768,0.70710678118654735,4,0,1,0,0,0,0,0,0,6,0,115,119,144,154,115,14.9,3.2000000000000002,98,6.7999999999999998
-0.50000000000000044,0.86602540378443837,4,0,1,0,0,0,0,0,0,0,1,112.25,114,115,119,109,15.199999999999999,3.6000000000000001,98,9.5
-0.25881904510252152,0.96592582628906798,4,0,1,0,0,0,0,0,0,28,0,99.75,107,112.25,114,106,15.699999999999999,4.7999999999999998,98,12.5
0,1,4,0,0,1,0,0,0,0,0,67,0,93.25,104,99.75,107,74,15.699999999999999,4.4000000000000004,98,14.4
0.25881904510252068,0.96592582628906842,4,0,0,1,0,0,0,0,0,0,1,63.5,71,93.25,104,60,15.699999999999999,4.5999999999999996,98,15.4
0.49999999999999989,0.86602540378443871,4,0,0,1,0,0,0,0,0,0,1,92.75,97,63.5,71,93,15.6,3.8999999999999999,98,0.5
0.70710678118654757,0.70710678118654757,4,0,0,1,0,0,0,0,0,134,0,93.5,96,92.75,97,94,15.4,3.7000000000000002,98,1.3999999999999999
0.8660254037844386,0.50000000000000011,4,0,0,1,0,0,0,0,0,0,1,87.75,96,93.5,96,96,15.9,4.0999999999999996,98,2.2999999999999998
0.96592582628906842,0.25881904510252068,4,0,0,1,0,0,0,0,0,172,0,84.5,91,87.75,96,79,16,3,98,2.7999999999999998
1,6.123233995736766e-17,4,0,0,1,0,0,0,0,0,0,1,80.5,105,84.5,91,105,16.600000000000001,3.7999999999999998,98,0
0.96592582628906842,-0.25881904510252057,4,0,0,1,0,0,0,0,0,84,0,95,102,80.5,105,90,16.800000000000001,3.6000000000000001,98,0
0.86602540378443871,-0.49999999999999978,4,0,0,1,0,0,0,0,0,474,0,114.5,134,95,102,130,17,1.8,94,0
0.70710678118654757,-0.70710678118654746,4,0,0,1,0,0,0,0,0,889,0,169.5,179,114.5,134,179,19,0.69999999999999996,84,0
0.49999999999999989,-0.86602540378443871,4,0,0,1,0,0,0,0,0,1381,0,170.5,175,169.5,179,175,18.600000000000001,1.3999999999999999,75,0
0.25881904510252102,-0.9659258262890682,4,0,0,1,0,0,0,0,0,938,0,159.25,172,170.5,175,169,19.600000000000001,3.3999999999999999,65,0
1.2246467991473532e-16,-1,4,0,0,1,0,0,0,0,0,1241,0,167,172,159.25,172,172,20.5,3.5,56,0
-0.25881904510252079,-0.96592582628906842,4,0,0,1,0,0,0,0,0,44,0,98.75,130,167,172,130,20.199999999999999,4,53,0
-0.49999999999999972,-0.86602540378443882,4,0,0,1,0,0,0,0,0,1208,0,176.5,182,98.75,130,169,19.399999999999999,4,55,0
-0.70710678118654713,-0.70710678118654791,4,0,0,1,0,0,0,0,0,1086,0,166.75,173,176.5,182,173,19.899999999999999,3.7999999999999998,50,0
-0.86602540378443849,-0.50000000000000044,4,0,0,1,0,0,0,0,0,1368,0,162.25,179,166.75,173,170,20.600000000000001,3,50,0
-0.96592582628906842,-0.25881904510252057,4,0,0,1,0,0,0,0,0,2151,0,153.5,163,162.25,179,150,20.5,2.7999999999999998,42,0
-1,-1.8369701987210292e-16,4,0,0,1,0,0,0,0,0,5156,0,117.75,142,153.5,163,138,20.399999999999999,2,43,0
-0.96592582628906842,0.2588190451025203,4,0,0,1,0,0,0,0,0,1023,0,145.5,147,117.75,142,145,19,2,46,0
-0.8660254037844386,0.50000000000000011,4,0,0,1,0,0,0,0,0,2808,0,144,154,145.5,147,122,17.5,1.8,48,0
-0.70710678118654768,0.70710678118654735,4,0,0,1,0,0,0,0,0,14,0,115,119,144,154,115,15.800000000000001,1.7,50,0
-0.50000000000000044,0.86602540378443837,4,0,0,1,0,0,0,0,0,340,0,112.25,114,115,119,109,14.199999999999999,1.8,53,0
-0.25881904510252152,0.96592582628906798,4,0,0,1,0,0,0,0,0,150,0,99.75,107,112.25,114,106,12.800000000000001,3.1000000000000001,51,0
0,1,4,0,0,0,1,0,0,0,0,189,0,93.25,104,99.75,107,74,11.300000000000001,3.1000000000000001,53,0
0.25881904510252068,0.96592582628906842,4,0,0,0,1,0,0,0,0,0,1,63.5,71,93.25,104,60,10.1,3.7999999999999998,56,0
0.49999999999999989,0.86602540378443871,4,0,0,0,1,0,0,0,0,66,0,92.75,97,63.5,71,93,9.3000000000000007,3.8999999999999999,55,0
0.70710678118654757,0.70710678118654757,4,0,0,0,1,0,0,0,0,719,0,93.5,96,92.75,97,94,8.3000000000000007,4.2999999999999998,57,0
0.8660254037844386,0.50000000000000011,4,0,0,0,1,0,0,0,0,36,0,87.75,96,93.5,96,96,7.5,4.5,57,0
0.96592582628906842,0.25881904510252068,4,0,0,0,1,0,0,0,0,10,0,84.5,91,87.75,96,79,6.7999999999999998,1.3,63,0
1,6.123233995736766e-17,4,0,0,0,1,0,0,0,0,549,0,80.5,105,84.5,91,105,6.9000000000000004,3.3999999999999999,59,0
0.96592582628906842,-0.25881904510252057,4,0,0,0,1,0,0,0,0,226,0,95,102,80.5,105,90,6.7000000000000002,3.2000000000000002,60,0
0.86602540378443871,-0.49999999999999978,4,0,0,0,1,0,0,0,0,692,0,114.5,134,95,102,130,6.7999999999999998,2.2000000000000002,60,0
0.70710678118654757,-0.70710678118654746,4,0,0,0,1,0,0,0,0,982,0,169.5,179,114.5,134,179,7.2999999999999998,4,59,0
0.49999999999999989,-0.86602540378443871,4,0,0,0,1,0,0,0,0,1260,0,170.5,175,169.5,179,175,8.5,2.3999999999999999,51,0
0.25881904510252102,-0.9659258262890682,4,0,0,0,1,0,0,0,0,1193,0,159.25,172,170.5,175,169,9.4000000000000004,3.8999999999999999,48,0
1.2246467991473532e-16,-1,4,0,0,0,1,0,0,0,0,1227,0,167,172,159.25,172,172,11.300000000000001,3.8999999999999999,42,0
-0.25881904510252079,-0.96592582628906842,4,0,0,0,1,0,0,0,0,532,0,98.75,130,167,172,130,13.5,3.1000000000000001,35,0
-0.49999999999999972,-0.86602540378443882,4,0,0,0,1,0,0,0,0,1032,0,176.5,182,98.75,130,169,14.5,3.8999999999999999,26,0
-0.70710678118654713,-0.70710678118654791,4,0,0,0,1,0,0,0,0,2635,0,166.75,173,176.5,182,173,15.300000000000001,2.7000000000000002,24,0
-0.86602540378443849,-0.50000000000000044,4,0,0,0,1,0,0,0,0,960,0,162.25,179,166.75,173,170,16,2.7000000000000002,22,0
-0.96592582628906842,-0.25881904510252057,4,0,0,0,1,0,0,0,0,2275,0,153.5,163,162.25,179,150,16.100000000000001,3,24,0
-1,-1.8369701987210292e-16,4,0,0,0,1,0,0,0,0,351,0,117.75,142,153.5,163,138,14.9,2.3999999999999999,39,0
-0.96592582628906842,0.2588190451025203,4,0,0,0,1,0,0,0,0,842,0,145.5,147,117.75,142,145,13.300000000000001,2.1000000000000001,47,0
-0.8660254037844386,0.50000000000000011,4,0,0,0,1,0,0,0,0,1789,0,144,154,145.5,147,122,12.1,3,53,0
-0.70710678118654768,0.70710678118654735,4,0,0,0,1,0,0,0,0,30,0,115,119,144,154,115,11.300000000000001,3.2000000000000002,56,0
-0.50000000000000044,0.86602540378443837,4,0,0,0,1,0,0,0,0,104,0,112.25,114,115,119,109,10.1,0.90000000000000002,61,0
-0.25881904510252152,0.96592582628906798,4,0,0,0,1,0,0,0,0,123,0,99.75,107,112.25,114,106,10.300000000000001,1.1000000000000001,57,0
0,1,4,0,0,0,0,1,0,0,0,78,0,93.25,104,99.75,107,74,8.9000000000000004,1,62,0
0.25881904510252068,0.96592582628906842,4,0,0,0,0,1,0,0,0,240,0,63.5,71,93.25,104,60,7.4000000000000004,1.3,60,0
0.49999999999999989,0.86602540378443871,4,0,0,0,0,1,0,0,0,219,0,92.75,97,63.5,71,93,9.0999999999999996,2.2999999999999998,44,0
0.70710678118654757,0.70710678118654757,4,0,0,0,0,1,0,0,0,116,0,93.5,96,92.75,97,94,6.5999999999999996,1.1000000000000001,62,0
0.8660254037844386,0.50000000000000011,4,0,0,0,0,1,0,0,0,0,1,87.75,96,93.5,96,96,6.7000000000000002,1.2,54,0
0.96592582628906842,0.25881904510252068,4,0,0,0,0,1,0,0,0,1,0,84.5,91,87.75,96,79,8,2.5,47,0
1,6.123233995736766e-17,4,0,0,0,0,1,0,0,0,82,0,80.5,105,84.5,91,105,6.2999999999999998,2,54,0
0.96592582628906842,-0.25881904510252057,4,0,0,0,0,1,0,0,0,0,1,95,102,80.5,105,90,6.7999999999999998,2.3999999999999999,53,0
0.86602540378443871,-0.49999999999999978,4,0,0,0,0,1,0,0,0,1477,0,114.5,134,95,102,130,7.0999999999999996,2.2999999999999998,54,0
0.70710678118654757,-0.70710678118654746,4,0,0,0,0,1,0,0,0,766,0,169.5,179,114.5,134,179,9.4000000000000004,2.8999999999999999,47,0
0.49999999999999989,-0.86602540378443871,4,0,0,0,0,1,0,0,0,1672,0,170.5,175,169.5,179,175,11.4,2.6000000000000001,40,0
0.25881904510252102,-0.9659258262890682,4,0,0,0,0,1,0,0,0,492,0,159.25,172,170.5,175,169,12.9,2.2000000000000002,35,0
1.2246467991473532e-16,-1,4,0,0,0,0,1,0,0,0,1021,0,167,172,159.25,172,172,14.5,1.5,32,0
-0.25881904510252079,-0.96592582628906842,4,0,0,0,0,1,0,0,0,21,0,98.75,130,167,172,130,15.9,1.5,33,0
-0.49999999999999972,-0.86602540378443882,4,0,0,0,0,1,0,0,0,1022,0,176.5,182,98.75,130,169,15.6,2.7999999999999998,38,0
-0.70710678118654713,-0.70710678118654791,4,0,0,0,0,1,0,0,0,1613,0,166.75,173,176.5,182,173,15.699999999999999,2.5,35,0
-0.86602540378443849,-0.50000000000000044,4,0,0,0,0,1,0,0,0,662,0,162.25,179,166.75,173,170,15.4,2.2000000000000002,37,0
-0.96592582628906842,-0.25881904510252057,4,0,0,0,0,1,0,0,0,1543,0,153.5,163,162.25,179,150,14.800000000000001,2.2999999999999998,40,0
-1,-1.8369701987210292e-16,4,0,0,0,0,1,0,0,0,653,0,117.75,142,153.5,163,138,14.4,2.3999999999999999,42,0
-0.96592582628906842,0.2588190451025203,4,0,0,0,0,1,0,0,0,1531,0,145.5,147,117.75,142,145,14.1,2.1000000000000001,47,0
-0.8660254037844386,0.50000000000000011,4,0,0,0,0,1,0,0,0,2318,0,144,154,145.5,147,122,12.800000000000001,1.5,58,0
-0.70710678118654768,0.70710678118654735,4,0,0,0,0,1,0,0,0,10,0,115,119,144,154,115,11.5,1.8,63,0
-0.50000000000000044,0.86602540378443837,4,0,0,0,0,1,0,0,0,102,0,112.25,114,115,119,109,11.199999999999999,1.8999999999999999,59,0
-0.25881904510252152,0.96592582628906798,4,0,0,0,0,1,0,0,0,572,0,99.75,107,112.25,114,106,11.5,2.3999999999999999,55,0
0,1,4,0,0,0,0,0,1,0,0,69,0,93.25,104,99.75,107,74,9,1,67,0
0.25881904510252068,0.96592582628906842,4,0,0,0,0,0,1,0,0,0,1,63.5,71,93.25,104,60,8.9000000000000004,0.20000000000000001,68,0
0.49999999999999989,0.86602540378443871,4,0,0,0,0,0,1,0,0,304,0,92.75,97,63.5,71,93,8,0.20000000000000001,73,0
0.70710678118654757,0.70710678118654757,4,0,0,0,0,0,1,0,0,243,0,93.5,96,92.75,97,94,7.5999999999999996,1.3999999999999999,76,0
0.8660254037844386,0.50000000000000011,4,0,0,0,0,0,1,0,0,40,0,87.75,96,93.5,96,96,6.7999999999999998,0.5,83,0
0.96592582628906842,0.25881904510252068,4,0,0,0,0,0,1,0,0,140,0,84.5,91,87.75,96,79,7.9000000000000004,0.90000000000000002,78,0
1,6.123233995736766e-17,4,0,0,0,0,0,1,0,0,35,0,80.5,105,84.5,91,105,6.4000000000000004,0.59999999999999998,84,0
0.96592582628906842,-0.25881904510252057,4,0,0,0,0,0,1,0,0,48,0,95,102,80.5,105,90,7,1.1000000000000001,88,0
0.86602540378443871,-0.49999999999999978,4,0,0,0,0,0,1,0,0,1429,0,114.5,134,95,102,130,8.1999999999999993,0,87,0
0.70710678118654757,-0.70710678118654746,4,0,0,0,0,0,1,0,0,459,0,169.5,179,114.5,134,179,10.9,0.29999999999999999,79,0
0.49999999999999989,-0.86602540378443871,4,0,0,0,0,0,1,0,0,780,0,170.5,175,169.5,179,175,13.5,2.5,65,0
0.25881904510252102,-0.9659258262890682,4,0,0,0,0,0,1,0,0,961,0,159.25,172,170.5,175,169,15.6,1.5,56,0
1.2246467991473532e-16,-1,4,0,0,0,0,0,1,0,0,3628,0,167,172,159.25,172,172,17.800000000000001,3.7999999999999998,53,0
-0.25881904510252079,-0.96592582628906842,4,0,0,0,0,0,1,0,0,3130,0,98.75,130,167,172,130,18.600000000000001,4.7999999999999998,50,0
-0.49999999999999972,-0.86602540378443882,4,0,0,0,0,0,1,0,0,1657,0,176.5,182,98.75,130,169,18.899999999999999,4.5,52,0
-0.70710678118654713,-0.70710678118654791,4,0,0,0,0,0,1,0,0,1804,0,166.75,173,176.5,182,173,19.699999999999999,4.5,52,0
-0.86602540378443849,-0.50000000000000044,4,0,0,0,0,0,1,0,0,621,0,162.25,179,166.75,173,170,20.199999999999999,3.2000000000000002,52,0
-0.96592582628906842,-0.25881904510252057,4,0,0,0,0,0,1,0,0,1025,0,153.5,163,162.25,179,150,19.399999999999999,4.0999999999999996,56,0
-1,-1.8369701987210292e-16,4,0,0,0,0,0,1,0,0,720,0,117.75,142,153.5,163,138,20.100000000000001,3,53,0
-0.96592582628906842,0.2588190451025203,4,0,0,0,0,0,1,0,0,877,0,145.5,147,117.75,142,145,17.800000000000001,3.6000000000000001,73,0
-0.8660254037844386,0.50000000000000011,4,0,0,0,0,0,1,0,0,1519,0,144,154,145.5,147,122,16.899999999999999,3.6000000000000001,77,0
-0.70710678118654768,0.70710678118654735,4,0,0,0,0,0,1,0,0,98,0,115,119,144,154,115,16.5,2.7000000000000002,77,0
-0.50000000000000044,0.86602540378443837,4,0,0,0,0,0,1,0,0,58,0,112.25,114,115,119,109,16,2.7999999999999998,79,0
-0.25881904510252152,0.96592582628906798,4,0,0,0,0,0,1,0,0,141,0,99.75,107,112.25,114,106,16,2,80,0
0,1,4,1,0,0,0,0,0,1,0,36,0,93.25,104,99.75,107,74,15.300000000000001,1.6000000000000001,85,0
0.25881904510252068,0.96592582628906842,4,1,0,0,0,0,0,1,0,239,0,60.75,63,93.25,104,60,14.9,1.6000000000000001,89,0
0.49999999999999989,0.86602540378443871,4,1,0,0,0,0,0,1,0,325,0,103.75,115,60.75,63,115,14.5,1.6000000000000001,91,0
0.70710678118654757,0.70710678118654757,4,1,0,0,0,0,0,1,0,117,0,103.25,110,103.75,115,110,14.1,2,75,0
0.8660254037844386,0.50000000000000011,4,1,0,0,0,0,0,1,0,151,0,102.75,111,103.25,110,100,13.300000000000001,2.1000000000000001,77,0
0.96592582628906842,0.25881904510252068,4,1,0,0,0,0,0,1,0,292,0,106.25,114,102.75,111,95,13.1,3.6000000000000001,73,0
1,6.123233995736766e-17,4,1,0,0,0,0,0,1,0,20,0,87,99,106.25,114,99,12.6,2.7000000000000002,71,0
0.96592582628906842,-0.25881904510252057,4,1,0,0,0,0,0,1,0,144,0,103.5,114,87,99,90,12.4,1.1000000000000001,68,0
0.86602540378443871,-0.49999999999999978,4,1,0,0,0,0,0,1,0,1690,0,62.5,88,103.5,114,33,12.300000000000001,2,64,0
0.70710678118654757,-0.70710678118654746,4,1,0,0,0,0,0,1,0,0,1,24.25,27,62.5,88,22,13.199999999999999,1.3,60,0
0.49999999999999989,-0.86602540378443871,4,1,0,0,0,0,0,1,0,0,1,22.25,23,24.25,27,22,14.300000000000001,0.90000000000000002,57,0
0.25881904510252102,-0.9659258262890682,4,1,0,0,0,0,0,1,0,0,1,22,22,22.25,23,22,16,1.1000000000000001,51,0
1.2246467991473532e-16,-1,4,1,0,0,0,0,0,1,0,0,1,25,27,22,22,26,17.600000000000001,1.3999999999999999,49,0
-0.25881904510252079,-0.96592582628906842,4,1,0,0,0,0,0,1,0,0,1,22.5,23,25,27,22,19,2.7000000000000002,46,0
-0.49999999999999972,-0.86602540378443882,4,1,0,0,0,0,0,1,0,0,1,22,22,22.5,23,22,18.199999999999999,2.7999999999999998,62,0
-0.70710678118654713,-0.70710678118654791,4,1,0,0,0,0,0,1,0,0,1,23.25,26,22,22,26,17.699999999999999,2.3999999999999999,71,0
-0.86602540378443849,-0.50000000000000044,4,1,0,0,0,0,0,1,0,0,1,23.5,27,23.25,26,22,17,1.8999999999999999,72,0
-0.96592582628906842,-0.25881904510252057,4,1,0,0,0,0,0,1,0,0,1,22.5,23,23.5,27,23,16.5,4.0999999999999996,28,0
-1,-1.8369701987210292e-16,4,1,0,0,0,0,0,1,0,0,1,22.25,23,22.5,23,22,15.9,4.7999999999999998,27,0
-0.96592582628906842,0.2588190451025203,4,1,0,0,0,0,0,1,0,0,1,24,27,22.25,23,22,15.199999999999999,4.2000000000000002,22,0
-0.8660254037844386,0.50000000000000011,4,1,0,0,0,0,0,1,0,0,1,22,22,24,27,22,13.800000000000001,3.7999999999999998,26,0
-0.70710678118654768,0.70710678118654735,4,1,0,0,0,0,0,1,0,0,1,22,22,22,22,22,12.6,3.2000000000000002,30,0
-0.50000000000000044,0.86602540378443837,4,1,0,0,0,0,0,1,0,0,1,25,28,22,22,23,10.699999999999999,1.8,44,0
-0.25881904510252152,0.96592582628906798,4,1,0,0,0,0,0,1,0,0,1,22.75,23,25,28,23,9.8000000000000007,1.2,45,0
0,1,4,1,0,0,0,0,0,0,1,0,1,22.5,23,22.75,23,23,10.300000000000001,3.7999999999999998,34,0
0.25881904510252068,0.96592582628906842,4,1,0,0,0,0,0,0,1,0,1,20,20,22.5,23,20,9.5999999999999996,3.2999999999999998,34,0
0.49999999999999989,0.86602540378443871,4,1,0,0,0,0,0,0,1,0,1,22.5,25,20,20,20,9.0999999999999996,3,35,0
0.70710678118654757,0.70710678118654757,4,1,0,0,0,0,0,0,1,0,1,20,20,22.5,25,20,8.5,2.6000000000000001,37,0
0.8660254037844386,0.50000000000000011,4,1,0,0,0,0,0,0,1,0,1,20,20,20,20,20,7.9000000000000004,2,40,0
0.96592582628906842,0.25881904510252068,4,1,0,0,0,0,0,0,1,0,1,22.25,25,20,20,25,7.7999999999999998,2.2000000000000002,43,0
1,6.123233995736766e-17,4,1,0,0,0,0,0,0,1,0,1,20,20,22.25,25,20,7.9000000000000004,3.1000000000000001,52,0
0.96592582628906842,-0.25881904510252057,4,1,0,0,0,0,0,0,1,0,1,20,20,20,20,20,7.7999999999999998,3,56,0
0.86602540378443871,-0.49999999999999978,4,1,0,0,0,0,0,0,1,0,1,20.25,23,20,20,23,8.3000000000000007,2.8999999999999999,58,0
0.70710678118654757,-0.70710678118654746,4,1,0,0,0,0,0,0,1,0,1,20.75,24,20.25,23,20,9.5,3.6000000000000001,54,0
0.49999999999999989,-0.86602540378443871,4,1,0,0,0,0,0,0,1,0,1,20,20,20.75,24,20,10.699999999999999,4.4000000000000004,50,0
0.25881904510252102,-0.9659258262890682,4,1,0,0,0,0,0,0,1,0,1,20.75,23,20,20,23,11.699999999999999,3.5,46,0
1.2246467991473532e-16,-1,4,1,0,0,0,0,0,0,1,0,1,21,24,20.75,23,20,12.5,3.3999999999999999,43,0
-0.25881904510252079,-0.96592582628906842,4,1,0,0,0,0,0,0,1,0,1,20,20,21,24,20,14.1,3.8999999999999999,41,0
-0.49999999999999972,-0.86602540378443882,4,1,0,0,0,0,0,0,1,0,1,20,20,20,20,20,15.1,2.1000000000000001,37,0
-0.70710678118654713,-0.70710678118654791,4,1,0,0,0,0,0,0,1,0,1,22.25,25,20,20,20,15.800000000000001,2.7999999999999998,34,0
-0.86602540378443849,-0.50000000000000044,4,1,0,0,0,0,0,0,1,0,1,20,20,22.25,25,20,16.699999999999999,2.7999999999999998,31,0
-0.96592582628906842,-0.25881904510252057,4,1,0,0,0,0,0,0,1,0,1,20,20,20,20,20,16.399999999999999,2.6000000000000001,40,0
-1,-1.8369701987210292e-16,4,1,0,0,0,0,0,0,1,0,1,22.75,25,20,20,20,15,2.8999999999999999,45,0
-0.96592582628906842,0.2588190451025203,4,1,0,0,0,0,0,0,1,0,1,19.25,20,22.75,25,19,14.5,1.5,48,0
-0.8660254037844386,0.50000000000000011,4,1,0,0,0,0,0,0,1,0,1,19.5,20,19.25,20,20,13.4,1.1000000000000001,59,0
-0.70710678118654768,0.70710678118654735,4,1,0,0,0,0,0,0,1,0,1,20.75,25,19.5,20,25,11.5,0.40000000000000002,71,0
-0.50000000000000044,0.86602540378443837,4,1,0,0,0,0,0,0,1,0,1,21.25,24,20.75,25,20,12.1,0.80000000000000004,61,0
-0.25881904510252152,0.96592582628906798,4,1,0,0,0,0,0,0,1,0,1,20,20,21.25,24,20,10.800000000000001,0.69999999999999996,70,0
0,1,4,0,1,0,0,0,0,0,0,0,1,20.5,22,20,20,22,11.699999999999999,2.5,47,0
0.25881904510252068,0.96592582628906842,4,0,1,0,0,0,0,0,0,0,1,20.25,21,20.5,22,20,10.699999999999999,1.7,48,0
0.49999999999999989,0.86602540378443871,4,0,1,0,0,0,0,0,0,0,1,22.5,25,20.25,21,20,11.5,2.7999999999999998,45,0
0.70710678118654757,0.70710678118654757,4,0,1,0,0,0,0,0,0,0,1,20.25,21,22.5,25,21,10.1,1.6000000000000001,51,0
0.8660254037844386,0.50000000000000011,4,0,1,0,0,0,0,0,0,0,1,20.25,21,20.25,21,20,10.4,2.7999999999999998,50,0
0.96592582628906842,0.25881904510252068,4,0,1,0,0,0,0,0,0,0,1,22.75,25,20.25,21,22,10.9,3.3999999999999999,42,0
1,6.123233995736766e-17,4,0,1,0,0,0,0,0,0,0,1,20,20,22.75,25,20,9.8000000000000007,2,43,0
0.96592582628906842,-0.25881904510252057,4,0,1,0,0,0,0,0,0,0,1,20,20,20,20,20,10.4,2.2000000000000002,33,0
0.86602540378443871,-0.49999999999999978,4,0,1,0,0,0,0,0,0,0,1,54,101,20,20,101,11.300000000000001,0.90000000000000002,36,0
0.70710678118654757,-0.70710678118654746,4,0,1,0,0,0,0,0,0,1040,0,160.25,172,54,101,171,13.699999999999999,2.2000000000000002,29,0
0.49999999999999989,-0.86602540378443871,4,0,1,0,0,0,0,0,0,854,0,162.75,167,160.25,172,162,15.5,2.8999999999999999,24,0
0.25881904510252102,-0.9659258262890682,4,0,1,0,0,0,0,0,0,913,0,154.5,165,162.75,167,159,17.199999999999999,2.7999999999999998,23,0
1.2246467991473532e-16,-1,4,0,1,0,0,0,0,0,0,1984,0,164.25,168,154.5,165,168,18.300000000000001,4.2000000000000002,21,0
-0.25881904510252079,-0.96592582628906842,4,0,1,0,0,0,0,0,0,400,0,103.75,123,164.25,168,123,20,3.2000000000000002,20,0
-0.49999999999999972,-0.86602540378443882,4,0,1,0,0,0,0,0,0,718,0,154.5,160,103.75,123,152,20.800000000000001,2.7999999999999998,19,0
-0.70710678118654713,-0.70710678118654791,4,0,1,0,0,0,0,0,0,4151,0,159,164,154.5,160,164,22.300000000000001,3.2000000000000002,20,0
-0.86602540378443849,-0.50000000000000044,4,0,1,0,0,0,0,0,0,1195,0,154,165,159,164,157,23.100000000000001,2.1000000000000001,17,0
-0.96592582628906842,-0.25881904510252057,4,0,1,0,0,0,0,0,0,1100,0,146.75,152,154,165,150,23.100000000000001,3,16,0
-1,-1.8369701987210292e-16,4,0,1,0,0,0,0,0,0,408,0,128.75,163,146.75,152,163,23,2.6000000000000001,18,0
-0.96592582628906842,0.2588190451025203,4,0,1,0,0,0,0,0,0,444,0,146.75,152,128.75,163,140,22.100000000000001,2.8999999999999999,18,0
-0.8660254037844386,0.50000000000000011,4,0,1,0,0,0,0,0,0,1383,0,130.25,146,146.75,152,110,20,1.8,21,0
-0.70710678118654768,0.70710678118654735,4,0,1,0,0,0,0,0,0,0,1,106,110,130.25,146,104,19.100000000000001,2.2000000000000002,24,0
-0.50000000000000044,0.86602540378443837,4,0,1,0,0,0,0,0,0,29,0,106.25,109,106,110,103,18.5,2.5,27,0
-0.25881904510252152,0.96592582628906798,4,0,1,0,0,0,0,0,0,195,0,104.5,115,106.25,109,115,17,2.2999999999999998,33,0
0,1,4,0,0,1,0,0,0,0,0,0,1,98,112,104.5,115,77,16.199999999999999,2,35,0
0.25881904510252068,0.96592582628906842,4,0,0,1,0,0,0,0,0,0,1,20.25,21,98,112,20,16.699999999999999,2.5,32,0
0.49999999999999989,0.86602540378443871,4,0,0,1,0,0,0,0,0,386,0,22.5,25,20.25,21,20,15.300000000000001,2.5,35,0
0.70710678118654757,0.70710678118654757,4,0,0,1,0,0,0,0,0,591,0,20.25,21,22.5,25,21,14.5,1.3999999999999999,37,0
0.8660254037844386,0.50000000000000011,4,0,0,1,0,0,0,0,0,13,0,20.25,21,20.25,21,20,14.300000000000001,2.7000000000000002,38,0
0.96592582628906842,0.25881904510252068,4,0,0,1,0,0,0,0,0,30,0,22.75,25,20.25,21,22,13.5,2.2999999999999998,41,0
1,6.123233995736766e-17,4,0,0,1,0,0,0,0,0,2,0,20,20,22.75,25,20,13.5,2.8999999999999999,39,0
0.96592582628906842,-0.25881904510252057,4,0,0,1,0,0,0,0,0,125,0,20,20,20,20,20,13,1.8999999999999999,39,0
0.86602540378443871,-0.49999999999999978,4,0,0,1,0,0,0,0,0,602,0,54,101,20,20,101,14.4,3.2000000000000002,35,0
0.70710678118654757,-0.70710678118654746,4,0,0,1,0,0,0,0,0,69,0,160.25,172,54,101,171,16.300000000000001,2.3999999999999999,32,0
0.49999999999999989,-0.86602540378443871,4,0,0,1,0,0,0,0,0,426,0,162.75,167,160.25,172,162,18.699999999999999,2.6000000000000001,27,0
0.25881904510252102,-0.9659258262890682,4,0,0,1,0,0,0,0,0,1218,0,154.5,165,162.75,167,159,20.399999999999999,3.5,25,0
1.2246467991473532e-16,-1,4,0,0,1,0,0,0,0,0,862,0,164.25,168,154.5,165,168,22.100000000000001,3.2000000000000002,23,0
-0.25881904510252079,-0.96592582628906842,4,0,0,1,0,0,0,0,0,332,0,103.75,123,164.25,168,123,24.199999999999999,1.8,21,0
-0.49999999999999972,-0.86602540378443882,4,0,0,1,0,0,0,0,0,1455,0,154.5,160,103.75,123,152,23.699999999999999,5.0999999999999996,20,0
-0.70710678118654713,-0.70710678118654791,4,0,0,1,0,0,0,0,0,1351,0,159,164,154.5,160,164,23.399999999999999,4.2000000000000002,21,0
-0.86602540378443849,-0.50000000000000044,4,0,0,1,0,0,0,0,0,1183,0,154,165,159,164,157,22.399999999999999,4.0999999999999996,21,0
-0.96592582628906842,-0.25881904510252057,4,0,0,1,0,0,0,0,0,2180,0,146.75,152,154,165,150,21.399999999999999,4.0999999999999996,26,0
-1,-1.8369701987210292e-16,4,0,0,1,0,0,0,0,0,2080,0,128.75,163,146.75,152,163,19.699999999999999,3.3999999999999999,37,0
-0.96592582628906842,0.2588190451025203,4,0,0,1,0,0,0,0,0,514,0,146.75,152,128.75,163,140,18.699999999999999,2.3999999999999999,39,0
-0.8660254037844386,0.50000000000000011,4,0,0,1,0,0,0,0,0,1890,0,130.25,146,146.75,152,110,17.600000000000001,1.3999999999999999,47,0
-0.70710678118654768,0.70710678118654735,4,0,0,1,0,0,0,0,0,100,0,106,110,130.25,146,104,16.5,1.2,59,0
-0.50000000000000044,0.86602540378443837,4,0,0,1,0,0,0,0,0,45,0,106.25,109,106,110,103,15.300000000000001,1.5,72,0
-0.25881904510252152,0.96592582628906798,4,0,0,1,0,0,0,0,0,80,0,104.5,115,106.25,109,115,14.699999999999999,1.6000000000000001,74,0
0,1,4,0,0,0,1,0,0,0,0,113,0,98,112,104.5,115,77,13.4,0.20000000000000001,75,0
0.25881904510252068,0.96592582628906842,4,0,0,0,1,0,0,0,0,0,1,58.25,62,98,112,57,13.6,2,65,0
0.49999999999999989,0.86602540378443871,4,0,0,0,1,0,0,0,0,72,0,99,106,58.25,62,104,12.6,0.20000000000000001,67,0
0.70710678118654757,0.70710678118654757,4,0,0,0,1,0,0,0,0,0,1,101,107,99,106,95,12.4,0.5,72,0
0.8660254037844386,0.50000000000000011,4,0,0,0,1,0,0,0,0,0,1,97.75,104,101,107,103,12.199999999999999,1.3,71,0
0.96592582628906842,0.25881904510252068,4,0,0,0,1,0,0,0,0,547,0,103.75,111,97.75,104,107,11.800000000000001,0.40000000000000002,74,0
1,6.123233995736766e-17,4,0,0,0,1,0,0,0,0,42,0,89,110,103.75,111,110,11.300000000000001,1.6000000000000001,72,0
0.96592582628906842,-0.25881904510252057,4,0,0,0,1,0,0,0,0,0,1,106.25,112,89,110,103,10.6,0.40000000000000002,78,0
0.86602540378443871,-0.49999999999999978,4,0,0,0,1,0,0,0,0,705,0,122.25,140,106.25,112,140,13.1,0.29999999999999999,71,0
0.70710678118654757,-0.70710678118654746,4,0,0,0,1,0,0,0,0,724,0,163.25,174,122.25,140,153,16.100000000000001,0.80000000000000004,65,0
0.49999999999999989,-0.86602540378443871,4,0,0,0,1,0,0,0,0,638,0,152.5,163,163.25,174,152,17.300000000000001,1.5,55,0
0.25881904510252102,-0.9659258262890682,4,0,0,0,1,0,0,0,0,1219,0,160.5,173,152.5,163,172,20.100000000000001,1.1000000000000001,43,0
1.2246467991473532e-16,-1,4,0,0,0,1,0,0,0,0,1473,0,156,165,160.5,173,143,23.399999999999999,1.2,32,0
-0.25881904510252079,-0.96592582628906842,4,0,0,0,1,0,0,0,0,167,0,91.5,110,156,165,110,23.800000000000001,2,39,0
-0.49999999999999972,-0.86602540378443882,4,0,0,0,1,0,0,0,0,1402,0,150.75,158,91.5,110,158,24.399999999999999,2.2999999999999998,41,0
-0.70710678118654713,-0.70710678118654791,4,0,0,0,1,0,0,0,0,2161,0,161,167,150.75,158,158,24.800000000000001,2.7000000000000002,34,0
-0.86602540378443849,-0.50000000000000044,4,0,0,0,1,0,0,0,0,856,0,147.75,161,161,167,156,24.699999999999999,2.1000000000000001,31,0
-0.96592582628906842,-0.25881904510252057,4,0,0,0,1,0,0,0,0,2815,0,151,155,147.75,161,142,22.800000000000001,2.6000000000000001,32,0
-1,-1.8369701987210292e-16,4,0,0,0,1,0,0,0,0,747,0,111.5,134,151,155,134,21.5,2,38,0
-0.96592582628906842,0.2588190451025203,4,0,0,0,1,0,0,0,0,1177,0,140.5,148,111.5,134,148,19.5,1.6000000000000001,44,0
-0.8660254037844386,0.50000000000000011,4,0,0,0,1,0,0,0,0,420,0,130.25,139,140.5,148,113,17.899999999999999,0.59999999999999998,53,0
-0.70710678118654768,0.70710678118654735,4,0,0,0,1,0,0,0,0,0,1,119.25,136,130.25,139,136,16.699999999999999,0,57,0
-0.50000000000000044,0.86602540378443837,4,0,0,0,1,0,0,0,0,0,1,119,124,119.25,136,113,16.399999999999999,1,54,0
-0.25881904510252152,0.96592582628906798,4,0,0,0,1,0,0,0,0,345,0,106,118,119,124,108,16.100000000000001,0.10000000000000001,53,0
0,1,4,0,0,0,0,1,0,0,0,144,0,100.25,117,106,118,77,14.699999999999999,1.3,63,0
0.25881904510252068,0.96592582628906842,4,0,0,0,0,1,0,0,0,0,1,58.25,62,100.25,117,57,14,0.59999999999999998,69,0
0.49999999999999989,0.86602540378443871,4,0,0,0,0,1,0,0,0,100,0,99,106,58.25,62,104,13.9,1.2,77,0
0.70710678118654757,0.70710678118654757,4,0,0,0,0,1,0,0,0,7,0,101,107,99,106,95,13.699999999999999,0.29999999999999999,86,0
0.8660254037844386,0.50000000000000011,4,0,0,0,0,1,0,0,0,300,0,97.75,104,101,107,103,13.5,0.69999999999999996,78,0
0.96592582628906842,0.25881904510252068,4,0,0,0,0,1,0,0,0,54,0,103.75,111,97.75,104,107,13.9,2.2000000000000002,76,0
1,6.123233995736766e-17,4,0,0,0,0,1,0,0,0,0,1,89,110,103.75,111,110,13.300000000000001,2.2999999999999998,77,0
0.96592582628906842,-0.25881904510252057,4,0,0,0,0,1,0,0,0,11,0,106.25,112,89,110,103,13.9,1.6000000000000001,75,0
0.86602540378443871,-0.49999999999999978,4,0,0,0,0,1,0,0,0,1582,0,122.25,140,106.25,112,140,14.699999999999999,2,72,0
0.70710678118654757,-0.70710678118654746,4,0,0,0,0,1,0,0,0,728,0,163.25,174,122.25,140,153,15.300000000000001,1.5,65,0
0.49999999999999989,-0.86602540378443871,4,0,0,0,0,1,0,0,0,712,0,152.5,163,163.25,174,152,19,2.3999999999999999,40,0
0.25881904510252102,-0.9659258262890682,4,0,0,0,0,1,0,0,0,1196,0,160.5,173,152.5,163,172,21.699999999999999,1.5,28,0
1.2246467991473532e-16,-1,4,0,0,0,0,1,0,0,0,1131,0,156,165,160.5,173,143,22.899999999999999,1.5,26,0
-0.25881904510252079,-0.96592582628906842,4,0,0,0,0,1,0,0,0,450,0,91.5,110,156,165,110,24.300000000000001,2.1000000000000001,24,0
-0.49999999999999972,-0.86602540378443882,4,0,0,0,0,1,0,0,0,1674,0,150.75,158,91.5,110,158,24.800000000000001,3.2999999999999998,24,0
-0.70710678118654713,-0.70710678118654791,4,0,0,0,0,1,0,0,0,1547,0,161,167,150.75,158,158,24.199999999999999,2.2000000000000002,25,0
-0.86602540378443849,-0.50000000000000044,4,0,0,0,0,1,0,0,0,1086,0,147.75,161,161,167,156,22.300000000000001,3.1000000000000001,29,0
-0.96592582628906842,-0.25881904510252057,4,0,0,0,0,1,0,0,0,1599,0,151,155,147.75,161,142,20.199999999999999,3.2999999999999998,46,0
-1,-1.8369701987210292e-16,4,0,0,0,0,1,0,0,0,634,0,111.5,134,151,155,134,20,1,42,0
-0.96592582628906842,0.2588190451025203,4,0,0,0,0,1,0,0,0,2731,0,140.5,148,111.5,134,148,19.100000000000001,1.6000000000000001,44,0
-0.8660254037844386,0.50000000000000011,4,0,0,0,0,1,0,0,0,1545,0,130.25,139,140.5,148,113,18.600000000000001,1.3,42,0
-0.70710678118654768,0.70710678118654735,4,0,0,0,0,1,0,0,0,132,0,119.25,136,130.25,139,136,18,1,46,0
-0.50000000000000044,0.86602540378443837,4,0,0,0,0,1,0,0,0,60,0,119,124,119.25,136,113,17,1.1000000000000001,49,0
-0.25881904510252152,0.96592582628906798,4,0,0,0,0,1,0,0,0,72,0,106,118,119,124,108,17.800000000000001,3.1000000000000001,43,0
0,1,4,0,0,0,0,0,1,0,0,10,0,100.25,117,106,118,77,17.300000000000001,1.7,48,0
0.25881904510252068,0.96592582628906842,4,0,0,0,0,0,1,0,0,0,1,58.25,62,100.25,117,57,16.399999999999999,1.5,51,0
0.49999999999999989,0.86602540378443871,4,0,0,0,0,0,1,0,0,504,0,99,106,58.25,62,104,16.5,2.5,49,0
0.70710678118654757,0.70710678118654757,4,0,0,0,0,0,1,0,0,41,0,101,107,99,106,95,16.300000000000001,2.7999999999999998,50,0
0.8660254037844386,0.50000000000000011,4,0,0,0,0,0,1,0,0,0,1,97.75,104,101,107,103,16.300000000000001,2.2000000000000002,47,0
0.96592582628906842,0.25881904510252068,4,0,0,0,0,0,1,0,0,58,0,103.75,111,97.75,104,107,16.300000000000001,2.2000000000000002,46,0
1,6.123233995736766e-17,4,0,0,0,0,0,1,0,0,0,1,89,110,103.75,111,110,15.699999999999999,3.3999999999999999,53,0
0.96592582628906842,-0.25881904510252057,4,0,0,0,0,0,1,0,0,48,0,106.25,112,89,110,103,15,2.6000000000000001,61,0
0.86602540378443871,-0.49999999999999978,4,0,0,0,0,0,1,0,0,941,0,122.25,140,106.25,112,140,14.699999999999999,1.8,64,0
0.70710678118654757,-0.70710678118654746,4,0,0,0,0,0,1,0,0,572,0,163.25,174,122.25,140,153,14.6,3.5,69,0
0.49999999999999989,-0.86602540378443871,4,0,0,0,0,0,1,0,0,1287,0,152.5,163,163.25,174,152,15.4,3.7000000000000002,64,0
0.25881904510252102,-0.9659258262890682,4,0,0,0,0,0,1,0,0,172,0,160.5,173,152.5,163,172,17,3.2000000000000002,53,0
1.2246467991473532e-16,-1,4,0,0,0,0,0,1,0,0,1538,0,156,165,160.5,173,143,18.100000000000001,2,50,0
-0.25881904510252079,-0.96592582628906842,4,0,0,0,0,0,1,0,0,262,0,91.5,110,156,165,110,17.699999999999999,3.2000000000000002,53,0
-0.49999999999999972,-0.86602540378443882,4,0,0,0,0,0,1,0,0,743,0,150.75,158,91.5,110,158,17.600000000000001,3.6000000000000001,59,0
-0.70710678118654713,-0.70710678118654791,4,0,0,0,0,0,1,0,0,464,0,161,167,150.75,158,158,17.600000000000001,3.3999999999999999,62,0
-0.86602540378443849,-0.50000000000000044,4,0,0,0,0,0,1,0,0,2170,0,147.75,161,161,167,156,17.100000000000001,4,58,0
-0.96592582628906842,-0.25881904510252057,4,0,0,0,0,0,1,0,0,1743,0,151,155,147.75,161,142,16.600000000000001,2.8999999999999999,56,0
-1,-1.8369701987210292e-16,4,0,0,0,0,0,1,0,0,2106,0,111.5,134,151,155,134,15.4,3.5,63,0
-0.96592582628906842,0.2588190451025203,4,0,0,0,0,0,1,0,0,104,0,140.5,148,111.5,134,148,14.699999999999999,3.7999999999999998,69,0
-0.8660254037844386,0.50000000000000011,4,0,0,0,0,0,1,0,0,762,0,130.25,139,140.5,148,113,14.5,3.2999999999999998,61,0
-0.70710678118654768,0.70710678118654735,4,0,0,0,0,0,1,0,0,100,0,119.25,136,130.25,139,136,14.199999999999999,3.6000000000000001,60,0
-0.50000000000000044,0.86602540378443837,4,0,0,0,0,0,1,0,0,103,0,119,124,119.25,136,113,14,3.1000000000000001,70,0
-0.25881904510252152,0.96592582628906798,4,0,0,0,0,0,1,0,0,35,0,106,118,119,124,108,13.9,3.1000000000000001,73,0
0,1,4,1,0,0,0,0,0,1,0,100,0,100.25,117,106,118,77,13.699999999999999,3.1000000000000001,71,0
0.25881904510252068,0.96592582628906842,4,1,0,0,0,0,0,1,0,0,1,58.5,61,100.25,117,61,13,1.7,74,0
0.49999999999999989,0.86602540378443871,4,1,0,0,0,0,0,1,0,291,0,100.75,105,58.5,61,103,13.199999999999999,1.7,79,0
0.70710678118654757,0.70710678118654757,4,1,0,0,0,0,0,1,0,410,0,95.5,100,100.75,105,95,13.300000000000001,2.2000000000000002,79,0
0.8660254037844386,0.50000000000000011,4,1,0,0,0,0,0,1,0,125,0,98.5,104,95.5,100,103,13.300000000000001,2.2000000000000002,79,0
0.96592582628906842,0.25881904510252068,4,1,0,0,0,0,0,1,0,300,0,101.25,105,98.5,104,96,12.699999999999999,1.8,82,0
1,6.123233995736766e-17,4,1,0,0,0,0,0,1,0,20,0,84,107,101.25,105,107,13,2.2999999999999998,82,0
0.96592582628906842,-0.25881904510252057,4,1,0,0,0,0,0,1,0,675,0,102,112,84,107,93,12.6,1.7,85,0
0.86602540378443871,-0.49999999999999978,4,1,0,0,0,0,0,1,0,1083,0,56.25,82,102,112,28,13.5,1.7,82,0
0.70710678118654757,-0.70710678118654746,4,1,0,0,0,0,0,1,0,0,1,20.25,21,56.25,82,20,14.199999999999999,2.8999999999999999,78,0
0.49999999999999989,-0.86602540378443871,4,1,0,0,0,0,0,1,0,0,1,20.25,21,20.25,21,21,15.699999999999999,2.7000000000000002,69,0
0.25881904510252102,-0.9659258262890682,4,1,0,0,0,0,0,1,0,0,1,22.75,25,20.25,21,24,17.300000000000001,3.2000000000000002,63,0
1.2246467991473532e-16,-1,4,1,0,0,0,0,0,1,0,0,1,21,21,22.75,25,21,17.300000000000001,3.7000000000000002,66,0
-0.25881904510252079,-0.96592582628906842,4,1,0,0,0,0,0,1,0,0,1,20.25,21,21,21,20,18.100000000000001,4.2999999999999998,63,0
-0.49999999999999972,-0.86602540378443882,4,1,0,0,0,0,0,1,0,0,1,22,25,20.25,21,25,17.5,5,63,0
-0.70710678118654713,-0.70710678118654791,4,1,0,0,0,0,0,1,0,0,1,20.75,22,22,25,21,17.800000000000001,4.5,63,0
-0.86602540378443849,-0.50000000000000044,4,1,0,0,0,0,0,1,0,0,1,20,20,20.75,22,20,17.300000000000001,4.4000000000000004,65,0
-0.96592582628906842,-0.25881904510252057,4,1,0,0,0,0,0,1,0,0,1,21,23,20,20,23,17.199999999999999,4.0999999999999996,71,0
-1,-1.8369701987210292e-16,4,1,0,0,0,0,0,1,0,0,1,21.75,25,21,23,21,16.5,2.8999999999999999,74,0
-0.96592582628906842,0.2588190451025203,4,1,0,0,0,0,0,1,0,0,1,20,20,21.75,25,20,15.699999999999999,2.2000000000000002,72,0
-0.8660254037844386,0.50000000000000011,4,1,0,0,0,0,0,1,0,0,1,20,20,20,20,20,14.699999999999999,1.3,74,0
-0.70710678118654768,0.70710678118654735,4,1,0,0,0,0,0,1,0,0,1,22.5,24,20,20,21,14.1,1.1000000000000001,74,0
-0.50000000000000044,0.86602540378443837,4,1,0,0,0,0,0,1,0,0,1,20.5,21,22.5,24,20,13.1,0.69999999999999996,81,0
-0.25881904510252152,0.96592582628906798,4,1,0,0,0,0,0,1,0,0,1,20,20,20.5,21,20,12.800000000000001,1,81,0
0,1,4,1,0,0,0,0,0,0,1,0,1,22.5,25,20,20,24,12.1,1.1000000000000001,74,0
0.25881904510252068,0.96592582628906842,4,1,0,0,0,0,0,0,1,0,1,20,20,22.5,25,20,11.699999999999999,1.8999999999999999,77,0
0.49999999999999989,0.86602540378443871,4,1,0,0,0,0,0,0,1,0,1,22.5,25,20,20,20,11.4,0.90000000000000002,81,0
0.70710678118654757,0.70710678118654757,4,1,0,0,0,0,0,0,1,0,1,20,20,22.5,25,20,12.199999999999999,0.90000000000000002,78,0
0.8660254037844386,0.50000000000000011,4,1,0,0,0,0,0,0,1,0,1,20,20,20,20,20,12.4,1.8999999999999999,76,0
0.96592582628906842,0.25881904510252068,4,1,0,0,0,0,0,0,1,0,1,22.25,25,20,20,25,12.4,1.6000000000000001,76,0
1,6.123233995736766e-17,4,1,0,0,0,0,0,0,1,0,1,20,20,22.25,25,20,12.5,2,78,0
0.96592582628906842,-0.25881904510252057,4,1,0,0,0,0,0,0,1,0,1,20,20,20,20,20,13.9,3.2999999999999998,72,0
0.86602540378443871,-0.49999999999999978,4,1,0,0,0,0,0,0,1,0,1,20.25,23,20,20,23,14.300000000000001,2.7999999999999998,74,0
0.70710678118654757,-0.70710678118654746,4,1,0,0,0,0,0,0,1,0,1,20.75,24,20.25,23,20,15,3.3999999999999999,73,0
0.49999999999999989,-0.86602540378443871,4,1,0,0,0,0,0,0,1,0,1,20,20,20.75,24,20,15.199999999999999,4,68,0
0.25881904510252102,-0.9659258262890682,4,1,0,0,0,0,0,0,1,0,1,20.75,23,20,20,23,16,3.3999999999999999,64,0
1.2246467991473532e-16,-1,4,1,0,0,0,0,0,0,1,0,1,21,24,20.75,23,20,14.9,4.2000000000000002,66,0
-0.25881904510252079,-0.96592582628906842,4,1,0,0,0,0,0,0,1,0,1,20,20,21,24,20,15.300000000000001,3.7999999999999998,59,0
-0.49999999999999972,-0.86602540378443882,4,1,0,0,0,0,0,0,1,0,1,20,20,20,20,20,16.100000000000001,4,50,0
-0.70710678118654713,-0.70710678118654791,4,1,0,0,0,0,0,0,1,0,1,22.25,25,20,20,20,15.699999999999999,3.5,58,0
-0.86602540378443849,-0.50000000000000044,4,1,0,0,0,0,0,0,1,0,1,20,20,22.25,25,20,15.300000000000001,4.2000000000000002,58,0
-0.96592582628906842,-0.25881904510252057,4,1,0,0,0,0,0,0,1,0,1,20,20,20,20,20,15.1,3.7000000000000002,58,0
-1,-1.8369701987210292e-16,4,1,0,0,0,0,0,0,1,0,1,22.75,25,20,20,20,13.800000000000001,3.7999999999999998,55,0
-0.96592582628906842,0.2588190451025203,4,1,0,0,0,0,0,0,1,0,1,19.25,20,22.75,25,19,13.199999999999999,3,63,0
-0.8660254037844386,0.50000000000000011,4,1,0,0,0,0,0,0,1,0,1,19.5,20,19.25,20,20,12.199999999999999,3.2000000000000002,67,0
-0.70710678118654768,0.70710678118654735,4,1,0,0,0,0,0,0,1,0,1,20.75,25,19.5,20,25,11.800000000000001,3.7000000000000002,71,0
-0.50000000000000044,0.86602540378443837,4,1,0,0,0,0,0,0,1,0,1,21.25,24,20.75,25,20,11.5,2.7999999999999998,72,0
-0.25881904510252152,0.96592582628906798,4,1,0,0,0,0,0,0,1,0,1,20,20,21.25,24,20,11.199999999999999,2.5,72,0
0,1,4,0,1,0,0,0,0,0,0,0,1,20.5,22,20,20,22,10.800000000000001,2.1000000000000001,73,0
0.25881904510252068,0.96592582628906842,4,0,1,0,0,0,0,0,0,0,1,61.5,68,20.5,22,58,10.4,1.7,72,0
0.49999999999999989,0.86602540378443871,4,0,1,0,0,0,0,0,0,0,1,95.25,102,61.5,68,101,9.8000000000000007,1.5,71,0
0.70710678118654757,0.70710678118654757,4,0,1,0,0,0,0,0,0,0,1,100.5,107,95.25,102,107,8.6999999999999993,1.3999999999999999,74,0
0.8660254037844386,0.50000000000000011,4,0,1,0,0,0,0,0,0,0,1,94,102,100.5,107,94,8.8000000000000007,1.2,73,0
0.96592582628906842,0.25881904510252068,4,0,1,0,0,0,0,0,0,0,1,99,105,94,102,105,6.5999999999999996,0.29999999999999999,83,0
1,6.123233995736766e-17,4,0,1,0,0,0,0,0,0,0,1,85.75,101,99,105,101,6.7999999999999998,1.3,82,0
0.96592582628906842,-0.25881904510252057,4,0,1,0,0,0,0,0,0,0,1,95.5,105,85.75,101,84,7,1.1000000000000001,85,0
0.86602540378443871,-0.49999999999999978,4,0,1,0,0,0,0,0,0,63,0,126,149,95.5,105,149,9.5,1,79,0
0.70710678118654757,-0.70710678118654746,4,0,1,0,0,0,0,0,0,574,0,152,176,126,149,166,13.300000000000001,1,65,0
0.49999999999999989,-0.86602540378443871,4,0,1,0,0,0,0,0,0,1038,0,163.5,167,152,176,165,14.4,2.3999999999999999,52,0
0.25881904510252102,-0.9659258262890682,4,0,1,0,0,0,0,0,0,363,0,148,165,163.5,167,165,15.199999999999999,3.7999999999999998,47,0
1.2246467991473532e-16,-1,4,0,1,0,0,0,0,0,0,944,0,164.5,168,148,165,168,15.4,3.2000000000000002,42,0
-0.25881904510252079,-0.96592582628906842,4,0,1,0,0,0,0,0,0,3015,0,89.75,111,164.5,168,111,15.6,3.3999999999999999,41,0
-0.49999999999999972,-0.86602540378443882,4,0,1,0,0,0,0,0,0,2265,0,163.5,165,89.75,111,161,16,3.1000000000000001,39,0
-0.70710678118654713,-0.70710678118654791,4,0,1,0,0,0,0,0,0,812,0,152,163,163.5,165,158,15.800000000000001,2.5,38,0
-0.86602540378443849,-0.50000000000000044,4,0,1,0,0,0,0,0,0,363,0,143.75,152,152,163,144,15.699999999999999,2.8999999999999999,39,0
-0.96592582628906842,-0.25881904510252057,4,0,1,0,0,0,0,0,0,2244,0,143.75,149,143.75,152,144,15.9,2.7999999999999998,44,0
-1,-1.8369701987210292e-16,4,0,1,0,0,0,0,0,0,343,0,113.75,142,143.75,149,142,15.1,2.6000000000000001,47,0
-0.96592582628906842,0.2588190451025203,4,0,1,0,0,0,0,0,0,291,0,124,140,113.75,142,103,13.9,2.3999999999999999,51,0
-0.8660254037844386,0.50000000000000011,4,0,1,0,0,0,0,0,0,1532,0,99,109,124,140,109,12.6,1.7,58,0
-0.70710678118654768,0.70710678118654735,4,0,1,0,0,0,0,0,0,18,0,118.25,127,99,109,127,11.6,0.90000000000000002,63,0
-0.50000000000000044,0.86602540378443837,4,0,1,0,0,0,0,0,0,15,0,113,117,118.25,127,115,10.4,0.59999999999999998,70,0
-0.25881904510252152,0.96592582628906798,4,0,1,0,0,0,0,0,0,524,0,101.5,109,113,117,97,9.6999999999999993,1.8,75,0
0,1,4,0,0,1,0,0,0,0,0,23,0,97.25,107,101.5,109,76,9.0999999999999996,0.20000000000000001,77,0
0.25881904510252068,0.96592582628906842,4,0,0,1,0,0,0,0,0,587,0,61.5,68,97.25,107,58,9.0999999999999996,0.80000000000000004,79,0
0.49999999999999989,0.86602540378443871,4,0,0,1,0,0,0,0,0,0,1,95.25,102,61.5,68,101,8.6999999999999993,0.59999999999999998,80,0
0.70710678118654757,0.70710678118654757,4,0,0,1,0,0,0,0,0,338,0,100.5,107,95.25,102,107,8.5999999999999996,0.80000000000000004,79,0
0.8660254037844386,0.50000000000000011,4,0,0,1,0,0,0,0,0,102,0,94,102,100.5,107,94,8.9000000000000004,1.1000000000000001,84,0
0.96592582628906842,0.25881904510252068,4,0,0,1,0,0,0,0,0,375,0,99,105,94,102,105,8.4000000000000004,0.5,86,0
1,6.123233995736766e-17,4,0,0,1,0,0,0,0,0,136,0,85.75,101,99,105,101,7.9000000000000004,0,89,0
0.96592582628906842,-0.25881904510252057,4,0,0,1,0,0,0,0,0,109,0,95.5,105,85.75,101,84,8.5999999999999996,2,86,0
0.86602540378443871,-0.49999999999999978,4,0,0,1,0,0,0,0,0,2004,0,126,149,95.5,105,149,9.5,0.59999999999999998,85,0
0.70710678118654757,-0.70710678118654746,4,0,0,1,0,0,0,0,0,999,0,152,176,126,149,166,11.9,1,79,0
0.49999999999999989,-0.86602540378443871,4,0,0,1,0,0,0,0,0,685,0,163.5,167,152,176,165,15.300000000000001,1.5,64,0
0.25881904510252102,-0.9659258262890682,4,0,0,1,0,0,0,0,0,1554,0,148,165,163.5,167,165,16.399999999999999,1.7,58,0
1.2246467991473532e-16,-1,4,0,0,1,0,0,0,0,0,1472,0,164.5,168,148,165,168,18.899999999999999,1.7,50,0
-0.25881904510252079,-0.96592582628906842,4,0,0,1,0,0,0,0,0,130,0,89.75,111,164.5,168,111,18.399999999999999,2.3999999999999999,51,0
-0.49999999999999972,-0.86602540378443882,4,0,0,1,0,0,0,0,0,1488,0,163.5,165,89.75,111,161,18.300000000000001,2.1000000000000001,59,0
-0.70710678118654713,-0.70710678118654791,4,0,0,1,0,0,0,0,0,6290,0,152,163,163.5,165,158,18.600000000000001,2.5,59,0
-0.86602540378443849,-0.50000000000000044,4,0,0,1,0,0,0,0,0,888,0,143.75,152,152,163,144,17.899999999999999,2.7000000000000002,63,0
-0.96592582628906842,-0.25881904510252057,4,0,0,1,0,0,0,0,0,1178,0,143.75,149,143.75,152,144,18.100000000000001,3.5,54,0
-1,-1.8369701987210292e-16,4,0,0,1,0,0,0,0,0,976,0,113.75,142,143.75,149,142,18.199999999999999,3.7000000000000002,51,0
-0.96592582628906842,0.2588190451025203,4,0,0,1,0,0,0,0,0,2034,0,124,140,113.75,142,103,17.899999999999999,4.5,46,0
-0.8660254037844386,0.50000000000000011,4,0,0,1,0,0,0,0,0,4625,0,99,109,124,140,109,17.5,2.6000000000000001,56,0
-0.70710678118654768,0.70710678118654735,4,0,0,1,0,0,0,0,0,13,0,118.25,127,99,109,127,16.600000000000001,2.2000000000000002,69,0
-0.50000000000000044,0.86602540378443837,4,0,0,1,0,0,0,0,0,53,0,113,117,118.25,127,115,16.300000000000001,3.2999999999999998,73,0
-0.25881904510252152,0.96592582628906798,4,0,0,1,0,0,0,0,0,96,0,101.5,109,113,117,97,16.100000000000001,2.7000000000000002,75,0
0,1,4,0,0,0,1,0,0,0,0,10,0,97.25,107,101.5,109,76,15.699999999999999,2.3999999999999999,74,0
0.25881904510252068,0.96592582628906842,4,0,0,0,1,0,0,0,0,587,0,60.5,63,97.25,107,59,16,2.6000000000000001,73,0
0.49999999999999989,0.86602540378443871,4,0,0,0,1,0,0,0,0,68,0,99.75,109,60.5,63,109,15.4,1.5,72,0
0.70710678118654757,0.70710678118654757,4,0,0,0,1,0,0,0,0,82,0,101.75,103,99.75,109,100,15.6,1.7,76,0
0.8660254037844386,0.50000000000000011,4,0,0,0,1,0,0,0,0,410,0,98.5,113,101.75,103,113,15.800000000000001,2.2000000000000002,71,0
0.96592582628906842,0.25881904510252068,4,0,0,0,1,0,0,0,0,306,0,104.5,109,98.5,113,105,15.300000000000001,1.3999999999999999,74,0
1,6.123233995736766e-17,4,0,0,0,1,0,0,0,0,0,1,91.5,114,104.5,109,114,15.9,2.7000000000000002,63,0
0.96592582628906842,-0.25881904510252057,4,0,0,0,1,0,0,0,0,60,0,108.75,114,91.5,114,107,14.699999999999999,2.3999999999999999,69,0
0.86602540378443871,-0.49999999999999978,4,0,0,0,1,0,0,0,0,2047,0,115,134,108.75,114,128,16.300000000000001,2.1000000000000001,63,0
0.70710678118654757,-0.70710678118654746,4,0,0,0,1,0,0,0,0,247,0,164,175,115,134,164,17.300000000000001,1.7,66,0
0.49999999999999989,-0.86602540378443871,4,0,0,0,1,0,0,0,0,1636,0,159.5,168,164,175,168,18.699999999999999,1.6000000000000001,55,0
0.25881904510252102,-0.9659258262890682,4,0,0,0,1,0,0,0,0,461,0,150.75,166,159.5,168,159,20.600000000000001,1.3,47,0
1.2246467991473532e-16,-1,4,0,0,0,1,0,0,0,0,1180,0,167.25,172,150.75,166,168,21.300000000000001,2.2000000000000002,30,0
-0.25881904510252079,-0.96592582628906842,4,0,0,0,1,0,0,0,0,70,0,97.75,118,167.25,172,118,23.100000000000001,2,26,0
-0.49999999999999972,-0.86602540378443882,4,0,0,0,1,0,0,0,0,2313,0,162.25,168,97.75,118,157,22.5,2.7000000000000002,46,0
-0.70710678118654713,-0.70710678118654791,4,0,0,0,1,0,0,0,0,3149,0,150.75,152,162.25,168,152,22.5,3,46,0
-0.86602540378443849,-0.50000000000000044,4,0,0,0,1,0,0,0,0,940,0,140,152,150.75,152,141,21.899999999999999,2.6000000000000001,46,0
-0.96592582628906842,-0.25881904510252057,4,0,0,0,1,0,0,0,0,3127,0,136.5,145,140,152,145,22.600000000000001,2.5,45,0
-1,-1.8369701987210292e-16,4,0,0,0,1,0,0,0,0,114,0,125,158,136.5,145,158,21.100000000000001,2.1000000000000001,51,0
-0.96592582628906842,0.2588190451025203,4,0,0,0,1,0,0,0,0,918,0,148,157,125,158,134,19.5,1,64,0
-0.8660254037844386,0.50000000000000011,4,0,0,0,1,0,0,0,0,433,0,116.75,123,148,157,108,17.899999999999999,0.90000000000000002,71,0
-0.70710678118654768,0.70710678118654735,4,0,0,0,1,0,0,0,0,11,0,105,112,116.75,123,112,17,0.59999999999999998,80,0
-0.50000000000000044,0.86602540378443837,4,0,0,0,1,0,0,0,0,447,0,111.25,116,105,112,108,17.300000000000001,0.69999999999999996,43,0
-0.25881904510252152,0.96592582628906798,4,0,0,0,1,0,0,0,0,85,0,102.75,111,111.25,116,104,17.5,1.7,35,0
0,1,4,0,0,0,0,1,0,0,0,235,0,94.5,100,102.75,111,83,16.899999999999999,1.7,35,0
0.25881904510252068,0.96592582628906842,4,0,0,0,0,1,0,0,0,0,1,60.5,63,94.5,100,59,17,1.7,33,0
0.49999999999999989,0.86602540378443871,4,0,0,0,0,1,0,0,0,202,0,99.75,109,60.5,63,109,15.800000000000001,1.1000000000000001,38,0
0.70710678118654757,0.70710678118654757,4,0,0,0,0,1,0,0,0,141,0,101.75,103,99.75,109,100,15.5,1.3,39,0
0.8660254037844386,0.50000000000000011,4,0,0,0,0,1,0,0,0,274,0,98.5,113,101.75,103,113,14,0.40000000000000002,46,0
0.96592582628906842,0.25881904510252068,4,0,0,0,0,1,0,0,0,36,0,104.5,109,98.5,113,105,14.300000000000001,0.40000000000000002,44,0
1,6.123233995736766e-17,4,0,0,0,0,1,0,0,0,59,0,91.5,114,104.5,109,114,13.800000000000001,0.40000000000000002,49,0
0.96592582628906842,-0.25881904510252057,4,0,0,0,0,1,0,0,0,324,0,108.75,114,91.5,114,107,13.699999999999999,1,49,0
0.86602540378443871,-0.49999999999999978,4,0,0,0,0,1,0,0,0,2098,0,115,134,108.75,114,128,14.699999999999999,2.2000000000000002,46,0
0.70710678118654757,-0.70710678118654746,4,0,0,0,0,1,0,0,0,862,0,164,175,115,134,164,15,1.8999999999999999,49,0
0.49999999999999989,-0.86602540378443871,4,0,0,0,0,1,0,0,0,853,0,159.5,168,164,175,168,15.9,3,47,0
0.25881904510252102,-0.9659258262890682,4,0,0,0,0,1,0,0,0,2052,0,150.75,166,159.5,168,159,16.100000000000001,2.7000000000000002,52,0
1.2246467991473532e-16,-1,4,0,0,0,0,1,0,0,0,1646,0,167.25,172,150.75,166,168,19.600000000000001,1.8999999999999999,43,0
-0.25881904510252079,-0.96592582628906842,4,0,0,0,0,1,0,0,0,20,0,97.75,118,167.25,172,118,18.5,2.7000000000000002,40,0
-0.49999999999999972,-0.86602540378443882,4,0,0,0,0,1,0,0,0,692,0,162.25,168,97.75,118,157,19.399999999999999,3.3999999999999999,43,0
-0.70710678118654713,-0.70710678118654791,4,0,0,0,0,1,0,0,0,904,0,150.75,152,162.25,168,152,19.100000000000001,3.3999999999999999,44,0
-0.86602540378443849,-0.50000000000000044,4,0,0,0,0,1,0,0,0,2121,0,140,152,150.75,152,141,19.100000000000001,2.5,51,0
-0.96592582628906842,-0.25881904510252057,4,0,0,0,0,1,0,0,0,4046,0,136.5,145,140,152,145,18.199999999999999,2.7000000000000002,58,0
-1,-1.8369701987210292e-16,4,0,0,0,0,1,0,0,0,598,0,125,158,136.5,145,158,17.600000000000001,2.1000000000000001,64,0
-0.96592582628906842,0.2588190451025203,4,0,0,0,0,1,0,0,0,1467,0,148,157,125,158,134,17.699999999999999,3.1000000000000001,65,0
-0.8660254037844386,0.50000000000000011,4,0,0,0,0,1,0,0,0,1831,0,116.75,123,148,157,108,17.100000000000001,2,66,0
-0.70710678118654768,0.70710678118654735,4,0,0,0,0,1,0,0,0,147,0,105,112,116.75,123,112,16.300000000000001,1.2,64,0
-0.50000000000000044,0.86602540378443837,4,0,0,0,0,1,0,0,0,86,0,111.25,116,105,112,108,14.300000000000001,2.2000000000000002,73,0
-0.25881904510252152,0.96592582628906798,4,0,0,0,0,1,0,0,0,110,0,102.75,111,111.25,116,104,14.699999999999999,1.5,70,0
0,1,4,0,0,0,0,0,1,0,0,32,0,94.5,100,102.75,111,83,13.4,2.7999999999999998,82,0
0.25881904510252068,0.96592582628906842,4,0,0,0,0,0,1,0,0,2,0,58.25,62,94.5,100,57,12.699999999999999,0.80000000000000004,87,0
0.49999999999999989,0.86602540378443871,4,0,0,0,0,0,1,0,0,13,0,99,106,58.25,62,104,12.800000000000001,0.80000000000000004,91,0
0.70710678118654757,0.70710678118654757,4,0,0,0,0,0,1,0,0,83,0,101,107,99,106,95,12.800000000000001,1.6000000000000001,93,0
0.8660254037844386,0.50000000000000011,4,0,0,0,0,0,1,0,0,19,0,97.75,104,101,107,103,15.800000000000001,4.9000000000000004,56,0
0.96592582628906842,0.25881904510252068,4,0,0,0,0,0,1,0,0,1503,0,103.75,111,97.75,104,107,15.699999999999999,5.5999999999999996,55,0.10000000000000001
1,6.123233995736766e-17,4,0,0,0,0,0,1,0,0,0,1,89,110,103.75,111,110,15.1,4.2999999999999998,62,0.10000000000000001
0.96592582628906842,-0.25881904510252057,4,0,0,0,0,0,1,0,0,109,0,106.25,112,89,110,103,15.199999999999999,4.0999999999999996,61,0.10000000000000001
0.86602540378443871,-0.49999999999999978,4,0,0,0,0,0,1,0,0,1099,0,122.25,140,106.25,112,140,15.6,4.7999999999999998,60,0.10000000000000001
0.70710678118654757,-0.70710678118654746,4,0,0,0,0,0,1,0,0,1201,0,163.25,174,122.25,140,153,16.699999999999999,3.3999999999999999,53,0.10000000000000001
0.49999999999999989,-0.86602540378443871,4,0,0,0,0,0,1,0,0,709,0,152.5,163,163.25,174,152,17.699999999999999,4.2999999999999998,43,0.10000000000000001
0.25881904510252102,-0.9659258262890682,4,0,0,0,0,0,1,0,0,566,0,160.5,173,152.5,163,172,18.899999999999999,3.3999999999999999,38,0.10000000000000001
1.2246467991473532e-16,-1,4,0,0,0,0,0,1,0,0,867,0,156,165,160.5,173,143,19.399999999999999,4.5999999999999996,36,0.10000000000000001
-0.25881904510252079,-0.96592582628906842,4,0,0,0,0,0,1,0,0,18,0,91.5,110,156,165,110,19.899999999999999,4.5999999999999996,32,0.10000000000000001
-0.49999999999999972,-0.86602540378443882,4,0,0,0,0,0,1,0,0,1732,0,150.75,158,91.5,110,158,21.199999999999999,4.0999999999999996,29,0.10000000000000001
-0.70710678118654713,-0.70710678118654791,4,0,0,0,0,0,1,0,0,1416,0,161,167,150.75,158,158,21.600000000000001,3.2000000000000002,26,0.10000000000000001
-0.86602540378443849,-0.50000000000000044,4,0,0,0,0,0,1,0,0,1130,0,147.75,161,161,167,156,21.600000000000001,3.3999999999999999,20,0.10000000000000001
-0.96592582628906842,-0.25881904510252057,4,0,0,0,0,0,1,0,0,2103,0,151,155,147.75,161,142,21.899999999999999,2.3999999999999999,19,0.10000000000000001
-1,-1.8369701987210292e-16,4,0,0,0,0,0,1,0,0,185,0,111.5,134,151,155,134,17.699999999999999,2,55,0.10000000000000001
-0.96592582628906842,0.2588190451025203,4,0,0,0,0,0,1,0,0,1237,0,140.5,148,111.5,134,148,16.399999999999999,3.2999999999999998,63,0.10000000000000001
-0.8660254037844386,0.50000000000000011,4,0,0,0,0,0,1,0,0,730,0,130.25,139,140.5,148,113,15,2.1000000000000001,67,0.10000000000000001
-0.70710678118654768,0.70710678118654735,4,0,0,0,0,0,1,0,0,4,0,119.25,136,130.25,139,136,14.6,2.5,72,0.10000000000000001
-0.50000000000000044,0.86602540378443837,4,0,0,0,0,0,1,0,0,342,0,119,124,119.25,136,113,14.1,1.8,74,0.10000000000000001
-0.25881904510252152,0.96592582628906798,4,0,0,0,0,0,1,0,0,179,0,106,118,119,124,108,14.1,0.80000000000000004,76,0.10000000000000001
0,1,5,1,0,0,0,0,0,1,0,370,0,100.25,117,106,118,77,13.5,1.3,79,0.10000000000000001
0.25881904510252068,0.96592582628906842,5,1,0,0,0,0,0,1,0,75,0,70.25,76,100.25,117,65,13.800000000000001,1.3999999999999999,79,0
0.49999999999999989,0.86602540378443871,5,1,0,0,0,0,0,1,0,44,0,107.25,116,70.25,76,116,14.4,1.1000000000000001,77,0
0.70710678118654757,0.70710678118654757,5,1,0,0,0,0,0,1,0,380,0,108.5,118,107.25,116,97,12.800000000000001,0.90000000000000002,97,2
0.8660254037844386,0.50000000000000011,5,1,0,0,0,0,0,1,0,90,0,99.5,105,108.5,118,104,11.4,3,97,3.1000000000000001
0.96592582628906842,0.25881904510252068,5,1,0,0,0,0,0,1,0,122,0,101.75,107,99.5,105,99,10.300000000000001,1.3,98,5.4000000000000004
1,6.123233995736766e-17,5,1,0,0,0,0,0,1,0,53,0,86,92,101.75,107,92,9.9000000000000004,0.69999999999999996,98,7
0.96592582628906842,-0.25881904510252057,5,1,0,0,0,0,0,1,0,196,0,101.25,103,86,92,97,9.8000000000000007,1.3999999999999999,98,8
0.86602540378443871,-0.49999999999999978,5,1,0,0,0,0,0,1,0,1832,0,71.75,97,101.25,103,30,10.1,0.90000000000000002,98,8.5
0.70710678118654757,-0.70710678118654746,5,1,0,0,0,0,0,1,0,0,1,23,25,71.75,97,21,10.6,2.5,98,8.5
0.49999999999999989,-0.86602540378443871,5,1,0,0,0,0,0,1,0,0,1,20.5,21,23,25,20,11.300000000000001,2.3999999999999999,98,8.5
0.25881904510252102,-0.9659258262890682,5,1,0,0,0,0,0,1,0,0,1,20.75,21,20.5,21,21,12.699999999999999,3,81,8.5
1.2246467991473532e-16,-1,5,1,0,0,0,0,0,1,0,0,1,23,26,20.75,21,26,13.800000000000001,3.1000000000000001,70,8.5
-0.25881904510252079,-0.96592582628906842,5,1,0,0,0,0,0,1,0,0,1,21.75,24,23,26,21,15.199999999999999,2.7000000000000002,63,8.5
-0.49999999999999972,-0.86602540378443882,5,1,0,0,0,0,0,1,0,0,1,21,21,21.75,24,21,14.4,2.6000000000000001,63,8.5
-0.70710678118654713,-0.70710678118654791,5,1,0,0,0,0,0,1,0,0,1,20.75,21,21,21,21,13.699999999999999,3.8999999999999999,64,8.5
-0.86602540378443849,-0.50000000000000044,5,1,0,0,0,0,0,1,0,0,1,23.25,26,20.75,21,21,14.699999999999999,2.8999999999999999,56,8.5
-0.96592582628906842,-0.25881904510252057,5,1,0,0,0,0,0,1,0,0,1,21,21,23.25,26,21,10.699999999999999,3.2999999999999998,83,8.5
-1,-1.8369701987210292e-16,5,1,0,0,0,0,0,1,0,0,1,21,21,21,21,21,13.199999999999999,2,71,8.6999999999999993
-0.96592582628906842,0.2588190451025203,5,1,0,0,0,0,0,1,0,0,1,23,25,21,21,21,13,2.5,60,8.6999999999999993
-0.8660254037844386,0.50000000000000011,5,1,0,0,0,0,0,1,0,0,1,20.5,21,23,25,21,12.300000000000001,1.6000000000000001,65,8.6999999999999993
-0.70710678118654768,0.70710678118654735,5,1,0,0,0,0,0,1,0,0,1,20.5,21,20.5,21,21,11.5,1.3999999999999999,62,8.6999999999999993
-0.50000000000000044,0.86602540378443837,5,1,0,0,0,0,0,1,0,0,1,24,26,20.5,21,25,11.6,1.5,61,8.6999999999999993
-0.25881904510252152,0.96592582628906798,5,1,0,0,0,0,0,1,0,0,1,21.25,22,24,26,21,11.6,2.5,55,8.6999999999999993
0,1,5,1,0,0,0,0,0,0,1,0,1,21,21,21.25,22,21,10.9,1.6000000000000001,56,8.6999999999999993
0.25881904510252068,0.96592582628906842,5,1,0,0,0,0,0,0,1,0,1,21.25,22,21,21,22,10.800000000000001,2.3999999999999999,56,8.6999999999999993
0.49999999999999989,0.86602540378443871,5,1,0,0,0,0,0,0,1,0,1,22.5,25,21.25,22,20,10.5,2.2999999999999998,58,0
0.70710678118654757,0.70710678118654757,5,1,0,0,0,0,0,0,1,0,1,21,21,22.5,25,21,10.6,1.5,58,0
0.8660254037844386,0.50000000000000011,5,1,0,0,0,0,0,0,1,0,1,21,21,21,21,21,10.800000000000001,3.2000000000000002,58,0
0.96592582628906842,0.25881904510252068,5,1,0,0,0,0,0,0,1,0,1,23.5,26,21,21,21,10.699999999999999,2.6000000000000001,62,0
1,6.123233995736766e-17,5,1,0,0,0,0,0,0,1,0,1,21,21,23.5,26,21,9.4000000000000004,2.7999999999999998,75,0
0.96592582628906842,-0.25881904510252057,5,1,0,0,0,0,0,0,1,0,1,21,21,21,21,21,8.3000000000000007,1.3999999999999999,89,0.20000000000000001
0.86602540378443871,-0.49999999999999978,5,1,0,0,0,0,0,0,1,0,1,23.5,25,21,21,23,8.9000000000000004,2.7000000000000002,85,0.20000000000000001
0.70710678118654757,-0.70710678118654746,5,1,0,0,0,0,0,0,1,0,1,20.75,21,23.5,25,21,9.9000000000000004,2.7999999999999998,81,0.20000000000000001
0.49999999999999989,-0.86602540378443871,5,1,0,0,0,0,0,0,1,0,1,20.5,21,20.75,21,20,10.800000000000001,3.2999999999999998,76,0.20000000000000001
0.25881904510252102,-0.9659258262890682,5,1,0,0,0,0,0,0,1,0,1,22.25,26,20.5,21,26,12.1,3.7999999999999998,68,0.20000000000000001
1.2246467991473532e-16,-1,5,1,0,0,0,0,0,0,1,0,1,21.75,24,22.25,26,21,14.9,3.2000000000000002,56,0.20000000000000001
-0.25881904510252079,-0.96592582628906842,5,1,0,0,0,0,0,0,1,0,1,21,21,21.75,24,21,16,3.7000000000000002,49,0.20000000000000001
-0.49999999999999972,-0.86602540378443882,5,1,0,0,0,0,0,0,1,0,1,21.25,24,21,21,24,16.300000000000001,2.2999999999999998,47,0.20000000000000001
-0.70710678118654713,-0.70710678118654791,5,1,0,0,0,0,0,0,1,0,1,22.75,26,21.25,24,21,16.699999999999999,2.6000000000000001,41,0.20000000000000001
-0.86602540378443849,-0.50000000000000044,5,1,0,0,0,0,0,0,1,0,1,20.5,21,22.75,26,21,16.800000000000001,2.7000000000000002,50,0.20000000000000001
-0.96592582628906842,-0.25881904510252057,5,1,0,0,0,0,0,0,1,0,1,20,20,20.5,21,20,16.5,1.3999999999999999,47,0.20000000000000001
-1,-1.8369701987210292e-16,5,1,0,0,0,0,0,0,1,0,1,23.25,25,20,20,21,16.399999999999999,2,51,0.20000000000000001
-0.96592582628906842,0.2588190451025203,5,1,0,0,0,0,0,0,1,0,1,20.25,21,23.25,25,20,15.199999999999999,2.2999999999999998,49,0.20000000000000001
-0.8660254037844386,0.50000000000000011,5,1,0,0,0,0,0,0,1,0,1,20.25,21,20.25,21,21,14,1.2,60,0.20000000000000001
-0.70710678118654768,0.70710678118654735,5,1,0,0,0,0,0,0,1,0,1,23,26,20.25,21,26,12.800000000000001,1,69,0.20000000000000001
-0.50000000000000044,0.86602540378443837,5,1,0,0,0,0,0,0,1,0,1,21.5,22,23,26,21,11.1,0.80000000000000004,77,0.20000000000000001
-0.25881904510252152,0.96592582628906798,5,1,0,0,0,0,0,0,1,0,1,21,21,21.5,22,21,10.5,0.5,82,0.20000000000000001
0,1,5,0,1,0,0,0,0,0,0,0,1,22,25,21,21,25,11.300000000000001,0.69999999999999996,84,0.20000000000000001
0.25881904510252068,0.96592582628906842,5,0,1,0,0,0,0,0,0,0,1,22.75,26,22,25,21,10.800000000000001,2.1000000000000001,82,0.20000000000000001
0.49999999999999989,0.86602540378443871,5,0,1,0,0,0,0,0,0,0,1,21,21,22.75,26,21,9.5,1.1000000000000001,88,0
0.70710678118654757,0.70710678118654757,5,0,1,0,0,0,0,0,0,0,1,21,21,21,21,21,8.6999999999999993,0.90000000000000002,87,0
0.8660254037844386,0.50000000000000011,5,0,1,0,0,0,0,0,0,0,1,23.25,26,21,21,21,8.6999999999999993,0.69999999999999996,94,0
0.96592582628906842,0.25881904510252068,5,0,1,0,0,0,0,0,0,0,1,21,21,23.25,26,21,8.3000000000000007,0.59999999999999998,93,0
1,6.123233995736766e-17,5,0,1,0,0,0,0,0,0,0,1,21,21,21,21,21,8,1.8,90,0
0.96592582628906842,-0.25881904510252057,5,0,1,0,0,0,0,0,0,0,1,23.25,25,21,21,21,7.5999999999999996,0.90000000000000002,94,0
0.86602540378443871,-0.49999999999999978,5,0,1,0,0,0,0,0,0,0,1,58.75,97,23.25,25,97,9.5999999999999996,2,86,0
0.70710678118654757,-0.70710678118654746,5,0,1,0,0,0,0,0,0,784,0,174.75,184,58.75,97,179,13.300000000000001,0.69999999999999996,72,0
0.49999999999999989,-0.86602540378443871,5,0,1,0,0,0,0,0,0,1137,0,170,181,174.75,184,157,15,1.1000000000000001,63,0
0.25881904510252102,-0.9659258262890682,5,0,1,0,0,0,0,0,0,65,0,148.5,164,170,181,164,18.5,1.7,44,0
1.2246467991473532e-16,-1,5,0,1,0,0,0,0,0,0,1572,0,173.75,179,148.5,164,179,19.800000000000001,2.8999999999999999,34,0
-0.25881904510252079,-0.96592582628906842,5,0,1,0,0,0,0,0,0,680,0,106.25,134,173.75,179,134,20.5,3.1000000000000001,28,0
-0.49999999999999972,-0.86602540378443882,5,0,1,0,0,0,0,0,0,505,0,178.75,182,106.25,134,179,21.100000000000001,3.7000000000000002,27,0
-0.70710678118654713,-0.70710678118654791,5,0,1,0,0,0,0,0,0,2280,0,167.25,170,178.75,182,167,22.600000000000001,2.8999999999999999,28,0
-0.86602540378443849,-0.50000000000000044,5,0,1,0,0,0,0,0,0,1826,0,154.25,167,167.25,170,167,22.100000000000001,3.7999999999999998,29,0
-0.96592582628906842,-0.25881904510252057,5,0,1,0,0,0,0,0,0,1667,0,147.25,162,154.25,167,136,22.199999999999999,3.1000000000000001,32,0
-1,-1.8369701987210292e-16,5,0,1,0,0,0,0,0,0,1310,0,118.5,146,147.25,162,146,21.300000000000001,3.1000000000000001,37,0
-0.96592582628906842,0.2588190451025203,5,0,1,0,0,0,0,0,0,434,0,134.25,141,118.5,146,141,19.800000000000001,4.2999999999999998,38,0
-0.8660254037844386,0.50000000000000011,5,0,1,0,0,0,0,0,0,1700,0,122,133,134.25,141,106,18.399999999999999,4,45,0
-0.70710678118654768,0.70710678118654735,5,0,1,0,0,0,0,0,0,148,0,109.75,117,122,133,113,17,4.0999999999999996,51,0
-0.50000000000000044,0.86602540378443837,5,0,1,0,0,0,0,0,0,25,0,104.25,110,109.75,117,110,16.199999999999999,1,55,0
-0.25881904510252152,0.96592582628906798,5,0,1,0,0,0,0,0,0,337,0,104.5,110,104.25,110,110,15.300000000000001,2.3999999999999999,61,0
0,1,5,0,0,1,0,0,0,0,0,136,0,98.5,114,104.5,110,73,14.1,1.3,71,0
0.25881904510252068,0.96592582628906842,5,0,0,1,0,0,0,0,0,414,0,65,68,98.5,114,64,14.4,1.8999999999999999,70,0
0.49999999999999989,0.86602540378443871,5,0,0,1,0,0,0,0,0,20,0,108.25,117,65,68,113,13.6,1.2,74,0
0.70710678118654757,0.70710678118654757,5,0,0,1,0,0,0,0,0,59,0,116.25,120,108.25,117,112,14.1,2.2000000000000002,70,0
0.8660254037844386,0.50000000000000011,5,0,0,1,0,0,0,0,0,344,0,103.75,113,116.25,120,113,13.9,1.8,69,0
0.96592582628906842,0.25881904510252068,5,0,0,1,0,0,0,0,0,22,0,101,108,103.75,113,97,12.9,0.69999999999999996,69,0
1,6.123233995736766e-17,5,0,0,1,0,0,0,0,0,318,0,84.75,94,101,108,94,15.1,2.7999999999999998,66,0
0.96592582628906842,-0.25881904510252057,5,0,0,1,0,0,0,0,0,28,0,110.5,112,84.75,94,111,14.800000000000001,1.7,75,0
0.86602540378443871,-0.49999999999999978,5,0,0,1,0,0,0,0,0,1140,0,126,142,110.5,112,139,16,2.7000000000000002,73,0
0.70710678118654757,-0.70710678118654746,5,0,0,1,0,0,0,0,0,473,0,171.25,181,126,142,175,17.300000000000001,2.3999999999999999,71,0
0.49999999999999989,-0.86602540378443871,5,0,0,1,0,0,0,0,0,2501,0,168.25,177,171.25,181,172,18.699999999999999,4.5,69,0
0.25881904510252102,-0.9659258262890682,5,0,0,1,0,0,0,0,0,701,0,160.5,174,168.25,177,174,19.5,4.9000000000000004,67,0
1.2246467991473532e-16,-1,5,0,0,1,0,0,0,0,0,941,0,172.5,178,160.5,174,173,19.300000000000001,4.9000000000000004,70,0
-0.25881904510252079,-0.96592582628906842,5,0,0,1,0,0,0,0,0,132,0,103.5,129,172.5,178,129,20.100000000000001,4.2999999999999998,67,0
-0.49999999999999972,-0.86602540378443882,5,0,0,1,0,0,0,0,0,1749,0,165.25,170,103.5,129,160,20,4.2000000000000002,70,0
-0.70710678118654713,-0.70710678118654791,5,0,0,1,0,0,0,0,0,658,0,166.25,180,165.25,170,180,19.5,3.8999999999999999,74,0
-0.86602540378443849,-0.50000000000000044,5,0,0,1,0,0,0,0,0,1093,0,159,177,166.25,180,153,19.300000000000001,3.1000000000000001,78,0
-0.96592582628906842,-0.25881904510252057,5,0,0,1,0,0,0,0,0,716,0,161,164,159,177,157,18.100000000000001,3.6000000000000001,86,0.10000000000000001
-1,-1.8369701987210292e-16,5,0,0,1,0,0,0,0,0,547,0,123,153,161,164,153,17.600000000000001,3.6000000000000001,94,0.5
-0.96592582628906842,0.2588190451025203,5,0,0,1,0,0,0,0,0,632,0,162.5,169,123,153,162,17.699999999999999,3.8999999999999999,94,0.90000000000000002
-0.8660254037844386,0.50000000000000011,5,0,0,1,0,0,0,0,0,3300,0,158.25,172,162.5,169,138,17.399999999999999,3.2999999999999998,95,1.1000000000000001
-0.70710678118654768,0.70710678118654735,5,0,0,1,0,0,0,0,0,147,0,123.5,129,158.25,172,129,17.699999999999999,4.5999999999999996,92,1.2
-0.50000000000000044,0.86602540378443837,5,0,0,1,0,0,0,0,0,46,0,124.5,134,123.5,129,117,16.899999999999999,4.2000000000000002,98,2.2000000000000002
-0.25881904510252152,0.96592582628906798,5,0,0,1,0,0,0,0,0,1,0,104.5,115,124.5,134,105,15.9,2.8999999999999999,98,4
0,1,5,0,0,0,1,0,0,0,0,374,0,95,106,104.5,115,73,16,3,98,10.4
0.25881904510252068,0.96592582628906842,5,0,0,0,1,0,0,0,0,103,0,65,67,95,106,67,16.399999999999999,2.2000000000000002,98,15.199999999999999
0.49999999999999989,0.86602540378443871,5,0,0,0,1,0,0,0,0,4,0,105.25,111,65,67,111,17.100000000000001,5.2000000000000002,98,3
0.70710678118654757,0.70710678118654757,5,0,0,0,1,0,0,0,0,363,0,110,115,105.25,111,102,17.800000000000001,3.1000000000000001,98,3.3999999999999999
0.8660254037844386,0.50000000000000011,5,0,0,0,1,0,0,0,0,41,0,102.75,110,110,115,105,18,2.7000000000000002,98,3.5
0.96592582628906842,0.25881904510252068,5,0,0,0,1,0,0,0,0,312,0,111.75,120,102.75,110,100,18.100000000000001,2.6000000000000001,98,3.5
1,6.123233995736766e-17,5,0,0,0,1,0,0,0,0,63,0,88.25,97,111.75,120,97,17.600000000000001,1.3999999999999999,98,3.5
0.96592582628906842,-0.25881904510252057,5,0,0,0,1,0,0,0,0,233,0,103,109,88.25,97,97,16.300000000000001,1.7,79,3.5
0.86602540378443871,-0.49999999999999978,5,0,0,0,1,0,0,0,0,1071,0,62.75,92,103,109,28,15.5,2.7000000000000002,68,3.5
0.70710678118654757,-0.70710678118654746,5,0,0,0,1,0,0,0,0,0,1,20.75,21,62.75,92,21,15.699999999999999,2.7999999999999998,64,3.5
0.49999999999999989,-0.86602540378443871,5,0,0,0,1,0,0,0,0,0,1,21,21,20.75,21,21,17.399999999999999,3,55,3.5
0.25881904510252102,-0.9659258262890682,5,0,0,0,1,0,0,0,0,0,1,23,25,21,21,24,19.300000000000001,3.7000000000000002,35,3.5
1.2246467991473532e-16,-1,5,0,0,0,1,0,0,0,0,0,1,21.25,22,23,25,22,21.699999999999999,3.3999999999999999,27,3.5
-0.25881904510252079,-0.96592582628906842,5,0,0,0,1,0,0,0,0,0,1,20.25,21,21.25,22,20,22.800000000000001,4,22,3.5
-0.49999999999999972,-0.86602540378443882,5,0,0,0,1,0,0,0,0,0,1,23.5,26,20.25,21,25,23.300000000000001,4.2000000000000002,22,3.5
-0.70710678118654713,-0.70710678118654791,5,0,0,0,1,0,0,0,0,0,1,21,21,23.5,26,21,23.699999999999999,4.2999999999999998,17,3.5
-0.86602540378443849,-0.50000000000000044,5,0,0,0,1,0,0,0,0,0,1,21,21,21,21,21,23.600000000000001,2.3999999999999999,20,3.5
-0.96592582628906842,-0.25881904510252057,5,0,0,0,1,0,0,0,0,0,1,22.5,26,21,21,26,23.399999999999999,2.8999999999999999,16,3.5
-1,-1.8369701987210292e-16,5,0,0,0,1,0,0,0,0,0,1,22,25,22.5,26,21,22.600000000000001,3.2000000000000002,18,3.5
-0.96592582628906842,0.2588190451025203,5,0,0,0,1,0,0,0,0,0,1,21,21,22,25,21,21.399999999999999,2.2999999999999998,20,3.5
-0.8660254037844386,0.50000000000000011,5,0,0,0,1,0,0,0,0,0,1,21,21,21,21,21,20.100000000000001,2.2999999999999998,27,3.5
-0.70710678118654768,0.70710678118654735,5,0,0,0,1,0,0,0,0,0,1,23.5,26,21,21,22,19,1.5,29,3.5
-0.50000000000000044,0.86602540378443837,5,0,0,0,1,0,0,0,0,0,1,21.25,22,23.5,26,21,17.199999999999999,2.2000000000000002,35,3.5
-0.25881904510252152,0.96592582628906798,5,0,0,0,1,0,0,0,0,0,1,21.75,22,21.25,22,21,16.899999999999999,3.2999999999999998,32,3.5
0,1,5,0,0,0,0,1,0,0,0,0,1,23.5,26,21.75,22,22,14.300000000000001,1.3,41,3.5
0.25881904510252068,0.96592582628906842,5,0,0,0,0,1,0,0,0,0,1,21,21,23.5,26,21,13.199999999999999,1.3,41,3.5
0.49999999999999989,0.86602540378443871,5,0,0,0,0,1,0,0,0,0,1,21,21,21,21,21,13,1.3999999999999999,35,0
0.70710678118654757,0.70710678118654757,5,0,0,0,0,1,0,0,0,0,1,22.75,26,21,21,26,12.6,2,40,0
0.8660254037844386,0.50000000000000011,5,0,0,0,0,1,0,0,0,0,1,21.75,24,22.75,26,21,11.9,2.2999999999999998,42,0
0.96592582628906842,0.25881904510252068,5,0,0,0,0,1,0,0,0,0,1,21,21,21.75,24,21,10.5,1.5,45,0
1,6.123233995736766e-17,5,0,0,0,0,1,0,0,0,0,1,22,25,21,21,25,9.8000000000000007,1.1000000000000001,47,0
0.96592582628906842,-0.25881904510252057,5,0,0,0,0,1,0,0,0,0,1,22.75,26,22,25,21,9.8000000000000007,0.10000000000000001,49,0
0.86602540378443871,-0.49999999999999978,5,0,0,0,0,1,0,0,0,0,1,55.5,95,22.75,26,95,12.199999999999999,0.40000000000000002,54,0
0.70710678118654757,-0.70710678118654746,5,0,0,0,0,1,0,0,0,424,0,185,199,55.5,95,199,14.6,1.3,31,0
0.49999999999999989,-0.86602540378443871,5,0,0,0,0,1,0,0,0,1929,0,186.25,187,185,199,187,17.300000000000001,1.3,31,0
0.25881904510252102,-0.9659258262890682,5,0,0,0,0,1,0,0,0,1556,0,164.5,177,186.25,187,177,19.199999999999999,3,30,0
1.2246467991473532e-16,-1,5,0,0,0,0,1,0,0,0,2460,0,171.25,179,164.5,177,169,20.899999999999999,1.8,30,0
-0.25881904510252079,-0.96592582628906842,5,0,0,0,0,1,0,0,0,4,0,101,123,171.25,179,123,22.300000000000001,2.1000000000000001,34,0
-0.49999999999999972,-0.86602540378443882,5,0,0,0,0,1,0,0,0,2044,0,166.25,173,101,123,159,21.899999999999999,2.2999999999999998,34,0
-0.70710678118654713,-0.70710678118654791,5,0,0,0,0,1,0,0,0,801,0,160.25,167,166.25,173,156,21.699999999999999,2.1000000000000001,34,0
-0.86602540378443849,-0.50000000000000044,5,0,0,0,0,1,0,0,0,4734,0,154.5,173,160.25,167,173,20,2.1000000000000001,41,0
-0.96592582628906842,-0.25881904510252057,5,0,0,0,0,1,0,0,0,2564,0,158.75,163,154.5,173,163,21.100000000000001,2,37,0
-1,-1.8369701987210292e-16,5,0,0,0,0,1,0,0,0,601,0,124.75,155,158.75,163,155,21,2.8999999999999999,34,0
-0.96592582628906842,0.2588190451025203,5,0,0,0,0,1,0,0,0,1600,0,125.25,140,124.75,155,111,20.399999999999999,3.7000000000000002,33,0
-0.8660254037844386,0.50000000000000011,5,0,0,0,0,1,0,0,0,2689,0,115.25,124,125.25,140,117,19.699999999999999,4,34,0
-0.70710678118654768,0.70710678118654735,5,0,0,0,0,1,0,0,0,180,0,127.75,138,115.25,124,130,19.199999999999999,3.1000000000000001,33,0
-0.50000000000000044,0.86602540378443837,5,0,0,0,0,1,0,0,0,4,0,120.5,128,127.75,138,117,17,0.20000000000000001,42,0
-0.25881904510252152,0.96592582628906798,5,0,0,0,0,1,0,0,0,26,0,113.5,120,120.5,128,114,17.100000000000001,0.5,36,0
0,1,5,0,0,0,0,0,1,0,0,32,0,101,118,113.5,120,78,17.300000000000001,1.3,37,0
0.25881904510252068,0.96592582628906842,5,0,0,0,0,0,1,0,0,434,0,66.5,72,101,118,62,15.9,0,46,0
0.49999999999999989,0.86602540378443871,5,0,0,0,0,0,1,0,0,8,0,103.5,112,66.5,72,112,15.4,0.29999999999999999,53,0
0.70710678118654757,0.70710678118654757,5,0,0,0,0,0,1,0,0,182,0,101.5,106,103.5,112,98,16.699999999999999,2.2999999999999998,46,0
0.8660254037844386,0.50000000000000011,5,0,0,0,0,0,1,0,0,116,0,104.75,113,101.5,106,101,15.9,2,33,0
0.96592582628906842,0.25881904510252068,5,0,0,0,0,0,1,0,0,196,0,98.25,102,104.75,113,99,15.199999999999999,1.5,40,0
1,6.123233995736766e-17,5,0,0,0,0,0,1,0,0,0,1,89.25,109,98.25,102,109,16,2.1000000000000001,32,0
0.96592582628906842,-0.25881904510252057,5,0,0,0,0,0,1,0,0,86,0,107,115,89.25,109,97,15.6,2.1000000000000001,35,0
0.86602540378443871,-0.49999999999999978,5,0,0,0,0,0,1,0,0,1465,0,118,134,107,115,127,16.100000000000001,3.5,44,0
0.70710678118654757,-0.70710678118654746,5,0,0,0,0,0,1,0,0,321,0,171.5,181,118,134,181,17.600000000000001,3.5,52,0
0.49999999999999989,-0.86602540378443871,5,0,0,0,0,0,1,0,0,755,0,170,174,171.5,181,171,18.800000000000001,4.5,57,0
0.25881904510252102,-0.9659258262890682,5,0,0,0,0,0,1,0,0,1314,0,158.25,174,170,174,174,21,3.7999999999999998,54,0
1.2246467991473532e-16,-1,5,0,0,0,0,0,1,0,0,2392,0,163.5,167,158.25,174,159,22.899999999999999,3.5,50,0
-0.25881904510252079,-0.96592582628906842,5,0,0,0,0,0,1,0,0,580,0,105.5,130,163.5,167,130,22.899999999999999,5.4000000000000004,51,0
-0.49999999999999972,-0.86602540378443882,5,0,0,0,0,0,1,0,0,1477,0,167.25,174,105.5,130,159,23.399999999999999,5.7000000000000002,52,0
-0.70710678118654713,-0.70710678118654791,5,0,0,0,0,0,1,0,0,1029,0,153,158,167.25,174,153,22.699999999999999,4.9000000000000004,56,0
-0.86602540378443849,-0.50000000000000044,5,0,0,0,0,0,1,0,0,1328,0,132.75,146,153,158,146,23.199999999999999,5.4000000000000004,57,0
-0.96592582628906842,-0.25881904510252057,5,0,0,0,0,0,1,0,0,800,0,144.75,153,132.75,146,151,23.199999999999999,4.4000000000000004,60,0
-1,-1.8369701987210292e-16,5,0,0,0,0,0,1,0,0,2023,0,119.75,140,144.75,153,124,21.899999999999999,4.4000000000000004,65,0
-0.96592582628906842,0.2588190451025203,5,0,0,0,0,0,1,0,0,68,0,108.25,111,119.75,140,111,20.699999999999999,3.2000000000000002,74,0
-0.8660254037844386,0.50000000000000011,5,0,0,0,0,0,1,0,0,772,0,99.5,106,108.25,111,93,20.100000000000001,1.8,77,0
-0.70710678118654768,0.70710678118654735,5,0,0,0,0,0,1,0,0,8,0,103.25,110,99.5,106,102,19.399999999999999,2.7000000000000002,78,0
-0.50000000000000044,0.86602540378443837,5,0,0,0,0,0,1,0,0,106,0,102,107,103.25,110,100,18.600000000000001,3.2000000000000002,41,0
-0.25881904510252152,0.96592582628906798,5,0,0,0,0,0,1,0,0,18,0,100.25,107,102,107,102,17.699999999999999,2.3999999999999999,35,0
0,1,5,1,0,0,0,0,0,1,0,163,0,85,101,100.25,107,60,15.9,2.2000000000000002,42,0
0.25881904510252068,0.96592582628906842,5,1,0,0,0,0,0,1,0,118,0,60.75,63,85,101,60,15.1,2.3999999999999999,41,0
0.49999999999999989,0.86602540378443871,5,1,0,0,0,0,0,1,0,56,0,103.75,115,60.75,63,115,14,2,44,0
0.70710678118654757,0.70710678118654757,5,1,0,0,0,0,0,1,0,57,0,103.25,110,103.75,115,110,12.9,2.2999999999999998,46,0
0.8660254037844386,0.50000000000000011,5,1,0,0,0,0,0,1,0,10,0,102.75,111,103.25,110,100,11.699999999999999,1.2,47,0
0.96592582628906842,0.25881904510252068,5,1,0,0,0,0,0,1,0,66,0,106.25,114,102.75,111,95,11.6,2.7000000000000002,47,0
1,6.123233995736766e-17,5,1,0,0,0,0,0,1,0,150,0,87,99,106.25,114,99,9.0999999999999996,2,63,0
0.96592582628906842,-0.25881904510252057,5,1,0,0,0,0,0,1,0,1976,0,103.5,114,87,99,90,10.6,1.2,52,0
0.86602540378443871,-0.49999999999999978,5,1,0,0,0,0,0,1,0,415,0,62.5,88,103.5,114,33,12.5,1,48,0
0.70710678118654757,-0.70710678118654746,5,1,0,0,0,0,0,1,0,0,1,24.25,27,62.5,88,22,14.699999999999999,1.5,43,0
0.49999999999999989,-0.86602540378443871,5,1,0,0,0,0,0,1,0,0,1,22.25,23,24.25,27,22,17.199999999999999,1.3999999999999999,40,0
0.25881904510252102,-0.9659258262890682,5,1,0,0,0,0,0,1,0,0,1,22,22,22.25,23,22,19.899999999999999,1.6000000000000001,34,0
1.2246467991473532e-16,-1,5,1,0,0,0,0,0,1,0,0,1,25,27,22,22,26,21.5,2.1000000000000001,35,0
-0.25881904510252079,-0.96592582628906842,5,1,0,0,0,0,0,1,0,0,1,22.5,23,25,27,22,23.5,2.3999999999999999,25,0
-0.49999999999999972,-0.86602540378443882,5,1,0,0,0,0,0,1,0,0,1,22,22,22.5,23,22,23.800000000000001,4.2999999999999998,20,0
-0.70710678118654713,-0.70710678118654791,5,1,0,0,0,0,0,1,0,0,1,23.25,26,22,22,26,23.100000000000001,4.2999999999999998,26,0
-0.86602540378443849,-0.50000000000000044,5,1,0,0,0,0,0,1,0,0,1,23.5,27,23.25,26,22,23.600000000000001,4.5999999999999996,26,0
-0.96592582628906842,-0.25881904510252057,5,1,0,0,0,0,0,1,0,0,1,22.5,23,23.5,27,23,23.300000000000001,4.5,26,0
-1,-1.8369701987210292e-16,5,1,0,0,0,0,0,1,0,0,1,22.25,23,22.5,23,22,22.699999999999999,4.7999999999999998,28,0
-0.96592582628906842,0.2588190451025203,5,1,0,0,0,0,0,1,0,0,1,24,27,22.25,23,22,21.600000000000001,4.0999999999999996,35,0
-0.8660254037844386,0.50000000000000011,5,1,0,0,0,0,0,1,0,0,1,22,22,24,27,22,20.199999999999999,2.7999999999999998,43,0
-0.70710678118654768,0.70710678118654735,5,1,0,0,0,0,0,1,0,0,1,22,22,22,22,22,19.100000000000001,2.6000000000000001,47,0
-0.50000000000000044,0.86602540378443837,5,1,0,0,0,0,0,1,0,0,1,25,28,22,22,23,18.800000000000001,2.2999999999999998,51,0
-0.25881904510252152,0.96592582628906798,5,1,0,0,0,0,0,1,0,0,1,22.75,23,25,28,23,18.399999999999999,0.80000000000000004,52,0
0,1,5,1,0,0,0,0,0,0,1,0,1,22.5,23,22.75,23,23,17.699999999999999,1.7,56,0
0.25881904510252068,0.96592582628906842,5,1,0,0,0,0,0,0,1,0,1,22.5,23,22.5,23,23,18.100000000000001,2.2999999999999998,55,0
0.49999999999999989,0.86602540378443871,5,1,0,0,0,0,0,0,1,0,1,22.75,23,22.5,23,23,17.100000000000001,0.90000000000000002,58,0
0.70710678118654757,0.70710678118654757,5,1,0,0,0,0,0,0,1,0,1,24.75,27,22.75,23,27,17,1.6000000000000001,58,0
0.8660254037844386,0.50000000000000011,5,1,0,0,0,0,0,0,1,0,1,22.5,23,24.75,27,22,15.800000000000001,2,49,0
0.96592582628906842,0.25881904510252068,5,1,0,0,0,0,0,0,1,0,1,22.75,23,22.5,23,23,14.4,1.8999999999999999,48,0
1,6.123233995736766e-17,5,1,0,0,0,0,0,0,1,0,1,23.5,26,22.75,23,26,13.5,2.1000000000000001,51,0
0.96592582628906842,-0.25881904510252057,5,1,0,0,0,0,0,0,1,0,1,24,27,23.5,26,22,13.6,2.5,49,0
0.86602540378443871,-0.49999999999999978,5,1,0,0,0,0,0,0,1,0,1,63.5,131,24,27,131,14.800000000000001,2.2000000000000002,46,0
0.70710678118654757,-0.70710678118654746,5,1,0,0,0,0,0,0,1,0,1,176.5,184,63.5,131,184,17.100000000000001,1.3999999999999999,43,0
0.49999999999999989,-0.86602540378443871,5,1,0,0,0,0,0,0,1,0,1,158,164,176.5,184,149,18.199999999999999,2.7000000000000002,34,0
0.25881904510252102,-0.9659258262890682,5,1,0,0,0,0,0,0,1,0,1,157,169,158,164,168,19.600000000000001,1.8999999999999999,29,0
1.2246467991473532e-16,-1,5,1,0,0,0,0,0,0,1,0,1,163.75,173,157,169,153,20.600000000000001,3.2999999999999998,22,0
-0.25881904510252079,-0.96592582628906842,5,1,0,0,0,0,0,0,1,0,1,105.75,126,163.75,173,126,21.5,3.7000000000000002,21,0
-0.49999999999999972,-0.86602540378443882,5,1,0,0,0,0,0,0,1,0,1,157.5,159,105.75,126,159,22.699999999999999,3.2000000000000002,19,0
-0.70710678118654713,-0.70710678118654791,5,1,0,0,0,0,0,0,1,0,1,154.25,163,157.5,159,153,23.5,1.8,18,0
-0.86602540378443849,-0.50000000000000044,5,1,0,0,0,0,0,0,1,0,1,141.25,151,154.25,163,145,24.199999999999999,2,18,0
-0.96592582628906842,-0.25881904510252057,5,1,0,0,0,0,0,0,1,0,1,152.5,157,141.25,151,157,24.199999999999999,2.8999999999999999,18,0
-1,-1.8369701987210292e-16,5,1,0,0,0,0,0,0,1,0,1,127.75,153,152.5,157,146,23.899999999999999,3.1000000000000001,19,0
-0.96592582628906842,0.2588190451025203,5,1,0,0,0,0,0,0,1,0,1,159,165,127.75,153,160,23.300000000000001,2.2999999999999998,21,0
-0.8660254037844386,0.50000000000000011,5,1,0,0,0,0,0,0,1,0,1,141.5,155,159,165,117,21.5,1.3999999999999999,23,0
-0.70710678118654768,0.70710678118654735,5,1,0,0,0,0,0,0,1,0,1,110.5,114,141.5,155,114,19.800000000000001,1.5,25,0
-0.50000000000000044,0.86602540378443837,5,1,0,0,0,0,0,0,1,0,1,119.75,121,110.5,114,117,18.699999999999999,1.7,28,0
-0.25881904510252152,0.96592582628906798,5,1,0,0,0,0,0,0,1,0,1,112.25,122,119.75,121,122,18,2.5,31,0
0,1,5,0,1,0,0,0,0,0,0,0,1,100.75,110,112.25,122,84,17.199999999999999,2.2000000000000002,31,0
0.25881904510252068,0.96592582628906842,5,0,1,0,0,0,0,0,0,0,1,22.5,23,100.75,110,23,16,1.6000000000000001,33,0
0.49999999999999989,0.86602540378443871,5,0,1,0,0,0,0,0,0,0,1,22.75,23,22.5,23,23,15.300000000000001,0.80000000000000004,35,0
0.70710678118654757,0.70710678118654757,5,0,1,0,0,0,0,0,0,0,1,24.75,27,22.75,23,27,15.199999999999999,2.1000000000000001,39,0
0.8660254037844386,0.50000000000000011,5,0,1,0,0,0,0,0,0,0,1,22.5,23,24.75,27,22,16.399999999999999,2.5,34,0
0.96592582628906842,0.25881904510252068,5,0,1,0,0,0,0,0,0,0,1,22.75,23,22.5,23,23,15.1,1.6000000000000001,39,0
1,6.123233995736766e-17,5,0,1,0,0,0,0,0,0,0,1,23.5,26,22.75,23,26,14,1.3999999999999999,46,0
0.96592582628906842,-0.25881904510252057,5,0,1,0,0,0,0,0,0,0,1,24,27,23.5,26,22,15.300000000000001,2.1000000000000001,38,0
0.86602540378443871,-0.49999999999999978,5,0,1,0,0,0,0,0,0,0,1,63.5,131,24,27,131,14.4,2.2000000000000002,47,0
0.70710678118654757,-0.70710678118654746,5,0,1,0,0,0,0,0,0,837,0,176.5,184,63.5,131,184,13.9,1.8,56,0
0.49999999999999989,-0.86602540378443871,5,0,1,0,0,0,0,0,0,998,0,158,164,176.5,184,149,14.699999999999999,1.7,54,0
0.25881904510252102,-0.9659258262890682,5,0,1,0,0,0,0,0,0,628,0,157,169,158,164,168,15.199999999999999,1.3,52,0
1.2246467991473532e-16,-1,5,0,1,0,0,0,0,0,0,1491,0,163.75,173,157,169,153,14.800000000000001,2.7999999999999998,58,0.20000000000000001
-0.25881904510252079,-0.96592582628906842,5,0,1,0,0,0,0,0,0,30,0,105.75,126,163.75,173,126,16.399999999999999,2.6000000000000001,54,0.20000000000000001
-0.49999999999999972,-0.86602540378443882,5,0,1,0,0,0,0,0,0,919,0,157.5,159,105.75,126,159,16.899999999999999,2.3999999999999999,50,0.20000000000000001
-0.70710678118654713,-0.70710678118654791,5,0,1,0,0,0,0,0,0,1816,0,154.25,163,157.5,159,153,17.5,3.2999999999999998,55,0.20000000000000001
-0.86602540378443849,-0.50000000000000044,5,0,1,0,0,0,0,0,0,998,0,141.25,151,154.25,163,145,17.199999999999999,2.2000000000000002,58,0.20000000000000001
-0.96592582628906842,-0.25881904510252057,5,0,1,0,0,0,0,0,0,4518,0,152.5,157,141.25,151,157,16.800000000000001,1.2,61,0.20000000000000001
-1,-1.8369701987210292e-16,5,0,1,0,0,0,0,0,0,274,0,127.75,153,152.5,157,146,15.699999999999999,1.6000000000000001,71,0.20000000000000001
-0.96592582628906842,0.2588190451025203,5,0,1,0,0,0,0,0,0,941,0,159,165,127.75,153,160,16,1.3999999999999999,74,0.20000000000000001
-0.8660254037844386,0.50000000000000011,5,0,1,0,0,0,0,0,0,2791,0,141.5,155,159,165,117,14.6,1.5,81,0.20000000000000001
-0.70710678118654768,0.70710678118654735,5,0,1,0,0,0,0,0,0,94,0,110.5,114,141.5,155,114,13.6,1,86,0.20000000000000001
-0.50000000000000044,0.86602540378443837,5,0,1,0,0,0,0,0,0,54,0,119.75,121,110.5,114,117,13,1.7,91,0.20000000000000001
-0.25881904510252152,0.96592582628906798,5,0,1,0,0,0,0,0,0,97,0,112.25,122,119.75,121,122,13.4,0.5,91,0.20000000000000001
0,1,5,0,0,1,0,0,0,0,0,160,0,100.75,110,112.25,122,84,13.5,1.3999999999999999,88,0.20000000000000001
0.25881904510252068,0.96592582628906842,5,0,0,1,0,0,0,0,0,27,0,64.25,68,100.75,110,61,13.699999999999999,1.3,86,0.20000000000000001
0.49999999999999989,0.86602540378443871,5,0,0,1,0,0,0,0,0,48,0,97.75,110,64.25,68,110,13.5,1.3,87,0
0.70710678118654757,0.70710678118654757,5,0,0,1,0,0,0,0,0,487,0,104.25,108,97.75,110,108,13.5,1.2,89,0
0.8660254037844386,0.50000000000000011,5,0,0,1,0,0,0,0,0,119,0,100.75,105,104.25,108,105,13.5,0.59999999999999998,90,0
0.96592582628906842,0.25881904510252068,5,0,0,1,0,0,0,0,0,82,0,105.25,113,100.75,105,113,13.4,0.90000000000000002,91,0
1,6.123233995736766e-17,5,0,0,1,0,0,0,0,0,0,1,97,111,105.25,113,111,13.4,1,90,0
0.96592582628906842,-0.25881904510252057,5,0,0,1,0,0,0,0,0,188,0,106.75,117,97,111,93,13.699999999999999,0.59999999999999998,88,0
0.86602540378443871,-0.49999999999999978,5,0,0,1,0,0,0,0,0,2165,0,123.5,140,106.75,117,140,14.300000000000001,0.29999999999999999,85,0
0.70710678118654757,-0.70710678118654746,5,0,0,1,0,0,0,0,0,637,0,171,177,123.5,140,175,14.800000000000001,0.80000000000000004,83,0
0.49999999999999989,-0.86602540378443871,5,0,0,1,0,0,0,0,0,1542,0,173.25,177,171,177,177,14.9,1,82,0
0.25881904510252102,-0.9659258262890682,5,0,0,1,0,0,0,0,0,1472,0,159.5,171,173.25,177,169,15.199999999999999,1.6000000000000001,73,0
1.2246467991473532e-16,-1,5,0,0,1,0,0,0,0,0,1484,0,169.25,173,159.5,171,163,16.399999999999999,2.2000000000000002,70,0
-0.25881904510252079,-0.96592582628906842,5,0,0,1,0,0,0,0,0,0,1,100,129,169.25,173,129,16.600000000000001,3.6000000000000001,64,0
-0.49999999999999972,-0.86602540378443882,5,0,0,1,0,0,0,0,0,2483,0,175.5,185,100,129,174,18,2.6000000000000001,54,0
-0.70710678118654713,-0.70710678118654791,5,0,0,1,0,0,0,0,0,3081,0,155,166,175.5,185,144,17.699999999999999,3.2000000000000002,46,0
-0.86602540378443849,-0.50000000000000044,5,0,0,1,0,0,0,0,0,807,0,150.5,163,155,166,161,17.100000000000001,2.5,50,0
-0.96592582628906842,-0.25881904510252057,5,0,0,1,0,0,0,0,0,1509,0,144.25,151,150.5,163,143,17,1.6000000000000001,47,0
-1,-1.8369701987210292e-16,5,0,0,1,0,0,0,0,0,458,0,118,144,144.25,151,144,16.600000000000001,2.3999999999999999,50,0
-0.96592582628906842,0.2588190451025203,5,0,0,1,0,0,0,0,0,1720,0,138,141,118,144,141,16.199999999999999,3.1000000000000001,57,0
-0.8660254037844386,0.50000000000000011,5,0,0,1,0,0,0,0,0,3308,0,132.25,138,138,141,133,15.6,2.8999999999999999,63,0
-0.70710678118654768,0.70710678118654735,5,0,0,1,0,0,0,0,0,44,0,127.5,131,132.25,138,124,15.6,2.2999999999999998,61,0
-0.50000000000000044,0.86602540378443837,5,0,0,1,0,0,0,0,0,382,0,125.25,131,127.5,131,121,15.300000000000001,2.5,65,0
-0.25881904510252152,0.96592582628906798,5,0,0,1,0,0,0,0,0,40,0,106.75,112,125.25,131,112,15,2.6000000000000001,73,0
0,1,5,0,0,0,1,0,0,0,0,5,0,107.25,121,106.75,112,83,15,3.1000000000000001,75,0
0.25881904510252068,0.96592582628906842,5,0,0,0,1,0,0,0,0,0,1,66.5,75,107.25,121,61,14.800000000000001,3.3999999999999999,76,0
0.49999999999999989,0.86602540378443871,5,0,0,0,1,0,0,0,0,533,0,98.25,104,66.5,75,93,14.699999999999999,3.1000000000000001,76,0
0.70710678118654757,0.70710678118654757,5,0,0,0,1,0,0,0,0,226,0,110.25,113,98.25,104,106,14.699999999999999,3.3999999999999999,75,0
0.8660254037844386,0.50000000000000011,5,0,0,0,1,0,0,0,0,93,0,96.25,109,110.25,113,98,15.1,2.7000000000000002,70,0
0.96592582628906842,0.25881904510252068,5,0,0,0,1,0,0,0,0,300,0,107,111,96.25,109,106,15,2.8999999999999999,72,0
1,6.123233995736766e-17,5,0,0,0,1,0,0,0,0,25,0,92.25,107,107,111,107,14.9,2.7999999999999998,75,0
0.96592582628906842,-0.25881904510252057,5,0,0,0,1,0,0,0,0,560,0,104.25,110,92.25,107,102,14.9,3.5,79,0
0.86602540378443871,-0.49999999999999978,5,0,0,0,1,0,0,0,0,1735,0,125.75,147,104.25,110,141,15.300000000000001,3,79,0
0.70710678118654757,-0.70710678118654746,5,0,0,0,1,0,0,0,0,691,0,169,178,125.75,147,173,15.9,3.2000000000000002,76,0
0.49999999999999989,-0.86602540378443871,5,0,0,0,1,0,0,0,0,716,0,160.25,165,169,178,158,16.199999999999999,2.6000000000000001,72,0
0.25881904510252102,-0.9659258262890682,5,0,0,0,1,0,0,0,0,941,0,149,166,160.25,165,166,16.300000000000001,3,70,0
1.2246467991473532e-16,-1,5,0,0,0,1,0,0,0,0,952,0,167.5,183,149,166,164,17,2.6000000000000001,67,0
-0.25881904510252079,-0.96592582628906842,5,0,0,0,1,0,0,0,0,104,0,93.5,125,167.5,183,125,19.300000000000001,3.2999999999999998,55,0
-0.49999999999999972,-0.86602540378443882,5,0,0,0,1,0,0,0,0,1820,0,178.25,184,93.5,125,179,19.300000000000001,2.7999999999999998,53,0
-0.70710678118654713,-0.70710678118654791,5,0,0,0,1,0,0,0,0,1492,0,163.75,172,178.25,184,160,20.800000000000001,2.8999999999999999,50,0
-0.86602540378443849,-0.50000000000000044,5,0,0,0,1,0,0,0,0,1155,0,152.75,168,163.75,172,150,19.800000000000001,3.2000000000000002,54,0
-0.96592582628906842,-0.25881904510252057,5,0,0,0,1,0,0,0,0,760,0,158.75,163,152.75,168,158,18.100000000000001,2.8999999999999999,60,0
-1,-1.8369701987210292e-16,5,0,0,0,1,0,0,0,0,3446,0,131.25,169,158.75,163,169,17.399999999999999,2,63,0
-0.96592582628906842,0.2588190451025203,5,0,0,0,1,0,0,0,0,1012,0,157.25,169,131.25,169,169,17.5,1.6000000000000001,67,0
-0.8660254037844386,0.50000000000000011,5,0,0,0,1,0,0,0,0,2838,0,124.5,153,157.25,169,99,16.300000000000001,1.8,71,0
-0.70710678118654768,0.70710678118654735,5,0,0,0,1,0,0,0,0,8,0,104.75,109,124.5,153,105,14.800000000000001,0.90000000000000002,81,0
-0.50000000000000044,0.86602540378443837,5,0,0,0,1,0,0,0,0,178,0,110,115,104.75,109,109,14.300000000000001,1.8,86,0
-0.25881904510252152,0.96592582628906798,5,0,0,0,1,0,0,0,0,366,0,102.25,116,110,115,116,14,1.5,86,0
0,1,5,0,0,0,0,1,0,0,0,238,0,101.5,111,102.25,116,87,13.6,1.3999999999999999,89,0
0.25881904510252068,0.96592582628906842,5,0,0,0,0,1,0,0,0,157,0,70,75,101.5,111,68,13.9,1.7,88,0
0.49999999999999989,0.86602540378443871,5,0,0,0,0,1,0,0,0,370,0,98.25,107,70,75,99,14,0.80000000000000004,87,0
0.70710678118654757,0.70710678118654757,5,0,0,0,0,1,0,0,0,52,0,103,113,98.25,107,90,13,0.59999999999999998,90,0
0.8660254037844386,0.50000000000000011,5,0,0,0,0,1,0,0,0,366,0,100,110,103,113,110,12.800000000000001,1.5,90,0
0.96592582628906842,0.25881904510252068,5,0,0,0,0,1,0,0,0,96,0,105,113,100,110,98,13.1,0.69999999999999996,89,0
1,6.123233995736766e-17,5,0,0,0,0,1,0,0,0,68,0,89.25,105,105,113,105,13.699999999999999,1.3,82,0
0.96592582628906842,-0.25881904510252057,5,0,0,0,0,1,0,0,0,4,0,100.5,105,89.25,105,96,13.1,1.8,87,0
0.86602540378443871,-0.49999999999999978,5,0,0,0,0,1,0,0,0,2540,0,117.25,135,100.5,105,127,15,1.3999999999999999,78,0
0.70710678118654757,-0.70710678118654746,5,0,0,0,0,1,0,0,0,705,0,164.75,176,117.25,135,169,17.300000000000001,1.1000000000000001,69,0
0.49999999999999989,-0.86602540378443871,5,0,0,0,0,1,0,0,0,359,0,163.25,174,164.75,176,174,20.199999999999999,1,50,0
0.25881904510252102,-0.9659258262890682,5,0,0,0,0,1,0,0,0,1880,0,158,176,163.25,174,166,22.100000000000001,1.8999999999999999,40,0
1.2246467991473532e-16,-1,5,0,0,0,0,1,0,0,0,470,0,164.25,170,158,176,170,22.800000000000001,1.8,51,0
-0.25881904510252079,-0.96592582628906842,5,0,0,0,0,1,0,0,0,238,0,95.75,119,164.25,170,119,24.199999999999999,2.2000000000000002,57,0
-0.49999999999999972,-0.86602540378443882,5,0,0,0,0,1,0,0,0,1582,0,167.5,175,95.75,119,163,25,2.1000000000000001,59,0
-0.70710678118654713,-0.70710678118654791,5,0,0,0,0,1,0,0,0,1464,0,162.75,169,167.5,175,158,24.600000000000001,2.1000000000000001,59,0
-0.86602540378443849,-0.50000000000000044,5,0,0,0,0,1,0,0,0,980,0,138.5,156,162.75,169,137,23.199999999999999,3.1000000000000001,58,0
-0.96592582628906842,-0.25881904510252057,5,0,0,0,0,1,0,0,0,1633,0,149.5,155,138.5,156,139,21.800000000000001,2.6000000000000001,57,0
-1,-1.8369701987210292e-16,5,0,0,0,0,1,0,0,0,430,0,100.5,117,149.5,155,117,22.199999999999999,1.6000000000000001,58,0
-0.96592582628906842,0.2588190451025203,5,0,0,0,0,1,0,0,0,1701,0,101.75,108,100.5,117,99,20.899999999999999,1.3,57,0
-0.8660254037844386,0.50000000000000011,5,0,0,0,0,1,0,0,0,2095,0,100.75,106,101.75,108,104,19.300000000000001,1.3999999999999999,55,0
-0.70710678118654768,0.70710678118654735,5,0,0,0,0,1,0,0,0,126,0,132.5,139,100.75,106,135,17.699999999999999,0.40000000000000002,63,0
-0.50000000000000044,0.86602540378443837,5,0,0,0,0,1,0,0,0,75,0,127,135,132.5,139,124,17.100000000000001,0.40000000000000002,73,0
-0.25881904510252152,0.96592582628906798,5,0,0,0,0,1,0,0,0,48,0,114,123,127,135,114,16.699999999999999,1.1000000000000001,81,0
0,1,5,0,0,0,0,0,1,0,0,229,0,104,115,114,123,88,16,0.69999999999999996,92,0
0.25881904510252068,0.96592582628906842,5,0,0,0,0,0,1,0,0,14,0,67,72,104,115,62,15.1,0.20000000000000001,96,0
0.49999999999999989,0.86602540378443871,5,0,0,0,0,0,1,0,0,306,0,99.5,110,67,72,96,15,0.80000000000000004,98,0
0.70710678118654757,0.70710678118654757,5,0,0,0,0,0,1,0,0,95,0,107.25,111,99.5,110,104,14.4,0,98,0
0.8660254037844386,0.50000000000000011,5,0,0,0,0,0,1,0,0,332,0,96.75,104,107.25,111,99,14.1,1.5,98,0
0.96592582628906842,0.25881904510252068,5,0,0,0,0,0,1,0,0,0,1,105.5,108,96.75,104,104,14.1,1.3,98,0
1,6.123233995736766e-17,5,0,0,0,0,0,1,0,0,60,0,93.25,104,105.5,108,103,14.699999999999999,1.7,97,0
0.96592582628906842,-0.25881904510252057,5,0,0,0,0,0,1,0,0,553,0,100.25,107,93.25,104,96,14.699999999999999,0.69999999999999996,96,0
0.86602540378443871,-0.49999999999999978,5,0,0,0,0,0,1,0,0,1743,0,115.25,135,100.25,107,128,17.100000000000001,0.5,87,0
0.70710678118654757,-0.70710678118654746,5,0,0,0,0,0,1,0,0,591,0,146.5,157,115.25,135,149,19.399999999999999,0.90000000000000002,76,0
0.49999999999999989,-0.86602540378443871,5,0,0,0,0,0,1,0,0,672,0,139.5,143,146.5,157,137,21.5,1.3,64,0
0.25881904510252102,-0.9659258262890682,5,0,0,0,0,0,1,0,0,4183,0,142.5,155,139.5,143,150,23,2,64,0
1.2246467991473532e-16,-1,5,0,0,0,0,0,1,0,0,399,0,149.25,155,142.5,155,142,23.300000000000001,1.8999999999999999,64,0
-0.25881904510252079,-0.96592582628906842,5,0,0,0,0,0,1,0,0,230,0,91.25,113,149.25,155,113,24.399999999999999,2.3999999999999999,63,0
-0.49999999999999972,-0.86602540378443882,5,0,0,0,0,0,1,0,0,50,0,150.25,156,91.25,113,148,23.199999999999999,2.6000000000000001,62,0
-0.70710678118654713,-0.70710678118654791,5,0,0,0,0,0,1,0,0,957,0,142.75,147,150.25,156,147,23.399999999999999,2.2999999999999998,60,0
-0.86602540378443849,-0.50000000000000044,5,0,0,0,0,0,1,0,0,623,0,136.75,148,142.75,147,134,23.699999999999999,2.5,60,0
-0.96592582628906842,-0.25881904510252057,5,0,0,0,0,0,1,0,0,3046,0,134.5,143,136.75,148,130,23.100000000000001,1.6000000000000001,60,0
-1,-1.8369701987210292e-16,5,0,0,0,0,0,1,0,0,437,0,109,148,134.5,143,148,22,1.8999999999999999,62,0
-0.96592582628906842,0.2588190451025203,5,0,0,0,0,0,1,0,0,1523,0,146.25,156,109,148,140,21.300000000000001,1.2,67,0
-0.8660254037844386,0.50000000000000011,5,0,0,0,0,0,1,0,0,1514,0,129.25,144,146.25,156,115,20.300000000000001,0.90000000000000002,71,0
-0.70710678118654768,0.70710678118654735,5,0,0,0,0,0,1,0,0,1,0,106,109,129.25,144,109,19.100000000000001,0.59999999999999998,77,0
-0.50000000000000044,0.86602540378443837,5,0,0,0,0,0,1,0,0,45,0,110,112,106,109,111,18.399999999999999,1,80,0
-0.25881904510252152,0.96592582628906798,5,0,0,0,0,0,1,0,0,0,1,103.25,112,110,112,107,18.199999999999999,0.69999999999999996,86,0
0,1,5,1,0,0,0,0,0,1,0,0,1,88.5,98,103.25,112,64,17.600000000000001,0.80000000000000004,85,0
0.25881904510252068,0.96592582628906842,5,1,0,0,0,0,0,1,0,0,1,54,54,88.5,98,54,17.399999999999999,0.20000000000000001,84,0
0.49999999999999989,0.86602540378443871,5,1,0,0,0,0,0,1,0,47,0,95.75,104,54,54,104,17.5,0.69999999999999996,84,0
0.70710678118654757,0.70710678118654757,5,1,0,0,0,0,0,1,0,37,0,97.5,100,95.75,104,97,17.5,1.5,85,0
0.8660254037844386,0.50000000000000011,5,1,0,0,0,0,0,1,0,0,1,93.25,101,97.5,100,96,17.100000000000001,0.80000000000000004,87,0
0.96592582628906842,0.25881904510252068,5,1,0,0,0,0,0,1,0,0,1,101,105,93.25,101,104,17.5,1,85,0
1,6.123233995736766e-17,5,1,0,0,0,0,0,1,0,0,1,79.5,96,101,105,96,17.899999999999999,0.10000000000000001,84,0
0.96592582628906842,-0.25881904510252057,5,1,0,0,0,0,0,1,0,24,0,97.75,103,79.5,96,93,17.5,1.3999999999999999,88,0
0.86602540378443871,-0.49999999999999978,5,1,0,0,0,0,0,1,0,634,0,69,86,97.75,103,42,17.699999999999999,0,91,0.10000000000000001
0.70710678118654757,-0.70710678118654746,5,1,0,0,0,0,0,1,0,0,1,21.5,24,69,86,19,17.199999999999999,1,98,4.7999999999999998
0.49999999999999989,-0.86602540378443871,5,1,0,0,0,0,0,1,0,0,1,19.5,20,21.5,24,19,17.800000000000001,0.29999999999999999,98,8.1999999999999993
0.25881904510252102,-0.9659258262890682,5,1,0,0,0,0,0,1,0,0,1,19.5,20,19.5,20,19,18.199999999999999,0.29999999999999999,98,8.5999999999999996
1.2246467991473532e-16,-1,5,1,0,0,0,0,0,1,0,0,1,22.25,24,19.5,20,21,18.5,0,98,10.199999999999999
-0.25881904510252079,-0.96592582628906842,5,1,0,0,0,0,0,1,0,0,1,20,20,22.25,24,20,18.899999999999999,0.40000000000000002,98,11.199999999999999
-0.49999999999999972,-0.86602540378443882,5,1,0,0,0,0,0,1,0,0,1,19.25,20,20,20,19,19.300000000000001,0.40000000000000002,98,14.800000000000001
-0.70710678118654713,-0.70710678118654791,5,1,0,0,0,0,0,1,0,0,1,20.75,24,19.25,20,24,20.5,0.80000000000000004,98,15.699999999999999
-0.86602540378443849,-0.50000000000000044,5,1,0,0,0,0,0,1,0,0,1,20.25,23,20.75,24,20,20.100000000000001,0.40000000000000002,98,15.699999999999999
-0.96592582628906842,-0.25881904510252057,5,1,0,0,0,0,0,1,0,0,1,19.75,20,20.25,23,20,20.800000000000001,1,98,15.699999999999999
-1,-1.8369701987210292e-16,5,1,0,0,0,0,0,1,0,0,1,20,20,19.75,20,20,21.100000000000001,0.69999999999999996,98,15.699999999999999
-0.96592582628906842,0.2588190451025203,5,1,0,0,0,0,0,1,0,0,1,22.25,25,20,20,20,21,0.80000000000000004,98,15.699999999999999
-0.8660254037844386,0.50000000000000011,5,1,0,0,0,0,0,1,0,0,1,19.75,20,22.25,25,20,19.899999999999999,0.59999999999999998,98,15.699999999999999
-0.70710678118654768,0.70710678118654735,5,1,0,0,0,0,0,1,0,0,1,19.75,20,19.75,20,20,19.399999999999999,0.5,98,15.699999999999999
-0.50000000000000044,0.86602540378443837,5,1,0,0,0,0,0,1,0,0,1,23,25,19.75,20,25,19.300000000000001,1.2,98,15.699999999999999
-0.25881904510252152,0.96592582628906798,5,1,0,0,0,0,0,1,0,0,1,20.5,21,23,25,21,19.100000000000001,0.10000000000000001,98,15.699999999999999
0,1,5,1,0,0,0,0,0,0,1,0,1,20,20,20.5,21,20,19.300000000000001,0.80000000000000004,98,15.699999999999999
0.25881904510252068,0.96592582628906842,5,1,0,0,0,0,0,0,1,0,1,20,20,20,20,20,19.300000000000001,0.10000000000000001,98,15.699999999999999
0.49999999999999989,0.86602540378443871,5,1,0,0,0,0,0,0,1,0,1,22.5,25,20,20,20,19.5,0.69999999999999996,98,0
0.70710678118654757,0.70710678118654757,5,1,0,0,0,0,0,0,1,0,1,20,20,22.5,25,20,21,2.3999999999999999,98,0
0.8660254037844386,0.50000000000000011,5,1,0,0,0,0,0,0,1,0,1,20,20,20,20,20,20.899999999999999,0.90000000000000002,98,3.5
0.96592582628906842,0.25881904510252068,5,1,0,0,0,0,0,0,1,0,1,22.25,25,20,20,25,21.100000000000001,0.5,98,4.7000000000000002
1,6.123233995736766e-17,5,1,0,0,0,0,0,0,1,0,1,20,20,22.25,25,20,21.300000000000001,1.3999999999999999,98,5.5
0.96592582628906842,-0.25881904510252057,5,1,0,0,0,0,0,0,1,0,1,20,20,20,20,20,20.699999999999999,0.90000000000000002,98,5.5
0.86602540378443871,-0.49999999999999978,5,1,0,0,0,0,0,0,1,0,1,20.25,23,20,20,23,20.5,1,98,5.5
0.70710678118654757,-0.70710678118654746,5,1,0,0,0,0,0,0,1,0,1,20.75,24,20.25,23,20,21.600000000000001,2.1000000000000001,98,5.5
0.49999999999999989,-0.86602540378443871,5,1,0,0,0,0,0,0,1,0,1,20,20,20.75,24,20,21.899999999999999,1.1000000000000001,98,5.5
0.25881904510252102,-0.9659258262890682,5,1,0,0,0,0,0,0,1,0,1,20.75,23,20,20,23,22.399999999999999,2.1000000000000001,98,5.5
1.2246467991473532e-16,-1,5,1,0,0,0,0,0,0,1,0,1,21,24,20.75,23,20,23.300000000000001,3.5,92,5.5
-0.25881904510252079,-0.96592582628906842,5,1,0,0,0,0,0,0,1,0,1,20,20,21,24,20,23.699999999999999,4.4000000000000004,90,5.5
-0.49999999999999972,-0.86602540378443882,5,1,0,0,0,0,0,0,1,0,1,20,20,20,20,20,22.399999999999999,2.2999999999999998,98,11.5
-0.70710678118654713,-0.70710678118654791,5,1,0,0,0,0,0,0,1,0,1,22.25,25,20,20,20,20.699999999999999,1.2,98,11.800000000000001
-0.86602540378443849,-0.50000000000000044,5,1,0,0,0,0,0,0,1,0,1,20,20,22.25,25,20,21.899999999999999,1.2,98,12.300000000000001
-0.96592582628906842,-0.25881904510252057,5,1,0,0,0,0,0,0,1,0,1,20,20,20,20,20,20.100000000000001,2.2000000000000002,98,12.6
-1,-1.8369701987210292e-16,5,1,0,0,0,0,0,0,1,0,1,22.75,25,20,20,20,18.699999999999999,1.5,98,15.4
-0.96592582628906842,0.2588190451025203,5,1,0,0,0,0,0,0,1,0,1,19.25,20,22.75,25,19,18,1.7,98,16.600000000000001
-0.8660254037844386,0.50000000000000011,5,1,0,0,0,0,0,0,1,0,1,19.5,20,19.25,20,20,16.699999999999999,1.6000000000000001,98,17.199999999999999
-0.70710678118654768,0.70710678118654735,5,1,0,0,0,0,0,0,1,0,1,20.75,25,19.5,20,25,15.300000000000001,1.8999999999999999,98,18.5
-0.50000000000000044,0.86602540378443837,5,1,0,0,0,0,0,0,1,0,1,21.25,24,20.75,25,20,14.4,1.3999999999999999,98,21.399999999999999
-0.25881904510252152,0.96592582628906798,5,1,0,0,0,0,0,0,1,0,1,20,20,21.25,24,20,14.199999999999999,1.1000000000000001,98,21.800000000000001
0,1,5,0,1,0,0,0,0,0,0,0,1,20.5,22,20,20,22,14.1,1.1000000000000001,98,22.100000000000001
0.25881904510252068,0.96592582628906842,5,0,1,0,0,0,0,0,0,0,1,22,25,20.5,22,20,13.800000000000001,1,98,22.100000000000001
0.49999999999999989,0.86602540378443871,5,0,1,0,0,0,0,0,0,0,1,20,20,22,25,20,13.4,1.3999999999999999,98,0
0.70710678118654757,0.70710678118654757,5,0,1,0,0,0,0,0,0,0,1,20,20,20,20,20,13.300000000000001,0.90000000000000002,98,0.10000000000000001
0.8660254037844386,0.50000000000000011,5,0,1,0,0,0,0,0,0,0,1,21.75,25,20,20,19,13.5,1.3999999999999999,98,0.20000000000000001
0.96592582628906842,0.25881904510252068,5,0,1,0,0,0,0,0,0,0,1,20,20,21.75,25,20,13.4,1.3999999999999999,98,0.29999999999999999
1,6.123233995736766e-17,5,0,1,0,0,0,0,0,0,0,1,19.75,20,20,20,19,13.6,0.29999999999999999,98,0.5
0.96592582628906842,-0.25881904510252057,5,0,1,0,0,0,0,0,0,0,1,21.5,24,19.75,20,19,13.4,1,98,1.2
0.86602540378443871,-0.49999999999999978,5,0,1,0,0,0,0,0,0,24,0,50,87,21.5,24,87,13.699999999999999,0.80000000000000004,98,1.3
0.70710678118654757,-0.70710678118654746,5,0,1,0,0,0,0,0,0,468,0,173.5,192,50,87,192,14.5,0.80000000000000004,98,1.3
0.49999999999999989,-0.86602540378443871,5,0,1,0,0,0,0,0,0,1009,0,160.25,183,173.5,192,151,14.4,1.2,98,1.3
0.25881904510252102,-0.9659258262890682,5,0,1,0,0,0,0,0,0,293,0,163.75,180,160.25,183,180,14.9,1.3,98,1.3
1.2246467991473532e-16,-1,5,0,1,0,0,0,0,0,0,1178,0,169,186,163.75,180,186,15.6,0.59999999999999998,97,1.3
-0.25881904510252079,-0.96592582628906842,5,0,1,0,0,0,0,0,0,311,0,103.75,129,169,186,129,15.5,1.2,98,1.3999999999999999
-0.49999999999999972,-0.86602540378443882,5,0,1,0,0,0,0,0,0,1419,0,170.25,173,103.75,129,168,16,0.80000000000000004,95,1.3999999999999999
-0.70710678118654713,-0.70710678118654791,5,0,1,0,0,0,0,0,0,540,0,162.75,175,170.25,173,175,15.9,1.3,93,1.3999999999999999
-0.86602540378443849,-0.50000000000000044,5,0,1,0,0,0,0,0,0,1302,0,156.75,168,162.75,175,168,15.800000000000001,1.6000000000000001,90,1.3999999999999999
-0.96592582628906842,-0.25881904510252057,5,0,1,0,0,0,0,0,0,1739,0,160.75,163,156.75,168,158,14.9,1.3999999999999999,97,1.7
-1,-1.8369701987210292e-16,5,0,1,0,0,0,0,0,0,821,0,137.75,158,160.75,163,158,15,1.3999999999999999,98,2.6000000000000001
-0.96592582628906842,0.2588190451025203,5,0,1,0,0,0,0,0,0,1592,0,152.25,161,137.75,158,144,14.699999999999999,1.1000000000000001,98,2.6000000000000001
-0.8660254037844386,0.50000000000000011,5,0,1,0,0,0,0,0,0,2222,0,128,140,152.25,161,104,14.300000000000001,1.3,98,3
-0.70710678118654768,0.70710678118654735,5,0,1,0,0,0,0,0,0,300,0,96.25,99,128,140,99,14.300000000000001,0.69999999999999996,98,3
-0.50000000000000044,0.86602540378443837,5,0,1,0,0,0,0,0,0,130,0,89,96,96.25,99,93,14.1,1.1000000000000001,98,3
-0.25881904510252152,0.96592582628906798,5,0,1,0,0,0,0,0,0,20,0,92.5,95,89,96,93,14,0.90000000000000002,98,3.2000000000000002
0,1,5,0,0,1,0,0,0,0,0,23,0,86.5,93,92.5,95,73,14,1.1000000000000001,98,3.3999999999999999
0.25881904510252068,0.96592582628906842,5,0,0,1,0,0,0,0,0,47,0,63.5,71,86.5,93,60,14,0.5,98,3.5
0.49999999999999989,0.86602540378443871,5,0,0,1,0,0,0,0,0,554,0,92.75,97,63.5,71,93,14.1,0.5,98,0
0.70710678118654757,0.70710678118654757,5,0,0,1,0,0,0,0,0,62,0,93.5,96,92.75,97,94,14.199999999999999,0.69999999999999996,98,0
0.8660254037844386,0.50000000000000011,5,0,0,1,0,0,0,0,0,5,0,87.75,96,93.5,96,96,14,1,98,0.10000000000000001
0.96592582628906842,0.25881904510252068,5,0,0,1,0,0,0,0,0,480,0,84.5,91,87.75,96,79,14,1.5,98,0.69999999999999996
1,6.123233995736766e-17,5,0,0,1,0,0,0,0,0,2,0,80.5,105,84.5,91,105,13.9,1.3999999999999999,98,0.80000000000000004
0.96592582628906842,-0.25881904510252057,5,0,0,1,0,0,0,0,0,314,0,95,102,80.5,105,90,14.1,0.69999999999999996,98,0.80000000000000004
0.86602540378443871,-0.49999999999999978,5,0,0,1,0,0,0,0,0,1715,0,114.5,134,95,102,130,14.5,0.69999999999999996,98,0.80000000000000004
0.70710678118654757,-0.70710678118654746,5,0,0,1,0,0,0,0,0,1000,0,169.5,179,114.5,134,179,15,0.69999999999999996,98,0.80000000000000004
0.49999999999999989,-0.86602540378443871,5,0,0,1,0,0,0,0,0,598,0,170.5,175,169.5,179,175,15.4,1.1000000000000001,98,0.90000000000000002
0.25881904510252102,-0.9659258262890682,5,0,0,1,0,0,0,0,0,1594,0,159.25,172,170.5,175,169,16,1,98,1
1.2246467991473532e-16,-1,5,0,0,1,0,0,0,0,0,759,0,167,172,159.25,172,172,16.800000000000001,1.1000000000000001,98,1.2
-0.25881904510252079,-0.96592582628906842,5,0,0,1,0,0,0,0,0,204,0,98.75,130,167,172,130,17.399999999999999,1.5,95,1.2
-0.49999999999999972,-0.86602540378443882,5,0,0,1,0,0,0,0,0,996,0,176.5,182,98.75,130,169,17.399999999999999,2.5,94,1.2
-0.70710678118654713,-0.70710678118654791,5,0,0,1,0,0,0,0,0,1514,0,166.75,173,176.5,182,173,17.600000000000001,1.5,92,1.2
-0.86602540378443849,-0.50000000000000044,5,0,0,1,0,0,0,0,0,6557,0,162.25,179,166.75,173,170,17.5,0.59999999999999998,91,1.2
-0.96592582628906842,-0.25881904510252057,5,0,0,1,0,0,0,0,0,1196,0,153.5,163,162.25,179,150,17.399999999999999,1.2,98,1.3
-1,-1.8369701987210292e-16,5,0,0,1,0,0,0,0,0,1414,0,117.75,142,153.5,163,138,18.300000000000001,1.7,90,1.3
-0.96592582628906842,0.2588190451025203,5,0,0,1,0,0,0,0,0,1570,0,145.5,147,117.75,142,145,17.699999999999999,1.7,91,1.3
-0.8660254037844386,0.50000000000000011,5,0,0,1,0,0,0,0,0,2648,0,144,154,145.5,147,122,17.199999999999999,1.3,94,1.3
-0.70710678118654768,0.70710678118654735,5,0,0,1,0,0,0,0,0,11,0,115,119,144,154,115,17.100000000000001,1.3,97,1.3
-0.50000000000000044,0.86602540378443837,5,0,0,1,0,0,0,0,0,140,0,112.25,114,115,119,109,16.300000000000001,0.59999999999999998,98,1.3
-0.25881904510252152,0.96592582628906798,5,0,0,1,0,0,0,0,0,5,0,99.75,107,112.25,114,106,16.100000000000001,0.90000000000000002,98,1.3
0,1,5,0,0,0,1,0,0,0,0,26,0,93.25,104,99.75,107,74,15.6,0.69999999999999996,98,1.3
0.25881904510252068,0.96592582628906842,5,0,0,0,1,0,0,0,0,0,1,62,68,93.25,104,57,15.199999999999999,0.5,98,1.3
0.49999999999999989,0.86602540378443871,5,0,0,0,1,0,0,0,0,955,0,88.5,95,62,68,86,15.1,1.5,98,0
0.70710678118654757,0.70710678118654757,5,0,0,0,1,0,0,0,0,24,0,96.5,100,88.5,95,100,15.199999999999999,1.6000000000000001,98,0
0.8660254037844386,0.50000000000000011,5,0,0,0,1,0,0,0,0,200,0,95.5,104,96.5,100,93,15.1,1.8999999999999999,98,0
0.96592582628906842,0.25881904510252068,5,0,0,0,1,0,0,0,0,30,0,93.75,101,95.5,104,85,15,1.2,98,0
1,6.123233995736766e-17,5,0,0,0,1,0,0,0,0,150,0,78.75,100,93.75,101,100,15.5,1,98,0
0.96592582628906842,-0.25881904510252057,5,0,0,0,1,0,0,0,0,10,0,94.5,108,78.75,100,81,15.9,2.2000000000000002,98,0
0.86602540378443871,-0.49999999999999978,5,0,0,0,1,0,0,0,0,780,0,53.5,75,94.5,108,26,17.5,1.8,95,0
0.70710678118654757,-0.70710678118654746,5,0,0,0,1,0,0,0,0,841,0,20.75,23,53.5,75,23,19.399999999999999,1.6000000000000001,78,0
0.49999999999999989,-0.86602540378443871,5,0,0,0,1,0,0,0,0,0,1,23,25,20.75,23,20,20.5,3,68,0
0.25881904510252102,-0.9659258262890682,5,0,0,0,1,0,0,0,0,0,1,21,21,23,25,21,23.199999999999999,1.8999999999999999,58,0
1.2246467991473532e-16,-1,5,0,0,0,1,0,0,0,0,0,1,21,21,21,21,21,24.100000000000001,1.8999999999999999,48,0
-0.25881904510252079,-0.96592582628906842,5,0,0,0,1,0,0,0,0,0,1,22,25,21,21,25,25.699999999999999,1.3,45,0
-0.49999999999999972,-0.86602540378443882,5,0,0,0,1,0,0,0,0,0,1,21.25,24,22,25,20,24.899999999999999,1.7,54,0
-0.70710678118654713,-0.70710678118654791,5,0,0,0,1,0,0,0,0,0,1,20,20,21.25,24,20,25.100000000000001,2,49,0
-0.86602540378443849,-0.50000000000000044,5,0,0,0,1,0,0,0,0,0,1,20,20,20,20,20,25.300000000000001,1.7,47,0
-0.96592582628906842,-0.25881904510252057,5,0,0,0,1,0,0,0,0,0,1,22.75,25,20,20,21,25.100000000000001,1.3999999999999999,47,0
-1,-1.8369701987210292e-16,5,0,0,0,1,0,0,0,0,0,1,20.5,21,22.75,25,21,24.199999999999999,1,49,0
-0.96592582628906842,0.2588190451025203,5,0,0,0,1,0,0,0,0,0,1,20.75,21,20.5,21,21,23.399999999999999,1.3,56,0
-0.8660254037844386,0.50000000000000011,5,0,0,0,1,0,0,0,0,0,1,22.75,25,20.75,21,22,21.5,1.5,55,0
-0.70710678118654768,0.70710678118654735,5,0,0,0,1,0,0,0,0,0,1,20.5,21,22.75,25,21,19.600000000000001,0.59999999999999998,71,0
-0.50000000000000044,0.86602540378443837,5,0,0,0,1,0,0,0,0,0,1,21.75,24,20.5,21,20,18.800000000000001,1,74,0
-0.25881904510252152,0.96592582628906798,5,0,0,0,1,0,0,0,0,0,1,23.25,26,21.75,24,26,18.199999999999999,0.40000000000000002,75,0
0,1,5,0,0,0,0,1,0,0,0,0,1,20.5,22,23.25,26,20,17.800000000000001,0.29999999999999999,77,0
0.25881904510252068,0.96592582628906842,5,0,0,0,0,1,0,0,0,0,1,20,20,20.5,22,20,17.899999999999999,0.90000000000000002,77,0
0.49999999999999989,0.86602540378443871,5,0,0,0,0,1,0,0,0,0,1,20.5,22,20,20,22,17.5,0.69999999999999996,86,0
0.70710678118654757,0.70710678118654757,5,0,0,0,0,1,0,0,0,0,1,21.75,25,20.5,22,20,17.399999999999999,1.3999999999999999,80,0
0.8660254037844386,0.50000000000000011,5,0,0,0,0,1,0,0,0,0,1,20,20,21.75,25,20,16.699999999999999,0.40000000000000002,80,0
0.96592582628906842,0.25881904510252068,5,0,0,0,0,1,0,0,0,0,1,20,20,20,20,20,17,0.80000000000000004,78,0
1,6.123233995736766e-17,5,0,0,0,0,1,0,0,0,0,1,23,25,20,20,20,16.5,1.2,90,0
0.96592582628906842,-0.25881904510252057,5,0,0,0,0,1,0,0,0,0,1,20.25,21,23,25,21,16.399999999999999,0.59999999999999998,89,0
0.86602540378443871,-0.49999999999999978,5,0,0,0,0,1,0,0,0,0,1,64.25,105,20.25,21,105,17.600000000000001,0.40000000000000002,88,0
0.70710678118654757,-0.70710678118654746,5,0,0,0,0,1,0,0,0,174,0,170,176,64.25,105,174,17.800000000000001,1.3,90,0
0.49999999999999989,-0.86602540378443871,5,0,0,0,0,1,0,0,0,1145,0,161.5,167,170,176,167,17.100000000000001,0.80000000000000004,95,1.3999999999999999
0.25881904510252102,-0.9659258262890682,5,0,0,0,0,1,0,0,0,631,0,156.5,169,161.5,167,162,17.199999999999999,1.8999999999999999,98,2.7999999999999998
1.2246467991473532e-16,-1,5,0,0,0,0,1,0,0,0,1881,0,171.75,178,156.5,169,171,16.899999999999999,2,98,5.2999999999999998
-0.25881904510252079,-0.96592582628906842,5,0,0,0,0,1,0,0,0,124,0,105.5,130,171.75,178,130,16.600000000000001,2.6000000000000001,98,8.4000000000000004
-0.49999999999999972,-0.86602540378443882,5,0,0,0,0,1,0,0,0,1467,0,165.75,181,105.5,130,162,16.5,2.1000000000000001,98,15.1
-0.70710678118654713,-0.70710678118654791,5,0,0,0,0,1,0,0,0,1175,0,163.25,167,165.75,181,164,16,2.8999999999999999,97,15.4
-0.86602540378443849,-0.50000000000000044,5,0,0,0,0,1,0,0,0,809,0,149.5,161,163.25,167,158,15.6,3.2000000000000002,97,15.6
-0.96592582628906842,-0.25881904510252057,5,0,0,0,0,1,0,0,0,2581,0,152.25,159,149.5,161,159,15.5,2.7000000000000002,98,15.9
-1,-1.8369701987210292e-16,5,0,0,0,0,1,0,0,0,977,0,100.5,110,152.25,159,110,15.9,2.1000000000000001,98,16.100000000000001
-0.96592582628906842,0.2588190451025203,5,0,0,0,0,1,0,0,0,2010,0,106,112,100.5,110,100,16.199999999999999,2,98,16.300000000000001
-0.8660254037844386,0.50000000000000011,5,0,0,0,0,1,0,0,0,2901,0,108.75,114,106,112,108,16.199999999999999,1.2,98,16.300000000000001
-0.70710678118654768,0.70710678118654735,5,0,0,0,0,1,0,0,0,3,0,109.5,117,108.75,114,111,15.800000000000001,1.7,98,16.300000000000001
-0.50000000000000044,0.86602540378443837,5,0,0,0,0,1,0,0,0,2,0,103,107,109.5,117,99,15.5,1.3,98,16.300000000000001
-0.25881904510252152,0.96592582628906798,5,0,0,0,0,1,0,0,0,10,0,100.5,111,103,107,94,15,0.90000000000000002,98,16.300000000000001
0,1,5,0,0,0,0,0,1,0,0,0,1,92.75,103,100.5,111,68,14.9,0.69999999999999996,98,16.5
0.25881904510252068,0.96592582628906842,5,0,0,0,0,0,1,0,0,820,0,60.5,64,92.75,103,57,14.699999999999999,0.59999999999999998,98,16.699999999999999
0.49999999999999989,0.86602540378443871,5,0,0,0,0,0,1,0,0,219,0,94,100,60.5,64,92,14.699999999999999,0.80000000000000004,98,0
0.70710678118654757,0.70710678118654757,5,0,0,0,0,0,1,0,0,498,0,106.5,108,94,100,108,14.699999999999999,0.69999999999999996,98,0
0.8660254037844386,0.50000000000000011,5,0,0,0,0,0,1,0,0,393,0,97.75,107,106.5,108,100,14.9,0.10000000000000001,98,0.10000000000000001
0.96592582628906842,0.25881904510252068,5,0,0,0,0,0,1,0,0,31,0,94.75,100,97.75,107,93,14.6,0.80000000000000004,98,0.10000000000000001
1,6.123233995736766e-17,5,0,0,0,0,0,1,0,0,344,0,82,95,94.75,100,95,14.699999999999999,1.3999999999999999,98,0.10000000000000001
0.96592582628906842,-0.25881904510252057,5,0,0,0,0,0,1,0,0,40,0,101.75,105,82,95,102,14.800000000000001,1.1000000000000001,98,0.10000000000000001
0.86602540378443871,-0.49999999999999978,5,0,0,0,0,0,1,0,0,1028,0,121,135,101.75,105,135,16.199999999999999,0.59999999999999998,98,0.10000000000000001
0.70710678118654757,-0.70710678118654746,5,0,0,0,0,0,1,0,0,935,0,153.25,160,121,135,154,17.899999999999999,1.2,88,0.10000000000000001
0.49999999999999989,-0.86602540378443871,5,0,0,0,0,0,1,0,0,1816,0,143.75,146,153.25,160,141,18.399999999999999,2.8999999999999999,74,0.10000000000000001
0.25881904510252102,-0.9659258262890682,5,0,0,0,0,0,1,0,0,1580,0,139.5,157,143.75,146,157,20.199999999999999,3,64,0.10000000000000001
1.2246467991473532e-16,-1,5,0,0,0,0,0,1,0,0,1787,0,155.5,160,139.5,157,148,20.600000000000001,2.3999999999999999,63,0.10000000000000001
-0.25881904510252079,-0.96592582628906842,5,0,0,0,0,0,1,0,0,4406,0,92.5,116,155.5,160,116,20.199999999999999,2.2000000000000002,63,0.10000000000000001
-0.49999999999999972,-0.86602540378443882,5,0,0,0,0,0,1,0,0,1126,0,148.5,153,92.5,116,153,20.899999999999999,2.7000000000000002,58,0.10000000000000001
-0.70710678118654713,-0.70710678118654791,5,0,0,0,0,0,1,0,0,1679,0,152.5,158,148.5,153,155,20.300000000000001,2.6000000000000001,61,0.10000000000000001
-0.86602540378443849,-0.50000000000000044,5,0,0,0,0,0,1,0,0,1636,0,132.25,142,152.5,158,135,20.5,1.3,63,0.10000000000000001
-0.96592582628906842,-0.25881904510252057,5,0,0,0,0,0,1,0,0,2311,0,143.75,147,132.25,142,146,17.199999999999999,2.2000000000000002,88,0.10000000000000001
-1,-1.8369701987210292e-16,5,0,0,0,0,0,1,0,0,205,0,120.5,140,143.75,147,140,17.699999999999999,0.59999999999999998,88,0.10000000000000001
-0.96592582628906842,0.2588190451025203,5,0,0,0,0,0,1,0,0,775,0,131.5,140,120.5,140,140,17.800000000000001,2,74,0.10000000000000001
-0.8660254037844386,0.50000000000000011,5,0,0,0,0,0,1,0,0,2344,0,123.75,140,131.5,140,101,17.5,1.5,74,0.10000000000000001
-0.70710678118654768,0.70710678118654735,5,0,0,0,0,0,1,0,0,0,1,103.25,111,123.75,140,111,16.300000000000001,1.6000000000000001,86,0.10000000000000001
-0.50000000000000044,0.86602540378443837,5,0,0,0,0,0,1,0,0,117,0,105.25,109,103.25,111,104,16.300000000000001,1.3,86,0.10000000000000001
-0.25881904510252152,0.96592582628906798,5,0,0,0,0,0,1,0,0,0,1,101,109,105.25,109,109,15.4,0.40000000000000002,95,0.20000000000000001
0,1,5,1,0,0,0,0,0,1,0,426,0,93,106,101,109,66,15.1,1.1000000000000001,98,0.29999999999999999
0.25881904510252068,0.96592582628906842,5,1,0,0,0,0,0,1,0,0,1,58.5,61,93,106,61,15.5,1.3,98,0
0.49999999999999989,0.86602540378443871,5,1,0,0,0,0,0,1,0,0,1,100.75,105,58.5,61,103,15.1,1.5,98,0
0.70710678118654757,0.70710678118654757,5,1,0,0,0,0,0,1,0,9,0,95.5,100,100.75,105,95,15,1.1000000000000001,98,0
0.8660254037844386,0.50000000000000011,5,1,0,0,0,0,0,1,0,510,0,98.5,104,95.5,100,103,14.5,1.5,93,0
0.96592582628906842,0.25881904510252068,5,1,0,0,0,0,0,1,0,38,0,101.25,105,98.5,104,96,13.300000000000001,0.20000000000000001,96,0
1,6.123233995736766e-17,5,1,0,0,0,0,0,1,0,0,1,84,107,101.25,105,107,14.4,2.7000000000000002,93,0
0.96592582628906842,-0.25881904510252057,5,1,0,0,0,0,0,1,0,530,0,102,112,84,107,93,15.800000000000001,2.2999999999999998,83,0
0.86602540378443871,-0.49999999999999978,5,1,0,0,0,0,0,1,0,1456,0,56.25,82,102,112,28,17.5,2.2999999999999998,74,0
0.70710678118654757,-0.70710678118654746,5,1,0,0,0,0,0,1,0,0,1,20.25,21,56.25,82,20,19.199999999999999,1.3999999999999999,66,0
0.49999999999999989,-0.86602540378443871,5,1,0,0,0,0,0,1,0,0,1,20.25,21,20.25,21,21,20.300000000000001,3.5,59,0
0.25881904510252102,-0.9659258262890682,5,1,0,0,0,0,0,1,0,0,1,22.75,25,20.25,21,24,22.100000000000001,2.2999999999999998,58,0
1.2246467991473532e-16,-1,5,1,0,0,0,0,0,1,0,0,1,21,21,22.75,25,21,23.199999999999999,1.7,50,0
-0.25881904510252079,-0.96592582628906842,5,1,0,0,0,0,0,1,0,0,1,20.25,21,21,21,20,23.100000000000001,1.8999999999999999,54,0
-0.49999999999999972,-0.86602540378443882,5,1,0,0,0,0,0,1,0,0,1,22,25,20.25,21,25,22.899999999999999,2.2999999999999998,54,0
-0.70710678118654713,-0.70710678118654791,5,1,0,0,0,0,0,1,0,0,1,20.75,22,22,25,21,22.800000000000001,1.8999999999999999,59,0
-0.86602540378443849,-0.50000000000000044,5,1,0,0,0,0,0,1,0,0,1,20,20,20.75,22,20,21.800000000000001,2.5,63,0
-0.96592582628906842,-0.25881904510252057,5,1,0,0,0,0,0,1,0,0,1,21,23,20,20,23,22.300000000000001,1.8,60,0
-1,-1.8369701987210292e-16,5,1,0,0,0,0,0,1,0,0,1,21.75,25,21,23,21,21.899999999999999,1.1000000000000001,65,0
-0.96592582628906842,0.2588190451025203,5,1,0,0,0,0,0,1,0,0,1,20,20,21.75,25,20,20.300000000000001,0.40000000000000002,72,0
-0.8660254037844386,0.50000000000000011,5,1,0,0,0,0,0,1,0,0,1,20,20,20,20,20,19.300000000000001,0.10000000000000001,81,0
-0.70710678118654768,0.70710678118654735,5,1,0,0,0,0,0,1,0,0,1,22.5,24,20,20,21,21.899999999999999,1.5,64,0
-0.50000000000000044,0.86602540378443837,5,1,0,0,0,0,0,1,0,0,1,20.5,21,22.5,24,20,20.5,1.5,73,0
-0.25881904510252152,0.96592582628906798,5,1,0,0,0,0,0,1,0,0,1,20,20,20.5,21,20,20.699999999999999,2.2000000000000002,72,0
0,1,5,1,0,0,0,0,0,0,1,0,1,22.5,25,20,20,24,19.600000000000001,2.3999999999999999,76,0
0.25881904510252068,0.96592582628906842,5,1,0,0,0,0,0,0,1,0,1,21,21,22.5,25,21,19,1.5,77,0
0.49999999999999989,0.86602540378443871,5,1,0,0,0,0,0,0,1,0,1,20.75,21,21,21,21,18.399999999999999,2.2999999999999998,79,0
0.70710678118654757,0.70710678118654757,5,1,0,0,0,0,0,0,1,0,1,22.5,25,20.75,21,25,18.600000000000001,2.2000000000000002,75,0
0.8660254037844386,0.50000000000000011,5,1,0,0,0,0,0,0,1,0,1,21.25,22,22.5,25,21,18.100000000000001,1.6000000000000001,74,0
0.96592582628906842,0.25881904510252068,5,1,0,0,0,0,0,0,1,0,1,21,21,21.25,22,21,17.199999999999999,1.5,76,0
1,6.123233995736766e-17,5,1,0,0,0,0,0,0,1,0,1,21.75,24,21,21,24,17.899999999999999,2,75,0
0.96592582628906842,-0.25881904510252057,5,1,0,0,0,0,0,0,1,0,1,22.25,25,21.75,24,21,19.399999999999999,2.3999999999999999,70,0
0.86602540378443871,-0.49999999999999978,5,1,0,0,0,0,0,0,1,0,1,20.25,21,22.25,25,20,21,1.8999999999999999,63,0
0.70710678118654757,-0.70710678118654746,5,1,0,0,0,0,0,0,1,0,1,20.25,21,20.25,21,21,23.399999999999999,1.5,58,0
0.49999999999999989,-0.86602540378443871,5,1,0,0,0,0,0,0,1,0,1,22.5,25,20.25,21,20,25,1.3999999999999999,54,0
0.25881904510252102,-0.9659258262890682,5,1,0,0,0,0,0,0,1,0,1,20,20,22.5,25,20,25.800000000000001,1.5,53,0
1.2246467991473532e-16,-1,5,1,0,0,0,0,0,0,1,0,1,20.5,21,20,20,20,27.600000000000001,1.6000000000000001,45,0
-0.25881904510252079,-0.96592582628906842,5,1,0,0,0,0,0,0,1,0,1,23,25,20.5,21,24,26.600000000000001,1.6000000000000001,50,0
-0.49999999999999972,-0.86602540378443882,5,1,0,0,0,0,0,0,1,0,1,20.75,21,23,25,21,27.300000000000001,1.3999999999999999,51,0
-0.70710678118654713,-0.70710678118654791,5,1,0,0,0,0,0,0,1,0,1,20.25,21,20.75,21,21,29,2.1000000000000001,35,0
-0.86602540378443849,-0.50000000000000044,5,1,0,0,0,0,0,0,1,0,1,21.25,23,20.25,21,23,29,3.2000000000000002,29,0
-0.96592582628906842,-0.25881904510252057,5,1,0,0,0,0,0,0,1,0,1,22,25,21.25,23,21,28,3.2999999999999998,31,0
-1,-1.8369701987210292e-16,5,1,0,0,0,0,0,0,1,0,1,20,20,22,25,20,27,3.1000000000000001,37,0
-0.96592582628906842,0.2588190451025203,5,1,0,0,0,0,0,0,1,0,1,21,23,20,20,23,26.100000000000001,2.5,45,0
-0.8660254037844386,0.50000000000000011,5,1,0,0,0,0,0,0,1,0,1,21.5,25,21,23,20,24.699999999999999,1.1000000000000001,54,0
-0.70710678118654768,0.70710678118654735,5,1,0,0,0,0,0,0,1,0,1,20,20,21.5,25,20,23.199999999999999,0.59999999999999998,64,0
-0.50000000000000044,0.86602540378443837,5,1,0,0,0,0,0,0,1,0,1,20.75,21,20,20,21,23,1.2,62,0
-0.25881904510252152,0.96592582628906798,5,1,0,0,0,0,0,0,1,0,1,22.75,25,20.75,21,21,23.300000000000001,2.1000000000000001,57,0
0,1,5,0,1,0,0,0,0,0,0,0,1,20.5,21,22.75,25,21,22.5,2.1000000000000001,57,0
0.25881904510252068,0.96592582628906842,5,0,1,0,0,0,0,0,0,0,1,20.25,21,20.5,21,20,22.300000000000001,1,52,0
0.49999999999999989,0.86602540378443871,5,0,1,0,0,0,0,0,0,0,1,22.5,25,20.25,21,20,21.600000000000001,1.2,55,0
0.70710678118654757,0.70710678118654757,5,0,1,0,0,0,0,0,0,0,1,20.25,21,22.5,25,21,20.399999999999999,0.59999999999999998,67,0
0.8660254037844386,0.50000000000000011,5,0,1,0,0,0,0,0,0,0,1,20.25,21,20.25,21,20,19.600000000000001,0.40000000000000002,79,0
0.96592582628906842,0.25881904510252068,5,0,1,0,0,0,0,0,0,0,1,22.75,25,20.25,21,22,19.899999999999999,0.80000000000000004,74,0
1,6.123233995736766e-17,5,0,1,0,0,0,0,0,0,0,1,20,20,22.75,25,20,20.699999999999999,1.3,62,0
0.96592582628906842,-0.25881904510252057,5,0,1,0,0,0,0,0,0,0,1,20,20,20,20,20,19.300000000000001,0.29999999999999999,77,0
0.86602540378443871,-0.49999999999999978,5,0,1,0,0,0,0,0,0,0,1,54,101,20,20,101,18.300000000000001,1.2,86,0.29999999999999999
0.70710678118654757,-0.70710678118654746,5,0,1,0,0,0,0,0,0,321,0,160.25,172,54,101,171,18.100000000000001,1.3,87,0.69999999999999996
0.49999999999999989,-0.86602540378443871,5,0,1,0,0,0,0,0,0,751,0,162.75,167,160.25,172,162,18,1.1000000000000001,91,0.90000000000000002
0.25881904510252102,-0.9659258262890682,5,0,1,0,0,0,0,0,0,290,0,154.5,165,162.75,167,159,18.5,0.29999999999999999,86,0.90000000000000002
1.2246467991473532e-16,-1,5,0,1,0,0,0,0,0,0,2479,0,164.25,168,154.5,165,168,19.300000000000001,1.3999999999999999,83,0.90000000000000002
-0.25881904510252079,-0.96592582628906842,5,0,1,0,0,0,0,0,0,98,0,103.75,123,164.25,168,123,21.100000000000001,1.1000000000000001,67,0.90000000000000002
-0.49999999999999972,-0.86602540378443882,5,0,1,0,0,0,0,0,0,1982,0,154.5,160,103.75,123,152,23.399999999999999,1.7,60,0.90000000000000002
-0.70710678118654713,-0.70710678118654791,5,0,1,0,0,0,0,0,0,1083,0,159,164,154.5,160,164,22.399999999999999,2.7999999999999998,59,0.90000000000000002
-0.86602540378443849,-0.50000000000000044,5,0,1,0,0,0,0,0,0,1428,0,154,165,159,164,157,21.600000000000001,2.7000000000000002,65,0.90000000000000002
-0.96592582628906842,-0.25881904510252057,5,0,1,0,0,0,0,0,0,970,0,146.75,152,154,165,150,20.800000000000001,1.8,72,0.90000000000000002
-1,-1.8369701987210292e-16,5,0,1,0,0,0,0,0,0,1942,0,128.75,163,146.75,152,163,19.300000000000001,1.3,75,0.90000000000000002
-0.96592582628906842,0.2588190451025203,5,0,1,0,0,0,0,0,0,1279,0,146.75,152,128.75,163,140,19,0.80000000000000004,82,0.90000000000000002
-0.8660254037844386,0.50000000000000011,5,0,1,0,0,0,0,0,0,3527,0,130.25,146,146.75,152,110,17.899999999999999,0.90000000000000002,88,0.90000000000000002
-0.70710678118654768,0.70710678118654735,5,0,1,0,0,0,0,0,0,1,0,106,110,130.25,146,104,18.100000000000001,1.5,85,0.90000000000000002
-0.50000000000000044,0.86602540378443837,5,0,1,0,0,0,0,0,0,384,0,106.25,109,106,110,103,18.899999999999999,2.5,78,0.90000000000000002
-0.25881904510252152,0.96592582628906798,5,0,1,0,0,0,0,0,0,50,0,104.5,115,106.25,109,115,18.899999999999999,2.6000000000000001,62,0.90000000000000002
0,1,5,0,0,1,0,0,0,0,0,0,1,98,112,104.5,115,77,18.300000000000001,2.7000000000000002,48,0.90000000000000002
0.25881904510252068,0.96592582628906842,5,0,0,1,0,0,0,0,0,636,0,58.25,62,98,112,57,18.699999999999999,2.2999999999999998,39,0
0.49999999999999989,0.86602540378443871,5,0,0,1,0,0,0,0,0,258,0,99,106,58.25,62,104,18.300000000000001,2.2999999999999998,34,0
0.70710678118654757,0.70710678118654757,5,0,0,1,0,0,0,0,0,206,0,101,107,99,106,95,18,2,36,0
0.8660254037844386,0.50000000000000011,5,0,0,1,0,0,0,0,0,112,0,97.75,104,101,107,103,17.5,2.2000000000000002,39,0
0.96592582628906842,0.25881904510252068,5,0,0,1,0,0,0,0,0,133,0,103.75,111,97.75,104,107,13.9,0.29999999999999999,58,0
1,6.123233995736766e-17,5,0,0,1,0,0,0,0,0,0,1,89,110,103.75,111,110,14.800000000000001,0.80000000000000004,58,0
0.96592582628906842,-0.25881904510252057,5,0,0,1,0,0,0,0,0,281,0,106.25,112,89,110,103,15,0.90000000000000002,64,0
0.86602540378443871,-0.49999999999999978,5,0,0,1,0,0,0,0,0,1788,0,122.25,140,106.25,112,140,16.100000000000001,1.2,66,0
0.70710678118654757,-0.70710678118654746,5,0,0,1,0,0,0,0,0,531,0,163.25,174,122.25,140,153,17.300000000000001,0.59999999999999998,60,0
0.49999999999999989,-0.86602540378443871,5,0,0,1,0,0,0,0,0,696,0,152.5,163,163.25,174,152,19.699999999999999,1.3,55,0
0.25881904510252102,-0.9659258262890682,5,0,0,1,0,0,0,0,0,272,0,160.5,173,152.5,163,172,20.800000000000001,4.4000000000000004,39,0.29999999999999999
1.2246467991473532e-16,-1,5,0,0,1,0,0,0,0,0,1617,0,156,165,160.5,173,143,22.899999999999999,4.2999999999999998,44,0.29999999999999999
-0.25881904510252079,-0.96592582628906842,5,0,0,1,0,0,0,0,0,34,0,91.5,110,156,165,110,23.399999999999999,4.2999999999999998,39,0
-0.49999999999999972,-0.86602540378443882,5,0,0,1,0,0,0,0,0,1870,0,150.75,158,91.5,110,158,23.899999999999999,3.8999999999999999,33,0
-0.70710678118654713,-0.70710678118654791,5,0,0,1,0,0,0,0,0,986,0,161,167,150.75,158,158,23.199999999999999,4.2999999999999998,34,0
-0.86602540378443849,-0.50000000000000044,5,0,0,1,0,0,0,0,0,1093,0,147.75,161,161,167,156,23.800000000000001,4.2000000000000002,30,0
-0.96592582628906842,-0.25881904510252057,5,0,0,1,0,0,0,0,0,3956,0,151,155,147.75,161,142,23.300000000000001,3.3999999999999999,26,0
-1,-1.8369701987210292e-16,5,0,0,1,0,0,0,0,0,608,0,111.5,134,151,155,134,22.699999999999999,3.1000000000000001,25,0
-0.96592582628906842,0.2588190451025203,5,0,0,1,0,0,0,0,0,1607,0,140.5,148,111.5,134,148,20.600000000000001,1.3999999999999999,29,0
-0.8660254037844386,0.50000000000000011,5,0,0,1,0,0,0,0,0,4666,0,130.25,139,140.5,148,113,19.100000000000001,2.2000000000000002,30,0
-0.70710678118654768,0.70710678118654735,5,0,0,1,0,0,0,0,0,21,0,119.25,136,130.25,139,136,17.300000000000001,2.1000000000000001,36,0
-0.50000000000000044,0.86602540378443837,5,0,0,1,0,0,0,0,0,227,0,119,124,119.25,136,113,16,1.3,38,0
-0.25881904510252152,0.96592582628906798,5,0,0,1,0,0,0,0,0,271,0,106,118,119,124,108,14.6,1.3,42,0
0,1,5,0,0,0,1,0,0,0,0,152,0,100.25,117,106,118,77,15.4,2.3999999999999999,41,0
0.25881904510252068,0.96592582628906842,5,0,0,0,1,0,0,0,0,140,0,58.25,62,100.25,117,57,14.800000000000001,1.8999999999999999,41,0
0.49999999999999989,0.86602540378443871,5,0,0,0,1,0,0,0,0,159,0,98,104,58.25,62,103,13.1,1.2,51,0
0.70710678118654757,0.70710678118654757,5,0,0,0,1,0,0,0,0,268,0,101.25,105,98,104,103,12.300000000000001,0.59999999999999998,61,0
0.8660254037844386,0.50000000000000011,5,0,0,0,1,0,0,0,0,228,0,102.5,106,101.25,105,106,13.199999999999999,0.90000000000000002,50,0
0.96592582628906842,0.25881904510252068,5,0,0,0,1,0,0,0,0,78,0,99.5,104,102.5,106,103,13.5,1.3,47,0
1,6.123233995736766e-17,5,0,0,0,1,0,0,0,0,123,0,93.75,119,99.5,104,119,13.199999999999999,0.20000000000000001,53,0
0.96592582628906842,-0.25881904510252057,5,0,0,0,1,0,0,0,0,554,0,100.25,103,93.75,119,100,13.9,0.90000000000000002,54,0
0.86602540378443871,-0.49999999999999978,5,0,0,0,1,0,0,0,0,1505,0,120.5,140,100.25,103,131,14.800000000000001,3.1000000000000001,51,0
0.70710678118654757,-0.70710678118654746,5,0,0,0,1,0,0,0,0,1027,0,155,165,120.5,140,165,17.300000000000001,1.1000000000000001,53,0
0.49999999999999989,-0.86602540378443871,5,0,0,0,1,0,0,0,0,824,0,153.5,160,155,165,147,19.199999999999999,1.6000000000000001,37,0
0.25881904510252102,-0.9659258262890682,5,0,0,0,1,0,0,0,0,2179,0,146.5,164,153.5,160,164,21.199999999999999,1.3,34,0
1.2246467991473532e-16,-1,5,0,0,0,1,0,0,0,0,608,0,156.5,166,146.5,164,160,22.100000000000001,2.1000000000000001,33,0
-0.25881904510252079,-0.96592582628906842,5,0,0,0,1,0,0,0,0,12,0,90.75,118,156.5,166,118,22.600000000000001,2.2000000000000002,39,0
-0.49999999999999972,-0.86602540378443882,5,0,0,0,1,0,0,0,0,2094,0,156.5,166,90.75,118,140,23.199999999999999,1.8,43,0
-0.70710678118654713,-0.70710678118654791,5,0,0,0,1,0,0,0,0,2331,0,157,163,156.5,166,151,23.100000000000001,2.6000000000000001,39,0
-0.86602540378443849,-0.50000000000000044,5,0,0,0,1,0,0,0,0,1622,0,144.5,160,157,163,160,22.399999999999999,3.5,30,0
-0.96592582628906842,-0.25881904510252057,5,0,0,0,1,0,0,0,0,1630,0,136.75,144,144.5,160,134,22,3.2999999999999998,27,0
-1,-1.8369701987210292e-16,5,0,0,0,1,0,0,0,0,135,0,116.75,148,136.75,144,148,21.600000000000001,2.8999999999999999,28,0
-0.96592582628906842,0.2588190451025203,5,0,0,0,1,0,0,0,0,1712,0,133,143,116.75,148,127,20.800000000000001,4.4000000000000004,29,0
-0.8660254037844386,0.50000000000000011,5,0,0,0,1,0,0,0,0,2100,0,130.75,137,133,143,126,20,4,29,0
-0.70710678118654768,0.70710678118654735,5,0,0,0,1,0,0,0,0,8,0,115,119,130.75,137,113,19.600000000000001,2.8999999999999999,42,0
-0.50000000000000044,0.86602540378443837,5,0,0,0,1,0,0,0,0,226,0,104,107,115,119,106,19.300000000000001,3.3999999999999999,52,0
-0.25881904510252152,0.96592582628906798,5,0,0,0,1,0,0,0,0,381,0,96.75,102,104,107,97,18.5,3.5,66,0
0,1,5,0,0,0,0,1,0,0,0,0,1,97.75,107,96.75,102,85,16.800000000000001,3.7999999999999998,71,0
0.25881904510252068,0.96592582628906842,5,0,0,0,0,1,0,0,0,209,0,61.5,68,97.75,107,58,16.600000000000001,3.5,72,0
0.49999999999999989,0.86602540378443871,5,0,0,0,0,1,0,0,0,119,0,95.25,102,61.5,68,101,15.9,3.2999999999999998,80,0
0.70710678118654757,0.70710678118654757,5,0,0,0,0,1,0,0,0,142,0,100.5,107,95.25,102,107,15.699999999999999,2.7999999999999998,82,0
0.8660254037844386,0.50000000000000011,5,0,0,0,0,1,0,0,0,213,0,94,102,100.5,107,94,15.300000000000001,2.5,85,0
0.96592582628906842,0.25881904510252068,5,0,0,0,0,1,0,0,0,176,0,99,105,94,102,105,15,1.2,90,0
1,6.123233995736766e-17,5,0,0,0,0,1,0,0,0,116,0,85.75,101,99,105,101,15,0.90000000000000002,91,0
0.96592582628906842,-0.25881904510252057,5,0,0,0,0,1,0,0,0,357,0,95.5,105,85.75,101,84,15.199999999999999,0.29999999999999999,90,0
0.86602540378443871,-0.49999999999999978,5,0,0,0,0,1,0,0,0,2019,0,126,149,95.5,105,149,15.9,0.59999999999999998,87,0
0.70710678118654757,-0.70710678118654746,5,0,0,0,0,1,0,0,0,427,0,152,176,126,149,166,16.399999999999999,1.5,85,0
0.49999999999999989,-0.86602540378443871,5,0,0,0,0,1,0,0,0,2079,0,163.5,167,152,176,165,17.600000000000001,1.5,83,0
0.25881904510252102,-0.9659258262890682,5,0,0,0,0,1,0,0,0,4955,0,148,165,163.5,167,165,18.699999999999999,3.2999999999999998,74,0
1.2246467991473532e-16,-1,5,0,0,0,0,1,0,0,0,1339,0,164.5,168,148,165,168,21.100000000000001,3.3999999999999999,68,0
-0.25881904510252079,-0.96592582628906842,5,0,0,0,0,1,0,0,0,156,0,89.75,111,164.5,168,111,20.800000000000001,4,67,0
-0.49999999999999972,-0.86602540378443882,5,0,0,0,0,1,0,0,0,811,0,163.5,165,89.75,111,161,22.100000000000001,4.5,59,0
-0.70710678118654713,-0.70710678118654791,5,0,0,0,0,1,0,0,0,2083,0,152,163,163.5,165,158,23.399999999999999,3.7999999999999998,55,0
-0.86602540378443849,-0.50000000000000044,5,0,0,0,0,1,0,0,0,906,0,143.75,152,152,163,144,23.800000000000001,4.0999999999999996,52,0
-0.96592582628906842,-0.25881904510252057,5,0,0,0,0,1,0,0,0,1851,0,143.75,149,143.75,152,144,23.699999999999999,4.0999999999999996,51,0
-1,-1.8369701987210292e-16,5,0,0,0,0,1,0,0,0,113,0,113.75,142,143.75,149,142,24,2.5,49,0
-0.96592582628906842,0.2588190451025203,5,0,0,0,0,1,0,0,0,1428,0,124,140,113.75,142,103,22.699999999999999,2,50,0
-0.8660254037844386,0.50000000000000011,5,0,0,0,0,1,0,0,0,374,0,99,109,124,140,109,20.800000000000001,1.8,57,0
-0.70710678118654768,0.70710678118654735,5,0,0,0,0,1,0,0,0,0,1,118.25,127,99,109,127,20,1.1000000000000001,57,0
-0.50000000000000044,0.86602540378443837,5,0,0,0,0,1,0,0,0,30,0,113,117,118.25,127,115,18.800000000000001,1.7,63,0
-0.25881904510252152,0.96592582628906798,5,0,0,0,0,1,0,0,0,81,0,101.5,109,113,117,97,18.199999999999999,1.6000000000000001,59,0
0,1,5,0,0,0,0,0,1,0,0,633,0,97.25,107,101.5,109,76,17.100000000000001,1.5,63,0
0.25881904510252068,0.96592582628906842,5,0,0,0,0,0,1,0,0,160,0,60.5,63,97.25,107,59,15.300000000000001,0.59999999999999998,69,0
0.49999999999999989,0.86602540378443871,5,0,0,0,0,0,1,0,0,108,0,99.75,109,60.5,63,109,14.1,1,73,0
0.70710678118654757,0.70710678118654757,5,0,0,0,0,0,1,0,0,220,0,101.75,103,99.75,109,100,13.5,1,77,0
0.8660254037844386,0.50000000000000011,5,0,0,0,0,0,1,0,0,93,0,98.5,113,101.75,103,113,13.199999999999999,0.80000000000000004,77,0
0.96592582628906842,0.25881904510252068,5,0,0,0,0,0,1,0,0,128,0,104.5,109,98.5,113,105,13.199999999999999,1.6000000000000001,78,0
1,6.123233995736766e-17,5,0,0,0,0,0,1,0,0,27,0,91.5,114,104.5,109,114,14.199999999999999,1.5,77,0
0.96592582628906842,-0.25881904510252057,5,0,0,0,0,0,1,0,0,51,0,108.75,114,91.5,114,107,16.199999999999999,0.80000000000000004,73,0
0.86602540378443871,-0.49999999999999978,5,0,0,0,0,0,1,0,0,2813,0,115,134,108.75,114,128,17.899999999999999,1.3999999999999999,58,0
0.70710678118654757,-0.70710678118654746,5,0,0,0,0,0,1,0,0,100,0,164,175,115,134,164,20.800000000000001,2,50,0
0.49999999999999989,-0.86602540378443871,5,0,0,0,0,0,1,0,0,1462,0,159.5,168,164,175,168,23.600000000000001,4.5999999999999996,35,0
0.25881904510252102,-0.9659258262890682,5,0,0,0,0,0,1,0,0,661,0,150.75,166,159.5,168,159,23.899999999999999,6.4000000000000004,41,0
1.2246467991473532e-16,-1,5,0,0,0,0,0,1,0,0,1637,0,167.25,172,150.75,166,168,24,6.0999999999999996,50,0
-0.25881904510252079,-0.96592582628906842,5,0,0,0,0,0,1,0,0,498,0,97.75,118,167.25,172,118,25.5,4.2000000000000002,50,0
-0.49999999999999972,-0.86602540378443882,5,0,0,0,0,0,1,0,0,912,0,162.25,168,97.75,118,157,25.100000000000001,5.5,47,0
-0.70710678118654713,-0.70710678118654791,5,0,0,0,0,0,1,0,0,170,0,150.75,152,162.25,168,152,23.199999999999999,5.4000000000000004,58,0
-0.86602540378443849,-0.50000000000000044,5,0,0,0,0,0,1,0,0,1078,0,140,152,150.75,152,141,14.4,3.7000000000000002,84,3.6000000000000001
-0.96592582628906842,-0.25881904510252057,5,0,0,0,0,0,1,0,0,5505,0,136.5,145,140,152,145,13.6,1,98,28.899999999999999
-1,-1.8369701987210292e-16,5,0,0,0,0,0,1,0,0,300,0,125,158,136.5,145,158,15.199999999999999,1.6000000000000001,98,31.199999999999999
-0.96592582628906842,0.2588190451025203,5,0,0,0,0,0,1,0,0,1060,0,148,157,125,158,134,15.1,0.90000000000000002,98,31.199999999999999
-0.8660254037844386,0.50000000000000011,5,0,0,0,0,0,1,0,0,1090,0,116.75,123,148,157,108,14.699999999999999,1,98,31.199999999999999
-0.70710678118654768,0.70710678118654735,5,0,0,0,0,0,1,0,0,80,0,105,112,116.75,123,112,14.699999999999999,1.3999999999999999,98,31.199999999999999
-0.50000000000000044,0.86602540378443837,5,0,0,0,0,0,1,0,0,61,0,111.25,116,105,112,108,14.4,0.40000000000000002,98,31.199999999999999
-0.25881904510252152,0.96592582628906798,5,0,0,0,0,0,1,0,0,617,0,102.75,111,111.25,116,104,13.9,0.10000000000000001,98,31.199999999999999
0,1,5,1,0,0,0,0,0,1,0,42,0,94.5,100,102.75,111,83,14.199999999999999,0.10000000000000001,98,31.199999999999999
0.25881904510252068,0.96592582628906842,5,1,0,0,0,0,0,1,0,32,0,61.25,67,94.5,100,57,13.199999999999999,0.69999999999999996,98,0
0.49999999999999989,0.86602540378443871,5,1,0,0,0,0,0,1,0,578,0,98.75,107,61.25,67,107,13.4,1.5,98,0
0.70710678118654757,0.70710678118654757,5,1,0,0,0,0,0,1,0,111,0,95,103,98.75,107,95,13.1,0.10000000000000001,98,0
0.8660254037844386,0.50000000000000011,5,1,0,0,0,0,0,1,0,216,0,95.5,105,95,103,96,13.4,1,98,0
0.96592582628906842,0.25881904510252068,5,1,0,0,0,0,0,1,0,230,0,101.5,106,95.5,105,100,12.1,0,98,0
1,6.123233995736766e-17,5,1,0,0,0,0,0,1,0,6,0,88,101,101.5,106,101,13,0.69999999999999996,98,0
0.96592582628906842,-0.25881904510252057,5,1,0,0,0,0,0,1,0,368,0,99.5,105,88,101,90,15.1,0.69999999999999996,95,0
0.86602540378443871,-0.49999999999999978,5,1,0,0,0,0,0,1,0,1530,0,64.5,84,99.5,105,31,17.5,1.3999999999999999,66,0
0.70710678118654757,-0.70710678118654746,5,1,0,0,0,0,0,1,0,0,1,23.25,26,64.5,84,21,18.399999999999999,1.8,62,0
0.49999999999999989,-0.86602540378443871,5,1,0,0,0,0,0,1,0,0,1,21,21,23.25,26,21,20.399999999999999,2.7000000000000002,50,0
0.25881904510252102,-0.9659258262890682,5,1,0,0,0,0,0,1,0,0,1,21,21,21,21,21,21.5,3.7999999999999998,46,0
1.2246467991473532e-16,-1,5,1,0,0,0,0,0,1,0,0,1,23.25,26,21,21,21,23.100000000000001,3.1000000000000001,42,0
-0.25881904510252079,-0.96592582628906842,5,1,0,0,0,0,0,1,0,0,1,21,21,23.25,26,21,23.899999999999999,2,38,0
-0.49999999999999972,-0.86602540378443882,5,1,0,0,0,0,0,1,0,0,1,20.5,21,21,21,21,25.100000000000001,2.6000000000000001,34,0
-0.70710678118654713,-0.70710678118654791,5,1,0,0,0,0,0,1,0,0,1,22.5,26,20.5,21,26,25.5,3.6000000000000001,32,0
-0.86602540378443849,-0.50000000000000044,5,1,0,0,0,0,0,1,0,0,1,21.5,23,22.5,26,21,24.899999999999999,2.7999999999999998,32,0
-0.96592582628906842,-0.25881904510252057,5,1,0,0,0,0,0,1,0,0,1,20.5,21,21.5,23,20,24,1.2,46,0
-1,-1.8369701987210292e-16,5,1,0,0,0,0,0,1,0,0,1,21.75,24,20.5,21,24,22.600000000000001,0.69999999999999996,48,0
-0.96592582628906842,0.2588190451025203,5,1,0,0,0,0,0,1,0,0,1,22.75,26,21.75,24,21,21.800000000000001,1.2,56,0
-0.8660254037844386,0.50000000000000011,5,1,0,0,0,0,0,1,0,0,1,21,21,22.75,26,21,21.600000000000001,2.2000000000000002,55,0
-0.70710678118654768,0.70710678118654735,5,1,0,0,0,0,0,1,0,0,1,21,21,21,21,21,20.800000000000001,1.8,56,0
-0.50000000000000044,0.86602540378443837,5,1,0,0,0,0,0,1,0,0,1,23.25,26,21,21,21,19.699999999999999,1.8,61,0
-0.25881904510252152,0.96592582628906798,5,1,0,0,0,0,0,1,0,0,1,21.25,22,23.25,26,21,19,2,64,0
0,1,5,1,0,0,0,0,0,0,1,0,1,21,21,21.25,22,21,17.600000000000001,1.8999999999999999,72,0
0.25881904510252068,0.96592582628906842,5,1,0,0,0,0,0,0,1,0,1,24,26,21,21,26,16.899999999999999,1.8,74,0
0.49999999999999989,0.86602540378443871,5,1,0,0,0,0,0,0,1,0,1,21.25,22,24,26,22,16,1.3999999999999999,77,0
0.70710678118654757,0.70710678118654757,5,1,0,0,0,0,0,0,1,0,1,21.25,22,21.25,22,22,16.399999999999999,1.3,73,0
0.8660254037844386,0.50000000000000011,5,1,0,0,0,0,0,0,1,0,1,22.5,24,21.25,22,24,15.800000000000001,1.6000000000000001,75,0
0.96592582628906842,0.25881904510252068,5,1,0,0,0,0,0,0,1,0,1,23.25,26,22.5,24,21,15.199999999999999,1.6000000000000001,77,0
1,6.123233995736766e-17,5,1,0,0,0,0,0,0,1,0,1,21.25,22,23.25,26,22,15.699999999999999,1.5,79,0
0.96592582628906842,-0.25881904510252057,5,1,0,0,0,0,0,0,1,0,1,21.25,22,21.25,22,21,17.300000000000001,0.40000000000000002,75,0
0.86602540378443871,-0.49999999999999978,5,1,0,0,0,0,0,0,1,0,1,23.75,26,21.25,22,22,19.199999999999999,1.3999999999999999,63,0
0.70710678118654757,-0.70710678118654746,5,1,0,0,0,0,0,0,1,0,1,21,21,23.75,26,21,21.600000000000001,1.2,53,0
0.49999999999999989,-0.86602540378443871,5,1,0,0,0,0,0,0,1,0,1,21,21,21,21,21,23.5,1.1000000000000001,47,0
0.25881904510252102,-0.9659258262890682,5,1,0,0,0,0,0,0,1,0,1,22.5,26,21,21,26,22.800000000000001,2.2999999999999998,52,0
1.2246467991473532e-16,-1,5,1,0,0,0,0,0,0,1,0,1,22,25,22.5,26,21,23.300000000000001,2.2000000000000002,47,0
-0.25881904510252079,-0.96592582628906842,5,1,0,0,0,0,0,0,1,0,1,21,21,22,25,21,23.800000000000001,2,47,0
-0.49999999999999972,-0.86602540378443882,5,1,0,0,0,0,0,0,1,0,1,21,21,21,21,21,22.5,3.5,45,0
-0.70710678118654713,-0.70710678118654791,5,1,0,0,0,0,0,0,1,0,1,22.75,25,21,21,21,22,3.3999999999999999,46,0
-0.86602540378443849,-0.50000000000000044,5,1,0,0,0,0,0,0,1,0,1,21,21,22.75,25,21,22.800000000000001,1.8,51,0
-0.96592582628906842,-0.25881904510252057,5,1,0,0,0,0,0,0,1,0,1,21,21,21,21,21,21.199999999999999,1.8,54,0
-1,-1.8369701987210292e-16,5,1,0,0,0,0,0,0,1,0,1,23.25,26,21,21,21,20.699999999999999,1.3999999999999999,60,0
-0.96592582628906842,0.2588190451025203,5,1,0,0,0,0,0,0,1,0,1,21,21,23.25,26,21,19.300000000000001,2.1000000000000001,67,0
-0.8660254037844386,0.50000000000000011,5,1,0,0,0,0,0,0,1,0,1,21,21,21,21,21,17.899999999999999,0.20000000000000001,80,0
-0.70710678118654768,0.70710678118654735,5,1,0,0,0,0,0,0,1,0,1,23.25,26,21,21,21,17.600000000000001,0.59999999999999998,84,0
-0.50000000000000044,0.86602540378443837,5,1,0,0,0,0,0,0,1,0,1,21.25,22,23.25,26,22,17.300000000000001,0.80000000000000004,85,0
-0.25881904510252152,0.96592582628906798,5,1,0,0,0,0,0,0,1,0,1,21,21,21.25,22,21,17,0.69999999999999996,88,0
0,1,5,0,1,0,0,0,0,0,0,0,1,24,26,21,21,25,16,0.29999999999999999,93,0
0.25881904510252068,0.96592582628906842,5,0,1,0,0,0,0,0,0,0,1,21,21,24,26,21,15.5,0.59999999999999998,95,0
0.49999999999999989,0.86602540378443871,5,0,1,0,0,0,0,0,0,0,1,21,21,21,21,21,15.300000000000001,0,98,0
0.70710678118654757,0.70710678118654757,5,0,1,0,0,0,0,0,0,0,1,21.25,22,21,21,22,15.199999999999999,0.29999999999999999,98,0
0.8660254037844386,0.50000000000000011,5,0,1,0,0,0,0,0,0,0,1,23.25,26,21.25,22,22,15.5,1.6000000000000001,98,0
0.96592582628906842,0.25881904510252068,5,0,1,0,0,0,0,0,0,0,1,21,21,23.25,26,21,15.800000000000001,1.1000000000000001,98,0
1,6.123233995736766e-17,5,0,1,0,0,0,0,0,0,0,1,20.75,21,21,21,21,16.100000000000001,1.3,98,0.20000000000000001
0.96592582628906842,-0.25881904510252057,5,0,1,0,0,0,0,0,0,0,1,23.5,26,20.75,21,21,15.800000000000001,0.90000000000000002,98,0.59999999999999998
0.86602540378443871,-0.49999999999999978,5,0,1,0,0,0,0,0,0,0,1,49,83,23.5,26,83,15.6,2.2999999999999998,98,0.59999999999999998
0.70710678118654757,-0.70710678118654746,5,0,1,0,0,0,0,0,0,697,0,159.5,171,49,83,171,17.399999999999999,1.7,95,0.59999999999999998
0.49999999999999989,-0.86602540378443871,5,0,1,0,0,0,0,0,0,901,0,169.25,171,159.5,171,168,21.5,0.59999999999999998,61,0.59999999999999998
0.25881904510252102,-0.9659258262890682,5,0,1,0,0,0,0,0,0,1373,0,159.75,172,169.25,171,164,22.100000000000001,1.8,62,0.59999999999999998
1.2246467991473532e-16,-1,5,0,1,0,0,0,0,0,0,1278,0,167.25,170,159.75,172,170,24.399999999999999,2.1000000000000001,47,0.59999999999999998
-0.25881904510252079,-0.96592582628906842,5,0,1,0,0,0,0,0,0,246,0,103.75,119,167.25,170,119,23.800000000000001,2,48,0.59999999999999998
-0.49999999999999972,-0.86602540378443882,5,0,1,0,0,0,0,0,0,647,0,159.25,164,103.75,119,159,24.699999999999999,2,48,0.59999999999999998
-0.70710678118654713,-0.70710678118654791,5,0,1,0,0,0,0,0,0,806,0,155.5,161,159.25,164,157,23.300000000000001,2.8999999999999999,52,0.59999999999999998
-0.86602540378443849,-0.50000000000000044,5,0,1,0,0,0,0,0,0,2767,0,142.25,154,155.5,161,154,23.199999999999999,2.7000000000000002,59,0.59999999999999998
-0.96592582628906842,-0.25881904510252057,5,0,1,0,0,0,0,0,0,2857,0,146.5,150,142.25,154,150,21.5,3.2000000000000002,51,0.59999999999999998
-1,-1.8369701987210292e-16,5,0,1,0,0,0,0,0,0,705,0,125.25,162,146.5,150,162,20.800000000000001,1.8,55,0.59999999999999998
-0.96592582628906842,0.2588190451025203,5,0,1,0,0,0,0,0,0,1370,0,156.5,168,125.25,162,154,19.899999999999999,2.7999999999999998,73,0.59999999999999998
-0.8660254037844386,0.50000000000000011,5,0,1,0,0,0,0,0,0,3082,0,145.5,158,156.5,168,124,18.699999999999999,1.6000000000000001,86,0.59999999999999998
-0.70710678118654768,0.70710678118654735,5,0,1,0,0,0,0,0,0,186,0,113,118,145.5,158,107,18,1,76,0.59999999999999998
