fold,variant,condition,group,repeat,hours,changed_fraction,mae_increment
4,B0,all,calendar,0,720,1,0.077960776123461931
4,B0,daily_peak,calendar,0,45,1,-0.89088645637062269
4,B0,up_start,calendar,0,6,1,-3.0118224453792664
4,B0,all,calendar,1,720,1,-0.012989787564396159
4,B0,daily_peak,calendar,1,45,1,-0.64059774283541193
4,B0,up_start,calendar,1,6,1,-3.4505114292287167
4,B0,all,calendar,2,720,1,-0.088750556584957591
4,B0,daily_peak,calendar,2,45,1,0.17925051038279732
4,B0,up_start,calendar,2,6,1,0.82190794370257925
4,B0,all,calendar,3,720,1,0.17177659063713702
4,B0,daily_peak,calendar,3,45,1,1.1168862399347104
4,B0,up_start,calendar,3,6,1,1.3703887562157604
4,B0,all,calendar,4,720,0.96666666666666667,-0.086679294589148512
4,B0,daily_peak,calendar,4,45,0.96666666666666667,0.5120383638253142
4,B0,up_start,calendar,4,6,0.96666666666666667,3.0371409244391998
4,B0,all,calendar,5,720,0.96666666666666667,0.15525306170886133
4,B0,daily_peak,calendar,5,45,0.96666666666666667,0.93407152502662893
4,B0,up_start,calendar,5,6,0.96666666666666667,1.2488859417383271
4,B0,all,calendar,6,720,1,-0.14348967409498434
4,B0,daily_peak,calendar,6,45,1,-0.060218407603500869
4,B0,up_start,calendar,6,6,1,-2.2426793722837601
4,B0,all,calendar,7,720,1,-0.033556576600971014
4,B0,daily_peak,calendar,7,45,1,-0.61805531667015712
4,B0,up_start,calendar,7,6,1,-1.2729953699013568
4,B0,all,calendar,8,720,1,0.21941207208041774
4,B0,daily_peak,calendar,8,45,1,0.32564434955573035
4,B0,up_start,calendar,8,6,1,-0.78194011217872605
4,B0,all,calendar,9,720,1,0.13504544701839646
4,B0,daily_peak,calendar,9,45,1,1.1535025360585083
4,B0,up_start,calendar,9,6,1,3.2310484889402553
4,B0,all,power,0,720,1,42.963098247876964
4,B0,daily_peak,power,0,45,1,39.8459744681223
4,B0,up_start,power,0,6,1,38.893000120220002
4,B0,all,power,1,720,1,47.270614396604572
4,B0,daily_peak,power,1,45,1,46.244023072761813
4,B0,up_start,power,1,6,1,8.7099628651612537
4,B0,all,power,2,720,1,39.377485961723437
4,B0,daily_peak,power,2,45,1,41.768151142578468
4,B0,up_start,power,2,6,1,30.657346134446964
4,B0,all,power,3,720,1,43.527363290914927
4,B0,daily_peak,power,3,45,1,44.528371610096926
4,B0,up_start,power,3,6,1,13.528362743119304
4,B0,all,power,4,720,0.96666666666666667,49.599500945627184
4,B0,daily_peak,power,4,45,0.96666666666666667,48.165500786463966
4,B0,up_start,power,4,6,0.96666666666666667,-20.889824372059905
4,B0,all,power,5,720,0.96666666666666667,47.125505754177112
4,B0,daily_peak,power,5,45,0.96666666666666667,48.531856335505317
4,B0,up_start,power,5,6,0.96666666666666667,20.858367601018898
4,B0,all,power,6,720,1,54.483174433279117
4,B0,daily_peak,power,6,45,1,52.508088226150107
4,B0,up_start,power,6,6,1,5.4152590171686654
4,B0,all,power,7,720,1,39.27277669705871
4,B0,daily_peak,power,7,45,1,39.989983983485061
4,B0,up_start,power,7,6,1,2.1366282744146807
4,B0,all,power,8,720,1,38.855763919990835
4,B0,daily_peak,power,8,45,1,32.721660859597115
4,B0,up_start,power,8,6,1,25.935435632452187
4,B0,all,power,9,720,1,43.067302743519953
4,B0,daily_peak,power,9,45,1,35.620520461598957
4,B0,up_start,power,9,6,1,8.9481712935609661
4,B0,all,production,0,720,1,-0.013585628066359684
4,B0,daily_peak,production,0,45,1,0.53263218286743086
4,B0,up_start,production,0,6,1,-0.13175342200049536
4,B0,all,production,1,720,1,-0.05167715097461812
4,B0,daily_peak,production,1,45,1,-0.16346483343151563
4,B0,up_start,production,1,6,1,-0.072824372042054122
4,B0,all,production,2,720,1,0.0024508423792144315
4,B0,daily_peak,production,2,45,1,0.57673186082425809
4,B0,up_start,production,2,6,1,2.2700325804491919
4,B0,all,production,3,720,1,0.0081855453352880133
4,B0,daily_peak,production,3,45,1,0.51269614167827127
4,B0,up_start,production,3,6,1,-0.013727664030971217
4,B0,all,production,4,720,0.96666666666666667,-0.027813620069691548
4,B0,daily_peak,production,4,45,0.96666666666666667,0.4655256426534794
4,B0,up_start,production,4,6,0.96666666666666667,2.1038913440346882
4,B0,all,production,5,720,0.96666666666666667,0.016253020586465217
4,B0,daily_peak,production,5,45,0.96666666666666667,0.49916241513875953
4,B0,up_start,production,5,6,0.96666666666666667,0.010813571513461776
4,B0,all,production,6,720,1,-0.036501844689156709
4,B0,daily_peak,production,6,45,1,0.20546062037655288
4,B0,up_start,production,6,6,1,-0.16676473582536744
4,B0,all,production,7,720,1,-0.023284070166228656
4,B0,daily_peak,production,7,45,1,-0.11846468133723494
4,B0,up_start,production,7,6,1,0.078207342288417678
4,B0,all,production,8,720,1,-0.012653900529910327
4,B0,daily_peak,production,8,45,1,0.58627154998132491
4,B0,up_start,production,8,6,1,0.068134296756767299
4,B0,all,production,9,720,1,0.0034630761326747261
4,B0,daily_peak,production,9,45,1,0.32674229305785241
4,B0,up_start,production,9,6,1,0.096271381819875046
4,B1,all,calendar,0,720,1,0.099848800724379946
4,B1,daily_peak,calendar,0,45,1,0.024042571999109558
4,B1,up_start,calendar,0,6,1,0.37698728968754835
4,B1,all,calendar,1,720,1,0.052720421008319543
4,B1,daily_peak,calendar,1,45,1,-0.16030881466101071
4,B1,up_start,calendar,1,6,1,-1.0131636981385554
4,B1,all,calendar,2,720,1,0.010081418021552775
4,B1,daily_peak,calendar,2,45,1,-0.043265959014737516
4,B1,up_start,calendar,2,6,1,-0.33852375264272422
4,B1,all,calendar,3,720,1,0.048328877667503857
4,B1,daily_peak,calendar,3,45,1,0.4972781674404983
4,B1,up_start,calendar,3,6,1,0.38718636449676563
4,B1,all,calendar,4,720,0.96666666666666667,0.11168391014219049
4,B1,daily_peak,calendar,4,45,0.96666666666666667,0.46641901309240608
4,B1,up_start,calendar,4,6,0.96666666666666667,1.5256888655065808
4,B1,all,calendar,5,720,0.96666666666666667,0.062375782553454356
4,B1,daily_peak,calendar,5,45,0.96666666666666667,0.10298627293525787
4,B1,up_start,calendar,5,6,0.96666666666666667,0.095961266359983213
4,B1,all,calendar,6,720,1,0.017383607547680174
4,B1,daily_peak,calendar,6,45,1,0.076148732392865071
4,B1,up_start,calendar,6,6,1,-0.10279718058305794
4,B1,all,calendar,7,720,1,0.1375280896658751
4,B1,daily_peak,calendar,7,45,1,0.17074715019526285
4,B1,up_start,calendar,7,6,1,0.70456544646348596
4,B1,all,calendar,8,720,1,0.15138155156111199
4,B1,daily_peak,calendar,8,45,1,0.058685498987319583
4,B1,up_start,calendar,8,6,1,0.66452421569200248
4,B1,all,calendar,9,720,1,0.050609821770486563
4,B1,daily_peak,calendar,9,45,1,0.79492993925757005
4,B1,up_start,calendar,9,6,1,1.2518064607890504
4,B1,all,power,0,720,1,42.972760326594177
4,B1,daily_peak,power,0,45,1,39.745195860085296
4,B1,up_start,power,0,6,1,41.019055933479216
4,B1,all,power,1,720,1,47.383749623721918
4,B1,daily_peak,power,1,45,1,44.973663124684009
4,B1,up_start,power,1,6,1,10.164026524643845
4,B1,all,power,2,720,1,39.612452222981844
4,B1,daily_peak,power,2,45,1,41.074975502568762
4,B1,up_start,power,2,6,1,28.991012170326925
4,B1,all,power,3,720,1,43.605301360701759
4,B1,daily_peak,power,3,45,1,45.180115613536344
4,B1,up_start,power,3,6,1,12.60116598917701
4,B1,all,power,4,720,0.96666666666666667,49.671628904633984
4,B1,daily_peak,power,4,45,0.96666666666666667,45.98945401230327
4,B1,up_start,power,4,6,0.96666666666666667,-23.292610547094355
4,B1,all,power,5,720,0.96666666666666667,47.199454803130607
4,B1,daily_peak,power,5,45,0.96666666666666667,47.321545094034533
4,B1,up_start,power,5,6,0.96666666666666667,18.533682965402445
4,B1,all,power,6,720,1,54.622118429329952
4,B1,daily_peak,power,6,45,1,49.859163107382265
4,B1,up_start,power,6,6,1,-0.0047654997254653608
4,B1,all,power,7,720,1,39.319581607328708
4,B1,daily_peak,power,7,45,1,39.533054417287786
4,B1,up_start,power,7,6,1,6.0039537846627882
4,B1,all,power,8,720,1,39.068047294104218
4,B1,daily_peak,power,8,45,1,31.122071836097053
4,B1,up_start,power,8,6,1,26.987815493457422
4,B1,all,power,9,720,1,43.470068832296221
4,B1,daily_peak,power,9,45,1,35.91035485681698
4,B1,up_start,power,9,6,1,8.5005956288886519
4,B1,all,production,0,720,1,0.014637664790484145
4,B1,daily_peak,production,0,45,1,0.090519367779535065
4,B1,up_start,production,0,6,1,-0.019627080712709244
4,B1,all,production,1,720,1,0.026468857355399569
4,B1,daily_peak,production,1,45,1,0.16203864147160055
4,B1,up_start,production,1,6,1,-0.081592929377473908
4,B1,all,production,2,720,1,0.050981625613078591
4,B1,daily_peak,production,2,45,1,0.30841563855119164
4,B1,up_start,production,2,6,1,0.69666896750405272
4,B1,all,production,3,720,1,0.036092103322468885
4,B1,daily_peak,production,3,45,1,-0.085178975479572136
4,B1,up_start,production,3,6,1,-0.30335364908914642
4,B1,all,production,4,720,0.96666666666666667,0.048365665037586464
4,B1,daily_peak,production,4,45,0.96666666666666667,0.33041850746246215
4,B1,up_start,production,4,6,0.96666666666666667,0.77051850534162725
4,B1,all,production,5,720,0.96666666666666667,0.055366872935000234
4,B1,daily_peak,production,5,45,0.96666666666666667,0.13893229770423685
4,B1,up_start,production,5,6,0.96666666666666667,-0.2449909535690106
4,B1,all,production,6,720,1,0.031358189949870559
4,B1,daily_peak,production,6,45,1,0.42596529543276496
4,B1,up_start,production,6,6,1,-0.12048383804684211
4,B1,all,production,7,720,1,0.023558379512670077
4,B1,daily_peak,production,7,45,1,-0.030142023317415428
4,B1,up_start,production,7,6,1,-0.66861473450030928
4,B1,all,production,8,720,1,0.066569665488466948
4,B1,daily_peak,production,8,45,1,0.10553113935008651
4,B1,up_start,production,8,6,1,-0.48452783917501563
4,B1,all,production,9,720,1,0.034985528789070505
4,B1,daily_peak,production,9,45,1,0.15378151508427446
4,B1,up_start,production,9,6,1,-0.31405937876628326
4,B1,all,state,0,720,1,-0.19013147418896748
4,B1,daily_peak,state,0,45,1,-0.26100571098596032
4,B1,up_start,state,0,6,1,-0.93832617176054123
4,B1,all,state,1,720,1,-0.053466468765676123
4,B1,daily_peak,state,1,45,1,1.2535964541725819
4,B1,up_start,state,1,6,1,2.4754629849953553
4,B1,all,state,2,720,1,0.00013476015515059774
4,B1,daily_peak,state,2,45,1,0.16001063485027889
4,B1,up_start,state,2,6,1,0.84836922748205745
4,B1,all,state,3,720,1,0.029598448953416324
4,B1,daily_peak,state,3,45,1,2.1198924694773229
4,B1,up_start,state,3,6,1,0.80518002463541904
4,B1,all,state,4,720,0.96666666666666667,-0.12894673297831927
4,B1,daily_peak,state,4,45,0.96666666666666667,0.34934609761541413
4,B1,up_start,state,4,6,0.96666666666666667,0.72447909420442136
4,B1,all,state,5,720,0.96666666666666667,0.19970550048477223
4,B1,daily_peak,state,5,45,0.96666666666666667,0.6518466915976896
4,B1,up_start,state,5,6,0.96666666666666667,2.1538869179901639
4,B1,all,state,6,720,1,-0.10853448760022492
4,B1,daily_peak,state,6,45,1,0.87441034845256915
4,B1,up_start,state,6,6,1,1.9213849274383581
4,B1,all,state,7,720,1,-0.057688383499131073
4,B1,daily_peak,state,7,45,1,0.27421903442060441
4,B1,up_start,state,7,6,1,-2.2435294188442518
4,B1,all,state,8,720,1,0.045127023590921016
4,B1,daily_peak,state,8,45,1,0.99561928243379094
4,B1,up_start,state,8,6,1,0.64843460305824385
4,B1,all,state,9,720,1,0.032119112644285151
4,B1,daily_peak,state,9,45,1,0.9180627836613926
4,B1,up_start,state,9,6,1,3.6243975214134139
4,B1,all,availability,0,720,1,0
4,B1,daily_peak,availability,0,45,1,0
4,B1,up_start,availability,0,6,1,0
4,B1,all,availability,1,720,1,0
4,B1,daily_peak,availability,1,45,1,0
4,B1,up_start,availability,1,6,1,0
4,B1,all,availability,2,720,1,0
4,B1,daily_peak,availability,2,45,1,0
4,B1,up_start,availability,2,6,1,0
4,B1,all,availability,3,720,1,0
4,B1,daily_peak,availability,3,45,1,0
4,B1,up_start,availability,3,6,1,0
4,B1,all,availability,4,720,0.96666666666666667,0
4,B1,daily_peak,availability,4,45,0.96666666666666667,0
4,B1,up_start,availability,4,6,0.96666666666666667,0
4,B1,all,availability,5,720,0.96666666666666667,0
4,B1,daily_peak,availability,5,45,0.96666666666666667,0
4,B1,up_start,availability,5,6,0.96666666666666667,0
4,B1,all,availability,6,720,1,0
4,B1,daily_peak,availability,6,45,1,0
4,B1,up_start,availability,6,6,1,0
4,B1,all,availability,7,720,1,0
4,B1,daily_peak,availability,7,45,1,0
4,B1,up_start,availability,7,6,1,0
4,B1,all,availability,8,720,1,0
4,B1,daily_peak,availability,8,45,1,0
4,B1,up_start,availability,8,6,1,0
4,B1,all,availability,9,720,1,0
4,B1,daily_peak,availability,9,45,1,0
4,B1,up_start,availability,9,6,1,0
5,B0,all,calendar,0,744,0.967741935483871,1.0169058836301821
5,B0,daily_peak,calendar,0,53,0.967741935483871,2.1327150857188775
5,B0,up_start,calendar,0,8,0.967741935483871,5.7259415403900604
5,B0,fixed_alarm,calendar,0,8,0.967741935483871,5.7259415403900604
5,B0,all,calendar,1,744,0.967741935483871,0.50946804974328086
5,B0,daily_peak,calendar,1,53,0.967741935483871,1.6346137386337489
5,B0,up_start,calendar,1,8,0.967741935483871,5.1350678441632809
5,B0,fixed_alarm,calendar,1,8,0.967741935483871,5.1350678441632809
5,B0,all,calendar,2,744,0.967741935483871,0.84317536916573843
5,B0,daily_peak,calendar,2,53,0.967741935483871,1.6266651996951329
5,B0,up_start,calendar,2,8,0.967741935483871,3.9987760813259214
5,B0,fixed_alarm,calendar,2,8,0.967741935483871,3.9987760813259214
5,B0,all,calendar,3,744,0.967741935483871,1.1818693507682205
5,B0,daily_peak,calendar,3,53,0.967741935483871,1.6124586585555314
5,B0,up_start,calendar,3,8,0.967741935483871,-0.41690076280156418
5,B0,fixed_alarm,calendar,3,8,0.967741935483871,-0.41690076280156418
5,B0,all,calendar,4,744,0.93548387096774188,0.47632099786922122
5,B0,daily_peak,calendar,4,53,0.93548387096774188,1.1929386861360434
5,B0,up_start,calendar,4,8,0.93548387096774188,3.7268882163479375
5,B0,fixed_alarm,calendar,4,8,0.93548387096774188,3.7268882163479375
5,B0,all,calendar,5,744,0.93548387096774188,0.92903355375149688
5,B0,daily_peak,calendar,5,53,0.93548387096774188,1.2572120680418828
5,B0,up_start,calendar,5,8,0.93548387096774188,2.5619555218630303
5,B0,fixed_alarm,calendar,5,8,0.93548387096774188,2.5619555218630303
5,B0,all,calendar,6,744,1,0.45191736632885715
5,B0,daily_peak,calendar,6,53,1,0.80550496571645225
5,B0,up_start,calendar,6,8,1,2.2418277486809686
5,B0,fixed_alarm,calendar,6,8,1,2.2418277486809686
5,B0,all,calendar,7,744,0.967741935483871,0.95571469724303038
5,B0,daily_peak,calendar,7,53,0.967741935483871,1.8361417850352963
5,B0,up_start,calendar,7,8,0.967741935483871,2.1585855707102013
5,B0,fixed_alarm,calendar,7,8,0.967741935483871,2.1585855707102013
5,B0,all,calendar,8,744,0.967741935483871,0.41120640254679403
5,B0,daily_peak,calendar,8,53,0.967741935483871,0.69115017223719089
5,B0,up_start,calendar,8,8,0.967741935483871,-0.73822419028710939
5,B0,fixed_alarm,calendar,8,8,0.967741935483871,-0.73822419028710939
5,B0,all,calendar,9,744,0.967741935483871,0.70718603741905328
5,B0,daily_peak,calendar,9,53,0.967741935483871,1.647470242504373
5,B0,up_start,calendar,9,8,0.967741935483871,0.28520777974210887
5,B0,fixed_alarm,calendar,9,8,0.967741935483871,0.28520777974210887
5,B0,all,power,0,744,0.967741935483871,49.213548589081377
5,B0,daily_peak,power,0,53,0.967741935483871,52.607533644901793
5,B0,up_start,power,0,8,0.967741935483871,51.793825270234173
5,B0,fixed_alarm,power,0,8,0.967741935483871,51.793825270234173
5,B0,all,power,1,744,0.967741935483871,53.765017963223599
5,B0,daily_peak,power,1,53,0.967741935483871,52.654635692357552
5,B0,up_start,power,1,8,0.967741935483871,69.202303148901294
5,B0,fixed_alarm,power,1,8,0.967741935483871,69.202303148901294
5,B0,all,power,2,744,0.967741935483871,44.615564776708432
5,B0,daily_peak,power,2,53,0.967741935483871,47.047290164610359
5,B0,up_start,power,2,8,0.967741935483871,66.853462747759053
5,B0,fixed_alarm,power,2,8,0.967741935483871,66.853462747759053
5,B0,all,power,3,744,0.967741935483871,55.675193409387553
5,B0,daily_peak,power,3,53,0.967741935483871,53.129399402440733
5,B0,up_start,power,3,8,0.967741935483871,84.360286223465948
5,B0,fixed_alarm,power,3,8,0.967741935483871,84.360286223465948
5,B0,all,power,4,744,0.93548387096774188,41.42286991452724
5,B0,daily_peak,power,4,53,0.93548387096774188,38.613768965738991
5,B0,up_start,power,4,8,0.93548387096774188,69.9377887842044
5,B0,fixed_alarm,power,4,8,0.93548387096774188,69.9377887842044
5,B0,all,power,5,744,0.93548387096774188,44.628324917948028
5,B0,daily_peak,power,5,53,0.93548387096774188,46.540581573406982
5,B0,up_start,power,5,8,0.93548387096774188,49.019167645318554
5,B0,fixed_alarm,power,5,8,0.93548387096774188,49.019167645318554
5,B0,all,power,6,744,1,45.010402836035539
5,B0,daily_peak,power,6,53,1,39.595440372574167
5,B0,up_start,power,6,8,1,35.81384159448141
5,B0,fixed_alarm,power,6,8,1,35.81384159448141
5,B0,all,power,7,744,0.967741935483871,46.47843464081167
5,B0,daily_peak,power,7,53,0.967741935483871,47.882833225923591
5,B0,up_start,power,7,8,0.967741935483871,54.693926684123788
5,B0,fixed_alarm,power,7,8,0.967741935483871,54.693926684123788
5,B0,all,power,8,744,0.967741935483871,40.935858178145601
5,B0,daily_peak,power,8,53,0.967741935483871,50.049876478096564
5,B0,up_start,power,8,8,0.967741935483871,32.573994012752223
5,B0,fixed_alarm,power,8,8,0.967741935483871,32.573994012752223
5,B0,all,power,9,744,0.967741935483871,41.839903986535653
5,B0,daily_peak,power,9,53,0.967741935483871,39.095253353828234
5,B0,up_start,power,9,8,0.967741935483871,52.20984488492283
5,B0,fixed_alarm,power,9,8,0.967741935483871,52.20984488492283
5,B0,all,production,0,744,0.967741935483871,0.6750804762783148
5,B0,daily_peak,production,0,53,0.967741935483871,0.21309690580337828
5,B0,up_start,production,0,8,0.967741935483871,0.61959745761878438
5,B0,fixed_alarm,production,0,8,0.967741935483871,0.61959745761878438
5,B0,all,production,1,744,0.967741935483871,0.74329635485605439
5,B0,daily_peak,production,1,53,0.967741935483871,0.42562529959903372
5,B0,up_start,production,1,8,0.967741935483871,0.51435711447701848
5,B0,fixed_alarm,production,1,8,0.967741935483871,0.51435711447701848
5,B0,all,production,2,744,0.967741935483871,0.77690248432176123
5,B0,daily_peak,production,2,53,0.967741935483871,0.31424187687088623
5,B0,up_start,production,2,8,0.967741935483871,0.61392677691199538
5,B0,fixed_alarm,production,2,8,0.967741935483871,0.61392677691199538
5,B0,all,production,3,744,0.967741935483871,0.66461540845337019
5,B0,daily_peak,production,3,53,0.967741935483871,0.01868532172601425
5,B0,up_start,production,3,8,0.967741935483871,0.81089856732899079
5,B0,fixed_alarm,production,3,8,0.967741935483871,0.81089856732899079
5,B0,all,production,4,744,0.93548387096774188,0.51400634068006668
5,B0,daily_peak,production,4,53,0.93548387096774188,0.060877507398500501
5,B0,up_start,production,4,8,0.93548387096774188,0.38049399108211901
5,B0,fixed_alarm,production,4,8,0.93548387096774188,0.38049399108211901
5,B0,all,production,5,744,0.93548387096774188,0.5102350070279259
5,B0,daily_peak,production,5,53,0.93548387096774188,-0.060607464140405909
5,B0,up_start,production,5,8,0.93548387096774188,0.61194691420983105
5,B0,fixed_alarm,production,5,8,0.93548387096774188,0.61194691420983105
5,B0,all,production,6,744,1,0.82303557883252787
5,B0,daily_peak,production,6,53,1,0.36201356863665024
5,B0,up_start,production,6,8,1,0.39044909220404733
5,B0,fixed_alarm,production,6,8,1,0.39044909220404733
5,B0,all,production,7,744,0.967741935483871,0.50085278179268022
5,B0,daily_peak,production,7,53,0.967741935483871,0.068040872906836025
5,B0,up_start,production,7,8,0.967741935483871,0.8588630796544976
5,B0,fixed_alarm,production,7,8,0.967741935483871,0.8588630796544976
5,B0,all,production,8,744,0.967741935483871,0.62951955195938603
5,B0,daily_peak,production,8,53,0.967741935483871,0.41245308334600383
5,B0,up_start,production,8,8,0.967741935483871,0.58815178281653857
5,B0,fixed_alarm,production,8,8,0.967741935483871,0.58815178281653857
5,B0,all,production,9,744,0.967741935483871,0.69896843433375744
5,B0,daily_peak,production,9,53,0.967741935483871,0.12678040485533529
5,B0,up_start,production,9,8,0.967741935483871,0.07457618875772809
5,B0,fixed_alarm,production,9,8,0.967741935483871,0.07457618875772809
5,B1,all,calendar,0,744,0.967741935483871,0.85201461848515325
5,B1,daily_peak,calendar,0,53,0.967741935483871,1.391870805310556
5,B1,up_start,calendar,0,8,0.967741935483871,3.1876453548160306
5,B1,fixed_alarm,calendar,0,8,0.967741935483871,3.1876453548160306
5,B1,all,calendar,1,744,0.967741935483871,0.45794617772418245
5,B1,daily_peak,calendar,1,53,0.967741935483871,1.1210008537137781
5,B1,up_start,calendar,1,8,0.967741935483871,4.2742167426096351
5,B1,fixed_alarm,calendar,1,8,0.967741935483871,4.2742167426096351
5,B1,all,calendar,2,744,0.967741935483871,0.64918012882649112
5,B1,daily_peak,calendar,2,53,0.967741935483871,1.5042311050319694
5,B1,up_start,calendar,2,8,0.967741935483871,4.8080864451892573
5,B1,fixed_alarm,calendar,2,8,0.967741935483871,4.8080864451892573
5,B1,all,calendar,3,744,0.967741935483871,0.91021323318841207
5,B1,daily_peak,calendar,3,53,0.967741935483871,0.87750993787758069
5,B1,up_start,calendar,3,8,0.967741935483871,1.4007628732666859
5,B1,fixed_alarm,calendar,3,8,0.967741935483871,1.4007628732666859
5,B1,all,calendar,4,744,0.93548387096774188,0.43535211826296677
5,B1,daily_peak,calendar,4,53,0.93548387096774188,1.1795224314726953
5,B1,up_start,calendar,4,8,0.93548387096774188,4.6955393287600025
5,B1,fixed_alarm,calendar,4,8,0.93548387096774188,4.6955393287600025
5,B1,all,calendar,5,744,0.93548387096774188,0.74885741354730118
5,B1,daily_peak,calendar,5,53,0.93548387096774188,0.75306082043506151
5,B1,up_start,calendar,5,8,0.93548387096774188,-0.84172876339603064
5,B1,fixed_alarm,calendar,5,8,0.93548387096774188,-0.84172876339603064
5,B1,all,calendar,6,744,1,0.4123244089267647
5,B1,daily_peak,calendar,6,53,1,0.68725566689889706
5,B1,up_start,calendar,6,8,1,2.5052724996225244
5,B1,fixed_alarm,calendar,6,8,1,2.5052724996225244
5,B1,all,calendar,7,744,0.967741935483871,0.82315984985260071
5,B1,daily_peak,calendar,7,53,0.967741935483871,1.8492220564342554
5,B1,up_start,calendar,7,8,0.967741935483871,2.022994867590473
5,B1,fixed_alarm,calendar,7,8,0.967741935483871,2.022994867590473
5,B1,all,calendar,8,744,0.967741935483871,0.36232212058292268
5,B1,daily_peak,calendar,8,53,0.967741935483871,1.0811766550710047
5,B1,up_start,calendar,8,8,0.967741935483871,0.48023883702240155
5,B1,fixed_alarm,calendar,8,8,0.967741935483871,0.48023883702240155
5,B1,all,calendar,9,744,0.967741935483871,0.61078048369589866
5,B1,daily_peak,calendar,9,53,0.967741935483871,1.6106026726534477
5,B1,up_start,calendar,9,8,0.967741935483871,3.8633505475422929
5,B1,fixed_alarm,calendar,9,8,0.967741935483871,3.8633505475422929
5,B1,all,power,0,744,0.967741935483871,49.566889939305405
5,B1,daily_peak,power,0,53,0.967741935483871,52.191510870544114
5,B1,up_start,power,0,8,0.967741935483871,51.069550175982513
5,B1,fixed_alarm,power,0,8,0.967741935483871,51.069550175982513
5,B1,all,power,1,744,0.967741935483871,53.994741441793074
5,B1,daily_peak,power,1,53,0.967741935483871,51.235692168177629
5,B1,up_start,power,1,8,0.967741935483871,71.146936244573837
5,B1,fixed_alarm,power,1,8,0.967741935483871,71.146936244573837
5,B1,all,power,2,744,0.967741935483871,44.985570944046145
5,B1,daily_peak,power,2,53,0.967741935483871,47.080112948859167
5,B1,up_start,power,2,8,0.967741935483871,67.692226048138139
5,B1,fixed_alarm,power,2,8,0.967741935483871,67.692226048138139
5,B1,all,power,3,744,0.967741935483871,55.886954923958932
5,B1,daily_peak,power,3,53,0.967741935483871,51.731425588050357
5,B1,up_start,power,3,8,0.967741935483871,87.295784379191133
5,B1,fixed_alarm,power,3,8,0.967741935483871,87.295784379191133
5,B1,all,power,4,744,0.93548387096774188,41.656299834205761
5,B1,daily_peak,power,4,53,0.93548387096774188,38.695547291636558
5,B1,up_start,power,4,8,0.93548387096774188,76.471374582174278
5,B1,fixed_alarm,power,4,8,0.93548387096774188,76.471374582174278
5,B1,all,power,5,744,0.93548387096774188,45.199687260830949
5,B1,daily_peak,power,5,53,0.93548387096774188,46.732817654494859
5,B1,up_start,power,5,8,0.93548387096774188,53.257425462228561
5,B1,fixed_alarm,power,5,8,0.93548387096774188,53.257425462228561
5,B1,all,power,6,744,1,45.268137851720041
5,B1,daily_peak,power,6,53,1,40.278714494021905
5,B1,up_start,power,6,8,1,40.18535234994701
5,B1,fixed_alarm,power,6,8,1,40.18535234994701
5,B1,all,power,7,744,0.967741935483871,46.79564311235201
5,B1,daily_peak,power,7,53,0.967741935483871,48.041286154022877
5,B1,up_start,power,7,8,0.967741935483871,56.9280371813934
5,B1,fixed_alarm,power,7,8,0.967741935483871,56.9280371813934
5,B1,all,power,8,744,0.967741935483871,41.300116529875908
5,B1,daily_peak,power,8,53,0.967741935483871,49.792148669116372
5,B1,up_start,power,8,8,0.967741935483871,33.908954369053163
5,B1,fixed_alarm,power,8,8,0.967741935483871,33.908954369053163
5,B1,all,power,9,744,0.967741935483871,42.213084925206118
5,B1,daily_peak,power,9,53,0.967741935483871,38.114504378003595
5,B1,up_start,power,9,8,0.967741935483871,54.482889068977002
5,B1,fixed_alarm,power,9,8,0.967741935483871,54.482889068977002
5,B1,all,production,0,744,0.967741935483871,0.69247587575462999
5,B1,daily_peak,production,0,53,0.967741935483871,0.18096820294455954
5,B1,up_start,production,0,8,0.967741935483871,0.59090381022581795
5,B1,fixed_alarm,production,0,8,0.967741935483871,0.59090381022581795
5,B1,all,production,1,744,0.967741935483871,0.7164778009084265
5,B1,daily_peak,production,1,53,0.967741935483871,0.27219090324789974
5,B1,up_start,production,1,8,0.967741935483871,0.47171619158598332
5,B1,fixed_alarm,production,1,8,0.967741935483871,0.47171619158598332
5,B1,all,production,2,744,0.967741935483871,0.75134468597348048
5,B1,daily_peak,production,2,53,0.967741935483871,0.37136343110333003
5,B1,up_start,production,2,8,0.967741935483871,0.63223863033594441
5,B1,fixed_alarm,production,2,8,0.967741935483871,0.63223863033594441
5,B1,all,production,3,744,0.967741935483871,0.62438959252002646
5,B1,daily_peak,production,3,53,0.967741935483871,0.021031591026862421
5,B1,up_start,production,3,8,0.967741935483871,0.82710930364764934
5,B1,fixed_alarm,production,3,8,0.967741935483871,0.82710930364764934
5,B1,all,production,4,744,0.93548387096774188,0.54534229118795619
5,B1,daily_peak,production,4,53,0.93548387096774188,0.079600853055904822
5,B1,up_start,production,4,8,0.93548387096774188,0.54439718283841998
5,B1,fixed_alarm,production,4,8,0.93548387096774188,0.54439718283841998
5,B1,all,production,5,744,0.93548387096774188,0.47063815598411507
5,B1,daily_peak,production,5,53,0.93548387096774188,-0.0030285742353294252
5,B1,up_start,production,5,8,0.93548387096774188,0.63298866999795322
5,B1,fixed_alarm,production,5,8,0.93548387096774188,0.63298866999795322
5,B1,all,production,6,744,1,0.77113178311589292
5,B1,daily_peak,production,6,53,1,0.49004386377625264
5,B1,up_start,production,6,8,1,0.56956183675996996
5,B1,fixed_alarm,production,6,8,1,0.56956183675996996
5,B1,all,production,7,744,0.967741935483871,0.56287185790077643
5,B1,daily_peak,production,7,53,0.967741935483871,0.1588061666602896
5,B1,up_start,production,7,8,0.967741935483871,0.99054719519503465
5,B1,fixed_alarm,production,7,8,0.967741935483871,0.99054719519503465
5,B1,all,production,8,744,0.967741935483871,0.65578423252207285
5,B1,daily_peak,production,8,53,0.967741935483871,0.36963010103664146
5,B1,up_start,production,8,8,0.967741935483871,0.68602747700360212
5,B1,fixed_alarm,production,8,8,0.967741935483871,0.68602747700360212
5,B1,all,production,9,744,0.967741935483871,0.64996312490507413
5,B1,daily_peak,production,9,53,0.967741935483871,0.057008781053575749
5,B1,up_start,production,9,8,0.967741935483871,0.21529065353203336
5,B1,fixed_alarm,production,9,8,0.967741935483871,0.21529065353203336
5,B1,all,state,0,744,0.967741935483871,0.12351730856756668
5,B1,daily_peak,state,0,53,0.967741935483871,-0.16738734496223437
5,B1,up_start,state,0,8,0.967741935483871,-0.70182223272363942
5,B1,fixed_alarm,state,0,8,0.967741935483871,-0.70182223272363942
5,B1,all,state,1,744,0.967741935483871,0.099620178485726144
5,B1,daily_peak,state,1,53,0.967741935483871,-0.00010241462431032615
5,B1,up_start,state,1,8,0.967741935483871,1.4527146147632308
5,B1,fixed_alarm,state,1,8,0.967741935483871,1.4527146147632308
5,B1,all,state,2,744,0.967741935483871,0.067993943676662977
5,B1,daily_peak,state,2,53,0.967741935483871,0.30176890610040269
5,B1,up_start,state,2,8,0.967741935483871,1.249142333143773
5,B1,fixed_alarm,state,2,8,0.967741935483871,1.249142333143773
5,B1,all,state,3,744,0.967741935483871,0.12952914461990103
5,B1,daily_peak,state,3,53,0.967741935483871,0.41054101036632534
5,B1,up_start,state,3,8,0.967741935483871,2.1605180109384108
5,B1,fixed_alarm,state,3,8,0.967741935483871,2.1605180109384108
5,B1,all,state,4,744,0.93548387096774188,-0.016236901885208928
5,B1,daily_peak,state,4,53,0.93548387096774188,0.058589519357717196
5,B1,up_start,state,4,8,0.93548387096774188,1.4120555970075088
5,B1,fixed_alarm,state,4,8,0.93548387096774188,1.4120555970075088
5,B1,all,state,5,744,0.93548387096774188,0.038390076142330962
5,B1,daily_peak,state,5,53,0.93548387096774188,-0.044845622791706931
5,B1,up_start,state,5,8,0.93548387096774188,1.41375076265102
5,B1,fixed_alarm,state,5,8,0.93548387096774188,1.41375076265102
5,B1,all,state,6,744,1,-0.033127552501436834
5,B1,daily_peak,state,6,53,1,0.17526470110539738
5,B1,up_start,state,6,8,1,0.43310030507348429
5,B1,fixed_alarm,state,6,8,1,0.43310030507348429
5,B1,all,state,7,744,0.967741935483871,0.0091329350486030782
5,B1,daily_peak,state,7,53,0.967741935483871,-0.54841598808816427
5,B1,up_start,state,7,8,0.967741935483871,-0.7856060975060295
5,B1,fixed_alarm,state,7,8,0.967741935483871,-0.7856060975060295
5,B1,all,state,8,744,0.967741935483871,0.049346886633246198
5,B1,daily_peak,state,8,53,0.967741935483871,0.016023373111455855
5,B1,up_start,state,8,8,0.967741935483871,0.28308361841056495
5,B1,fixed_alarm,state,8,8,0.967741935483871,0.28308361841056495
5,B1,all,state,9,744,0.967741935483871,0.039520511795505017
5,B1,daily_peak,state,9,53,0.967741935483871,0.062974336194589836
5,B1,up_start,state,9,8,0.967741935483871,0.20421746606503888
5,B1,fixed_alarm,state,9,8,0.967741935483871,0.20421746606503888
5,B1,all,availability,0,744,0.967741935483871,0
5,B1,daily_peak,availability,0,53,0.967741935483871,0
5,B1,up_start,availability,0,8,0.967741935483871,0
5,B1,fixed_alarm,availability,0,8,0.967741935483871,0
5,B1,all,availability,1,744,0.967741935483871,0
5,B1,daily_peak,availability,1,53,0.967741935483871,0
5,B1,up_start,availability,1,8,0.967741935483871,0
5,B1,fixed_alarm,availability,1,8,0.967741935483871,0
5,B1,all,availability,2,744,0.967741935483871,0
5,B1,daily_peak,availability,2,53,0.967741935483871,0
5,B1,up_start,availability,2,8,0.967741935483871,0
5,B1,fixed_alarm,availability,2,8,0.967741935483871,0
5,B1,all,availability,3,744,0.967741935483871,0
5,B1,daily_peak,availability,3,53,0.967741935483871,0
5,B1,up_start,availability,3,8,0.967741935483871,0
5,B1,fixed_alarm,availability,3,8,0.967741935483871,0
5,B1,all,availability,4,744,0.93548387096774188,0
5,B1,daily_peak,availability,4,53,0.93548387096774188,0
5,B1,up_start,availability,4,8,0.93548387096774188,0
5,B1,fixed_alarm,availability,4,8,0.93548387096774188,0
5,B1,all,availability,5,744,0.93548387096774188,0
5,B1,daily_peak,availability,5,53,0.93548387096774188,0
5,B1,up_start,availability,5,8,0.93548387096774188,0
5,B1,fixed_alarm,availability,5,8,0.93548387096774188,0
5,B1,all,availability,6,744,1,0
5,B1,daily_peak,availability,6,53,1,0
5,B1,up_start,availability,6,8,1,0
5,B1,fixed_alarm,availability,6,8,1,0
5,B1,all,availability,7,744,0.967741935483871,0
5,B1,daily_peak,availability,7,53,0.967741935483871,0
5,B1,up_start,availability,7,8,0.967741935483871,0
5,B1,fixed_alarm,availability,7,8,0.967741935483871,0
5,B1,all,availability,8,744,0.967741935483871,0
5,B1,daily_peak,availability,8,53,0.967741935483871,0
5,B1,up_start,availability,8,8,0.967741935483871,0
5,B1,fixed_alarm,availability,8,8,0.967741935483871,0
5,B1,all,availability,9,744,0.967741935483871,0
5,B1,daily_peak,availability,9,53,0.967741935483871,0
5,B1,up_start,availability,9,8,0.967741935483871,0
5,B1,fixed_alarm,availability,9,8,0.967741935483871,0
6,B0,all,calendar,0,718,0.99721448467966578,1.2176964009015272
6,B0,daily_peak,calendar,0,38,0.99721448467966578,1.3555520213649599
6,B0,up_start,calendar,0,4,0.99721448467966578,1.9336995504382841
6,B0,fixed_alarm,calendar,0,4,0.99721448467966578,1.9336995504382841
6,B0,all,calendar,1,718,0.99721448467966578,1.2827813287108254
6,B0,daily_peak,calendar,1,38,0.99721448467966578,1.594891838012904
6,B0,up_start,calendar,1,4,0.99721448467966578,4.3666969269165321
6,B0,fixed_alarm,calendar,1,4,0.99721448467966578,4.3666969269165321
6,B0,all,calendar,2,718,0.99721448467966578,0.69315982734719261
6,B0,daily_peak,calendar,2,38,0.99721448467966578,0.45731792832254131
6,B0,up_start,calendar,2,4,0.99721448467966578,-0.76830154801245243
6,B0,fixed_alarm,calendar,2,4,0.99721448467966578,-0.76830154801245243
6,B0,all,calendar,3,718,0.99721448467966578,1.3364884818619216
6,B0,daily_peak,calendar,3,38,0.99721448467966578,1.4187213360070963
6,B0,up_start,calendar,3,4,0.99721448467966578,3.0406825812402829
6,B0,fixed_alarm,calendar,3,4,0.99721448467966578,3.0406825812402829
6,B0,all,calendar,4,718,0.96378830083565459,0.64882476188016125
6,B0,daily_peak,calendar,4,38,0.96378830083565459,0.035492912763255939
6,B0,up_start,calendar,4,4,0.96378830083565459,0.47181762232213487
6,B0,fixed_alarm,calendar,4,4,0.96378830083565459,0.47181762232213487
6,B0,all,calendar,5,718,0.96378830083565459,1.4243593283699267
6,B0,daily_peak,calendar,5,38,0.96378830083565459,1.375803687053994
6,B0,up_start,calendar,5,4,0.96378830083565459,5.8349259548226158
6,B0,fixed_alarm,calendar,5,4,0.96378830083565459,5.8349259548226158
6,B0,all,calendar,6,718,0.99721448467966578,1.0996642093183104
6,B0,daily_peak,calendar,6,38,0.99721448467966578,0.9641091505452144
6,B0,up_start,calendar,6,4,0.99721448467966578,8.9369670266264336
6,B0,fixed_alarm,calendar,6,4,0.99721448467966578,8.9369670266264336
6,B0,all,calendar,7,718,0.99721448467966578,1.0081491270635303
6,B0,daily_peak,calendar,7,38,0.99721448467966578,1.3478775961639264
6,B0,up_start,calendar,7,4,0.99721448467966578,6.5590597330796356
6,B0,fixed_alarm,calendar,7,4,0.99721448467966578,6.5590597330796356
6,B0,all,calendar,8,718,0.99721448467966578,1.052576898206028
6,B0,daily_peak,calendar,8,38,0.99721448467966578,0.9402091493573107
6,B0,up_start,calendar,8,4,0.99721448467966578,0.96648337658471917
6,B0,fixed_alarm,calendar,8,4,0.99721448467966578,0.96648337658471917
6,B0,all,calendar,9,718,0.99721448467966578,1.4040937762070675
6,B0,daily_peak,calendar,9,38,0.99721448467966578,1.9115561231665892
6,B0,up_start,calendar,9,4,0.99721448467966578,1.7377039846290643
6,B0,fixed_alarm,calendar,9,4,0.99721448467966578,1.7377039846290643
6,B0,all,power,0,718,0.99721448467966578,46.020204602772239
6,B0,daily_peak,power,0,38,0.99721448467966578,52.630626947393701
6,B0,up_start,power,0,4,0.99721448467966578,61.784432865333159
6,B0,fixed_alarm,power,0,4,0.99721448467966578,61.784432865333159
6,B0,all,power,1,718,0.99721448467966578,40.132778048144431
6,B0,daily_peak,power,1,38,0.99721448467966578,43.317124504112137
6,B0,up_start,power,1,4,0.99721448467966578,37.018620089685825
6,B0,fixed_alarm,power,1,4,0.99721448467966578,37.018620089685825
6,B0,all,power,2,718,0.99721448467966578,44.959098119637687
6,B0,daily_peak,power,2,38,0.99721448467966578,43.491719212192749
6,B0,up_start,power,2,4,0.99721448467966578,0.54870746365556045
6,B0,fixed_alarm,power,2,4,0.99721448467966578,0.54870746365556045
6,B0,all,power,3,718,0.99721448467966578,51.364502968023622
6,B0,daily_peak,power,3,38,0.99721448467966578,51.135811701642702
6,B0,up_start,power,3,4,0.99721448467966578,33.787558876654487
6,B0,fixed_alarm,power,3,4,0.99721448467966578,33.787558876654487
6,B0,all,power,4,718,0.96378830083565459,40.83336212856571
6,B0,daily_peak,power,4,38,0.96378830083565459,37.245946968595206
6,B0,up_start,power,4,4,0.96378830083565459,33.789391631624916
6,B0,fixed_alarm,power,4,4,0.96378830083565459,33.789391631624916
6,B0,all,power,5,718,0.96378830083565459,51.298147269457232
6,B0,daily_peak,power,5,38,0.96378830083565459,51.864450239474628
6,B0,up_start,power,5,4,0.96378830083565459,38.049203633067037
6,B0,fixed_alarm,power,5,4,0.96378830083565459,38.049203633067037
6,B0,all,power,6,718,0.99721448467966578,45.069729588021666
6,B0,daily_peak,power,6,38,0.99721448467966578,38.289613456427304
6,B0,up_start,power,6,4,0.99721448467966578,70.314871998618571
6,B0,fixed_alarm,power,6,4,0.99721448467966578,70.314871998618571
6,B0,all,power,7,718,0.99721448467966578,35.485488371768362
6,B0,daily_peak,power,7,38,0.99721448467966578,38.66333186284443
6,B0,up_start,power,7,4,0.99721448467966578,103.06828086869484
6,B0,fixed_alarm,power,7,4,0.99721448467966578,103.06828086869484
6,B0,all,power,8,718,0.99721448467966578,44.049615877966744
6,B0,daily_peak,power,8,38,0.99721448467966578,43.039533935513134
6,B0,up_start,power,8,4,0.99721448467966578,33.302382169878463
6,B0,fixed_alarm,power,8,4,0.99721448467966578,33.302382169878463
6,B0,all,power,9,718,0.99721448467966578,42.006188398294974
6,B0,daily_peak,power,9,38,0.99721448467966578,50.72348070011509
6,B0,up_start,power,9,4,0.99721448467966578,34.732406097352857
6,B0,fixed_alarm,power,9,4,0.99721448467966578,34.732406097352857
6,B0,all,production,0,718,0.99721448467966578,0.28146127972116852
6,B0,daily_peak,production,0,38,0.99721448467966578,-0.50653272371704272
6,B0,up_start,production,0,4,0.99721448467966578,0.45033756450502693
6,B0,fixed_alarm,production,0,4,0.99721448467966578,0.45033756450502693
6,B0,all,production,1,718,0.99721448467966578,0.41199995345947815
6,B0,daily_peak,production,1,38,0.99721448467966578,-0.44234664162990844
6,B0,up_start,production,1,4,0.99721448467966578,1.0614105573988795
6,B0,fixed_alarm,production,1,4,0.99721448467966578,1.0614105573988795
6,B0,all,production,2,718,0.99721448467966578,0.35297450656863749
6,B0,daily_peak,production,2,38,0.99721448467966578,-0.52968146496847268
6,B0,up_start,production,2,4,0.99721448467966578,0.29170310676801847
6,B0,fixed_alarm,production,2,4,0.99721448467966578,0.29170310676801847
6,B0,all,production,3,718,0.99721448467966578,0.43086992660301066
6,B0,daily_peak,production,3,38,0.99721448467966578,-0.66882418842250668
6,B0,up_start,production,3,4,0.99721448467966578,0.54414452002398406
6,B0,fixed_alarm,production,3,4,0.99721448467966578,0.54414452002398406
6,B0,all,production,4,718,0.96378830083565459,0.28284977618404661
6,B0,daily_peak,production,4,38,0.96378830083565459,-0.65565091442206602
6,B0,up_start,production,4,4,0.96378830083565459,0.5237673576674311
6,B0,fixed_alarm,production,4,4,0.96378830083565459,0.5237673576674311
6,B0,all,production,5,718,0.96378830083565459,0.43415879567810522
6,B0,daily_peak,production,5,38,0.96378830083565459,-0.75513521444460263
6,B0,up_start,production,5,4,0.96378830083565459,1.0899980835540717
6,B0,fixed_alarm,production,5,4,0.96378830083565459,1.0899980835540717
6,B0,all,production,6,718,0.99721448467966578,0.4045066733576938
6,B0,daily_peak,production,6,38,0.99721448467966578,-0.80513907016605102
6,B0,up_start,production,6,4,0.99721448467966578,1.5741587558764465
6,B0,fixed_alarm,production,6,4,0.99721448467966578,1.5741587558764465
6,B0,all,production,7,718,0.99721448467966578,0.17790560237301006
6,B0,daily_peak,production,7,38,0.99721448467966578,-0.19603117443363113
6,B0,up_start,production,7,4,0.99721448467966578,0.16429809185233779
6,B0,fixed_alarm,production,7,4,0.99721448467966578,0.16429809185233779
6,B0,all,production,8,718,0.99721448467966578,0.41709490471626304
6,B0,daily_peak,production,8,38,0.99721448467966578,-0.23968275036118547
6,B0,up_start,production,8,4,0.99721448467966578,0.56742940082020255
6,B0,fixed_alarm,production,8,4,0.99721448467966578,0.56742940082020255
6,B0,all,production,9,718,0.99721448467966578,0.37195253173897741
6,B0,daily_peak,production,9,38,0.99721448467966578,-0.50801908388800465
6,B0,up_start,production,9,4,0.99721448467966578,0.093806955518957125
6,B0,fixed_alarm,production,9,4,0.99721448467966578,0.093806955518957125
6,B1,all,calendar,0,718,0.99721448467966578,0.8646255723399916
6,B1,daily_peak,calendar,0,38,0.99721448467966578,1.4593414711114887
6,B1,up_start,calendar,0,4,0.99721448467966578,0
6,B1,fixed_alarm,calendar,0,4,0.99721448467966578,0
6,B1,all,calendar,1,718,0.99721448467966578,0.97770812322013956
6,B1,daily_peak,calendar,1,38,0.99721448467966578,1.6608382726734643
6,B1,up_start,calendar,1,4,0.99721448467966578,1.6414916998754236
6,B1,fixed_alarm,calendar,1,4,0.99721448467966578,1.6414916998754236
6,B1,all,calendar,2,718,0.99721448467966578,0.48629202862743948
6,B1,daily_peak,calendar,2,38,0.99721448467966578,0.77687352400024468
6,B1,up_start,calendar,2,4,0.99721448467966578,0.069826317704112739
6,B1,fixed_alarm,calendar,2,4,0.99721448467966578,0.069826317704112739
6,B1,all,calendar,3,718,0.99721448467966578,0.88225701540074153
6,B1,daily_peak,calendar,3,38,0.99721448467966578,1.2024588042847455
6,B1,up_start,calendar,3,4,0.99721448467966578,0.093436402549144759
6,B1,fixed_alarm,calendar,3,4,0.99721448467966578,0.093436402549144759
6,B1,all,calendar,4,718,0.96378830083565459,0.40452560910793484
6,B1,daily_peak,calendar,4,38,0.96378830083565459,0.41626397787708153
6,B1,up_start,calendar,4,4,0.96378830083565459,-1.2061849300446212
6,B1,fixed_alarm,calendar,4,4,0.96378830083565459,-1.2061849300446212
6,B1,all,calendar,5,718,0.96378830083565459,0.90973993374094453
6,B1,daily_peak,calendar,5,38,0.96378830083565459,1.5375479621505104
6,B1,up_start,calendar,5,4,0.96378830083565459,3.8078783182655584
6,B1,fixed_alarm,calendar,5,4,0.96378830083565459,3.8078783182655584
6,B1,all,calendar,6,718,0.99721448467966578,0.77893992725438799
6,B1,daily_peak,calendar,6,38,0.99721448467966578,1.3084430625110406
6,B1,up_start,calendar,6,4,0.99721448467966578,6.4197161846712447
6,B1,fixed_alarm,calendar,6,4,0.99721448467966578,6.4197161846712447
6,B1,all,calendar,7,718,0.99721448467966578,0.61848317426832489
6,B1,daily_peak,calendar,7,38,0.99721448467966578,0.92548165994528131
6,B1,up_start,calendar,7,4,0.99721448467966578,3.5643903800643244
6,B1,fixed_alarm,calendar,7,4,0.99721448467966578,3.5643903800643244
6,B1,all,calendar,8,718,0.99721448467966578,0.61288908581742307
6,B1,daily_peak,calendar,8,38,0.99721448467966578,0.77772019764521017
6,B1,up_start,calendar,8,4,0.99721448467966578,-1.2061849300446212
6,B1,fixed_alarm,calendar,8,4,0.99721448467966578,-1.2061849300446212
6,B1,all,calendar,9,718,0.99721448467966578,1.0984479643026206
6,B1,daily_peak,calendar,9,38,0.99721448467966578,2.0099826359755721
6,B1,up_start,calendar,9,4,0.99721448467966578,-0.0076491746868754262
6,B1,fixed_alarm,calendar,9,4,0.99721448467966578,-0.0076491746868754262
6,B1,all,power,0,718,0.99721448467966578,45.82851774817906
6,B1,daily_peak,power,0,38,0.99721448467966578,52.681991961639824
6,B1,up_start,power,0,4,0.99721448467966578,64.455286562033933
6,B1,fixed_alarm,power,0,4,0.99721448467966578,64.455286562033933
6,B1,all,power,1,718,0.99721448467966578,40.221516092468747
6,B1,daily_peak,power,1,38,0.99721448467966578,44.629923342947201
6,B1,up_start,power,1,4,0.99721448467966578,41.769653782482358
6,B1,fixed_alarm,power,1,4,0.99721448467966578,41.769653782482358
6,B1,all,power,2,718,0.99721448467966578,44.691290120302234
6,B1,daily_peak,power,2,38,0.99721448467966578,43.727937859532467
6,B1,up_start,power,2,4,0.99721448467966578,1.1060181975163275
6,B1,fixed_alarm,power,2,4,0.99721448467966578,1.1060181975163275
6,B1,all,power,3,718,0.99721448467966578,51.237618106294924
6,B1,daily_peak,power,3,38,0.99721448467966578,52.58499541472974
6,B1,up_start,power,3,4,0.99721448467966578,38.608219463875251
6,B1,fixed_alarm,power,3,4,0.99721448467966578,38.608219463875251
6,B1,all,power,4,718,0.96378830083565459,40.782097543302889
6,B1,daily_peak,power,4,38,0.96378830083565459,38.089243238502853
6,B1,up_start,power,4,4,0.96378830083565459,39.204345164956244
6,B1,fixed_alarm,power,4,4,0.96378830083565459,39.204345164956244
6,B1,all,power,5,718,0.96378830083565459,51.052269400748443
6,B1,daily_peak,power,5,38,0.96378830083565459,52.66751066284516
6,B1,up_start,power,5,4,0.96378830083565459,42.707817973435759
6,B1,fixed_alarm,power,5,4,0.96378830083565459,42.707817973435759
6,B1,all,power,6,718,0.99721448467966578,44.930444546637816
6,B1,daily_peak,power,6,38,0.99721448467966578,39.55574291684124
6,B1,up_start,power,6,4,0.99721448467966578,74.849589304511198
6,B1,fixed_alarm,power,6,4,0.99721448467966578,74.849589304511198
6,B1,all,power,7,718,0.99721448467966578,35.637386223597723
6,B1,daily_peak,power,7,38,0.99721448467966578,40.028753934479056
6,B1,up_start,power,7,4,0.99721448467966578,108.59115875271172
6,B1,fixed_alarm,power,7,4,0.99721448467966578,108.59115875271172
6,B1,all,power,8,718,0.99721448467966578,43.776268594026909
6,B1,daily_peak,power,8,38,0.99721448467966578,43.933295716174364
6,B1,up_start,power,8,4,0.99721448467966578,38.635318414754089
6,B1,fixed_alarm,power,8,4,0.99721448467966578,38.635318414754089
6,B1,all,power,9,718,0.99721448467966578,42.198044091126057
6,B1,daily_peak,power,9,38,0.99721448467966578,51.559771698941574
6,B1,up_start,power,9,4,0.99721448467966578,38.571392327273337
6,B1,fixed_alarm,power,9,4,0.99721448467966578,38.571392327273337
6,B1,all,production,0,718,0.99721448467966578,0.28072603774625965
6,B1,daily_peak,production,0,38,0.99721448467966578,-0.019144626620503879
6,B1,up_start,production,0,4,0.99721448467966578,0.075490689140430334
6,B1,fixed_alarm,production,0,4,0.99721448467966578,0.075490689140430334
6,B1,all,production,1,718,0.99721448467966578,0.338704786501972
6,B1,daily_peak,production,1,38,0.99721448467966578,-0.18331302608482986
6,B1,up_start,production,1,4,0.99721448467966578,-0.05819216474537825
6,B1,fixed_alarm,production,1,4,0.99721448467966578,-0.05819216474537825
6,B1,all,production,2,718,0.99721448467966578,0.3023263564709241
6,B1,daily_peak,production,2,38,0.99721448467966578,-0.098482404921376845
6,B1,up_start,production,2,4,0.99721448467966578,0
6,B1,fixed_alarm,production,2,4,0.99721448467966578,0
6,B1,all,production,3,718,0.99721448467966578,0.31267687301535835
6,B1,daily_peak,production,3,38,0.99721448467966578,-0.25403382230940508
6,B1,up_start,production,3,4,0.99721448467966578,0.30909272315542324
6,B1,fixed_alarm,production,3,4,0.99721448467966578,0.30909272315542324
6,B1,all,production,4,718,0.96378830083565459,0.26631810761349234
6,B1,daily_peak,production,4,38,0.96378830083565459,-0.27960472748138232
6,B1,up_start,production,4,4,0.96378830083565459,-0.1319892323828995
6,B1,fixed_alarm,production,4,4,0.96378830083565459,-0.1319892323828995
6,B1,all,production,5,718,0.96378830083565459,0.36942187785262204
6,B1,daily_peak,production,5,38,0.96378830083565459,-0.31850188304171567
6,B1,up_start,production,5,4,0.96378830083565459,-0.03399234206163726
6,B1,fixed_alarm,production,5,4,0.96378830083565459,-0.03399234206163726
6,B1,all,production,6,718,0.99721448467966578,0.28510132489312456
6,B1,daily_peak,production,6,38,0.99721448467966578,-0.33085779753585193
6,B1,up_start,production,6,4,0.99721448467966578,-0.14506675662632773
6,B1,fixed_alarm,production,6,4,0.99721448467966578,-0.14506675662632773
6,B1,all,production,7,718,0.99721448467966578,0.20805344110733812
6,B1,daily_peak,production,7,38,0.99721448467966578,-0.046928676021381385
6,B1,up_start,production,7,4,0.99721448467966578,0.31893214075527254
6,B1,fixed_alarm,production,7,4,0.99721448467966578,0.31893214075527254
6,B1,all,production,8,718,0.99721448467966578,0.30864480919783216
6,B1,daily_peak,production,8,38,0.99721448467966578,-0.082944925937102634
6,B1,up_start,production,8,4,0.99721448467966578,0.073797067637521252
6,B1,fixed_alarm,production,8,4,0.99721448467966578,0.073797067637521252
6,B1,all,production,9,718,0.99721448467966578,0.3076258916842638
6,B1,daily_peak,production,9,38,0.99721448467966578,-0.036722292951673549
6,B1,up_start,production,9,4,0.99721448467966578,0.20281696956608641
6,B1,fixed_alarm,production,9,4,0.99721448467966578,0.20281696956608641
6,B1,all,state,0,718,0.99721448467966578,-0.070402429499962699
6,B1,daily_peak,state,0,38,0.99721448467966578,-0.019921731941929702
6,B1,up_start,state,0,4,0.99721448467966578,1.903189169762797
6,B1,fixed_alarm,state,0,4,0.99721448467966578,1.903189169762797
6,B1,all,state,1,718,0.99721448467966578,0.020498850662784399
6,B1,daily_peak,state,1,38,0.99721448467966578,0.63747642258546311
6,B1,up_start,state,1,4,0.99721448467966578,4.7904164307320798
6,B1,fixed_alarm,state,1,4,0.99721448467966578,4.7904164307320798
6,B1,all,state,2,718,0.99721448467966578,0.088585863795105191
6,B1,daily_peak,state,2,38,0.99721448467966578,0.45611830751061599
6,B1,up_start,state,2,4,0.99721448467966578,2.7492895898652776
6,B1,fixed_alarm,state,2,4,0.99721448467966578,2.7492895898652776
6,B1,all,state,3,718,0.99721448467966578,0.0066116285213516273
6,B1,daily_peak,state,3,38,0.99721448467966578,-0.036051368371424315
6,B1,up_start,state,3,4,0.99721448467966578,2.5777832699313095
6,B1,fixed_alarm,state,3,4,0.99721448467966578,2.5777832699313095
6,B1,all,state,4,718,0.96378830083565459,-0.049808648558042776
6,B1,daily_peak,state,4,38,0.96378830083565459,0.33850230111875085
6,B1,up_start,state,4,4,0.96378830083565459,3.5907078379507169
6,B1,fixed_alarm,state,4,4,0.96378830083565459,3.5907078379507169
6,B1,all,state,5,718,0.96378830083565459,0.085336899611805142
6,B1,daily_peak,state,5,38,0.96378830083565459,0.46074101960306796
6,B1,up_start,state,5,4,0.96378830083565459,4.7904164307320798
6,B1,fixed_alarm,state,5,4,0.96378830083565459,4.7904164307320798
6,B1,all,state,6,718,0.99721448467966578,0.13797145201958549
6,B1,daily_peak,state,6,38,0.99721448467966578,0.32667507500356646
6,B1,up_start,state,6,4,0.99721448467966578,3.5907078379507169
6,B1,fixed_alarm,state,6,4,0.99721448467966578,3.5907078379507169
6,B1,all,state,7,718,0.99721448467966578,0.10445423398293632
6,B1,daily_peak,state,7,38,0.99721448467966578,0.20214039111285725
6,B1,up_start,state,7,4,0.99721448467966578,1.6495611323608586
6,B1,fixed_alarm,state,7,4,0.99721448467966578,1.6495611323608586
6,B1,all,state,8,718,0.99721448467966578,-0.069442056048182474
6,B1,daily_peak,state,8,38,0.99721448467966578,0.1345983521550928
6,B1,up_start,state,8,4,0.99721448467966578,2.5024916609119074
6,B1,fixed_alarm,state,8,4,0.99721448467966578,2.5024916609119074
6,B1,all,state,9,718,0.99721448467966578,0.10480818582056139
6,B1,daily_peak,state,9,38,0.99721448467966578,0.28746095478236122
6,B1,up_start,state,9,4,0.99721448467966578,2.5179893037343533
6,B1,fixed_alarm,state,9,4,0.99721448467966578,2.5179893037343533
6,B1,all,availability,0,718,0.99721448467966578,0
6,B1,daily_peak,availability,0,38,0.99721448467966578,0
6,B1,up_start,availability,0,4,0.99721448467966578,0
6,B1,fixed_alarm,availability,0,4,0.99721448467966578,0
6,B1,all,availability,1,718,0.99721448467966578,0
6,B1,daily_peak,availability,1,38,0.99721448467966578,0
6,B1,up_start,availability,1,4,0.99721448467966578,0
6,B1,fixed_alarm,availability,1,4,0.99721448467966578,0
6,B1,all,availability,2,718,0.99721448467966578,0
6,B1,daily_peak,availability,2,38,0.99721448467966578,0
6,B1,up_start,availability,2,4,0.99721448467966578,0
6,B1,fixed_alarm,availability,2,4,0.99721448467966578,0
6,B1,all,availability,3,718,0.99721448467966578,0
6,B1,daily_peak,availability,3,38,0.99721448467966578,0
6,B1,up_start,availability,3,4,0.99721448467966578,0
6,B1,fixed_alarm,availability,3,4,0.99721448467966578,0
6,B1,all,availability,4,718,0.96378830083565459,0
6,B1,daily_peak,availability,4,38,0.96378830083565459,0
6,B1,up_start,availability,4,4,0.96378830083565459,0
6,B1,fixed_alarm,availability,4,4,0.96378830083565459,0
6,B1,all,availability,5,718,0.96378830083565459,0
6,B1,daily_peak,availability,5,38,0.96378830083565459,0
6,B1,up_start,availability,5,4,0.96378830083565459,0
6,B1,fixed_alarm,availability,5,4,0.96378830083565459,0
6,B1,all,availability,6,718,0.99721448467966578,0
6,B1,daily_peak,availability,6,38,0.99721448467966578,0
6,B1,up_start,availability,6,4,0.99721448467966578,0
6,B1,fixed_alarm,availability,6,4,0.99721448467966578,0
6,B1,all,availability,7,718,0.99721448467966578,0
6,B1,daily_peak,availability,7,38,0.99721448467966578,0
6,B1,up_start,availability,7,4,0.99721448467966578,0
6,B1,fixed_alarm,availability,7,4,0.99721448467966578,0
6,B1,all,availability,8,718,0.99721448467966578,0
6,B1,daily_peak,availability,8,38,0.99721448467966578,0
6,B1,up_start,availability,8,4,0.99721448467966578,0
6,B1,fixed_alarm,availability,8,4,0.99721448467966578,0
6,B1,all,availability,9,718,0.99721448467966578,0
6,B1,daily_peak,availability,9,38,0.99721448467966578,0
6,B1,up_start,availability,9,4,0.99721448467966578,0
6,B1,fixed_alarm,availability,9,4,0.99721448467966578,0
7,B0,all,calendar,0,1344,1,1.5653791943028288
7,B0,daily_peak,calendar,0,77,1,1.7373071203765773
7,B0,up_start,calendar,0,13,1,3.1465966755636257
7,B0,fixed_alarm,calendar,0,7,1,6.8226184596289681
7,B0,all,calendar,1,1344,0.9285714285714286,1.4363790508425407
7,B0,daily_peak,calendar,1,77,0.9285714285714286,1.5114281299603456
7,B0,up_start,calendar,1,13,0.9285714285714286,1.0752299076388392
7,B0,fixed_alarm,calendar,1,7,0.9285714285714286,1.2907872207547737
7,B0,all,calendar,2,1344,0.9821428571428571,1.1817360292446626
7,B0,daily_peak,calendar,2,77,0.9821428571428571,0.95066093742649271
7,B0,up_start,calendar,2,13,0.9821428571428571,2.0909493338778589
7,B0,fixed_alarm,calendar,2,7,0.9821428571428571,1.5761777865040025
7,B0,all,calendar,3,1344,0.9642857142857143,1.6417806043962728
7,B0,daily_peak,calendar,3,77,0.9642857142857143,1.765860243455208
7,B0,up_start,calendar,3,13,0.9642857142857143,2.8528886896610661
7,B0,fixed_alarm,calendar,3,7,0.9642857142857143,1.1705873410987035
7,B0,all,calendar,4,1344,0.9821428571428571,1.3763013186269564
7,B0,daily_peak,calendar,4,77,0.9821428571428571,1.526414844041917
7,B0,up_start,calendar,4,13,0.9821428571428571,5.3413683240998573
7,B0,fixed_alarm,calendar,4,7,0.9821428571428571,5.8400648786554585
7,B0,all,calendar,5,1344,0.9464285714285714,1.9249440043510819
7,B0,daily_peak,calendar,5,77,0.9464285714285714,1.9663743975481385
7,B0,up_start,calendar,5,13,0.9464285714285714,4.855129458472712
7,B0,fixed_alarm,calendar,5,7,0.9464285714285714,4.9317160339200585
7,B0,all,calendar,6,1344,1,1.2740235865596463
7,B0,daily_peak,calendar,6,77,1,1.4380268931076992
7,B0,up_start,calendar,6,13,1,3.1041699418529052
7,B0,fixed_alarm,calendar,6,7,1,3.6706963601121663
7,B0,all,calendar,7,1344,0.9642857142857143,1.4231772285050863
7,B0,daily_peak,calendar,7,77,0.9642857142857143,1.1207387115929728
7,B0,up_start,calendar,7,13,0.9642857142857143,2.886376350649547
7,B0,fixed_alarm,calendar,7,7,0.9642857142857143,5.5690099400924158
7,B0,all,calendar,8,1344,0.9285714285714286,1.2988282407945835
7,B0,daily_peak,calendar,8,77,0.9285714285714286,1.3508022679865932
7,B0,up_start,calendar,8,13,0.9285714285714286,4.463118745371383
7,B0,fixed_alarm,calendar,8,7,0.9285714285714286,5.751785361298829
7,B0,all,calendar,9,1344,0.9821428571428571,1.463134176818947
7,B0,daily_peak,calendar,9,77,0.9821428571428571,1.2667531663538487
7,B0,up_start,calendar,9,13,0.9821428571428571,2.1661487187326713
7,B0,fixed_alarm,calendar,9,7,0.9821428571428571,2.5436737060963099
7,B0,all,power,0,1344,1,52.90508829664978
7,B0,daily_peak,power,0,77,1,60.153372026320731
7,B0,up_start,power,0,13,1,63.900154591987189
7,B0,fixed_alarm,power,0,7,1,76.448429278405158
7,B0,all,power,1,1344,0.9285714285714286,41.163858341304064
7,B0,daily_peak,power,1,77,0.9285714285714286,42.676689012798299
7,B0,up_start,power,1,13,0.9285714285714286,30.389685992025736
7,B0,fixed_alarm,power,1,7,0.9285714285714286,13.574743600284345
7,B0,all,power,2,1344,0.9821428571428571,49.577391225823618
7,B0,daily_peak,power,2,77,0.9821428571428571,54.19837641005978
7,B0,up_start,power,2,13,0.9821428571428571,41.046534813669879
7,B0,fixed_alarm,power,2,7,0.9821428571428571,34.87077737405918
7,B0,all,power,3,1344,0.9642857142857143,58.235060632997232
7,B0,daily_peak,power,3,77,0.9642857142857143,62.646629403303336
7,B0,up_start,power,3,13,0.9642857142857143,81.985217084139833
7,B0,fixed_alarm,power,3,7,0.9642857142857143,68.9435496705498
7,B0,all,power,4,1344,0.9821428571428571,48.043273213943657
7,B0,daily_peak,power,4,77,0.9821428571428571,48.781183469650777
7,B0,up_start,power,4,13,0.9821428571428571,45.0117161943867
7,B0,fixed_alarm,power,4,7,0.9821428571428571,39.32762471012753
7,B0,all,power,5,1344,0.9464285714285714,53.902382010736517
7,B0,daily_peak,power,5,77,0.9464285714285714,59.511893437464082
7,B0,up_start,power,5,13,0.9464285714285714,62.375783146970875
7,B0,fixed_alarm,power,5,7,0.9464285714285714,56.003034830634228
7,B0,all,power,6,1344,1,45.185159480280824
7,B0,daily_peak,power,6,77,1,49.433571717070379
7,B0,up_start,power,6,13,1,31.949785185852249
7,B0,fixed_alarm,power,6,7,1,35.67787109792377
7,B0,all,power,7,1344,0.9642857142857143,54.756054889035809
7,B0,daily_peak,power,7,77,0.9642857142857143,62.159564691699835
7,B0,up_start,power,7,13,0.9642857142857143,61.852413479604593
7,B0,fixed_alarm,power,7,7,0.9642857142857143,73.798332706138325
7,B0,all,power,8,1344,0.9285714285714286,49.974262836855956
7,B0,daily_peak,power,8,77,0.9285714285714286,55.268138202335876
7,B0,up_start,power,8,13,0.9285714285714286,62.051217765365905
7,B0,fixed_alarm,power,8,7,0.9285714285714286,73.120244114834122
7,B0,all,power,9,1344,0.9821428571428571,57.689744128143651
7,B0,daily_peak,power,9,77,0.9821428571428571,65.808584134277638
7,B0,up_start,power,9,13,0.9821428571428571,41.139779349995145
7,B0,fixed_alarm,power,9,7,0.9821428571428571,35.292968730137858
7,B0,all,production,0,1344,1,0.53348686453701277
7,B0,daily_peak,production,0,77,1,-0.093068098989817577
7,B0,up_start,production,0,13,1,0.69600785490184935
7,B0,fixed_alarm,production,0,7,1,1.4154933949248434
7,B0,all,production,1,1344,0.9285714285714286,0.41995145945129425
7,B0,daily_peak,production,1,77,0.9285714285714286,-0.0038748367285762475
7,B0,up_start,production,1,13,0.9285714285714286,0.5164007737374644
7,B0,fixed_alarm,production,1,7,0.9285714285714286,1.0275829781674142
7,B0,all,production,2,1344,0.9821428571428571,0.56166002651017877
7,B0,daily_peak,production,2,77,0.9821428571428571,3.7421704959429902e-05
7,B0,up_start,production,2,13,0.9821428571428571,0.36788284176216079
7,B0,fixed_alarm,production,2,7,0.9821428571428571,0.49230876618069275
7,B0,all,production,3,1344,0.9642857142857143,0.60018726927212318
7,B0,daily_peak,production,3,77,0.9642857142857143,-0.19459204606979946
7,B0,up_start,production,3,13,0.9642857142857143,0.57216166615890307
7,B0,fixed_alarm,production,3,7,0.9642857142857143,1.0564338396646795
7,B0,all,production,4,1344,0.9821428571428571,0.41854732966600056
7,B0,daily_peak,production,4,77,0.9821428571428571,-0.11130851983749757
7,B0,up_start,production,4,13,0.9821428571428571,0.5315049429808093
7,B0,fixed_alarm,production,4,7,0.9821428571428571,0.71777889596374067
7,B0,all,production,5,1344,0.9464285714285714,0.61117990060487226
7,B0,daily_peak,production,5,77,0.9464285714285714,-0.043490959501848635
7,B0,up_start,production,5,13,0.9464285714285714,0.21023702703325198
7,B0,fixed_alarm,production,5,7,0.9464285714285714,0.46514527463287436
7,B0,all,production,6,1344,1,0.53283122553770268
7,B0,daily_peak,production,6,77,1,0.10338391490631862
7,B0,up_start,production,6,13,1,0.76133334144196629
7,B0,fixed_alarm,production,6,7,1,1.1446030645344609
7,B0,all,production,7,1344,0.9642857142857143,0.56318709371684839
7,B0,daily_peak,production,7,77,0.9642857142857143,-0.1651472415945783
7,B0,up_start,production,7,13,0.9642857142857143,0.63062730437662118
7,B0,fixed_alarm,production,7,7,0.9642857142857143,0.95190885272703796
7,B0,all,production,8,1344,0.9285714285714286,0.53393721064030919
7,B0,daily_peak,production,8,77,0.9285714285714286,-0.10532139522893498
7,B0,up_start,production,8,13,0.9285714285714286,0.24592824427565155
7,B0,fixed_alarm,production,8,7,0.9285714285714286,0.38123919531799644
7,B0,all,production,9,1344,0.9821428571428571,0.60172051367780499
7,B0,daily_peak,production,9,77,0.9821428571428571,-0.2132491838137591
7,B0,up_start,production,9,13,0.9821428571428571,0.66994709907436778
7,B0,fixed_alarm,production,9,7,0.9821428571428571,1.2665314664162881
7,B0_weather,all,calendar,0,1344,1,1.6337172636665853
7,B0_weather,daily_peak,calendar,0,77,1,1.8970371838544189
7,B0_weather,up_start,calendar,0,13,1,3.4059947393530194
7,B0_weather,fixed_alarm,calendar,0,7,1,6.6974343012460213
7,B0_weather,all,calendar,1,1344,0.9285714285714286,1.4633134612821201
7,B0_weather,daily_peak,calendar,1,77,0.9285714285714286,1.5468863736896707
7,B0_weather,up_start,calendar,1,13,0.9285714285714286,0.80146509975658486
7,B0_weather,fixed_alarm,calendar,1,7,0.9285714285714286,0.5989884526997814
7,B0_weather,all,calendar,2,1344,0.9821428571428571,1.2357542367325867
7,B0_weather,daily_peak,calendar,2,77,0.9821428571428571,1.1794043311215539
7,B0_weather,up_start,calendar,2,13,0.9821428571428571,2.1634665891837019
7,B0_weather,fixed_alarm,calendar,2,7,0.9821428571428571,0.6985189701075244
7,B0_weather,all,calendar,3,1344,0.9642857142857143,1.7042248670014735
7,B0_weather,daily_peak,calendar,3,77,0.9642857142857143,1.7991726390484837
7,B0_weather,up_start,calendar,3,13,0.9642857142857143,3.0745490964875466
7,B0_weather,fixed_alarm,calendar,3,7,0.9642857142857143,1.5640525560139378
7,B0_weather,all,calendar,4,1344,0.9821428571428571,1.4312898413293527
7,B0_weather,daily_peak,calendar,4,77,0.9821428571428571,1.4690773499117495
7,B0_weather,up_start,calendar,4,13,0.9821428571428571,5.0296099472974669
7,B0_weather,fixed_alarm,calendar,4,7,0.9821428571428571,4.95013159397653
7,B0_weather,all,calendar,5,1344,0.9464285714285714,2.0162339392118365
7,B0_weather,daily_peak,calendar,5,77,0.9464285714285714,2.0664406245981715
7,B0_weather,up_start,calendar,5,13,0.9464285714285714,5.0752748508360961
7,B0_weather,fixed_alarm,calendar,5,7,0.9464285714285714,4.840182394614077
7,B0_weather,all,calendar,6,1344,1,1.3064965817885525
7,B0_weather,daily_peak,calendar,6,77,1,1.4287256920071303
7,B0_weather,up_start,calendar,6,13,1,3.0271558984994442
7,B0_weather,fixed_alarm,calendar,6,7,1,3.1474949417792937
7,B0_weather,all,calendar,7,1344,0.9642857142857143,1.48925112859035
7,B0_weather,daily_peak,calendar,7,77,0.9642857142857143,1.209906183414805
7,B0_weather,up_start,calendar,7,13,0.9642857142857143,2.7393148517174426
7,B0_weather,fixed_alarm,calendar,7,7,0.9642857142857143,4.6839137775889901
7,B0_weather,all,calendar,8,1344,0.9285714285714286,1.3120761011578481
7,B0_weather,daily_peak,calendar,8,77,0.9285714285714286,1.4175629690280018
7,B0_weather,up_start,calendar,8,13,0.9285714285714286,4.741640230002643
7,B0_weather,fixed_alarm,calendar,8,7,0.9285714285714286,5.9528343623756097
7,B0_weather,all,calendar,9,1344,0.9821428571428571,1.5552451299142713
7,B0_weather,daily_peak,calendar,9,77,0.9821428571428571,1.2531753830403154
7,B0_weather,up_start,calendar,9,13,0.9821428571428571,1.6376920548506746
7,B0_weather,fixed_alarm,calendar,9,7,0.9821428571428571,1.0367287782789358
7,B0_weather,all,power,0,1344,1,52.722983312220421
7,B0_weather,daily_peak,power,0,77,1,60.106518613050085
7,B0_weather,up_start,power,0,13,1,63.745240869356202
7,B0_weather,fixed_alarm,power,0,7,1,75.900429119548434
7,B0_weather,all,power,1,1344,0.9285714285714286,41.050260204645795
7,B0_weather,daily_peak,power,1,77,0.9285714285714286,42.820926493794886
7,B0_weather,up_start,power,1,13,0.9285714285714286,31.282456142236924
7,B0_weather,fixed_alarm,power,1,7,0.9285714285714286,14.936801562597015
7,B0_weather,all,power,2,1344,0.9821428571428571,49.430668498516738
7,B0_weather,daily_peak,power,2,77,0.9821428571428571,54.234158199837665
7,B0_weather,up_start,power,2,13,0.9821428571428571,41.315667200471502
7,B0_weather,fixed_alarm,power,2,7,0.9821428571428571,34.771327301937461
7,B0_weather,all,power,3,1344,0.9642857142857143,58.057684671667779
7,B0_weather,daily_peak,power,3,77,0.9642857142857143,62.475926653464803
7,B0_weather,up_start,power,3,13,0.9642857142857143,82.273543079077399
7,B0_weather,fixed_alarm,power,3,7,0.9642857142857143,69.80136266950862
7,B0_weather,all,power,4,1344,0.9821428571428571,47.854643965971455
7,B0_weather,daily_peak,power,4,77,0.9821428571428571,48.659426235696621
7,B0_weather,up_start,power,4,13,0.9821428571428571,44.094003498033246
7,B0_weather,fixed_alarm,power,4,7,0.9821428571428571,38.036985182272765
7,B0_weather,all,power,5,1344,0.9464285714285714,53.692176529068774
7,B0_weather,daily_peak,power,5,77,0.9464285714285714,59.160219224621564
7,B0_weather,up_start,power,5,13,0.9464285714285714,62.310028126890252
7,B0_weather,fixed_alarm,power,5,7,0.9464285714285714,55.236495393038794
7,B0_weather,all,power,6,1344,1,45.072036337297988
7,B0_weather,daily_peak,power,6,77,1,49.521324459286966
7,B0_weather,up_start,power,6,13,1,31.912046786494393
7,B0_weather,fixed_alarm,power,6,7,1,35.475127177800623
7,B0_weather,all,power,7,1344,0.9642857142857143,54.587069275159379
7,B0_weather,daily_peak,power,7,77,0.9642857142857143,61.833055531613716
7,B0_weather,up_start,power,7,13,0.9642857142857143,61.562295604337152
7,B0_weather,fixed_alarm,power,7,7,0.9642857142857143,72.974135541732338
7,B0_weather,all,power,8,1344,0.9285714285714286,49.734666244960557
7,B0_weather,daily_peak,power,8,77,0.9285714285714286,55.102485748126348
7,B0_weather,up_start,power,8,13,0.9285714285714286,61.869833130611774
7,B0_weather,fixed_alarm,power,8,7,0.9285714285714286,72.951232789753377
7,B0_weather,all,power,9,1344,0.9821428571428571,57.580131017743909
7,B0_weather,daily_peak,power,9,77,0.9821428571428571,65.641612299853662
7,B0_weather,up_start,power,9,13,0.9821428571428571,40.394894068683769
7,B0_weather,fixed_alarm,power,9,7,0.9821428571428571,35.219677265655164
7,B0_weather,all,production,0,1344,1,0.45353168442000341
7,B0_weather,daily_peak,production,0,77,1,-0.14430053627078102
7,B0_weather,up_start,production,0,13,1,0.17454446971771412
7,B0_weather,fixed_alarm,production,0,7,1,0.52275179927666415
7,B0_weather,all,production,1,1344,0.9285714285714286,0.34595869286525827
7,B0_weather,daily_peak,production,1,77,0.9285714285714286,-0.025256037591604052
7,B0_weather,up_start,production,1,13,0.9285714285714286,-0.015760810239992925
7,B0_weather,fixed_alarm,production,1,7,0.9285714285714286,0.16905015181743011
7,B0_weather,all,production,2,1344,0.9821428571428571,0.47854754756285556
7,B0_weather,daily_peak,production,2,77,0.9821428571428571,-0.061230716740787013
7,B0_weather,up_start,production,2,13,0.9821428571428571,-0.035093626234737045
7,B0_weather,fixed_alarm,production,2,7,0.9821428571428571,-0.069791414434746457
7,B0_weather,all,production,3,1344,0.9642857142857143,0.50042281468488192
7,B0_weather,daily_peak,production,3,77,0.9642857142857143,-0.20923651971296084
7,B0_weather,up_start,production,3,13,0.9642857142857143,0.11769085374135321
7,B0_weather,fixed_alarm,production,3,7,0.9642857142857143,0.32851215374335296
7,B0_weather,all,production,4,1344,0.9821428571428571,0.33614419085780478
7,B0_weather,daily_peak,production,4,77,0.9821428571428571,-0.11005329635732915
7,B0_weather,up_start,production,4,13,0.9821428571428571,0.18579036918067204
7,B0_weather,fixed_alarm,production,4,7,0.9821428571428571,0.16735815100451287
7,B0_weather,all,production,5,1344,0.9464285714285714,0.49915514856287163
7,B0_weather,daily_peak,production,5,77,0.9464285714285714,-0.086549878354771931
7,B0_weather,up_start,production,5,13,0.9464285714285714,-0.063548978158610658
7,B0_weather,fixed_alarm,production,5,7,0.9464285714285714,-0.029642728255128401
7,B0_weather,all,production,6,1344,1,0.43384020919585681
7,B0_weather,daily_peak,production,6,77,1,0.039762157271170773
7,B0_weather,up_start,production,6,13,1,0.34273680613241508
7,B0_weather,fixed_alarm,production,6,7,1,0.45883010534346419
7,B0_weather,all,production,7,1344,0.9642857142857143,0.44961516215110853
7,B0_weather,daily_peak,production,7,77,0.9642857142857143,-0.20559284875657369
7,B0_weather,up_start,production,7,13,0.9642857142857143,0.26890679196585027
7,B0_weather,fixed_alarm,production,7,7,0.9642857142857143,0.49478079079491571
7,B0_weather,all,production,8,1344,0.9285714285714286,0.42273833969407076
7,B0_weather,daily_peak,production,8,77,0.9285714285714286,-0.17020417716387534
7,B0_weather,up_start,production,8,13,0.9285714285714286,-0.075401889935584707
7,B0_weather,fixed_alarm,production,8,7,0.9285714285714286,-0.12520331728738857
7,B0_weather,all,production,9,1344,0.9821428571428571,0.47561903655045917
7,B0_weather,daily_peak,production,9,77,0.9821428571428571,-0.29185626896241196
7,B0_weather,up_start,production,9,13,0.9821428571428571,0.14204019088122138
7,B0_weather,fixed_alarm,production,9,7,0.9821428571428571,0.41761218625043334
7,B0_weather,all,weather,0,1344,1,-0.020376223306554669
7,B0_weather,daily_peak,weather,0,77,1,0.0091679334721667862
7,B0_weather,up_start,weather,0,13,1,-0.12600185474852091
7,B0_weather,fixed_alarm,weather,0,7,1,-0.074632493939134292
7,B0_weather,all,weather,1,1344,0.9285714285714286,-0.024463878652023544
7,B0_weather,daily_peak,weather,1,77,0.9285714285714286,-0.026681671703434853
7,B0_weather,up_start,weather,1,13,0.9285714285714286,-0.023237833076616601
7,B0_weather,fixed_alarm,weather,1,7,0.9285714285714286,-0.062630220798723713
7,B0_weather,all,weather,2,1344,0.9821428571428571,-0.014196092198887894
7,B0_weather,daily_peak,weather,2,77,0.9821428571428571,-0.0079021820861870287
7,B0_weather,up_start,weather,2,13,0.9821428571428571,0.1607890121703843
7,B0_weather,fixed_alarm,weather,2,7,0.9821428571428571,0.65071962953503459
7,B0_weather,all,weather,3,1344,0.9642857142857143,-0.026439848636455512
7,B0_weather,daily_peak,weather,3,77,0.9642857142857143,-0.088086850157938448
7,B0_weather,up_start,weather,3,13,0.9642857142857143,0.025065707048700966
7,B0_weather,fixed_alarm,weather,3,7,0.9642857142857143,0.31518824004769336
7,B0_weather,all,weather,4,1344,0.9821428571428571,-0.011548719404212669
7,B0_weather,daily_peak,weather,4,77,0.9821428571428571,0.018057956949231124
7,B0_weather,up_start,weather,4,13,0.9821428571428571,0.024077029714609701
7,B0_weather,fixed_alarm,weather,4,7,0.9821428571428571,0.35501579701778091
7,B0_weather,all,weather,5,1344,0.9464285714285714,-0.0046154793962235666
7,B0_weather,daily_peak,weather,5,77,0.9464285714285714,-0.032776503235807705
7,B0_weather,up_start,weather,5,13,0.9464285714285714,0.35371666851965788
7,B0_weather,fixed_alarm,weather,5,7,0.9464285714285714,0.74955715139491219
7,B0_weather,all,weather,6,1344,1,-0.026743554846756026
7,B0_weather,daily_peak,weather,6,77,1,-0.064045236186309876
7,B0_weather,up_start,weather,6,13,1,-0.043074080835151123
7,B0_weather,fixed_alarm,weather,6,7,1,0.16689903249977484
7,B0_weather,all,weather,7,1344,0.9642857142857143,-0.004718623696204201
7,B0_weather,daily_peak,weather,7,77,0.9642857142857143,-0.013855016107477081
7,B0_weather,up_start,weather,7,13,0.9642857142857143,-0.071919678833453946
7,B0_weather,fixed_alarm,weather,7,7,0.9642857142857143,0.034447824132801737
7,B0_weather,all,weather,8,1344,0.9285714285714286,0.014104692646481291
7,B0_weather,daily_peak,weather,8,77,0.9285714285714286,0.0048516305707117591
7,B0_weather,up_start,weather,8,13,0.9285714285714286,-0.18897381866450649
7,B0_weather,fixed_alarm,weather,8,7,0.9285714285714286,-0.12745327273328907
7,B0_weather,all,weather,9,1344,0.9821428571428571,-0.017521853035949348
7,B0_weather,daily_peak,weather,9,77,0.9821428571428571,-0.056528235358842625
7,B0_weather,up_start,weather,9,13,0.9821428571428571,-0.036834620557202088
7,B0_weather,fixed_alarm,weather,9,7,0.9821428571428571,0.081747914096573435
7,B1,all,calendar,0,1344,1,0.96746196100569493
7,B1,daily_peak,calendar,0,77,1,0.75687119141883563
7,B1,up_start,calendar,0,13,1,0.27672506313300882
7,B1,fixed_alarm,calendar,0,7,1,1.032048377486112
7,B1,all,calendar,1,1344,0.9285714285714286,0.90421811481707792
7,B1,daily_peak,calendar,1,77,0.9285714285714286,0.68074218931174002
7,B1,up_start,calendar,1,13,0.9285714285714286,0.20167909657186994
7,B1,fixed_alarm,calendar,1,7,0.9285714285714286,0.077242616543466217
7,B1,all,calendar,2,1344,0.9821428571428571,0.75297909889883718
7,B1,daily_peak,calendar,2,77,0.9821428571428571,0.47747388288658377
7,B1,up_start,calendar,2,13,0.9821428571428571,0.75559701029743787
7,B1,fixed_alarm,calendar,2,7,0.9821428571428571,0.44537942022677562
7,B1,all,calendar,3,1344,0.9642857142857143,1.0099017805120576
7,B1,daily_peak,calendar,3,77,0.9642857142857143,0.70779381511550221
7,B1,up_start,calendar,3,13,0.9642857142857143,1.0852891227452517
7,B1,fixed_alarm,calendar,3,7,0.9642857142857143,0.37302946477597387
7,B1,all,calendar,4,1344,0.9821428571428571,0.80126792529654389
7,B1,daily_peak,calendar,4,77,0.9821428571428571,0.56929515364951078
7,B1,up_start,calendar,4,13,0.9821428571428571,1.536514069337598
7,B1,fixed_alarm,calendar,4,7,0.9821428571428571,1.4700978959216238
7,B1,all,calendar,5,1344,0.9464285714285714,1.2046670182210755
7,B1,daily_peak,calendar,5,77,0.9464285714285714,0.90822764016351287
7,B1,up_start,calendar,5,13,0.9464285714285714,0.10020752047138942
7,B1,fixed_alarm,calendar,5,7,0.9464285714285714,-1.3192205841311551
7,B1,all,calendar,6,1344,1,0.81875470104410142
7,B1,daily_peak,calendar,6,77,1,0.66470368857437112
7,B1,up_start,calendar,6,13,1,0.85165251319822433
7,B1,fixed_alarm,calendar,6,7,1,0.97421553673570671
7,B1,all,calendar,7,1344,0.9642857142857143,0.81916457142943988
7,B1,daily_peak,calendar,7,77,0.9642857142857143,0.42669640890334393
7,B1,up_start,calendar,7,13,0.9642857142857143,0.56570028888766355
7,B1,fixed_alarm,calendar,7,7,0.9642857142857143,1.5155102666132783
7,B1,all,calendar,8,1344,0.9285714285714286,0.9019646691318377
7,B1,daily_peak,calendar,8,77,0.9285714285714286,0.59854226187975512
7,B1,up_start,calendar,8,13,0.9285714285714286,1.8393906526513801
7,B1,fixed_alarm,calendar,8,7,0.9285714285714286,2.5231367474845001
7,B1,all,calendar,9,1344,0.9821428571428571,0.82958766709969667
7,B1,daily_peak,calendar,9,77,0.9821428571428571,0.42983908186440356
7,B1,up_start,calendar,9,13,0.9821428571428571,0.77476486453542093
7,B1,fixed_alarm,calendar,9,7,0.9821428571428571,0.9223191803364037
7,B1,all,power,0,1344,1,52.252664285327576
7,B1,daily_peak,power,0,77,1,60.718325744748832
7,B1,up_start,power,0,13,1,67.604328758822007
7,B1,fixed_alarm,power,0,7,1,85.713008681376579
7,B1,all,power,1,1344,0.9285714285714286,40.630619509116677
7,B1,daily_peak,power,1,77,0.9285714285714286,42.588348629182732
7,B1,up_start,power,1,13,0.9285714285714286,31.961595574939572
7,B1,fixed_alarm,power,1,7,0.9285714285714286,17.234207112436959
7,B1,all,power,2,1344,0.9821428571428571,48.569720361096373
7,B1,daily_peak,power,2,77,0.9821428571428571,53.689079157407875
7,B1,up_start,power,2,13,0.9821428571428571,43.228707657904856
7,B1,fixed_alarm,power,2,7,0.9821428571428571,36.520022375950326
7,B1,all,power,3,1344,0.9642857142857143,57.642928330669442
7,B1,daily_peak,power,3,77,0.9642857142857143,62.178435051726986
7,B1,up_start,power,3,13,0.9642857142857143,86.37428834657122
7,B1,fixed_alarm,power,3,7,0.9642857142857143,74.992951792402394
7,B1,all,power,4,1344,0.9821428571428571,47.83013317661829
7,B1,daily_peak,power,4,77,0.9821428571428571,49.104724001876967
7,B1,up_start,power,4,13,0.9821428571428571,48.085277668428105
7,B1,fixed_alarm,power,4,7,0.9821428571428571,45.499835591266368
7,B1,all,power,5,1344,0.9464285714285714,53.223118073334298
7,B1,daily_peak,power,5,77,0.9464285714285714,59.334964268989346
7,B1,up_start,power,5,13,0.9464285714285714,66.653913962873858
7,B1,fixed_alarm,power,5,7,0.9464285714285714,59.942233124892695
7,B1,all,power,6,1344,1,44.664683404108807
7,B1,daily_peak,power,6,77,1,49.009190906551417
7,B1,up_start,power,6,13,1,34.610229900323105
7,B1,fixed_alarm,power,6,7,1,40.357351778344011
7,B1,all,power,7,1344,0.9642857142857143,54.166651028820375
7,B1,daily_peak,power,7,77,0.9642857142857143,62.082002568794273
7,B1,up_start,power,7,13,0.9642857142857143,65.914988540568771
7,B1,fixed_alarm,power,7,7,0.9642857142857143,79.470641000065896
7,B1,all,power,8,1344,0.9285714285714286,49.215089382385678
7,B1,daily_peak,power,8,77,0.9285714285714286,55.49751599396626
7,B1,up_start,power,8,13,0.9285714285714286,64.96280658171132
7,B1,fixed_alarm,power,8,7,0.9285714285714286,78.123749046384788
7,B1,all,power,9,1344,0.9821428571428571,56.685581602611819
7,B1,daily_peak,power,9,77,0.9821428571428571,65.023162994029349
7,B1,up_start,power,9,13,0.9821428571428571,43.481880081778293
7,B1,fixed_alarm,power,9,7,0.9821428571428571,42.941054508085436
7,B1,all,production,0,1344,1,0.85484313648052435
7,B1,daily_peak,production,0,77,1,0.4209474796401832
7,B1,up_start,production,0,13,1,0.35366674219944971
7,B1,fixed_alarm,production,0,7,1,0.32480509903657712
7,B1,all,production,1,1344,0.9285714285714286,0.62170744157597491
7,B1,daily_peak,production,1,77,0.9285714285714286,0.27508339034708779
7,B1,up_start,production,1,13,0.9285714285714286,0.24709390640314355
7,B1,fixed_alarm,production,1,7,0.9285714285714286,0.16939721653424808
7,B1,all,production,2,1344,0.9821428571428571,0.88369841857314013
7,B1,daily_peak,production,2,77,0.9821428571428571,0.44445572380565507
7,B1,up_start,production,2,13,0.9821428571428571,0.082751279210076342
7,B1,fixed_alarm,production,2,7,0.9821428571428571,0.02564817146695272
7,B1,all,production,3,1344,0.9642857142857143,0.93665837315430223
7,B1,daily_peak,production,3,77,0.9642857142857143,0.29993002244011385
7,B1,up_start,production,3,13,0.9642857142857143,0.24704711940851518
7,B1,fixed_alarm,production,3,7,0.9642857142857143,0.29483403557711896
7,B1,all,production,4,1344,0.9821428571428571,0.63677017088062959
7,B1,daily_peak,production,4,77,0.9821428571428571,0.13724509474035976
7,B1,up_start,production,4,13,0.9821428571428571,0.043375459361245615
7,B1,fixed_alarm,production,4,7,0.9821428571428571,0.095614103235756628
7,B1,all,production,5,1344,0.9464285714285714,0.93229828284612659
7,B1,daily_peak,production,5,77,0.9464285714285714,0.52729377952368828
7,B1,up_start,production,5,13,0.9464285714285714,0.083968828951087135
7,B1,fixed_alarm,production,5,7,0.9464285714285714,0.04080850170270521
7,B1,all,production,6,1344,1,0.78760778937525122
7,B1,daily_peak,production,6,77,1,0.42271359461072971
7,B1,up_start,production,6,13,1,0.094403607893195407
7,B1,fixed_alarm,production,6,7,1,0.1630278967686008
7,B1,all,production,7,1344,0.9642857142857143,0.81368559996158984
7,B1,daily_peak,production,7,77,0.9642857142857143,0.33440194366711778
7,B1,up_start,production,7,13,0.9642857142857143,0.22953030302106142
7,B1,fixed_alarm,production,7,7,0.9642857142857143,0.28784768714662945
7,B1,all,production,8,1344,0.9285714285714286,0.81371785904061067
7,B1,daily_peak,production,8,77,0.9285714285714286,0.55648480616991147
7,B1,up_start,production,8,13,0.9285714285714286,0.099082722882284396
7,B1,fixed_alarm,production,8,7,0.9285714285714286,-0.0080256467009616837
7,B1,all,production,9,1344,0.9821428571428571,0.95492965863284751
7,B1,daily_peak,production,9,77,0.9821428571428571,0.49765479935925494
7,B1,up_start,production,9,13,0.9821428571428571,0.30435147744170676
7,B1,fixed_alarm,production,9,7,0.9821428571428571,0.30080548870650758
7,B1,all,state,0,1344,1,-0.72994839222285568
7,B1,daily_peak,state,0,77,1,-0.21015342826186453
7,B1,up_start,state,0,13,1,-0.93395746111398981
7,B1,fixed_alarm,state,0,7,1,0.31564138982279488
7,B1,all,state,1,1344,0.9285714285714286,-0.41277197484758499
7,B1,daily_peak,state,1,77,0.9285714285714286,0.033612538472075695
7,B1,up_start,state,1,13,0.9285714285714286,-0.6684409948985669
7,B1,fixed_alarm,state,1,7,0.9285714285714286,-1.0466859528588739
7,B1,all,state,2,1344,0.9821428571428571,-0.89552939260700781
7,B1,daily_peak,state,2,77,0.9821428571428571,-0.77453482519057748
7,B1,up_start,state,2,13,0.9821428571428571,-1.8763147260917579
7,B1,fixed_alarm,state,2,7,0.9821428571428571,-2.4639192388593267
7,B1,all,state,3,1344,0.9642857142857143,-0.90514820326469536
7,B1,daily_peak,state,3,77,0.9642857142857143,-0.54708170887389307
7,B1,up_start,state,3,13,0.9642857142857143,-0.21801939376634147
7,B1,fixed_alarm,state,3,7,0.9642857142857143,0.17897720817677509
7,B1,all,state,4,1344,0.9821428571428571,-0.56758159930559826
7,B1,daily_peak,state,4,77,0.9821428571428571,-0.44024732938746558
7,B1,up_start,state,4,13,0.9821428571428571,0.50650957037854683
7,B1,fixed_alarm,state,4,7,0.9821428571428571,0.94066063070301553
7,B1,all,state,5,1344,0.9464285714285714,-0.51229661413683558
7,B1,daily_peak,state,5,77,0.9464285714285714,-0.89751522088736768
7,B1,up_start,state,5,13,0.9464285714285714,-1.353894176004373
7,B1,fixed_alarm,state,5,7,0.9464285714285714,-1.3285990216871661
7,B1,all,state,6,1344,1,-0.42284534037534499
7,B1,daily_peak,state,6,77,1,-0.53127831117337065
7,B1,up_start,state,6,13,1,-0.42207167695192555
7,B1,fixed_alarm,state,6,7,1,-0.51039030019312093
7,B1,all,state,7,1344,0.9642857142857143,-0.69289006651160512
7,B1,daily_peak,state,7,77,0.9642857142857143,-0.60455800752090949
7,B1,up_start,state,7,13,0.9642857142857143,0.065277636175735024
7,B1,fixed_alarm,state,7,7,0.9642857142857143,0.65449978535890196
7,B1,all,state,8,1344,0.9285714285714286,-0.42660778116183762
7,B1,daily_peak,state,8,77,0.9285714285714286,-0.53505133117537029
7,B1,up_start,state,8,13,0.9285714285714286,-0.026619125442432681
7,B1,fixed_alarm,state,8,7,0.9285714285714286,0.54206908185420033
7,B1,all,state,9,1344,0.9821428571428571,-0.63053203581921091
7,B1,daily_peak,state,9,77,0.9821428571428571,-0.52501807410571311
7,B1,up_start,state,9,13,0.9821428571428571,-1.0092490492900941
7,B1,fixed_alarm,state,9,7,0.9821428571428571,-1.5258594875576006
7,B1,all,availability,0,1344,1,0
7,B1,daily_peak,availability,0,77,1,0
7,B1,up_start,availability,0,13,1,0
7,B1,fixed_alarm,availability,0,7,1,0
7,B1,all,availability,1,1344,0.9285714285714286,0
7,B1,daily_peak,availability,1,77,0.9285714285714286,0
7,B1,up_start,availability,1,13,0.9285714285714286,0
7,B1,fixed_alarm,availability,1,7,0.9285714285714286,0
7,B1,all,availability,2,1344,0.9821428571428571,0
7,B1,daily_peak,availability,2,77,0.9821428571428571,0
7,B1,up_start,availability,2,13,0.9821428571428571,0
7,B1,fixed_alarm,availability,2,7,0.9821428571428571,0
7,B1,all,availability,3,1344,0.9642857142857143,0
7,B1,daily_peak,availability,3,77,0.9642857142857143,0
7,B1,up_start,availability,3,13,0.9642857142857143,0
7,B1,fixed_alarm,availability,3,7,0.9642857142857143,0
7,B1,all,availability,4,1344,0.9821428571428571,0
7,B1,daily_peak,availability,4,77,0.9821428571428571,0
7,B1,up_start,availability,4,13,0.9821428571428571,0
7,B1,fixed_alarm,availability,4,7,0.9821428571428571,0
7,B1,all,availability,5,1344,0.9464285714285714,0
7,B1,daily_peak,availability,5,77,0.9464285714285714,0
7,B1,up_start,availability,5,13,0.9464285714285714,0
7,B1,fixed_alarm,availability,5,7,0.9464285714285714,0
7,B1,all,availability,6,1344,1,0
7,B1,daily_peak,availability,6,77,1,0
7,B1,up_start,availability,6,13,1,0
7,B1,fixed_alarm,availability,6,7,1,0
7,B1,all,availability,7,1344,0.9642857142857143,0
7,B1,daily_peak,availability,7,77,0.9642857142857143,0
7,B1,up_start,availability,7,13,0.9642857142857143,0
7,B1,fixed_alarm,availability,7,7,0.9642857142857143,0
7,B1,all,availability,8,1344,0.9285714285714286,0
7,B1,daily_peak,availability,8,77,0.9285714285714286,0
7,B1,up_start,availability,8,13,0.9285714285714286,0
7,B1,fixed_alarm,availability,8,7,0.9285714285714286,0
7,B1,all,availability,9,1344,0.9821428571428571,0
7,B1,daily_peak,availability,9,77,0.9821428571428571,0
7,B1,up_start,availability,9,13,0.9821428571428571,0
7,B1,fixed_alarm,availability,9,7,0.9821428571428571,0
7,B1_weather,all,calendar,0,1344,1,0.94641063864384045
7,B1_weather,daily_peak,calendar,0,77,1,0.64579617088267605
7,B1_weather,up_start,calendar,0,13,1,0.45542071876537615
7,B1_weather,fixed_alarm,calendar,0,7,1,1.2833723239157442
7,B1_weather,all,calendar,1,1344,0.9285714285714286,0.87068463821472108
7,B1_weather,daily_peak,calendar,1,77,0.9285714285714286,0.59070046557099942
7,B1_weather,up_start,calendar,1,13,0.9285714285714286,0.15956505978885197
7,B1_weather,fixed_alarm,calendar,1,7,0.9285714285714286,0.15849843454372245
7,B1_weather,all,calendar,2,1344,0.9821428571428571,0.73285027805394587
7,B1_weather,daily_peak,calendar,2,77,0.9821428571428571,0.49361997159958604
7,B1_weather,up_start,calendar,2,13,0.9821428571428571,0.9311071564077863
7,B1_weather,fixed_alarm,calendar,2,7,0.9821428571428571,0.69500495663677542
7,B1_weather,all,calendar,3,1344,0.9642857142857143,1.0240088576681492
7,B1_weather,daily_peak,calendar,3,77,0.9642857142857143,0.63276508228546036
7,B1_weather,up_start,calendar,3,13,0.9642857142857143,0.97292522215004429
7,B1_weather,fixed_alarm,calendar,3,7,0.9642857142857143,0.64711029987883451
7,B1_weather,all,calendar,4,1344,0.9821428571428571,0.79012968696760855
7,B1_weather,daily_peak,calendar,4,77,0.9821428571428571,0.49152191043283777
7,B1_weather,up_start,calendar,4,13,0.9821428571428571,1.3781217887103223
7,B1_weather,fixed_alarm,calendar,4,7,0.9821428571428571,1.3906928020540883
7,B1_weather,all,calendar,5,1344,0.9464285714285714,1.1917744341874554
7,B1_weather,daily_peak,calendar,5,77,0.9464285714285714,0.79056919144650906
7,B1_weather,up_start,calendar,5,13,0.9464285714285714,0.34313261983573484
7,B1_weather,fixed_alarm,calendar,5,7,0.9464285714285714,-0.74268760340446049
7,B1_weather,all,calendar,6,1344,1,0.78246004550496751
7,B1_weather,daily_peak,calendar,6,77,1,0.59967023032285049
7,B1_weather,up_start,calendar,6,13,1,0.87858097797953427
7,B1_weather,fixed_alarm,calendar,6,7,1,1.0175243569227186
7,B1_weather,all,calendar,7,1344,0.9642857142857143,0.80364678160458558
7,B1_weather,daily_peak,calendar,7,77,0.9642857142857143,0.34995064081448929
7,B1_weather,up_start,calendar,7,13,0.9642857142857143,0.5236336726372971
7,B1_weather,fixed_alarm,calendar,7,7,0.9642857142857143,1.3737071701463524
7,B1_weather,all,calendar,8,1344,0.9285714285714286,0.88557254783378336
7,B1_weather,daily_peak,calendar,8,77,0.9285714285714286,0.52281593943622684
7,B1_weather,up_start,calendar,8,13,0.9285714285714286,1.8469599428431773
7,B1_weather,fixed_alarm,calendar,8,7,0.9285714285714286,2.5071728127031787
7,B1_weather,all,calendar,9,1344,0.9821428571428571,0.85754360349510017
7,B1_weather,daily_peak,calendar,9,77,0.9821428571428571,0.37586261247979841
7,B1_weather,up_start,calendar,9,13,0.9821428571428571,0.77717301588345744
7,B1_weather,fixed_alarm,calendar,9,7,0.9821428571428571,1.1235056248163704
7,B1_weather,all,power,0,1344,1,52.374536999163034
7,B1_weather,daily_peak,power,0,77,1,60.972315448869132
7,B1_weather,up_start,power,0,13,1,67.3545482273951
7,B1_weather,fixed_alarm,power,0,7,1,86.332328246114088
7,B1_weather,all,power,1,1344,0.9285714285714286,40.757797505203044
7,B1_weather,daily_peak,power,1,77,0.9285714285714286,42.922334782326097
7,B1_weather,up_start,power,1,13,0.9285714285714286,32.472953895383746
7,B1_weather,fixed_alarm,power,1,7,0.9285714285714286,18.438125290878986
7,B1_weather,all,power,2,1344,0.9821428571428571,48.677466007211649
7,B1_weather,daily_peak,power,2,77,0.9821428571428571,54.121057220528897
7,B1_weather,up_start,power,2,13,0.9821428571428571,44.025060773942258
7,B1_weather,fixed_alarm,power,2,7,0.9821428571428571,37.19383855801123
7,B1_weather,all,power,3,1344,0.9642857142857143,57.925618514530299
7,B1_weather,daily_peak,power,3,77,0.9642857142857143,62.675840490599505
7,B1_weather,up_start,power,3,13,0.9642857142857143,87.484242064558941
7,B1_weather,fixed_alarm,power,3,7,0.9642857142857143,77.558025973738523
7,B1_weather,all,power,4,1344,0.9821428571428571,47.948571790720813
7,B1_weather,daily_peak,power,4,77,0.9821428571428571,49.20428604479293
7,B1_weather,up_start,power,4,13,0.9821428571428571,48.204260185436993
7,B1_weather,fixed_alarm,power,4,7,0.9821428571428571,46.249188561715968
7,B1_weather,all,power,5,1344,0.9464285714285714,53.387629507192308
7,B1_weather,daily_peak,power,5,77,0.9464285714285714,59.543449824871182
7,B1_weather,up_start,power,5,13,0.9464285714285714,67.044347510566439
7,B1_weather,fixed_alarm,power,5,7,0.9464285714285714,60.160214457732387
7,B1_weather,all,power,6,1344,1,44.750288061876482
7,B1_weather,daily_peak,power,6,77,1,49.231497627865622
7,B1_weather,up_start,power,6,13,1,34.976882944047368
7,B1_weather,fixed_alarm,power,6,7,1,41.556598095550726
7,B1_weather,all,power,7,1344,0.9642857142857143,54.287081993476328
7,B1_weather,daily_peak,power,7,77,0.9642857142857143,62.290204205675359
7,B1_weather,up_start,power,7,13,0.9642857142857143,66.138145249544706
7,B1_weather,fixed_alarm,power,7,7,0.9642857142857143,80.048676238317583
7,B1_weather,all,power,8,1344,0.9285714285714286,49.295088934775819
7,B1_weather,daily_peak,power,8,77,0.9285714285714286,55.817447514426718
7,B1_weather,up_start,power,8,13,0.9285714285714286,65.785541365654979
7,B1_weather,fixed_alarm,power,8,7,0.9285714285714286,80.196865114227663
7,B1_weather,all,power,9,1344,0.9821428571428571,56.890781491016966
7,B1_weather,daily_peak,power,9,77,0.9821428571428571,65.193584630585974
7,B1_weather,up_start,power,9,13,0.9821428571428571,44.275357745516345
7,B1_weather,fixed_alarm,power,9,7,0.9821428571428571,44.54483766429
7,B1_weather,all,production,0,1344,1,0.72112479744139191
7,B1_weather,daily_peak,production,0,77,1,0.31196347556552595
7,B1_weather,up_start,production,0,13,1,0.42297560418518071
7,B1_weather,fixed_alarm,production,0,7,1,0.4400641442017153
7,B1_weather,all,production,1,1344,0.9285714285714286,0.50695411620731745
7,B1_weather,daily_peak,production,1,77,0.9285714285714286,0.25494975938194575
7,B1_weather,up_start,production,1,13,0.9285714285714286,0.28503324997696977
7,B1_weather,fixed_alarm,production,1,7,0.9285714285714286,0.33218876071380726
7,B1_weather,all,production,2,1344,0.9821428571428571,0.72795407990921812
7,B1_weather,daily_peak,production,2,77,0.9821428571428571,0.3907849817138393
7,B1_weather,up_start,production,2,13,0.9821428571428571,0.096081840704173901
7,B1_weather,fixed_alarm,production,2,7,0.9821428571428571,-0.080351325472175203
7,B1_weather,all,production,3,1344,0.9642857142857143,0.74856213680713923
7,B1_weather,daily_peak,production,3,77,0.9642857142857143,0.16721456046054062
7,B1_weather,up_start,production,3,13,0.9642857142857143,0.22347873470609705
7,B1_weather,fixed_alarm,production,3,7,0.9642857142857143,0.29799959018930622
7,B1_weather,all,production,4,1344,0.9821428571428571,0.49690709723241672
7,B1_weather,daily_peak,production,4,77,0.9821428571428571,0.11744955635189602
7,B1_weather,up_start,production,4,13,0.9821428571428571,0.098404117549451858
7,B1_weather,fixed_alarm,production,4,7,0.9821428571428571,0.12920073494628678
7,B1_weather,all,production,5,1344,0.9464285714285714,0.72869605560509698
7,B1_weather,daily_peak,production,5,77,0.9464285714285714,0.34542570644966286
7,B1_weather,up_start,production,5,13,0.9464285714285714,0.0086472277365207718
7,B1_weather,fixed_alarm,production,5,7,0.9464285714285714,-0.024547283880480109
7,B1_weather,all,production,6,1344,1,0.63647124774004582
7,B1_weather,daily_peak,production,6,77,1,0.39855684110174389
7,B1_weather,up_start,production,6,13,1,0.16444522491265554
7,B1_weather,fixed_alarm,production,6,7,1,0.18201851609044947
7,B1_weather,all,production,7,1344,0.9642857142857143,0.6471502540013625
7,B1_weather,daily_peak,production,7,77,0.9642857142857143,0.2359034281494978
7,B1_weather,up_start,production,7,13,0.9642857142857143,0.39673980596707392
7,B1_weather,fixed_alarm,production,7,7,0.9642857142857143,0.39096510093458342
7,B1_weather,all,production,8,1344,0.9285714285714286,0.63758555390303551
7,B1_weather,daily_peak,production,8,77,0.9285714285714286,0.42700683084581736
7,B1_weather,up_start,production,8,13,0.9285714285714286,0.11222925764239623
7,B1_weather,fixed_alarm,production,8,7,0.9285714285714286,-0.036899914504849515
7,B1_weather,all,production,9,1344,0.9821428571428571,0.78049074109402605
7,B1_weather,daily_peak,production,9,77,0.9821428571428571,0.36812023435926278
7,B1_weather,up_start,production,9,13,0.9821428571428571,0.45224760116653767
7,B1_weather,fixed_alarm,production,9,7,0.9821428571428571,0.48312393785436064
7,B1_weather,all,state,0,1344,1,-0.68303638112724741
7,B1_weather,daily_peak,state,0,77,1,-0.13822211747744731
7,B1_weather,up_start,state,0,13,1,-0.72759115799390461
7,B1_weather,fixed_alarm,state,0,7,1,0.36889331095050742
7,B1_weather,all,state,1,1344,0.9285714285714286,-0.37208097859999267
7,B1_weather,daily_peak,state,1,77,0.9285714285714286,0.099352429127378877
7,B1_weather,up_start,state,1,13,0.9285714285714286,-0.67247508319572202
7,B1_weather,fixed_alarm,state,1,7,0.9285714285714286,-0.70775287013869304
7,B1_weather,all,state,2,1344,0.9821428571428571,-0.82904003773795443
7,B1_weather,daily_peak,state,2,77,0.9821428571428571,-0.65914903859147522
7,B1_weather,up_start,state,2,13,0.9821428571428571,-1.9914714099499105
7,B1_weather,fixed_alarm,state,2,7,0.9821428571428571,-2.8903955596440727
7,B1_weather,all,state,3,1344,0.9642857142857143,-0.81305646995229996
7,B1_weather,daily_peak,state,3,77,0.9642857142857143,-0.4379913487921327
7,B1_weather,up_start,state,3,13,0.9642857142857143,-0.34012638736827117
7,B1_weather,fixed_alarm,state,3,7,0.9642857142857143,-0.043286542216029442
7,B1_weather,all,state,4,1344,0.9821428571428571,-0.4992066692906873
7,B1_weather,daily_peak,state,4,77,0.9821428571428571,-0.26128982053828087
7,B1_weather,up_start,state,4,13,0.9821428571428571,0.50189214205228105
7,B1_weather,fixed_alarm,state,4,7,0.9821428571428571,0.93208540666852202
7,B1_weather,all,state,5,1344,0.9464285714285714,-0.46643026926763537
7,B1_weather,daily_peak,state,5,77,0.9464285714285714,-0.72696037708702954
7,B1_weather,up_start,state,5,13,0.9464285714285714,-1.2961478898448691
7,B1_weather,fixed_alarm,state,5,7,0.9464285714285714,-1.5776866331085719
7,B1_weather,all,state,6,1344,1,-0.37949394850037277
7,B1_weather,daily_peak,state,6,77,1,-0.47502385450787388
7,B1_weather,up_start,state,6,13,1,-0.93304269907456761
7,B1_weather,fixed_alarm,state,6,7,1,-1.0522606246903601
7,B1_weather,all,state,7,1344,0.9642857142857143,-0.61052531997418014
7,B1_weather,daily_peak,state,7,77,0.9642857142857143,-0.4089046021313581
7,B1_weather,up_start,state,7,13,0.9642857142857143,0.086372225973865221
7,B1_weather,fixed_alarm,state,7,7,0.9642857142857143,0.43513416660973853
7,B1_weather,all,state,8,1344,0.9285714285714286,-0.39292400112926085
7,B1_weather,daily_peak,state,8,77,0.9285714285714286,-0.45221457742677057
7,B1_weather,up_start,state,8,13,0.9285714285714286,-0.092279872302314589
7,B1_weather,fixed_alarm,state,8,7,0.9285714285714286,0.19806505313873199
7,B1_weather,all,state,9,1344,0.9821428571428571,-0.56380880657922428
7,B1_weather,daily_peak,state,9,77,0.9821428571428571,-0.42714417119069864
7,B1_weather,up_start,state,9,13,0.9821428571428571,-1.0221801333217728
7,B1_weather,fixed_alarm,state,9,7,0.9821428571428571,-1.6528153703665518
7,B1_weather,all,availability,0,1344,1,0
7,B1_weather,daily_peak,availability,0,77,1,0
7,B1_weather,up_start,availability,0,13,1,0
7,B1_weather,fixed_alarm,availability,0,7,1,0
7,B1_weather,all,availability,1,1344,0.9285714285714286,0
7,B1_weather,daily_peak,availability,1,77,0.9285714285714286,0
7,B1_weather,up_start,availability,1,13,0.9285714285714286,0
7,B1_weather,fixed_alarm,availability,1,7,0.9285714285714286,0
7,B1_weather,all,availability,2,1344,0.9821428571428571,0
7,B1_weather,daily_peak,availability,2,77,0.9821428571428571,0
7,B1_weather,up_start,availability,2,13,0.9821428571428571,0
7,B1_weather,fixed_alarm,availability,2,7,0.9821428571428571,0
7,B1_weather,all,availability,3,1344,0.9642857142857143,0
7,B1_weather,daily_peak,availability,3,77,0.9642857142857143,0
7,B1_weather,up_start,availability,3,13,0.9642857142857143,0
7,B1_weather,fixed_alarm,availability,3,7,0.9642857142857143,0
7,B1_weather,all,availability,4,1344,0.9821428571428571,0
7,B1_weather,daily_peak,availability,4,77,0.9821428571428571,0
7,B1_weather,up_start,availability,4,13,0.9821428571428571,0
7,B1_weather,fixed_alarm,availability,4,7,0.9821428571428571,0
7,B1_weather,all,availability,5,1344,0.9464285714285714,0
7,B1_weather,daily_peak,availability,5,77,0.9464285714285714,0
7,B1_weather,up_start,availability,5,13,0.9464285714285714,0
7,B1_weather,fixed_alarm,availability,5,7,0.9464285714285714,0
7,B1_weather,all,availability,6,1344,1,0
7,B1_weather,daily_peak,availability,6,77,1,0
7,B1_weather,up_start,availability,6,13,1,0
7,B1_weather,fixed_alarm,availability,6,7,1,0
7,B1_weather,all,availability,7,1344,0.9642857142857143,0
7,B1_weather,daily_peak,availability,7,77,0.9642857142857143,0
7,B1_weather,up_start,availability,7,13,0.9642857142857143,0
7,B1_weather,fixed_alarm,availability,7,7,0.9642857142857143,0
7,B1_weather,all,availability,8,1344,0.9285714285714286,0
7,B1_weather,daily_peak,availability,8,77,0.9285714285714286,0
7,B1_weather,up_start,availability,8,13,0.9285714285714286,0
7,B1_weather,fixed_alarm,availability,8,7,0.9285714285714286,0
7,B1_weather,all,availability,9,1344,0.9821428571428571,0
7,B1_weather,daily_peak,availability,9,77,0.9821428571428571,0
7,B1_weather,up_start,availability,9,13,0.9821428571428571,0
7,B1_weather,fixed_alarm,availability,9,7,0.9821428571428571,0
7,B1_weather,all,weather,0,1344,1,-0.014371980616060643
7,B1_weather,daily_peak,weather,0,77,1,-0.067760623549375079
7,B1_weather,up_start,weather,0,13,1,-0.13613997480079723
7,B1_weather,fixed_alarm,weather,0,7,1,-0.027188387802238725
7,B1_weather,all,weather,1,1344,0.9285714285714286,-0.019877014254092211
7,B1_weather,daily_peak,weather,1,77,0.9285714285714286,0.036914093832848445
7,B1_weather,up_start,weather,1,13,0.9285714285714286,0.10438656574440039
7,B1_weather,fixed_alarm,weather,1,7,0.9285714285714286,0.22444038146117659
7,B1_weather,all,weather,2,1344,0.9821428571428571,-0.01263823692775138
7,B1_weather,daily_peak,weather,2,77,0.9821428571428571,0.044352365979649214
7,B1_weather,up_start,weather,2,13,0.9821428571428571,0.637392449109766
7,B1_weather,fixed_alarm,weather,2,7,0.9821428571428571,1.2240683068727987
7,B1_weather,all,weather,3,1344,0.9642857142857143,-0.0053424560402241267
7,B1_weather,daily_peak,weather,3,77,0.9642857142857143,0.080566630303508385
7,B1_weather,up_start,weather,3,13,0.9642857142857143,0.48287438379808323
7,B1_weather,fixed_alarm,weather,3,7,0.9642857142857143,0.93271486049656005
7,B1_weather,all,weather,4,1344,0.9821428571428571,-0.0043198381787162713
7,B1_weather,daily_peak,weather,4,77,0.9821428571428571,0.089879612603083262
7,B1_weather,up_start,weather,4,13,0.9821428571428571,0.32860154915123785
7,B1_weather,fixed_alarm,weather,4,7,0.9821428571428571,0.67094908259123343
7,B1_weather,all,weather,5,1344,0.9464285714285714,-0.0011786927907534359
7,B1_weather,daily_peak,weather,5,77,0.9464285714285714,0.056977216651548486
7,B1_weather,up_start,weather,5,13,0.9464285714285714,0.48355597566700226
7,B1_weather,fixed_alarm,weather,5,7,0.9464285714285714,0.94769331516203736
7,B1_weather,all,weather,6,1344,1,-0.015263054611485995
7,B1_weather,daily_peak,weather,6,77,1,0.030470402965511244
7,B1_weather,up_start,weather,6,13,1,0.039617969250542728
7,B1_weather,fixed_alarm,weather,6,7,1,0.26464792117189567
7,B1_weather,all,weather,7,1344,0.9642857142857143,-0.014311639377450532
7,B1_weather,daily_peak,weather,7,77,0.9642857142857143,0.014051305702302059
7,B1_weather,up_start,weather,7,13,0.9642857142857143,0.10767732669983641
7,B1_weather,fixed_alarm,weather,7,7,0.9642857142857143,0.35465547064140424
7,B1_weather,all,weather,8,1344,0.9285714285714286,-0.0015713565277490297
7,B1_weather,daily_peak,weather,8,77,0.9285714285714286,0.093325450021684686
7,B1_weather,up_start,weather,8,13,0.9285714285714286,0.13754069576070441
7,B1_weather,fixed_alarm,weather,8,7,0.9285714285714286,0.26372508066232364
7,B1_weather,all,weather,9,1344,0.9821428571428571,-0.032205316607264188
7,B1_weather,daily_peak,weather,9,77,0.9821428571428571,-0.035111766756294523
7,B1_weather,up_start,weather,9,13,0.9821428571428571,0.26710681788365009
7,B1_weather,fixed_alarm,weather,9,7,0.9821428571428571,0.56404068111984473
