timestamp,expected_value,prediction,hour_sin,hour_cos,month,weekend,dow_0,dow_1,dow_2,dow_3,dow_4,dow_5,dow_6,lag1_production,lag1_production_zero,lag1_mean,lag1_maximum,lag2_mean,lag2_maximum,lag1_last,past_median6,past_iqr6,past_range6,past_slope6,prior_delta,prior_last_minus_mean,prior_slot_range,prior_production_delta,prior_state_age,prior_state_left_censored,prior_state_direction,up_classifier_available,down_classifier_available
2021-04-01 00:00:00,103.35317891319526,65.091177628446118,-1.4285327309703764,-11.009274239738037,-0.35567408260849404,0.0066886786320386905,-0.0031172527690952936,-3.1533850087673578e-05,-0.010418903157595319,0.32115906676708383,0.16219123616001477,-0.085668768761607894,0.99239889547902993,0.010934016581193131,0,-0.12939395548754906,-1.054267794032232,-1.9362076214974804,0.15720319353270404,-36.278884601531765,-0.6900274164207385,-0.96551540290264548,-1.8004912807948605,0.2321388645123173,-1.1532971658924664,3.0150552312490904,0.40054789769970739,-0.052641703733371917,13.324680993885076,0.0097036752332620782,0.058741419667623029,0,0
2021-04-01 01:00:00,103.35317891319526,49.820623661400909,-0.16250413681298198,-3.9010688227256347,0.072943275502552654,0.0059616697829728924,-0.0031172527690952936,-3.1533850087673578e-05,-0.010418903157595319,0.47742657842900271,0.15097269962384502,-0.071279917766063655,0.99611608269311736,0.3280882399728513,0,-0.43861780088093033,-0.96341156199848832,-0.22226180847818383,-0.67250616402941632,-59.530107072244157,-1.132522401998715,-1.1466393223582865,-1.7123544252623355,0.58720135933997331,-0.56866871425565202,-0.92696721855853736,0.74709829231682523,0.016944449197089761,14.47968783472983,0.0097036752332620782,0.057777648530496904,0,0
2021-04-01 02:00:00,103.35317891319526,31.709518845084986,0.24770951258901625,-5.8312366566795104,0.22496422851386783,0.0049607307716949961,-0.0029019789485346375,-0.00036921231727608328,-0.0079100189869450027,0.25945917359792536,0.10934273024918205,-0.1139818148242092,0.63319608808360883,-0.27625295750700812,0,-1.718535852085306,-1.6805660024632483,-0.25237935062979799,-0.72132935646948693,-62.864912167003538,-1.4674298321605876,-0.80832420878289213,-1.6271374555088867,-0.090996788507658993,-0.68180902952405875,-1.1397263333684176,-1.21916931150385,-0.26639188576169881,7.5764371099491186,0.012817685323499906,0.058812885844750494,0,0
2021-04-01 03:00:00,103.35317891319526,26.552626286978349,-0.10038015966937645,-5.9069192194565154,0.23471124068210386,0.0049607307716949961,-0.0036785896335755517,-0.00054595804335329809,-0.007762657052714248,0.324603432723229,0.06621799831396237,-0.10875431736291974,0.61002381103921344,-0.12624331977768904,0,-1.9198509861897708,-1.6798655601069366,-2.2030930241609106,0.36097891457986758,-65.120913283108621,-0.94565026256757956,0.90179027414781243,-1.5794085618551785,-0.35624207004051722,-0.21406610338118831,-1.2508959546001355,-1.754925086566524,0.010671321368557446,3.8930541925619031,0.012817685323499906,0.058812885844750494,0,0
2021-04-01 04:00:00,103.35317891319526,37.062082208427007,2.1234080396726549,-5.8406850925754288,0.21983032297243971,0.0066886786320386905,-0.0031767497253669522,-3.1533850087673578e-05,-0.010254620047002925,0.52237391705130609,0.16814991872277502,-0.074249146500686092,0.57947898028574218,-0.2460803872550035,0,0.14645684117246771,-1.0994748648016472,-2.6640041075753005,0.69279787507118429,-64.249129948909726,-0.78196901183966216,-1.11136619185637,-1.5445238501592131,0.10841600560445956,-0.8271832313684615,-1.1061018913234932,0.70260606311523333,0.19945033507961346,7.7283194037893113,0.0097036752332620782,0.05945386661675367,0,0
2021-04-01 05:00:00,103.35317891319526,30.47582130631012,3.3787475943609042,-5.979846984056147,0.23918496760712388,0.016336497065220359,-0.0036785896335755517,-0.00056154132128311083,-0.0084806737075550642,0.30125801939996844,0.10711208752195144,-0.11276960443709312,0.58061469802273469,0.13593987257891108,0,-2.9141383147303488,-1.6409677273801768,-0.36601591725515403,-0.58266502231415718,-63.734466883485553,-1.6363296765462096,-0.93140273480704372,-1.6885268548967263,-0.70676166515007066,-0.87815246771068212,-1.0085789789203685,-1.2025590309437888,0.34614180851688248,5.3409379633968417,0.012817685323499906,0.05945386661675367,0,0
2021-04-01 06:00:00,103.35317891319526,34.576695388564886,4.885804042886976,-3.9187143571016687,0.2518502373657725,0.016336497065220359,-0.0034164656414201154,-0.0023512533227485234,-0.0073997403095512745,0.29152623219921453,0.13609493595366356,-0.099137860624461005,0.57061430577972094,-0.0038244989789991734,0,-3.658535373927486,-1.7489731898347021,-1.9474919316224133,0.54828428003387186,-65.745513632396495,-0.8605174660950885,1.3365711814484305,-1.5935433918365611,-0.39062859411473327,-0.036056567951683695,-1.0768366264793552,-1.5533481708132102,-0.24627218050369878,6.0067245122507167,0.012817685323499906,0.05945386661675367,0,0
2021-04-01 07:00:00,103.35317891319526,41.166163367145792,5.9621257965972898,5.2322441269485784,0.25023660434591538,0.03002494744946085,-0.0029393541925633593,-0.010395839779627701,-0.0085670442802921222,0.49563940733554213,0.23020450889964572,-0.067692653241775202,0.54690161593255093,0.096566352835552163,0,0.32103643912328689,-2.6090589613544908,-2.9303177767244502,0.56539390606502971,-71.398731998388172,-0.60753358478709207,-1.1789852008619661,-2.7691107730760232,0.54569961625690455,-0.74710256676859099,-1.4358594533939206,-0.87246759033456234,-0.033444462965788443,8.1413668131985055,0.0097036752332620782,0.058047903878358342,0,0
2021-04-01 08:00:00,103.35317891319526,143.40415198744159,3.563448233396826,18.340273069220515,0.27669911933690605,0.027798778579433258,-0.0018177016490713036,-0.0050651695288239165,-0.0090688854533595709,-0.29125079344835325,0.33491331652364481,-0.030649101105910105,0.17735263900372142,-0.41296214820306842,0,0.022569845978544428,-8.9327533430606998,-0.5428351614054493,-0.49377219254034349,15.285980807813029,-1.1533627294335953,-0.65382760163838383,0.24259439262124016,0.32714482824993407,3.5639811548772493,4.4444990410989655,0.24089132054364029,0.22950196679424026,5.2698391390674955,0.085580272335854121,0.14526997627227747,0,0
2021-04-01 09:00:00,103.35317891319526,181.63828431881115,0.24856781896344901,21.788653955305069,-0.088084197655395186,0.0091210763245062488,-0.00093562204411706319,0.0060585930731984908,-0.015375143434342979,0.12594677762613654,0.25882648095227456,-0.02323475206546307,0.19428567477149128,-0.2306853554104723,0,1.2165212768661224,2.151677869550698,-0.95177287456843229,-0.72310933604062844,49.066390708933938,-0.63600527964656073,-0.51058171987203105,3.3493938039061693,-0.049917273436838432,2.0234656594310567,-0.09995847235273439,0.70887538020533003,0.082719761757215557,0.075791319908237328,0.085580272335854121,0.22288900223223365,0,0
2021-04-01 10:00:00,103.35317891319526,184.59779754206392,0.31252787175618552,21.936106423926926,-0.082983297362252018,0.0075389399448310274,-0.0012529005784850064,-0.018202296214172325,-0.0093459062774496338,0.35348338462081735,0.33884598653917752,-0.021272557425533932,0.13304174421828768,-0.085728449861650735,0,0.35518017603397617,2.3218227369192168,3.0229119720129822,1.0279701398474148,48.48770622643395,-0.36851334891824994,-0.18646551420473695,3.4952807639766359,0.049422478437238022,-0.51281301860976436,-0.3791042890900615,0.60882868651348632,-0.10789571666007076,0.2717040585993416,0.085580272335854121,0.21024406195487264,0,0
2021-04-01 11:00:00,103.35317891319526,179.9431823831402,0.37107416990022829,22.113544516071101,-0.088221561495012674,0.008843785919934807,-0.00098219658387174269,-0.0038490402489291722,-0.011118609055960762,-0.088721466116576955,0.26800537764486876,-0.021962307030984153,0.12213117111650627,-0.13006091859951846,0,0.11172134348897401,0.25250367991049172,2.5638229901318281,1.0957673542124804,47.819000157514559,-0.87400593962303441,-0.58486230323779564,3.2114630134177831,0.20050012143920767,-1.5671109340181657,1.2304225659159569,-0.18595619691654802,0.087009442043809615,0.3768972730881357,0.085580272335854121,0.22856770871972096,0,0
2021-04-01 12:00:00,103.35317891319526,129.12759646933364,-0.31426198242138098,-20.639017210916055,-0.10480501146653458,0.0091210763245062488,-0.00098219658387174269,0.017542361005341681,-0.021494738828331521,0.062216765021677195,0.21883889434213988,-0.018962149964581419,0.13352874188585198,-0.079051161358292682,0,0.61956415399759357,0.89414306226073303,-0.26675978901114772,0.40155008923102747,41.135203409185685,0.58033354310242369,-0.30113913032534173,2.5626358525284068,-0.26416776176414231,1.4856503308490461,-0.15420121120653349,-0.1911347124188692,-0.026388025491487076,-0.22636153321330207,0.021564812621119856,0.24125107875269688,0,0
2021-04-01 13:00:00,103.35317891319526,183.91359150177854,0.016559738007951085,27.068825826666448,-0.093577118543201651,0.008843785919934807,-0.00098219658387174269,-0.00080202815018508115,-0.014065507168345374,-0.13929957937452772,0.30000246256976226,-0.021962307030984153,0.11799921445439009,0.56758121704223519,0,-0.00022550560373748305,0.40200522843123743,3.0630214139232472,1.0894792901509356,43.552805351941878,0.18306557859638781,-0.76827595842404317,3.3294891943009666,-0.040104748994170929,-0.87345025016514977,1.7259304649380558,0.097487197009339194,0.2530478929031616,0.42195026759957871,0.085580272335854121,0.22948339183027058,0,0
2021-04-01 14:00:00,103.35317891319526,178.18292665770593,-0.56368902409714161,19.768529885102485,-0.091783361260885432,0.0091210763245062488,-0.0013635740526804303,0.015288913876364118,-0.020239998989323067,0.066232177736502029,0.22104543549662847,-0.018962149964581419,0.15190281192461697,-0.094312506215111599,0,1.8599939484794501,2.1979000101303288,-0.6004699904073697,0.51126757354576335,48.992975154477172,0.9819738365987033,-0.34194719640484217,0.1639813485841084,-0.068948357673315086,2.283704309934826,-0.50280821597969272,-0.87674016687815104,-0.042438846617079327,0.58070419874426527,0.073321331120729943,0.17550912097426266,0,0
2021-04-01 15:00:00,103.35317891319526,173.66484702301895,-0.59470102762602428,18.831433806695983,-0.074350768694634403,0.0095342387293866852,-0.0013635740526804303,0.0015091495369245443,-0.018850131877842461,0.14908797605065502,0.24316942900206093,-0.021332957267673307,0.13102540385008968,-0.081932746160329098,0,0.097547083393131895,0.30461631570868225,2.8785313438295312,1.2924238477457284,47.893859383613652,0.76543559982488363,-0.29794963132792374,0.67275992959801856,-0.31824459261535826,-0.74307802226205577,-0.9679042761929153,-0.66312718246655256,-0.034422405396075842,0.61658084234390997,0.11652838103753055,0.12488269480353502,0,0
2021-04-01 16:00:00,103.35317891319526,168.80515058803869,-1.3959903148168114,19.66410882234532,-0.092907140742755551,0.0075389399448310274,-0.00098219658387174269,-0.0017630315339811494,-0.015162027011268047,-0.1587167244368877,0.27671313024665989,-0.021332957267673307,0.11707920171988467,-0.19921857961829401,0,-0.089143565246921394,0.38248698500044587,-0.113792252114631,0.40100867967363046,46.930422860607067,0.10943735061450141,-0.54541715560015314,0.40659541870531468,0.019454087693213367,-1.6831585276173189,0.92519515996905655,-0.22712400242452058,0.060687906581580159,0.42824351576829461,0.073321331120729943,0.19438675986794005,0,0
2021-04-01 17:00:00,103.35317891319526,157.37737130129352,-0.39192056781187429,13.494707035717374,-0.082615233902463239,0.0095342387293866852,-0.0013635740526804303,-0.11959540953951861,-0.053245328593729067,0.068153803476094107,0.35485128402601807,-0.023406627918801316,0.14189232109023103,0.32061707641892323,0,0.20155195708256246,0.36591851776052919,-1.8333960739427124,1.2430038775957779,38.961966964481206,0.33358354027462445,-0.20887144220468967,0.65048922679529297,0.30345907608048511,-1.1814253094788247,-0.25753343348621976,0.60694560580515666,0.58174890300251925,0.33756732463421785,0.025511522956359167,0.17606311310309172,0,0
2021-04-01 18:00:00,103.35317891319526,149.45578079558751,-0.93211331439484713,9.3770068018936641,-0.096699373568406619,0.008843785919934807,-0.00098219658387174269,-0.075748318264055106,-0.019349456461437198,-0.22527078438462464,0.27224798247681814,-0.030200107151243185,0.13726041975890779,-0.042656124849646038,0,0.19813709298122306,-0.51192367549195095,-1.5688155584336876,-1.0324303981311449,41.555990427566478,-0.14679064885121831,-0.66335353994748802,0.45112510340954581,-0.28287007983223345,-2.2314600777948264,1.2926835090160138,-0.20767547048501564,0.47684541319476631,0.18497951734339255,0.021564812621119856,0.19425614083604373,0,0
2021-04-01 19:00:00,103.35317891319526,149.40995846916826,0.4346008656594243,-4.9845669707422751,-0.073271747616453567,0.011116375109061907,-0.00098219658387174269,0.046853592997890825,-0.077254807241006834,0.028746471348422113,0.22234939049718883,-0.024436529828262218,0.14885194296500998,-0.14990764825357419,0,0.30524998409252668,-0.014385581165428865,-0.20263808049519394,0.32118227958174045,46.53084328260119,0.32466264505830661,-0.44716572941609223,0.067979369266618558,0.37544054236205116,2.608188309372188,-0.70161205088109335,0.15142658056622715,0.98870671931965026,0.039171520603439605,0.036534346577456203,0.091096680217786538,0,0
2021-04-01 20:00:00,103.35317891319526,121.39337475430365,-0.49060457912390881,-13.2194616239161,-0.096651070154208499,0.0095342387293866852,-0.0013635740526804303,0.005304646184492388,-0.059957970551352525,0.093190655651095897,0.32536749886567795,-0.02863787388694879,0.15438845000975926,-0.1231483472917151,0,1.1050871795275965,1.3859013161049094,-0.44218334935233267,0.43596264031278986,28.684711379883719,0.84834448668935858,-0.21867875112538751,-0.5854453419625919,0.33544438963591161,-0.69895667285720775,-0.12363108980844247,0.57394821165766663,-0.074429217223412572,0.075388824656622291,0.036534346577456203,0.13423703792813818,0,0
2021-04-01 21:00:00,103.35317891319526,117.75921235929751,-0.42274262480316754,-15.805341145735683,-0.09432018287890219,0.0095342387293866852,-0.0011235975086600351,0.005304646184492388,-0.061206181455148542,0.08944284739194712,0.20693963181896444,-0.030200107151243185,0.1466028681351273,-0.05435481584143257,0,-0.41923153623600684,0.88303677022775817,-0.4200580537374618,0.40719241186640975,29.709551154297884,0.95001309538956669,-0.33250930577604992,-0.52306327956692733,0.23596826403133131,-0.82647778369619651,0.11830911287458014,0.31030391096100646,0.25630064859514429,-0.04082560482726981,0.036534346577456203,0.072453718235291106,0,0
2021-04-01 22:00:00,103.35317891319526,112.36798882152596,-0.57395697008819524,-13.70858132319432,-0.092971992236727197,0.0095342387293866852,-0.0011235975086600351,-0.0011658138858801975,-0.067269672034936098,0.092193226941091153,0.19877835431400392,-0.030200107151243185,0.1483619464741755,0.10308625245533326,0,-0.31554621746536909,-4.0652077808736982,-0.45150366470431536,0.44086498987151129,28.576431671229013,0.79528491351898112,-0.3789805816956453,-0.31788092837665455,0.078551415940919689,-0.85214012909590686,-0.39231914317070887,-0.1950186283265416,-0.10018734267291966,-0.011534920239526788,0.036534346577456203,0.090777365000139387,0,0
2021-04-01 23:00:00,103.35317891319526,111.11059859093636,-0.53932783801526596,-14.046789125424283,-0.079736578184105483,0.0095342387293866852,-0.0011235975086600351,-0.010919972615368732,-0.058084556183559954,0.23607137464385045,0.25143596595825529,-0.031257348248550469,0.22148650528947425,-0.12461431509396162,0,-0.3133157830959456,-4.4073660628684816,-0.51607608119438142,-1.239836491385534,28.505627658497886,0.69748418360245279,-0.12990128758805702,-0.76003594015741993,0.20940435172829083,-0.69145487394086158,0.06673892945787728,0.6427375781882424,-0.18962980750988789,-0.072398784460629043,0.036534346577456203,0.092232988542986255,0,0
2021-04-02 00:00:00,103.35317891319526,51.030943414994049,-0.95974078374477467,-46.051452329979831,-1.3442874124109829,0.0059845032764258739,-0.012350635451711327,-0.0016284366212376128,-0.041133889490925162,-0.051336515448581345,-3.7374828138684424,-0.075368792496373446,0.24700269659512036,0.29227343444020365,0,-0.33082707999915656,-0.60494034226703264,-0.37660876162889317,-1.2040270421934374,9.5714616446104142,-0.6042732134435933,-0.56492539246790352,-0.763679214095068,0.00015978518771684897,-0.5683738690069412,-2.181582011745288,-3.3585242976666905,0.25019104176152018,-0.054900460963240139,0.036534346577456203,0.16160034433996662,0,0
2021-04-02 01:00:00,103.35317891319526,106.69518124317997,0.49128173844989936,-8.9417810348188986,-0.51876607692189414,0.0059845032764258739,-0.0067379413031194955,-0.00055344362384417644,-0.0089720389514293952,-0.048511985581650367,-2.0467121171818485,-0.075542384175306801,0.35851293223273573,0.18832045654606042,0,-0.38805091429988864,-3.6687486284693427,-0.43911401338156364,-1.0873307862630119,20.395371660964496,-0.97652511724348912,-0.17028675395235404,0.68944576252383349,-0.15868925479881024,-0.35938243225053962,0.3049422589545967,-0.18676346697100693,-0.024313211814824081,-0.15115043606279208,0.036534346577456203,0.12954070852486124,0,0
2021-04-02 02:00:00,103.35317891319526,111.61132412592802,0.1538491732984435,-17.64260464943937,-0.36281710896438174,0.0067062522004579378,-0.0015956595656907958,0.001228232488181738,-0.012628194429841193,0.0030442029646062575,-3.1707708226698874,-0.025836857057546549,0.20659397412558916,0.22090800494738977,0,-0.41160269380991366,1.0250289953641871,-0.46037163841711565,-1.2700416992649071,28.502658109540196,-0.94129749085555481,-0.25139219993243872,-0.17079475347304052,0.13436528622476729,1.7074816069414624,0.54476549919065176,0.21882610850892611,-0.020602358878120883,0.16262512267461948,0.036534346577456203,0.075886424443659839,0,0
2021-04-02 03:00:00,103.35317891319526,113.5126652021098,0.13845489947042222,-15.891064752681343,-0.36514905418161653,0.0057960242521118196,-0.0021287103888810487,0.029404777859581607,-0.011674592359039004,-0.0307587509658592,-2.9514607844680643,-0.024383608027220151,0.18797274285180338,-0.13619115310832919,0,0.47756309250698203,1.4071901002750875,-0.34413165829165826,0.52625254997096438,29.544978227953901,-0.88145716757608439,0.026828338155939446,-0.26830095234136853,-0.49783260173693417,0.2328259886920766,-1.1578041187041179,0.0036153077805206961,-0.047882822473837745,0.091548507164605747,0.021564812621119828,0.075711646663707166,0,0
2021-04-02 04:00:00,103.35317891319526,109.01200425698272,0.85595038101514609,-17.814774488626838,-0.46946644237580953,0.0059845032764258739,-0.0013496824454415635,-0.0087840214415104596,-0.012056966419670625,0.054197597053838122,-3.0404184517316883,-0.03078385209487244,0.13678140437881295,-0.14473859016107049,0,-0.29884329970610446,-1.2979406819127413,-0.42669367175660189,0.34790692707324056,28.254069211791716,-1.0644794101492834,0.082615728652342083,-0.16346141299113132,0.10308617717699253,-1.061122530620608,1.1291587799049614,0.14112701369033975,0.23721623228637828,0.05229410433278911,0.036534346577456203,0.056816439010399782,0,0
2021-04-02 05:00:00,103.35317891319526,100.00121463395958,-0.14012507186977943,-10.337211612565778,-0.39914557984710142,0.017961851777441563,-0.0060288693428231545,-0.003002174222014627,-0.011275954142634135,-0.075193307577311685,-3.0055883863441548,-0.027880548668758998,0.18534253674359077,-0.018260206432273031,0,-0.28531151089081386,-4.4369489843121501,-0.28769518651830006,-1.0036898361484283,20.252577451579263,-1.1111688396125432,-0.35632863697434203,0.48358907485087071,-0.038777689570807135,-0.79335729013200518,-1.649254465167306,0.21604954107071642,-0.022088572749117158,-0.57238527990328403,0.021564812621119828,0.051668455113052326,0,0
2021-04-02 06:00:00,103.35317891319526,107.97027588421071,1.2943862038708795,-7.3304396849573514,-0.39669958724055726,0.017961851777441563,-0.0025607318595202702,-0.012378420265450614,-0.010889022110054514,0.040909723941481929,-2.5303741496140422,-0.029081884994513002,0.44001658970986668,0.12709626303073826,0,-0.23283559243269783,-4.9089364267717377,-0.44256347574730476,-0.98931289790876575,19.187905345009355,-0.51957772088359755,-0.37090496128281764,0.15537283049515027,0.19799798759877038,-0.53346348247420683,1.7032909151611675,0.74645746581443917,-0.049454330683656331,-1.0028953349303982,0.021564812621119828,0.046504686141735391,0,0
2021-04-02 07:00:00,103.35317891319526,146.57834882858145,1.2483247548127787,16.518239200270429,-0.090988193997449715,0.023182512657003225,-0.0021406655142590741,-0.054363715160628982,-0.008254040346839818,0.0016283337630679591,-2.5262486930624801,-0.022180035931972698,0.43481942332431539,0.21672602307280509,0,0.025478705575643027,-0.75315789619155227,-1.291361542388006,-2.5063662825143638,35.288222436794833,-0.43541325650390722,-1.0228892558626876,-0.96989964811129303,-0.27284284516105889,2.4567178173000017,-2.0030589379746471,-1.7366530736864312,-0.15281316141630771,0.79741451135389929,0.021564812621119856,0.041482627664127497,0,0
2021-04-02 08:00:00,103.35317891319526,182.31571811467191,3.7152524748630222,23.075756558994655,-0.18013669680563535,0.012524947947760797,-0.0016221016416387004,-0.0069696749694651387,-0.010206417352531034,0.073981660067816923,-3.7029487286768852,-0.011722247173200334,0.3015786850098458,-0.49838820561727482,0,0.24487905006577584,0.13922528821270627,-0.49031671098816981,-0.60996574172190887,41.390022894105648,-0.69391690672022421,-0.73040135305646892,-0.066809311008339575,0.14137798402389898,3.2220186892475722,4.6527090257966401,0.63706197011549159,0.18384347539765666,8.0530199388856012,0.085580272335854121,0.037110382138408289,0,0
2021-04-02 09:00:00,103.35317891319526,185.3139462606795,0.061697173289549545,21.875807487908055,-0.25143515872772565,0.0042373604890881935,-0.0013496824454415635,0.0028609772157958992,-0.010965028111794277,0.012397789057234298,-3.1843963046323935,-0.013785430798687034,0.12681211884276203,0.62706237093563399,0,0.94120551015415976,2.3483198863340653,-0.26383206965141054,0.070327896770155551,45.520915426448539,-0.20953045758043623,-0.44610147268423439,2.797055133061745,0.055818541830105324,2.2312939556542122,0.85193231942277625,0.66154373391467891,-0.047554404287070737,8.0298817640298719,0.085580272335854121,0.084967638709182267,0,0
2021-04-02 10:00:00,103.35317891319526,183.30862960328025,0.16836793569441591,21.916405549494534,-0.29837562875518325,0.0038275405899243558,-0.0013232403694936588,-0.004897397511425974,-0.0090309023498683031,-0.0027516016074503333,-3.6557767634205582,-0.016676548648395528,0.10419747899628629,0.71830982873676041,0,0.23861556357695307,2.4391362091019659,2.4020567715061403,0.62501510069512922,46.153181483843802,0.23447463919489536,-0.49472445402607645,3.0616373629270326,0.17795752943886398,-0.9475301402857419,1.0876771010629518,0.3836054774246021,0.016917936559000264,5.4888491997420443,0.085580272335854121,0.080724386138180518,0,0
2021-04-02 11:00:00,103.35317891319526,179.65103788271449,0.024781091458743496,22.095594237443557,-0.30138697994947983,0.0041465125961162742,-0.0013232403694936588,0.0012072684146403536,-0.010865344330282259,0.039865369424614702,-3.3977332134567537,-0.016676548648395528,0.097212010020543749,0.70540995629333225,0,0.095932166894962534,0.58068125790962843,2.0584982862448791,0.20585937363803591,46.417486006485184,-0.17281201680105085,-0.84893112022078443,3.0005404466867831,0.14895162097096329,-1.5557947623047164,2.5196058751357548,-0.48301036764459881,0.03100823748683916,4.8836676511459354,0.085580272335854121,0.090364922658395061,0,0
2021-04-02 12:00:00,103.35317891319526,124.53702821680757,-0.74824480559707629,-20.634431552210934,-0.149155047812569,0.0042373604890881935,-0.0020865549738390164,0.015205820317047723,-0.015031333864859006,0.007013524269428412,-2.6906392029864454,-0.01323893920252388,0.14628626387189031,0.47421724193282161,0,0.4695525978881348,0.7858136877672609,-0.17857283241591312,0.50638137286537899,39.657622349058656,0.5895823572611163,-0.50896946307610436,0.38003296738002212,-0.22383416996529681,-0.063286177647015968,-0.6889554747404194,0.2655081031677658,0.017617687854862153,3.6899126137015235,0.018743351572706995,0.072567558707402655,0,0
2021-04-02 13:00:00,103.35317891319526,175.9072480945172,-0.018629578185239287,26.135620231511908,-0.36301643038989145,0.0065596129570835004,-0.0013232403694936588,-0.0035564553105590698,-0.041370597493972379,0.058621868318812526,-3.6714274726492144,-0.025762562610684509,0.10320370962968045,0.34056483277545851,0,-0.065268274465322462,0.64026555748361291,3.0152352278412229,1.3331412757638008,43.03350432387785,1.208617941851382,-0.71381026959024862,0.46024033130162506,-0.30746937766263249,-0.91441180604897487,2.4521929105895768,-0.62524519576499149,-0.043817733727383484,0.3957087195072021,0.11652838103753055,0.049173251143938813,0,0
2021-04-02 14:00:00,103.35317891319526,161.05755459311135,-0.70292372058285912,17.168880774161867,-0.35402379284620417,0.0067062522004579378,-0.0020865549738390164,0.013057995550367681,-0.01587452236962205,0.011828041132096616,-3.1591712091464399,-0.025038887903506463,0.14561830396745598,0.25495027573341456,0,-0.095609412266307231,0.18156874505745502,-0.73913300648339331,0.52500961377589694,46.093125297334815,0.66362446654604446,-0.2256571716700384,0.021540135129482184,-0.37212249443884943,2.125107152113261,-1.847153544665928,-0.92366608748246215,-0.049954407615889887,-0.92196982178763054,-0.055681049067194288,-0.016575689486491543,0,0
2021-04-02 15:00:00,103.35317891319526,168.57240141362507,-0.72767193474581293,19.594046509594794,-0.35102126645009463,0.0072813618811155643,-0.0013232403694936588,-0.0044019491926572353,-0.01065828873382867,0.049723782324385672,-3.2124806848485408,-0.025133212847373663,0.14610519108250045,0.37233079721777801,0,0.00099583381975410596,1.6082534202580057,-0.17845357666190587,0.64404360839544705,47.381403843170887,0.50486230655770592,0.19837671704163126,0.27177723726395658,-0.21745324309963765,-1.2749552711359411,1.5078568933781018,-0.017923843123957971,-0.046792492198721829,-0.92584381387403392,-0.055681049067194288,-0.018041135206999383,0,0
2021-04-02 16:00:00,103.35317891319526,166.21838838322904,-1.0098309610836842,20.068526093768007,-0.37314081841285895,0.0059845032764258739,-0.0020865549738390164,-0.0035564553105590698,-0.010064735680222481,0.03194274154574709,-3.628381867373438,-0.02469681575803577,0.13434738748299718,0.27455869339341737,0,-0.095164435460161081,2.5818469914003157,-0.20066267616705941,1.4555328672517345,46.231929509582002,0.61439282905603698,0.1127073210602579,0.52774075385856012,-0.13297177225155909,-1.2040699316462409,-1.0781476054114776,-0.64401842917299246,-0.036976585078120461,-0.66221860531720234,-0.055681049067194288,-0.012630923477122961,0,0
2021-04-02 17:00:00,103.35317891319526,155.17142551127341,-0.33492631851157634,11.108626212548526,-0.35157975066272812,0.0067062522004579378,-0.0020865549738390164,-0.059777332124405808,-0.0097951510556442446,-0.011774486638508327,-2.9671509506359195,-0.02469681575803577,0.160820108852649,0.12254786766467118,0,0.01305296055889292,0.070466732702235038,-0.29835016699998479,1.5991091303878051,45.310009690553571,0.64489018033132661,-0.01457020929861429,0.56393190372492563,0.014264301034566936,-0.91040165150411179,-1.6481039054026136,-0.36686424900613823,-0.049802205642241408,-0.71739068633771685,-0.012190235107225791,-0.016718072822213284,0,0
2021-04-02 18:00:00,103.35317891319526,150.09158653377673,-0.89901764143570606,9.7243019240162507,-0.40575442547137358,0.0056493850087373839,-0.0013232403694936588,-0.075329582095408937,-0.015297137739301987,0.075567402904571493,-3.1913876176395948,-0.027794998036508072,0.12304180362851813,0.20655550569828132,0,0.17320588148619093,-0.57053626739948016,-0.59814294392888201,-0.25007980678987246,43.957908405542888,-0.041661936716250424,-0.70075568924086795,0.34171101459567965,-0.11893016752221462,-1.875307280907381,2.3579988574740809,-0.61960628753849412,-0.030881613670239779,-0.77731888760188939,-0.01030436859235774,-0.018102667078419687,0,0
2021-04-02 19:00:00,103.35317891319526,156.20203603560518,0.53049896147494335,-2.664022082511146,-0.36157896336690343,0.0067062522004579378,-0.0028018240954546824,0.056724113799749391,-0.017499423328553747,0.029668775892962629,-3.3201968966944801,-0.026667600618041177,0.17982610424833162,0.21694051014425486,0,0.13401956159510531,0.77798042494467534,-0.10389358139160153,1.0730979035564816,51.841632302315801,1.0276046649781221,1.111010724806538,-0.011628422847891349,-0.098281861638285631,3.4412800213767851,-0.49087919399167534,0.17888538022141445,-0.044466894858764511,-0.59463578746447066,-0.012190235107225791,-0.0082758112313855419,0,0
2021-04-02 20:00:00,103.35317891319526,130.5124859475518,-0.72585374582683926,-11.054410318225255,-0.53633049345381578,0.0059845032764258739,-0.0028018240954546824,0.011800021460617151,-0.015985260927280219,-0.0078315562231700744,-3.302755508372206,-0.043443244523740807,0.180944544173477,0.26515080955201914,0,0.60898509480018681,1.1969738728361725,0.076791872428222496,0.97801984271025111,42.662641225243135,1.0711727310515822,-0.58126920259271808,-0.16940026275303058,0.11024419579612681,-1.6834873883740287,-1.140772493539719,-0.21127753005754132,-0.023620868014301244,-0.47935699342817895,-0.017457298610902713,-0.013347689953653735,0,0
2021-04-02 21:00:00,103.35317891319526,124.74186600311324,-0.64500016348604661,-12.758070276928526,-0.48736852668676572,0.0059845032764258739,-0.0015956595656907958,0.011800021460617151,-0.075286603251865106,0.0069416685373340486,-2.6072302469517403,-0.027794998036508072,0.12202713128244194,0.1639209848622451,0,1.1649144421415063,1.2295426176585549,0.15569819891122638,1.1595318312883682,35.111507299843716,1.0363309313581939,-0.31405044177660396,-0.13936354273279813,0.06270506591308718,-0.70758760235894635,-0.53487138268943313,0.16353825396314617,-0.053252441150993611,-0.62627151271224291,-0.017457298610902713,-0.010555163639840881,0,0
2021-04-02 22:00:00,103.35317891319526,119.91273689590416,-0.34288886230622911,-13.758719583827295,-0.43475315293425171,0.0067062522004579378,-0.0028018240954546824,0.0066414289814725478,-0.07341054212224668,-0.002844832204491117,-3.0243105393526655,-0.02971829849245956,0.1618170690982029,0.21358404478455675,0,1.1502397124195713,1.431915396343713,-0.43509216691249386,0.83263379522751602,32.04975743737635,0.66954860353630474,-0.36546965566163558,-0.18430385589394144,0.12233462125556037,-0.70053760574532919,-0.73108168028429787,0.52017080120358838,-0.043760559809155254,-0.44992748897305934,-0.017457298610902713,-0.008713232492516822,0,0
2021-04-02 23:00:00,103.35317891319526,111.47741060127827,-0.27911622390258456,-14.087814181576871,-0.48638356771339308,0.0059845032764258739,-0.0020865549738390164,-0.0081624218924656704,-0.043098670218872502,0.0049296282885953847,-2.8422655308110913,-0.031615659390393583,0.18534718031950154,0.11818364773013458,0,-0.36926716207567223,-1.1253031442533206,-0.43183556514654825,0.66233238082731183,27.228762965785741,0.95227925080616316,-0.4872161159909274,0.45187633572896774,-0.0015997504060514336,-1.1216366380434855,-0.17576826208879104,0.52711010963200855,-0.051906938338454285,-0.44132739638566282,-0.017457298610902713,-0.008713232492516822,0,0
2021-04-03 00:00:00,103.35317891319526,69.384310979612351,-0.95123041831983934,-42.161904329272204,-0.90890094056605231,-0.022368790865099526,-0.0067379413031194955,-0.0014237023384963952,-0.031785655783509406,-0.04304999652052089,0.34140561765221467,0.0045454252567499378,0.20895972311180661,0.14290334054349219,0,-0.38622740537136419,-3.4338912112835036,-0.42470718633109039,0.076752398356138951,12.397625248804491,1.7838269603823738,-0.51684321725739968,0.960479949260585,0.32300115856495215,-0.40982442588187806,-0.71640665330652864,0.46617932667113571,-0.062262422222994829,-0.55378544380341821,-0.017457298610902713,-0.025740043148972276,0,0
2021-04-03 01:00:00,103.35317891319526,111.92279352095956,0.28207105386601067,-7.1478332988093589,-0.067852831584825454,-0.022368790865099526,-0.0067379413031194955,-0.00012223438226584499,-0.038095634462674853,-0.054271350089326133,0.3400087716659026,0.010197811948504797,0.37293113960611501,0.18284624320051932,0,-0.54002147260618283,-3.9063376372072853,-0.30795666023975821,-0.88659467699757777,20.230490974208781,0.42287466936160484,-0.6717224989457321,1.3834872443036013,-0.24290141163720905,-0.40812854416988797,0.22368665442299857,0.1393830025260589,-0.076438018119036069,-0.6011837982357584,-0.017457298610902713,-0.022338859079762463,0,0
2021-04-03 02:00:00,103.35317891319526,115.06838870104967,0.17332268788049923,-16.648358038660753,-0.091254499096609432,-0.02608072621741447,-0.0013232403694936588,0.01525779818660911,-0.049032419535319789,0.025096827907586758,0.28754479257714172,-0.13263594431946832,0.20232856341495595,0.16986598627971061,0,-0.32418815937853512,-1.00165905557085,-0.46576607668232073,-1.1680032759493371,30.668875620976447,-0.79551517492466506,-0.63575508463155583,-0.0043320242212237263,0.079582853728994568,1.7326973570555697,-0.15065157015944305,0.68456787146302323,-0.081938082303865858,-0.71640453479219013,-0.017457298610902713,-0.013575366192129559,0,0
2021-04-03 03:00:00,103.35317891319526,115.17993169765153,0.15472594167648818,-9.9594316404614265,-0.078191029512403892,-0.02608072621741447,-0.0068469147028234947,-0.0032847573186924744,-0.0075152393397175665,-0.034394668340636883,0.29474032466626721,-0.10514205509250524,0.18804921014670803,0.34120536272220059,0,-0.37695366456032381,0.97375699442656183,-0.4352169778139986,0.25956660944107807,22.983609470306344,-0.78633616278464158,-0.27089733346227979,0.0061265318697656338,0.18322210766116906,-0.76530873282219392,-0.61236587291108402,0.51111487931525523,-0.07712740485508654,-0.49449803831731709,-0.017457298610902713,-0.012316130652180098,0,0
2021-04-03 04:00:00,103.35317891319526,108.6176655050572,0.4010389526193977,-12.744919047639703,-0.084730423271774644,-0.022368790865099526,-0.0030330196442058203,-0.0081815405451766306,-0.017244076253711296,-0.0028835075400539148,0.18184022520829762,-0.10225192355356061,0.16012006738717824,0.19987963023070515,0,-0.56629702252550762,-4.4830524341344793,-0.38993653869751116,0.41786706078925728,25.844986832008683,-1.156942173547886,-0.24684950692972138,-0.69540855977937344,-0.18119126879051123,-0.82509399007539241,0.20795671930812834,0.27862807582975696,-0.074745138080741944,-0.79480387127879704,-0.017457298610902713,-0.010440839755340008,0,0
2021-04-03 05:00:00,103.35317891319526,100.29998095276105,-0.28832286405011259,-9.6707678719225942,-0.063799295886411728,-0.1549911198893984,-0.0077809860996915729,-0.001396641262740414,-0.013273375162244971,-0.054526852409825459,0.24187241324063605,-0.096832332372482552,0.24074973613643008,0.29442893488353317,0,-0.52887263014852337,-4.718926685486359,-0.76605752182887554,-1.3781710907112881,20.023184506702822,-1.1499949559630904,-0.66664421699269671,-0.76645881234799285,-0.19741103757761858,-0.93236822562404131,-1.4770438168443318,0.24103985918777102,-0.075547595229689055,-1.0645402744277113,-0.01030436859235774,-0.010440839755340008,0,0
2021-04-03 06:00:00,103.35317891319526,108.1867271138176,1.3641526441236191,-6.2165539016844065,-0.073875080778648072,-0.10300243325389297,-0.0030330196442058203,-0.0066892878244252342,-0.015847970780468585,-0.00071109483353582652,0.18243761916325393,-0.09394220083353795,0.18782918630780501,0.15964042403161083,0,-0.3972918629194136,-5.1864527337182373,-0.39255238481430255,-1.1693134708238526,19.441550577141477,-0.63527345779592614,-0.51150065422447843,-0.62937679790610812,0.031655768183856237,-0.53744530889570419,0.59322029812164212,0.13148474121402839,-0.068724717839575442,-1.1956551028647648,-0.01030436859235774,-0.010877207637169742,0,0
2021-04-03 07:00:00,103.35317891319526,122.34885725770441,0.74815510054535417,10.636515085216406,-0.063799295886411728,-0.28978382732290409,-0.0077809860996915729,-0.05123380171398307,-0.014575408394657888,-0.047926304205187738,0.25892983268769998,-0.29058659320717473,0.23390800357294003,0.42531372129846468,0,-0.18576314758363677,-8.1111022977567782,-0.75948644115185682,-1.3109240580490291,17.874436188844697,-0.048860711027460493,-0.52296689437163735,0.51509254804557136,-0.032580653650981319,3.6376227219009873,-1.8406386125089735,-0.59436379588540522,-0.047500159113768488,-1.0867664041804772,-0.017457298610902713,-0.010198166882000205,0,0
2021-04-03 08:00:00,103.35317891319526,22.643408959839064,2.1789143554930201,9.2448021860806229,-0.19433777785070236,-0.16856755430607628,-0.0077809860996915729,-0.0074350343167127516,-0.020147341088271112,-0.048328130437872811,0.37361924096469135,0.11964199980217338,0.34597725274424507,-0.023358083635884687,0,-0.077220384369888165,-3.4692682739510636,-0.39021190330917205,-0.84255056972354059,-78.201934253553361,-0.52838773168787789,-1.2633604960122693,-0.77571169020990915,-0.73824134152432386,-0.19752196475863942,-2.9671236732400121,-0.85669034934072763,-0.30304147218581057,-1.8534176983546284,-0.026958523454055458,-0.011129755030362863,0,0
2021-04-03 09:00:00,103.35317891319526,24.364150882594878,0.2694066583383436,8.6653702251947937,-0.17755680012416489,-0.022368790865099526,-0.0060288693428231545,-0.0048963988973747992,-0.036040639505747464,-0.045233081124998957,0.1565893125294521,0.13237165677634388,0.46395226015790264,0.16245555470741913,0,-0.079762768940151663,-2.9787298126532993,-0.53336665448270471,-0.71127463959824633,-81.380001705024029,-0.12811005340259687,-1.0853913657742362,0.60662142334260805,-0.053042891422061242,-0.17247858883306996,-0.60356572183201307,-0.72440798378155802,-0.077318354445205531,-0.72582217767284651,0.056418353207971866,0.043183822867182475,0,0
2021-04-03 10:00:00,103.35317891319526,23.4270130518969,0.31665512809291058,8.6563258290377441,-0.17693627785434921,-0.014525701533933406,-0.0065512123474482393,-0.0052181068325546347,-0.0244776014454644,-0.01611371160285693,0.10089958504096802,0.11955084687059796,0.59347824290159035,0.1383299260048893,0,-1.2175746887888101,-2.8379190151077713,-0.51122540116348081,-0.74863125446463419,-81.467911018425625,-0.13888968869402563,-0.66449871468955424,0.47897072382863176,-0.17344917246730676,-0.47748045304181314,-0.33644753530744259,-0.96486447939851483,-0.075820479275059277,-0.57144380671001638,0.056418353207971866,0.043183822867182475,0,0
2021-04-03 11:00:00,103.35317891319526,23.848850305271387,0.37731705732691828,8.6855436183234485,-0.15139700168430373,-0.014525701533933406,-0.0065512123474482393,-0.0052181068325546347,-0.0244776014454644,-0.016743153527913078,0.049711041775273482,0.12009837291621062,0.6122537685474293,0.12511409715415575,0,-0.83072645833516146,-2.8254869822052657,-1.9410674876981353,-0.046258686821876643,-81.351969651246762,-0.1553703039839891,-0.63493989424902064,0.45814310467745217,0.13142790554223785,-0.2077867424356154,-0.37548241143255989,-0.98416802304780349,-0.076856102423679962,-0.51451422901055488,0.056418353207971866,0.043183822867182475,0,0
2021-04-03 12:00:00,103.35317891319526,21.611816586433068,-0.97534190381443719,-5.1865663498008523,-0.1594749306933069,-0.02608072621741447,-0.0025037575526406955,-0.0032104557586195865,-0.036600548398375697,-0.019105809507855138,0.1067734124831077,0.14206665428727874,0.335931310296812,0.084233530357284064,0,-0.34860369506952421,-1.2029177276040064,-1.7554254239820259,-0.29453539842038989,-68.862266344704437,-0.27138891342757071,-0.99413956643409696,0.23542381091011319,0.17383723089747047,-0.43989566448467632,-0.51022674110312471,-0.25053611978329182,-0.072476293294803443,-1.4699705990298109,0.018454870219925791,0.043183822867182475,0,0
2021-04-03 13:00:00,103.35317891319526,23.067288008605914,0.037370357119316383,8.6128236096975375,-0.12435139463999226,-0.014525701533933406,-0.0065512123474482393,-0.0047627060641650208,-0.011857425760512359,-0.014673711446961247,0.071555718847431768,0.19899184955271765,0.68857935932191439,0.16057798534428641,0,-1.0602364756966209,-2.8486382347355081,-0.49897056521731248,-0.52027610609670494,-81.613068511805849,-0.7038903078842591,-0.72925128386140048,-0.0035205874742364994,-0.13660951796157528,-0.43516117985403785,-0.21115733175234519,-0.86160747243187308,-0.067157341170897764,-0.30053974560022101,0.056418353207971866,0.05459867565545528,0,0
2021-04-03 14:00:00,103.35317891319526,23.124574757363344,-0.20551998730663071,7.66696269872737,-0.094453685511174876,-0.016658149182500737,-0.0068490066423714403,-0.0040943671358369647,-0.012023753514755632,-0.016645960934392284,0.035984653750215131,0.18377168150144277,0.71848692598453068,0.11218257711107006,0,-0.71034320793904804,-2.824244904512708,-0.75040421123373624,-0.62502725620720267,-77.34302271291611,-0.42789398177046234,-0.45168363396402084,-3.5072921074773253,0.15396874485219528,-0.42252637431910045,-0.3166843179497264,-0.96607173034480753,-0.047516417152479687,-0.43496111391456543,0.029356766514869126,0.05459867565545528,0,0
2021-04-03 15:00:00,103.35317891319526,24.674105132666742,-0.47993150621655395,7.9855686870005131,-0.10458095923502594,-0.016658149182500737,-0.0068490066423714403,-0.0042711128619141803,-0.011876391580524876,-0.016565678462453593,0.072196815180849513,0.26395472356413507,0.42766933035606292,0.11012778676285537,0,-1.096441289282541,-2.8345620540359477,-1.8709133261272182,-0.11230326705777192,-76.615077031140586,-0.36145985319265456,2.6490971504600123,-3.500673633734539,-0.095511013522604854,-0.41921518857506396,-0.5333135644478415,-1.5705791048866951,-0.051303414641328628,-0.56955817119697827,0.029356766514869126,0.05459867565545528,0,0
2021-04-03 16:00:00,103.35317891319526,21.837193775380015,-0.55920354414503393,7.7565771124235905,-0.10665082882764253,-0.025989704838221533,-0.0076720126999875755,-0.0037566886686485551,-0.014532637685405948,-0.055822253210998492,0.1185285399976798,0.14365716253695288,0.716562247468437,0.10730654277263056,0,-0.27027306718535399,-2.379237448074226,-1.8019645473311561,-0.13462988301315723,-77.330298044884145,-0.3916902944505819,-0.83978280183809006,-3.5411105806062979,-0.16917724762272304,-1.0971800457296594,-0.70899603585315263,-0.067836702198457,-0.057120726164800316,-0.86934545838241073,0.019055134740285418,0.05459867565545528,0,0
2021-04-03 17:00:00,103.35317891319526,22.526214663966115,-0.036373098445320155,4.7583217564077422,-0.11842534786497574,-0.016658149182500737,-0.0068490066423714403,-0.0098056002558987946,-0.012023753514755632,-0.017582992169280193,0.081697923072928988,0.19321211065748059,0.67456173696835786,0.089595079052289112,0,-1.0093172601106708,-2.7392793448193147,-0.52384511439729797,-0.87151565224179695,-74.849755340197746,-0.64420236365310379,-0.50500662151491738,-3.023148410256443,0.028960632280926258,-0.59089114199913595,-0.35370736352443605,-0.89851864767023049,-0.046703078573324931,-0.44712156161416583,0.012817685323499906,0.05459867565545528,0,0
2021-04-03 18:00:00,103.35317891319526,25.193156171709653,-0.29722967670468287,4.6556342056333522,-0.10784094261913259,-0.016658149182500737,-0.0068490066423714403,-0.0084777199508569052,-0.011876391580524876,-0.01821243409433634,0.059600163064269705,0.28242023949307532,0.40117839178700188,0.086153264690782452,0,-1.0463405443023925,-2.7065096995982718,-1.4094410684946801,-0.32102230449225644,-73.892573781941834,-0.3886929180896041,2.4703601713352068,-2.9682062048921063,-0.10498642188567296,-0.20885876010833954,-0.45661631617499332,-1.5125553855182186,-0.046712170407131499,-0.65453160452664272,0.012817685323499906,0.0560046383938506,0,0
2021-04-03 19:00:00,103.35317891319526,21.052759586919361,-0.17627582570328176,-4.0332426686328064,-0.096875523297386523,-0.025989704838221533,-0.0076720126999875755,-0.0018180201303780548,-0.012914368448509825,-0.05804549623402689,0.094325128790104129,0.19712564574877453,0.74183046678811571,0.086075170131545128,0,-0.3082433675911726,-1.9883815072333686,-1.6111824296822388,-0.30358717702255689,-68.224320174625774,-0.53511501526801564,-0.38723758489584115,-1.8380616544242547,-0.39263577003117878,-0.80100728189018988,-0.4760330797371119,-1.2810315306149849,-0.055022441472627012,-0.87079141688744988,0.0097036752332620782,0.0560046383938506,0,0
2021-04-03 20:00:00,103.35317891319526,22.530675021356735,-0.23561037749321748,-5.9363622838654972,-0.11617580358342375,-0.016658149182500737,-0.0068490066423714403,2.8698202445797717e-05,-0.012637822771854677,-0.018159479560425858,0.085946329866464902,0.26319226731242873,0.64127107053862986,0.062826939901626369,0,-1.0709041509464117,-1.7235676434527998,-0.30125711887653756,-0.77652155917989196,-66.337974521200408,-0.85456565068332857,-0.53910498979558408,-1.7680737179504127,-0.04015917361039633,-0.54062715200934974,-0.35248253256792711,-0.7703452359213665,-0.050815305101977064,-0.47573984698156602,0.012817685323499906,0.0560046383938506,0,0
2021-04-03 21:00:00,103.35317891319526,23.473101602984645,-0.17831882619567807,-5.969969935989428,-0.08847365951338243,-0.016658149182500737,-0.0068490066423714403,2.8698202445797717e-05,-0.012023753514755632,-0.018788921485481998,0.03599901133274723,0.20141978363626822,0.71214308594806308,0.055273069047653479,0,-0.75386914947820272,-1.7244686115855559,-0.90472663139767662,-0.30569826673659467,-66.244268457376748,-0.68748415652827743,-0.48476421007558579,-1.7413426727589008,0.019978444863286281,-0.17199288206053087,-0.31419187320424724,-0.76737847768051504,-0.053511026489972142,-0.52896305906182273,0.012817685323499906,0.0560046383938506,0,0
2021-04-03 22:00:00,103.35317891319526,24.336521457195612,-1.6459179636737735,-5.8531163184741528,0.11051317985970807,-0.025989704838221533,-0.0076720126999875755,2.8698202445797717e-05,-0.013399327804898088,-0.019671909157742216,0.059641422674859945,0.21003793973237403,0.65746742009182491,0.049027528236764727,0,-0.61626446111101141,-1.7857891678599063,-1.6182588083193725,-0.38417125981168343,-63.224680449811842,-0.66485149363012697,-0.83318381537697139,-1.9571923191299756,-0.3478942316301345,-0.82602450738983502,2.0716860581605236,-0.86095039017148445,-0.057069915498147279,-1.4986699601960209,0.0097036752332620782,0.0560046383938506,0,0
2021-04-03 23:00:00,103.35317891319526,25.347577539876998,-0.25037005893956044,-4.4100861113144276,-0.15372790489392868,-0.016658149182500737,-0.0068490066423714403,2.8698202445797717e-05,-0.012637822771854677,-0.017999331973750976,0.086305745857276531,0.26469805029494126,0.91683032695490208,0.074905577630173539,0,-1.0619845096800877,-1.7371444555192481,-0.33313636394388679,-0.78286857359363538,-65.380135609805507,-0.84835084521993909,-0.53553326035683291,-1.7830630152559168,0.0031005255193984997,-0.53926219168741174,-0.17019745844953496,-0.77177563964982321,-0.050815305101977064,-0.55769700751231954,0.012817685323499906,0.0560046383938506,0,0
2021-04-04 00:00:00,103.35317891319526,31.235303241675876,-0.0657249580003548,-11.3832640227673,-0.53194838616755935,-0.016658149182500737,-0.0072296541964413132,2.8698202445797717e-05,-0.012023753514755632,-0.015387029066434755,0.036224779977439774,-0.13438688251493922,-3.4720673092717176,0.032382102836049358,0,-0.5824351039850606,-1.5190816814719452,-0.91747280557735178,-0.60154302292633899,-47.059786126686504,-0.65035907573794682,-0.91852939017384205,-1.7373662693050052,-0.024220055309308135,-0.44747835799568347,-0.53285005334602487,-0.86636102057847308,-0.060938367063179427,-0.69632390108762798,0.012817685323499906,0.054106438067493504,0,0
2021-04-04 01:00:00,103.35317891319526,21.401857085669576,-0.17248182327438899,-5.3777536374595609,-0.21522700251380236,-0.016658149182500737,-0.0072296541964413132,-0.00014804752363141709,-0.011876391580524876,-0.015387029066434755,0.041187071050938558,-0.17569127982312685,-2.46464151345406,0.01536531913938249,0,-0.41315269662863097,-1.6048425512997313,-1.9827347542532943,-0.11358624969922448,-65.993571850626765,-0.63369036149112623,2.8290416596203047,-1.7548287326123662,-0.52403549856508913,-0.22105300257862237,-0.74031054550101039,-1.6869942681962073,-0.059333379461811983,-0.71338668570688513,0.0097036752332620782,0.051995552125740849,0,0
2021-04-04 02:00:00,103.35317891319526,22.169751176598041,-0.19047520247261143,-6.0860679894518697,-0.097123004844070937,-0.025989704838221533,-0.010748086530847042,7.1215423156801823e-05,-0.012921659092595923,-0.058967229668913788,0.1594736931267863,-0.23461236648609432,-2.3514116924623485,0.074044369325577453,0,-0.68459460220483326,-1.1190904220314397,-2.6703676272267165,-0.30455939203483828,-65.860120172063347,-0.65063801084256501,3.0865107442829767,-1.9199149970793126,-0.041511784256672304,-0.42926328323694773,-1.2302662870043952,0.8907216584670945,-0.069250051088270495,-1.4120641659329594,0.0097036752332620782,0.0560046383938506,0,0
2021-04-04 03:00:00,103.35317891319526,17.679786504360393,-0.57244912405555948,-6.1125676734740377,-0.095778656569349224,-0.016658149182500737,-0.010794692310792416,-0.00014804752363141709,-0.011783915378153934,-0.019116811786991643,0.074432749042989452,-0.20703020664213967,-2.28409069192289,-0.011214780483107598,0,-1.5650206257727051,-1.6323005593914923,-0.35729387425342712,-1.1523002177628761,-66.361656058425567,-1.2266792566904057,2.0868076638675368,-1.8187379179061145,-0.44987088404747227,-0.4925018437120261,-0.90303222251608739,-1.62293567924725,-0.0701082149674849,-0.90938504144064092,0.012817685323499906,0.0560046383938506,0,0
2021-04-04 04:00:00,103.35317891319526,20.953800283739248,-0.074654287183742341,-6.0290081603306218,-0.078836015946461085,-0.016658149182500737,-0.010164333315844255,-0.00014804752363141709,-0.011712108469932484,-0.01844012931587901,0.047742270458618945,-0.17363967492529622,-1.1496971732568579,0.028843804460656888,0,-1.8352495551356502,-1.6015258353097823,-1.8980125914519401,0.021189697810566659,-66.278266817907678,-0.77410507558651409,2.8663750975985454,-1.5526491855405151,-0.030407380068095926,-0.20692919716756511,-0.70582245922136255,-1.64354861848126,-0.049716013387295137,-1.2952319109843735,0.012817685323499906,0.058075534584961411,0,0
2021-04-04 05:00:00,103.35317891319526,28.764949153772633,2.852582687670679,-6.1453627479104851,-0.08816016080351731,-0.22421870627072077,-0.01085705993055104,-0.00013482678810046857,-0.012156377735090615,-0.056975456545492333,0.17001577288019976,-0.18857765668749077,-2.2036760107424573,0.027838300220745023,0,0.92128449067571161,-1.186519927332311,-2.7565296488388387,-0.31620250647403181,-63.854469673415693,-0.76738127379292653,4.8853175265683806,-1.807665179095141,0.58377625344233686,-1.0095407758015309,-1.9230744686936396,0.63002289103334475,-0.075253289935762219,-2.1000911449384638,0.0097036752332620782,0.058075534584961411,0,0
2021-04-04 06:00:00,103.35317891319526,18.591124475620692,1.7168871361586411,-4.138609706999028,-0.081815791339700517,-0.077759714468737764,-0.010794692310792416,-0.0019533428030266424,-0.0071712634111598143,-0.017733886327627537,0.10274042787680007,-0.19741374990368094,-2.2485263497724541,-0.026888463317112997,0,-2.5607708479890423,-1.8410231949112312,-0.40712331769864279,-1.1209087174886947,-66.711888370096503,-1.7603856432421134,2.4610434356125444,-1.7845300217444877,0.063613583171243909,-0.75885121527652033,-0.70115715696527603,-1.9930722323890182,-0.079951591125587987,-2.649687560613962,0.012817685323499906,0.058860124477142416,0,0
2021-04-04 07:00:00,103.35317891319526,23.129900202177605,3.2754025165127736,5.3073564037125935,-0.062394139842856959,-0.077759714468737764,-0.010794692310792416,-0.010117668654624596,-0.0071712634111598143,-0.017786840861538023,0.062047044387672133,-0.1540418582252481,-2.3083885223984222,-0.0016555578775876061,0,-2.2039021347375298,-2.3899001592133557,-2.9140303641848395,0.0032908424354422738,-73.669096827112114,-0.54179206343734332,2.3698532696049979,-3.042110912816046,0.24966403172116883,0.036688159201553779,-0.71156736212498417,-2.0295603726527371,-0.07023850385054696,-1.3755438674755815,0.012817685323499906,0.057454161738747088,0,0
2021-04-04 08:00:00,103.35317891319526,46.515522287606295,6.3145100479650296,8.3480318308448709,0.051264080330426551,-0.070443145939119683,-0.01085705993055104,-0.0040943671358369647,-0.0085670442802921239,-0.016207017352723008,0.12759306657832381,-0.067692653241775202,-2.4274264333355671,-0.0011417143596266714,0,0.95431315071140155,-2.6361689342541061,-3.0370690287378941,0.3059091860014464,-71.310126265705222,-0.63408262961774176,-1.7608372492707904,-3.5862095818321955,0.96566458629211405,-1.3385315332904149,-0.64288655553271479,-1.3055531232836322,-0.051492737743617061,14.927341461912635,0.019055134740285418,0.058047903878358342,0,0
2021-04-04 09:00:00,103.35317891319526,33.959303680241256,-0.43420041248744912,7.7273080274383954,0.30914059266679833,-0.011638637579745951,-0.010794692310792416,-0.0040943671358369647,-0.008524088244044048,-0.014783755647724045,0.067231679592358706,-0.075950237023268197,-1.5892305787632879,0.3520431605169958,0,-2.010005877436404,-2.8349439799008072,-0.51506944327854332,-0.82895211355656861,-73.102057408608815,-1.323124028715313,-0.90853231721123584,-3.462226650197362,-0.10108654015787716,-0.6789999079699075,-1.4193645187139463,-1.9074482485144524,-0.013439707165581925,13.318105127829229,0.029356766514869126,0.057406923106355166,0,0
2021-04-04 10:00:00,103.35317891319526,29.927642132883769,0.42959383156464015,7.6782017582540334,0.25851728345895425,-0.011638637579745951,-0.0072296541964413132,-0.0040943671358369647,-0.0088925783684520969,-0.011588948179182825,0.024741873845347075,-0.067343476860697513,-1.8907408146011204,0.31488545739845009,0,-1.2013383229877186,-2.822733755670531,-2.1775855441764422,0.18928692008766998,-74.472936953681454,-0.70660143699072475,-0.80060133065491057,-3.4221842561011662,-0.19788326428118028,-0.56516009891865115,-0.99483511501958755,-1.7384699554203105,-0.015571752847472021,8.7099026691297983,0.029356766514869126,0.057406923106355166,0,0
2021-04-04 11:00:00,103.35317891319526,43.866420739052927,-0.12494419273963085,8.1086419231220095,0.30177036562099813,-0.01784376714185221,-0.0036089865052130075,-0.0040518499151259608,-0.0088079245647852931,-0.01440966160133011,0.15147486965618445,-0.1272860756311415,-1.0158918729889492,0.32912422904296323,0,-0.87559429432861924,-2.3433698339576066,-3.7355466654923273,0.81176918528723629,-72.734243963868863,-0.77848496126709599,4.2645693115301135,-3.5458372926434789,-0.93151817493742339,-0.2770347586668353,2.3509071105499681,2.0156551707763368,-0.015969398540914507,8.6573112772164578,0.019055134740285418,0.057406923106355166,0,0
2021-04-04 12:00:00,103.35317891319526,25.368747719318151,-0.34524596003994468,-4.2972457391579857,0.23810594932833046,-0.011638637579745951,-0.0072296541964413132,-0.0026011402551675421,-0.007762657052714248,-0.011588948179182825,0.14322222496535808,-0.096850673784480784,-1.7992943364384799,0.31702197606654681,0,-1.2574632182971508,-1.5398869316361059,-0.2375950028090146,-0.54965452325720587,-67.751426740927812,-1.8501561004916378,1.2147317768545545,-2.0726368320212973,-0.37581032037456069,-0.46096500786904815,-0.61170390970915423,-1.9043966942101052,0.01478327463279009,5.2117460342229647,0.0097036752332620782,0.057406923106355166,0,0
2021-04-04 13:00:00,103.35317891319526,20.194856214410493,-1.1980939879720245,7.739711841428444,0.252110562884376,-0.011638637579745951,-0.0072296541964413132,-0.0042711128619141803,-0.0071485877956152027,-0.011588948179182825,0.063155558096140721,-0.098772957401330408,-1.8871002156974805,0.070158610825893655,0,-1.3546545437578001,-2.8205195576475077,-1.4326589521959745,-0.63426513462510037,-77.36403005722299,-0.96927669462525967,0.95041380349644045,-3.4295760483489159,-0.30772066785605995,-0.54825783278082318,-1.3311912464954982,-1.8445151929791137,-0.03930183010185026,2.9811750951832638,0.029356766514869126,0.057406923106355166,0,0
2021-04-04 14:00:00,103.35317891319526,31.247290379309828,-2.0177863588611453,7.9946658677284237,0.30561793397773185,-0.011638637579745951,-0.0036034415487096218,-0.0042711128619141803,-0.007762657052714248,-0.014403701358718215,0.061044741473222607,-0.080542264681718975,-1.1917119754150398,0.061926602065767916,0,-1.9062647406471356,-2.6814271844889346,-2.396012902385777,0.34257102092788866,-75.524198332669442,-0.74605603271570464,4.1558259520151504,-3.2843073242896148,-0.092248277046263427,-0.40942487601613381,2.3243686528389311,-0.75990486530984647,-0.069301605676879707,3.7621932960716751,0.029356766514869126,0.057406923106355166,0,0
2021-04-04 15:00:00,103.35317891319526,34.224776107152245,-1.7638719185289473,8.1501501170868824,0.2333933753124296,-0.015692669098244624,-0.010187860057032207,-0.0040518499151259608,-0.0088079245647852931,-0.053054983459914086,0.16574367020634764,-0.12163180650400722,-1.4856720280973579,0.14302900129365728,0,0.24570826570215884,-2.2521742399663189,-2.3963365934242877,-0.55468350120286436,-74.596763258131944,-0.75389466433946306,5.0192925871311864,-3.5701367019549237,0.44554623134627896,-0.23446103728966583,-1.6176107236537283,1.2380616288792339,-0.061166215535570161,4.654408234876354,0.019055134740285418,0.057406923106355166,0,0
2021-04-04 16:00:00,103.35317891319526,23.597879022702976,-1.362102888155903,8.1985766730324023,0.16396094902823827,-0.011638637579745951,-0.0065992952014931518,-0.0042711128619141803,-0.0071485877956152027,-0.01020254131107535,0.16206214194103033,-0.085035850888609196,-1.4227672390697041,0.086558063226718024,0,-2.0718089135098832,-2.7416571549096114,-0.43450423384737275,-0.66838314250649378,-76.231811797997011,-1.7625556375945994,3.6958960086577055,-3.3106781727649004,-0.076255696764656558,-0.69185834141001767,-1.4988997713184045,-1.9681321378251579,-0.052423546706399975,2.2696172840190028,0.029356766514869126,0.057406923106355166,0,0
2021-04-04 17:00:00,103.35317891319526,23.685629439691766,-1.4572357576317521,5.1428748509608946,0.11544574334712288,-0.011638637579745951,-0.0072296541964413132,-0.0099823459819760093,-0.0071485877956152027,-0.013155421339126885,0.060079626040722624,-0.079491070915553741,-1.5527754718790687,0.070049546866800261,0,-1.5615448966187642,-2.6164417600469432,-2.4075695643412178,-0.23427419734551158,-73.709242880560865,-0.58173075660200013,2.6921876742020023,-2.9782299042634737,0.05130946799558208,-0.54469696074519303,-0.91651262629695318,-1.7126604135208943,-0.052835521062680281,2.5846754373772995,0.012817685323499906,0.057406923106355166,0,0
2021-04-04 18:00:00,103.35317891319526,21.728516822345721,-1.7140373853935669,4.8760623669422278,0.11159809233468662,-0.015692669098244624,-0.010748086530847042,-0.0083009742247796905,-0.0092855932770874606,-0.055303152612745148,0.06816186401618049,-0.071541453884500311,-1.9014404305428525,0.099999779543396977,0,0.33142986575134176,-2.7019237844076334,-2.188204582190008,-0.31529757176226331,-74.073176063691363,-0.59979844024278839,-1.1025157149563529,-3.1356669725145117,-0.38398051104056341,-1.1872677047163225,-0.6351483656218726,-0.84543152606071859,-0.056731172514266709,3.8310615347678705,0.0097036752332620782,0.058812885844750494,0,0
2021-04-04 19:00:00,103.35317891319526,20.553258177588667,-0.9498877074172053,-3.8416544146632625,0.098346378878162943,-0.011638637579745951,-0.0072296541964413132,-0.0016412744043008403,-0.008524088244044048,-0.013102466805216399,0.060247714506064788,-0.11362179273192764,-1.4896411920149535,0.08322810231688138,0,-1.5446227309302913,-1.8753481292057881,-0.4147996554309617,-0.78049380990014416,-68.21508755498138,-1.2143657379842123,-0.94171694762523939,-1.7232367349569297,0.011162909156279318,-0.66866258566213976,-0.43097246777676262,-1.0635327579337579,-0.048665629415570129,2.2339095582280692,0.012817685323499906,0.058812885844750494,0,0
2021-04-04 20:00:00,103.35317891319526,19.076660801383127,-1.4671068943922743,-5.7601741442544983,0.1785552987787738,-0.011638637579745951,-0.0072296541964413132,2.8698202445797717e-05,-0.0079100189869450027,-0.013731908730272547,0.020332569611933561,-0.080231261015084127,-1.8628374096621789,0.022534453324319907,0,-1.2823713405653774,-1.6406572226217906,-1.2933658289067411,-0.30341027350942085,-66.334937707568599,-0.86081903907771007,-0.83860957366635336,-1.6836800208598475,-0.14715158642824144,-0.31154155626533919,-1.259969075058218,-1.0514957733466685,-0.053544124850615264,1.7028133486444732,0.012817685323499906,0.058812885844750494,0,0
2021-04-04 21:00:00,103.35317891319526,26.604395907545957,-3.0672558115958357,-5.9041965249912671,0.15533122058380397,-0.015692669098244624,-0.0036089865052130075,0.00036637666963420742,-0.010418903157595319,-0.016552622152419837,0.064760944402202897,-0.084974885220670676,-1.3381147358843932,0.010094945956124566,0,-0.57151683993270819,-1.1440203380271012,-1.9422016136771068,0.081501949597753268,-64.16285807772725,-0.99676545789460669,-1.2809028900544861,-1.767638170291874,-0.083518574430426651,-0.95703622715512648,1.1897604806679571,0.91239873775393709,-0.068606492182615358,4.1843655976201459,0.0097036752332620782,0.058812885844750494,0,0
2021-04-04 22:00:00,103.35317891319526,22.851855167219835,-1.4324872404236062,-5.7479849236080272,0.10087191223538834,-0.010371006661700375,-0.0072296541964413132,2.8698202445797717e-05,-0.008524088244044048,-0.013731908730272547,0.05958455707612486,-0.065842410019539888,-1.6489834546059696,0.077973089260402889,0,-1.2322669294239272,-1.4066371820222303,-0.28659835850244181,-0.8020972562026808,-65.845317665903295,-1.3000225146961608,-0.93189017395703155,-1.774272774991507,0.58966983075994894,-0.5471534902812476,0.089634182613962873,-1.0638112941060911,-0.056324790407919233,2.6939445397824167,0.0097036752332620782,0.058812885844750494,0,0
2021-04-04 23:00:00,103.35317891319526,19.66020784178717,-1.4245066447665131,-5.330097432484151,0.11320339942260316,-0.011638637579745951,-0.0072296541964413132,2.8698202445797717e-05,-0.0079100189869450027,-0.014018430185197628,0.020182590488198461,-0.080591283107365685,-2.5865999801097592,0.055322568769909194,0,-1.2981160210786771,-1.6542340346882389,-1.2820933690278207,-0.27962829722446797,-66.10615181152798,-0.84398808211731435,-0.82649349440927233,-1.7224066154472839,-0.11551676613697018,-0.57653100897594312,-0.66254438409255145,-1.01289477640669,-0.052946311254657062,1.942798154344489,0.012817685323499906,0.058812885844750494,0,0
2021-04-05 00:00:00,103.35317891319526,47.305493072990103,-1.7181280485159989,-11.315985704674588,-0.19981068860447035,0.0066886786320386905,0.058528891634082834,-0.00014804752363141709,-0.0082063053917833147,-0.015830278574352,0.11947374685490079,-0.1503500996272541,0.62486049860955561,-0.028646378021592686,0,-0.61910524614556661,-1.3780569830104101,-2.0994144145478377,0.58368898331923569,-43.278338945032033,-1.0423595053355339,1.8344767343574613,-1.6981261395461196,0.65537226559476203,0.03298406986632766,0.13259563591047535,-1.2442678324277971,-0.036919355930090304,4.6688935330241392,0.0097036752332620782,0.058741419667623029,0,0
2021-04-05 01:00:00,103.35317891319526,36.898783332391865,-0.26892988330759038,-4.1808996655935795,-0.069734187906946854,0.0066886786320386905,0.1508829164330891,7.1215423156801823e-05,-0.0088079245647852931,-0.050132880346023527,0.24573571295908389,-0.1414883632926891,0.99498987028911456,0.065814242902093936,0,-0.37087154971716729,-0.94719257954951641,-0.39941545676436641,-0.47835453958891561,-63.220756608390325,-1.6990273133949527,1.6156611727131505,-1.7535218081064101,0.68688677117404973,0.15564186396444152,-0.88101945650458025,0.44711332258820968,-0.016113890700872401,3.5949034360831447,0.0097036752332620782,0.057777648530496904,0,0
2021-04-05 02:00:00,103.35317891319526,25.002386614221685,-0.0056306440405239086,-6.1123904108397911,0.086295774948634538,0.0049607307716949961,0.12230007039932461,-0.00014804752363141709,-0.0071485877956152027,-0.010280837084330682,0.10637356527712165,-0.13625044481982199,0.63035915425050681,0.010447895269809007,0,-2.0391444199519677,-1.6829253669468487,-0.46714251476162993,-0.59957531506949324,-65.05768319572239,-2.0020733328363951,1.1585568660509984,-1.635383102270999,-0.14905188109144885,-0.73916305261542881,-0.86379303182178513,-1.1664755228223489,-0.018395226142856966,2.150938007047364,0.012817685323499906,0.058812885844750494,0,0
2021-04-05 03:00:00,103.35317891319526,27.327386733723998,-0.3236160457961087,-5.9379887208677564,0.092375138745320537,0.0049607307716949961,0.1924124866482298,-0.00014804752363141709,-0.007762657052714248,-0.010787604983890394,0.068726941198323635,-0.090523624643308306,0.44498088191494167,0.0034677825329098894,0,-2.2909657049910193,-1.6827295737721035,-2.3163397134168084,0.3523034338974389,-64.050732767790763,-0.80887858959828907,2.4951510221388014,-1.5883637782346083,-0.33975406445755757,-0.27495909312973182,-0.72901445999864189,-1.4930800484026683,-0.042398521221079545,2.2362418473934973,0.012817685323499906,0.058812885844750494,0,0
2021-04-05 04:00:00,103.35317891319526,32.200959664994159,1.235669216103966,-5.9928958184409664,0.082069235939493224,0.0066886786320386905,0.14200827264224264,7.1215423156801823e-05,-0.0091003558541827966,-0.048819532540844097,0.18655094754534277,-0.078098109924530631,0.58293220452453087,0.03603894492802652,0,0.17325648420151785,-1.1008424943703126,-2.7234450190394206,0.64312342003301659,-64.293424913463724,-0.87471165125571648,-0.068825787062965299,-1.7205461875772243,0.089250390179152067,-0.71888076080255692,-0.86347795832965124,0.35047602186435428,-0.043552543152628978,3.7871093097467705,0.0097036752332620782,0.05945386661675367,0,0
2021-04-05 05:00:00,103.35317891319526,27.596571485362109,3.0926542561618957,-6.1110249957235547,0.10227941862711284,0.016336497065220359,0.1924124866482298,-0.00028337019628000458,-0.0073101211171753633,-0.0094046795245262878,0.12601644972805337,-0.11353315360920349,0.51953164974865906,0.0016697635526138691,0,-3.0810013402312988,-1.6356995342262994,-0.58195959762678073,-0.61406622691444646,-63.408686233024561,-1.2214216036002066,-0.40535451564598762,-1.6303190704304653,0.021659538129956017,-1.0649173061923318,-0.59293817343387045,-1.4533762171919538,-0.039547520646486582,2.0694046199002654,0.012817685323499906,0.05945386661675367,0,0
2021-04-05 06:00:00,103.35317891319526,30.673186295811114,4.075826878674194,-4.0407637935013199,0.1149446883857615,0.016336497065220359,0.1924124866482298,-0.0019533428030266424,-0.0072673468919177775,-0.010034121449582436,0.092252834788288871,-0.099137860624461005,0.57270906270054678,0.0079106091202472625,0,-3.661755124162525,-1.7528872929216397,-2.000717840289346,0.6238549222560219,-65.737748900653386,-0.84659972403425232,1.0573718051995795,-1.5853558857527776,-0.39660804406416306,-0.10500944766509203,-0.6155505195775034,-1.4651882648132708,-0.039330700987728756,2.86002425602944,0.012817685323499906,0.05945386661675367,0,0
2021-04-05 07:00:00,103.35317891319526,37.088963193867578,5.0855421671229442,5.1190523366451988,0.11333105536590433,0.03002494744946085,0.14200827264224264,-0.0099979292599058217,-0.0084294301513661365,-0.047489561615390481,0.18709499810350205,-0.067692653241775202,0.54777108261062413,0.068920696092737571,0,0.31790000412075886,-2.6129730644414284,-2.9646560540088975,0.56314319169871097,-71.386505615969384,-0.65841384784817669,-1.1463358707729385,-2.8999137601558811,0.52753533848743239,-0.70805210156389065,-1.2014670047748535,-0.78434600333500326,-0.044003404242377683,5.505984912602421,0.0097036752332620782,0.058047903878358342,0,0
2021-04-05 08:00:00,103.35317891319526,143.88192643063172,3.1292718390811203,18.903464934039437,0.27329076845217576,0.027798778579433258,0.059649386336047813,-0.0029060834909010605,-0.0089413082308845201,0.092958892161097956,0.32109497712018953,-0.030649101105910105,0.17941385496652015,0.71679036806082774,0,0.018160795936852509,-9.081885196842487,-0.67078598322813476,-0.50281111431365599,15.568093872001,-0.87662845552551361,-0.42525370623832653,0.41648872496813394,0.34980034114601993,3.6033653775965626,4.977066669694767,0.51656605946200196,-0.049864747202790091,2.7943473254048405,0.085580272335854121,0.14526997627227747,0,0
2021-04-05 09:00:00,103.35317891319526,181.4698686001046,0.2892387610158676,21.789836770044708,-0.10637743392555424,0.0091210763245062488,0.024461817084739323,0.0066516319705606222,-0.015375143434342979,0.002903555963678577,0.27695170943589581,-0.02323475206546307,0.18568093414757214,-0.17951206472645254,0,1.2165225550767551,2.1473304950140477,-0.94172591872759981,-0.75036541533485357,49.105163690755738,-0.64401000292864186,-0.50607417916318254,3.3416970578110705,-0.072935230991281172,2.0412985233634524,-0.16018515184922025,0.69943665004030853,0.0098426421189266138,0.061877835320070088,0.085580272335854121,0.22288900223223365,0,0
2021-04-05 10:00:00,103.35317891319526,183.89486405981862,0.30953321368696091,21.95303224360028,-0.086072992265053216,0.0075389399448310274,0.03696174351221633,-0.017816380768206862,-0.0093459062774496338,-0.050123597400917548,0.32286993258613217,-0.021272557425533932,0.13376489763902946,-0.095437595743349937,0,0.35518123511333666,2.322935376938438,2.949626304675748,1.0365273780324429,48.49223072837723,-0.44871940071321564,-0.1980860967459574,3.4724153933322786,0.0078081399722505617,-0.42370260386415748,-0.62952528484289894,0.61293215901084697,-0.050487999068959385,0.26309354102646221,0.085580272335854121,0.21024406195487264,0,0
2021-04-05 11:00:00,103.35317891319526,180.12331695857279,0.39766116582545114,22.109700050877731,-0.091311256397813872,0.008843785919934807,0.026023727266708638,-0.0034631248029637083,-0.011118609055960762,0.039309957376108262,0.27782479282907363,-0.021962307030984153,0.11997859168111234,-0.2443938835350076,0,0.10736037215590587,0.26431584535610531,2.4371345959433022,1.0352628150522261,48.012612707645566,-0.87921093757043278,-0.58978877698375975,3.1718344052411953,0.1954021462143383,-1.5383698037466937,1.5446649846422493,-0.19921148964054275,-0.076705151482761968,0.36359546054197256,0.085580272335854121,0.22856770871972096,0,0
2021-04-05 12:00:00,103.35317891319526,129.12759646933364,-0.32144063011807428,-20.629476919195632,-0.10619941241007243,0.0091210763245062488,0.026023727266708638,0.019620286826477165,-0.021494738828331521,0.0082882060331469967,0.21883889434213988,-0.018962149964581419,0.13105475144092374,-0.09025646530641955,0,0.61956486848359682,0.89450079678112193,-0.25592037717625332,0.48476821695791017,41.176774547149343,0.57690966361433638,-0.30359536980864427,2.5253303392077853,-0.26634622489967386,1.5107241557947559,-0.22512132959346484,-0.19543095731049792,-0.026388025491487076,-0.22928526535507773,0.021564812621119856,0.24125107875269688,0,0
2021-04-05 13:00:00,103.35317891319526,184.420149962339,0.012436394227715357,27.147070237992683,-0.096319710128914493,0.008843785919934807,0.026023727266708638,-0.00041611270421961768,-0.014065507168345374,0.05614714372025767,0.30000246256976226,-0.021962307030984153,0.11457703848547136,0.41965157382008778,0,-0.00022479111773423264,0.41903488352852725,2.8787143322438045,1.1489493000047781,43.753088301340796,0.18642926628980494,-0.81408430825035849,3.2487792734923993,-0.067030107431430161,-0.84394306338258585,1.9983206255836394,0.12381162776173626,0.35164839765879419,0.41642492028543482,0.085580272335854121,0.22948339183027058,0,0
2021-04-05 14:00:00,103.35317891319526,179.37147454382037,-0.48678990413232193,19.785335667707255,-0.07901057697725801,0.0091210763245062488,0.041035581152167336,0.017366839697499605,-0.020239998989323067,0.0088308507150124515,0.22764866879749854,-0.018962149964581419,0.14618594167242113,-0.1011483458484098,0,1.8921811544038967,2.2000119745240885,-0.57937857012154459,0.585712514547862,49.01683737633028,0.97393659046943337,-0.30032203542182623,0.16030249335367622,-0.10269770665195735,2.3033771145076711,-0.55256157157517294,-0.80820351570769888,0.87412719180549581,0.57676851791133854,0.073321331120729943,0.17550912097426266,0,0
2021-04-05 15:00:00,103.35317891319526,173.51237908908234,-0.60210986368900132,18.838620039517103,-0.075745169638172224,0.0095342387293866852,0.041035581152167336,0.0018950649828900082,-0.018850131877842461,-0.010573445392385191,0.22719337504901552,-0.021332957267673307,0.1303374254783321,-0.21322832379550852,0,0.097548142472492383,0.30606859058028352,2.8054508455423659,1.4072019080277445,47.924887456475041,0.78777053540960651,-0.29747010932264584,0.62642633137962833,-0.32208725806917626,-0.74118960832557057,-0.98777092682217849,-0.68046460452667923,0.073171314657153291,0.6114706493196046,0.11652838103753055,0.12488269480353502,0,0
2021-04-05 16:00:00,103.35317891319526,169.82816438510548,-1.3131554853039042,19.711063650034685,-0.083451150633367596,0.0075389399448310274,0.026023727266708638,-0.0013771160880156864,-0.014081827630268974,0.064584773256258624,0.29283007829680169,-0.021332957267673307,0.11585432838372881,0.017873178186165239,0,-0.089778278976262713,0.38371270234211996,-0.074101615073468199,0.45567559819617792,47.001161297850906,0.1197790970168213,-0.50601320228893698,0.4373737748958792,-0.087989740932880769,-1.6504742443768996,1.1631002680737161,-0.35343226404399386,0.17378929087557554,0.43210455891682403,0.073321331120729943,0.19438675986794005,0,0
2021-04-05 17:00:00,103.35317891319526,155.91033595935974,-0.46998547009590236,13.481623047412524,-0.096208216541101829,0.0095342387293866852,0.041035581152167336,-0.11920949409355314,-0.054325527974728137,0.0083956260059555587,0.33669881424600168,-0.023406627918801316,0.14083435068350586,-0.21296788667803912,0,0.20182848686363067,0.37433664744605194,-2.0906942441505727,1.3379650796189291,39.062745632881885,0.40432596313428959,-0.33625565908189264,0.6471593481999911,0.14064117589074898,-1.1583721418434858,-0.37691604593695316,0.53532633174609601,0.24228245687587968,0.32919094353302686,0.025511522956359167,0.17606311310309172,0,0
2021-04-05 18:00:00,103.35317891319526,149.62720625222022,-0.95576986789675122,9.4303727419534624,-0.096745583869769447,0.008843785919934807,0.026023727266708638,-0.075362402818089633,-0.019349456461437198,0.074961300334673325,0.27060709730119792,-0.030200107151243185,0.13635761575192196,-0.26006903855838054,0,0.19377612164815494,-0.55489007754721043,-1.5417927356313612,-0.9739794084584551,41.662749645485675,-0.14513758969311813,-0.62010333364864145,0.44388620018431318,-0.29354383680779705,-2.2013546850856565,1.5647282067980235,-0.2245152917118414,0.060431506533171787,0.17828185173029309,0.021564812621119856,0.19425614083604373,0,0
2021-04-05 19:00:00,103.35317891319526,148.13478966439706,0.33547276536861642,-5.000440426040262,-0.07882866170886052,0.011116375109061907,0.026023727266708638,0.06174144427037865,-0.077254807241006834,0.027333929332093245,0.21360606610489352,-0.024436529828262218,0.14763564248608305,-0.16158248510486875,0,0.27209662663209189,-0.014519991947302883,-0.20322476685319918,0.44317136222232795,46.592189564950715,0.31617086931930194,-0.48918929677345396,0.11329209909713815,0.28146618348729846,2.6542525034411839,-0.73949180817756166,0.041915674552741582,-0.1330238932507341,0.038487557691314483,0.036534346577456203,0.091096680217786538,0,0
2021-04-05 20:00:00,103.35317891319526,122.81418773609637,-0.38962336779111822,-13.247042394941746,-0.093882957948877202,0.0095342387293866852,0.041035581152167336,0.0066086082587918597,-0.059957970551352525,0.0037315497164276045,0.34676780986594791,-0.02863787388694879,0.14650154405162419,-0.11180984003098547,0,1.1291744833705519,1.3882610069252266,-0.42549468287628167,0.47900157837567714,28.743584688628914,0.91051090674983293,-0.17699272322336701,-0.58530728103106866,0.494984858218737,-0.6765469113605499,-0.31129008297901894,0.67376670431575858,0.95203604541842346,0.071323921239234742,0.036534346577456203,0.13423703792813818,0,0
2021-04-05 21:00:00,103.35317891319526,117.75921235929751,-0.42597624484448043,-15.812727040421912,-0.095714583822440011,0.0095342387293866852,0.031381304791919008,0.0066086082587918597,-0.061206181455148542,0.0017264399226193891,0.20693963181896444,-0.030200107151243185,0.14412929538402525,-0.05582785815735819,0,-0.41923082175000359,0.88414941024697935,-0.41245960746107063,0.47739456539899355,29.765753942092843,0.92592800304057066,-0.33209137046956233,-0.52245677232959731,0.24295965818402462,-0.8410526447061667,0.092756179679968645,0.30417602468324806,0.25630064859514429,-0.043749336969045441,0.036534346577456203,0.072453718235291106,0,0
2021-04-05 22:00:00,103.35317891319526,112.36798882152596,-0.58039993911863541,-13.718647330536683,-0.094366393180265018,0.0095342387293866852,0.031381304791919008,0.00013814818841927524,-0.067269672034936098,0.0012713013794075109,0.19877835431400392,-0.030200107151243185,0.14588837372307345,0.12169304870270374,0,-0.31554550297936595,-4.072997911592295,-0.4436682031584066,0.51126565552726588,28.630539034529466,0.77059002934235288,-0.37824272340348047,-0.31712554982038504,0.084335836490680313,-0.86969779999863794,-0.39993241811677815,-0.20288516435504683,-0.10018734267291966,-0.026751070846434539,0.036534346577456203,0.090777365000139387,0,0
2021-04-05 23:00:00,103.35317891319526,110.74624132275181,-0.54650648571195926,-14.090364489287495,-0.086592851626590389,0.0095342387293866852,0.031381304791919008,-0.010522062095646852,-0.058084556183559954,-0.010037780546177986,0.25143596595825529,-0.031257348248550469,0.20660964717140068,-0.13342717347460295,0,-0.3133150686099424,-4.4134175438363323,-0.50847763491799036,-1.312628799157173,28.564510706982713,0.60488499124445849,-0.12972893705079439,-0.75391903766128476,0.21535221003533367,-0.70587575187182594,0.11421923670568569,0.64858521504121469,-0.18962980750988789,-0.088433114434341556,0.036534346577456203,0.092232988542986255,0,0
2021-04-06 00:00:00,103.35317891319526,57.278923487607585,-0.98025715101296007,-45.997873915152233,-1.0103675898952034,0.0095342387293866852,-0.012350635451711327,0.00090626517745753549,-0.043823414749296491,-0.051918033250974889,0.45371537418375096,-0.074692283852387395,0.30085268142040106,0.30951199006615387,0,-0.33810341656241577,-0.61626719053137569,-0.38595250948318421,-1.0018061292045379,9.858784727626313,-0.56996298033858728,-0.52976053753635688,-0.77232423613092172,0.024001488030647913,-0.56117551150734868,-1.5982086790699335,-2.8506056356234346,0.20550981110119521,-0.036425629683077873,0.036534346577456203,0.15826913053542477,0,0
2021-04-06 01:00:00,103.35317891319526,108.55693530114335,0.41001820876894396,-8.7349496749940112,-0.19472683983284503,0.0095342387293866852,-0.0067379413031194955,-0.0028178177063697329,-0.0095015741107825624,-0.06939717109757533,0.26868673940448279,-0.074865875531320722,0.37897423130535068,-0.12561146452939065,0,-0.43533212963499074,-3.6800754767336845,-0.43061394615268855,-1.0566703901569883,20.080420195087264,-1.0406196745738532,-0.16000148481928911,0.74393636567407151,-0.17781477054684469,-0.23350693961041033,0.12666216345336007,-0.20451003340125204,-0.20029643512230741,-0.14168038137342148,0.036534346577456203,0.12871992017896319,0,0
2021-04-06 02:00:00,103.35317891319526,115.96537963995425,0.11634253744341062,-17.622572664174651,-0.090859799564176086,0.011116375109061907,-0.0015956595656907958,-0.025752165356320522,-0.013705394352384919,-0.001027300953163912,0.28498472026365934,-0.025773422660533899,0.22097088013593053,-0.052277854983541969,0,-0.39012033216158626,1.0169733248075132,-0.47888448924260291,-1.2387836698588617,28.819462479706477,-1.0124519227762008,-0.21467224468433499,-0.24394568328081298,0.21170566094197141,1.8452064806899025,0.53131362157242767,0.75401819790470004,-0.14920966069349592,0.25246976221753387,0.036534346577456203,0.072734603697323305,0,0
2021-04-06 03:00:00,103.35317891319526,117.74209015715356,0.09166129258560908,-16.071390943035922,-0.073260953022128372,0.0091210763245062488,-0.0021287103888810487,-0.12167676293313023,-0.011970973153777077,-0.035938034311641144,0.20989869836037364,-0.023707099383234089,0.22677584041229654,0.302572916805189,0,0.54761010908956054,1.3992691031362934,-0.34088140137692502,0.41319031879637952,29.796464979916131,-0.81615853639519265,0.007537801064454239,-0.41871613883685832,-0.5991345883957695,0.23013127926880353,-0.78121513704460799,-0.054740975406786081,0.23698494341501103,0.17472053482897132,0.021564812621119828,0.072327791018390472,0,0
2021-04-06 04:00:00,103.35317891319526,112.95777645898652,0.73964364834192153,-18.294946685499792,-0.079631462283597562,0.0095342387293866852,-0.0013496824454415635,0.01662688923076602,-0.012353347214408698,0.05384504275433516,0.25895710121474902,-0.030829456914554031,0.14997846628543562,0.19310536722275445,0,-0.2631060568300268,-1.2995798086319073,-0.45749658143735283,0.34477051053254526,28.635579009243713,-1.0794621536408198,0.1058551851842159,-0.24949013545231113,0.14346529019531873,-0.98650320804056935,1.0351754757338121,0.62107263298020132,-0.1013085766255056,0.063026271375082057,0.036534346577456203,0.05348522520585796,0,0
2021-04-06 05:00:00,103.35317891319526,104.71645367735742,0.016828295279486635,-10.293624230843474,-0.082228314717325432,0.043902676468872408,-0.0060288693428231545,0.0048838777213803756,-0.011465988628241212,-0.052312592348996718,0.27815957841701222,-0.027204040024772939,0.21986956821862316,0.2094409783310337,0,-0.31302630161706946,-4.4482758325764937,-0.30038168160935341,-0.92635496558983144,20.494965400393632,-1.1619223428551915,-0.30125937884903409,0.45118684598916553,-0.063542263751728292,-0.72239349190576274,-1.2216390033055613,0.2077404030249741,-0.073043828809406186,-0.6288014847026917,0.021564812621119828,0.048236939174611394,0,0
2021-04-06 06:00:00,103.35317891319526,110.93307182570001,1.423518915556768,-7.2944765973713848,-0.077250627872502947,0.043902676468872408,-0.0025607318595202702,0.031359797413993834,-0.011079056595661593,0.038503020468492917,0.21805591850329167,-0.029127489814194593,0.41917092740704853,-0.032272841930887246,0,-0.24160361637543357,-4.915521739923447,-0.46741190024589013,-1.0027445617909421,19.410687102318523,-0.65196735617578616,-0.34832540517123151,0.08798462378416877,0.14590797077109377,-0.44071445434526874,1.5623343230054394,0.82923500775882486,-0.14617834987320119,-1.034270926564725,0.021564812621119828,0.043173472337193569,0,0
2021-04-06 07:00:00,103.35317891319526,149.03326363838337,1.2956785476250618,16.534636658528633,-0.043304887749481706,0.066061788805317337,-0.0021406655142590741,0.14431759729263965,-0.0085670442802921239,-0.0015270162609250209,0.24814473774184656,-0.022478905791450749,0.51539109042280518,-0.26999909961484991,0,0.20659113335283938,-0.75795552071927941,-1.3168240876115587,-2.3632525060312224,35.523939269372839,-0.46063768720755438,-1.0647874009507579,-0.99518652117885431,-0.36697064416395292,2.5677396441661262,-2.1336380553640346,-2.3514504959869131,-0.058635080994949282,0.73520720549983531,0.021564812621119856,0.038167859179286806,0,0
2021-04-06 08:00:00,103.35317891319526,188.22051311716294,4.4605065541562245,23.037307665197591,0.039486134019993985,0.023362226588518505,-0.0016221016416387004,0.0012192641617757641,-0.010765161092603183,0.070826310043823962,0.34754901542589572,-0.008216868338330444,0.36371124739610039,-0.50390692978116147,0,0.25202485387271439,0.12754217571300105,-0.5545018677127741,-0.56068985961416928,41.716800954715573,-0.98674727969735287,-0.76852489342369867,-0.13537474123451224,0.095617802088014875,3.2677568628358276,4.6097830427539011,1.2637087612728832,-0.11499868180483439,8.7158717971784245,0.085580272335854121,0.034027648552547779,0,0
2021-04-06 09:00:00,103.35317891319526,187.89961985786093,-0.11048786297671667,21.670095645535518,0.015931872951485203,0.0058223073290065291,-0.0013496824454415635,-0.036283052049874018,-0.01126140890653235,0.0083919355426681549,0.27717404608397855,-0.010280051963817144,0.13995249967680209,-0.49735337214487185,0,1.0493376508937782,2.3397443089961918,-0.24736946092030984,0.057431072873679198,45.781135973049231,-0.42806566105112259,-0.55409581432839372,3.0226895083705632,-0.016923963515002881,2.1975833017343627,0.77431243650169868,1.1900976804652796,-0.085136726181416308,7.8478825836858892,0.085580272335854121,0.081884905123321763,0,0
2021-04-06 10:00:00,103.35317891319526,186.91883117891246,0.027968689710945221,21.81201472927178,0.02107333061287113,0.0050952984799407311,-0.0013232403694936588,0.0067029803577768809,-0.0096294216385127921,-0.0058399014577173187,0.3029114445919816,-0.013280209030219878,0.11882775195969027,-0.46147022478883482,0,0.34170741658531489,2.4569881471904882,2.4635811471201778,0.65028450564659424,46.523914544164626,0.4630506684198879,-0.55313293779421568,3.2756044111534277,0.13123867980492657,-0.87249305105343811,1.0684405803206838,0.90828165380758985,-0.036359072143567407,4.7757884520244973,0.085580272335854121,0.080125620434325959,0,0
2021-04-06 11:00:00,103.35317891319526,182.56163717395359,-0.1001964888951061,21.936121099296077,0.018061979418574584,0.0056747273000775202,-0.0013232403694936588,-0.009534139160020362,-0.01146386361892675,0.038630413537031373,0.2844959141415131,-0.013280209030219878,0.11156716819671422,-0.51128215172900271,0,0.1106446432884014,0.57591699842088395,2.1177000943409228,0.22433457662953099,46.811900213446577,-0.15077802279083474,-0.87161616388902219,3.2459129812690932,0.10223277133702559,-1.4558579225610531,2.3941087912027053,0.02949081900497549,-0.021789715122599362,4.1754599199888567,0.085580272335854121,0.087746794769757427,0,0
2021-04-06 12:00:00,103.35317891319526,126.27612881086345,-0.85752818533877484,-20.622467214912387,0.11821198386664193,0.0058223073290065291,-0.0020865549738390164,-0.069355662877060922,-0.015629853153503497,0.0013402966295762084,0.22063869042950385,-0.0098425995843482317,0.15687469531115458,-0.40964927388292571,0,0.56766777399876944,0.78037841712794742,-0.21194323889437836,0.46617726509300039,40.044771584224669,0.6184887218198849,-0.54212460280254438,0.56147185310353409,-0.2752934694055903,-0.14442031750685447,-0.72228863479877392,0.23647126824220091,-0.096602780640591704,3.0356115879555041,0.018743351572706995,0.069512489735483199,0,0
2021-04-06 13:00:00,103.35317891319526,181.10262404303216,-0.10119691483995251,25.977667859262993,-0.042721752047207448,0.010839084704490463,-0.0013232403694936588,0.00080943643542345182,-0.041655742913932176,0.056850370034341659,0.33467845501069032,-0.022366222992508861,0.11073906376663741,-0.013851464645502583,0,0.11686925308664187,0.63326417032809845,2.9715649259955121,1.2961980882168156,43.129208843407483,1.3988667314250083,-0.62712333772911955,0.59685279917796696,-0.15324264450806468,-0.68515794281656472,2.2385997282952017,-0.3026551018300922,0.16779031854047016,0.46305838268798089,0.11652838103753055,0.12035360311627448,0,0
2021-04-06 14:00:00,103.35317891319526,165.00720343055497,-0.87541405058144206,17.082676766253819,-0.088004951809168244,0.011116375109061907,-0.0020865549738390164,-0.10380957661335613,-0.017239867170580916,0.0060590235327533633,0.24610481908693668,-0.021280156552524247,0.15666346301744069,-0.20432079305630876,0,-0.053456503118050426,0.17691641546820788,-0.8429023217786098,0.39390549325760865,46.354818842628397,0.86929579037535554,-0.2520421391801555,0.066552065700575591,-0.37157093289036536,2.2001893357857418,-1.4233067060544775,-0.99899322293637582,0.28646096491648304,-0.86699525353189155,-0.055681049067194288,-0.019630758458411005,0,0
2021-04-06 15:00:00,103.35317891319526,172.32938317503618,-0.83717175196183646,19.402439738018241,-0.083654234770883726,0.012421221084165684,-0.0013232403694936588,0.0027540723642492312,-0.011256808022473159,0.048030146528760961,0.28051541482221165,-0.021736873229198015,0.15335449440317186,-0.16363223144458935,0,0.082934471521267372,1.6507588743254891,-0.19765479251559059,0.60326867884404933,47.69809503455506,0.68332654995393061,0.038471264670392157,0.36975960545684361,-0.2342407789498864,-1.3054161031433114,1.3555322765336029,0.50077824517322633,-0.10623904226158959,-0.86756965758198679,-0.055681049067194288,-0.02065926309563702,0,0
2021-04-06 16:00:00,103.35317891319526,171.07376423390082,-0.98283698156750066,19.920016377840163,-0.053691859044804509,0.0095342387293866852,-0.0020865549738390164,0.00080943643542344922,-0.01066325496886697,0.030598989570183057,0.34457280239701044,-0.02104712362374779,0.14380414457627461,-0.23557739848106393,0,-0.15579968226015017,2.6231592070604801,-0.22396112593646939,1.3693262767581127,46.369052649332609,0.81404138842217078,-0.0074334214368278343,0.69882452889395374,-0.16849506760782026,-1.0394187114338269,-0.64124382270759051,-0.25592162168063159,-0.10857206542775553,-0.62547592772637151,-0.055681049067194288,-0.015249051365760598,0,0
2021-04-06 17:00:00,103.35317891319526,159.72081160613445,-0.27953462517537581,11.298071907516038,-0.08421271898351719,0.011116375109061907,-0.0020865549738390164,0.16064036778015325,-0.011160495856603114,-0.014509136272337561,0.2350954044756027,-0.02104712362374779,0.1714184715885087,-0.22172996160455816,0,-0.038507953011946552,0.075169856137476107,-0.27386554950625919,1.5608792278483099,45.589521881473893,0.84180284612146938,-0.047493308375126428,0.65990006908679055,0.035237464643519033,-0.95101130215099949,-1.2526246031000325,-0.44513915536759791,0.083137231817339258,-0.67929561387377368,-0.012190235107225791,-0.01995007367605816,0,0
2021-04-06 18:00:00,103.35317891319526,155.33188712029076,-0.88787470911811861,9.9174050447946538,-0.086305466103319337,0.008843785919934807,-0.0013232403694936588,0.22008300221891927,-0.015895657027946476,0.074031763653161442,0.27968783629304383,-0.027840602856189663,0.13373191024130321,-0.15730429013634309,0,0.20770581634647967,-0.57387803995917575,-0.55605686576726232,-0.32135637055409499,44.272725449892761,-0.0018028351701110774,-0.61572473583221021,0.47828945492625302,-0.20761914061523318,-1.6583623742419964,2.2688171470888867,-0.049709315443535761,0.064014699839294101,-0.75447981020422239,-0.01030436859235774,-0.020789882127533334,0,0
2021-04-06 19:00:00,103.35317891319526,160.76012201835331,0.55990240024868199,-2.9504308570377682,-0.090049418538823409,0.011116375109061907,-0.0028018240954546824,-0.24399405299693921,-0.02066599245273483,0.0073749079808989506,0.27740638739168721,-0.025882052757360875,0.18454255718380919,-0.070453516493328164,0,0.17384346859929062,0.80967218345345404,-0.04455306684972471,0.92191906028224824,52.126039892652308,1.1649284924200951,1.1874951597222887,-0.17511726177842887,-0.19275415636635559,3.3802451490747965,-0.54796919189946292,0.80752162381623738,0.76634124828458672,-0.58483873266197484,-0.012190235107225791,-0.0097054420259694001,0,0
2021-04-06 20:00:00,103.35317891319526,134.36016281331104,-0.74798276515286677,-11.06962225244806,-0.14396381912332526,0.0095342387293866852,-0.0028018240954546824,-0.045694976321346281,-0.029699789714393108,-0.011907865429550296,0.30869020596579005,-0.093027738108500749,0.18954828334681048,-0.26537393227397743,0,0.64709630218297953,1.0872917094914061,0.074494551148701071,0.80933349149439471,42.918207434671544,1.1062104419334515,-0.7892789499768561,-0.24432921284500897,0.17182219732253312,-1.7373687851591024,-0.90900715982674174,0.29455900233704152,-0.021381617023878446,-0.46487106739561307,-0.017457298610902713,-0.016034905002767379,0,0
2021-04-06 21:00:00,103.35317891319526,128.20938353739251,-0.71677302013960209,-12.737081416286115,-0.098881737236728814,0.0095342387293866852,-0.0015956595656907958,-0.045694976321346281,-0.089001132038977998,0.0045355636286092092,0.19916808598100397,-0.027840602856189663,0.13059147469101923,-0.039869888010528411,0,1.2044062483474594,1.2335548349384875,0.14854784308629318,1.0981787410908928,35.432013164760349,1.0113899196888505,-0.28251720764389365,-0.3037706774685846,0.082692253621365785,-0.54150461857366505,-0.67893822044210661,0.14428030663733393,0.36241493998630397,-0.61032028414161865,-0.017457298610902713,-0.013856251654161766,0,0
2021-04-06 22:00:00,103.35317891319526,123.86129847748886,-0.37830351307735516,-13.948991515422765,-0.097000100530883329,0.011116375109061907,-0.0028018240954546824,-0.033830213619313695,-0.087125070909359587,-0.0047504796359316304,0.24173534688598902,-0.029041789848473502,0.17580272822494861,0.18712249433700889,0,1.1969054489118189,1.4221263589713393,-0.43058584567076785,0.70362555085088307,32.361610470119871,0.70698269091256272,-0.34766981010930054,-0.26281850941481799,0.16279651297162909,-0.75062129414353695,-0.35017688580036582,0.62290082467211028,-0.085264582495868588,-0.44676605674694386,-0.017457298610902713,-0.011400447541630465,0,0
2021-04-06 23:00:00,103.35317891319526,115.15747253269571,-0.32019530416575087,-14.329360254284532,-0.096548587621181181,0.0095342387293866852,-0.0020865549738390164,0.010889752562374688,-0.044464015019831375,0.00072899029130259717,0.23787623633495894,-0.031661264210075174,0.19370521974037733,0.036539784276027394,0,-0.34265611656844597,-1.1320371276906505,-0.45844677915308535,0.60609308591043487,27.58923313001679,1.0377130823464804,-0.46051218397918969,0.50442778095642871,0.0042177069319255913,-0.98766613734570097,-0.24869517393029317,0.63401687791515593,-0.14828847499754977,-0.42920654641853384,-0.017457298610902713,-0.011400447541630465,0,0
2021-04-07 00:00:00,103.35317891319526,69.33435210590325,-0.98000700461767709,-42.117033915692069,-0.9508735587196282,0.0095342387293866852,-0.0067379413031194955,-0.0014237023384963952,0.14558549241060623,-0.051865535518948312,0.35961650647525178,-0.074852491342227198,0.20454274068902117,-0.14019897760177832,0,-0.39730680429817694,-3.4397869780650505,-0.43417497511507647,0.098176704022679612,12.35045418213701,1.7051851196340366,-0.32312650851675284,0.90193251037591404,0.38037056424929344,-0.2178089806242611,-0.81723883151153154,0.45955757463178548,-0.11276104702904176,-0.52538784659331561,-0.017457298610902713,-0.025740043148972276,0,0
2021-04-07 01:00:00,103.35317891319526,26.748057406119511,0.088633256236764033,-4.6239756997750217,-0.36213541222056089,0.0061912826210207966,-0.0067493986360834587,-0.00024925738774366152,0.12146987423348501,-0.022948887022816632,0.17610309181670059,-0.10710628084533809,0.76810950451347126,0.16703188893836715,0,-1.3507824225730811,-1.8527691079069961,-0.35338567551475542,-0.67834435184625463,-67.235744699750185,0.13761749019595701,-0.50788570089825458,0.94998006753401609,-0.069066133107281089,-0.31432019857787635,-0.11217877778063573,-0.90823124160560353,0.22791906037686738,-0.79057829850906369,0.018454870219925791,0.029819650195587192,0,0
2021-04-07 02:00:00,103.35317891319526,23.574805762498052,0.3681116968829507,-6.8121644385876099,-0.15783240281428351,0.0061912826210207966,-0.0065512123474482393,-0.00057096532292349664,0.11971513625583471,-0.022261699191654532,0.099100623125046902,-0.10337801778111916,0.58458607583021305,-0.047990105226381877,0,-0.98325206463773029,-1.6545775563652727,-1.633895807665829,-0.23260218134275973,-67.544086114873053,-0.34149271970662998,-0.458450301920176,1.1029440662960341,0.10705730317223273,-0.17974488600316166,-0.21747791992613258,-0.82517736812453057,-0.18000294313860279,-0.82761528573057042,0.018454870219925791,0.044589785605577803,0,0
2021-04-07 03:00:00,103.35317891319526,27.834085834338858,1.8330691280438316,-6.65659409872148,-0.13729912209400691,0.011116375109061907,-0.0025607318595202702,-0.00023328685573508682,0.17594778158641031,-0.023316819586578472,0.12904856115693755,-0.10842908677235695,0.33835473959205686,-0.04219197809772661,0,-0.40060709684817797,-1.1028838352565398,-2.2360926875894518,-0.2832692395463251,-64.868735101604784,-0.44340069777948243,-0.77531699488612127,0.85328730715614776,-0.080599548043683758,-0.30011183637744748,0.27581944819628673,-0.087796374759602738,-0.13662541245134519,-1.5127171263921844,0.018454870219925791,0.044589785605577803,0,0
2021-04-07 04:00:00,103.35317891319526,20.607796766253575,-0.38835273753341293,-6.7077401361640439,-0.16284391829507375,0.0061912826210207966,-0.010116250461799344,-0.0010950414942718712,0.096842102578187789,-0.022664086743739618,0.086484588469873364,-0.1209789095992731,0.60127114487422073,0.16913034622807485,0,-1.768199252089421,-1.637947403342638,-0.34981741919281018,-0.84709305283724834,-67.803013410340583,-1.3727581640518176,-0.79064947896647142,0.66687815602928524,-0.11981396873523065,-0.32834800898339284,-0.2233167060552845,-1.0468606536219123,0.26288367999019741,-0.9985704012405392,0.018454870219925791,0.046660681796688613,0,0
2021-04-07 05:00:00,103.35317891319526,23.101934646231516,0.8157288287755371,-6.8020506134762071,-0.10378039208378095,0.026020606872335723,-0.010116250461799344,-0.0014071098929976736,0.058115287294423869,-0.022121886682631573,0.13833555413064277,-0.13452633686971593,0.63944437470549886,-0.039028807855125101,0,-1.2778500210096404,-1.6118312710474891,-0.5127093531222422,-0.81843691230280291,-66.372021724293148,-0.91227269090404528,-0.037174647960359436,0.46672480964005902,-0.47948629972189794,-0.26166414725538573,-0.1260121830928107,-1.6094996264139967,-0.18147309590875263,-1.1508738250123549,0.018454870219925791,0.050268596765113631,0,0
2021-04-07 06:00:00,103.35317891319526,37.950368042388881,5.96549091136266,-4.030120756766145,-0.11265244012938068,0.12351441820320502,-0.002807907434862273,-0.0019533428030266424,0.058620466781510047,-0.0095914323616555688,0.12810329643921456,-0.19404227295343696,0.31542435857315915,0.058608107319635186,0,-0.57303125549010381,-1.7356606935104211,-2.6010564041215516,0.34149869059615351,-62.825498747219989,-0.61622843827936558,4.3648329414826019,-1.4074238731126754,-0.13688005029384442,-0.25890449037703905,1.0024279105018499,-0.9873269805236633,-0.13842529766323727,-2.1975067988440942,0.0097036752332620782,0.058075534584961411,0,0
2021-04-07 07:00:00,103.35317891319526,30.671502237673447,2.8341367477902479,5.307666272071172,-0.1127499572644281,0.095568628902274425,-0.0072207596258767395,-0.0099691252464450611,0.05962640283912353,-0.06573322316411688,0.29043779914677742,-0.20589643675558861,0.7558954736298843,0.017137486167486747,0,-0.033078094154413817,-1.9515091281087473,-0.53231236018643324,-0.8776925127546944,-73.588286098545893,-1.1424264163933322,2.5543295837588,-2.7762084580619919,0.80994584977676332,-0.24156058267822778,-1.7916966005066055,-0.22147099835138737,-0.049455744025350898,-1.8655276708605772,0.0097036752332620782,0.05666957184656609,0,0
2021-04-07 08:00:00,103.35317891319526,145.79585037255828,2.3632551926220793,18.842501915632742,0.0094249133703545596,0.085636231103933702,-0.0030330196442058203,-0.0038327631099185624,0.059180694060956322,0.086554787472095288,0.40209340268309135,-0.083381121086815238,0.18441799787559635,-0.55133033631626793,0,0.1077247624013435,-9.0044230314850999,-0.59373576570622899,-0.58262646648514327,16.159437710536334,-0.85962948840888265,5.1493191818633868,0.19159424123209273,0.3613886644801817,3.8680985430276875,5.5451928072629819,0.59761336460823067,-0.14442220138473805,0.026414649390389254,0.085580272335854121,0.14365632103095871,0,0
2021-04-07 09:00:00,103.35317891319526,184.38008041037216,0.020484459482547263,23.269875854625187,-0.089294402997804181,0.010425922299610028,-0.0012438212076986092,0.012802581474994785,0.070861329682141261,0.044785804441558434,0.28484161419848048,-0.025700024097258203,0.17502100976853865,-0.18583298663819886,0,1.9257358464139802,2.2809030254090197,-0.70832781652937593,-0.85335866302077101,49.184684977505981,-1.6127204821921091,-0.60021920642998228,3.2316702441126806,0.085290459870005109,2.6160495565588344,1.5610021768013311,-0.030241635735517417,-0.10489339528741905,0.13750614733525746,0.085580272335854121,0.24121264899708197,0,0
2021-04-07 10:00:00,103.35317891319526,183.98586235266251,0.19738321361978167,22.00604239937531,-0.073239144452650992,0.0091210763245062488,-0.0017944438344415616,-0.00056918811390774672,0.047368321945982561,-0.016550967837356816,0.17561691085440762,-0.025820887624625505,0.19416082022340714,-0.087562160989251403,0,1.3710781243867645,2.3206300247484788,2.5200912029959488,0.95009693896972425,49.767483525290878,-0.31521799459503519,-0.18060011271826573,3.7770592917102093,-0.21663679308645148,-0.52298911043532925,-0.51833246271830347,-1.1971533763975772,-0.10362485235217381,0.26101435518091587,0.085580272335854121,0.21004845666060193,0,0
2021-04-07 11:00:00,103.35317891319526,185.23452567486211,0.39867517855392293,22.082022045024296,-0.091311256397813872,0.0075389399448310274,-0.0013232403694936588,-0.0043086186850618737,0.046081857282638937,0.041997413855532018,0.28920862973805794,-0.021962307030984153,0.11976971992740677,-0.22957935215630468,0,0.42750002247354857,1.9628107164285493,2.9370148409420764,1.7085105802137059,48.893239136328646,-0.39945002032910465,-0.33592945974490046,3.2847631914428113,0.014780426231794782,-1.1015849717766137,0.95188411819389074,0.46880750175419306,-0.077197789787298368,0.19524147855314355,0.085580272335854121,0.22856770871972096,0,0
2021-04-07 12:00:00,103.35317891319526,127.27912306495227,-0.31310882461978989,-20.779801994592816,-0.10431385443922982,0.0091210763245062488,-0.0020865549738390164,0.0070041402189896023,0.076931124227337666,-0.030715645193520137,0.26088667181704439,-0.021272557425533932,0.13473043627680056,-0.081830412983405917,0,0.63096617616616835,0.99550755175916361,0.049897116946946027,0.80142808521441933,40.67992663834994,0.58088952091098722,-0.25917519807295952,2.8832101622084547,-0.41806201441756169,-0.6930957534204687,-0.66647431940458102,0.23600231362599958,-0.10378901074024734,-0.18818219034888167,0.018743351572706995,0.22260811677020143,0,0
2021-04-07 13:00:00,103.35317891319526,184.07834995713077,0.0066315945931401206,27.787214419710917,-0.080508399924109714,0.008843785919934807,-0.0013232403694936588,-0.0010150778694519331,0.060988792594301934,0.055781594897635317,0.28658899917987363,-0.021962307030984153,0.11320708703405113,-0.2490954696271408,0,-0.45042990909929198,0.68998604152755438,3.0063381503403503,1.0812510674353377,42.589343182577103,1.2368063649676908,-0.64261608008683313,3.2139297322022014,-0.17976656589542578,-0.89561594817319501,2.1195660475887141,0.28514511052504393,0.08382454053621656,0.31925280743048184,0.073321331120729943,0.22948339183027058,0,0
2021-04-07 14:00:00,103.35317891319526,174.87261509550888,-0.79495294006742234,19.064951291302041,-0.10719628862069615,0.011116375109061907,-0.0020865549738390164,0.009167276770329004,0.24678983144779237,0.012672254197145568,0.26269728330266229,-0.019874799052919667,0.14446090598944361,-0.16188149799446661,0,-0.01456259703644806,0.22592658924395773,-0.96495129467387508,0.64137279786923129,47.380589291083588,1.052585518789487,-0.17286265487964403,1.9196365563419358,-0.040071704551172649,2.5427290404842728,-1.2892803499520322,0.065096153620136502,0.32676201953616513,0.84114786600350633,0.11652838103753055,0.22292743198784859,0,0
2021-04-07 15:00:00,103.35317891319526,170.19443976279038,-0.54701934924583417,19.386672997218138,-0.1069400282548251,0.0095342387293866852,-0.0020865549738390164,-0.0035892760332397579,0.10583042073835632,0.0103956713461083,0.27218822747399174,-0.020643207662223086,0.12073513468850992,-0.13059207333847767,0,-0.17410277181110834,0.38033820076220332,-0.21147875021865237,0.70176697292077594,46.135881360690874,0.74817104996151729,-0.44156665308994913,2.2720159133174569,-0.05966574697095408,-0.99547744171770991,-1.4408294202048444,-0.05619717716289635,-0.051002912421251378,0.59978552704584442,0.11652838103753055,0.22260811677020143,0,0
2021-04-07 16:00:00,103.35317891319526,171.82184582966093,-1.3126230748577021,20.272563255780135,-0.094301541686293372,0.010839084704490463,-0.0013232403694936588,-0.026086313149493712,0.057619814026061603,0.065579041079266251,0.29172623569111272,-0.021332957267673307,0.12170501013532271,-0.11462620294626551,0,-0.13484404668849234,0.80545832500602388,-0.4260108195945842,0.52252779911954417,47.564571976038444,1.0783144335817305,0.055178297212523202,0.30641824399585049,-0.28376064960878861,-2.0949538036843358,1.5274572576042367,-0.55575539492106873,-0.10550669644551391,0.64891774280509773,0.11652838103753055,0.19438675986794005,0,0
2021-04-07 17:00:00,103.35317891319526,158.38688215006022,-0.5653393357521449,10.780674492750503,-0.090765569226513354,0.011116375109061907,-0.0013232403694936588,-0.08014232665545605,0.050773898922026744,0.001424608729388818,0.19690164807673688,-0.024096377524251537,0.17548834734008387,-0.22766929838880279,0,0.034891912454707109,0.1549039664969824,-1.8958590741096519,1.3101333269794275,45.513104655980086,0.37974251925894026,-0.28867490708772453,0.59025109863245162,-0.051792887469080437,-1.1676932285793409,-0.49976046492498843,0.1006600211417375,0.13059973347522053,0.28442918927094202,0.036534346577456217,0.1751898057566155,0,0
2021-04-07 18:00:00,103.35317891319526,155.77393964012253,-0.86353630451456909,9.5558571165995438,-0.07903585085782007,0.008843785919934807,-0.0013232403694936588,-0.075362402818089633,0.072035658065049107,0.076792338639408597,0.27208157841933989,-0.027436686894664958,0.13411625973683652,-0.1606429213157784,0,0.21579627596522066,-0.018970394450264553,-0.51206627213610856,-0.92104002136717578,44.287118778829431,0.04434475136059636,-0.572485597609798,0.55128036671764491,-0.18618480521767578,-1.9330411341736733,2.4167537312686682,-0.20763934658446712,-0.057543632295352941,0.18622774255340199,0.021564812621119856,0.19425614083604373,0,0
2021-04-07 19:00:00,103.35317891319526,125.77156027412781,0.14257317826363908,-10.370826065392716,-0.097515156609127074,0.0095342387293866852,-0.0028018240954546824,-0.015480730732438771,0.33884622647553442,-0.011993115095626313,0.3236720559538272,-0.02863787388694879,0.16459066857279825,-0.30971444346116339,0,0.71555288480877588,0.89346792451652024,-0.74529906696834414,1.0623425262207056,31.171427774368343,1.1525321126185084,-0.29384587436214132,-0.45542688818525617,0.39973607175395826,-1.542878720521083,-0.85569679485285777,0.56141059434666429,-0.029078235329593638,0.071118509290998749,0.036534346577456203,0.13423703792813818,0,0
2021-04-07 20:00:00,103.35317891319526,122.51201367508369,-0.41118735205845852,-14.524836813641434,-0.091834698941986606,0.0095342387293866852,-0.0015956595656907958,0.0066086082587918597,0.40032326609498725,0.004100008129752546,0.22737498375536794,-0.030200107151243185,0.14301102162950041,-0.11404615535828068,0,0.45013879496284015,1.1192843115725006,-0.4002603645331364,0.47379166866830541,31.421100492132069,0.73648278946641843,-0.18889259151825086,-0.38759246889326276,0.43611040425904468,-0.92721175517484777,0.57456615838368652,0.32443279984109963,-0.13324009263711392,-0.066114789334441634,0.036534346577456203,0.072453718235291106,0,0
2021-04-07 21:00:00,103.35317891319526,130.72020847362262,-0.65315922123836057,-13.77572465156006,-0.092178611362659993,0.011116375109061907,-0.0015956595656907958,0.057530623953998099,0.26167252746464936,0.028050427711793415,0.20943471784954557,-0.024639982884217638,0.16225345550499976,0.17117330653674037,0,1.180369066275601,1.3438684221974753,-0.16012528683346716,0.62469320715239707,35.576705775030717,0.37834643420453495,-0.21000086128002324,-0.18705397850474326,0.17976347679886864,0.75202358584033469,0.10255149968450719,0.92394091101901432,0.37096220353124215,0.025495420116009349,0.036534346577456203,0.075022031097428388,0,0
2021-04-07 22:00:00,103.35317891319526,121.11262537445387,-0.43953362697738491,-14.729478700279232,-0.092393183154620057,0.0095342387293866852,-0.0028018240954546824,0.011767200737936464,0.096993855268572265,-0.022428185975261829,0.27505060811014859,-0.02863787388694879,0.15999270224594861,-0.12372634844949365,0,0.40732461241786549,1.0488790476806766,-0.4101745117118768,0.65261712366304125,31.808646369672271,0.66642750860486177,-0.13584271428281644,-0.32880931836396643,0.2553174695310817,-0.91755210937597442,-0.45288178213748159,0.06656704800154889,-0.15765327340618282,0.033254063879090377,0.036534346577456203,0.072453718235291106,0,0
2021-04-07 23:00:00,103.35317891319526,119.06133014712276,-0.40937688770619612,-12.657469391741088,-0.092067966910130028,0.011490741516253546,-0.0028018240954546824,-0.0065006762842330394,0.10415510149408236,0.00021120325555077466,0.21961069143270323,-0.029248779260426256,0.21042809135296575,-0.083383224196142802,0,0.57806608655007896,1.266321271330793,-0.39190479098875597,0.85342933435008428,29.725397330327858,0.79885059310278872,-0.37727231477586526,-2.9348798027481511,0.057031844178046048,-1.1311546829629737,-0.34910777325554576,0.23654964350586943,0.064777140459662486,-0.046147589463936094,0.020694147224237243,0.072453718235291106,0,0
2021-04-08 00:00:00,103.35317891319526,59.666639602209187,-0.97845911456957546,-46.708155110249713,-0.92387380545892184,0.0095342387293866852,-0.0041510255098996503,-0.00028856789677752744,-0.035223197748247899,0.604203455729731,0.35689516685498601,-0.074692283852387395,0.23195883541984919,-0.22808269066929168,0,-0.3608431206792817,0.09387185942814541,-0.34606858289533987,0.37646911574887848,10.365463213709639,0.63411862832245525,-0.41572412218508836,-1.3143305651115094,-0.041526890816611019,-0.57634233419070668,-1.240670443243604,-3.1060838307895935,-0.15533662362212985,-0.045502991860304848,0.036534346577456203,0.15976712984234506,0,0
2021-04-08 01:00:00,103.35317891319526,114.75696792953764,0.24792190537118317,-7.2772622911129101,-0.10752572585532326,0.0095342387293866852,-0.0029345219607449418,0.00027653145110368121,-0.033970365804989938,0.40269010553926127,0.24255448102401506,-0.074865875531320722,0.32275255011553666,0.13350729528384991,0,-0.48623316111280201,-3.6899170201519684,-0.38077917517385779,0.36654169738623321,20.373899270143987,0.78795495412095073,0.027197674584402715,0.68324882644147833,-0.10967487202277369,-0.27062169277215736,0.25664787902844782,0.0028389102787827929,-0.072368186860610417,-0.11332372031710214,0.036534346577456203,0.12916495894288665,0,0
2021-04-08 02:00:00,103.35317891319526,115.89538015346092,0.24557633233786338,-17.49181951781064,-0.068031186336174859,0.011116375109061907,-0.00098219658387174269,0.00082351166354384386,-0.038538770320478352,0.11968450415290445,0.33019295477467564,-0.025773422660533899,0.20906407868817847,-0.037276554178978225,0,-0.16507215797671684,-0.97150378980345209,-0.49503132203009464,-1.1656969041900134,28.784624562518342,0.34030798661152856,-0.12344701564988882,0.096322985170511952,0.17185716256836128,1.8924343089359175,0.043539603659878794,0.67577512993861266,-0.14740294294955877,0.22386492758713419,0.036534346577456203,0.0910582504621716,0,0
2021-04-08 03:00:00,103.35317891319526,108.52531132822119,0.060163295386776616,-9.2901688313461399,-0.067336806378740677,0.0095342387293866852,-0.0026737263273240268,-0.001809151174706958,-0.0095015741107825624,0.5171793332701452,0.23292488674937969,-0.029267223650259636,0.22836207749026508,-0.062873986474331844,0,-0.47857930494391954,-4.3828327228975814,-0.39490036581709947,-0.94367141462480453,21.417839605817303,-0.90340650682316104,-0.14368548704379955,0.38645049797690284,0.16645540099163425,-0.68214327406964048,-0.66695790204643224,0.11201895161614009,-0.073433082935647015,0.065695403907957944,0.036534346577456203,0.072215737176946987,0,0
2021-04-08 04:00:00,103.35317891319526,108.50316502676883,0.36355893273838547,-12.013229536364157,-0.06347868181991756,0.011116375109061907,-0.0026737263273240268,-0.0074437714860126798,-0.010661127186124934,0.46905769142187898,0.21377287138153966,-0.096377808691992348,0.27623952590669421,0.11925922688070412,0,-0.2867217634370669,-1.3791304043465964,-0.47767653038779162,-1.0939746256079397,21.854155781743099,-1.1256410976716489,-0.91855722350323787,0.22743147160716751,0.19135654078689113,-0.9668003912914418,-0.44997664028133499,0.37856433114637666,-0.071128223452014472,-0.075826369045696923,0.036534346577456203,0.048236939174611394,0,0
2021-04-08 05:00:00,103.35317891319526,101.09651683386467,-0.24676855200971004,-10.437272769113289,-0.059608242376151033,0.071848465769802999,-0.0031767497253669522,-0.00212803950978269,-0.013501852060636432,0.28657430480678475,0.26346557480771515,-0.10239812320156998,0.24307846869102179,-0.018797245516622145,0,-0.55679271596383428,-5.1066807287081888,-0.41712650791296441,-0.96036576646867855,20.515726740315994,-1.0707001409654375,-0.88128360226483426,-0.97064184983152668,-0.16122953905120149,-0.90778213444959643,-1.0333815370713992,-0.28287754181316599,-0.084670662695513044,-0.40494261876442056,0.036534346577456203,0.048236939174611394,0,0
2021-04-08 06:00:00,103.35317891319526,112.46261701498833,1.2417646086793441,-11.561605655711917,-0.055251214417431062,0.063477118767488766,-0.0010186976091754861,-0.02876857262776281,-0.0090688854533595709,-0.1007687173400464,0.29182860408130734,-0.029127489814194593,0.42024394793198849,-0.12060360237742856,0,-0.29129981470983685,-5.0388426023575388,-1.0217977869330797,-1.0466427098198217,27.47077706586936,-0.75280353728115013,-0.51946727124979641,-0.69084960872352308,-0.069653019345697106,-1.3592965233228398,2.243628242630697,0.81044918327217508,-0.18333080506520519,-0.61727244023781958,0.021564812621119828,0.043173472337193569,0,0
2021-04-08 07:00:00,103.35317891319526,127.84839468620156,1.7177263163453547,10.758181586022825,-0.050465413209247433,0.095568628902274425,-0.0031767497253669522,-0.056896435869498121,-0.0089765199513060258,0.56533973376011892,0.40287470409211257,-0.0064609347367130645,0.45397204721934642,-0.19898696601558213,0,0.31308763638594928,-0.40464169056007038,-0.82413897687341209,-1.3305679199479403,17.994428510537148,-0.82017771020031671,1.1717497659938632,-6.584709921141239,-0.010624034491712286,2.8466381205608977,-1.8314759385170722,0.72803218556137272,-0.30051687019442896,-0.17329920484123207,0.014157152041985558,0.038574671858219646,0,0
2021-04-08 08:00:00,103.35317891319526,176.63788178884457,4.1410497011609975,25.330545980381679,0.036379105523430447,0.023362226588518505,-0.0010186976091754861,-0.056275599346057019,-0.0097062978056583551,-0.25945802961065489,0.33420950944130662,-0.0084203213942858623,0.35354496264999469,-0.65914708553488832,0,0.24761117389094298,-0.12580519405816534,-0.75901979631372829,-0.33840762041425659,36.459857305801954,-0.72542757586689954,-0.050538582364306001,-0.38386055065385938,0.010316786658269482,0.77146828023506409,-0.23959034279885133,1.0697606478361554,-0.073948371226540133,8.077613339589961,0.085580272335854121,0.034027648552547779,0,0
2021-04-08 09:00:00,103.35317891319526,187.12228414940759,-0.14655494994439683,21.700463995414093,0.01726588024084641,0.0058223073290065291,-0.0010007931388483287,-0.00032121512300063975,-0.01182337320910665,-0.12495902872801079,0.2707537580979974,-0.010280051963817144,0.14394400943227845,-0.44281277151799847,0,1.0315277461189645,2.0269831208705273,-0.27990249954570173,0.097688690987120352,45.686360661371033,-0.71035294601489474,-0.16522701184850375,1.8318789976080179,-0.06010695974623232,2.7704081087722567,1.1246240366946518,1.0903309381778845,-0.023296297696412584,7.7749562383535631,0.085580272335854121,0.0871543728853134,0,0
2021-04-08 10:00:00,103.35317891319526,181.76975273124168,0.070480483159455043,20.829263215482086,0.028305491380508203,0.0050952984799407311,-0.0013635740526804303,-0.0048100436327252393,-0.0096294216385127921,0.11701701020707302,0.23853941891407757,-0.013280209030219878,0.12645211422452435,-0.55861929508833119,0,0.37318667536116767,0.44109937621698642,2.661834309104198,0.6076602638752131,45.724740478596928,0.22018429217966121,-0.60327223374006789,2.1689601962219109,0.15221110615172415,-0.81331706314586916,0.85463878794099835,0.73511020925303405,0.010807449986197879,4.8897691941633514,0.085580272335854121,0.079930015140055252,0,0
2021-04-08 11:00:00,103.35317891319526,180.89052314710509,-0.12210420405363931,21.712048784920761,0.018814025042330949,0.0056747273000775202,-0.00098219658387174269,-0.0017630315339811494,-0.010868839708554482,-0.078687365052661024,0.28068919445458251,-0.013280209030219878,0.11319338626016776,-0.43143315566222074,0,0.081647265785819031,0.57096930658107281,2.4022704820573328,0.18547314884379215,46.608688933851802,-0.17947361932569678,-0.8800600494041626,2.2467889919850452,0.15744919546445094,-1.4973388626512394,2.1477443061329198,0.0067198400364324937,-0.0019164795284141707,4.0437535906223294,0.085580272335854121,0.087746794769757427,0,0
2021-04-08 12:00:00,103.35317891319526,124.39474178562192,-0.92057007094332022,-19.490466114230383,0.11008991049855001,0.0058223073290065291,-0.0013635740526804303,-0.0056581974354547836,-0.016341520283914845,0.23741403970413913,0.23781243936399851,-0.012590459424769655,0.1390730365050398,-0.44672800726463768,0,0.16659638103755706,0.63522154499495453,-0.16651638939339808,0.39537108640417284,38.04029150299931,0.81586543955702284,-0.57971141835149786,0.55114548740556157,-0.31586352499267734,-0.76143570621619039,-1.0453105430016838,0.19697535895881316,-0.095355048585217581,3.2798583857536516,0.018743351572706995,0.069193174517836062,0,0
2021-04-08 13:00:00,103.35317891319526,173.79734171793032,-0.59568012705303452,24.175880199985112,0.1153962078250521,0.0065915887612873134,-0.00098219658387174269,-0.0039751914792052227,-0.030533974374667195,-0.28535059082147268,0.33150284799949753,-0.013280209030219878,0.11080995381986952,-0.35986322474922877,0,0.14365006811494099,0.55057006238883421,0.29211059767220854,0.17509860136929711,40.781502554738914,0.55311898292304396,-0.89562116266528102,0.31761409763850085,-0.44026299788451584,-1.4772851530329869,2.5458984374900488,0.36927604520871937,-0.090206300289371044,3.97631935609986,0.11652838103753055,0.075335949626303897,0,0
2021-04-08 14:00:00,103.35317891319526,172.00835845052796,-1.3544068042681712,18.116652123569985,0.10764586831507394,0.0067391687902163232,-0.0013635740526804303,0.0070893509491935175,-0.012781362789143099,0.054770972781628569,0.26676836369230339,-0.0095903023583669214,0.1529072304881994,-0.17815971724170029,0,0.065254902967663508,0.52502025733151025,-0.72228978635598007,0.17919519772537335,46.161350835820393,1.1122494596973647,-0.30581486233084132,0.12586747064924508,-0.31459850768530834,2.5506788215792691,-1.6916841920125454,0.50824157984782325,-0.05868935479762373,3.1780855262467798,0.11652838103753055,0.069512489735483199,0,0
2021-04-08 15:00:00,103.35317891319526,166.17050040339646,-0.98960083992815073,17.757292216026389,0.10606583871419131,0.0060121599411505251,-0.0013635740526804303,-0.00070301040829952592,-0.020064311247955748,0.026538920236093725,0.23401037142234743,-0.013014216823279103,0.11792003336044304,-0.19706518405618687,0,-0.036037985567336693,0.38803800296160612,-0.38797184025469517,0.33381619526006295,44.664719736940604,0.82621423879660272,-0.36281272212037896,0.49280416371990216,-0.26461686733276774,-0.76533810346990216,-1.4218225660740988,-0.68440154605106207,-0.13575131129844123,2.9587321359515832,0.11652838103753055,0.069193174517836062,0,0
2021-04-08 16:00:00,103.35317891319526,164.09057377135409,-1.9797148300569172,20.630718949939784,-0.018965337638596511,0.0060121599411505251,-0.00098219658387174269,-0.03092233475110644,-0.051605454407475958,-0.36325495247261907,0.30093382063908097,-0.015777637079857337,0.10687657420103143,-0.3210515759820104,0,0.041634939473286094,-0.012233647694005758,-1.9114373641423181,-0.26045202436563186,43.192959500271208,0.25673044033573195,-0.79234588936470096,0.18822337138287218,-0.32912782396461732,-2.6887520022494136,1.7564698193752852,-0.58429850666346772,0.77150419317699059,2.5520866382469425,0.21883007896585266,0.075335949626303897,0,0
2021-04-08 17:00:00,103.35317891319526,153.80470454976486,-1.4829619619723262,8.6600081506557309,-0.021083650531206363,0.0067391687902163232,-0.00098219658387174269,-0.10272529066768522,-0.073141072713196198,0.049863042824050019,0.2055241604105138,-0.010217512812831789,0.14325278401618768,-0.16980697389852645,0,0.1505992622815783,-0.10664798287949169,-0.73533093591315957,-1.009253067809835,41.523158875459266,0.53054044024219149,-0.61735384304621166,0.26395022978785981,-0.019408093375989349,0.17957614647937842,-0.54463559298299113,0.27424562734559149,0.28276184143362454,2.9635377779558914,0.036534346577456217,0.074781957497474835,0,0
2021-04-08 18:00:00,103.35317891319526,148.85075844128164,-1.4656194649634753,13.105332161365359,-0.023271432348811415,0.0050952984799407311,-0.00098219658387174269,-0.075748318264055106,-0.015792210272312909,0.039707557718267138,0.27420687099755992,-0.021881366706848985,0.13984909962101819,-0.26340613406063984,0,0.29980303547475218,-0.44225648866844763,-1.4253492423510219,-1.2473698334233165,35.640284762504301,0.048144097915846298,-0.6168960282538678,0.52849851450706631,-0.3494382552648756,-1.3643324307501818,0.44915067425552319,0.3784442659912296,0.066182880824524629,1.7437230348892738,0.021564812621119856,0.069935862832415943,0,0
2021-04-08 19:00:00,103.35317891319526,117.06238053162835,-0.23564077974142186,-10.701133439535859,-0.020087507427820544,0.0060121599411505251,-0.00098219658387174269,0.0087060734807759121,-0.053508716937356135,0.049338473184743638,0.2295693949234891,-0.021881366706848985,0.12892808159460548,-0.039099790596150021,0,-0.017131167853651864,-6.0782863974951677,-0.47206670459297517,0.31877355048770445,28.323974805306321,0.08323084759711856,-0.58690996818546137,0.54092411483495206,0.37661754134931114,-0.96610158240119781,0.6483840766319745,-0.10290364265316768,0.50373844039869597,1.7114928318332561,0.036534346577456203,0.038710141002513306,0,0
2021-04-08 20:00:00,103.35317891319526,110.82948328094204,-1.1799314707094684,-7.9502752247261261,0.10155868162043358,0.0060121599411505251,-0.0029345219607449418,0.011919706701837826,-0.040350280492020746,0.3553510277317074,0.27976072446640621,-0.02031913344255459,0.18767131326196898,-0.20442485222151754,0,-0.53160536940064917,-4.4579509480483361,-0.15293219332503666,-0.65944022389338341,21.191348509453825,1.0389294761596124,-0.82278087834348446,0.086973382125109869,-0.085517808354446043,-0.67799318080877047,-0.54626758619011329,0.28104599898563887,0.044163942629762781,1.1490486290060009,0.036534346577456203,0.038710141002513306,0,0
2021-04-08 21:00:00,103.35317891319526,110.40967007932123,-1.0150074515759742,-8.1970498489375956,0.1144241730456165,0.0067391687902163232,-0.0029345219607449418,-0.0022851790068680773,-0.057092446927337913,0.48826283391696412,0.22837943140502601,-0.020680349967681852,0.20306416996399659,-0.22014633567856196,0,-0.23406548166973981,-4.574967580327411,-0.46611364015979689,-0.98479555560471566,20.94788379563278,0.5400180437466322,-0.73208415354116163,0.48195384698396554,0.080489673452811286,-0.69576323929516359,-0.74969030257080593,0.27456950975560951,0.043223244531053195,1.5236548562963534,0.036534346577456203,0.03997015925108946,0,0
2021-04-08 22:00:00,103.35317891319526,109.03965602721107,-1.0777235824680489,-8.2630460468487179,0.10529390925703816,0.0060121599411505251,-0.0029345219607449418,-0.001809151174706958,-0.032225309083636841,0.4676176351474573,0.20125202294034036,-0.02031913344255459,0.19680827118475155,-0.087326445692451141,0,-0.41738579012515697,-4.483777725210051,-0.27455994671769018,-1.041192119658829,20.802434720989794,-1.0352969995700159,-0.22489473494687204,0.55413440115823587,0.10522333917280551,-0.77662725800213805,-0.74176938197426889,0.34855365351731404,-0.072000317471931669,1.3770289585331101,0.036534346577456203,0.038472159944169186,0,0
2021-04-08 23:00:00,103.35317891319526,107.07627279037023,-1.0090468103748669,-9.4529660699821267,0.15946960817965392,0.0068785312441826865,-0.0017820577496947872,-0.0080427366512449971,-0.01731986594642022,0.18462614932115332,0.17825625669224576,-0.020762978626713644,0.20511823847076063,0.19072689901382786,0,-0.49990990516556061,-4.4613601158747729,-0.33351178380001412,-0.78993783726579903,19.745765853191703,-1.2129476426949128,-0.28171366872634823,-0.93210774523504525,-0.026988620918460726,-1.0463388374896423,0.9418710966001147,0.65479606917726396,-0.080856883324270615,1.5561722285883755,0.036534346577456203,0.038472159944169186,0,0
2021-04-09 00:00:00,103.35317891319526,53.939239926706648,-1.1554076853971964,-40.943306217036316,-0.81830220169468471,0.0048203582919371544,-0.0076720126999875755,-0.0036540193175006565,-0.014046449333206312,-0.063114814559664043,-2.7275420825170889,-0.10574627582759841,0.49157662742589187,-0.152696161242071,0,-0.16357420579337695,-3.1149990026385832,-0.2224679933674624,-0.84754365850272129,5.8849870604878962,-0.43740658707885305,-0.66270473069745761,-0.45624750007304127,-0.10678383878327272,-0.63733281536576702,-1.9636362447206022,-2.6338134875133021,-0.54090404508276868,1.8870824597166906,0.036534346577456203,0.059962190254020685,0,0
2021-04-09 01:00:00,103.35317891319526,26.591131503128182,0.042707277681501052,-4.6863757560687258,-0.56723200088316317,0.0059845032764258739,-0.0058776831848288535,-0.0010843894218573302,-0.030424088359463506,-0.01699026158212829,-1.5162369804585782,-0.10822444961931706,0.77981693505310945,0.1564070431948176,0,-0.30104396367767733,-1.7616139223270866,-0.32378745585779534,-0.66942268486511014,-65.804850588481415,-0.27212176909592056,-0.45384945161392504,0.26354570591443521,-0.027989691603040288,-0.37638874274550921,-0.0941584418461585,-0.47565813977056087,0.27391311132730356,-0.8291503537076369,0.018454870219925791,0.019603958435652897,0,0
2021-04-09 02:00:00,103.35317891319526,23.611787392884768,0.1020788806099269,-6.6631179710156863,-0.29926029294265627,0.0059845032764258739,-0.0058776831848288535,-0.0012861315795084432,-0.035759801577868428,-0.02153876370705797,-1.391132932089324,-0.10777421331280122,0.54664691542953869,0.013289341611653918,0,-0.12415667913264151,-1.6522483090297295,-0.2821769613689355,-0.82106533025298023,-66.621629888538294,-0.23315559189283197,-0.74115925666003613,0.49431801494673289,-0.072179172081217505,-0.15675585952468138,-0.16943017267145641,-0.43986200568437955,-0.24892927580431598,-0.85594235680468933,0.018454870219925791,0.022274602451474584,0,0
2021-04-09 03:00:00,103.35317891319526,26.174979329325677,1.8014202423326677,-6.4885549903641921,-0.43678808448510476,0.0067062522004579378,-0.0025607318595202702,-0.0010743743453425253,-0.03607101323902253,-0.018974898787828202,-1.7543617319894813,-0.14609643288239779,0.34374210405799255,-0.051223522541639963,0,-0.24814808865748583,-2.0831575730671767,-0.30811134548545832,-0.77568346607019567,-64.119232466474926,-0.26128328790211436,-0.84682988887610477,0.24896055712401569,-0.23332999857450379,-0.41020338666158801,0.73964905605030029,-0.30842013419033487,-0.24261071917470836,-1.5866911326772493,0.018454870219925791,0.022274602451474584,0,0
2021-04-09 04:00:00,103.35317891319526,22.553663594385753,0.25561232294213282,-6.5361014809243256,-0.27392296727901622,0.0059845032764258739,-0.0062109288315370156,-0.0012861315795084432,-0.031102396530383752,-0.019898313036689545,-1.64005582070774,-0.1055441077019207,0.36907737199280249,-0.055436763888539617,0,-0.17038963379033389,-1.6507260216532778,-0.42026780812257963,-0.84879330729692259,-66.801799732430524,-0.28580041579583709,-0.57503651095307651,0.68827421691355384,-0.088030221280087056,-0.5165611594188021,-0.12405078263829337,-0.54383543498322529,-0.37486525318472197,-1.0951568257377393,0.018454870219925791,0.027953413611010416,0,0
2021-04-09 05:00:00,103.35317891319526,24.482914050195181,1.0057073952364384,-6.9173312946429091,-0.21759230197450821,0.024545846963561359,-0.0062109288315370156,-0.0014174341769786121,-0.011114566877140328,-0.017005902157800679,-1.2816131029729552,-0.13638612114408072,0.61207683684463254,0.17850554221773629,0,0.004492608118270949,-1.6151661717555972,-0.3593115352850228,-0.63909329118263225,-65.628419291191435,-0.52380237743305325,-1.0610982005477585,0.42284909581948044,-0.56384282335879732,-0.18887461035847772,-0.11812889419528644,-0.89823981140072329,0.31827953680284998,-1.2984813493471201,0.018454870219925791,0.027953413611010416,0,0
2021-04-09 06:00:00,103.35317891319526,41.758606091912966,5.7638518026607937,-4.0048810910672374,-0.22105811339070536,0.036360485874865324,-0.002807907434862273,-0.0020500774454798305,-0.011586696612744533,-0.0095914323616555688,-1.624409043572193,-0.19387970257806969,0.31073901254995057,0.062626203333570787,0,1.1297904599099793,-1.7456476650652857,-0.32072911733096948,-0.35414099246535813,-61.777672262729148,-0.32268195586465342,5.0011958190417127,-1.5850061716837358,0.088345214434196545,-0.14999004974294555,1.2450441633617626,-0.32859225921365859,-0.24568963805658575,-2.3775758324978624,0.0097036752332620782,0.035760351430858206,0,0
2021-04-09 07:00:00,103.35317891319526,32.240259235988184,2.9412152404143805,5.1672024619151369,-0.36036231203245228,0.031139824995303662,-0.0072207596258767395,-0.010107206420230113,-0.011818370088964367,-0.06573322316411688,-2.7275978358325439,-0.22351900639314676,0.59291558813735512,0.018234319127777031,0,0.45153499645287948,-3.3517773684094028,-0.4370271068522994,-1.0570781258765238,-71.220640511366724,-0.19180792757584511,5.0513457462805356,-2.9431742455259085,0.73497677787715854,-0.328971371967134,-1.2534160897837898,0.067158441669065969,-0.13933792244308982,-1.883685579331303,0.0097036752332620782,0.034928213379655716,0,0
2021-04-09 08:00:00,103.35317891319526,178.68458027433124,1.1637631051430488,28.180285251367014,-0.13158972310565745,0.027573367578871445,-0.0013864148796259258,-0.0079836764467945132,-0.01262387624109805,0.096587768987959496,-3.4277150365283222,-0.028278880139113706,0.15779237105971072,-0.53786565019118682,0,-0.21621074317553021,0.19908965791778493,-0.80856412242455478,-0.9885032930851515,41.826648825219884,-0.45901643025965183,0.25771433156120588,0.24118252143319235,0.059846720007558599,3.5599378398341281,5.9851671176909491,-0.061050037488796234,-0.25400259923355417,0.36517819253243639,0.085580272335854121,0.05984450166537604,0,0
2021-04-09 09:00:00,103.35317891319526,178.98155777880388,0.33871910066997452,21.905553851433623,-0.25081893536175232,0.0057960242521118196,-0.0012438212076986092,0.0055363723204248719,-0.016333502478613364,0.010424020258179243,-3.0697658060953459,-0.026740130900332958,0.12486156870159809,-0.1241106130615333,0,1.5991095207026589,2.1885111197160252,-0.89051158199911951,0.32706169607808944,48.839788849821957,-0.42052195299423739,-0.36922727165019742,3.0887137588407505,0.0096252149749444845,2.1336284046016289,-0.27391425587558021,0.029108645147445125,-0.031735385715667953,0.16698832051057885,0.085580272335854121,0.24429538258294245,0,0
2021-04-09 10:00:00,103.35317891319526,173.56860024329941,0.30713114448261397,21.14644126198673,-0.35965700038922743,0.0050742753280797557,-0.0018794106870618464,-0.0040519036293278085,-0.010494822629801344,-0.063856680818518391,-3.3259139408898855,-0.024922249559821908,0.11509669289105998,-0.11515835338967013,0,0.085774906419387356,0.074007072582939912,2.7649390439583827,1.2277662719579159,46.516651023145776,-0.39453994469378562,-0.15646581955955613,3.277419438743161,-0.045086453424184943,-0.31590780654019202,-1.2846108236808507,-0.048296785747958898,-0.20345628595852744,0.75042732243227128,0.085580272335854121,0.21341088543856684,0,0
2021-04-09 11:00:00,103.35317891319526,172.81378627148584,0.42094874866975701,21.778409664339669,-0.32321908316709519,0.0050742753280797557,-0.0013232403694936588,-0.0097295055452220613,-0.013591370175533992,0.040927295735148417,-3.0798172608842291,-0.025358646649159801,0.1329715892521596,-0.16198459890066336,0,0.067270341945192436,0.32776537762839242,-0.088185154138796573,0.15699678847714493,47.438039765710556,-0.5856411071174511,-0.52969991662078142,3.3521669576836608,0.14407768538454477,-0.8905151831008834,1.5728782137597939,-0.7936644359089895,-0.16826610269617343,0.36434447290006905,0.085580272335854121,0.24415151441504215,0,0
2021-04-09 12:00:00,103.35317891319526,119.38832108565515,-0.27825722386079782,-19.372818354727976,-0.32581593487456056,0.0057960242521118196,-0.0020865549738390164,-0.041412974060906181,-0.014685323952534919,-0.013077302467975276,-3.5602187108147478,-0.024922249559821908,0.11826549443711398,-0.42053808797467679,0,0.12305393414727396,0.48177574766309988,0.055426292943377198,0.67504808388608839,38.476466012170739,0.52962208759613616,-0.31524709870738066,2.6241611113434851,-0.39702277934790553,-0.86702685141815583,-1.3581283186599098,-0.0099471507756706094,-0.11988389867611121,-0.18104816575315516,0.021564812621119856,0.22609955200531529,0,0
2021-04-09 13:00:00,103.35317891319526,172.11439926090438,-0.0099917636664825851,25.904581289356834,-0.37996555216636579,0.0056493850087373839,-0.0013232403694936588,-0.0010048915305837182,-0.014563507722623558,0.08850988884458473,-3.4269553221866773,-0.025358646649159801,0.097555146696490666,-0.2153135313712437,0,-0.16224325805288073,0.35345213732143838,0.26408560356163469,0.56780415963616937,41.837218508969706,0.10017274832077817,-0.73579089878228054,3.1758440411727986,0.018600568908461047,-1.5509992121825431,1.6541179816720868,0.29097863380722072,0.20882528974196973,0.38733131826443268,0.085580272335854121,0.24442319877016358,0,0
2021-04-09 14:00:00,103.35317891319526,166.52824888882787,-0.59158899093600925,17.653989936226644,-0.1402061194450904,0.0067062522004579378,-0.0013232403694936588,0.0093322411514891318,-0.019480905787905803,0.011340177148580733,-2.5580316199047091,-0.022640820863670925,0.17430442290704679,0.1112563306620365,0,-0.19031165263761796,0.049568842205334973,-0.71548742781312813,0.64748337424474356,45.703518183153804,0.31072620973526982,0.88750185242252289,-0.012923011308356148,-0.062081560486313719,2.0447707347138135,-0.43183845869151988,-1.0948655490741166,0.23390098662228229,0.77405552064441852,0.21883007896585266,0.17856418994618212,0,0
2021-04-09 15:00:00,103.35317891319526,162.30319083254193,-0.52798358708611337,18.382710933697481,-0.3545511836465508,0.0059845032764258739,-0.0020865549738390164,-0.029697257853658843,-0.011961291595558095,-0.0093758299421837082,-2.5469676853155812,-0.031059354226874617,0.15842028296394028,-0.37343083166577018,0,-0.15173012691104851,0.37514056172838733,-0.27696065507893042,0.39541190184361069,45.113303633502248,0.32517307039925297,-0.26306440316623453,0.41009151145772577,-0.44779725840935536,-1.3395703671650796,-0.97826027886610811,-0.13923229930278216,0.18446503893945421,0.78839302965686631,0.21883007896585266,0.075816338121032292,0,0
2021-04-09 16:00:00,103.35317891319526,158.10578993075936,-1.3279338944072949,19.191268897179036,-0.35350460010933865,0.0059845032764258739,-0.0013232403694936588,-0.068764425291755957,-0.05514489319524981,0.048872092456678715,-3.2210794793854625,-0.027492717142427184,0.10660776736219169,-0.35894688283102089,0,-0.078471118485872779,-0.30929175108901874,-1.9881011247593392,0.17171086019960904,43.481207755133582,0.078195920746811157,-0.16193704648353929,0.404800247940939,-0.24151558029599676,-1.4599793544775161,-0.16280132317834814,0.10229402343218065,0.080142690456988297,0.60290783941317516,0.21883007896585266,0.07607577250230127,0,0
2021-04-09 17:00:00,103.35317891319526,152.57488135946693,-0.59397477574133151,9.2903927791007348,-0.30033074214419125,0.0067062522004579378,-0.0013232403694936588,-0.028418724550123977,-0.048335914967122681,0.027760548087090005,-2.7292621673019237,-0.021932592875401637,0.15019926507471074,-0.14427773848217043,0,0.017475704119323188,-0.15180056390744365,-0.74048844312324325,-0.61771030722990727,44.810854362156142,0.18446203201235595,-0.1067229438571239,0.54572857049983892,-0.024507526424086819,0.48807968587551953,-0.52638482106252282,-0.5393981144122153,-0.18434150380564629,0.34676029936513925,0.036534346577456217,0.07595872145675403,0,0
2021-04-09 18:00:00,103.35317891319526,142.82587017854405,-0.98779930407415062,9.1476642958166856,-0.35350460010933865,0.0056493850087373839,-0.0013232403694936588,-0.074523241366607498,-0.015297137739301987,0.079057344233471799,-2.7729425790973465,-0.030154502331561594,0.12822120953331931,-0.18340421313746574,0,0.14806667195434942,-0.54653499521109816,-2.0756593396505765,-1.121477084440851,41.247746533617622,-0.25693099613520509,-0.67522061095603947,-0.66030630270030022,-0.29800923119138062,-2.4719681861456304,1.5321826159264298,-0.82112645425214581,0.19410133500031318,0.22028119314941993,0.021564812621119856,0.09433788739572925,0,0
2021-04-09 19:00:00,103.35317891319526,152.79428071530035,0.46852453633236241,-3.5565512394945493,-0.28514959328051687,0.0057960242521118196,-0.0028018240954546824,0.059207311174265025,-0.023421172798211629,0.029600370576278529,-2.6755430692143625,-0.024499964225274871,0.16276713404727783,-0.18717052826546537,0,0.17154319753688296,0.63880060056307963,-0.23019188143018654,1.2848077413041872,50.748638827362335,0.28348189139961422,-0.24405353622842574,-0.3098403516068915,-0.18435894299213837,3.1205139957213599,-0.010796004791031693,0.27981244964838764,-0.11224554342361467,-0.063230628173506762,0.021564812621119828,0.07589718958533373,0,0
2021-04-09 20:00:00,103.35317891319526,114.73076411423894,-0.27741575816880387,-15.612592567807033,-0.42933953831217142,0.0059845032764258739,-0.0028018240954546824,0.011178421911572362,-0.04918559061600937,-0.0053796834705278108,-3.8892230278609405,-0.026550962274356622,0.12467956669813279,-0.24600905776742041,0,1.1907645337763071,1.3970152785115975,0.20273837114192633,1.232423070003118,31.943140115247072,0.83760158104213578,-0.42770591312465472,-0.47970356184784685,0.060900885929489196,-0.55099857903916061,-1.1623032433002864,-3.0703725950853729,0.36944088215571219,0.057841294565453179,0.036534346577456203,0.13692425297725183,0,0
2021-04-09 21:00:00,103.35317891319526,112.92023161701097,-0.32603586082389019,-16.22000762929618,-0.47848249271853138,0.0059845032764258739,-0.0013232403694936588,0.011178421911572362,-0.069825971860260405,0.0062303410109557696,-2.6280446974587015,-0.030154502331561594,0.12823360797972005,0.12853875648581858,0,-0.23621259310322221,-1.1657038184349164,-0.42080530013808881,1.0503798173278873,29.114827487570839,1.0796489912314091,-0.33816828279013506,-0.31955456040662583,0.08751920170609849,-0.53337481035153067,0.18547021692188687,0.20014364129272399,0.30143380302004996,-0.077131478663627115,0.036534346577456203,0.075754806249611992,0,0
2021-04-09 22:00:00,103.35317891319526,115.61283189117238,-0.30768294349894643,-15.104445300258122,-0.2020936870406676,0.0067062522004579378,-0.0020865549738390164,0.039022994300854541,-0.055636264531490197,-0.012396470449807205,-2.7850009063387833,-0.023882211447341047,0.18739609729591464,0.24166317138692517,0,0.34298656447932252,1.2707095119519325,-0.32930374655091205,-1.0988463183535067,31.436916444893985,0.32113159010312586,-0.40937551782958537,0.096770088169778237,0.16016637792056471,-0.14311536284519674,-0.90118786158631226,-0.62153489649180438,-0.030785054794064504,0.071125446101822962,0.036534346577456203,0.07589718958533373,0,0
2021-04-09 23:00:00,103.35317891319526,115.50893291550294,-0.42884423763334839,-15.409804810332838,-0.47914580167346005,0.0059845032764258739,-0.0013232403694936588,-0.0087840214415104596,-0.049162160798660072,0.055927661824193037,-3.1439611572295778,-0.031211743428868882,0.16268897591147358,0.14881816145743978,0,-0.5005035180673727,1.2128328725072453,-0.44537693359095715,0.39386465804727433,31.288939767094092,0.56637077261948821,-0.35533239116042059,-0.3283754256576687,0.041244949846912793,-1.0296472078631242,0.58292466501307982,0.027814602867605148,-0.18949895408084591,-0.061558218802568995,0.036534346577456203,0.09433788739572925,0,0
2021-04-10 00:00:00,103.35317891319526,66.00772552700775,-1.0151343400496824,-43.095061621491411,-0.8350314970884074,-0.022368790865099526,-0.0067379413031194955,-0.00060842929585220207,-0.033230668909964643,-0.042303362743047128,0.34465160178402277,0.0017184305922852052,0.20830162893276355,0.19505397009684494,0,-0.33711822129245211,-3.4797613123410849,-0.23047553714061617,0.17685836202047719,11.41035831724197,-0.17250791162809717,-0.5117797086249305,1.1163645831077031,0.34597447451913271,-0.54360923631056857,-1.279036437708748,0.46886931471191051,-0.0872332793242723,-0.11790724949710582,0.036534346577456203,0.15976712984234506,0,0
2021-04-10 01:00:00,103.35317891319526,107.9944094868346,0.38008943833219971,-6.8274685841382228,-0.1539873100547266,-0.022368790865099526,-0.0060758694734640711,-0.0030550942374261789,-0.031333983298198316,-0.016914131798408606,0.27372550959323749,0.15261940529126689,0.60791205045954033,0.072351317752315084,0,-0.58943861590340874,-3.6473630236204113,-0.35642932098019031,-1.2462743851730531,14.34946899595163,0.82925377229254793,-0.34659200982602373,0.59372091591992138,-0.10619834894457066,-0.090670544340643811,0.82799771873654338,-0.27053138968878898,-0.09794558257669754,0.068606304521874301,0.036534346577456203,0.26159778313011456,0,0
2021-04-10 02:00:00,103.35317891319526,117.38591119066675,0.25065992760937156,-18.297599970504407,-0.083984883851110165,-0.02608072621741447,-0.0013232403694936588,0.0037623655842953675,-0.016046354721014389,0.040390070953500466,0.31905769204848666,-0.20309488098471656,0.21821270883800187,0.16939646329907634,0,-0.25272609301158683,-1.0069623687931342,-0.54587013874261958,-1.2424078211777878,30.52748097966241,-0.034440966899101061,-0.19484837697958818,0.32415074839724156,0.01430508304689317,2.0027282983878858,1.1650377436434312,0.67591372068927447,-0.073368005779603965,0.17279770630363217,0.036534346577456203,0.0910582504621716,0,0
2021-04-10 03:00:00,103.35317891319526,110.87401436864856,0.19885216174551409,-15.186579805406366,-0.07362798416138687,-0.022368790865099526,-0.0013496824454415635,-0.0081952426151463576,-0.015565064690570132,-0.0019000003057650073,0.19227593350913641,-0.10937935729129872,0.17568424013320938,-0.074637891699539258,0,-0.27706931979557353,-4.065178062350542,-0.49702593268289053,0.31053732912207821,27.727319023876969,-1.0370334705207498,-0.15568993289127969,0.42533811336384836,0.013640710921181687,-0.7123072618129408,0.14209912195718072,0.23016486114860402,0.021492151809754223,0.19426587688111943,0.036534346577456203,0.090539383941795268,0,0
2021-04-10 04:00:00,103.35317891319526,107.25346004223191,0.58911533055345711,-10.058406865996911,-0.080886776562604498,-0.022368790865099526,-0.0060288693428231545,-0.0070458609662908001,-0.010661127186124934,-0.047481280592421175,0.29385804180980069,0.067593247091023212,0.26103050886621343,0.2450309188011669,0,-0.25124269789187642,-4.5238802037318244,-0.39388941726704541,-1.2386082487746355,21.231410864612013,-1.0839490881731264,-0.8234953560806787,0.26773924741216215,0.12948102021147342,-0.67220858687214802,-0.97283356395710663,0.63576211270809158,0.376749558960084,-0.089469878774404599,0.036534346577456203,0.048432544468882101,0,0
2021-04-10 05:00:00,103.35317891319526,104.48758166271143,-0.38007108241605431,-12.903015087327734,-0.076352803502321667,-0.1549911198893984,-0.0060288693428231545,-0.0076376850656116437,-0.012026262610115504,-0.047427079834430362,0.3883538788041131,0.060647195551884664,0.25836707371389933,0.2894467916492417,0,-0.17621093041434588,-1.3794978166877117,-0.41061539372958583,-0.93446061041528239,20.904360099668285,-1.3333499348901454,-1.0079902643742986,0.40149441680695624,-0.21729309438209099,-1.1073539265535541,-0.94484131847054764,0.67033095223546102,-0.17817784484660612,-0.63125389125100884,0.021564812621119828,0.048432544468882101,0,0
2021-04-10 06:00:00,103.35317891319526,110.59104570953073,1.3111243638415329,-7.6389973853969542,-0.077442783355557626,-0.10300243325389297,-0.0025607318595202702,-0.012181368030890231,-0.0099379177595821551,0.038164397822609185,0.24673886523216515,-0.11632540883043728,0.44216796178670681,0.16784457043181417,0,-0.2496508859375928,-4.7123872230446455,-0.44212124236605754,-0.82479018340425836,19.493907533843981,-0.79213515894133935,-0.42982346323343845,0.16966738835554734,0.12179709731147767,-0.96445389475658216,1.7457949215279678,0.95387205491898552,-0.077920131657915018,-1.0642204318669892,0.021564812621119828,0.043173472337193569,0,0
2021-04-10 07:00:00,103.35317891319526,142.67168082307677,2.3493058273484984,13.350254948273644,-0.069543638010157616,-0.28978382732290409,-0.012459608851415324,-0.092494074583904115,-0.0078595225241516707,-0.065550080695496019,0.56663020187123259,-0.050292803402561835,0.40207592004865361,-0.36247102466907372,0,0.39757136620637235,-0.48267688769679873,-0.81737107688243271,-1.0931730688421348,18.538803921563044,-0.7832546995094859,5.3615978222369085,0.65334046724167971,0.18417914465313387,3.0526811233561966,-2.6852004531543767,0.70159499996317909,0.083742778386342323,0.41374513644198468,0.036534346577456217,0.038574671858219646,0,0
2021-04-10 08:00:00,103.35317891319526,49.647068995626555,5.5450064748718493,9.4047172236566805,-0.13298242648963166,-0.058042537103547544,-0.0077809860996915729,-0.008047701551914796,-0.014094109862668255,-0.048656871526388847,0.43218024447380443,0.014012456245382696,0.53087739549853763,-0.30341461178790646,0,0.27246998425401786,-3.2915922890709837,-0.26744718009692336,-0.52879585784264593,-72.782830337763755,-0.29297333903026351,-1.382573347501421,-0.39620959823903013,-0.92937217870167421,-0.16752222385139914,-3.4036284486808115,-1.1587163429971032,0.11472100541313206,15.047303534332091,0.056418353207971866,0.050863798675673776,0,0
2021-04-10 09:00:00,103.35317891319526,24.360550422657909,0.30504960311198359,8.4468097385184837,-0.20614649930521808,-0.022368790865099526,-0.0060288693428231545,-0.0042677611301641816,-0.036600548398375697,-0.046104844807497249,0.22258683258917436,0.12684548546305521,0.43980268135711736,0.24996807345514524,0,-0.23815331035112444,-3.4117489532342056,-0.46794806110076548,-0.72918765905733152,-80.247078719144568,-0.20405791023544359,-1.1739638609735903,0.49677773484189675,-0.10301507805365652,-0.25171608342718277,-0.72210893678267163,-0.27947634665050519,0.30669877305813714,-1.3901751163619456,-0.026958523454055458,-0.020061540255877277,0,0
2021-04-10 10:00:00,103.35317891319526,24.40335698985977,0.2134882616519003,8.7010697122662535,-0.18077852325339869,-0.022368790865099526,-0.0058776831848288535,-0.0048963988973747992,-0.036040639505747464,-0.016020218043316516,0.12883921372635329,0.13499722605102935,0.438509782789539,0.13826879103002301,0,-0.24720433678536685,-2.9041862076488614,-0.50083171615338518,-0.68766084157989948,-81.221206456932592,-0.161407917129401,-0.67635242936528561,1.2292171743850207,-0.2466978873343664,-0.43057225433952073,-0.37937795832857962,-0.88712400074208153,-0.077345285219435234,-1.2012424762168994,-0.026958523454055458,-0.020061540255877277,0,0
2021-04-10 11:00:00,103.35317891319526,25.00859580355425,0.14186692885310193,8.4727033386316339,-0.18077852325339869,-0.022368790865099526,-0.0058776831848288535,-0.0048963988973747992,-0.036040639505747464,-0.016020218043316516,0.12696728282303182,0.13499722605102935,0.62239221802073952,0.13826879103002301,0,-0.24987731891440668,-2.8946193862791643,-0.46503942783977592,-0.53971730924044281,-80.286876320996654,-0.18595097097315355,-0.67189717459225262,0.52672444091956627,-0.053249065008760657,-0.33151478682647406,-0.34023732062427636,-0.91305697567851551,-0.078242715207870864,-1.185222246328449,-0.026958523454055458,-0.020061540255877277,0,0
2021-04-10 12:00:00,103.35317891319526,27.595846798193811,-1.1054516839509128,-4.8886032998556139,0.031359796279969744,-0.02608072621741447,-0.0059198959431191554,-0.0025977885234175439,-0.036600548398375697,-0.015194144796595968,0.14457900137031462,0.12812152223313814,0.39014383451632156,0.082082708998071824,0,-0.22706113022003371,-2.0370467471951774,-0.32524678646435951,-0.018792165558819983,-66.62429823871544,-0.12085254820841634,-0.95209723104648991,0.60142790261375667,-0.040080131174963028,-0.61495616418191257,2.2635449680423774,-0.1997102693307036,-0.072697563237743346,-2.0564249087782303,-0.0088183370016394168,-0.020061540255877277,0,0
2021-04-10 13:00:00,103.35317891319526,23.46300189014211,-0.20574123754554183,8.347067285104302,-0.20624466353830634,-0.022368790865099526,-0.0061754774797520545,-0.0044409981289851861,-0.018635605194723806,-0.014132014444379922,0.13472958379463945,0.1551310102872123,0.48462336288214086,0.17419164916487195,0,-0.22067990856214681,-2.9056592964160313,-0.50075005707177533,-0.54724497895804902,-80.441085172339896,-0.17318817567140507,-0.68724983118303884,-0.29216072011149852,-0.097130167173473891,-0.54399373046747268,-0.27427073938075947,-0.89635727566768242,-0.055387777133572604,-1.0374180860309159,-0.026958523454055458,-0.0086466874676044709,0,0
2021-04-10 14:00:00,103.35317891319526,23.558314260170565,-0.37361830367563592,7.6089513111835068,-0.15594391568354773,-0.026959047403517938,-0.0061754774797520545,-0.0037726592006571301,-0.012785258547799043,-0.015923025449795722,0.10577320965376606,0.20546525231929619,0.72925104029279486,0.10602629329243075,0,-0.23014844375509644,-2.8493728547965018,-0.44386161718164097,-0.45602606668824597,-76.978563413077751,-0.56238652381965382,-0.50656155108817602,-3.3709815472275926,0.035666359681506762,-0.41824855420176899,-0.31042594876042123,-0.8746992122616295,-0.05122598877777744,-0.91564440540601966,-0.014027617497252703,-0.0086466874676044709,0,0
2021-04-10 15:00:00,103.35317891319526,31.162610735585773,-1.7356338082533227,8.1913947213027551,-0.16692097693882801,-0.030670982755832882,-0.0029760453373262451,-0.0040622199749616745,-0.012320039919593944,-0.019115636304144614,0.16734439730616632,0.43277861585501226,0.5369735248533003,0.08500225002385875,0,0.6449953368997563,-2.8466382309028968,-0.37184009060450229,0.64462621980242796,-74.455674994315658,-0.49897964007516943,5.0707436999800004,-3.3978857445313229,-0.74885177693839988,-0.35175207191121782,-0.56763091435008073,-0.74938703838822829,-0.060911397901358785,-1.9254234838567719,-0.0091051629054565639,-0.0086466874676044709,0,0
2021-04-10 16:00:00,103.35317891319526,26.242061101120619,-0.68701676635723885,7.9406473462080234,-0.22266242205754311,-0.022277769485906589,-0.0076720126999875755,-0.0037030036586330082,-0.012921659092595923,-0.055822253210998492,0.25776352242580491,0.51531962760203209,0.7748316397456031,0.11133706509634551,0,0.31380868356825858,-3.3942595103870215,-0.45271174938213976,-0.60957826629222611,-76.745472937121662,-0.19781586445833207,1.9868940938705297,-3.4921089815515587,-0.018110632375028853,-0.22770524101207673,-1.024190613451087,-0.06351462484760971,-0.055254380513239269,-1.7011692522630932,-0.0091051629054565639,-0.0086466874676044709,0,0
2021-04-10 17:00:00,103.35317891319526,27.659815872371237,-0.39137614887338185,5.1521889857767951,-0.17526069094333485,-0.026959047403517938,-0.0061754774797520545,-0.0097734530950235043,-0.011705970662494899,-0.017489498609739779,0.19605222062121139,0.43277861585501226,0.34754523182631802,0.078285985599752986,0,-0.3724659397806,-2.7395805135659859,-0.44407549666023594,-0.7012236678127669,-73.641263515115753,-0.19556304661937335,3.88148945675173,-3.0504005868954644,-0.11740782255302963,-0.47004253001228818,-0.59199263772768762,-1.4361655960697128,-0.05075283698046195,-1.3172576661462565,-0.0061247067801945311,-0.0086466874676044709,0,0
2021-04-10 18:00:00,103.35317891319526,26.875571988827527,-0.53389361443255767,4.4713241107681956,-0.17852067432744145,-0.026959047403517938,-0.0030568406183178903,-0.0082688270639044003,-0.012320039919593944,-0.014143817099891624,0.15879861448166346,0.50275877250996037,0.41752660691019639,0.090183787014497391,0,-0.29430957674862784,-2.7190938631568451,-0.43884696323338357,-0.70422222699760695,-73.706565083730737,-0.17613192728892976,3.0025416272604657,-2.6460296656127875,-0.091241475550223633,-0.43635338781208888,-0.44826665418759387,-1.1936507797435889,-0.049880282050580566,-1.4241625885145541,-0.0061247067801945311,-0.0086984010395914253,0,0
2021-04-10 19:00:00,103.35317891319526,31.173011379077973,-0.28206385916258858,-4.2488768756979782,-0.2018259308417838,-0.025989704838221533,-0.0071117862261727413,-0.0012499109270968835,-0.012921659092595923,-0.057444082713078583,0.21765321679512997,0.56068224625932361,0.70574111463361244,0.092484676155720799,0,0.393116280050473,-2.5657464619107362,-0.30433468178326967,-0.68022941524359581,-65.98358140328051,-0.26012648112868864,4.9514386710849028,-1.8762561753886762,-0.062209514239431433,-0.50969270718837856,-0.8202478685670388,0.66723826833931399,-0.057174423454059098,-1.7981039331966409,-0.0046367315154010845,-0.0086984010395914253,0,0
2021-04-10 20:00:00,103.35317891319526,26.941614869716787,-0.61161601558661238,-6.106576186560611,-0.17953111342999609,-0.026959047403517938,-0.0030568406183178903,6.0845363321088402e-05,-0.012320039919593944,-0.014720304491037289,0.15939581495024305,0.50275877250996037,0.37853393901501109,0.066320069469082449,0,-0.39910952631273539,-1.7361193095256331,-0.26577194739402277,-0.61268920636839297,-65.25858361551056,-0.39631871766671461,2.8875446128737869,-1.4581098500863596,0.058677368078746357,-0.49260653588203535,-0.38319893233356572,-1.0917479368185379,-0.045180889693926453,-1.3558163423164629,-0.0061247067801945311,-0.0086984010395914253,0,0
2021-04-10 21:00:00,103.35317891319526,27.700063637900318,-0.90897182168127577,-6.1873371319919839,-0.12609777262381752,-0.026959047403517938,-0.0030568406183178903,6.0845363321088402e-05,-0.012320039919593944,-0.014720304491037289,0.15061247964441804,0.50275877250996037,0.62527016021522674,0.065260533539295465,0,-0.37750365125867219,-1.7271320535222683,-0.23185610883848473,-0.0026084453276459417,-65.179639834144908,-0.67216100360300357,2.7017281260686392,-1.3734116905265665,0.054343116555936134,-0.14651837346179297,-0.3412214924820472,-1.0925758471780349,-0.046581890838981281,-1.2676528514597813,-0.0061247067801945311,-0.0086984010395914253,0,0
2021-04-10 22:00:00,103.35317891319526,23.458153264181966,-0.73746018306412142,-5.8935756955147376,-0.17163207482858994,-0.025989704838221533,-0.0076720126999875755,0.00042006167964975439,-0.013515987621511804,-0.05804549623402689,0.19532740458236952,0.33905008994299346,0.75480936153967559,0.08174248029679379,0,-0.30051718067886246,-2.2187290414730576,-0.28731798136686143,-0.12049423260343264,-66.07328452997605,-0.63398103609833023,0.072271318637625662,-1.8833427880578482,-0.15517706585468191,-0.84522063376495926,-0.57052401935867503,0.042429999512968906,-0.057928052067246091,-1.3133335165489959,-0.0046367315154010845,-0.0086984010395914253,0,0
2021-04-10 23:00:00,103.35317891319526,26.587785271840215,-0.57270481558112774,-4.3335045878291965,-0.23493571164782714,-0.026959047403517938,-0.0061754774797520545,0.00035040613762563283,-0.013399327804898088,-0.017276396489154411,0.12796136735065983,0.27688597646536572,0.74469722604291522,0.076215262876556042,0,0.066093721552454687,-1.746518430211071,-0.28939114180903996,-0.68674592223796371,-65.204454861506676,-0.47391414361108458,-0.77667788358300593,-1.867141511071075,0.35686649707537177,-0.53457138611525479,-0.052097923904367717,-0.67321208490413331,-0.049122758016478058,-0.84083757983033558,-0.0061247067801945311,-0.0086984010395914253,0,0
2021-04-11 00:00:00,103.35317891319526,31.434276092017825,-0.29979868505035207,-11.339335214636211,-0.69117594247589964,-0.026959047403517938,-0.0065561250338219274,6.0845363321088402e-05,-0.012914368448509825,-0.014664093581838194,0.11673434210512711,-0.17189177170816511,-3.4123663641977835,0.036481640744333042,0,-0.12806952564630694,-1.4765472794081063,-0.37451700541523925,-0.92452802196237527,-47.10726826089833,-0.44786767076792661,-0.59942450447005202,-1.8793319614708883,0.14412558249330179,-0.42772422292081402,-0.4804017916591532,-1.2096799170222012,-0.059994252177976382,-1.1085678973818429,-0.0061247067801945311,-0.010596601365948533,0,0
2021-04-11 01:00:00,103.35317891319526,21.910731166224721,0.14601984654242955,-5.5432732540134735,-0.23790863739475246,-0.016658149182500737,-0.0072296541964413132,6.0845363321088402e-05,-0.011262322323425831,-0.014757587141378608,0.0959689559379788,-0.20918913345093415,-2.2866655842868289,0.032635349199784849,0,-1.0929012306162935,-1.6544310198364376,-0.34513018158176073,-0.84975943997139747,-65.915203378116743,-0.89985958296749802,2.983786721604385,-1.7035984999007561,-0.26769497632425732,-0.44760750214277328,-0.47741375770903915,-1.4892316253918105,-0.049396706112931787,-1.1629150488689326,-0.0061247067801945311,-0.012707487307701184,0,0
2021-04-11 02:00:00,103.35317891319526,24.549231341847211,-0.19348543307520866,-5.9921817246013251,-0.10096891743573568,-0.030670982755832882,-0.010748086530847042,0.00042006167964975439,-0.012921659092595923,-0.058967229668913788,0.18311217168274066,-0.23471968839705817,-1.4098068122449332,0.088560406455405402,0,-0.6146121490885128,-1.3366131263100824,-2.560452644592512,-0.31181909434640204,-65.77609728865113,-0.41144134732481974,4.1178627467200348,-1.76166994742909,0.050389075379505065,-0.7846897786334347,-0.8897230241781281,0.82346745158265011,-0.054151379885999634,-1.5071960627856527,-0.0061247067801945311,-0.0086984010395914253,0,0
2021-04-11 03:00:00,103.35317891319526,15.721700989493238,-0.2655802703874694,-5.7948480335784165,-0.1249333515029851,-0.016658149182500737,-0.010794692310792416,0.00035040613762563283,-0.013006312896262725,-0.018270916031883883,0.057242671601431802,-0.167680270047183,-2.2201255273312239,-0.012290470643954512,0,-1.4552972123145962,-1.6543356704476238,-0.39245645914540911,-1.1875151739267145,-67.371520999120818,-0.5377334678656368,-1.0873222346762212,-1.7992471159536547,-0.36150216126431006,-0.45131094123370691,-0.55347082531309677,-1.0478365333055433,-0.069230531216360733,-1.0612805739246716,-0.0061247067801945311,-0.0086984010395914253,0,0
2021-04-11 04:00:00,103.35317891319526,16.434500492824327,0.0032557793729352572,-5.7906359504146927,-0.059499759187793225,-0.016658149182500737,-0.010794692310792416,0.00035040613762563283,-0.012702016559653747,-0.019116811786991643,0.016809681290530488,-0.13428973833033944,-2.2312494426590788,-0.017845162842385409,0,-1.07992434136742,-1.6601714155649225,-1.5142332111677197,-0.2550444205359832,-67.203592557738716,-0.73246517408028078,-0.92853239809579413,-1.6628952903812237,-0.31822337974965859,-0.22566514697177414,-0.5088890567133747,-1.1715475076206825,-0.074659898133239713,-1.2977065541481336,-0.0061247067801945311,-0.0066275048484806228,0,0
2021-04-11 05:00:00,103.35317891319526,26.615152464084691,3.8128873559871175,-6.0517468968160673,-0.097887996597577062,-0.28978382732290409,-0.0036659608120925826,0.0003809760618788704,-0.013273375162244971,-0.0051295815681524151,0.077044844556481834,-0.1376883162689731,-1.5006815094797015,0.0043002105734507648,0,-0.44761772158504376,-1.0201862913306377,-2.3323103096732138,-0.18095154547611123,-62.423455955840616,-0.76204295829931734,-1.3164579428952567,-1.5715028309021757,-0.0038998731134957483,-0.67148774952177293,1.102767290953615,-0.49302599594420976,-0.059722025242144976,-2.3401362517626332,-0.0061247067801945311,-0.0066275048484806228,0,0
2021-04-11 06:00:00,103.35317891319526,20.345818999670136,1.8585923557890727,-3.8298476129827095,-0.073620149889655775,-0.077759714468737764,-0.010794692310792416,-0.0016324691698012552,-0.011852160904699861,-0.017733886327627537,0.059128740504695597,-0.16667252575563049,-1.9073955020135924,0.018944601936036299,0,-1.3449205416890542,-1.8653992669687582,-0.44654991589953558,-1.1473431929108726,-67.379507373539766,-1.0749254391947036,-1.039317552247889,-1.6681363289715898,0.99332655070815146,-0.66743864846973511,-0.38905006104365825,-1.3235031332757188,-0.060491906391389079,-1.4207078764082974,-0.0061247067801945311,-0.0066275048484806228,0,0
2021-04-11 07:00:00,103.35317891319526,18.100208765197895,1.2613602234459698,5.1876440841056493,-0.052656769019941575,-0.077759714468737764,-0.010794692310792416,-0.0097967950213992093,-0.012080637803091323,-0.017786840861538023,0.021922698379698534,-0.1233006340771977,-2.1579958235564485,-0.0045040209488104391,0,-0.93967005939620873,-2.4860462446520342,-1.8155782679656789,-0.31480340559941855,-74.817524978487327,-0.56167210116308419,-1.0239782032410782,-2.8872614259926985,-0.64825769014751433,-0.25144139871742605,-0.46988304832921746,-1.3959637401492653,-0.071213526614664194,-1.5612266373483943,-0.0061247067801945311,-0.0065757912764936683,0,0
2021-04-11 08:00:00,103.35317891319526,33.495660520528205,3.8430455956880976,8.506473692325299,0.013746563492302896,-0.077759714468737764,-0.0038128192324269269,-0.0040622199749616745,-0.011284997938970441,-0.0030640071053262231,0.057733658256279234,-0.15414918013621196,-0.98652735787314016,0.04305048369771345,0,-2.1706731739113354,-2.5772207749116762,-2.6283218691296883,0.39103016478544211,-74.302698203928287,-0.4841374515191027,4.6224339220369313,-3.0231923347866885,0.77748335872371133,-0.16126391571232268,1.8980291688410877,-1.1933660111706537,-0.05066926404498992,-2.1577382958954998,-0.014027617497252703,-0.0065757912764936683,0,0
2021-04-11 09:00:00,103.35317891319526,27.326143880727674,-0.53627613074669778,8.1289361868357624,-0.098617386820969558,-0.016658149182500737,-0.011311795505052609,-0.0037030036586330082,-0.012478010753526855,-0.017448525578709285,0.13340104383340237,-0.1662307713461347,-1.1273550351926434,0.048741022170861882,0,-0.62156006167923061,-2.2984356051988679,-1.5063624468836143,-0.61716560740452076,-76.507647574323556,-0.5680646786802328,4.5747324171643644,-3.3123460772889866,-0.24982177832711602,-0.27957404525382851,-0.45426237262267982,0.85256634702637601,-0.059467980491664962,-1.2828731621860308,-0.0091051629054565639,-0.0086466874676044709,0,0
2021-04-11 10:00:00,103.35317891319526,22.504743468909087,0.010027041290477177,7.9999114431587017,-0.084086273068274459,-0.016658149182500737,-0.0065992952014931518,-0.0040622199749616745,-0.011262322323425831,-0.012392636899253228,0.058768077764218017,-0.16376563687467069,-1.3612631192865947,0.064806173011131452,0,-0.96238172605682393,-2.8474021438042971,-1.1807262123549018,-0.78112279125165451,-76.977746693767415,-0.57803840782485827,3.3362661881342421,-3.1196360849479072,-0.037983851450697159,-0.4970197733687251,-0.70145978095856942,-1.7769640795445827,-0.05558464920648655,-1.1193842153318943,-0.014027617497252703,-0.0086466874676044709,0,0
2021-04-11 11:00:00,103.35317891319526,26.413918382418018,0.41575058400932458,8.02226879911567,-0.084962541371895642,-0.018444792480648495,-0.0026741679549019287,-0.0040622199749616745,-0.011876391580524876,-0.014886550164290665,0.044783617994550405,-0.16376563687467069,-1.2270572411880878,0.046523511476415251,0,-0.79259860669470905,-2.7456169627404883,-2.68742975603053,0.27080752676672509,-75.821969889328074,-0.39783549952292974,4.2626335895442038,-3.1868783937681928,-0.7559155615612535,-0.28237780897960896,1.0684984021011856,-1.1324384668036509,-0.063108478003466098,-1.6588757463892061,-0.0091051629054565639,-0.0086466874676044709,0,0
2021-04-11 12:00:00,103.35317891319526,23.678778622014182,-0.39532644047721383,-4.2963205555269397,-0.086411028765232878,-0.016658149182500737,-0.010742920866461647,-0.0023922473682150367,-0.011876391580524876,-0.055383100527229771,0.065612180988251584,-0.16070365668515549,-1.2763195616604479,0.055081455712368242,0,-0.52743135752797121,-1.5513624110348998,-1.567134255185533,-0.56386721525317829,-67.43435460512147,-0.41705442660379505,3.990400136757851,-1.9963453746687936,-0.58351740700999355,-0.2056864812296495,-0.61736758591662411,-0.75908342265425732,-0.056920406465124078,-1.1799516443451508,-0.0046367315154010845,-0.0086466874676044709,0,0
2021-04-11 13:00:00,103.35317891319526,22.610875926794865,-0.17897442888106568,7.866368395125658,-0.086411028765232878,-0.016658149182500737,-0.0065992952014931518,-0.0040622199749616745,-0.011876391580524876,-0.012392636899253228,0.058768077764218017,-0.16376563687467069,-1.2054767730449767,0.066757053306944911,0,-0.9539621467240289,-2.8034404569919853,-1.5171512892145658,-0.66742530191661953,-76.963055966173243,-0.48293007622639811,3.3502227675938774,-3.1167795113153747,-0.13134242980973562,-0.52840497860017865,-0.48245931631527611,-1.7352917738006555,-0.055637507270899965,-0.93764766046255088,-0.014027617497252703,-0.0086466874676044709,0,0
2021-04-11 14:00:00,103.35317891319526,23.126168874587837,-0.49023851656806711,7.8808070831067241,-0.082680547048992456,-0.016658149182500737,-0.0065992952014931518,-0.0040622199749616745,-0.011876391580524876,-0.012392636899253228,0.056944387419999305,-0.16376563687467069,-1.1898974726082108,0.10127879271533598,0,-0.9411428757269209,-2.7468404120514691,-1.8869155631054406,-0.18407374927249659,-76.841984984388304,-0.38420767978465392,3.3276020788186438,-3.093952537065618,-0.05285285526438914,-0.25827964188768243,-0.4483819395062672,-1.7284343023719679,-0.053284398025376378,-0.97244627131390027,-0.014027617497252703,-0.0086466874676044709,0,0
2021-04-11 15:00:00,103.35317891319526,24.891329544104369,-0.62612201623788988,8.1872290417704789,-0.099093066130922974,-0.025989704838221533,-0.010187860057032207,-0.0037030036586330082,-0.012921659092595923,-0.054535354651097122,0.17122742708214472,-0.21185544971397932,-1.3953047775862788,0.11704362171673321,0,-0.58839939851989953,-2.4483815360727927,-2.55171118222371,-0.31710067817305787,-76.631866060177174,-0.34535668624931931,4.6939453277175707,-3.4209998660418606,-0.20769211656297085,-0.8621590359704977,-1.0721343683584768,0.76785740018760007,-0.069591486659063354,-1.426295030216769,-0.0091051629054565639,-0.0086466874676044709,0,0
2021-04-11 16:00:00,103.35317891319526,24.787737677694899,-0.33193100502997192,8.2248325592458382,-0.10427877852313233,-0.016658149182500737,-0.0065992952014931518,-0.0040622199749616745,-0.011876391580524876,-0.01168291250225839,0.14967675044997131,-0.16630704491848822,-1.0622100851511467,0.088941907450265478,0,-1.2880150337747474,-2.7544577992874775,-0.45414926693598617,-0.68929892650129776,-76.75415915782493,-0.67602337489238262,4.1467872128948855,-3.1040052683058672,0.038976648870246891,-0.49886548861801705,-0.48719736533262303,-1.6898872824505144,-0.059728416144024521,-1.0205887473142228,-0.014027617497252703,-0.0086466874676044709,0,0
2021-04-11 17:00:00,103.35317891319526,23.836706665464263,-0.39146711258845118,5.1405126782649742,-0.082680547048992456,-0.016658149182500737,-0.0065992952014931518,-0.0097734530950235043,-0.011876391580524876,-0.013959110059197288,0.057516824374525218,-0.16076226494543275,-1.1665411732733018,0.080828761764408952,0,-0.9640728013468236,-2.6259472398353485,-1.7334195726264996,-0.35503976015583794,-74.438200998168753,-0.39525047785118578,3.3412383103510535,-2.7053254285534365,0.18666780455494533,-0.26025563024176457,-0.47047897993529519,-1.482080137493488,-0.053035617854826064,-0.9650410917548341,-0.0061247067801945311,-0.0086466874676044709,0,0
2021-04-11 18:00:00,103.35317891319526,16.248758799573753,-0.42627381599432373,4.7080471767225713,-0.087719494402244413,-0.025989704838221533,-0.010748086530847042,-0.0073506285223892374,-0.014532637685405948,-0.056783523803928183,0.089214243316445382,-0.12813041920422358,-2.4642539911193504,0.097310708521907249,0,-0.24964087042619271,-2.2825093535482868,-1.8295229075663684,-0.74461186378792366,-75.596721021054961,-0.37396971717265376,-1.1940824047135565,-2.990640943334026,-0.31346214502316694,-1.0931145519851981,-0.6832542815053414,-0.10705183549769448,-0.070844393739590297,-1.2344485181714788,-0.0046367315154010845,-0.0086984010395914253,0,0
2021-04-11 19:00:00,103.35317891319526,18.005961324973804,0.099515436958077644,-3.8784638854454077,-0.093264952294835599,-0.016658149182500737,-0.0072296541964413132,-0.0013195664691210054,-0.012637822771854677,-0.014582837996399435,0.056464150741392653,-0.16738481927822585,-2.0010625481314852,0.070089518509640722,0,-0.90141837153563431,-1.8798121531778034,-0.45377600143643576,-1.0534932618705914,-69.101576685148785,-0.72335426779228085,-0.99065167789872222,-1.6954018458477027,0.10772037719552723,-0.49051336645907356,-0.34759045999166838,-0.90829574258843782,-0.059441052075149645,-0.86825484221757676,-0.0061247067801945311,-0.0086984010395914253,0,0
2021-04-11 20:00:00,103.35317891319526,17.920630574439684,-0.28532438660739284,-5.762821906461518,-0.063313263943242284,-0.016658149182500737,-0.0072296541964413132,0.00035040613762563283,-0.012023753514755632,-0.015212279921455582,0.01682575510324795,-0.13399428756138229,-2.3576232946247728,0.04506724280424964,0,-0.63916698117071902,-1.6488668749397934,-0.90884961510762408,-0.68507501537879179,-67.093679293052546,-0.66903420859212126,-0.92182195226318042,-1.6592243297606586,-0.12250915486831976,-0.23834495730201219,-0.4833758037330097,-0.86082707797094538,-0.066248999991796814,-0.82874339483570247,-0.0061247067801945311,-0.0086984010395914253,0,0
2021-04-11 21:00:00,103.35317891319526,26.712013931415704,-1.3555578411521476,-6.0702604945863179,-0.14889081942532451,-0.018444792480648495,-0.0037112126994425492,0.00042006167964975439,-0.012478010753526855,-0.018142812939170416,0.11312984645761942,-0.17627073956800135,-1.1068527283896918,0.044832094813080904,0,-0.6743652749240111,-1.289415033343347,-1.4840549254287052,-0.012499194703037748,-64.804550027901257,-0.66212050919111154,4.2310201186980239,-1.736021197664523,-0.55590176470999642,-0.37601778909037242,-0.062577186993346967,1.2026671951710679,-0.068354277222054907,-1.5834125328778514,-0.0046367315154010845,-0.0086984010395914253,0,0
2021-04-11 22:00:00,103.35317891319526,17.17111754478012,-0.38159941498236266,-5.7771394357369878,-0.070303729043589377,-0.016658149182500737,-0.010949052179479678,6.0845363321088402e-05,-0.012152863415466411,-0.057575836803281745,0.046713114384266521,-0.12376610580656734,-2.2558805279469127,0.080188645620927729,0,-0.42684971701176766,-1.6121234945456275,-0.90429666410333853,-1.061465150850587,-67.053906346085498,-0.69836068115293559,-0.58995275575558448,-1.7783011773590496,-0.48054453374536404,-0.24650442548697765,-0.39088528977940518,-1.3660998436792453,-0.068833411878951034,-0.91154023469698997,-0.0046367315154010845,-0.0086984010395914253,0,0
2021-04-11 23:00:00,103.35317891319526,17.616876957056494,-0.13196266866119433,-5.2809939768390119,-0.078860931037142076,-0.016658149182500737,-0.0072296541964413132,6.0845363321088402e-05,-0.011538794158367368,-0.015387029066434755,0.034841599433609025,-0.13525775359801345,-3.0526316632811077,0.057061341932282399,0,-0.64666984665570948,-1.662934593662067,-0.61332189079970312,-1.1353733059089803,-66.883300670100226,-0.72200328287185123,-0.49697590831156724,-1.7198768182028548,-0.16381565998150513,-0.47155686587717272,-0.37998211892803729,-1.3011838540361831,-0.066054340646351892,-0.81987285904558616,-0.0061247067801945311,-0.0086984010395914253,0,0
2021-04-12 00:00:00,103.35317891319526,42.543421622072906,-0.55302165728188291,-10.639031998102421,-0.75393830214676782,0.0071001947335249047,0.049681788804850427,6.0845363321088402e-05,-0.011876391580524876,-0.0196655685046053,0.090781878248412676,-0.1757986017340907,0.81873961737040912,0.013482437357199476,0,-0.66620932960398138,-1.5886350235202202,-1.4894736451293169,0.32010833185726462,-44.314652094563847,-0.52868975597790924,2.3039655610901519,-1.5617323094598241,-0.47884944753699693,-0.19151657211163842,1.9936737480087712,-1.7079882417100549,-0.061787516777509231,-1.6492519053333232,-0.0046367315154010845,-0.010596601365948533,0,0
2021-04-12 01:00:00,103.35317891319526,106.40484537027561,0.41166422345855963,-8.0100067027312605,-0.16220842987887649,0.0091210763245062488,0.1508829164330891,0.0050992933985714983,-0.012787034922341248,-0.029962922642200813,0.23247230467019817,-0.28156976924778704,0.83238549310939713,0.11050161112236391,0,-0.029535253019001836,-3.6095357725680457,-2.5341178585470487,-0.18311688056227898,13.501616729973755,-1.1671643574934332,2.4110513219606315,-0.19884516531964033,0.088118474580978629,2.1611798466606356,0.01872046548157218,0.44379606274046413,-0.045760884814479492,-1.0373760551719164,-0.01030436859235774,-0.012651907323772325,0,0
2021-04-12 02:00:00,103.35317891319526,108.9107212511133,-0.15284355854414014,-9.2226997864827869,-0.099370089860767952,0.0091210763245062488,0.1164246202146768,0.0078808776572617846,-0.016820440581432762,-0.0072736240842985675,0.19087171391824101,-0.032231645058246286,0.24808406401883051,0.11985983793413914,0,-0.66106819793839533,-4.0164544671085256,-0.35975782354883934,-1.2188454225391956,21.833890169586819,-1.9373375870744312,-0.66999651498347557,0.50775378709966668,-0.24069045818093546,2.3156936093068934,-0.66108084725444671,0.15583010930988803,-0.074506737413450888,-0.54637933828235363,-0.01030436859235774,-0.020206619924855108,0,0
2021-04-12 03:00:00,103.35317891319526,106.88410986614396,0.23493807743535822,-8.9273791158181091,-0.10101741949744317,0.0091210763245062488,0.11856776374218875,-0.0012539741881726469,-0.016820440581432762,-0.011395095496285127,0.18653881492364419,-0.032097926789230728,0.25090204850905373,0.12500219144757757,0,-0.67091805286052875,-4.3672848246945124,-0.58720186124314144,-1.2585966565585498,21.189522071097798,-0.88588313617797365,-0.42470842838887385,0.86366526900554552,-0.090857256412812268,-0.37503370636693134,-0.60159739656349953,-0.32915088698852729,-0.073502408274615405,-0.66200473027777318,-0.01030436859235774,-0.020318673766298596,0,0
2021-04-12 04:00:00,103.35317891319526,108.09888693730302,0.4957345002426895,-9.4501572060746639,-0.10763397975936767,0.0075389399448310274,0.050361059903898664,-0.0074875596647106853,-0.016241675445308197,-0.0052515444671668732,0.25844552047347236,-0.032097926789230728,0.19162749463695547,0.12463196699253938,0,-0.58744311241157454,-4.0258551096294175,-0.55971137417329531,-1.1465593591744914,21.399030253833157,-1.0137379247757874,-0.46558090067267516,0.39072497908555665,-0.10968283802992311,-0.517604595910507,0.20191902628753391,0.80852602192047529,-0.095077488895110016,-1.013916234585027,-0.01030436859235774,-0.018488540162746814,0,0
2021-04-12 05:00:00,103.35317891319526,109.45438951892498,1.1663640790240937,-9.6424565668160778,0.050017188192696495,0.043902676468872408,0.11856776374218875,-0.0017522266791234989,-0.013912503935569778,-0.053705640087581837,0.32505848309275898,-0.072681740540009962,0.2061623830066765,0.20502467656354156,0,-0.46794729817317848,-3.9531918328999951,-0.50250834524877008,-1.0344855682178526,21.784547156318919,-1.0407154835859458,-0.58515236706737772,0.85813484102653759,0.31025198527749992,-0.51960629843948014,-0.040850444791967484,0.26793752198354287,-0.093848315005168881,-1.183391371311987,-0.01030436859235774,-0.018247777575187793,0,0
2021-04-12 06:00:00,103.35317891319526,113.15038215241192,1.1951358579028308,-9.8084423526085409,-0.072379033077570737,0.063477118767488766,0.027266159299309881,-0.028037174380720533,-0.0131826199811702,0.051014593178702682,0.27008128952153421,-0.029321071801058675,0.18582344366298403,0.29827247704531379,0,-0.40100692207495087,-5.0973136970717681,-0.86001599587501321,-1.1114310402606886,26.420844204063002,-0.67739908393868009,-0.42975108737127221,-0.39144328890530311,-0.048547419191290749,-1.3488806160419364,2.6692436953028551,0.17504406337462106,-0.060992505049844124,-1.1598697843369372,-0.01030436859235774,-0.01068160234289903,0,0
2021-04-12 07:00:00,103.35317891319526,105.63546968322767,0.82004675141067906,8.2514637575237977,-0.066138834641635461,0.095568628902274425,0.15302605996060104,-0.01564709392424218,-0.013273375162244971,-0.045639542481391522,0.29918207391414819,-0.0069935519054210903,0.21101579726736161,0.23907476891688664,0,-0.26077324398665147,-8.939453130143999,-0.85582080169269548,-1.477280010572485,15.190654904692739,-0.13074678911287824,-1.0312632310156986,-7.0873440285737646,-0.15774232143638409,-0.015031419655030541,-1.5148245089869754,-0.24377219775110809,-0.082143762535643122,-1.0168912145683651,-0.0067647475274512231,-0.010198166882000205,0,0
2021-04-12 08:00:00,103.35317891319526,180.32791061788285,1.418323963449752,27.537111519176094,0.021503278672983225,0.085636231103933702,0.027266159299309881,0.0070598907289622327,-0.0131826199811702,0.094225053981621024,0.2734510439213762,-0.027154263586583176,0.16301926890133819,0.8347725927369728,0,0.2695834555056002,0.044932480981550033,-1.0847606366260405,-1.0617169001812496,41.901043027659377,-0.982135067921589,0.018344726623001666,0.043409013120306837,0.037259001810045475,3.2495253862901308,4.9599003953614211,0.82761446067722144,-0.065506257059424186,-1.5536727413375779,-0.040893036534866145,-0.010227722084897098,0,0
2021-04-12 09:00:00,103.35317891319526,180.31073818868688,0.38790159088147097,21.183761910513692,-0.12968837198512881,0.0091210763245062488,0.024461817084739323,0.016890542914223271,-0.016629883273351437,0.052966957164525659,0.2645582519998057,-0.021969906157974468,0.1433218199290669,-0.15592979633794077,0,0.16476402113940367,2.160872725382017,-0.32306188569313327,0.19397453063665926,48.717032488343492,-0.67667587194908985,-0.47509140209387357,2.9418246628360958,0.067004407218830692,2.4835093661838572,0.2571155767639926,0.57350141112174846,-0.014056333984271221,-0.80616779298832919,-0.040893036534866145,-0.024859599948506055,0,0
2021-04-12 10:00:00,103.35317891319526,181.99622862619532,0.19972316687598449,21.306222487077665,-0.11160214265992094,0.0091210763245062488,0.026023727266708638,0.001487226626187956,-0.010114632575424137,-0.018102655832648664,0.19518282921013894,-0.022366222992508861,0.14301445314794822,-0.088028844283854685,0,0.99090083030637477,2.290083668418665,2.3720587626364598,0.94264731343539798,49.08249558066381,-0.53170472877023445,-0.28576381277821999,3.56620597509382,0.2143833537729494,-0.58644542556433188,0.072284084903676202,-0.29835984256255466,-0.047844452683272115,-0.70470057487759952,-0.040893036534866145,-0.022858450644579611,0,0
2021-04-12 11:00:00,103.35317891319526,178.65452110761652,0.26635196065135475,21.397511237874451,-0.12015674043730326,0.0075389399448310274,0.026023727266708638,0.0032303314081022876,-0.013038078579599217,0.027850346751560475,0.29231868006824308,-0.022366222992508861,0.1191533939874935,-0.16695984050537904,0,0.054262104139340538,0.25119541562749659,3.2463215595569395,0.45542824561577033,47.795846499757531,0.20156214170946779,-0.35812986003276542,3.2776443703651124,0.13398219905829242,-1.1149966169488883,0.61073553807131131,-0.18644100457558491,-0.076645912577620212,-0.74172000618410017,-0.040893036534866145,-0.024267178064062041,0,0
2021-04-12 12:00:00,103.35317891319526,125.03134905206204,-0.38863062815693933,-19.272939436375811,-0.087184793419086831,0.0091210763245062488,0.026023727266708638,0.029235386015475096,-0.016227109997163293,0.00335734391383409,0.20819529061587178,-0.021532453778505555,0.13698453562706459,0.099650511660700478,0,0.29850577088904912,0.44098941792408425,-0.029291049584374947,0.63431417114025168,40.552113715298823,0.54159444313791227,-0.26919111505619958,0.31321175478216867,-0.56851414312030446,-0.23433819977429016,-0.16247374580668889,0.060472142175418339,0.12436009840774553,-0.71946713324793365,-0.0089561827711949413,-0.021213255224466088,0,0
2021-04-12 13:00:00,103.35317891319526,172.1451224650402,-0.09783575798817358,24.376635741275937,-0.10203460644662322,0.010839084704490463,0.026023727266708638,-0.0035755739632700304,-0.046393420252648282,0.090508200662802935,0.2773137315921802,-0.022366222992508861,0.10588732598407352,-0.024798761981341805,0,-0.57159066591284291,0.47321852257035157,0.043348851833553234,0.53394010226412114,42.193308712866958,1.4919025450007855,-0.68106885384187854,0.17800570688846917,-0.44461694945692487,-1.5844456735854295,3.0669682990535083,0.15598135999174079,0.39652132647958754,-0.97339288800576218,-0.055681049067194288,-0.02065926309563702,0,0
2021-04-12 14:00:00,103.35317891319526,177.0360788501321,-0.61210246612629104,19.523676790651656,-0.098656521639572697,0.0091210763245062488,0.041035581152167336,0.025112815528290016,-0.014850684419036125,0.0072040519310781663,0.2709618284191837,-0.028527697606619652,0.13855841260469898,-0.11595045598135544,0,1.9031558206794341,2.5050270865388247,-0.98437258456592858,0.46304170812321549,48.747908526074191,0.76974724914061432,-0.28740843968921526,-0.041230914672109695,-0.081278797759197219,2.6832731662059031,-0.44604672989416871,0.17852741845686451,-0.12799735517454588,-0.69036287305156852,-0.035035315855718174,-0.019630758458411005,0,0
2021-04-12 15:00:00,103.35317891319526,170.54818503792342,-0.85805625856434986,18.445909017876044,-0.057948420722965979,0.0095342387293866852,0.026023727266708638,5.7168079082146016e-05,-0.013909238028053727,-0.010748817327095001,0.22384758817669087,-0.021736873229198015,0.11155074182026586,-0.0072033946726665337,0,0.10347824238186604,0.36302837981511632,2.9468657562079583,1.1667690935289756,47.792861344323711,0.74783393318990099,-0.2591909247721681,-0.00042585728198126708,-0.50210235321716234,-0.84775134414176667,-1.3348637173839535,0.1770328955463327,-0.072506531388362355,-0.85995636693857613,-0.055681049067194288,-0.017704855478291898,0,0
2021-04-12 16:00:00,103.35317891319526,169.56015130575938,-1.2096949584804928,19.706448874775937,-0.10157115693179264,0.0075389399448310274,0.026023727266708638,5.7168079082146883e-05,-0.011917994807875427,0.0095765497409260013,0.28491188158115094,-0.021736873229198015,0.11116995826726944,-0.086297126848273439,0,-0.1217555299525452,2.4601831336539308,-0.28767596343602175,0.51660710762331152,47.533160327811103,0.58793952955275475,-0.14613119594286628,0.29009733062281923,-0.042750411208865552,-1.4489230500509711,-0.59956080566244219,-0.31198224713404654,-0.10293205414073366,-0.77811818957819923,-0.035035315855718174,-0.02065926309563702,0,0
2021-04-12 17:00:00,103.35317891319526,156.55811525857825,-0.39182264823287954,10.142732676328853,-0.068072808745933411,0.0095342387293866852,0.041035581152167336,-0.11777520992645529,-0.011160495856603114,0.0083956260059555587,0.26135294715986535,-0.02104712362374779,0.14057386516889103,-0.024132928152271353,0,-0.0085754353970830532,0.017619325629902045,-0.5238117691300973,2.1838154778403163,43.329424760954034,0.83435494289022882,-0.37303054461921659,0.24285809193483948,0.24584327578115805,-1.0592677327288726,-1.0882495242194101,0.29252309668262788,-0.080985646849060219,-0.74975640692049894,-0.012190235107225791,-0.015249051365760598,0,0
2021-04-12 18:00:00,103.35317891319526,147.93860864698155,-0.86761970516026898,9.6022126129026137,-0.088725844098879444,0.008843785919934807,0.026023727266708638,-0.073928118650991789,-0.015162027011268047,0.074961300334673325,0.28512727593875936,-0.03060402311276789,0.13468847504678894,-0.16285964634984201,0,0.19197429879765199,-0.62419366471439575,-2.0178054696184149,-0.97128155646884939,41.019325144503689,0.022931863242016414,-0.52604327238277171,0.34722005689552138,-0.21242931789304892,-2.2345142616293905,1.1817639949073153,-0.35063755451759637,0.68139913242552363,-0.78414322206650788,-0.01030436859235774,-0.020789882127533334,0,0
2021-04-12 19:00:00,103.35317891319526,148.52024234466487,0.65055429684913846,-4.2837502072253093,-0.07897790452876044,0.011116375109061907,0.036764947092612528,0.065366200625122592,-0.069765378715147652,0.03218230592515893,0.16512001270971946,-0.029859593515928432,0.16647602925088575,-0.22076941694984409,0,0.22294558047468266,-0.019850439337389416,-0.26701429853989705,0.52246510978467631,47.06497979798673,1.1219243731901765,-0.2376566692944031,0.089158494717252859,0.078582854571045829,2.8043903299929713,-0.54653088996155463,-1.6507019296481718,0.12137014975884323,-0.552044960570925,-0.017457298610902713,-0.011954439670459532,0,0
2021-04-12 20:00:00,103.35317891319526,123.50664655644927,-0.34993980712458778,-13.437989603515254,-0.13363722628201902,0.0095342387293866852,0.041035581152167336,0.0080428924258896927,-0.054770338296441463,-0.0097163029915160789,0.31777087221238187,-0.029041789848473502,0.15538869606798197,0.016529593820724185,0,1.2232155550284505,1.3180211345282933,-0.46297171129090509,0.38043669913058753,32.40065140231679,0.82133855337401696,-0.14933507341603702,-0.4198455061677478,0.39116631702963878,-1.1642440925222,-0.82112395623768664,0.410905692832986,0.20657534360368746,-0.48103731769254499,-0.017457298610902713,-0.016034905002767379,0,0
2021-04-12 21:00:00,103.35317891319526,122.40523554947617,-0.20896978843433114,-13.896688774011826,-0.096963711409030803,0.0095342387293866852,0.041035581152167336,0.013201484905034297,-0.071191316661219278,0.0067712617682878801,0.20228595475008967,-0.03060402311276789,0.15485431305590353,0.13572176721632392,0,0.43669397903507179,1.1323260503701174,-0.44223074328643425,0.86535354280162835,31.699319508001864,0.63823066058845468,-0.38639050546348408,-0.4547718115736733,0.21137801177630261,-0.57334080667169685,-0.27536406303402727,0.16261565337922063,0.26273634256064549,-0.45375511665215251,-0.017457298610902713,-0.012273754888106687,0,0
2021-04-12 22:00:00,103.35317891319526,114.22665764216923,-0.30545245067823867,-15.412510354727562,-0.10053607299066336,0.0095342387293866852,0.055102540543942119,0.016376283229455328,-0.060397769267971683,-0.028986135063946147,0.24947427234946049,-0.029041789848473502,0.16551203036907658,0.14808490626073229,0,-0.15979910186094606,-1.1530057079284874,-0.41907675789876775,0.8261756365473728,29.191745522705446,1.0381022487563272,-0.47527770430755661,-0.41114829799073849,0.15969751150930567,-0.85251510724758839,-0.43471064235627732,-0.54016415081438496,-0.089597632062256849,-0.48437573348370011,-0.017457298610902713,-0.012273754888106687,0,0
2021-04-12 23:00:00,103.35317891319526,110.38593091748243,-0.55313070342775994,-11.623427182000205,-0.094982736382144703,0.0095342387293866852,0.026023727266708638,-0.0053497675465325224,-0.067269672034936098,-0.0098248105270437504,0.24821664068792551,-0.031661264210075174,0.19286680172948412,0.09328817790186901,0,-0.63435762977050558,-4.1899917047610025,-0.39188562428265028,-0.95627794857898385,26.791275795224955,0.60081468811957162,-0.59370899251217046,0.014183959779563684,0.025002933501746979,-0.73156655999008313,-0.47338492118069592,0.19993582721977027,-0.11476547733104638,-0.66675225932138138,-0.017457298610902713,-0.012596233405585616,0,0
2021-04-13 00:00:00,103.35317891319526,63.846485085529274,-1.028563717254257,-42.055800745721363,-1.0016583083871711,0.0095342387293866852,-0.0067379413031194955,0.0021903902254099016,-0.033230668909964643,-0.060529913999023806,0.49974135011777404,-0.075172815499493104,0.28539534149365453,0.061770117944894586,0,-0.37998129877623632,-3.4770361743730889,-0.38365089750312176,-0.64342931501788969,11.28417207336023,-0.37963473500740363,-0.44985451416047312,0.37310255093482136,-0.011481663102444212,-0.25494634276992179,-1.3973285767929309,0.42664327277601255,-0.19032633739291704,-0.58507110953376562,-0.017457298610902713,-0.017350789132753845,0,0
2021-04-13 01:00:00,103.35317891319526,106.05436755079083,0.3363391120912263,-6.3687651356576298,-0.14430913074231819,0.0095342387293866852,-0.0067379413031194955,0.0062367567695660528,-0.036600548398375697,-0.050242260873817314,0.28568631942583145,-0.14545793207829727,0.56590864200557389,0.15747905157769865,0,-0.36589846412545857,-3.7189571194766899,-0.31198710871815449,-0.87545921440466223,14.130434605963446,0.099263993446689403,-0.5947189417090466,0.70880181823640809,-0.15706708960994195,-0.2712204545696027,0.2581961187651815,0.14072542217328096,-0.077164865278982434,-0.83259003818806998,-0.017457298610902713,-0.022783897843685917,0,0
2021-04-13 02:00:00,103.35317891319526,111.49864454372947,0.094020094805179241,-8.9545688261725545,-0.088109722718617237,0.011116375109061907,-0.0059198959431191554,-0.042171808833659466,-0.032475279740690782,-0.0089767014821652679,0.1956574300255792,-0.029766373026451156,0.24448903973504457,0.1212858385270052,0,-0.3998289630975142,-4.0970908961997647,-0.32384756220688105,-1.2247708164127258,21.907925101227992,-1.0232982686446535,-0.22617265798733641,0.30713529210459384,0.18696543413326974,2.7557383781910465,-0.65091434965322525,0.08583257681992762,-0.076225513367774139,-0.5507053139414011,-0.017457298610902713,-0.012399682105007323,0,0
2021-04-13 03:00:00,103.35317891319526,107.92281739592359,0.22212603379570306,-8.6414461397297462,-0.086636469796314272,0.011116375109061907,-0.0060288693428231545,-0.0025664274435579898,-0.0095015741107825624,-0.013476585259467334,0.24472637404647193,-0.032097926789230728,0.25101495825884018,-0.04623136575780263,0,-0.50616017237064992,-4.3818804059879772,-0.56207458077842154,-1.1248675248238345,21.208900027451584,-0.94458947743754251,0.87516183468757325,0.37266200998763171,0.08623183280080593,-0.56345002139404854,-0.63957968851261604,-0.44806869939848665,-0.18912859941250468,-0.47454740050614735,-0.017457298610902713,-0.01251173594645081,0,0
2021-04-13 04:00:00,103.35317891319526,107.99455282015565,0.34871063710589045,-9.7088909138432893,-0.077265493653130651,0.0095342387293866852,-0.0030330196442058203,0.013022418142301866,-0.016883558231034292,-0.005366191491600906,0.27040802068704406,-0.032097926789230728,0.19349964227850217,0.21633725289221362,0,-0.5743876315574844,-4.3952057323905169,-0.50811424122354953,-1.0493874240663599,21.364794106788231,-1.1070162125345038,0.91731249838889184,-0.58070737562463337,-0.11943666042056809,-0.73678143905807569,0.36446385915406609,0.81502043737850471,-0.080858985424272098,-0.84815749767830095,-0.017457298610902713,-0.01068160234289903,0,0
2021-04-13 05:00:00,103.35317891319526,105.67321555093727,0.94100929356365381,-9.3423706718220281,-0.017867919669986038,0.071848465769802999,-0.0077809860996915729,0.00084786760847888336,-0.014685323425183465,-0.076415070385946915,0.39355319421940527,-0.072681740540009962,0.22715629111416372,-0.23598033618842537,0,-0.50463208708848861,-3.999725555859003,-0.45918897176183776,-1.2211856273746422,21.467399039855344,-1.1919338007664522,-0.697285435893226,-0.92523491252157408,-0.029138405744140346,-0.62861314797643864,-0.19494651433433893,0.22615160559144151,-0.34065884638912119,-1.0197056277734948,-0.017457298610902713,-0.010440839755340008,0,0
2021-04-13 06:00:00,103.35317891319526,113.4625287673515,1.1973382029948711,-9.7934352194588037,-0.072379033077570737,0.063477118767488766,-0.0013864148796259258,0.092116262229845466,-0.0131826199811702,0.050038936497555114,0.26986233395546899,-0.029321071801058675,0.18676421715397887,0.29827247704531379,0,-0.39789279365148017,-5.0973136970717681,-0.81311736184611616,-1.1059599701985992,26.472054191128052,-0.65355559851515821,-0.429799933935329,-0.38301216191293164,-0.048547419191290749,-1.307415028848008,2.6840926388823556,0.18380256012188148,-0.060992505049844124,-1.1601722842665863,-0.01030436859235774,-0.01068160234289903,0,0
2021-04-13 07:00:00,103.35317891319526,104.84018410772721,0.90858307561171059,8.3195382262233153,-0.066138834641635461,0.095568628902274425,-0.0077809860996915729,0.033646501790143023,-0.013273375162244971,-0.084520255727148386,0.34994306543163822,-0.0069935519054210903,0.23161921885430858,0.060911698510985331,0,-0.24578244720914658,-8.8481815969767599,-0.84105760415376285,-1.5183387385101788,15.143277335457771,-0.13986282263524738,-1.0772689760815577,-7.1371428141877189,-0.15361578576529653,-0.17644532478406191,-1.6938562731659634,-0.31022433214107187,-0.33148455334932037,-0.98715136934451253,-0.0067647475274512231,-0.010198166882000205,0,0
2021-04-13 08:00:00,103.35317891319526,177.10177025442363,1.3521760412826076,27.08678514500933,0.022358816725918704,0.085636231103933702,-0.0013864148796259258,-0.044762466247479211,-0.0131826199811702,0.087427211315098299,0.28308229461042711,-0.027154263586583176,0.16197132557588237,-0.59516278717917592,0,0.25647278232314918,0.029886773330547036,-1.1333489465923319,-1.0923522172863624,41.591722804861604,-0.98236146671678815,-0.065056770772594322,-0.26981414600356624,0.038115606936303309,3.0275712071306184,5.0142914725222374,0.66833463317340303,-0.16697953469338667,-1.5145586121138117,-0.040893036534866145,-0.010227722084897098,0,0
2021-04-13 09:00:00,103.35317891319526,180.03289014847559,0.37935460595692455,21.187155274264803,-0.12968837198512881,0.0091210763245062488,-0.0012438212076986092,-0.082264782459128993,-0.016629883273351437,0.049599872785975808,0.25684962132792011,-0.021969906157974468,0.14374421778022889,-0.15181972185203405,0,0.15601503377602408,2.160872725382017,-0.31222701581844498,0.17777501720667238,48.69282322698978,-0.66751574408215131,-0.476889430470538,2.9761978426633116,0.087265788865214397,2.3821030812990704,0.28641946190946577,0.57444515890852377,-0.09743439044620042,-0.81659506592405628,-0.040893036534866145,-0.024859599948506055,0,0
2021-04-13 10:00:00,103.35317891319526,181.73351512928139,0.19889932014131209,21.309163368080547,-0.11160214265992094,0.0091210763245062488,-0.0013232403694936588,-0.01058386760390154,-0.010114632575424137,-0.019032192514160488,0.20569164095140624,-0.022366222992508861,0.14217104900847399,-0.2014022619375733,0,0.99002413891288976,2.290083668418665,2.3598034814331541,0.8342409935932652,49.071690295518792,-0.52896807221054365,-0.28580029303897952,3.5210756644781362,0.2143833537729494,-0.54761607620956609,0.078254535906812528,-0.30980861077899069,-0.02613398924453933,-0.70576328113950715,-0.040893036534866145,-0.022858450644579611,0,0
2021-04-13 11:00:00,103.35317891319526,178.65452110761652,0.2298063646937627,21.426211837204495,-0.12015674043730326,0.0075389399448310274,-0.0013232403694936588,-0.015271275828411694,-0.013038078579599217,0.026920810070048654,0.27990689108986055,-0.022366222992508861,0.12010371359268138,-0.2551525510288824,0,0.053385412745855391,0.2536635200119271,3.2270673342062928,0.43001936310161443,47.806237463188317,0.19215380656958234,-0.35852721309092722,3.2639035340225107,0.13456031183081982,-1.0736108486590596,0.61272109452793688,-0.18883783087692194,0.090852115815225606,-0.74026610173239438,-0.040893036534866145,-0.024267178064062041,0,0
2021-04-13 12:00:00,103.35317891319526,124.72366499407892,-0.39836770776474945,-19.170326775724408,-0.098035184472012621,0.0091210763245062488,-0.0013232403694936588,-0.1153373932863159,-0.017307309378162366,-4.4945073104783306e-05,0.19953068170197374,-0.021532453778505555,0.13948752817005217,-0.021589991088556144,0,0.28426966304565915,0.43923518805071365,0.10518266482295628,0.62910378705185488,40.576253902805313,0.55825263593438923,-0.30178249912162702,0.35543781835493377,-0.45087149237753532,-0.31657827894841178,-0.13341096689215728,-0.020859714843744128,-0.098169281265786071,-0.7296821929985905,-0.0089561827711949413,-0.021213255224466088,0,0
2021-04-13 13:00:00,103.35317891319526,172.6380775391869,-0.07724576793890163,24.521231666397505,-0.10321811004272666,0.010839084704490463,-0.0013232403694936588,0.0064917648239358715,-0.046393420252648282,0.09078617440687238,0.27437807977900308,-0.022366222992508861,0.10689700789101797,0.42473641234334936,0,-0.56536444682068754,0.4717535928846377,-0.020819905052897183,0.51514560849440283,42.292324859152288,1.4393382419624798,-0.73797338333493234,0.19463063622980989,-0.45865077549256345,-1.5609783320312691,3.1068011421717281,0.13600308625538132,0.38354808407416108,-1.019332899087857,-0.055681049067194288,-0.02065926309563702,0,0
2021-04-13 14:00:00,103.35317891319526,177.8511509562226,-0.55942402085545517,19.586862420778857,-0.084489336412407468,0.0091210763245062488,-0.0020865549738390164,-0.10105563124142472,-0.014850684419036125,0.0033923824595878341,0.26985643104816803,-0.028527697606619652,0.13572828273602974,-0.1200605304672623,0,1.9264886537058563,2.5067813164121953,-0.95506920997845568,0.39607877059690516,48.778840846273297,0.75018643367227755,-0.2905500535013576,0.0071502344025284196,-0.11065744705856775,2.5160752121641283,-0.43391499800620081,0.22571184122896557,0.84245875783822555,-0.70140837777937692,-0.035035315855718174,-0.019630758458411005,0,0
2021-04-13 15:00:00,103.35317891319526,170.28547154100949,-0.85888010529902226,18.472943605608883,-0.057948420722965979,0.0095342387293866852,-0.0013232403694936588,-0.0042785314385919097,-0.013909238028053727,-0.011678354008606829,0.22289609955813325,-0.021736873229198015,0.11179637430088935,-0.13837419966510289,0,0.10260155098838089,0.36302837981511632,2.885851989439578,1.0653818076349451,47.817430169994076,0.73853552428140201,-0.25940784143162876,-0.037138471014094031,-0.50210235321716234,-0.80267001636240642,-1.3209581827388601,0.18525656899301951,-0.068723096522088092,-0.87044885293672403,-0.055681049067194288,-0.017704855478291898,0,0
2021-04-13 16:00:00,103.35317891319526,169.56015130575938,-1.2105188052151654,19.740117296150558,-0.10157115693179264,0.0075389399448310274,-0.0013232403694936588,-0.0042785314385919201,-0.011917994807875427,0.0086470130594141735,0.28396039296259329,-0.021736873229198015,0.11141559074789292,-0.095081102648471152,0,-0.12263222134603038,2.4601831336539308,-0.34868973020440308,0.52448316489709235,47.546569287320388,0.57864112064425566,-0.146348112602327,0.29637691273469025,-0.042750411208865552,-1.4038417222716104,-0.58623725191445686,-0.31598747271835403,-0.10293205414073366,-0.77941919955277916,-0.035035315855718174,-0.02065926309563702,0,0
2021-04-13 17:00:00,103.35317891319526,157.4886107565687,-0.3925342383557518,10.467346273292572,-0.068072808745933411,0.0095342387293866852,-0.0020865549738390164,0.32093131215248538,-0.011160495856603114,0.0070567088398922713,0.27637751249435311,-0.02104712362374779,0.13881690526431503,-0.13750634580599003,0,-0.0092811161496569108,0.017619325629902045,-0.4080648191687638,2.0552649764765869,43.491132514179206,0.823158932523116,-0.37293392176885487,0.22242082361496618,0.24584327578115805,-0.98826769940662607,-1.0886184899447915,0.38742773025963079,-0.049839431649041165,-0.75064635394141677,-0.012190235107225791,-0.015249051365760598,0,0
2021-04-13 18:00:00,103.35317891319526,148.6085735871433,-0.86844355189494138,9.841923231723964,-0.090720765878866863,0.008843785919934807,-0.0013232403694936588,0.22008300221891927,-0.014081827630268974,0.074031763653161442,0.28321448156862633,-0.03060402311276789,0.13437359878743871,0.12526341079774192,0,0.18326944818365598,-0.62419366471439575,-1.8518108660883139,-0.97439462853665859,41.110533125155065,0.012848913963952921,-0.5111564510884905,0.37859444590001984,-0.294071187877531,-2.1635142283071427,1.1018320995565967,-0.23745758752891136,0.23765075873470026,-0.76420111846800398,-0.01030436859235774,-0.020789882127533334,0,0
2021-04-13 19:00:00,103.35317891319526,147.86326290207649,0.65570104163368403,-4.3761166133665981,-0.080326095170935433,0.011116375109061907,-0.0018694040894548728,-0.22236747315251937,-0.069765378715147652,0.0097502017293493396,0.16345046169728894,-0.029859593515928432,0.16625638773504342,-0.17755304479362133,0,0.22192290178336901,-0.01325882418214783,-0.2597389549577071,0.47122146541389565,47.106472030131577,1.0367163638435792,-0.24046488412395808,0.056602576324515555,0.04159943304099132,2.5678314814867669,-0.55632068024261683,-1.6237824931618345,0.23660194234248838,-0.55432349563677896,-0.017457298610902713,-0.011954439670459532,0,0
2021-04-13 20:00:00,103.35317891319526,123.36597322675979,-0.35065139724746014,-13.587812363563369,-0.13363722628201902,0.0095342387293866852,-0.0020865549738390164,-0.033830213619313695,-0.054770338296441463,-0.012396879730130355,0.31681938359382433,-0.029041789848473502,0.15580177186934513,0.016529593820724185,0,1.2225098742758764,1.3180211345282933,-0.44925227689970992,0.37508805860834937,32.4414827317337,0.78126112213377885,-0.14955199007549769,-0.41210042888982179,0.39116631702963878,-1.0876415751583242,-0.82352393913613531,0.42013224863915749,0.20657534360368746,-0.48233832766712481,-0.017457298610902713,-0.016034905002767379,0,0
2021-04-13 21:00:00,103.35317891319526,122.2645622197867,-0.2096813785572034,-13.995489945828906,-0.096963711409030803,0.0095342387293866852,-0.0020865549738390164,-0.045694976321346281,-0.071191316661219278,0.0040906850296736075,0.20133446613153208,-0.03060402311276789,0.15526738885726671,0.11208536088617189,0,0.43598829828249808,1.1319803956479642,-0.43241412699023712,0.85980639015621985,31.732968483877507,0.59783393643519633,-0.38660742212294474,-0.44747136487614247,0.21137801177630261,-0.48927808204594686,-0.27776404593247606,0.154121018713685,0.26273634256064549,-0.44276370816160016,-0.017457298610902713,-0.012273754888106687,0,0
2021-04-13 22:00:00,103.35317891319526,113.89795673984744,-0.31854045538639225,-15.369365365737837,-0.098004378752384949,0.0095342387293866852,-0.0028018240954546824,-0.056693384802376304,-0.060397769267971683,-0.041731679157688037,0.26538964674660653,-0.029041789848473502,0.160935663763206,-0.12677938845988238,0,-0.1648664684325912,-1.1540762844308776,-0.41228742691397124,0.89380866786322644,29.27383869889324,1.0097112094224876,-0.49366192070728321,-0.4342292619570276,0.18081362131964338,-0.80966429203240553,-0.45756831258757386,-0.56226272497653684,-0.17029346785674707,-0.4572566711831817,-0.017457298610902713,-0.012273754888106687,0,0
2021-04-13 23:00:00,103.35317891319526,110.38564273828307,-0.57222888497468505,-11.627831348329019,-0.092451042143866291,0.0095342387293866852,-0.0013232403694936588,0.013200209352681326,-0.067269672034936098,-0.013066867717911877,0.24055270600112963,-0.031661264210075174,0.19294940421535445,-0.041979505338503503,0,-0.62813141067835043,-4.1899917047610025,-0.37907716832200244,-0.95644802220834957,26.819980016273089,0.61969340581745413,-0.58731702858074475,0.009760480327887365,0.028968881993666668,-0.70654356357746984,-0.42204430703711254,0.19426855523958553,-0.097034024762520918,-0.65199148579977872,-0.017457298610902713,-0.012596233405585616,0,0
2021-04-14 00:00:00,103.35317891319526,63.997752086432342,-1.0235719624217212,-41.898031483589165,-0.9991266141488927,0.0095342387293866852,-0.0067379413031194955,-0.0023225815411506536,0.15349365515720659,-0.059948396196630262,0.50337954516509287,-0.075172815499493104,0.28539534149365453,-0.027442380200031903,0,-0.38351918957445996,-3.4725267821115735,-0.39000187825268989,-0.65773984265821661,11.290944472838413,-0.47634028187053296,-0.39981042741849943,0.34594386869277433,0.030439018829810021,-0.27045030856494612,-1.4571772433503956,0.42421284779362534,-0.19032633739291704,-0.57371526162485975,-0.017457298610902713,-0.017350789132753845,0,0
2021-04-14 01:00:00,103.35317891319526,106.32366427212668,0.35109383962174018,-6.3337492436867819,-0.14430913074231819,0.0095342387293866852,-0.0067379413031194955,-0.0031797415324291635,0.17594778158641031,-0.049998996454489332,0.28636275128208577,-0.14545793207829727,0.56590864200557389,0.15826184919794706,0,-0.36798613412841902,-3.7144477272151746,-0.30789648348409054,-0.87864354420220692,14.134302069983116,0.014224946755166969,-0.53710534660245857,0.6833303833075971,-0.095698240861576994,-0.28297347098257636,0.26135245804134516,0.14293119021047998,-0.077164865278982434,-0.82717479678194905,-0.017457298610902713,-0.022783897843685917,0,0
2021-04-14 02:00:00,103.35317891319526,111.67492093469474,0.11528939601256229,-8.9030617531827509,-0.088109722718617237,0.011116375109061907,-0.0059198959431191554,0.010226692680651175,0.15337131129617096,-0.0069404679645263465,0.24911755847409622,-0.029766373026451156,0.24067371681879482,0.049761212726086829,0,-0.44505875898095931,-4.0786131085910799,-0.31947294453711711,-1.3118295569894509,21.928785532463259,-1.1575509211116257,-0.22093239041530091,0.36742686479681774,0.24305441881344172,2.7942538210465835,-0.62738689758319188,0.093783303154994974,-0.19005427258072155,-0.5205641375521648,-0.017457298610902713,-0.012399682105007323,0,0
2021-04-14 03:00:00,103.35317891319526,108.10676901070919,0.22013335183668667,-8.5907411249225394,-0.08410477555803586,0.011116375109061907,-0.0060288693428231545,-0.00079857341978303419,0.046121519348589921,-0.012895067457073786,0.24748339678204995,-0.032097926789230728,0.25101495825884018,-0.048236253145254294,0,-0.5143315090372137,-4.3843862345471685,-0.56142843277965215,-1.074955664776871,21.269353444950763,-1.0185247362359537,0.75929433811569391,0.22909431235814817,0.076868359208988504,-0.57811716791604495,-0.60662101644423438,-0.42133101806941808,0.086831118554966571,-0.47915367201119952,-0.017457298610902713,-0.01251173594645081,0,0
2021-04-14 04:00:00,103.35317891319526,108.63677641999114,0.47068195028134996,-9.620315001453255,-0.077265493653130651,0.0095342387293866852,-0.0030330196442058203,-0.0070321588963210731,0.074912651031636454,-0.0047846736892073576,0.27219588346449342,-0.032097926789230728,0.1924014248141182,0.26410449678306153,0,-0.58069251220735829,-4.3933415409412166,-0.48170331077043699,-1.0550570062516194,21.367505275320518,-1.1758084691148483,0.85055507747205639,-0.64542523067564439,-0.12578892756149537,-0.74719249581554492,0.37229868598015942,0.84386979810277596,0.35580757493727916,-0.81259288170356991,-0.017457298610902713,-0.01068160234289903,0,0
2021-04-14 05:00:00,103.35317891319526,107.01652402508962,0.94063981074372238,-9.4498735094710984,-0.018723457722921517,0.071848465769802999,-0.0077809860996915729,-0.0012968259107338862,0.068953817890957156,-0.057809307171366599,0.34203723081910742,-0.072681740540009962,0.22525057320499003,0.30732455385600405,0,-0.50692658006678437,-4.0030149731442597,-0.44826534657172107,-1.1220752433998764,21.473059449183317,-1.1905683042122701,-0.62790820632135791,-0.58085239776387076,-0.07019543440000478,-0.60464741962923829,-0.10228362283019145,0.22892469052311612,-0.068583377526118885,-1.033308608948851,-0.017457298610902713,-0.010440839755340008,0,0
2021-04-14 06:00:00,103.35317891319526,112.78079943408214,1.1879194698026034,-9.5446819355393302,-0.071523495024635286,0.063477118767488766,-0.0013864148796259258,-0.028037174380720533,0.063891263147305685,0.048096142308571191,0.28770867454742877,-0.029321071801058675,0.18477550033752821,-0.23401460846514441,0,-0.40450783874851842,-5.0921706941185469,-0.86552597377322515,-1.1158726685903186,26.466701003811412,-0.69602858544915214,-0.45461614935107375,-0.6625081710441173,-0.067732479218386515,-1.3490111552516255,2.6990179984483862,0.16009878062979493,0.044918036155035319,-1.1410590804979917,-0.01030436859235774,-0.01068160234289903,0,0
2021-04-14 07:00:00,103.35317891319526,105.61806605006261,1.0091461872968113,8.196623601077917,-0.065283296588699996,0.095568628902274425,-0.0077809860996915729,-0.01564709392424218,0.064336971925472886,-0.081364905703155424,0.30032511563204156,-0.0069935519054210903,0.22798234159107583,-0.21939713663418234,0,-0.25651565177226759,-8.8486144004842586,-0.83665522775022383,-1.4919570450990283,15.112436097714136,-0.15533774753403926,-1.0957552262508934,-6.8131648931365065,-0.17014435283784513,-0.11429185674391108,-1.5908938292331152,-0.22852579099371101,0.23094888320272033,-0.9571947833744382,-0.0067647475274512231,-0.010198166882000205,0,0
2021-04-14 08:00:00,103.35317891319526,177.33650092770793,1.3554539474053591,27.080447672202851,0.022358816725918704,0.085636231103933702,-0.0013864148796259258,0.0070598907289622327,0.063891263147305685,0.090582561339091261,0.29107842894727076,-0.027154263586583176,0.16197132557588237,-0.59047550632832257,0,0.26608253883203264,0.029941674765573769,-1.1424700684225244,-1.1470354858072831,41.57685155240658,-1.0007645694320613,-0.070418745911747238,-0.25858764258603406,0.019741361384238706,3.1538744650410484,5.014371620239757,0.7226848179942934,-0.16697953469338667,-1.5023131630600397,-0.040893036534866145,-0.010227722084897098,0,0
2021-04-14 09:00:00,103.35317891319526,180.36655683352913,0.39042058690063935,21.183761910513692,-0.12968837198512881,0.0091210763245062488,-0.0012438212076986092,0.016890542914223271,0.081629326989901857,0.052636612950292393,0.26471075583761033,-0.021969906157974468,0.14374421778022889,-0.15103692423178564,0,0.16570244303075274,2.1535445335510319,-0.31628778057890361,0.20131111634792687,48.750774152597295,-0.68978631370907961,-0.46657334792207517,2.9517566980783929,0.038219079213441552,2.4835093661838572,0.29385145362971621,0.57331656076027238,-0.09743439044620042,-0.80174902054764907,-0.040893036534866145,-0.024859599948506055,0,0
2021-04-14 10:00:00,103.35317891319526,181.73351512928139,0.20124191009479606,21.306473628440976,-0.11160214265992094,0.0091210763245062488,-0.0013232403694936588,0.001487226626187956,0.048249232111711109,-0.018468204655270968,0.20679563340776849,-0.022366222992508861,0.14217104900847399,-0.20586160382255533,0,0.99156391510152864,2.2827554765876799,2.3457106272833763,0.85567978071393258,49.095870766255167,-0.54336939379140359,-0.27949417555186806,3.5286085357011023,0.19328179683770222,-0.58644542556433188,0.096344183913002035,-0.29954825181326267,-0.089570912580870493,-0.70321756134062308,-0.040893036534866145,-0.022858450644579611,0,0
2021-04-14 11:00:00,103.35317891319526,178.65452110761652,0.26826105019655239,21.39726009651114,-0.12015674043730326,0.0075389399448310274,-0.0013232403694936588,0.0032303314081022876,0.062126624181524585,0.027484797928938164,0.2811663500295013,-0.022366222992508861,0.12048806308821469,-0.16674528107607023,0,0.055256122608334381,0.24386722379651182,3.2167396263314925,0.44412156451101403,47.809221685348888,0.20375261502274661,-0.35151034932038411,3.2657550017527228,0.083657788307613057,-1.1149966169488883,0.61663279266033633,-0.18736553188696439,-0.034919452680021737,-0.74067482889656766,-0.040893036534866145,-0.024267178064062041,0,0
2021-04-14 12:00:00,103.35317891319526,125.00151303429024,-0.38542933294453657,-19.208334956329594,-0.098035184472012621,0.0091210763245062488,-0.0013232403694936588,0.029235386015475096,0.083093290992245813,0.0029917950912117896,0.199213725561497,-0.021532453778505555,0.13948752817005217,-0.021375431659247317,0,0.29428800597422777,0.43190699621972878,0.08117005312095861,0.65277446606645306,40.58507389808647,0.58743309774430752,-0.28638631046115665,0.3132393701295535,-0.56300768895923048,-0.22291498757875677,-0.12558475782848386,0.011335348864639529,-0.090347449157073975,-0.71758868573273871,-0.0089561827711949413,-0.021213255224466088,0,0
2021-04-14 13:00:00,103.35317891319526,171.429736241211,-0.097731021063689985,24.211302654246921,-0.10068641580444823,0.010839084704490463,-0.0013232403694936588,-0.0035755739632700304,0.22687664859453496,0.090142651840180582,0.27637538965070185,-0.022366222992508861,0.1062640660013429,-0.41702056777764179,0,-0.56816648192999264,0.47082480730222787,0.055796255427972105,0.53292108208296696,42.051080592858092,1.5466361583185992,-0.57500152417356609,0.13695067829582711,-0.34343109728830823,-1.5833056295306487,2.9564454665940278,0.067099998736453753,0.10037700198000857,-0.97442712156211975,-0.055681049067194288,-0.02065926309563702,0,0
2021-04-14 14:00:00,103.35317891319526,177.09189749497435,-0.61086798959377564,19.523676790651656,-0.098656521639572697,0.0091210763245062488,-0.0020865549738390164,0.025112815528290016,0.072460783275694954,0.0064291226239044071,0.27126979874026691,-0.028527697606619652,0.13897148840606213,-0.11927773284701389,0,1.9040195605079979,2.5047847409325588,-0.97846910660545505,0.41961486973815992,48.767988463120517,0.77563616470592855,-0.30561784101098421,-0.065223607709841258,-0.10951424400809082,2.6832731662059031,-0.44154430546678791,0.17639248757185857,-0.039443422383415361,-0.68613764839464297,-0.035035315855718174,-0.019630758458411005,0,0
2021-04-14 15:00:00,103.35317891319526,171.14381943756729,-0.80810737397525934,18.446761859040524,-0.047098029670040231,0.0095342387293866852,-0.0013232403694936588,5.7168079082146016e-05,0.057945601048818136,-0.011114366149717302,0.24150591494269935,-0.021736873229198015,0.11266114191412838,0.11530015833551203,0,0.11064938943551704,0.3645402640822214,2.8575739097395978,1.0614758457546523,47.797811398879865,0.79521789662582054,-0.2807442913150619,-0.031597584693803346,-0.58134418525163567,-0.84547599755926739,-1.254773116985848,0.26054234035592783,0.37533781855466064,-0.85957345740141156,-0.055681049067194288,-0.017704855478291898,0,0
2021-04-14 16:00:00,103.35317891319526,169.76556930984515,-1.2331254714994144,19.733314928537769,-0.10291934757396763,0.0075389399448310274,-0.0013232403694936588,5.7168079082146883e-05,0.05667504395695791,0.0092110009183037009,0.27375955154240905,-0.021736873229198015,0.11180503423814188,-0.20203310585846274,0,-0.12106280076489283,2.4667297569198721,-0.37692824524603968,0.50530042651855489,47.546665502720472,0.62078434135408966,-0.16147332733412856,0.27448767191104401,-0.06877759974409306,-1.4504775443549891,-0.59497557412784541,-0.30786320730769989,0.27544903614564087,-0.77099708977565207,-0.035035315855718174,-0.02065926309563702,0,0
2021-04-14 17:00:00,103.35317891319526,157.50824360297671,-0.35011668401645263,10.147177432539324,-0.055227495913020209,0.0095342387293866852,-0.0020865549738390164,-0.11777520992645529,0.050773898922026744,0.0076206966987817969,0.28463477764792272,-0.02104712362374779,0.13934570253359438,-0.13729178637668121,0,0.024482555656805668,0.018441732034646253,-0.56286500770455006,2.0583780485443959,43.364768832823678,0.85195807556584624,-0.49623539732384242,0.21240126283468908,0.32744498136323302,-1.056992386146373,-1.0845255354743815,0.37636890785254701,0.94031966588593319,-0.74698365189887106,-0.012190235107225791,-0.015249051365760598,0,0
2021-04-14 18:00:00,103.35317891319526,147.8434198270962,-0.95741920043529705,9.5733979652964223,-0.10291934757396763,0.008843785919934807,-0.0013232403694936588,-0.073928118650991789,0.072035658065049107,0.074595751512050973,0.2681315288674283,-0.03060402311276789,0.13155329524072396,-0.10657166577105583,0,0.18298729864486896,-0.57254956804712565,-2.1344486202192212,-0.97525165186233698,41.11354581543403,0.016575931885219483,-0.53789890871435087,0.32912445479187286,-0.27022299542184119,-2.2377453258408622,1.1852201345849636,-0.12351708455615566,0.46940582678874482,-0.77968253183508762,-0.01030436859235774,-0.020789882127533334,0,0
2021-04-14 19:00:00,103.35317891319526,149.31054211276148,0.68511703411598612,-4.2832535560456284,-0.07897790452876044,0.011116375109061907,-0.0018694040894548728,0.065366200625122592,0.34964381703111325,0.031507732946142279,0.18138434485842672,-0.029859593515928432,0.16487240503029948,-0.11895481408715339,0,0.23326873785609342,-0.017324600449336168,-0.25389559876232598,0.49530189431498012,47.080636434817912,1.2112398593294698,-0.13082711259501453,0.10413018594016533,0.2516305460858182,2.8034011181103611,-0.53415114580561829,-1.6423474557985756,-0.041494720360996752,-0.54888584228476123,-0.017457298610902713,-0.011954439670459532,0,0
2021-04-14 20:00:00,103.35317891319526,123.50741144825278,-0.36247610460690544,-13.436367614675341,-0.13580481765090072,0.0095342387293866852,-0.0020865549738390164,0.0080428924258896927,0.28532188468412739,-0.010491232298689838,0.31629699961955282,-0.029041789848473502,0.15960548627935123,-0.31554016147936836,0,1.2322863263188286,1.3212834759887135,-0.4594404399508763,0.38043669913058753,32.44499486046346,0.91171317897112147,-0.07644504354083724,-0.44753469906340992,0.3660365135065467,-1.1665194391046994,-0.80191739085250591,0.51696475740026748,-0.035840518804986274,-0.48528676799589576,-0.017457298610902713,-0.016034905002767379,0,0
2021-04-14 21:00:00,103.35317891319526,123.27697789804816,-0.18152612019711281,-13.889228566749953,-0.096963711409030803,0.0095342387293866852,-0.0020865549738390164,0.013201484905034297,0.35362143340699725,0.0059963324611141209,0.20298849798423152,-0.03060402311276789,0.15526738885726671,0.11286815850642035,0,0.44646428958147877,1.1364897879094795,-0.42646889775698577,0.86515503067845789,31.739931833802579,0.72603024689941931,-0.27977918116468264,-0.44143336630581664,0.37767426455912401,-0.56588059940982294,-0.26594401790669558,0.16044506223681537,0.26273634256064549,-0.43495931573988794,-0.017457298610902713,-0.012273754888106687,0,0
2021-04-14 22:00:00,103.35317891319526,114.61025726638123,-0.29982338911904727,-15.30660427833276,-0.10053607299066336,0.0095342387293866852,-0.0028018240954546824,0.016376283229455328,0.25724830804028131,-0.039826031726247525,0.272507187984671,-0.029041789848473502,0.160935663763206,-0.075609244581858318,0,-0.15398643132684817,-1.1486793314302084,-0.40799076425343611,0.90017632856661867,29.285079336888771,0.9890861779217448,-0.43607257626964741,-0.36792557218895094,0.26861072098936345,-0.8832232572594314,-0.46468270131331263,-0.53455194905416781,-0.17029346785674707,-0.45109615778131462,-0.017457298610902713,-0.012273754888106687,0,0
2021-04-14 23:00:00,103.35317891319526,111.04348155305823,-0.54863881433216721,-11.544225360982193,-0.094982736382144703,0.0095342387293866852,-0.0013232403694936588,-0.0053497675465325224,0.29145100342316177,-0.012485349915518329,0.25527350237009061,-0.031661264210075174,0.19176562435158187,-0.036953937374105732,0,-0.6284056505777369,-4.1854823124994871,-0.3772609608706603,-0.96511740615722141,26.812596388122525,0.53791439655398465,-0.51566563085440753,0.077709017642681386,0.13271361740406948,-0.72532570599222623,-0.36780684188696733,0.21018581723577651,-0.11223527371231679,-0.64586718029043222,-0.017457298610902713,-0.012596233405585616,0,0
2021-04-15 00:00:00,103.35317891319526,64.920307248309697,-1.0241235072799626,-41.926059127690387,-0.99377793959652583,0.0095342387293866852,-0.0029345219607449418,-0.0027204920608725337,-0.033230668909964643,0.56222491168206168,0.44870223976308332,-0.075172815499493104,0.30527556910867099,0.087717701049939562,0,-0.38713246809939961,-3.4750905103629157,-0.39717429320209158,-0.53804295674333469,11.386640737246619,-0.22760161381937977,-0.44345046193919818,0.13593239874766277,-0.06242063912532974,-0.35422606162239367,-1.1965125143418489,0.43014879426991093,-0.055610539693398249,-0.56895903579209084,-0.017457298610902713,-0.017350789132753845,0,0
2021-04-15 01:00:00,103.35317891319526,106.81523068051487,0.33827805261837623,-6.3278105758558301,-0.10966032571542182,0.0095342387293866852,-0.0029345219607449418,-0.0033461981243446911,-0.036600548398375697,0.55597345677543819,0.34006503916859798,-0.14545793207829727,0.56450583865329163,-0.040121175475122312,0,-0.37304963344862185,-3.7137277356060596,-0.32825601095750684,-0.88483540427502927,14.266137548696966,0.17808442681531589,-0.58895072524952718,0.7467690272748343,-0.19301555577254295,-0.2654696371788105,0.37171465353626126,0.15189210030730346,-0.20867994620465302,-0.79874549250074078,-0.017457298610902713,-0.022783897843685917,0,0
2021-04-15 02:00:00,103.35317891319526,111.87702818652741,0.093345304695460943,-8.7725515063272361,-0.067284792210179786,0.011116375109061907,-0.0026142293710523681,0.00806760664272832,-0.032475279740690782,0.2469789440238942,0.19993371050142972,-0.029766373026451156,0.24765787451551108,-0.040094882473358837,0,-0.44891328393415236,-4.0770710198847455,-0.34569956155147308,-1.2131825975963371,21.969289463965897,-1.0734036563655998,-0.22118412977329116,0.2343405625016344,0.19487164655068517,2.7677720290365633,-0.6108136990293751,0.099959669636827647,-0.073216842800027868,-0.5113550790476119,-0.017457298610902713,-0.012399682105007323,0,0
2021-04-15 03:00:00,103.35317891319526,108.30148921792089,0.22716824722671825,-8.5959377743093874,-0.068343233526155248,0.011116375109061907,-0.0026737263273240268,-0.0011964839395049152,-0.0095015741107825624,0.26656458116983706,0.19368726369178138,-0.032097926789230728,0.25799911595555652,-0.043504211437677499,0,-0.51606444913407012,-4.3758289250201274,-0.57410784724110631,-1.0570793138937273,21.265776793518793,-0.96271102502215478,0.86806658948458792,0.23584455234319643,0.079240438648112629,-0.5682910245911682,-0.64825931120693425,-0.43343291458520999,-0.072291169631811036,-0.46586370709825875,-0.017457298610902713,-0.01251173594645081,0,0
2021-04-15 04:00:00,103.35317891319526,108.37474215752523,0.39401508992859557,-9.5749070409892809,-0.073413046874125046,0.0095342387293866852,-0.0018177016490713036,-0.0074300694160429528,-0.016883558231034292,0.2351038134459229,0.2708119782619427,-0.032097926789230728,0.19783522305071238,0.21611357253655664,0,-0.58186020871374078,-4.3891542514226671,-0.52585464450968999,-1.0123412004467487,21.394844945018367,-1.1270235158049768,0.91275996218688682,-0.57293069137695996,-0.11780783322572518,-0.75318127654045075,0.32224450533433202,0.80263935841045142,-0.080858985424272098,-0.83863859020527676,-0.017457298610902713,-0.01068160234289903,0,0
2021-04-15 05:00:00,103.35317891319526,107.987854001481,0.93101286810017636,-9.4466306025625286,-0.014871010943915925,0.071848465769802999,-0.0031767497253669522,-0.0016947364304557672,-0.014685323425183465,0.52744079534956689,0.38458305459908926,-0.072681740540009962,0.21168417411162993,0.25217940827742702,0,-0.51114893608702905,-4.001063611709287,-0.46150086102208626,-1.0876249735724566,21.567266474737298,-1.1142821994707486,-0.59990731628980909,-0.5760007525251426,-0.040768955070597045,-0.58437503456429574,0.12742541915090561,0.24526219081537173,-0.097204976032331816,-1.0285118442880228,-0.017457298610902713,-0.010440839755340008,0,0
2021-04-15 06:00:00,103.35317891319526,112.10246618600313,1.1818355235078799,-9.7605234018790394,-0.068526586298565159,0.063477118767488766,-0.0010186976091754861,-0.028435084900442414,-0.0131826199811702,-0.088513475990367185,0.28820651800515568,-0.029321071801058675,0.19202116651019058,-0.035547013665691594,0,-0.40100820028558365,-5.0176662256176217,-0.86918842371881555,-1.0937557278857517,26.375726621625816,-0.68226188563588619,-0.48120816938857913,-0.73957300852767449,-0.044838371213979995,-1.3710671036729951,2.539634209729285,0.16826661306873494,-0.17340476577443745,-1.1398546936246312,-0.01030436859235774,-0.01068160234289903,0,0
2021-04-15 07:00:00,103.35317891319526,106.42793740241947,0.81197554698666874,8.2553530307409186,-0.062286387862629862,0.095568628902274425,-0.0031767497253669522,-0.017806179962165034,-0.013273375162244971,0.50928155416037657,0.29918207391414819,-0.0069935519054210903,0.21918890356634546,0.14620913833847934,0,-0.26077914149284098,-8.9334016491761474,-0.86435426119217607,-1.4005355809116296,15.191249154247704,-0.052389413732872869,-1.0270014170023061,-7.0903238338776253,-0.13671965808072398,0.008229432120634695,-1.2477693658001738,-0.23763368584972705,-0.082143762535643122,-1.0079280450741748,-0.0067647475274512231,-0.010198166882000205,0,0
2021-04-15 08:00:00,103.35317891319526,177.00484711679496,1.3423035021538798,26.966390255605081,0.029069101342504011,0.085636231103933702,-0.0010186976091754861,0.0049008046910393758,-0.0131826199811702,-0.21439284351104096,0.29409584623113283,-0.027154263586583176,0.16743420210022453,-0.58143773706000557,0,0.29028269029365433,0.018425033522129562,-1.1044088696582663,-1.0334436730351559,41.402749309873734,-0.97136151755796707,-0.094585864403261971,-0.25838645233256241,0.050286895090777023,3.2009503872701419,4.4629456282249764,0.54781880333846755,0.60372510699558235,-1.4648522968825308,-0.040893036534866145,-0.010227722084897098,0,0
2021-04-15 09:00:00,103.35317891319526,179.86627757026193,0.34762896800901316,21.120126694221664,-0.12659867708232761,0.0091210763245062488,-0.00093562204411706319,0.014812617093087784,-0.016629883273351437,-0.11394766569859087,0.25309795163998083,-0.021969906157974468,0.14547405535998156,-0.24594392811770396,0,0.16476274292877094,2.1640365617662822,-0.36070794961313274,0.15809140966896745,48.738679392800286,-0.66708712523682001,-0.47959894280272231,2.9776583352964971,0.090022364773273328,2.5033932015933789,0.083321893564066413,0.56939136210861863,0.073977079117481206,-0.80132471268898775,-0.040893036534866145,-0.024859599948506055,0,0
2021-04-15 10:00:00,103.35317891319526,181.88598306321799,0.20690181457267767,21.300552936225625,-0.10851244775711974,0.0091210763245062488,-0.00098219658387174269,0.0011013111802224921,-0.010114632575424137,0.16803805547782311,0.20664312956996386,-0.022366222992508861,0.14337330883868005,-0.19397222332155531,0,0.99090011582037152,2.2897259338982758,2.4453444299736926,0.80154407521909665,49.021331957598164,-0.51919306629658579,-0.28011973640938209,3.5221758475014022,0.21890321622529121,-0.57242118415213561,-0.0049594576736329502,-0.29406359767092599,-0.02613398924453933,-0.69626281654571021,-0.040893036534866145,-0.022858450644579611,0,0
2021-04-15 11:00:00,103.35317891319526,178.42276359875288,0.24083015223967133,21.379605341598996,-0.11876233949376544,0.0075389399448310274,-0.00098219658387174269,0.0028444159621368236,-0.013038078579599217,-0.015546589966953494,0.28085837970841809,-0.022366222992508861,0.12233207155698611,-0.25021146683653367,0,0.054261389653337343,0.25172392815919337,3.3191081289813882,0.37366242531558058,47.762126194763518,0.19816899561288182,-0.35172493221326567,3.2813619186214087,0.14395614099674234,-1.1418774065712167,0.41052795239852952,-0.1873129059450033,0.13660940767212371,-0.72894874384639918,-0.040893036534866145,-0.024267178064062041,0,0
2021-04-15 12:00:00,103.35317891319526,125.00151303429024,-0.38318854471309977,-19.217875248050017,-0.0966407835284748,0.0091210763245062488,-0.00098219658387174269,0.027157460194339608,-0.017307309378162366,0.087925372946443439,0.20723931237385951,-0.021532453778505555,0.14171588613435693,-0.0091558747846799057,0,0.2932932730192308,0.43887745353032465,0.08851073889504045,0.56208517275495906,40.508261700017123,0.57626411209762418,-0.29591882806572639,0.3416467265180263,-0.44779039304194379,-0.2173493424803874,-0.16134632652755432,0.016556121067647596,-0.034732357929454963,-0.71633118792108774,-0.0089561827711949413,-0.021213255224466088,0,0
2021-04-15 13:00:00,103.35317891319526,171.57732317649445,-0.069965773748085811,24.394680323292601,-0.10182370909918884,0.010839084704490463,-0.00098219658387174269,-0.0039614894092354948,-0.046393420252648282,-0.27687518431109548,0.27478203735390172,-0.022366222992508861,0.1091253658553227,0.42109447891326085,0,-0.57159138039884605,0.45904480227512523,0.019296913610905398,0.45878867070836837,42.070580339198195,1.445620840383347,-0.69056114683059799,0.18672359951849701,-0.46347223348891531,-1.615607228688573,2.8439982258129484,0.12802333960793746,0.35776567919767294,-1.0162791391668349,-0.055681049067194288,-0.02065926309563702,0,0
2021-04-15 14:00:00,103.35317891319526,176.8753543781732,-0.60910780805706644,19.511131413602712,-0.097262120696034876,0.0091210763245062488,-0.0013635740526804303,0.023034889707154529,-0.014850684419036125,0.083268628419567198,0.2709618284191837,-0.028527697606619652,0.14103207718686245,-0.10934985760488712,0,1.9031547616000735,2.5046693520184355,-0.99521199640082292,0.34738587135286703,48.716951364438195,0.70185210744282223,-0.28556213910450096,-0.032702651759494737,-0.088977755747755904,2.5046951263867898,-0.35746979880871277,0.18691055681816607,-0.019502289257817315,-0.68743914090979286,-0.035035315855718174,-0.019630758458411005,0,0
2021-04-15 15:00:00,103.35317891319526,170.43793947494609,-0.85482263852303708,18.431843441596765,-0.056554019779428165,0.0095342387293866852,-0.00098219658387174269,-0.00032874736688331746,-0.013909238028053727,0.14481000724886225,0.23530788853651577,-0.021736873229198015,0.11293569564509637,-0.1308403478405758,0,0.10347752789586281,0.36267064529472742,3.0201514235451925,0.99367785920119733,47.745009052795254,0.75063834614181024,-0.25980354988856719,-0.04404816121083973,-0.49758249076482031,-0.84985837825886068,-1.3124491598790109,0.19764276501315647,-0.047012633083355411,-0.85962399091090791,-0.055681049067194288,-0.017704855478291898,0,0
2021-04-15 16:00:00,103.35317891319526,169.56015130575938,-1.2397021253328768,19.684916887405731,-0.10017675598825482,0.0075389399448310274,-0.00098219658387174269,-0.00032874736688331659,-0.011917994807875427,0.058509336414244877,0.27345158122132596,-0.021736873229198015,0.11434863583676205,-0.23539985468833444,0,-0.12175624443854842,2.4622935035179716,-0.29792182304579112,0.43750243996510008,47.540301826695973,0.61653789981120355,-0.15291100836603191,0.28346843529510785,-0.037740911124148332,-1.4536075597995104,-0.54463416153455591,-0.31676127728487402,0.089531992450612427,-0.77015697345257839,-0.035035315855718174,-0.02065926309563702,0,0
2021-04-15 17:00:00,103.35317891319526,156.12577862783039,-0.39399048947134646,10.161878288481297,-0.06667840780239559,0.0095342387293866852,-0.0013635740526804303,-0.11816112537242077,-0.011160495856603114,0.068153803476094107,0.27732900111291076,-0.02104712362374779,0.14087749404511532,-0.14828927252319568,0,-0.0085764944764435136,0.016506685610680864,-0.53481186377087131,1.9905800619909408,43.271714670579463,0.76552869921995426,-0.37325739403367658,0.19545078276744765,0.18196383859474893,-1.122769107999481,-0.96978612062344949,0.28667394958061548,-0.049839431649041165,-0.74642161182506117,-0.012190235107225791,-0.015249051365760598,0,0
2021-04-15 18:00:00,103.35317891319526,146.17300415248184,-0.97767689126424473,9.5645443527598477,-0.10017675598825482,0.008843785919934807,-0.00098219658387174269,-0.074314034096957263,-0.015162027011268047,-0.22527078438462464,0.2678235585463451,-0.03060402311276789,0.13535283964297107,-0.2525693657052967,0,0.18173361893416085,-0.63618858081284879,-2.1621474469176793,-1.0347216617161803,40.863420052007527,0.0048449575261941373,-0.54068016836565247,0.32805074612874829,-0.19675185480562679,-2.2671985448698102,0.88268435522104016,-0.14305875640877272,0.052991920127150392,-0.78186760476358108,-0.01030436859235774,-0.020789882127533334,0,0
2021-04-15 19:00:00,103.35317891319526,148.19334287375085,0.65775723904374128,-4.2715416344037358,-0.077583503585222618,0.011116375109061907,-0.0012400519805033472,0.050478349352634774,-0.069765378715147652,0.0057260557398697166,0.1810960666627649,-0.029859593515928432,0.16716447625022815,-0.12249007449742323,0,0.22294357737899589,-0.022946632730072688,-0.27802579102325464,0.39385446934405693,47.016360193157986,1.1253259049368467,-0.23776106509106829,0.048902881486228567,0.081891988420443707,2.7336834698628807,-0.48770949394358215,-1.6338419154719308,-0.041494720360996752,-0.55246549259011801,-0.017457298610902713,-0.011954439670459532,0,0
2021-04-15 20:00:00,103.35317891319526,122.97298326126391,-0.39208761408259057,-13.405245831775646,-0.13441041670736287,0.0095342387293866852,-0.0013635740526804303,0.0067389303515902211,-0.058711332675312838,0.15862365490859739,0.31559445638541095,-0.029041789848473502,0.16166607506015152,-0.28804607422151485,0,1.2259840863008575,1.3156614437079766,-0.48357063221180507,0.31023454559800412,32.371609490082726,0.738315481890359,-0.13550241634657156,-0.43127442704739277,0.18474045553576238,-1.1089691343214712,-0.66506449262164602,0.51258836615013015,-0.035840518804986274,-0.48886641830125249,-0.017457298610902713,-0.016034905002767379,0,0
2021-04-15 21:00:00,103.35317891319526,122.40523554947617,-0.20908098551894352,-13.884881954468986,-0.095569310465492982,0.0095342387293866852,-0.0013635740526804303,0.011897522830734825,-0.071191316661219278,0.066021854341137595,0.20228595475008967,-0.03060402311276789,0.15732797763806702,0.13421235348519028,0,0.43669291995571136,1.1312134103508962,-0.4503620747483969,0.79515138926904516,31.671036830473046,0.64152171478709819,-0.38723881316471831,-0.45836679415716086,0.205593591226542,-0.55549636928589807,-0.21719383987903837,0.16874202940793906,0.26273634256064549,-0.4508313845103768,-0.017457298610902713,-0.012273754888106687,0,0
2021-04-15 22:00:00,103.35317891319526,114.60884894989597,-0.31999670650198675,-15.310725288311062,-0.099856066799583476,0.0095342387293866852,-0.0016514881784832961,0.015072321155155857,-0.060397769267971683,0.3080263554823745,0.26545032630250592,-0.029041789848473502,0.16253912173799676,-0.048115157324004933,0,-0.15980016094030655,-1.1543013637109454,-0.42431807785562314,0.8292597802815771,29.171140002244528,1.128199248469842,-0.47195475059580771,-0.4247358237800607,0.11693418413323449,-0.8342083182164669,-0.22748134557335678,-0.53089379548537319,-0.17029346785674707,-0.45298311809066499,-0.017457298610902713,-0.012273754888106687,0,0
2021-04-15 23:00:00,103.35317891319526,110.70316848460195,-0.56285260712383167,-11.513999057976696,-0.08457067335322084,0.0095342387293866852,-0.00098219658387174269,-0.0057476780662544039,-0.067269672034936098,0.2338798337508716,0.25744100688402949,-0.031661264210075174,0.20631525137907414,-0.094033278966953279,0,-0.6387200300755802,-4.1856281654120275,-0.3981044916661266,-0.90380646929293518,26.741308349267296,0.68759972935729441,-0.58375069755063635,0.033452281453139637,0.023021023686623811,-0.72536829720410445,-0.4230869945613705,0.21446037892899075,-0.16296589451946394,-0.64442152141533748,-0.017457298610902713,-0.012596233405585616,0,0
2021-04-16 00:00:00,103.35317891319526,57.623742524163319,-1.0281184574355196,-42.034784668232362,-1.3231658512379423,0.0059845032764258739,-0.0067379413031194955,-0.0029175773858452093,-0.03186532410900577,-0.059948396196630262,-3.8074268247139593,-0.075849324143479155,0.23514378919198353,-0.048622008137394826,0,-0.37357037816720923,-3.4464320129854049,-0.40692805004460642,-0.80313427850813812,10.989257385814581,-0.58609847789315306,-0.46847597382145634,0.37816219463519024,0.012711370962173018,-0.28248139192485217,-1.9662573253731839,-0.087496119430589533,0.1172135151141012,-0.59516482458996611,-0.017457298610902713,-0.014976643781747068,0,0
2021-04-16 01:00:00,103.35317891319526,103.04408168851486,0.36653156880642163,-6.4037174159036612,-0.46581667359308876,0.0059845032764258739,-0.0067379413031194955,-0.0037747373771237192,-0.03607101323902253,-0.049998996454489332,-2.2969873755221268,-0.14613444072228335,0.53382835529284944,0.16030419569509446,0,-0.34751874162176671,-3.7076302712123481,-0.34523994959719784,-0.97854076282944913,14.795614801736161,0.047998126771720308,-0.61179655762128726,0.64878552360587671,-0.17841418354621028,-0.37863250802956011,-0.11023362405722054,0.1154738199349849,-0.032918495053937714,-0.84403402400738292,-0.017457298610902713,-0.021963109497787868,0,0
2021-04-16 02:00:00,103.35317891319526,107.29295380409296,0.1249389414286806,-8.7954618334008945,-0.31167038663666413,0.0067062522004579378,-0.0059198959431191554,0.0076570625348939304,-0.031945744581337615,-0.0069404679645263465,-2.9078281490696765,-0.029829807423463809,0.20172608402350573,-0.059208609630310716,0,-0.47441306718237042,-4.076537187700886,-0.34960525600157699,-1.3936744435801369,21.551147596507434,-1.0243230032307726,-0.27451663612601129,0.42293000125526264,0.10355124065604926,2.5711490658739424,-0.49049134078133377,0.081651305728521306,-0.36241198109518119,-0.51043172389211711,-0.017457298610902713,-0.0090158264596906235,0,0
2021-04-16 03:00:00,103.35317891319526,104.88964166353757,0.26098202410845062,-8.6654727788234975,-0.3101971337143612,0.0067062522004579378,-0.0060288693428231545,-0.0013935692644775899,-0.0089720389514293952,-0.012895067457073786,-2.5023756666907389,-0.032052321969549137,0.23462608872154656,-0.061168922775075379,0,-0.4896878685214755,-4.3752950928362679,-0.57210066538843229,-1.1148265207939922,20.94342004039132,-0.92717602950285327,0.7194215996412513,0.29615261006475752,0.047984146295292344,-0.44308531857823913,-0.49668646684772944,-0.43590513222717348,-0.024179095405601134,-0.46679393337101482,-0.017457298610902713,-0.0090802200080098774,0,0
2021-04-16 04:00:00,103.35317891319526,104.4495173765342,0.506449760066363,-9.5647730344714486,-0.3428578789274685,0.0059845032764258739,-0.0030330196442058203,-0.0076271547410156296,-0.014194032972662966,-0.0047846736892073576,-3.0634728544308882,-0.032052321969549137,0.17783044841631312,0.26472180630297737,0,-0.55454789206820698,-4.3858244043208812,-0.4937651187957533,-1.0619211250333875,21.072778084983049,-1.0307680449633456,0.76210578765751924,-0.64767683731135139,-0.14956166046740973,-0.74504577510146752,0.52188564343973665,0.3282604924581744,0.39236461762965208,-0.80932916483367556,-0.017457298610902713,-0.0073503885383572097,0,0
2021-04-16 05:00:00,103.35317891319526,100.24946729344609,0.78321719892538721,-9.4057970046669546,-0.20424190869620709,0.024545846963561359,-0.0077809860996915729,-0.0016193292132507355,-0.013589836201788597,-0.075833552583553357,-3.4197083290874586,-0.073358249183996013,0.17419706154233705,-0.24600585273574413,0,-0.48121323153226869,-3.9883987075946621,-0.48271808832692903,-1.3980255247114179,21.211219759525978,-1.0990265388310745,-0.73144274893925221,-0.93089550677666855,-0.11424311890110209,-0.63222968437390337,-0.70252814166017952,0.21597987940525129,-0.51301655490358133,-0.9667318486641695,-0.017457298610902713,-0.0070093238168990749,0,0
2021-04-16 06:00:00,103.35317891319526,109.26543605613939,1.0104181133278851,-9.6711349797652844,-0.26505370338947259,0.022352706699309784,-0.0013864148796259258,-0.028359677683237383,-0.01262387624109805,0.050620454299948658,-2.9619870791760476,-0.029275466981377084,0.16721739261453514,0.26824681363692515,0,-0.38838245851109549,-5.0802021045579382,-0.86107795016113453,-1.1150934591972832,26.162537834544676,-0.51714240114415666,-0.46920825552347767,-0.37865085912162877,0.04377840537705964,-1.3003913558972779,2.7463634518752493,-0.3463942556592513,-0.029122508442550068,-1.0861364659687691,-0.01030436859235774,-0.0073503885383572097,0,0
2021-04-16 07:00:00,103.35317891319526,100.15498709891013,0.61152133632797923,8.2778849875118663,-0.20673157726469407,0.029776490688745525,-0.0077809860996915729,-0.016651735639563622,-0.012714631422172818,-0.050574607293201394,-3.4165171932989766,-0.017795058780731468,0.18347659331258839,0.17928514317422492,0,-0.24029483315098715,-8.8421907340417132,-0.87071586641819865,-1.6237637790141539,14.784061633297283,0.10758354290435257,-1.0425460506219446,-7.2052782433447486,-0.088496858473257778,-0.32901596788780801,-2.0181333824155852,-0.24128037257602947,-0.17606891253435969,-0.95158260529976579,-0.0067647475274512231,-0.0068833983971595186,0,0
2021-04-16 08:00:00,103.35317891319526,173.42080992632128,1.2061923229172977,27.087227874465523,-0.10907540677387911,0.027573367578871445,-0.0013864148796259258,-0.004294279864836166,-0.01262387624109805,0.090582561339091261,-3.3465540918308743,-0.030659642421453061,0.13813159100118239,-0.57994536725707757,0,0.18052169265987364,0.0336838992239539,-1.0706926997390807,-1.1332711968169287,41.265945785043783,-0.65846629544351098,-0.052893446243259583,-0.21788672050425589,0.20146002098197588,3.0352863933858103,5.0223753091208074,0.037737475503136102,0.41106635048220547,-1.4043661675276418,-0.040893036534866145,-0.0071449884990365852,0,0
2021-04-16 09:00:00,103.35317891319526,176.2433254246105,0.34516650483575778,21.226922059142307,-0.35119045242045943,0.0057960242521118196,-0.0012438212076986092,0.0055363723204248719,-0.016333502478613364,0.052636612950292393,-3.1112843281135616,-0.025475284992844356,0.13194047606314463,-0.25717593394916127,0,0.064796635486113752,2.1718582903099763,-0.32285386353183088,0.20925707079630856,48.437409612187857,-0.4530764875504279,-0.37626597896435943,2.8427220264462347,0.14557949280734353,2.458941246387635,0.40997307729757748,0.035698787578661753,0.10004006490534945,-0.77655828624543444,-0.040893036534866145,-0.021776866362645541,0,0
2021-04-16 10:00:00,103.35317891319526,178.13277526803188,0.20737353825226204,21.330045025154163,-0.33310422309525162,0.0057960242521118196,-0.0013232403694936588,8.5763181770810845e-05,-0.0098182517806860662,-0.018468204655270968,-2.8545992558156925,-0.025762562610684509,0.12756346441724847,-0.092870845322382961,0,0.89425022019890354,2.295965805109625,2.299047856219532,0.9844615659496968,48.674162888063684,-0.46828941728062518,-0.263458664088632,3.3744673261539884,0.25575556351542222,-0.55734015441135942,0.22370163165381984,-0.33762379716672475,-0.17467894999902628,-0.69535369228806776,-0.040893036534866145,-0.019496021866614689,0,0
2021-04-16 11:00:00,103.35317891319526,173.55884170899043,0.25000363769459616,21.410967718159551,-0.39374074856147734,0.0050742753280797557,-0.0013232403694936588,0.0018288679636851422,-0.012439559290954728,0.027484797928938164,-3.4294586861969649,-0.025762562610684509,0.10356748369047475,-0.15291653037021663,0,0.035659201798082997,0.25707755231845697,3.1733778126480985,0.52007772375089512,47.462641369776655,0.14585032932917796,-0.2957263676677499,3.0912589260001173,0.1829237025593877,-1.168688211370833,0.72852278012601968,-0.75464064892598337,-0.16075956369511743,-0.73265517750722697,-0.040893036534866145,-0.021649050175424404,0,0
2021-04-16 12:00:00,103.35317891319526,121.6047376785442,-0.36521891516157529,-19.149950586083381,-0.30868687385441762,0.0057960242521118196,-0.0013232403694936588,0.017881215421676696,-0.015628590708518804,0.0029917950912117896,-2.7412850823936026,-0.024928793396681203,0.12442529134308575,0.094808510622172174,0,0.20647213169544937,0.44687155461504441,0.00096718202579995725,0.71094109535902239,40.179033546807119,0.51459546595853412,-0.2510100100525659,0.17749556434140301,-0.51702563258793632,-0.20531336397129757,-0.017340313046035553,0.076513842396615225,0.021181847065810035,-0.70359053099698798,-0.0089561827711949413,-0.018158186252546622,0,0
2021-04-16 13:00:00,103.35317891319526,166.85097817946487,-0.1030043479223149,24.225493241527765,-0.3762653457086097,0.0065596129570835004,-0.0013232403694936588,-0.0041705698079645866,-0.043947876070690346,0.090142651840180582,-3.2282333170811723,-0.025762562610684509,0.093946807282751302,-0.19377052318478305,0,-0.4498622512147647,0.468017645746858,0.029726604209260609,0.60273797197865875,41.748018865446291,1.43342023798537,-0.56564288868237589,0.11197887502108808,-0.35538417481904333,-1.6348507135879986,3.0917773253809249,-0.51661071838351502,0.12800029701626259,-0.95947015640520594,-0.055681049067194288,-0.018041135206999383,0,0
2021-04-16 14:00:00,103.35317891319526,173.01545186850527,-0.6057455502663065,19.574224089394296,-0.25317935547563702,0.0057960242521118196,-0.0020865549738390164,0.013758644934491616,-0.014252165130391632,0.0064291226239044071,-3.2547763915659398,-0.032286428957601858,0.12284705385965873,-0.24421002625621213,0,1.8356253999047385,2.5322240650375383,-0.91929484657438099,0.57293630353520109,48.436576664849305,0.71484214896005271,-0.28385692641043797,-0.15486475675396957,-0.0027686856934307112,2.5711761158593385,-0.82304123584709199,0.19421354491680964,0.3920072990040282,-0.6684095925739717,-0.035035315855718174,-0.016575689486491543,0,0
2021-04-16 15:00:00,103.35317891319526,166.22851128408817,-0.79908800654652379,18.450059187995084,-0.33153242884714013,0.0059845032764258739,-0.0013232403694936588,-0.0013442953653349989,-0.012543893227094861,-0.011114366149717302,-3.0253497839439212,-0.025133212847373663,0.10013814835459982,-0.14321620070363117,0,0.032475461770450832,0.3689105165060767,2.8704238215092559,1.1066413369376931,47.445314309368932,0.72775560206704137,-0.25348140350817988,-0.13985870834844533,-0.50672946956415099,-0.9023180017749326,-1.1543363971141476,0.18626027672813306,-0.18085546884416584,-0.86025201277473518,-0.055681049067194288,-0.014472854624447022,0,0
2021-04-16 16:00:00,103.35317891319526,165.21936918141947,-1.1908115061896278,19.718106199206037,-0.37515516505596674,0.0050742753280797557,-0.0013232403694936588,-0.0013442953653349981,-0.011319475519230938,0.0092110009183037009,-3.139991135121607,-0.025133212847373663,0.099244374801035054,-0.23127276274307548,0,-0.10220358118458941,2.4685333747293208,-0.36684823914039327,0.57777277290484075,47.225473326984485,0.57331295676230121,-0.12977839234397143,0.14949721652492529,0.0098433483761248986,-1.4728022579164755,-0.47097541918697211,-0.81093567503170139,0.17637730811195368,-0.76328507734462947,-0.035035315855718174,-0.018041135206999383,0,0
2021-04-16 17:00:00,103.35317891319526,151.61479307705892,-0.34131914947165592,10.12450716280796,-0.34165681687010763,0.0059845032764258739,-0.0020865549738390164,-0.11917667337087244,-0.0097951510556442446,0.0076206966987817969,-3.3317301650076629,-0.02469681575803577,0.12378586238484937,-0.13692091278531615,0,0.040004628208332858,0.024694700728180329,-0.5072899504896583,2.1915355248527986,43.069959962621148,0.76148934410547575,-0.34432116546389302,0.13616469991787555,0.24541054619118097,-1.0759052993877536,-1.4257315739224123,0.18064567006531218,-0.22404993336120729,-0.74068781749210022,-0.012190235107225791,-0.012630923477122961,0,0
2021-04-16 18:00:00,103.35317891319526,142.91670153859016,-0.95019315148346173,9.664038303466528,-0.37515516505596674,0.0056493850087373839,-0.0013232403694936588,-0.075329582095408937,-0.014563507722623558,0.074595751512050973,-3.0717900816744765,-0.030558418293086299,0.12070321571182223,-0.25016998188056827,0,0.15708776969939203,-0.61933901092357446,-2.0839819098132009,-0.9032276865975063,40.766807319199835,-0.040879055056201166,-0.56603926165191853,0.19491979477374838,-0.14096398420703476,-2.2525605736159835,1.2953262907874294,-0.62865156466436733,0.09352913713082768,-0.7760011311198548,-0.01030436859235774,-0.018102667078419687,0,0
2021-04-16 19:00:00,103.35317891319526,146.09282935456704,0.67609528463364266,-4.1780867356828724,-0.15153995869786702,0.0067062522004579378,-0.0018694040894548728,0.06290709111306346,-0.069205129727542683,0.031507732946142279,-2.4198408792360819,-0.026840892682260795,0.1586540309496933,-0.11915217868672796,0,0.2176907346914162,-0.012390610060630691,-0.27593395346553962,0.65428695990087749,46.803588465759894,1.0896911267287983,-0.2673003471021792,0.098830988543804968,0.065421042571986554,2.7057410318909487,-0.42850871401331109,-1.0963282949368425,-0.22062417177918101,-0.53756144824966656,-0.017457298610902713,-0.0088302835380640599,0,0
2021-04-16 20:00:00,103.35317891319526,117.69350870437742,-0.34944899293696702,-13.435140851332573,-0.43022461304866721,0.0059845032764258739,-0.0020865549738390164,0.0066414289814725478,-0.057345987874353965,-0.010491232298689838,-3.5236232316164573,-0.02971829849245956,0.14280842684052319,-0.28427536492743133,0,1.1717452733209179,1.3262174663774187,-0.47238120522491617,0.54685585843633522,32.147561915685024,0.75333410521412381,-0.17942153235622205,-0.29309459172735158,0.21226939025653382,-1.0112756204333877,-1.240283126813732,-0.014540528914560707,-0.12492793129190675,-0.4840039243785777,-0.017457298610902713,-0.013347689953653735,0,0
2021-04-16 21:00:00,103.35317891319526,119.03256016096977,-0.18642736139380775,-13.800298167919564,-0.48679869150124272,0.0059845032764258739,-0.0020865549738390164,0.011800021460617151,-0.069825971860260405,0.0054958749838297967,-2.6562902374836552,-0.030558418293086299,0.14129286840866945,-0.047634865117079983,0,0.36858443046154743,1.1383687243631413,-0.4161711923531895,0.93312943895159384,31.412322658075684,0.61773659786797142,-0.40231615954954486,-0.23813574670312995,0.14172290542463528,-0.63125204746076902,-0.16319143085930474,0.18626694754979956,0.2979341078500774,-0.42384101994638779,-0.017457298610902713,-0.0089726668737858013,0,0
2021-04-16 22:00:00,103.35317891319526,109.86901477099474,-0.26754238281073434,-15.405603582130865,-0.49037105308287521,0.0059845032764258739,-0.0028018240954546824,0.014974819785038182,-0.046683240480858784,-0.039826031726247525,-3.0215313026122117,-0.02971829849245956,0.15173907482170576,0.0022757018049529383,0,-0.23479594646268373,-1.142058859863913,-0.40722651952809386,0.8940824638862106,29.015202959358252,0.99904822884933497,-0.51676895348688501,-0.34690594184173795,0.1349866959970796,-0.89666589724053125,-0.81501345598991959,-0.51270999914030746,-0.045755451962915993,-0.45404988354617976,-0.017457298610902713,-0.0089726668737858013,0,0
2021-04-16 23:00:00,103.35317891319526,106.56717955085229,-0.52438569114004574,-11.455349452180341,-0.43895276523047611,0.0059845032764258739,-0.0013232403694936588,-0.005944763391227079,-0.053555143247823213,-0.012485349915518329,-2.87177842550755,-0.031615659390393583,0.16782412684414288,-0.057799234413428935,0,-0.59425021550945245,-4.1640712054109139,-0.3694339835797934,-1.0482811089739383,26.492760363072371,0.39672138077155106,-0.6076317922712513,0.10532509818856634,-0.012551114968934036,-0.79184604596095864,-0.14002256240438757,0.15844086020865666,-0.2494888561803752,-0.65471000012668046,-0.017457298610902713,-0.010121785920679728,0,0
2021-04-17 00:00:00,103.35317891319526,63.860602690870479,-0.99479537612388402,-41.917945767437303,-0.95715399599531714,-0.022368790865099526,-0.0067379413031194955,-0.0023225815411506536,-0.033230668909964643,-0.05113285719820284,0.44492347729396386,0.010197811948504797,0.29298444449919686,0.1223869714520292,0,-0.38536298457282214,-3.4641485002187453,-0.37833934370382927,-0.61039992006451393,11.342201952811534,-0.40276481266367475,-0.60697855074790108,0.26054404095505423,-0.031999502855506373,-0.46560503078271909,-1.3686538582027805,0.42644610721093285,-0.06695638764469114,-0.59055606992120513,-0.017457298610902713,-0.017350789132753845,0,0
2021-04-17 01:00:00,103.35317891319526,106.58638222726708,0.42159988470982651,-6.4103713095385331,-0.13048308573365744,-0.022368790865099526,-0.0060758694734640711,-0.0027333863022463442,-0.036040639505747464,-0.01920912236426088,0.26561808981732415,0.15803561681297518,0.58191224923876972,-0.029924830232518067,0,-0.53470516083172204,-3.6823772604668132,-0.31787724796410183,-0.89410810408489283,14.342986117016023,0.11482325619303108,-0.6923750425576064,0.95752826550729642,-0.14627369078011862,-0.25295596596632591,0.88183067064792864,-0.33506092819853139,-0.20682919136342109,-0.7311200131877218,-0.017457298610902713,-0.022783897843685917,0,0
2021-04-17 02:00:00,103.35317891319526,114.92325183766937,0.18761054672428143,-17.421862725832796,-0.088722804858330992,-0.02608072621741447,-0.0012173791317507043,0.01525779818660911,-0.039020060350922613,0.039384678287946867,0.28069437890790988,-0.13263594431946832,0.20922341478702489,-0.071136223057680942,0,-0.2630084069772905,-1.3543254528651383,-0.55265636843419175,-1.2303210571193515,30.681023568490623,-1.2225534455674436,-0.42960109701419091,0.023407625370104542,0.061734694822142465,2.089343729430392,0.96663712803896051,0.67766109027295318,-0.11483743761908388,-0.68289393467674642,-0.017457298610902713,-0.013575366192129559,0,0
2021-04-17 03:00:00,103.35317891319526,110.04370168754018,0.1555732239142828,-14.260377617554317,-0.083429293645164548,-0.022368790865099526,-0.0012438212076986092,-0.0067609584480485263,-0.016046354721014389,-0.0027313917152725835,0.16775561444541925,-0.10225192355356061,0.18402836111502735,-0.14456989468186043,0,-0.27616550858314082,-4.1127112937620511,-0.49007711210654081,0.29966119205637948,27.990788016159097,-1.0042570216861482,-0.2348305672863028,-0.22645514610628162,-0.010851698169007194,-0.72739205366166992,-0.014773517579546791,0.21923092628650162,0.058212531361575517,-0.61588159433728462,-0.017457298610902713,-0.014094232712505889,0,0
2021-04-17 04:00:00,103.35317891319526,104.32905583621232,0.30089502349168018,-9.2795375450204709,-0.092691768765945953,-0.017687512947488177,-0.0077809860996915729,-0.0056115767991929679,-0.013541111241792525,-0.076767659988187006,0.33075089210232911,-0.10514205509250524,0.26138355018102788,-0.13042955809824622,0,-0.29395283612170275,-4.4266305422539842,-0.32699706826143793,-1.640938509732387,21.350438087659001,-1.1353207403058434,-0.60773906247374609,-0.2391297349519497,-0.27956808953907553,-0.61559921558768227,-1.3844647917135002,0.61937309141618746,-0.31674394137302503,-0.8701398124119466,-0.01030436859235774,-0.010245234461069296,0,0
2021-04-17 05:00:00,103.35317891319526,104.7115555496855,-0.087703059286938709,-11.870492169989202,-0.081090724509542508,-0.1549911198893984,-0.0060288693428231545,-0.0070187659890983073,-0.012026262610115504,-0.073178607441461055,0.40934831160671203,-0.1120881066316438,0.22156527681560947,-0.24771362293419757,0,-0.20948313361831766,-1.3528875748036817,-0.36050105996752535,-0.97086191482580619,21.045780209684665,-1.4642214219752367,-0.47652647250623531,0.55019122759137773,-0.33925593798240716,-1.188959324156192,-1.3781206398728356,0.66359906845821326,-0.18367006079794856,-0.93473900548237221,-0.01030436859235774,-0.010245234461069296,0,0
2021-04-17 06:00:00,103.35317891319526,111.4731405256131,1.5051529364222671,-6.9987174014660187,-0.08986261718375621,-0.10300243325389297,-0.0025607318595202702,-0.011847880303569838,-0.014051652287392784,0.038164397822609185,0.24477438300718785,-0.10919797509269916,0.17687748339365475,0.22243421796544369,0,-0.29045598573995163,-4.757903127522046,-0.4483228672619205,-0.95483274444687471,20.102284536191803,-0.74212184769326695,-0.46078245126329354,0.18351952617769898,0.041751482255842451,-0.95512888957201603,1.5095863403959586,0.83665791129687872,0.37597811107610124,-1.1574451377061969,-0.01030436859235774,-0.01068160234289903,0,0
2021-04-17 07:00:00,103.35317891319526,139.24759966889101,1.9961683092402569,13.329490084862185,-0.0819634718383562,-0.28978382732290409,-0.012459608851415324,-0.091386622826893554,-0.011973257051962297,-0.065550080695496019,0.52717055549227698,-0.016703532936202595,0.17933397007335022,-0.23671338645798592,0,0.379466585708919,-0.48750678835424022,-0.87330800474160486,-1.3350461104814704,18.458318242941093,-0.8444230851999539,4.4219656378315282,0.87629858133752248,0.32846042049850904,3.1037607385803048,-2.3347143943295663,0.67057701082097099,-0.30736721608106793,-1.3604413417080008,-0.017457298610902713,-0.0097913542030673636,0,0
2021-04-17 08:00:00,103.35317891319526,23.525670682177779,2.3439934341349455,9.1871422594152445,-0.22702928219059368,-0.16856755430607628,-0.0077809860996915729,-0.0074350343167127516,-0.018207844390478883,-0.048656871526388847,0.37147618203468225,0.1139896131104185,0.33553598455604694,-0.28593109286407431,0,-0.19322308365191204,-3.362445478499851,-0.41024939056410564,-0.68842236475542262,-78.257087646163782,-0.51454669129010089,-1.329270067005645,-0.41728186018463054,-0.65493542053222331,0.029765899388091245,-2.9691512736700485,-1.0452755499144655,0.21553599683257954,-1.7813618300787506,-0.026958523454055458,-0.011129755030362863,0,0
2021-04-17 09:00:00,103.35317891319526,24.230769124308132,0.30983714247923033,8.4729596474876079,-0.20749468994739306,-0.022368790865099526,-0.0060288693428231545,-0.0042677611301641816,-0.036600548398375697,-0.046104844807497249,0.22258683258917436,0.12684548546305521,0.43945098102883451,0.19557480708904684,0,-0.23815331035112444,-3.4120135186987146,-0.46725390803571049,-0.72918765905733152,-80.301349947578188,-0.20405791023544359,-1.1749443238946604,0.4982699254905309,-0.11404989216742342,-0.25174234621581631,-0.72640748200258709,-0.28015396320104213,0.27144033548689017,-1.3901751163619456,-0.026958523454055458,-0.020061540255877277,0,0
2021-04-17 10:00:00,103.35317891319526,24.40335698985977,0.2134882616519003,8.7010697122662535,-0.18077852325339869,-0.022368790865099526,-0.0058776831848288535,-0.0048963988973747992,-0.036040639505747464,-0.016020218043316516,0.12883921372635329,0.13499722605102935,0.438509782789539,0.13826879103002301,0,-0.24720433678536685,-2.9041862076488614,-0.50083171615338518,-0.68766084157989948,-81.221206456932592,-0.161407917129401,-0.67635242936528561,1.2292171743850207,-0.2466978873343664,-0.43057225433952073,-0.37937795832857962,-0.88712400074208153,-0.077345285219435234,-1.2012424762168994,-0.026958523454055458,-0.020061540255877277,0,0
2021-04-17 11:00:00,103.35317891319526,25.00859580355425,0.14186692885310193,8.4727033386316339,-0.18077852325339869,-0.022368790865099526,-0.0058776831848288535,-0.0048963988973747992,-0.036040639505747464,-0.016020218043316516,0.12696728282303182,0.13499722605102935,0.62239221802073952,0.13826879103002301,0,-0.24987731891440668,-2.8946193862791643,-0.46503942783977592,-0.53971730924044281,-80.286876320996654,-0.18595097097315355,-0.67189717459225262,0.52672444091956627,-0.053249065008760657,-0.33151478682647406,-0.34023732062427636,-0.91305697567851551,-0.078242715207870864,-1.185222246328449,-0.026958523454055458,-0.020061540255877277,0,0
2021-04-17 12:00:00,103.35317891319526,27.595846798193811,-1.1054516839509128,-4.8886032998556139,0.031359796279969744,-0.02608072621741447,-0.0059198959431191554,-0.0025977885234175439,-0.036600548398375697,-0.015194144796595968,0.14457900137031462,0.12812152223313814,0.39014383451632156,0.082082708998071824,0,-0.22706113022003371,-2.0370467471951774,-0.32524678646435951,-0.018792165558819983,-66.62429823871544,-0.12085254820841634,-0.95209723104648991,0.60142790261375667,-0.040080131174963028,-0.61495616418191257,2.2635449680423774,-0.1997102693307036,-0.072697563237743346,-2.0564249087782303,-0.0088183370016394168,-0.020061540255877277,0,0
2021-04-17 13:00:00,103.35317891319526,23.46300189014211,-0.20574123754554183,8.347067285104302,-0.20624466353830634,-0.022368790865099526,-0.0061754774797520545,-0.0044409981289851861,-0.018635605194723806,-0.014132014444379922,0.13472958379463945,0.1551310102872123,0.48462336288214086,0.17419164916487195,0,-0.22067990856214681,-2.9056592964160313,-0.50075005707177533,-0.54724497895804902,-80.441085172339896,-0.17318817567140507,-0.68724983118303884,-0.29216072011149852,-0.097130167173473891,-0.54399373046747268,-0.27427073938075947,-0.89635727566768242,-0.055387777133572604,-1.0374180860309159,-0.026958523454055458,-0.0086466874676044709,0,0
2021-04-17 14:00:00,103.35317891319526,23.558314260170565,-0.37361830367563592,7.6089513111835068,-0.15594391568354773,-0.026959047403517938,-0.0061754774797520545,-0.0037726592006571301,-0.012785258547799043,-0.015923025449795722,0.10577320965376606,0.20546525231929619,0.72925104029279486,0.10602629329243075,0,-0.23014844375509644,-2.8493728547965018,-0.44386161718164097,-0.45602606668824597,-76.978563413077751,-0.56238652381965382,-0.50656155108817602,-3.3709815472275926,0.035666359681506762,-0.41824855420176899,-0.31042594876042123,-0.8746992122616295,-0.05122598877777744,-0.91564440540601966,-0.014027617497252703,-0.0086466874676044709,0,0
2021-04-17 15:00:00,103.35317891319526,31.162610735585773,-1.7356338082533227,8.1913947213027551,-0.16692097693882801,-0.030670982755832882,-0.0029760453373262451,-0.0040622199749616745,-0.012320039919593944,-0.019115636304144614,0.16734439730616632,0.43277861585501226,0.5369735248533003,0.08500225002385875,0,0.6449953368997563,-2.8466382309028968,-0.37184009060450229,0.64462621980242796,-74.455674994315658,-0.49897964007516943,5.0707436999800004,-3.3978857445313229,-0.74885177693839988,-0.35175207191121782,-0.56763091435008073,-0.74938703838822829,-0.060911397901358785,-1.9254234838567719,-0.0091051629054565639,-0.0086466874676044709,0,0
2021-04-17 16:00:00,103.35317891319526,26.242061101120619,-0.68701676635723885,7.9406473462080234,-0.22266242205754311,-0.022277769485906589,-0.0076720126999875755,-0.0037030036586330082,-0.012921659092595923,-0.055822253210998492,0.25776352242580491,0.51531962760203209,0.7748316397456031,0.11133706509634551,0,0.31380868356825858,-3.3942595103870215,-0.45271174938213976,-0.60957826629222611,-76.745472937121662,-0.19781586445833207,1.9868940938705297,-3.4921089815515587,-0.018110632375028853,-0.22770524101207673,-1.024190613451087,-0.06351462484760971,-0.055254380513239269,-1.7011692522630932,-0.0091051629054565639,-0.0086466874676044709,0,0
2021-04-17 17:00:00,103.35317891319526,27.659815872371237,-0.39137614887338185,5.1521889857767951,-0.17526069094333485,-0.026959047403517938,-0.0061754774797520545,-0.0097734530950235043,-0.011705970662494899,-0.017489498609739779,0.19605222062121139,0.43277861585501226,0.34754523182631802,0.078285985599752986,0,-0.3724659397806,-2.7395805135659859,-0.44407549666023594,-0.7012236678127669,-73.641263515115753,-0.19556304661937335,3.88148945675173,-3.0504005868954644,-0.11740782255302963,-0.47004253001228818,-0.59199263772768762,-1.4361655960697128,-0.05075283698046195,-1.3172576661462565,-0.0061247067801945311,-0.0086466874676044709,0,0
2021-04-17 18:00:00,103.35317891319526,26.875571988827527,-0.53389361443255767,4.4713241107681956,-0.17852067432744145,-0.026959047403517938,-0.0030568406183178903,-0.0082688270639044003,-0.012320039919593944,-0.014143817099891624,0.15879861448166346,0.50275877250996037,0.41752660691019639,0.090183787014497391,0,-0.29430957674862784,-2.7190938631568451,-0.43884696323338357,-0.70422222699760695,-73.706565083730737,-0.17613192728892976,3.0025416272604657,-2.6460296656127875,-0.091241475550223633,-0.43635338781208888,-0.44826665418759387,-1.1936507797435889,-0.049880282050580566,-1.4241625885145541,-0.0061247067801945311,-0.0086984010395914253,0,0
2021-04-17 19:00:00,103.35317891319526,31.173011379077973,-0.28206385916258858,-4.2488768756979782,-0.2018259308417838,-0.025989704838221533,-0.0071117862261727413,-0.0012499109270968835,-0.012921659092595923,-0.057444082713078583,0.21765321679512997,0.56068224625932361,0.70574111463361244,0.092484676155720799,0,0.393116280050473,-2.5657464619107362,-0.30433468178326967,-0.68022941524359581,-65.98358140328051,-0.26012648112868864,4.9514386710849028,-1.8762561753886762,-0.062209514239431433,-0.50969270718837856,-0.8202478685670388,0.66723826833931399,-0.057174423454059098,-1.7981039331966409,-0.0046367315154010845,-0.0086984010395914253,0,0
2021-04-17 20:00:00,103.35317891319526,26.941614869716787,-0.61161601558661238,-6.106576186560611,-0.17953111342999609,-0.026959047403517938,-0.0030568406183178903,6.0845363321088402e-05,-0.012320039919593944,-0.014720304491037289,0.15939581495024305,0.50275877250996037,0.37853393901501109,0.066320069469082449,0,-0.39910952631273539,-1.7361193095256331,-0.26577194739402277,-0.61268920636839297,-65.25858361551056,-0.39631871766671461,2.8875446128737869,-1.4581098500863596,0.058677368078746357,-0.49260653588203535,-0.38319893233356572,-1.0917479368185379,-0.045180889693926453,-1.3558163423164629,-0.0061247067801945311,-0.0086984010395914253,0,0
2021-04-17 21:00:00,103.35317891319526,27.700063637900318,-0.90897182168127577,-6.1873371319919839,-0.12609777262381752,-0.026959047403517938,-0.0030568406183178903,6.0845363321088402e-05,-0.012320039919593944,-0.014720304491037289,0.15061247964441804,0.50275877250996037,0.62527016021522674,0.065260533539295465,0,-0.37750365125867219,-1.7271320535222683,-0.23185610883848473,-0.0026084453276459417,-65.179639834144908,-0.67216100360300357,2.7017281260686392,-1.3734116905265665,0.054343116555936134,-0.14651837346179297,-0.3412214924820472,-1.0925758471780349,-0.046581890838981281,-1.2676528514597813,-0.0061247067801945311,-0.0086984010395914253,0,0
2021-04-17 22:00:00,103.35317891319526,23.458153264181966,-0.73746018306412142,-5.8935756955147376,-0.17163207482858994,-0.025989704838221533,-0.0076720126999875755,0.00042006167964975439,-0.013515987621511804,-0.05804549623402689,0.19532740458236952,0.33905008994299346,0.75480936153967559,0.08174248029679379,0,-0.30051718067886246,-2.2187290414730576,-0.28731798136686143,-0.12049423260343264,-66.07328452997605,-0.63398103609833023,0.072271318637625662,-1.8833427880578482,-0.15517706585468191,-0.84522063376495926,-0.57052401935867503,0.042429999512968906,-0.057928052067246091,-1.3133335165489959,-0.0046367315154010845,-0.0086984010395914253,0,0
2021-04-17 23:00:00,103.35317891319526,26.587785271840215,-0.57270481558112774,-4.3335045878291965,-0.23493571164782714,-0.026959047403517938,-0.0061754774797520545,0.00035040613762563283,-0.013399327804898088,-0.017276396489154411,0.12796136735065983,0.27688597646536572,0.74469722604291522,0.076215262876556042,0,0.066093721552454687,-1.746518430211071,-0.28939114180903996,-0.68674592223796371,-65.204454861506676,-0.47391414361108458,-0.77667788358300593,-1.867141511071075,0.35686649707537177,-0.53457138611525479,-0.052097923904367717,-0.67321208490413331,-0.049122758016478058,-0.84083757983033558,-0.0061247067801945311,-0.0086984010395914253,0,0
2021-04-18 00:00:00,103.35317891319526,31.434276092017825,-0.29979868505035207,-11.339335214636211,-0.69117594247589964,-0.026959047403517938,-0.0065561250338219274,6.0845363321088402e-05,-0.012914368448509825,-0.014664093581838194,0.11673434210512711,-0.17189177170816511,-3.4123663641977835,0.036481640744333042,0,-0.12806952564630694,-1.4765472794081063,-0.37451700541523925,-0.92452802196237527,-47.10726826089833,-0.44786767076792661,-0.59942450447005202,-1.8793319614708883,0.14412558249330179,-0.42772422292081402,-0.4804017916591532,-1.2096799170222012,-0.059994252177976382,-1.1085678973818429,-0.0061247067801945311,-0.010596601365948533,0,0
2021-04-18 01:00:00,103.35317891319526,21.910731166224721,0.14601984654242955,-5.5432732540134735,-0.23790863739475246,-0.016658149182500737,-0.0072296541964413132,6.0845363321088402e-05,-0.011262322323425831,-0.014757587141378608,0.0959689559379788,-0.20918913345093415,-2.2866655842868289,0.032635349199784849,0,-1.0929012306162935,-1.6544310198364376,-0.34513018158176073,-0.84975943997139747,-65.915203378116743,-0.89985958296749802,2.983786721604385,-1.7035984999007561,-0.26769497632425732,-0.44760750214277328,-0.47741375770903915,-1.4892316253918105,-0.049396706112931787,-1.1629150488689326,-0.0061247067801945311,-0.012707487307701184,0,0
2021-04-18 02:00:00,103.35317891319526,24.549231341847211,-0.19348543307520866,-5.9921817246013251,-0.10096891743573568,-0.030670982755832882,-0.010748086530847042,0.00042006167964975439,-0.012921659092595923,-0.058967229668913788,0.18311217168274066,-0.23471968839705817,-1.4098068122449332,0.088560406455405402,0,-0.6146121490885128,-1.3366131263100824,-2.560452644592512,-0.31181909434640204,-65.77609728865113,-0.41144134732481974,4.1178627467200348,-1.76166994742909,0.050389075379505065,-0.7846897786334347,-0.8897230241781281,0.82346745158265011,-0.054151379885999634,-1.5071960627856527,-0.0061247067801945311,-0.0086984010395914253,0,0
2021-04-18 03:00:00,103.35317891319526,15.721700989493238,-0.2655802703874694,-5.7948480335784165,-0.1249333515029851,-0.016658149182500737,-0.010794692310792416,0.00035040613762563283,-0.013006312896262725,-0.018270916031883883,0.057242671601431802,-0.167680270047183,-2.2201255273312239,-0.012290470643954512,0,-1.4552972123145962,-1.6543356704476238,-0.39245645914540911,-1.1875151739267145,-67.371520999120818,-0.5377334678656368,-1.0873222346762212,-1.7992471159536547,-0.36150216126431006,-0.45131094123370691,-0.55347082531309677,-1.0478365333055433,-0.069230531216360733,-1.0612805739246716,-0.0061247067801945311,-0.0086984010395914253,0,0
2021-04-18 04:00:00,103.35317891319526,16.434500492824327,0.0032557793729352572,-5.7906359504146927,-0.059499759187793225,-0.016658149182500737,-0.010794692310792416,0.00035040613762563283,-0.012702016559653747,-0.019116811786991643,0.016809681290530488,-0.13428973833033944,-2.2312494426590788,-0.017845162842385409,0,-1.07992434136742,-1.6601714155649225,-1.5142332111677197,-0.2550444205359832,-67.203592557738716,-0.73246517408028078,-0.92853239809579413,-1.6628952903812237,-0.31822337974965859,-0.22566514697177414,-0.5088890567133747,-1.1715475076206825,-0.074659898133239713,-1.2977065541481336,-0.0061247067801945311,-0.0066275048484806228,0,0
2021-04-18 05:00:00,103.35317891319526,26.615152464084691,3.8128873559871175,-6.0517468968160673,-0.097887996597577062,-0.28978382732290409,-0.0036659608120925826,0.0003809760618788704,-0.013273375162244971,-0.0051295815681524151,0.077044844556481834,-0.1376883162689731,-1.5006815094797015,0.0043002105734507648,0,-0.44761772158504376,-1.0201862913306377,-2.3323103096732138,-0.18095154547611123,-62.423455955840616,-0.76204295829931734,-1.3164579428952567,-1.5715028309021757,-0.0038998731134957483,-0.67148774952177293,1.102767290953615,-0.49302599594420976,-0.059722025242144976,-2.3401362517626332,-0.0061247067801945311,-0.0066275048484806228,0,0
2021-04-18 06:00:00,103.35317891319526,20.345818999670136,1.8585923557890727,-3.8298476129827095,-0.073620149889655775,-0.077759714468737764,-0.010794692310792416,-0.0016324691698012552,-0.011852160904699861,-0.017733886327627537,0.059128740504695597,-0.16667252575563049,-1.9073955020135924,0.018944601936036299,0,-1.3449205416890542,-1.8653992669687582,-0.44654991589953558,-1.1473431929108726,-67.379507373539766,-1.0749254391947036,-1.039317552247889,-1.6681363289715898,0.99332655070815146,-0.66743864846973511,-0.38905006104365825,-1.3235031332757188,-0.060491906391389079,-1.4207078764082974,-0.0061247067801945311,-0.0066275048484806228,0,0
2021-04-18 07:00:00,103.35317891319526,18.100208765197895,1.2613602234459698,5.1876440841056493,-0.052656769019941575,-0.077759714468737764,-0.010794692310792416,-0.0097967950213992093,-0.012080637803091323,-0.017786840861538023,0.021922698379698534,-0.1233006340771977,-2.1579958235564485,-0.0045040209488104391,0,-0.93967005939620873,-2.4860462446520342,-1.8155782679656789,-0.31480340559941855,-74.817524978487327,-0.56167210116308419,-1.0239782032410782,-2.8872614259926985,-0.64825769014751433,-0.25144139871742605,-0.46988304832921746,-1.3959637401492653,-0.071213526614664194,-1.5612266373483943,-0.0061247067801945311,-0.0065757912764936683,0,0
2021-04-18 08:00:00,103.35317891319526,33.495660520528205,3.8430455956880976,8.506473692325299,0.013746563492302896,-0.077759714468737764,-0.0038128192324269269,-0.0040622199749616745,-0.011284997938970441,-0.0030640071053262231,0.057733658256279234,-0.15414918013621196,-0.98652735787314016,0.04305048369771345,0,-2.1706731739113354,-2.5772207749116762,-2.6283218691296883,0.39103016478544211,-74.302698203928287,-0.4841374515191027,4.6224339220369313,-3.0231923347866885,0.77748335872371133,-0.16126391571232268,1.8980291688410877,-1.1933660111706537,-0.05066926404498992,-2.1577382958954998,-0.014027617497252703,-0.0065757912764936683,0,0
2021-04-18 09:00:00,103.35317891319526,27.326143880727674,-0.53627613074669778,8.1289361868357624,-0.098617386820969558,-0.016658149182500737,-0.011311795505052609,-0.0037030036586330082,-0.012478010753526855,-0.017448525578709285,0.13340104383340237,-0.1662307713461347,-1.1273550351926434,0.048741022170861882,0,-0.62156006167923061,-2.2984356051988679,-1.5063624468836143,-0.61716560740452076,-76.507647574323556,-0.5680646786802328,4.5747324171643644,-3.3123460772889866,-0.24982177832711602,-0.27957404525382851,-0.45426237262267982,0.85256634702637601,-0.059467980491664962,-1.2828731621860308,-0.0091051629054565639,-0.0086466874676044709,0,0
2021-04-18 10:00:00,103.35317891319526,22.504743468909087,0.010027041290477177,7.9999114431587017,-0.084086273068274459,-0.016658149182500737,-0.0065992952014931518,-0.0040622199749616745,-0.011262322323425831,-0.012392636899253228,0.058768077764218017,-0.16376563687467069,-1.3612631192865947,0.064806173011131452,0,-0.96238172605682393,-2.8474021438042971,-1.1807262123549018,-0.78112279125165451,-76.977746693767415,-0.57803840782485827,3.3362661881342421,-3.1196360849479072,-0.037983851450697159,-0.4970197733687251,-0.70145978095856942,-1.7769640795445827,-0.05558464920648655,-1.1193842153318943,-0.014027617497252703,-0.0086466874676044709,0,0
2021-04-18 11:00:00,103.35317891319526,26.413918382418018,0.41575058400932458,8.02226879911567,-0.084962541371895642,-0.018444792480648495,-0.0026741679549019287,-0.0040622199749616745,-0.011876391580524876,-0.014886550164290665,0.044783617994550405,-0.16376563687467069,-1.2270572411880878,0.046523511476415251,0,-0.79259860669470905,-2.7456169627404883,-2.68742975603053,0.27080752676672509,-75.821969889328074,-0.39783549952292974,4.2626335895442038,-3.1868783937681928,-0.7559155615612535,-0.28237780897960896,1.0684984021011856,-1.1324384668036509,-0.063108478003466098,-1.6588757463892061,-0.0091051629054565639,-0.0086466874676044709,0,0
2021-04-18 12:00:00,103.35317891319526,23.678778622014182,-0.39532644047721383,-4.2963205555269397,-0.086411028765232878,-0.016658149182500737,-0.010742920866461647,-0.0023922473682150367,-0.011876391580524876,-0.055383100527229771,0.065612180988251584,-0.16070365668515549,-1.2763195616604479,0.055081455712368242,0,-0.52743135752797121,-1.5513624110348998,-1.567134255185533,-0.56386721525317829,-67.43435460512147,-0.41705442660379505,3.990400136757851,-1.9963453746687936,-0.58351740700999355,-0.2056864812296495,-0.61736758591662411,-0.75908342265425732,-0.056920406465124078,-1.1799516443451508,-0.0046367315154010845,-0.0086466874676044709,0,0
2021-04-18 13:00:00,103.35317891319526,22.610875926794865,-0.17897442888106568,7.866368395125658,-0.086411028765232878,-0.016658149182500737,-0.0065992952014931518,-0.0040622199749616745,-0.011876391580524876,-0.012392636899253228,0.058768077764218017,-0.16376563687467069,-1.2054767730449767,0.066757053306944911,0,-0.9539621467240289,-2.8034404569919853,-1.5171512892145658,-0.66742530191661953,-76.963055966173243,-0.48293007622639811,3.3502227675938774,-3.1167795113153747,-0.13134242980973562,-0.52840497860017865,-0.48245931631527611,-1.7352917738006555,-0.055637507270899965,-0.93764766046255088,-0.014027617497252703,-0.0086466874676044709,0,0
2021-04-18 14:00:00,103.35317891319526,23.126168874587837,-0.49023851656806711,7.8808070831067241,-0.082680547048992456,-0.016658149182500737,-0.0065992952014931518,-0.0040622199749616745,-0.011876391580524876,-0.012392636899253228,0.056944387419999305,-0.16376563687467069,-1.1898974726082108,0.10127879271533598,0,-0.9411428757269209,-2.7468404120514691,-1.8869155631054406,-0.18407374927249659,-76.841984984388304,-0.38420767978465392,3.3276020788186438,-3.093952537065618,-0.05285285526438914,-0.25827964188768243,-0.4483819395062672,-1.7284343023719679,-0.053284398025376378,-0.97244627131390027,-0.014027617497252703,-0.0086466874676044709,0,0
2021-04-18 15:00:00,103.35317891319526,24.891329544104369,-0.62612201623788988,8.1872290417704789,-0.099093066130922974,-0.025989704838221533,-0.010187860057032207,-0.0037030036586330082,-0.012921659092595923,-0.054535354651097122,0.17122742708214472,-0.21185544971397932,-1.3953047775862788,0.11704362171673321,0,-0.58839939851989953,-2.4483815360727927,-2.55171118222371,-0.31710067817305787,-76.631866060177174,-0.34535668624931931,4.6939453277175707,-3.4209998660418606,-0.20769211656297085,-0.8621590359704977,-1.0721343683584768,0.76785740018760007,-0.069591486659063354,-1.426295030216769,-0.0091051629054565639,-0.0086466874676044709,0,0
2021-04-18 16:00:00,103.35317891319526,24.787737677694899,-0.33193100502997192,8.2248325592458382,-0.10427877852313233,-0.016658149182500737,-0.0065992952014931518,-0.0040622199749616745,-0.011876391580524876,-0.01168291250225839,0.14967675044997131,-0.16630704491848822,-1.0622100851511467,0.088941907450265478,0,-1.2880150337747474,-2.7544577992874775,-0.45414926693598617,-0.68929892650129776,-76.75415915782493,-0.67602337489238262,4.1467872128948855,-3.1040052683058672,0.038976648870246891,-0.49886548861801705,-0.48719736533262303,-1.6898872824505144,-0.059728416144024521,-1.0205887473142228,-0.014027617497252703,-0.0086466874676044709,0,0
2021-04-18 17:00:00,103.35317891319526,23.836706665464263,-0.39146711258845118,5.1405126782649742,-0.082680547048992456,-0.016658149182500737,-0.0065992952014931518,-0.0097734530950235043,-0.011876391580524876,-0.013959110059197288,0.057516824374525218,-0.16076226494543275,-1.1665411732733018,0.080828761764408952,0,-0.9640728013468236,-2.6259472398353485,-1.7334195726264996,-0.35503976015583794,-74.438200998168753,-0.39525047785118578,3.3412383103510535,-2.7053254285534365,0.18666780455494533,-0.26025563024176457,-0.47047897993529519,-1.482080137493488,-0.053035617854826064,-0.9650410917548341,-0.0061247067801945311,-0.0086466874676044709,0,0
2021-04-18 18:00:00,103.35317891319526,16.248758799573753,-0.42627381599432373,4.7080471767225713,-0.087719494402244413,-0.025989704838221533,-0.010748086530847042,-0.0073506285223892374,-0.014532637685405948,-0.056783523803928183,0.089214243316445382,-0.12813041920422358,-2.4642539911193504,0.097310708521907249,0,-0.24964087042619271,-2.2825093535482868,-1.8295229075663684,-0.74461186378792366,-75.596721021054961,-0.37396971717265376,-1.1940824047135565,-2.990640943334026,-0.31346214502316694,-1.0931145519851981,-0.6832542815053414,-0.10705183549769448,-0.070844393739590297,-1.2344485181714788,-0.0046367315154010845,-0.0086984010395914253,0,0
2021-04-18 19:00:00,103.35317891319526,18.005961324973804,0.099515436958077644,-3.8784638854454077,-0.093264952294835599,-0.016658149182500737,-0.0072296541964413132,-0.0013195664691210054,-0.012637822771854677,-0.014582837996399435,0.056464150741392653,-0.16738481927822585,-2.0010625481314852,0.070089518509640722,0,-0.90141837153563431,-1.8798121531778034,-0.45377600143643576,-1.0534932618705914,-69.101576685148785,-0.72335426779228085,-0.99065167789872222,-1.6954018458477027,0.10772037719552723,-0.49051336645907356,-0.34759045999166838,-0.90829574258843782,-0.059441052075149645,-0.86825484221757676,-0.0061247067801945311,-0.0086984010395914253,0,0
2021-04-18 20:00:00,103.35317891319526,17.920630574439684,-0.28532438660739284,-5.762821906461518,-0.063313263943242284,-0.016658149182500737,-0.0072296541964413132,0.00035040613762563283,-0.012023753514755632,-0.015212279921455582,0.01682575510324795,-0.13399428756138229,-2.3576232946247728,0.04506724280424964,0,-0.63916698117071902,-1.6488668749397934,-0.90884961510762408,-0.68507501537879179,-67.093679293052546,-0.66903420859212126,-0.92182195226318042,-1.6592243297606586,-0.12250915486831976,-0.23834495730201219,-0.4833758037330097,-0.86082707797094538,-0.066248999991796814,-0.82874339483570247,-0.0061247067801945311,-0.0086984010395914253,0,0
2021-04-18 21:00:00,103.35317891319526,26.712013931415704,-1.3555578411521476,-6.0702604945863179,-0.14889081942532451,-0.018444792480648495,-0.0037112126994425492,0.00042006167964975439,-0.012478010753526855,-0.018142812939170416,0.11312984645761942,-0.17627073956800135,-1.1068527283896918,0.044832094813080904,0,-0.6743652749240111,-1.289415033343347,-1.4840549254287052,-0.012499194703037748,-64.804550027901257,-0.66212050919111154,4.2310201186980239,-1.736021197664523,-0.55590176470999642,-0.37601778909037242,-0.062577186993346967,1.2026671951710679,-0.068354277222054907,-1.5834125328778514,-0.0046367315154010845,-0.0086984010395914253,0,0
2021-04-18 22:00:00,103.35317891319526,17.17111754478012,-0.38159941498236266,-5.7771394357369878,-0.070303729043589377,-0.016658149182500737,-0.010949052179479678,6.0845363321088402e-05,-0.012152863415466411,-0.057575836803281745,0.046713114384266521,-0.12376610580656734,-2.2558805279469127,0.080188645620927729,0,-0.42684971701176766,-1.6121234945456275,-0.90429666410333853,-1.061465150850587,-67.053906346085498,-0.69836068115293559,-0.58995275575558448,-1.7783011773590496,-0.48054453374536404,-0.24650442548697765,-0.39088528977940518,-1.3660998436792453,-0.068833411878951034,-0.91154023469698997,-0.0046367315154010845,-0.0086984010395914253,0,0
2021-04-18 23:00:00,103.35317891319526,17.616876957056494,-0.13196266866119433,-5.2809939768390119,-0.078860931037142076,-0.016658149182500737,-0.0072296541964413132,6.0845363321088402e-05,-0.011538794158367368,-0.015387029066434755,0.034841599433609025,-0.13525775359801345,-3.0526316632811077,0.057061341932282399,0,-0.64666984665570948,-1.662934593662067,-0.61332189079970312,-1.1353733059089803,-66.883300670100226,-0.72200328287185123,-0.49697590831156724,-1.7198768182028548,-0.16381565998150513,-0.47155686587717272,-0.37998211892803729,-1.3011838540361831,-0.066054340646351892,-0.81987285904558616,-0.0061247067801945311,-0.0086984010395914253,0,0
2021-04-19 00:00:00,103.35317891319526,42.543421622072906,-0.55302165728188291,-10.639031998102421,-0.75393830214676782,0.0071001947335249047,0.049681788804850427,6.0845363321088402e-05,-0.011876391580524876,-0.0196655685046053,0.090781878248412676,-0.1757986017340907,0.81873961737040912,0.013482437357199476,0,-0.66620932960398138,-1.5886350235202202,-1.4894736451293169,0.32010833185726462,-44.314652094563847,-0.52868975597790924,2.3039655610901519,-1.5617323094598241,-0.47884944753699693,-0.19151657211163842,1.9936737480087712,-1.7079882417100549,-0.061787516777509231,-1.6492519053333232,-0.0046367315154010845,-0.010596601365948533,0,0
2021-04-19 01:00:00,103.35317891319526,27.222554927153254,-0.10632858648355577,-4.0299303053582181,-0.34873629005104806,0.0071001947335249047,0.12230007039932461,6.0845363321088402e-05,-0.011876391580524876,-0.014116151557877378,0.089729720330203558,-0.1757986017340907,0.81496553409271533,0.014137140015072025,0,-0.75003508604836366,-1.7156397287813729,-1.8929736115700542,0.082958285375883178,-64.578780021702215,-0.61523429364769355,2.0900884209937467,-1.6119329561843934,-0.35208275468146244,-0.38877762916068292,-0.014325216241875603,-1.5047383502397,-0.043826295477215838,-1.179487708022174,-0.0046367315154010845,-0.012707487307701184,0,0
2021-04-19 02:00:00,103.35317891319526,26.609191629052379,-0.13753429933729072,-6.1443225471453626,-0.12700281868586483,0.011077579111373109,0.1508829164330891,0.00042006167964975439,-0.012921659092595923,-0.054770681372972037,0.19194498404311588,-0.23471968839705817,0.48441815341837885,0.072161487543394437,0,-0.7384707519369218,-1.1834597260828568,-2.4246466912121254,0.047897347637915012,-65.094283433908672,-0.65151474848933133,3.396509680028565,-1.747634607934154,-0.14624206543649393,-0.77721846981988185,-0.97656009004991218,0.98123660910808097,-0.05332601515550911,-1.5625726765342522,-0.0046367315154010845,-0.0086984010395914253,0,0
2021-04-19 03:00:00,103.35317891319526,22.250986318662029,-0.52556737732268666,-6.2652343846756491,-0.12500191545257494,0.0071001947335249047,0.20480954688221029,6.0845363321088402e-05,-0.011876391580524876,-0.014844593292885925,0.10603963315459564,-0.20713752855310352,0.45766859819492473,0.029748034382107956,0,-1.6228144816557262,-1.7094012800674701,-0.3198062508371825,-0.75816306354022045,-65.687432200565979,-1.1933100819161595,2.2780020950257138,-1.697587229169665,-0.056324102093977153,-0.55813094210056224,-0.63478863152849574,-1.5781500985072023,-0.044389653749058851,-1.1608382278404541,-0.0061247067801945311,-0.0086984010395914253,0,0
2021-04-19 04:00:00,103.35317891319526,22.935998352734064,-0.17942930497131018,-6.091905527833946,-0.10643652000876656,0.0071001947335249047,0.20480954688221029,6.0845363321088402e-05,-0.011712108469932484,-0.015474035217942073,0.058668068306623557,-0.17374699683626008,0.38196487672680907,0.026998399353249401,0,-1.3121055926002045,-1.7125490081669694,-1.8365388565138701,0.14360524850168507,-65.568207684263072,-0.69382685813540979,1.9843654417893861,-1.6165560662882839,-0.09699075158736048,-0.16666587610426697,-0.45685055129680829,-1.7001642328475026,-0.044846084695978242,-1.427994914651207,-0.0061247067801945311,-0.0066275048484806228,0,0
2021-04-19 05:00:00,103.35317891319526,24.42594131252946,2.1384278769968912,-6.0247749571718323,-0.075336200528435565,0.095568628902274425,0.15302605996060104,3.7503436945382691e-05,-0.012680778808102752,-0.014180680602894602,0.095925117106433949,-0.12425488493280272,0.64076197927391887,-0.009212608877725759,0,-0.13775073753277309,-1.4287847719613731,-2.4438583500141036,0.024266564586172011,-64.809101404325688,-0.71559547898582243,-1.2032694647604618,-1.6345363601781258,0.59677972205922325,-0.92565729365692495,-0.1221721714033156,-1.0980248400486476,-0.061912142151757915,-1.8196636906834345,-0.0046367315154010845,-0.0066275048484806228,0,0
2021-04-19 06:00:00,103.35317891319526,22.69529905757993,1.3154898903639038,-3.9904899428512621,-0.093328374767215797,0.033143484855527566,0.20480954688221029,-0.0016324691698012552,-0.011852160904699861,-0.014091109758577964,0.084784250969359834,-0.16667252575563049,0.59433560769833871,0.020212811476848912,0,-1.5851765046395752,-1.9309204938847222,-0.36218820058850826,-0.86642928351994597,-66.951427631135857,-1.0564286907374414,-0.6747199168848067,-1.6655598193690548,0.16860164010555698,-0.70323969124398289,-0.30012410416250263,-1.2734929006007421,-0.049207451645942063,-1.3695236047178994,-0.0061247067801945311,-0.0066275048484806228,0,0
2021-04-19 07:00:00,103.35317891319526,23.018214442397664,1.2013692195185224,5.074254112261567,-0.072364993897501603,0.033143484855527566,0.20480954688221029,-0.0097967950213992093,-0.012080637803091323,-0.014144064292488446,0.047727322734079466,-0.1233006340771977,0.66588949542180198,-0.003198334733222309,0,-1.1796731052055187,-2.5246230526134164,-1.7342635448132893,0.052363535078510069,-73.966146303899706,-0.54862478080138788,-0.62244343312052053,-2.8840405436329699,-0.44915706969223307,-0.24535064101450801,-0.31991025457439615,-1.3257607139224781,-0.059929071869217143,-1.5070127145085035,-0.0061247067801945311,-0.0065757912764936683,0,0
2021-04-19 08:00:00,103.35317891319526,137.21341601385504,1.6505500970286846,18.154128103340593,0.032937818468424848,0.085636231103933702,0.059649386336047813,-0.00028168884518260011,-0.0131826199811702,0.08855445058641348,0.22905287446365616,-0.035004580736415679,0.24554946305591632,0.71986678366213241,0,-0.25668791907648264,-9.2407385343546764,-2.6488743085541073,0.030426628017125822,16.823396125791763,-0.29448948985250822,-0.2498417017254585,0.49144786990358741,0.1879001734352547,3.7389282047728676,4.9367580897930692,0.62657799274803905,-0.040993180287525639,-1.4099084098144363,-0.040893036534866145,-0.010227722084897098,0,0
2021-04-19 09:00:00,103.35317891319526,177.46188872940738,0.22805406408762346,21.185232421970309,-0.10325685136657606,0.0091210763245062488,0.024461817084739323,0.0066516319705606222,-0.016629883273351437,0.045116148655791707,0.26382212135917343,-0.025700024097258203,0.18588287395763251,-0.19307609717872937,0,0.10365571635966672,0.39537069879079056,-1.1268737485729958,-0.86513143267298886,48.364635766956248,-1.8227687663479288,-0.84114832991025823,3.1692366278142137,-0.039627699184292355,2.5956509561111432,1.2937522762476876,0.70463136829482587,0.00012171943177292747,0.24073244206686864,0.085580272335854121,0.24121264899708197,0,0
2021-04-19 10:00:00,103.35317891319526,173.23282051491984,0.16415483378405168,20.108627999546325,-0.097311120341326787,0.0091210763245062488,0.03696174351221633,-0.0091191626217038465,-0.012633011131263611,-0.0014777036496523581,0.17293231013276361,-0.021272557425533932,0.16361832360861917,-0.13640610397188255,0,-0.0010452713449185581,0.099077586784304963,-0.13356782621043201,0.50822339828845509,47.286057454219296,-0.5661769947676365,-0.30941484856012808,3.8197085807285274,0.079960623744716894,-0.92396997914051493,-0.53229882370634085,-0.51767429495503015,-0.05415732238684634,0.43977228321622197,0.085580272335854121,0.22237013571185732,0,0
2021-04-19 11:00:00,103.35317891319526,174.10420490627308,0.33320046653397278,20.372622826954938,-0.10525297519154443,0.0075389399448310274,0.026023727266708638,-0.052658000312602322,-0.012633011131263611,0.0045962059526241513,0.26853608314145672,-0.021962307030984153,0.12437396971746745,-0.13459015731085822,0,0.050484948843862419,-0.038648416508826909,-0.13472248326868488,0.36586924547890398,46.973178554836593,-0.5208282796415088,-0.31490974217191986,3.6149313810956865,-0.0094442320691968413,-1.103844524493381,-0.21594527239334235,0.63627238832203714,-0.083586314207837686,0.41427695737880277,0.085580272335854121,0.22256574100612803,0,0
2021-04-19 12:00:00,103.35317891319526,127.82224796340104,-0.35856664380618081,-19.854229818094865,-0.090910057393683144,0.0091210763245062488,0.026023727266708638,0.018914266605605717,-0.017497866686243691,0.00335734391383409,0.21046963544190109,-0.019165603020536836,0.13552182795259587,-0.1190659972103804,0,0.18289798215487429,0.39207847557915748,-0.72450399200766269,0.59472211364530003,40.666931877260843,0.51623887188768214,-0.23561301444213667,2.7104083983320324,-0.27898673528150414,0.046387814120408141,0.096291559256012751,-0.094655223449526857,0.67570785980010317,-0.26730107255218505,0.021564812621119856,0.22292743198784859,0,0
2021-04-19 13:00:00,103.35317891319526,177.21187017908616,0.009639632370578629,26.36489434065858,-0.10772973468436663,0.008843785919934807,0.026023727266708638,-0.00041611270421961768,-0.015162027011268047,0.088875437667207083,0.29715866981060479,-0.021962307030984153,0.11164791343249501,-0.13433177750865233,0,-0.067766722670534199,0.34822855951969389,0.27179680167837755,0.49026434854801582,41.783916506610538,0.1232562589068413,-0.79220124881133747,3.3325744207171826,-0.14137041317405757,-1.6741718592885955,1.5665276904707579,0.91587846506005433,0.38044569785196602,0.3664458690679635,0.085580272335854121,0.24180507088152595,0,0
2021-04-19 14:00:00,103.35317891319526,167.74882693869506,-0.77057434366030519,17.836141663183778,-0.079387145921493985,0.011116375109061907,0.041035581152167336,0.009167276770329004,-0.017514065846686112,0.015303461869301718,0.26006838785430653,-0.018272400359131195,0.15361040165922404,-0.34940289811538672,0,-0.23843509712663399,0.00014307828943114446,-0.92141798851891243,0.71730705865027578,45.831167302000523,0.37229134979221995,-0.037418333291153322,-0.18478962558771272,-0.35906537612593725,2.7621184877956804,-1.6477787112579532,-0.10495493543205962,-0.12302540680645442,0.9464801979726063,0.21883007896585266,0.072903652484834575,0,0
2021-04-19 15:00:00,103.35317891319526,164.6712474560226,-0.72889624736028369,17.964492306585022,-0.075538900550754781,0.011116375109061907,0.026023727266708638,-0.030536419305140974,-0.018309927595305458,0.0037505463348146673,0.21036918532743593,-0.024096377524251537,0.15411511857683549,0.16244718511269898,0,-0.1062452676635324,0.14782694570964847,-1.6168507647283423,0.14303068055389373,46.222584956822466,0.31505572016945071,-0.022896280636218257,0.27251314177314501,-0.50370269652612754,-1.2146579223617271,-1.3636507304491343,0.15211576262772944,0.35256473014240319,0.57570563241893635,0.21883007896585266,0.090907984032035705,0,0
2021-04-19 16:00:00,103.35317891319526,167.48844813788534,-1.2104708753421438,18.91605956726152,-0.08126878262733947,0.0095342387293866852,0.026023727266708638,-0.069603586743238091,-0.010985250075718475,0.010977571524392797,0.26608275131426706,-0.041020266268493449,0.13643903052106604,-0.22442109923302445,0,-0.12577434068176604,0.2693686449172264,-0.30243450291497598,0.16054922416761588,46.132317768941419,0.31914870558466457,-0.2638464346711899,0.33331608204523966,-0.037212561157407141,-1.367747143718564,-0.51059574276633013,0.51467045447585813,0.35358851433889704,0.64028580622250042,0.21883007896585266,0.073457644613663636,0,0
2021-04-19 17:00:00,103.35317891319526,153.71137151130125,-0.61128771936116799,9.9930163899822659,-0.079920591985164477,0.0095342387293866852,0.026023727266708638,-0.08014232665545605,-0.022431102211004604,0.0073314831099180015,0.21333525501137038,-0.024096377524251537,0.14139064807248597,-0.15225045322102909,0,0.069906889892859661,-0.30621655855349322,-2.0286214696987512,1.2966651784990613,42.76335541190619,0.18092522688913329,-0.091863386719889362,0.50227823972444241,0.10219318524381676,-1.504825019680756,-0.52708084007454825,0.012623587454496783,-0.086338332673630919,0.44556863083834969,0.036534346577456217,0.072584337267187424,0,0
2021-04-19 18:00:00,103.35317891319526,154.23366200018316,-0.7771372744341678,9.5831280445068217,-0.080185774189494033,0.008843785919934807,0.026023727266708638,-0.073934462540243398,-0.02008308647811563,0.076001944817887079,0.26045479135084948,-0.030200107151243185,0.15999126141602804,-0.20717894708262799,0,0.18911982257637971,0.21728926163636125,-1.4934658444576414,-1.0693365016449916,44.978278447319241,-0.11772606215402506,-0.53089297086081988,-0.22956435858394433,-0.23311313972961073,-2.2389140512935959,2.4092354471059729,-0.26220361858307345,0.064999383556267165,0.15783788373126501,0.021564812621119856,0.0916506723466156,0,0
2021-04-19 19:00:00,103.35317891319526,149.96994902828285,0.52355656615011714,-4.6650800606213521,-0.08312042811989763,0.011116375109061907,0.055102540543942119,0.06174144427037865,-0.033191533751215654,-0.0092455193019920397,0.26867115412929532,-0.02287429656396783,0.17773558638986628,-0.44385268797796268,0,0.25719685225260253,0.046830796995395718,-0.15076820850379688,1.1933050142884909,46.993436929621083,0.44327777832454973,-0.12135668900294999,-0.5477551642809031,0.14839012119255424,3.2033268983108276,-0.91261734650158188,0.11220861239389707,-0.15223072437900459,0.15365872408960396,0.036534346577456203,0.072773033452938257,0,0
2021-04-19 20:00:00,103.35317891319526,119.46342840282959,-0.41323116195288506,-15.212430367832134,-0.10700508002016638,0.0095342387293866852,0.055102540543942119,0.011767200737936464,-0.085376182910268855,0.0044256930963005462,0.34656067190483097,-0.02863787388694879,0.15184356985361783,-0.19294231084119459,0,1.1016609464819032,1.239107610203638,-0.46144112746075494,0.95336950682181443,30.09423951788493,1.0313402422508475,-0.076241260080180381,-0.59272700207091167,0.22607485969176663,-0.549425023684457,-0.53944187540324251,-1.0804130132162855,-0.0031520416260869656,0.056915827913247272,0.036534346577456203,0.13423703792813818,0,0
2021-04-19 21:00:00,103.35317891319526,113.89665975003079,-0.37273212376194315,-12.046052784637622,-0.087857806196777868,0.0095342387293866852,0.1325128456280168,0.014941999062357495,-0.057622451465166764,-0.0043635725894145298,0.19328769947851374,-0.02863787388694879,0.15310798847931814,0.19110642652136128,0,-0.30283911332367763,-4.4480969365638705,-0.35564886561625364,0.65577804070262746,27.03996037629312,1.1529684965778466,-0.027771426126322947,-0.51847430656490445,0.0081237335766329421,-0.61393241649358599,-0.6423821837861674,0.033277611869897493,0.29100507542761928,0.065300100688749793,0.036534346577456203,0.072453718235291106,0,0
2021-04-19 22:00:00,103.35317891319526,108.35900708919601,-0.38778688983002069,-8.2435041978991492,-0.083297802525267625,0.0095342387293866852,0.24289583055032293,0.01399157538418546,-0.060397769267971683,-0.044818540998283314,0.32467323869057163,-0.02863787388694879,0.20681111556009052,0.15045278506324045,0,-0.39427262715407768,-4.5647269266309678,-0.36858456596441402,-1.547175146580585,21.997272980431788,1.0435848371557803,-0.69729261400805131,-0.48163574640571605,0.14691417072070548,-0.55130843527473505,-1.1282190195218753,-0.30322560092223827,-0.33573452039001439,-0.018672383837719939,0.036534346577456203,0.072453718235291106,0,0
2021-04-19 23:00:00,103.35317891319526,114.46750316278766,-0.5045345107492949,-17.004804432307235,-0.086464335904086601,0.0095342387293866852,0.031381304791919008,-0.010522062095646852,-0.067269672034936098,0.023773595097126309,0.3118358264131702,-0.031257348248550469,0.19849729642956293,-0.087470009159303488,0,-0.3513451717298563,-1.2752798232585247,-0.54735520604219634,-1.0767673766182246,30.917898030489926,0.47074471090651177,-0.62614851041978681,-0.19846004387212079,0.027438513945625253,-0.78058163646273582,1.2509337335511963,0.67672563296129706,-0.16383050488215031,-0.12111532505908688,0.036534346577456203,0.092232988542986255,0,0
2021-04-20 00:00:00,103.35317891319526,63.966364691841491,-1.0114957392860455,-45.54552470094881,-0.88461996082816463,0.0095342387293866852,-0.0067379413031194955,-0.0075866259263692656,-0.031735582845665487,-0.04075587970812574,0.31039343414247766,-0.074692283852387395,0.21176154584859666,0.24650208507905724,0,-0.2562936965487882,-0.75700530908471375,-0.39777856365427017,-0.10365846131311973,11.142580378104604,-0.45236178946914984,-0.29588445210098058,-0.18884832047438421,-0.053860341462964763,-0.54691129982499054,-1.3883890156834695,0.38705829188020785,0.21786970999279526,-0.063177417928270391,0.036534346577456203,0.15826913053542477,0,0
2021-04-20 01:00:00,103.35317891319526,25.840880593244396,0.18388731173130299,-4.7846803424581923,-0.39729430816629141,0.0061912826210207966,-0.0067493986360834587,-0.0023884753337450586,-0.011344680757152267,-0.017977380022017202,0.16906954022047768,-0.10710628084533809,0.76122745086372179,0.088249440697716536,0,-1.3609116185042458,-1.8529115247142016,-0.39624197500905178,-0.58278105250150203,-66.960198152320075,-0.35275032573749593,-0.43695908842082742,0.77981382357171392,-0.12093027776317285,-0.29467316219072592,-0.10162852000519711,-0.84467856152145282,-0.066124679574314629,-0.8627813769851479,0.018454870219925791,0.041919141589756119,0,0
2021-04-20 02:00:00,103.35317891319526,22.870965616379767,0.2705740744234813,-6.8476861500587436,-0.17506278726376992,0.011116375109061907,-0.0059198959431191554,-0.0024523574617793566,-0.036600548398375697,-0.081321174350216643,0.19756481935723832,-0.10694981246416592,0.56119077365222236,-0.16426713022820413,0,-0.55663179314283051,-1.1433209320453805,-2.1602654384643381,-0.2646847484572401,-67.669325381525056,-0.35662513548720731,-0.8288122876059355,1.2120313171621755,0.1375534938672088,-0.64023272830063416,-0.70964812164280333,0.057660634957431914,-0.18200460168814134,-1.0611384166416988,0.018454870219925791,0.044589785605577803,0,0
2021-04-20 03:00:00,103.35317891319526,21.909446318226106,-0.24166554644824556,-6.7663102608670176,-0.17537845929381274,0.0061912826210207966,-0.010116250461799344,-0.0011016435930257197,-0.0244776014454644,-0.024331027314152685,0.15730918608421454,-0.10645157844325863,0.58054291425802018,-0.082808291662091402,0,-1.7058961900463525,-1.659854003303455,-0.31813531182405519,-0.85683685653449726,-67.807886480927792,-0.2723342268741244,-0.47615325600579761,1.1064860172658366,-0.1028749778469725,-0.4575866974965912,-0.33807155686994877,-0.99107863023703879,-0.18273057457696112,-0.75522722895100824,0.018454870219925791,0.044589785605577803,0,0
2021-04-20 04:00:00,103.35317891319526,21.840929748594835,0.051974678876585023,-6.7692868159242963,-0.15368870115292302,0.0061912826210207966,-0.010116250461799344,0.0007139060005740092,-0.019820196397979724,-0.022907351163067597,0.051576748015728216,-0.12206743474263931,0.6074322100642946,0.15398798704899766,0,-1.3390003767825276,-1.6427238703532767,-1.5552526779288909,0.03695244336294632,-67.767887421157596,-0.75969790620715805,-0.57703706628266715,0.67738136111719827,0.0087384594615752299,-0.175275575653833,-0.30511669526228352,-1.1834220304144367,0.26089006339402498,-1.0299034866944454,0.018454870219925791,0.046660681796688613,0,0
2021-04-20 05:00:00,103.35317891319526,22.025850243478342,0.94091364753175133,-6.7861122311494126,-0.1074513607321444,0.094007578106247922,-0.0060288693428231545,0.0014832220166021211,-0.010085563466796482,-0.017054159312179146,0.1737583658695892,-0.12600221851192306,0.66540299770940869,0.066659804881035511,0,-0.23482545236452221,-1.6204471330549592,-2.2122378859796621,0.049221203795609701,-66.700585967205797,-0.7162477936710806,-1.2223051690177931,0.38437398221487501,-0.34007713291844127,-0.71922390636226796,-0.41710890939653139,-0.90132995192974463,-0.10456215857925454,-1.5301870758316756,0.018454870219925791,0.050268596765113631,0,0
2021-04-20 06:00:00,103.35317891319526,22.237593373431899,1.2676279649753575,-4.0363960879341167,-0.093328374767215797,0.033143484855527566,-0.010414044756722543,0.0036967316615578606,-0.011852160904699861,-0.021892045694047495,0.085587967554576858,-0.16656520384466664,0.59664934773288103,0.023401379474620072,0,-1.6429399597319962,-1.9232112329604381,-0.3570215725241444,-0.85771339720616557,-67.277609811519383,-1.0433359260736865,-0.67442156867700664,-1.7320581000511419,0.17387888479236899,-0.69636067864749673,-0.3235587056156311,-1.3017753273459898,-0.049207451645942063,-1.1508028708180706,0.012817685323499906,0.058075534584961411,0,0
2021-04-20 07:00:00,103.35317891319526,22.809474437272694,1.2633867599294515,5.1159886255933698,-0.072364993897501603,0.033143484855527566,-0.010414044756722543,0.026340340271770575,-0.012080637803091323,-0.023342728809889943,0.092353373220619622,-0.12319331216623385,0.6359587312902738,0.079764954894717299,0,-1.2374365602979396,-2.5082210687650619,-1.7283017326673098,-0.019801908993951185,-74.321068545764589,-0.53331140801876986,-0.62068431936995905,-2.8690547673129743,-0.38036759003540355,-0.24105734399016032,-0.32605460715795742,-1.3533656991737939,-0.28761642829831369,-1.1923903058687058,0.012817685323499906,0.05666957184656609,0,0
2021-04-20 08:00:00,103.35317891319526,137.74581716404003,1.5956370883257003,18.437488570731276,0.033793356521360313,0.085636231103933702,-0.0030330196442058203,-0.0027047339543316397,-0.0131826199811702,0.083399437448102326,0.24400611512373258,-0.031011630370498429,0.2415732667379128,-0.54814692354259387,0,-0.28109601685413127,-8.9951896298383733,-2.6784488246728575,0.092750507090465992,16.951292215051435,-0.22968033599987234,-0.3118328469247113,0.2501634295469049,0.067944993353908578,3.7187302165207496,5.0644531963606605,0.34360667811343509,-0.14268790166143241,0.18994083889256991,0.085580272335854121,0.14365632103095871,0,0
2021-04-20 09:00:00,103.35317891319526,178.02470146792808,0.23728465945079891,21.375246097409285,-0.10578854560485448,0.0091210763245062488,-0.0012438212076986092,-0.044892757514760337,-0.016629883273351437,0.043919120452984919,0.24170219695269246,-0.025700024097258203,0.18712355446543794,0.17868085037122983,0,0.096251058336551717,0.39850432862729757,-1.0532393827216149,-0.79944991499471785,48.315976033059243,-1.835554751993163,-0.90359439286666376,3.1734790464200868,-0.018788204765381129,2.5272805114460213,1.3700726440234001,0.72073565800716999,0.070200290174533678,0.20403418691812111,0.085580272335854121,0.24121264899708197,0,0
2021-04-20 10:00:00,103.35317891319526,173.23282051491984,0.16403005944606977,20.112916594192654,-0.097311120341326787,0.0091210763245062488,-0.0018794106870618464,0.019536098717610022,-0.012633011131263611,-0.0027132182807819961,0.18850862740030014,-0.021272557425533932,0.16227509517673958,-0.12083214121445561,0,-0.0010826086062539265,0.099077586784304963,-0.12374255669154792,0.53236307847759534,47.32311589383675,-0.5608404953943209,-0.3091912646696437,3.830435975678292,0.079960623744716894,-0.90078982908759553,-0.53794647215334612,-0.59414058262581193,-0.11534847484423194,0.45007422705043887,0.085580272335854121,0.22237013571185732,0,0
2021-04-20 11:00:00,103.35317891319526,174.52030961777996,0.33296343558419078,20.444907449575553,-0.10525297519154443,0.0075389399448310274,-0.0013232403694936588,0.12488172720100958,-0.012633011131263611,0.0036666692711123275,0.26813634645594786,-0.021962307030984153,0.12461960219809093,-0.13870023179676499,0,0.0502766009416157,-0.038648416508826909,-0.082888820926869444,0.35541958769982701,47.035881366422188,-0.51787516073630735,-0.31499969779125786,3.5306443409044062,-0.0094442320691968413,-1.0762390467365524,-0.22022146763398875,0.72023925559887525,-0.020149390871506488,0.4201473682397121,0.085580272335854121,0.22256574100612803,0,0
2021-04-20 12:00:00,103.35317891319526,127.02211793408487,-0.42045613812281352,-19.731977720631004,-0.10375537022659635,0.0091210763245062488,-0.0013232403694936588,-0.07342381929374317,-0.017497866686243691,-4.4945073104783306e-05,0.19593137441681996,-0.019165603020536836,0.13827162834172843,-0.21193260904817465,0,0.17014569467414653,0.39279235009021729,-0.82651513599632953,0.5672159191105568,40.688297948800184,0.51723315561219341,-0.24960133042713842,2.8341829171723973,-0.24707587307775042,-0.0043170033236643764,0.10850308653520603,-0.14191751375366707,0.071591921457647548,-0.21983612720485771,0.021564812621119856,0.22292743198784859,0,0
2021-04-20 13:00:00,103.35317891319526,176.77872586245536,-0.0025488406371416902,26.364860631718958,-0.10638154404219163,0.008843785919934807,-0.0013232403694936588,-0.0044461712860049928,-0.015162027011268047,0.0879459009856952,0.29839981830071616,-0.021962307030984153,0.1125026499472359,-0.1994938022963183,0,-0.063613384753709534,0.35090176946912871,0.25645827204982474,0.48817029666136041,41.754734996843368,0.11558801070544183,-0.79579509969033657,3.342195774624209,-0.12347584202487712,-1.6477912687621894,1.554746256806949,0.89883436054698307,0.075082819409194673,0.37088978995820931,0.085580272335854121,0.24180507088152595,0,0
2021-04-20 14:00:00,103.35317891319526,168.62636329522789,-0.69775274773513074,17.905196251766121,-0.075224632772624866,0.011116375109061907,-0.0020865549738390164,-0.044838656674181042,-0.017514065846686112,0.011491792397811389,0.26495113475328902,-0.018272400359131195,0.15078027179055481,-0.34914350828646473,0,-0.20788612693378314,0.0013901290905263325,-0.89794946496295058,0.64157093439918167,45.876784972513271,0.3527305343238834,-0.039155785846209282,-0.15720440887512083,-0.41372505165838069,2.6280232760148485,-1.6359225720051265,-0.087065264036832887,0.79166469313764942,0.9894915262522106,0.21883007896585266,0.072903652484834575,0,0
2021-04-20 15:00:00,103.35317891319526,163.79728882254039,-0.83070429726697581,18.025528037468337,-0.076384619525384459,0.011116375109061907,-0.0013232403694936588,0.095082799855210245,-0.019390126976304534,0.002821009653302843,0.19301366511006049,-0.024096377524251537,0.15349598344421994,-0.22492658097747323,0,-0.11427804694556225,0.14657989490855325,-1.8317184059267182,0.14693664243418614,46.296735528458683,0.29929189584503502,0.0037503294097037858,0.30957292222657878,-0.45627551963211682,-1.1525937963715351,-1.383760363432101,0.076976419935853413,-0.078502365812000818,0.5674240832483346,0.21883007896585266,0.090907984032035705,0,0
2021-04-20 16:00:00,103.35317891319526,167.79976747617505,-1.1953277133575044,19.053458442296758,-0.079920591985164477,0.0095342387293866852,-0.0013232403694936588,0.1849372849628336,-0.010985250075718475,0.010048034842880967,0.26568301462875821,-0.041020266268493449,0.13726629675092142,-0.17749814080899817,0,-0.12598268858401274,0.26440921574199899,-0.22645205748852085,0.15743615209980652,46.205895252750395,0.3102416894896165,-0.26698409661973571,0.3538000609099623,-0.05986844256611832,-1.3132038184267834,-0.49685680553458073,0.60882984189405298,-0.053742294605402752,0.64192672099344972,0.21883007896585266,0.073457644613663636,0,0
2021-04-20 17:00:00,103.35317891319526,154.62825521730261,-0.6115247503109501,10.249047560734239,-0.079920591985164477,0.0095342387293866852,-0.0013232403694936588,0.23681396371325331,-0.022431102211004604,0.0064019464284061738,0.22439581868568642,-0.024096377524251537,0.14054724393301174,-0.1475765519067383,0,0.069698541990612969,-0.30621655855349322,-1.9483336101115134,1.2865330724831501,42.842027139516098,0.17217127446064287,-0.091772905940526256,0.52387021401527523,0.15072863598868061,-1.4510279862736457,-0.51811905497709665,-0.019256741945736577,0.024110096281947463,0.451677345411931,0.036534346577456217,0.072584337267187424,0,0
2021-04-20 18:00:00,103.35317891319526,155.01076628358067,-0.74122275466670462,9.8305457170146973,-0.080185774189494033,0.008843785919934807,-0.0013232403694936588,0.22060815687317181,-0.02008308647811563,0.073730748563824222,0.26005505466534062,-0.030200107151243185,0.16062124339218484,-0.12561343197137353,0,0.188911474674133,0.21482115725193082,-1.4168468845173017,-1.0735858577329478,45.079909315525065,-0.1266869461471048,-0.53098292648015777,-0.20995795939988104,-0.2339881944742413,-2.1676303144866731,2.4245003209023257,-0.26169638226354724,-0.056558948578379863,0.15838771954169098,0.021564812621119856,0.0916506723466156,0,0
2021-04-20 19:00:00,103.35317891319526,149.67999743265361,0.48500878002573916,-4.7537682600950397,-0.084468618762072623,0.011116375109061907,-0.0028018240954546824,-0.20987708528971682,-0.033191533751215654,-0.032236041582680827,0.2509746137743622,-0.02287429656396783,0.18200995587616994,-0.39595714969381907,0,0.25555967560036691,0.058670247469387926,-0.13527960003562817,1.0568067655802493,47.091304749748495,0.348800213402153,-0.082138835913389163,-0.51321060930759499,0.10371035697993398,2.9228994182625341,-0.92047493336920738,0.10071382977825222,0.33730459033027232,0.19891035595057685,0.036534346577456203,0.072773033452938257,0,0
2021-04-20 20:00:00,103.35317891319526,120.00488991765984,-0.37337597057133137,-15.319355075005589,-0.10284256687129727,0.0095342387293866852,-0.0028018240954546824,-0.039957839652954949,-0.085376182910268855,0.0012870546009641753,0.35158519226654661,-0.02863787388694879,0.1495157970536625,-0.19294231084119459,0,1.1242664013369714,1.2403546610047331,-0.44266947807507251,0.94802086629957627,30.183972158328015,0.98415674367476758,-0.056867227846557247,-0.59850265793842505,0.2848915788139702,-0.48775015965321739,-0.58018508124891155,-1.2669046385927223,0.71974361794434571,0.061780197095878953,0.036534346577456203,0.13423703792813818,0,0
2021-04-20 21:00:00,103.35317891319526,113.38717169499616,-0.33969475406949706,-11.995576806238994,-0.089205996838952861,0.0095342387293866852,-0.0067379413031194955,-0.050956248133984972,-0.057622451465166764,-0.0098574174747278146,0.19288796279300485,-0.02863787388694879,0.15272299848111601,-0.048528630731672184,0,-0.3021248534676233,-4.4470582813428834,-0.34625507157331281,0.65265121572745044,26.911180267282582,1.105364199467483,-0.027234510859559271,-0.44960121445665457,0.0097503031564267727,-0.49937485833086259,-0.67198367498088329,0.0051353883020376651,0.18297360377272986,0.073255124430790311,0.036534346577456203,0.072453718235291106,0,0
2021-04-20 22:00:00,103.35317891319526,108.00545352498807,-0.38743431428580849,-8.3094393759489193,-0.083297802525267625,0.0095342387293866852,-0.012350635451711327,-0.047231585345367477,-0.060397769267971683,-0.054188835745330781,0.281163991208919,-0.02863787388694879,0.207273898195347,0.15045278506324045,0,-0.39355836729802329,-4.5647269266309678,-0.36452194815781236,-1.4462951720563939,21.869528629031347,0.92928790509579773,-0.69800716770588567,-0.48995261561483072,0.14691417072070548,-0.5213415430277033,-1.1113663471795363,-0.38256746241430228,-0.08194021323550961,-0.013613115286340448,0.036534346577456203,0.072453718235291106,0,0
2021-04-20 23:00:00,103.35317891319526,114.46750316278766,-0.49148662672565285,-17.347289228637006,-0.088996030142365012,0.0095342387293866852,-0.0015956595656907958,0.025119780334592817,-0.067269672034936098,0.022686096137980193,0.30057083835593712,-0.031257348248550469,0.19895755926647798,0.049294809966663751,0,-0.35155351963210296,-1.2752798232585247,-0.52394798781264451,-1.062322269104554,30.977771986019821,0.48993379892727967,-0.6346802744471981,-0.1967479344142205,0.027438513945625253,-0.76187642255248722,1.290664434423513,0.68590989106514455,-0.15600867277343813,-0.10201356335106578,0.036534346577456203,0.092232988542986255,0,0
2021-04-21 00:00:00,103.35317891319526,63.860220856339566,-1.0101860246471366,-45.415286568611286,-0.88461996082816463,0.0095342387293866852,-0.0067379413031194955,0.001015394177521945,0.14932315192521423,-0.047665771275112644,0.31852363216389168,-0.074692283852387395,0.20844278089019519,-0.028695399061047677,0,-0.25639184617877137,-0.75284157154535192,-0.40345205472220114,-0.073778458288010981,11.144581898796936,-0.56063390860455309,-0.18332562331299534,-0.18438831523436519,-0.0061529428016587505,-0.38041880285192242,-1.4663947580305208,0.38824597891613249,-0.11175456082339713,-0.060011817595833128,0.036534346577456203,0.15826913053542477,0,0
2021-04-21 01:00:00,103.35317891319526,104.68057399607524,0.25010997708085803,-7.2933002784413494,-0.21163948377225233,0.0095342387293866852,-0.0067379413031194955,-0.0027174157702377693,0.039497086389013204,-0.049365538574542241,0.25085465099112941,-0.14515099211012492,0.55164111369087887,0.16196142972328142,0,-0.71043458889599453,-3.782225560011542,-0.45804973188412001,-1.018030169519448,13.632871439407223,-0.69824577496356044,-0.30422815003677306,0.79919387199320824,-0.11002489082289833,-0.091632793413467653,0.54940541592200809,-0.063743265267554555,-0.070339313063693135,-0.16966798844224459,0.036534346577456203,0.23132538866839122,0,0
2021-04-21 02:00:00,103.35317891319526,112.4091297072758,0.19365693897339667,-14.486014516579877,-0.086324422606333898,0.011116375109061907,-0.0025037575526406955,0.0011966645278496434,0.078533964382806354,-0.002804833530575407,0.27188174552726579,-0.025773422660533899,0.22554292684445751,0.10148133405730385,0,-0.46853556839740257,-3.7469847204268345,-0.36959536864595888,-1.2339092553544138,26.21484249604007,-1.1576505398000541,-0.13464738891003791,0.0037741804937168125,0.095964683396329756,2.711027008462835,0.023809056779565942,0.62048279942346074,-0.13038445130085921,0.22017626878835825,0.036534346577456203,0.0910582504621716,0,0
2021-04-21 03:00:00,103.35317891319526,108.2394159230243,0.15130063177500036,-9.4580918505060119,-0.081794456192598619,0.011116375109061907,-0.0060288693428231545,-0.0024862336523785123,0.057363823904623377,-0.050694225822617227,0.28688022305323257,-0.029628440175386902,0.25615823081956146,0.15492154874558769,0,-0.49497000147620573,-4.3855845500033759,-0.62611626138998588,-0.99738933798289098,21.178466961766404,-0.92962177945565594,0.89024865761815064,0.22842228869648229,0.00010148884272614001,-0.90955506328618352,-0.49616666027361439,0.031302729972206962,-0.063171812791353518,0.062503508122700516,0.036534346577456203,0.072215737176946987,0,0
2021-04-21 04:00:00,103.35317891319526,106.51808595239596,0.48562565617975534,-10.04878727113735,-0.089819001269040563,0.0095342387293866852,-0.0025607318595202702,-0.0076448261315231166,0.070385373881830471,-0.0076617711620728373,0.2257129148047286,-0.10482252335218394,0.22668939310763941,0.14505628324600583,0,-0.45422679908960328,-4.2565605371512412,-0.44994190509928772,-1.038249807800784,20.761377836606183,-1.180740016036762,-1.2160629507359786,0.16208668979229898,-0.080850334489420014,-0.7561132388247388,0.11506969198469992,0.68497772187740147,-0.074770791329998976,-0.042815827322934055,0.036534346577456203,0.05348522520585796,0,0
2021-04-21 05:00:00,103.35317891319526,103.48791296268126,-0.27950692543566336,-15.179816833562708,-0.075029287539121151,0.066061788805317337,-0.0012438212076986092,-0.011113886194967695,0.059809694775666909,-0.0043758168061354442,0.24378846950805794,-0.10275933972669725,0.22615576627234954,-0.075164155507374028,0,-0.089808637022577228,-4.3635232153454275,-0.79621686321427609,-1.2604316007324505,24.836772114473007,-1.1704243950267266,-1.5547887051641731,0.032567681201642891,-0.17768478841937124,-0.93765851601923422,0.28684577307025888,0.90923829619137686,0.028801415465116782,-0.54575752044217352,0.021564812621119828,0.048432544468882101,0,0
2021-04-21 06:00:00,103.35317891319526,115.29606985393228,1.5479360255393011,-11.625484208377944,-0.079782322110781359,0.063477118767488766,-0.0012438212076986092,-0.028370662108040928,0.037802342955181936,0.035057552596398138,0.26994941475659739,-0.028766273289067334,0.40535462866301453,0.24522832985228724,0,-0.20180674726220249,-4.7703434119007735,-0.67656667770377554,-0.84467942204241175,27.687841446343977,-0.75683603719405212,-0.33563787591897581,0.057732917718232808,0.028988181364994727,-1.116239504678213,1.8859919186716092,0.31387041703493213,0.39131027012163855,-0.62663094481300252,0.021564812621119828,0.043173472337193569,0,0
2021-04-21 07:00:00,103.35317891319526,125.39012900777254,1.6273097990869156,10.560805790349105,-0.055173398041188489,0.095568628902274425,-0.0077809860996915729,-0.014437188073182618,0.042775328883155127,-0.047165918812649248,0.29064684106045047,-0.0064609347367130645,0.48424708958647206,0.19803986613540089,0,0.1480408885593722,-0.42473641552745733,-0.74685850429548872,-1.4339745621489755,17.735272031611675,-0.85578704926225513,1.1103348544848148,-6.7322768649512312,-0.2565685971745561,3.3512880351203727,-2.1000188660064647,-0.70386979132114735,-0.067785629411690668,-0.20680936456124382,0.014157152041985558,0.038167859179286806,0,0
2021-04-21 08:00:00,103.35317891319526,192.74198904041185,4.5021022125378778,24.009787139678576,0.041161503369976565,0.027798778579433258,-0.0013864148796259258,-0.0044355418733515095,0.042329620104987919,0.092170303683863641,0.36455511470243013,-0.008216868338330444,0.36745341652222163,-0.73811577210102097,0,0.41239463695859524,0.25484045483944351,-0.4576303991164587,-0.51282413586348863,42.228713955198565,-0.81519740941057051,0.45034747662987218,-0.03661033096393692,0.11671201970987807,3.6957913828906279,5.5823157904136647,0.98551072834253384,0.022370933890584116,8.6472636108217884,0.085580272335854121,0.034027648552547779,0,0
2021-04-21 09:00:00,103.35317891319526,172.35648563773793,-0.031925193417008439,19.278208096316394,0.11555628966866309,0.0058223073290065291,-0.0021287103888810487,-0.035609613391175354,0.049698487806488195,0.02208647887933949,0.31562832814667985,-0.0095903023583669214,0.14543185078671583,-0.81943686993388243,0,0.037728381743201686,0.31280109636671538,-0.39590212032902428,0.12139125087409199,42.985342835701573,-0.79924722883211419,-0.62149138168032592,0.12815065918958177,-0.23134184225307944,2.2846599550661151,-1.990166264622458,1.1901712066988546,-0.063736027622328606,6.8561507224822575,0.085580272335854121,0.069474059979868261,0,0
2021-04-21 10:00:00,103.35317891319526,169.19304363940694,-0.15336230325411257,19.032110221927272,0.11172446181762639,0.0050952984799407311,-0.0020865549738390164,-0.044763273279312239,0.055906620771171388,0.017185239291110817,0.29108675864479649,-0.012590459424769655,0.13380753131831841,-0.63217387349377507,0,0.060610725750268823,0.22788071075733038,-0.29650420566911906,0.28626419587091034,43.47830728545928,0.21669721468913303,-0.70335976073774042,0.45794236550891193,-0.078526180729751677,-1.206642863440212,-1.0838006175104702,1.0402989470040813,-0.051598196613409635,4.531910349338788,0.085580272335854121,0.072864816373424304,0,0
2021-04-21 11:00:00,103.35317891319526,174.84175783127117,-0.23703233609178009,20.240911997726041,0.12036128350692725,0.0058223073290065291,-0.0013232403694936588,-0.0075241839024902989,0.064690910238912852,0.049077047964081105,0.28141509839185302,-0.010483505019772563,0.13412062211979325,-0.53813608599311591,0,0.11980077926032312,0.41510138630009141,-1.5588128774114198,-0.097293923018321918,45.845565599059576,-0.14553160517889316,-0.89094708149716373,0.28283184867745514,-0.12293525549939939,-0.047342346012942765,2.5044778070295699,0.084924520894136254,-0.018631666572876987,4.8528605886679905,0.085580272335854121,0.077030955141964966,0,0
2021-04-21 12:00:00,103.35317891319526,123.2840752294268,-0.82119643885935178,-18.080972625372162,0.1058018924150136,0.0050952984799407311,-0.0020865549738390164,-0.04608630747416121,0.074956669648133328,0.032747613726417754,0.31677351517663149,-0.012590459424769655,0.14571257162345036,-0.58160248622709565,0,0.18167975863175095,0.60937554489036649,-0.2252422738111248,0.31714536202316562,35.765924742305657,0.75870402113776469,-0.44263647986205856,-0.22169645358427736,-0.6293139903526378,-0.6537253198684112,-1.0223850900106644,0.97648640149542443,-0.089324442480874816,3.4080729669770893,0.021564812621119856,0.039714067380885842,0,0
2021-04-21 13:00:00,103.35317891319526,154.48034768344536,-0.20828372955614335,22.527109732996294,-0.10157115693179264,0.010839084704490463,-0.0013232403694936588,-0.069589884673268362,0.22687664859453496,0.10174933024668278,0.28396754664869539,-0.022366222992508861,0.10684369252462224,-0.13686703023573255,0,-0.39761399147405913,-9.972385344088881,-0.22651156119795404,0.53913297781925196,38.218897688699201,-0.56115136219987394,-0.69039671108401346,0.21151885026241621,-0.33209726101931797,-1.3892918612862806,0.96528921705949677,0.86172030274444922,0.13433239178919404,0.7129846961518066,0.21883007896585266,0.11652588815245316,0,0
2021-04-21 14:00:00,103.35317891319526,161.55807741682864,-0.81885700576815756,17.06367929441306,-0.078983840162956898,0.011116375109061907,-0.0013232403694936588,0.010423798428980098,0.1025002809641843,-0.0012760601961225812,0.26364555200196588,-0.029217447212069873,0.14661594288976817,-0.21468509689208351,0,-0.077404878147987743,-0.28132267598110727,-1.3882155048103115,-1.1421019651987141,45.904348394085197,-0.088274187163795301,-0.53391665335032723,-0.16937028509239449,-0.63750938742426433,2.1626413771559285,-1.621689099265448,0.075512197100011183,0.85585166699175763,-1.1815116668444436,-0.10456412640240242,-0.021213255224466088,0,0
2021-04-21 15:00:00,103.35317891319526,165.82435500666321,-0.65427826566639624,18.235817469407756,-0.086656761166993251,0.0091210763245062488,-0.0020865549738390164,-0.00047885745582382233,0.072678257035590652,-0.032288634635042404,0.24943761586955163,-0.020854259845168813,0.16202323840612443,-0.23594814390165103,0,-0.17700389023940491,0.27926358378992616,-0.7129833504861095,0.42696291848709605,46.686127069587997,0.31156094618997998,-0.27035738577912632,0.48176626791033766,-0.0002967396068627279,0.17096531417268115,-1.5679553632554799,0.058185620753604977,-0.03393278863461293,-0.81708849382749538,-0.040893036534866145,-0.019630758458411005,0,0
2021-04-21 16:00:00,103.35317891319526,162.2127183575499,-1.2977236543301036,18.483280281531723,-0.087190207230663744,0.0095342387293866852,-0.0013232403694936588,-0.029102135138043144,0.080552374880539096,0.067843798900625141,0.27946733244464605,-0.021736873229198015,0.12281171324540587,-0.39897697476642946,0,-0.064551605050551963,-0.031648161626198171,-0.35928979548401263,0.50960091368582539,45.018629406424445,0.12035548598703893,-0.23084525606386633,0.28702126576009052,-0.59681234421839946,-1.187479309654659,-0.89528070117275416,0.032251934795564298,0.14158612083017502,-0.96621177502837308,-0.10456412640240242,-0.02065926309563702,0,0
2021-04-21 17:00:00,103.35317891319526,147.47093625890304,-0.47730691380483653,9.0999573663848281,-0.084489169798111552,0.011116375109061907,-0.0020865549738390164,-0.078708042488358207,0.05904863953572427,-0.012853543794029799,0.26933156601151115,-0.02381054388032602,0.16447426580248301,-0.18836667122352471,0,0.078255490100773567,-0.35314768880558772,-1.3944826728493713,-0.9195737646712846,41.35015431366061,0.13366867069890567,-0.068402301057592554,0.38663898819602416,-0.1230611685547691,-1.765990375841789,-1.243010637368432,-0.12138521386723977,0.1817279223850162,-0.72253361691102136,-0.017457298610902713,-0.01995007367605816,0,0
2021-04-21 18:00:00,103.35317891319526,148.96611253597487,-0.90785803188027681,12.610129515858825,-0.090982440056314812,0.008843785919934807,-0.0013232403694936588,-0.073928118650991789,0.093983564148694312,0.076792338639408597,0.27904626188311188,-0.03060402311276789,0.13757573435884482,-0.20705697762690994,0,-0.050478370498684845,-0.45860183993530917,-1.5724347193907779,-0.94359170362261713,38.264909676533634,-0.1224361995617109,-0.5643147352521759,0.4209495669402612,-0.28496100030826066,-1.7991442306413485,1.3010643357655454,-0.096920204203125873,0.40846755035907362,-0.75309862179706066,-0.01030436859235774,-0.020789882127533334,0,0
2021-04-21 19:00:00,103.35317891319526,149.02585262409298,0.31329090365163709,-4.4318325029816235,-0.086098276954359787,0.011116375109061907,-0.0013232403694936588,0.068078284393547794,0.10400089553705093,0.034167072608671856,0.19891278402565915,-0.02744428602165527,0.16784740415997473,-0.16740699077764384,0,0.23144808216665391,-0.063516959560948494,-0.37374216960081325,0.4229701465340332,46.704066382757098,0.45170929270166377,-0.29397375573603063,-0.16232492849922897,0.083336298719969323,3.4895320865085986,-0.80047044401287959,0.6383189543884269,-0.11295321255291298,-0.69628924789385138,-0.017457298610902713,-0.01128793879202448,0,0
2021-04-21 20:00:00,103.35317891319526,121.80670015148193,-0.44551920729693667,-14.26955628953043,-0.13934079011068073,0.0095342387293866852,-0.0020865549738390164,0.0080428924258896927,0.29214439378754442,0.0029566204092538375,0.31891626896529457,-0.029041789848473502,0.152168132885424,-0.19117965776958384,0,1.0961733535629878,1.2508058893896377,-0.46067482544922589,0.47145180512995005,30.414653993738909,1.0280418573362491,-0.0018359531983416569,-0.42816324103457715,0.3691817841450899,-0.76394670011820487,-0.41498942936120481,0.61215561049297607,0.051941965743425092,-0.44482092615030128,-0.017457298610902713,-0.016034905002767379,0,0
2021-04-21 21:00:00,103.35317891319526,125.87600484819015,-0.72219178430922637,-14.193618191266408,-0.099977588778029897,0.010839084704490463,-0.0015956595656907958,0.0080428924258896927,0.30892304615583172,0.072988323963608132,0.27789865732681907,-0.03060402311276789,0.1371993665878222,0.24593660181954521,0,0.50909139526653813,1.0841866081062874,-0.46135910841916239,0.3883605728491315,34.922340136820686,0.2475699029439464,-0.27799951819870689,0.085388686342311226,0.15254123992046648,-1.2351575090324047,0.94808966863564681,0.55289948355256835,0.17058059681686977,-0.54710670364264058,-0.017457298610902713,-0.012982944307685545,0,0
2021-04-21 22:00:00,103.35317891319526,119.8588093849576,-0.38603509677763165,-14.594858281823852,-0.097000100530883329,0.0095342387293866852,-0.0028018240954546824,-0.0016023659689039238,0.25724830804028131,-0.031364776652835664,0.24722003233456749,-0.029041789848473502,0.17669606694805132,0.2344798681922444,0,0.57234268674317001,1.210397004435932,-0.42622850808133234,0.63406030817773951,30.140410694023558,0.67557862667869117,-0.27047082368891512,-0.29783910259274277,0.2202814040467467,-0.77318177133897281,-0.40835183198773661,0.028076578401931233,-0.084584900360582735,-0.46760311774273178,-0.017457298610902713,-0.012273754888106687,0,0
2021-04-21 23:00:00,103.35317891319526,117.72265144920901,-0.37342886125555147,-15.215374838339624,-0.09851389330826002,0.0095342387293866852,-0.0015956595656907958,-0.0067609584480485263,0.16162953592106877,0.0026570572913945409,0.29284421929980736,-0.031661264210075174,0.17564728812308927,-0.16222697256941018,0,-0.53576305705740401,0.84357467895137328,-0.43775553550231844,0.69475559339722492,29.270641675473613,0.66316418465073634,-0.08535181144269699,-0.50871723206172537,-0.0063605685754019861,-0.83102028570244924,0.5964323489579596,0.65538039695337391,-0.11597979002664202,-0.55742020751749566,-0.017457298610902713,-0.011400447541630465,0,0
2021-04-22 00:00:00,103.35317891319526,61.856430978862441,-1.0401337208487016,-46.044608719067952,-1.0542415558451788,0.0095342387293866852,-0.0041510255098996503,0.00032409933842451552,-0.058648881268880959,0.53679439609302815,0.33352213246155193,-0.074852491342227198,0.21844930776150742,-0.11218530085577308,0,-0.35672672503854153,0.088638034806440585,-0.42498769173265577,0.15305585797402807,10.778916139238193,1.243149589315375,-0.2251931624178499,-0.58830600364498531,-0.063278562764740587,-0.58396151811215202,-0.68635430034398726,-3.0460261820316901,0.055949486740277415,-0.5160349720258125,-0.017457298610902713,-0.017933105329124486,0,0
2021-04-22 01:00:00,103.35317891319526,109.00466898114651,0.26593530923077235,-6.1338867452027852,-0.21309615469352941,0.0095342387293866852,-0.0029345219607449418,-0.0011363840099573191,-0.038095634462674853,0.38975931213758253,0.18813494198424444,-0.14545793207829727,0.50254080055154904,0.090915049309376036,0,-0.69391041490319127,-3.6643983085579843,-0.38744444793490102,0.36252175096555472,14.18976437218447,0.82232859014469284,-0.16808082083982706,0.63506007148464094,-0.16682485985650378,-0.08761081442212694,0.83846577522182697,-0.02221420651649697,-0.079405073854936919,-0.80144713972440085,-0.017457298610902713,-0.020069386363625513,0,0
2021-04-22 02:00:00,103.35317891319526,112.40183831883454,0.20801945170039232,-13.397771951635109,-0.075300801581674126,0.011116375109061907,-0.0015696567173366001,0.00088220525281658023,-0.038538770320478352,0.22778589729743953,0.27837750432043301,-0.029766373026451156,0.20937611043394552,-0.025725178723564168,0,-0.42942449584149683,-3.7891755573935395,-0.41107841320633076,-1.1479439756774257,26.521600068246219,-1.2358021300514044,-0.18741113827211042,0.24458643196230712,0.094548962293728292,2.3907775667964426,-0.09359895027811814,0.60014560914629334,-0.14175783085596333,-0.70265888853573277,-0.017457298610902713,-0.013575366192129559,0,0
2021-04-22 03:00:00,103.35317891319526,109.40294841184621,0.15950754560167735,-8.8912900177301744,-0.070770835167938861,0.011116375109061907,-0.0026737263273240268,-0.0024954237774816104,-0.0095015741107825624,0.41804210677493914,0.29406500494334631,-0.030535693524936337,0.25234912074225324,0.12624764487126788,0,-0.48977741421176801,-4.4324390372763576,-0.6722275032423366,-1.1179560288080916,21.270015274613488,-0.93721340417546128,0.97182782062814843,0.71818062631006041,0.048152112537428612,-0.79030909209440448,-0.21515956139562353,0.042685160923829124,-0.074780005674942487,-0.49532094232957735,-0.017457298610902713,-0.01251173594645081,0,0
2021-04-22 04:00:00,103.35317891319526,106.93949554760982,0.57069619610630562,-9.195615158712414,-0.076263686006102394,0.0095342387293866852,-0.0016053006167131164,-0.0074300694160429528,-0.012192551027256582,0.23783826152067089,0.24090739047855292,-0.10572977670173338,0.22641815510969093,-0.033211638934325438,0,-0.47358079899507594,-4.2859096527600071,-0.49701470637109685,-1.0398980269783655,21.207777587418118,-1.1206925168911686,-1.1041816231317767,0.1088872729693152,-0.092006054151313563,-0.69674373804802836,0.0127365587152418,0.68417119817520655,-0.13878610351218706,-0.80364992160043947,-0.017457298610902713,-0.01068160234289903,0,0
2021-04-22 05:00:00,103.35317891319526,104.67370644906352,-0.039624693521656179,-14.756997164079779,-0.066537360752739763,0.066061788805317337,-0.00093562204411706319,-0.01089287763817624,-0.012446131829223942,0.13080492868968022,0.22117065195309346,-0.10366659307624669,0.2206231577820936,0.19904199508272555,0,-0.11305514183164055,-4.3874712480478788,-0.77210463012414332,-1.2174529796585849,25.161974369956884,-1.1688809797012898,-1.4283637501499167,0.096719448963243596,-0.15939046146868355,-0.84801670279444008,0.038715950034611799,0.96426825035509611,0.40276195395041609,-1.0752290199329482,-0.01030436859235774,-0.010245234461069296,0,0
2021-04-22 06:00:00,103.35317891319526,113.64589233744616,1.4985542806790524,-11.206665319597917,-0.073908919668820905,0.063477118767488766,-0.00093562204411706319,-0.028435084900442414,-0.012355376648149171,-0.040549927489230843,0.26769742886666203,-0.029170189250592039,0.18442094218030505,0.16987058461794163,0,-0.24334022881714162,-4.7391570016812228,-0.66894427843524584,-0.92500261070691581,27.860196973937498,-0.73897977224603739,-0.35451276644105839,0.098286815570610073,0.0092525679148182452,-1.1363595495058874,1.3940534903485815,0.1746832560389959,-0.063686452297463808,-1.144790964005572,-0.01030436859235774,-0.01068160234289903,0,0
2021-04-22 07:00:00,103.35317891319526,125.66660619826304,1.0828389054260872,10.514734804888848,-0.063740785090381502,0.095568628902274425,-0.0031767497253669522,-0.013936228168136978,-0.013273375162244971,0.49188316343550453,0.33024926237264318,-0.0083644589189860782,0.19879902328473825,0.1333455751516979,0,0.12481174004535939,-0.45892830885227376,-0.78079595129152179,-1.3802688893535626,17.965709865187304,-0.77550933899946217,1.1034027992706996,-5.8690975490731478,-0.37231185330539157,3.5071264664161172,-1.6318791983942837,-0.71844935099303908,-0.099740198832547589,-1.0286077987436959,-0.0067647475274512231,-0.010198166882000205,0,0
2021-04-22 08:00:00,103.35317891319526,178.4794313390739,1.4417894815506771,23.16508652996529,0.025233514886202929,0.085636231103933702,-0.0010186976091754861,0.0049008046910393758,-0.0131826199811702,-0.2222671873020067,0.29667849544402441,-0.019906722532487767,0.15977710794178174,-0.69636687745401915,0,0.30644666101142476,-0.11385611367272602,-0.60651175818953251,-0.84351231342502808,45.099417391811564,-0.84880890585861324,0.3681089688580938,-0.20866631036265704,0.043905819838290575,3.5556005963215522,4.8335419228556393,0.82957623411403392,-0.049267655146404458,-1.414961414361299,-0.040893036534866145,-0.010227722084897098,0,0
2021-04-22 09:00:00,103.35317891319526,167.14599615132667,0.33528615521957622,18.72910191016933,-0.086887135250451469,0.0091210763245062488,-0.0013909439823838734,-0.026192106609997091,-0.014606417136368479,0.089860990311608033,0.30158724982625551,-0.021280156552524247,0.1541040926714069,-0.54859284849248668,0,-0.056979655084971242,0.43222678657265068,-0.41365415702355118,0.093757169573397109,45.601061482482557,-0.73682244077159598,-0.56861734393842911,0.089411057287188123,-0.14469127936313822,2.0594887057207982,-1.3276404831006425,0.60914527402412344,0.065381648119909208,-0.76879916811646587,-0.040893036534866145,-0.01966918821402595,0,0
2021-04-22 10:00:00,103.35317891319526,165.2787248102039,0.11360786944060429,18.342599224539711,-0.09067202926085613,0.0075389399448310274,-0.0013635740526804303,-0.043714904558179876,-0.01330414659668111,0.053974841100692408,0.2876992743175445,-0.021676473387058637,0.14117950293904472,-0.26750368378912631,0,-0.020772086039246723,-0.095079927547441906,-0.19014035421518741,0.5143383326198806,45.254593493281732,0.39791383848361372,-0.50108693515729452,0.35349633446867013,-0.0049583115138479242,-1.1982329270933045,-0.65673701972570853,0.52094208620794313,-0.064778560200418861,-0.83514543884318815,-0.040893036534866145,-0.0162784318204699,0,0
2021-04-22 11:00:00,103.35317891319526,168.4371679890188,0.26419177512312947,19.559861138331389,-0.090318993145203919,0.0091210763245062488,-0.00098219658387174269,0.0018933228786879516,-0.01479432802519463,-0.082568979981848603,0.27291291811061696,-0.022173359213929884,0.13610314640038881,-0.17761970579790617,0,0.02691684846756142,0.28218121532604629,-1.5974210654121821,0.16978356095552299,46.852436474284666,-0.0012144078772514586,-0.62718994347078405,0.22687044864952852,-0.055824567456878457,0.020234661435464374,1.1641198964337953,-0.25765124737833534,-0.027826652471918234,-0.88719466596749763,-0.040893036534866145,-0.018964257579975951,0,0
2021-04-22 12:00:00,103.35317891319526,120.8114971222064,-0.36827069194558243,-17.751693932469905,-0.086354290499759387,0.0075389399448310274,-0.0013635740526804303,-0.045955985381362849,-0.017042936928988669,0.056827688677903269,0.29935810919346684,-0.021676473387058637,0.15807992012983332,-0.2420787531578881,0,0.090869903677377586,0.32956643558340498,-0.11311154136476,0.39893573997295789,36.675236891364484,0.27657107693137623,-0.31922358261992123,-0.2624132093144268,-0.62670715729239701,-0.63203447813453417,-0.276078586747451,0.55933012527165138,-0.04561123736044044,-0.56280599397701625,-0.01030436859235774,-0.011269828509734152,0,0
2021-04-22 13:00:00,103.35317891319526,152.30692102145346,-0.21824377949152371,22.239030523363269,-0.10017675598825482,0.010839084704490463,-0.00098219658387174269,-0.069975800119233836,-0.046393420252648282,-0.26836784614126596,0.2816241182389333,-0.022366222992508861,0.10907205048892697,-0.40857526711175096,0,-0.40976226158105555,-9.9132117221022948,-0.25018874317381973,0.4786439477842534,37.889415940082607,-0.62248272041028918,-0.74628130455244179,0.24377434613202312,-0.44196753883422096,-1.4165970105623666,0.8173439470588415,0.71661219479855831,0.05484527976659119,0.71275729861899118,0.21883007896585266,0.11652588815245316,0,0
2021-04-22 14:00:00,103.35317891319526,161.88327934300608,-0.81686842775131618,17.052520369447294,-0.07429694820234127,0.011116375109061907,-0.00098219658387174269,0.0098307595316179663,-0.021411415886559839,0.18733232226649246,0.26294300876782406,-0.029217447212069873,0.16134566960994851,-0.21349457151109894,0,-0.077433847611446463,-0.28150349253170198,-1.4082352834868059,-1.0662262088181307,45.844520256660189,-0.036591704140529438,-0.41253490808645676,-0.14982501002463711,-0.62620158911599888,2.1460604850211342,-1.5746413874962362,0.08415551981408935,0.85585166699175763,-1.1703341833225365,-0.10456412640240242,-0.021213255224466088,0,0
2021-04-22 15:00:00,103.35317891319526,166.34759903025119,-0.65762093961390777,18.222775441179127,-0.085262360223455416,0.0091210763245062488,-0.0013635740526804303,-0.0025567832769593131,-0.014898480849782434,0.28663695129708028,0.23315359159542307,-0.020854259845168813,0.16625386289286387,-0.17555246528066223,0,-0.17784660308310177,0.2781280191863284,-0.72956555747559793,0.38189713557149974,46.647989306005812,0.2213141751043291,-0.22758141274344393,0.51900564088059986,0.04715196732883107,0.2635252604055221,-1.3137297161470107,0.068703689999912443,-0.06507900383463204,-0.81880104929630737,-0.040893036534866145,-0.019630758458411005,0,0
2021-04-22 16:00:00,103.35317891319526,161.40270819713794,-1.3050863494271214,18.332433868341965,-0.085795806287125922,0.0095342387293866852,-0.00098219658387174269,-0.029488050584008611,-0.017223986436390684,-0.11957337545110322,0.27876478921050418,-0.021736873229198015,0.12504007120971061,-0.4021330033651816,0,-0.064580574514010683,-0.031828978176792914,-0.38281417707490767,0.4440188697491762,44.846401917341566,0.10950993377362292,-0.15183667758880054,0.29540735118629946,-0.5775981883303698,-1.1902484786223735,-0.95081860015854303,-0.030030837335256862,0.062099008807572104,-0.96668122174395987,-0.10456412640240242,-0.02065926309563702,0,0
2021-04-22 17:00:00,103.35317891319526,147.24539484854284,-0.55742583198794038,9.0882146082308566,-0.085262360223455416,0.011116375109061907,-0.0013635740526804303,-0.07909395793432368,-0.016942893747700038,0.17741485929804549,0.26645260695039835,-0.02381054388032602,0.17033856899328939,-0.37933761717888131,0,0.079752910605165053,-0.35553030421028065,-1.4109894819525424,-0.98737175122473897,41.28178533445319,0.05671861643381057,-0.0030584073295529014,0.41931702627540463,-0.061836255924633085,-1.7345177984098787,-1.0116902034832622,-0.14525857792861435,-0.040908583040810048,-0.72708945620499865,-0.017457298610902713,-0.01995007367605816,0,0
2021-04-22 18:00:00,103.35317891319526,147.40533523407225,-0.92811572270922449,12.57492940546947,-0.088239848470601984,0.008843785919934807,-0.00098219658387174269,-0.074314034096957263,-0.019349456461437198,-0.23126147655014548,0.27873829156202867,-0.03060402311276789,0.14137527876109193,-0.25060789399771827,0,-0.051732050209393039,-0.52224085270103227,-1.6262688816230528,-1.0030617134764599,38.041141343575731,-0.13416717392073635,-0.57528327419635583,0.41987585827713675,-0.21148985969204628,-1.8285974496702975,0.99773815263090615,-0.10871447423086371,0.061554823912188403,-0.75591598680856675,-0.01030436859235774,-0.020789882127533334,0,0
2021-04-22 19:00:00,103.35317891319526,149.6125705324101,0.40288298702198083,-4.3884035677243185,-0.082536284641940252,0.011116375109061907,-0.00098219658387174269,0.053190433121059963,-0.01774462018379366,0.00074341801741673009,0.20370572396355899,-0.02744428602165527,0.16825756341830447,0.17352963024338053,0,0.2381492120121948,-0.062450725310448006,-0.38626752294992039,0.30098106389344575,46.611271515851577,0.44794862244034217,-0.19952333966986563,-0.19453524849430825,0.1259037662773636,3.4088743307469103,-0.75312155217050158,0.67220051804038872,0.2610766814291246,-0.67868564121769226,-0.017457298610902713,-0.01128793879202448,0,0
2021-04-22 20:00:00,103.35317891319526,121.13100623877968,-0.50320238770557868,-14.189399337550109,-0.13794638916714291,0.0095342387293866852,-0.0013635740526804303,0.0067389303515902211,-0.059957970551352525,0.093190655651095897,0.3182137257311527,-0.029041789848473502,0.15422872166622431,-0.2256431401073542,0,1.0896656348360572,1.2451838571089011,-0.48220766055401904,0.40346559421417261,30.329768831832482,0.87131319678750008,-0.086663944951756319,-0.41391111724992979,0.17592964846105275,-0.78527724730042159,-0.25255242003532424,0.59989712448527877,0.13236518536180719,-0.45100883694460236,-0.017457298610902713,-0.016034905002767379,0,0
2021-04-22 21:00:00,103.35317891319526,124.49962134941845,-0.7180632137325027,-14.012162849548611,-0.10064577322912502,0.010839084704490463,-0.0011235975086600351,0.0067389303515902211,-0.069415025555669821,-0.22731040140497852,0.27084179564465383,-0.03060402311276789,0.13822408808706485,-0.043534488413862524,0,0.49980170017462161,1.0732143856683476,-0.4692728202529643,0.32134034258404331,34.74937117717046,0.19427405536433578,-0.31423768925969481,-0.070391157042157121,0.010782733046668665,-1.2274308928359636,0.73724924589107288,0.53692301368793705,0.43856448098144074,-0.52709042231805703,-0.017457298610902713,-0.012982944307685545,0,0
2021-04-22 22:00:00,103.35317891319526,119.51032614486255,-0.41073030380523173,-14.577342946179446,-0.096320094339803458,0.0095342387293866852,-0.0016514881784832961,-0.0029063280432033954,-0.060397769267971683,0.35232189628377447,0.24016317065240236,-0.029041789848473502,0.17695271506431637,-0.052038295954790204,0,0.56652895712971185,1.2044293174330423,-0.44279283695303684,0.56243344536344853,29.99851842204686,0.82756156498666811,-0.27236677469529524,-0.45124284504013401,0.08972097700095559,-0.74370346612568083,-0.19919349577296006,0.031036896680195932,-0.079405413433367239,-0.45318946856669989,-0.017457298610902713,-0.012273754888106687,0,0
2021-04-22 23:00:00,103.35317891319526,117.49532269447968,-0.36903274227029165,-15.238724136840101,-0.097487776395117798,0.0095342387293866852,-0.0011235975086600351,-0.0080649205223479979,-0.041081426588257093,0.09203884156510321,0.27823914760688118,-0.031661264210075174,0.17880273509682912,-0.03891480794985467,0,-0.5324126790196837,0.84345677321566348,-0.45546242799742026,0.60412375851556954,29.196626791769617,0.71880430472392831,-0.11902532048053852,-0.56387714793899257,0.017389680639378461,-0.81306258341130855,0.53777627120565208,0.64220884231383812,-0.072338339351742484,-0.56573068746053823,-0.017457298610902713,-0.011400447541630465,0,0
2021-04-23 00:00:00,103.35317891319526,55.338838613673701,-0.996260578181284,-46.152989189217685,-1.4484898851417471,0.0059845032764258739,-0.012350635451711327,0.0010330655680294322,-0.04493435248176806,-0.045907366146872859,-3.5881772157145297,-0.075528999986213249,0.2027374653462308,0.16294308594553902,0,-0.34845810673347355,0.10148394444971728,-0.39165208464703721,0.4117891357029585,10.322610464562295,0.99620987221237201,-0.32327013099022617,-0.4302920236192268,-0.056377142905933021,-0.69987734278861247,-1.3472101094667868,-3.6575970569230551,-0.029611604419837959,-0.5374448228782297,-0.017457298610902713,-0.015245890280010839,0,0
2021-04-23 01:00:00,103.35317891319526,106.66935866256701,0.27179885892531341,-6.1145163572040007,-0.60806163038586192,0.0059845032764258739,-0.0067379413031194955,-0.0013454644086864113,-0.03673028966171598,-0.045213125671594821,-1.9156813130030907,-0.14613444072228335,0.4881089720581212,0.15497743381226869,0,-0.61518144238118533,-3.6354849536689033,-0.36561667265558412,0.5013322080918492,14.864298790458658,0.61445370993431248,-0.20556485833839239,0.64255713826545191,-0.1489810582312647,-0.21411130111544416,0.78126705591100998,-0.069193219936932338,-0.046868784510837723,-0.79626403429112369,-0.017457298610902713,-0.019454735260777629,0,0
2021-04-23 02:00:00,103.35317891319526,107.39075062506133,0.17624013294278351,-13.353900929864576,-0.31715470176988003,0.0067062522004579378,-0.0025037575526406955,-0.0010943859955785339,-0.038009235161125185,-0.0064220558225521283,-3.3183799474137352,-0.029829807423463809,0.1861283489572092,-0.065304580757857875,0,-0.45744357545088415,-3.7903296668285562,-0.41440616890688242,-1.1850722322265077,26.151063666020264,-1.0699376115165187,-0.23213825667764612,0.20237074023571672,0.028291973020407844,2.177640896569486,0.11345866255203572,0.076996350094998514,-0.06017948094463986,-0.71133807235746793,-0.017457298610902713,-0.010423545445793039,0,0
2021-04-23 03:00:00,103.35317891319526,104.61428719336259,0.15390751649301881,-8.956940466208728,-0.35848968660002511,0.0067062522004579378,-0.0060288693428231545,-0.0029239630302606385,-0.0089720389514293952,-0.042858359782811363,-3.0791733616246524,-0.031212202168922395,0.22460338486310338,0.21249107736999753,0,-0.4620492026354322,-4.4240730567501503,-0.67806817455385948,-1.1864741703080597,20.951499693545241,-0.94592158740252585,0.82835377500697793,0.69098512677806134,0.10181843897582576,-0.66013490151726895,-0.88563083464416925,0.038520300479820913,0.28798888634297087,-0.4802777777481107,-0.017457298610902713,-0.0090802200080098774,0,0
2021-04-23 04:00:00,103.35317891319526,103.43285458936001,0.54753690617736794,-9.2494423013702693,-0.48692359660675161,0.0059845032764258739,-0.0025607318595202702,-0.0076271547410156296,-0.011663015867903413,-0.0069879803801409218,-2.608722638649148,-0.050901902581309971,0.20900141195532243,0.13782778662608555,0,-0.44626848234954286,-4.2463168232921493,-0.44303700594100454,-1.0584594463381829,20.880175931714845,-1.0446151436779978,-0.81476807375060123,0.18423359731751143,-0.14365273413326521,-0.69345053063234185,0.12766841349772298,0.1989590068882604,-0.038213748637626131,-0.83329288333067719,-0.017457298610902713,-0.0073503885383572097,0,0
2021-04-23 05:00:00,103.35317891319526,100.67026606052885,-0.27018495579507673,-14.628240089191506,-0.28133849722239007,0.023182512657003225,-0.0012438212076986092,-0.011096065059055351,-0.011887388089151792,-0.0043758168061354442,-2.7336858519873108,-0.048838718955823271,0.18861469857867089,0.085030422573808079,0,-0.15369019886411928,-4.344106993777034,-0.79393550469134844,-1.2859441081170722,24.874977852480704,-1.0657365856128307,-1.1359866802184893,0.17711953794349605,-0.11689843453204633,-0.72439625745499325,0.46742740638869434,0.4036264792908249,-0.24550317907833802,-1.0285842266702714,-0.01030436859235774,-0.0069140206565274772,0,0
2021-04-23 06:00:00,103.35317891319526,109.78197088353144,1.3349282655267476,-11.137091319527729,-0.40911942106875587,0.022352706699309784,-0.0012438212076986092,-0.028359677683237383,-0.011796632908077021,0.035057552596398138,-3.0024963483332296,-0.029124584430910448,0.15869181601392959,0.17820061264278686,0,-0.23486795523487775,-4.8016928806215393,-0.62801405358799822,-0.9919958270930106,27.618741017717202,-0.57947728477011329,-0.39047026058348999,0.15125996783310247,0.057809175677435071,-1.1295999199201223,1.7423025349632557,-0.35608741576227471,-0.029570436984915439,-1.0918890824852534,-0.01030436859235774,-0.0073503885383572097,0,0
2021-04-23 07:00:00,103.35317891319526,118.93980349233772,0.84463878933642711,10.507952676292323,-0.20818597449244566,0.029776490688745525,-0.0077809860996915729,-0.014381818040595476,-0.012714631422172818,-0.047165918812649248,-3.5344361485226741,-0.019165965794296459,0.17716402898215952,0.13089694261407525,0,0.038117058914658206,-0.45381248554643172,-0.79855605009078268,-1.6327318978654659,17.606352233542488,-0.62496238265542225,0.99732482555982294,-6.0171131012029333,-0.24254012763720795,3.2514235360581849,-2.3098524385010313,-0.59095297713436101,-0.50509244810401155,-0.96392850499966232,-0.0067647475274512231,-0.0068833983971595186,0,0
2021-04-23 08:00:00,103.35317891319526,174.63059387308954,1.3495753658596679,23.289271307225956,-0.18409626830920114,0.027573367578871445,-0.0013864148796259258,-0.004294279864836166,-0.01262387624109805,0.092170303683863641,-3.4661276786970254,-0.023412101367357659,0.13357423660039949,-0.64074453665248043,0,0.21289404257299022,-0.099844298771996812,-0.50905327785918697,-0.95158169194071918,44.904115379304429,-0.61854977901764396,0.41043176734409542,-0.1536319461789962,0.24527051172757816,3.2382494975461737,5.1369458115744742,0.44750294944989671,-0.11519714009374811,-1.3815782656662743,-0.040893036534866145,-0.0071449884990365852,0,0
2021-04-23 09:00:00,103.35317891319526,162.68251182869918,0.34208751367956375,18.852583643192801,-0.31147891058858329,0.0057960242521118196,-0.0021287103888810487,-0.03546835138266001,-0.014310036341630403,0.020968099589733551,-3.427823424033023,-0.025038887903506463,0.1380003073362987,-0.52993351741803096,0,-0.034974987339380766,0.44041480169015002,-0.41175626580189972,0.26449902754132404,45.454166384420397,-0.62563385513292746,-0.40788374906004382,-0.0075276938295593511,-0.10356722253351422,2.228123290016097,-1.8987750486675239,0.13456732492956877,0.097538155138231358,-0.75563150469823526,-0.040893036534866145,-0.01658645462816544,0,0
2021-04-23 10:00:00,103.35317891319526,160.2453221161858,0.11691282205352764,18.324417368364237,-0.36565043832856808,0.0050742753280797557,-0.0020865549738390164,-0.04473045255663155,-0.012705627308036621,0.015565989038588175,-3.4384902129474586,-0.025326165521346616,0.11832307056852515,-0.27172666004251905,0,-0.026905774331397268,-0.10950811000720917,-0.15329800802372542,0.68687548666418818,45.030397985540333,0.12045478549547299,-0.48722267297452526,0.21366697990863551,0.038550500363232411,-1.2332984814475363,-0.56386759688053489,-0.033722379722094846,-0.12439094326288411,-0.8285932793544285,-0.040893036534866145,-0.015679666116615351,0,0
2021-04-23 11:00:00,103.35317891319526,164.81092099187799,0.22062924452489965,19.686790086283565,-0.31321547452407245,0.0057960242521118196,-0.0013232403694936588,-0.0073829218939749554,-0.014195808736550145,0.047457797711558454,-3.102141435961733,-0.025569698832105532,0.11963197230990325,-0.19861307828333269,0,0.027489250865007607,0.28861169623590133,-1.519513035945298,0.3024920267949992,46.530924703569163,-0.067768467892701093,-0.59664980230437548,0.064817770694013163,0.0081614187801964857,-0.022059022755597159,1.4878282049731488,-0.74445981778728598,0.20621338541625556,-0.86771294796071818,-0.040893036534866145,-0.017603713945868103,0,0
2021-04-23 12:00:00,103.35317891319526,116.65109691937977,-0.32588814973275521,-17.640618839236673,-0.35849205881285429,0.0050742753280797557,-0.0020865549738390164,-0.046053486751480521,-0.01644441764034418,0.031128363473895106,-3.5109754581565622,-0.025326165521346616,0.11741768990081672,-0.21485947507142503,0,0.12369031962828735,0.33900150150199954,-0.11704962131973758,0.63572726429906634,36.560712607994788,0.25995232392835677,-0.21952323753409517,-0.16445092768265024,-0.60272571519171003,-0.59126234619659745,-0.87280309347327423,0.063795951474875864,0.4475214514241776,-0.55858812626114918,-0.01030436859235774,-0.008651700621096518,0,0
2021-04-23 13:00:00,103.35317891319526,149.16740441341014,-0.21355705641476821,22.487858033100089,-0.37515516505596674,0.0065596129570835004,-0.0013232403694936588,-0.070184880517962914,-0.045028075451689416,0.10174933024668278,-3.407501151280933,-0.025762562610684509,0.095086942546004374,-0.15290131873996682,0,-0.28619378410361124,-9.9729449562088366,-0.1686374122174791,0.60719358594350203,37.778639488856001,-0.67485103900502852,-0.6855800617833625,0.17404100346029519,-0.44050082435712629,-1.4354080272998382,1.1228964899227492,0.24510049738987738,0.16741492070554753,0.71903953535777432,0.21883007896585266,0.045345536180117475,0,0
2021-04-23 14:00:00,103.35317891319526,156.71011172924759,-0.81179741795575233,17.102208185404947,-0.24632566858401142,0.0067062522004579378,-0.0013232403694936588,-0.00093037216481830142,-0.020046071085600973,-0.0012760601961225812,-2.9083094984484172,-0.032722826046939754,0.12378128561655617,-0.20579404869199822,0,-0.092820068562841043,-0.2708379827060135,-1.3533951366717776,-1.1973288894223499,45.576817893030864,-0.2065516669190651,-0.39812624398723656,-0.208130569240571,-0.59203648248098939,1.9221580610401618,-1.437609288925612,0.040115256296457333,-0.12488190971598909,-1.1818883627065575,-0.10456412640240242,-0.018158186252546622,0,0
2021-04-23 15:00:00,103.35317891319526,162.0144586340277,-0.71170710048347696,18.278523675512997,-0.30815884160232387,0.0057960242521118196,-0.0020865549738390164,-0.011833028049622222,-0.014299961561137942,-0.032288634635042404,-2.936324778223069,-0.024503951979456793,0.14828864925448415,-0.32949778936935226,0,-0.14670554793609616,0.28878413868825836,-0.69516490580299517,0.53773344742033924,46.447992436585857,0.26601588002662302,-0.21708853877779477,0.34968094671661842,0.073994490846391828,0.24456159375901446,-1.8976077623174377,0.10551578613361204,0.097983350986728474,-0.7988545776176692,-0.040893036534866145,-0.016575689486491543,0,0
2021-04-23 16:00:00,103.35317891319526,157.4808475220305,-1.1774227293205182,18.485365639475543,-0.35793357460022079,0.0059845032764258739,-0.0013232403694936588,-0.030503598582460288,-0.015858641635431818,0.067843798900625141,-3.3622507488649842,-0.025133212847373663,0.11058262749415691,-0.34371438951535965,0,-0.070122578230840185,-0.026055255049946602,-0.34242675500919406,0.57860386477355341,44.705605883619576,0.058066764008542257,-0.090140265072858286,0.23128633401431317,-0.56881034555859444,-1.2031106790021426,-0.76724006032009284,-0.58542409870887724,-0.05999395855033849,-0.96560141387928189,-0.10456412640240242,-0.018041135206999383,0,0
2021-04-23 17:00:00,103.35317891319526,143.11329364086669,-0.60807577669374013,9.1059520206380409,-0.30815884160232387,0.0067062522004579378,-0.0020865549738390164,-0.080109505932775354,-0.015577548946741172,-0.012853543794029799,-3.0681729832728637,-0.027460236014614,0.15709006376515261,-0.45224027404842104,0,0.054393926391597798,-0.34487418470835063,-1.3795835531933245,-0.75523329229399161,41.097873420344484,0.083261545137599854,0.047641555365397027,0.35365724109248303,-0.061123140065344403,-1.6318822744499355,-1.6219507452856836,-0.1215057324079771,0.098226792528981866,-0.71962453067563892,-0.017457298610902713,-0.016718072822213284,0,0
2021-04-23 18:00:00,103.35317891319526,143.73646785582451,-0.86448043221119597,12.651985826311616,-0.36321825753831388,0.0056493850087373839,-0.0013232403694936588,-0.075329582095408937,-0.018750937172792709,0.076792338639408597,-3.2450777288923902,-0.030558418293086299,0.12513692817848174,-0.15594327730676097,0,-0.085778741686661122,-0.50785938719618862,-1.5529606768173734,-0.85295667767861172,37.947638122214627,-0.1854849298082995,-0.59409480044834229,0.29882546169852064,-0.15657704383808488,-1.8937123084826959,1.4304720579069805,-0.6076569550996368,-0.18025640572099083,-0.75278434100199088,-0.01030436859235774,-0.018102667078419687,0,0
2021-04-23 19:00:00,103.35317891319526,145.89975390658014,0.32948704505200915,-4.3801449855817332,-0.35481349927574568,0.0067062522004579378,-0.0013232403694936588,0.056724113799749391,-0.020320269761706169,0.034167072608671856,-2.7334931639251852,-0.027507720418667923,0.1573433019880435,-0.037811457683362644,0,0.22409882325943997,-0.040605660236817546,-0.33417675448128403,0.46526757332034402,46.430132512049958,0.36448353539976686,-0.25448883403383171,-0.039305635256599525,0.0067635799805492863,3.1974221975196273,-0.69406336577595684,0.51999398623508719,0.37155925373683146,-0.6722040603569468,-0.017457298610902713,-0.0098583079974406233,0,0
2021-04-23 20:00:00,103.35317891319526,115.70560341073508,-0.39538312344110388,-14.165787712123407,-0.48584251319729077,0.0059845032764258739,-0.0020865549738390164,0.0066414289814725478,-0.058592625750393659,0.0029566204092538375,-3.659746738758975,-0.02971829849245956,0.1335853872361901,-0.089182017168915217,0,1.0354268218561176,1.253271775393912,-0.47420914294839084,0.61070774896600111,30.076748372369973,0.86978588841747051,-0.11256804948336076,-0.28143738758219905,0.21051227081899174,-0.73827806988014,-0.8077256592122497,0.065555330947209778,-0.13727153559667979,-0.45011723395932757,-0.017457298610902713,-0.013347689953653735,0,0
2021-04-23 21:00:00,103.35317891319526,120.40800154442911,-0.68957474758978654,-14.008726668958584,-0.48981256887024177,0.0065596129570835004,-0.0015956595656907958,0.0066414289814725478,-0.055700496768556929,0.072487866486323826,-3.1066873006943734,-0.030558418293086299,0.12586921842984883,-0.16624080481076187,0,0.42512666930475518,1.0834723404023801,-0.44219887509916966,0.44704484451279519,34.579674508895316,0.14989319926550812,-0.28376717830053289,0.055886496720420585,-0.020990574487466756,-1.1888029207636888,1.0462905108346781,0.0113831438151442,0.07999430408284873,-0.52309227138332948,-0.017457298610902713,-0.010295729258571902,0,0
2021-04-23 22:00:00,103.35317891319526,114.87776908367474,-0.37204107204199427,-14.523700283073133,-0.43475315293425171,0.0059845032764258739,-0.0028018240954546824,-0.0030038294133210687,-0.046683240480858784,-0.048774643905317223,-2.947353652509749,-0.02971829849245956,0.15769748710601011,-0.16504002285020183,0,0.49123981211190043,1.2144242718446585,-0.42111792810564164,0.81527620073203633,29.822081211305687,0.64854252437066284,-0.32514919075283266,-0.37241387403985676,0.10777348886480075,-0.70190230861391933,-0.84877092310114521,0.044829554529363921,-0.071169494649941184,-0.44243517911740138,-0.017457298610902713,-0.0089726668737858013,0,0
2021-04-23 23:00:00,103.35317891319526,113.38825621901172,-0.32792167851013337,-15.165063084315381,-0.43328925387697448,0.0059845032764258739,-0.0015956595656907958,-0.0081624218924656704,-0.02736689780114419,0.0049520478572468154,-3.1534174485504805,-0.031615659390393583,0.16592087492997867,0.16368477040759713,0,-0.5565926557613281,0.85095774195006169,-0.42664482501161971,0.72774300300491057,28.943106191325104,0.63322759381022953,-0.20418403608201585,-0.34594883811419425,-0.034926687859197905,-0.86577434459833869,0.62473968530151847,0.09714242860208018,-0.016063082519557952,-0.55764442969637762,-0.017457298610902713,-0.008713232492516822,0,0
2021-04-24 00:00:00,103.35317891319526,60.832651870144147,-0.98816608071524314,-46.119068468168066,-1.0141505926576806,-0.022368790865099526,-0.012350635451711327,0.0016280614127239879,-0.058648881268880959,-0.054722905145300281,0.34318772970719968,0.0045454252567499378,0.21322114538696049,-0.056123401966935625,0,-0.35495724151196406,0.10269911561756451,-0.41040401906454643,0.34015625633683533,10.681834905121496,1.0644005174637354,-0.32357126333194358,-0.61395162490517941,-0.020567328457654955,-0.50964718951406329,-0.89865963192573917,-3.1118628536289026,-0.15148801282782345,-0.51610087400762839,-0.017457298610902713,-0.017933105329124486,0,0
2021-04-24 01:00:00,103.35317891319526,103.46620149119053,-0.017276098714977445,-6.5433756497884898,-0.38699269819634391,-0.022368790865099526,-0.0028064195737214229,-0.00075046856399185562,-0.038095634462674853,-0.011273074333111465,0.18023290859771796,0.14551991776765988,0.33911276497474829,0.078714364534694992,0,-0.6885187052769377,-3.596794795278031,-0.37309380681229193,0.42243885903081063,12.101977003268779,0.66746586219868731,-0.26041904332557059,0.57914620244065051,-0.16269951410044034,-0.10337139980717823,-1.1794330494599337,-0.16027469606921724,-0.081929163799253857,-0.73458561141664525,-0.017457298610902713,-0.020069386363625513,0,0
2021-04-24 02:00:00,103.35317891319526,111.59523886453854,0.18675171621920586,-8.8616983349488141,-0.088722804858330992,-0.02608072621741447,-0.0028064195737214229,0.0078808776572617846,-0.032475279740690782,-0.0099600139208375019,0.21337989382433778,-0.13263594431946832,0.20234896349636514,-0.043178567580995003,0,-0.41671689350182389,-3.8442956194017088,-0.33473891985905191,-1.1893631159775342,21.688251238788919,-1.1549804893092595,-0.26299621694818343,0.15625229917280414,0.13082974548163481,2.4757859230284907,0.3105771890829872,0.11220980416846557,-0.14123058559911061,-0.67047078710431973,-0.017457298610902713,-0.012399682105007323,0,0
2021-04-24 03:00:00,103.35317891319526,107.3505761104812,0.14261851708327589,-8.7049594396187651,-0.090942381875248252,-0.022368790865099526,-0.0060288693428231545,-0.0023289671855660828,-0.0095015741107825624,-0.011104396961473055,0.25736264357396804,-0.089886280833344018,0.22609988049797533,-0.082616014577541461,0,-0.51898049228230203,-4.4474274299630343,-0.42463136074964303,-1.3093288328596595,21.224379627311539,-1.0698813976082551,-0.25166193649366886,0.99178274296836189,0.051334865531574715,-0.61824233790580996,-0.56004440859895821,0.049581836862658234,-0.1917197939875456,-0.50413917616653925,-0.017457298610902713,-0.01251173594645081,0,0
2021-04-24 04:00:00,103.35317891319526,109.28445983898561,0.4083180832711788,-9.0278771642940292,-0.087377518843234983,-0.02608072621741447,-0.0025607318595202702,-0.0070321588963210731,-0.010661127186124934,-0.0095583632634801234,0.24401417169327838,-0.086996149294399416,0.20571624084266518,-0.13150421558144215,0,-0.48424377739957458,-4.1526779632277213,-0.46083074508787653,-1.0469702579111921,21.24609342864591,-1.0869659424654812,0.87991055444114719,0.10428438085368065,-0.10659347819856417,-0.88567032188381123,0.31457012705042858,0.80664349568499671,0.21947563023740785,-0.85644201224817229,-0.017457298610902713,-0.010245234461069296,0,0
2021-04-24 05:00:00,103.35317891319526,103.20053090969635,-0.23779962762742171,-9.6137880877967206,-0.084322209249362054,-0.22055624094158172,-0.0077809860996915729,-0.001396641262740414,-0.012446131829223942,-0.06288959024956367,0.34464944763014826,-0.096832332372482552,0.2493809695229518,-0.084084143002454176,0,-0.5776137117569824,-4.393281072802707,-0.66017301865241451,-1.289546706541626,20.315062792343308,-1.1413997092262624,0.80304172489435977,-0.12877018109295663,0.23614572330953945,-1.1047068952152375,-0.7727141828253079,-0.37039520227492351,-0.32552907994670788,-0.89415770208512768,-0.01030436859235774,-0.010440839755340008,0,0
2021-04-24 06:00:00,103.35317891319526,114.29897445933528,1.3911389470071862,-9.5259811465186548,-0.095475291152125177,-0.14892708633910831,-0.0013864148796259258,-0.028037174380720533,-0.014051652287392784,0.034904386611746177,0.24874708395252726,-0.09394220083353795,0.1842319340844745,0.21904710312346862,0,-0.36528421132834737,-4.7533045530400591,-0.67233359174329443,-1.1673500983191518,26.330583324038447,-0.71047938927278143,-0.64236606354936465,-0.16874696575620185,0.068879270069599291,-0.97124896539739347,2.4695546037606508,0.12322642733251811,0.38872291397377545,-1.1333396720813513,-0.01030436859235774,-0.01068160234289903,0,0
2021-04-24 07:00:00,103.35317891319526,126.36887347499264,1.403988688096514,10.601330843781518,-0.064398155061227896,-0.28978382732290409,-0.0077809860996915729,-0.05471426136233927,-0.013090254479116653,-0.0605312214534642,0.39707132408026696,-0.31477738988404014,0.23083576131737998,-0.26670564022846877,0,-0.14700984132159786,-0.35349332639745845,-0.63692549172498092,-1.304995432007465,18.139033960831551,-0.79371324373419661,1.2755716105103014,-6.2372063321332449,0.38981354388677503,3.0017974784381143,-1.6788339516583752,0.56187119410987507,0.080966406270175331,-0.82607079292596364,-0.0067647475274512231,-0.0097913542030673636,0,0
2021-04-24 08:00:00,103.35317891319526,25.459987761261623,2.3444194618188496,9.3887474424912902,-0.080695561856169495,-0.16856755430607628,-0.0060288693428231545,-0.0074350343167127516,-0.018207844390478883,-0.046776882737446998,0.37199707984284047,0.11964199980217338,0.34276413390954585,-0.24757217781098881,0,-0.21007082231235341,-3.1938325755456005,-0.38754023533307341,-0.51439936766754657,-78.974400033272502,-0.51669241945385425,-1.0850829620190738,0.60404042165712546,-0.66563324518542988,0.052912994553228794,-2.7516512259522194,-0.88545883468574926,-0.16451419451460284,-1.2994198902330072,0.056418353207971866,0.049846691719088149,0,0
2021-04-24 09:00:00,103.35317891319526,22.480842885600651,-0.17054450365632864,8.6530698628947214,-0.17546302493204621,-0.014525701533933406,-0.010116250461799344,-0.0052181068325546347,-0.0244776014454644,-0.01964234887780137,0.10199548078949877,0.12217641614528342,0.43034969253064853,0.21466164921167136,0,-1.6371404264938652,-2.9282081266022648,-0.53523146492638352,-0.6589878438262502,-81.597251737946493,-0.13548037493909315,-0.66357126982552472,0.39623532426490587,-0.18977492220264994,-0.29358252129507428,-0.38173999319398166,-1.1263758154749446,0.22505468662523009,-0.54814928166508814,0.056418353207971866,0.043183822867182475,0,0
2021-04-24 10:00:00,103.35317891319526,23.571711895384443,0.38601903633518847,8.7254526566665813,-0.15139700168430373,-0.014525701533933406,-0.0065512123474482393,-0.0052181068325546347,-0.0244776014454644,-0.016743153527913078,0.049711041775273482,0.12009837291621062,0.61856313723872347,0.12456866592512315,0,-0.83058392716246821,-2.8309703351343507,-1.9372328535170069,-0.072747399154346692,-81.37068329653448,-0.15435716238135216,-0.63118092540059589,0.41071995664411881,0.024221180298282553,-0.23884057339232981,-0.4761424648956018,-0.97495164629489128,-0.076856102423679962,-0.52696377802262784,0.056418353207971866,0.043183822867182475,0,0
2021-04-24 11:00:00,103.35317891319526,27.350541230755343,0.78711498212644193,8.6511235920099097,-0.14558688036099635,-0.02608072621741447,-0.0025037575526406955,-0.0052181068325546347,-0.036040639505747464,-0.019105809507855138,0.085187815308106096,0.12964031623002831,0.54544388815304912,0.14276387003297747,0,-0.28766908699285104,-2.8712440758223265,-2.5295378068526717,0.014122704651863464,-80.10520114951359,-0.15023238605697867,-0.94017352050262826,0.18193773402206451,0.18551413309458994,-0.81615620694565427,3.2214150701387947,-0.91049936756880834,-0.080277534614625667,-1.1209769094354645,0.056418353207971866,0.043183822867182475,0,0
2021-04-24 12:00:00,103.35317891319526,22.605885356751944,0.058540572820637064,-5.1157527713645008,-0.17320562204023662,-0.014525701533933406,-0.0065512123474482393,-0.003548134225807997,-0.0244776014454644,-0.015871389845414786,0.077887796311208013,0.1788580653165347,0.58788743553097211,0.089029571953916947,0,-1.0397558147950843,-1.5797645962546363,-0.36957938025209275,-0.65331359832329172,-69.827037776438345,-0.72086663360797121,-0.63924773717960814,0.43576873140026301,-0.009136421895230248,-0.30230724820900401,-0.15659241649592484,-0.8270495821726781,-0.069892972914698509,-0.68842781152235522,0.018454870219925791,0.043183822867182475,0,0
2021-04-24 13:00:00,103.35317891319526,23.366253914602112,-0.080707357220135487,8.6623647746843417,-0.090723203794934454,-0.014525701533933406,-0.0068490066423714403,-0.0047627060641650208,-0.015295626714239206,-0.015484391854032638,0.048890008950845415,0.20254807424388951,0.71804174836818779,0.23938928229826484,0,-0.72356921455064438,-2.9051369437822703,-1.2123887717367021,-0.1300540957126935,-81.380134204036452,-0.44933417450967733,-0.44458933620080138,-0.31697844454038371,-0.031296689276813172,-0.42755526843574632,-0.33549247472625277,-0.97586855508698989,-0.058174036073634437,-0.35025571350914986,0.056418353207971866,0.05459867565545528,0,0
2021-04-24 14:00:00,103.35317891319526,23.099210019670842,-1.8143660614368307,7.7791258456901407,-0.15164496096638089,-0.025989704838221533,-0.0029760453373262451,-0.0040518499151259608,-0.013515987621511804,-0.019195918776083305,0.15734268859217609,0.18847853181024352,0.45180376032894121,0.093072177837063161,0,-0.50736991525973074,-2.1880021865900852,-1.8992813681285685,-0.082039196137316681,-76.202045051872545,-0.41981757638313344,0.30314460331300136,-3.5991143743949405,0.19099211436963273,-0.35738346258228676,-0.68605220078617779,-0.069892170944771348,-0.063445397572339218,-1.385398996317881,0.019055134740285418,0.05459867565545528,0,0
2021-04-24 15:00:00,103.35317891319526,24.542785442876674,-0.38010031446323073,8.0375083605325841,-0.1116293920210891,-0.016658149182500737,-0.0068490066423714403,-0.0042711128619141803,-0.011876391580524876,-0.016565678462453593,0.14795716134546544,0.32890464467312197,0.74900317226587432,0.11356960112436204,0,-0.99106191265091026,-2.8349190125133266,-0.46751475297570305,-0.59423693101246833,-77.352894452961408,-0.77261229611776672,1.4157985662594628,-3.5310466924751185,0.24419680075216973,-0.48646263434631354,-0.45261624854971949,-1.3773711251704257,-0.050548522929709572,-0.47205259252488535,0.029356766514869126,0.05459867565545528,0,0
2021-04-24 16:00:00,103.35317891319526,23.368370774624161,-0.40328720865061168,7.8146677600022789,-0.090723203794934454,-0.016658149182500737,-0.0068490066423714403,-0.0042711128619141803,-0.011262322323425831,-0.016565678462453593,0.072196815180849513,0.31864680172296933,0.73708392793947541,0.079688027728833363,0,-0.88787371997271169,-2.8379677965888153,-1.6200956521129077,-0.12168595728333809,-77.06109992769322,-0.52762685698059741,0.97352855357060575,-3.4258462154582743,-0.13019840097683053,-0.41921518857506396,-0.55782539046882373,-1.3587562267216542,-0.053112470009928692,-0.51365498212588745,0.029356766514869126,0.05459867565545528,0,0
2021-04-24 17:00:00,103.35317891319526,29.564676328318239,-0.7806017927502561,5.0739999271867458,-0.10647842393245079,-0.018444792480648495,-0.0025261926510940884,-0.0099823459819760093,-0.011876391580524876,-0.020279363282218434,0.074131010260586674,0.26395472356413507,0.40069367436311754,0.085536038707685419,0,-1.4477236134937599,-2.6522491953630536,-1.9573686391483529,-0.016815391739458389,-72.829998435003688,-0.40303823051170568,3.6054388400807782,-2.8031713634679107,-0.061210503698367953,-0.46067436328912864,1.8999821384505486,-0.44225746519400921,-0.056996354069842353,-1.1779624408310063,0.012817685323499906,0.05459867565545528,0,0
2021-04-24 18:00:00,103.35317891319526,29.840676637186025,-0.33682159819149354,4.551913197227436,-0.12134672986562903,-0.016191581412990392,-0.0076668470356021801,-0.0082584570040686867,-0.012478010753526855,-0.019089862556385968,0.14024456609040714,0.24982803604203405,0.64036184267172613,0.071353991688562185,0,-1.2557458185831707,-2.1128888238687771,-1.8121898363955717,-0.57073442022155663,-73.145016286689724,-0.44322136700014864,3.7530272585823119,-2.997318124922995,0.39377094573952409,-0.1331913929303109,-0.18791576731171541,0.86732859265475681,-0.055419743928090522,-1.0105443516611954,0.0097036752332620782,0.0560046383938506,0,0
2021-04-24 19:00:00,103.35317891319526,23.299360116128231,0.091624083343294624,-4.0996328410623661,-0.094453685511174876,-0.016658149182500737,-0.0062186476474232789,-0.0018180201303780548,-0.011262322323425831,-0.018112239014369369,0.063377489457581537,0.33711231765190958,0.71671831454883872,0.07109489643575452,0,-1.1189261720438719,-2.0148932878516237,-0.78276490456135095,-0.70798079328525831,-68.188589729693376,-0.70022721530072862,0.78326440065860581,-1.6249926267123644,0.054508913117004489,-0.5396745806443396,-0.46114883847676402,-1.2340393356326407,-0.04629159956912219,-0.57265654735414673,0.012817685323499906,0.0560046383938506,0,0
2021-04-24 20:00:00,103.35317891319526,24.815863461807766,-0.41729574997359481,-6.1305608911864873,-0.10885138172168722,-0.016658149182500737,-0.0062186476474232789,-0.00014804752363141709,-0.011876391580524876,-0.018112239014369369,0.062886904264385396,0.28242023949307532,0.42865674575554569,0.060146358668565179,0,-1.3611905129249313,-1.7126702715049531,-1.4368176834088748,-0.26168054221211939,-65.399813100618161,-0.60834746553299268,2.3629047804366818,-1.5896803639166677,-0.093923820346968778,-0.14959459192046007,-0.34353174832717509,-1.3429358556969921,-0.047402416998480128,-0.74584293248391864,0.012817685323499906,0.0560046383938506,0,0
2021-04-24 21:00:00,103.35317891319526,20.942167316897688,-0.42585146957329895,-5.9243913217122381,-0.09788596239994117,-0.025989704838221533,-0.0061754774797520545,-0.00014804752363141709,-0.012914368448509825,-0.056439573077170103,0.095442814754897021,0.19712564574877453,0.68183199453844001,0.083417021996237753,0,-0.49332707393812486,-1.6847819244365949,-1.5603533835282819,-0.33965653308744653,-66.346319399224754,-0.65973331255518286,-0.22603697923105967,-1.8668697531960581,-0.40166789409798609,-0.90961973959917886,-0.46599492301466977,-1.165695103584738,-0.054906681482297298,-0.80977876093376178,0.0097036752332620782,0.0560046383938506,0,0
2021-04-24 22:00:00,103.35317891319526,22.592794907830147,-0.23772681998012099,-6.1898820810719508,-0.11589981450775036,-0.016658149182500737,-0.0068490066423714403,-0.00014804752363141709,-0.011876391580524876,-0.018788921485481998,0.10448960844802294,0.25243152857410467,0.59717371205229974,0.070673819798770854,0,-1.257991954569784,-1.7144431003834328,-0.29978382997678488,-0.708124264544294,-66.287683103665429,-0.99970482328968202,0.82819394738825869,-1.7903582156372289,-0.15980167682821353,-0.5000555360792549,-0.38762946882287891,-1.1945924881004548,-0.050069505224164569,-0.73410174624781177,0.012817685323499906,0.0560046383938506,0,0
2021-04-24 23:00:00,103.35317891319526,25.975601380075336,-0.39345076298639908,-4.5245385705537604,-0.12602576082388742,-0.016658149182500737,-0.0068490066423714403,-0.00014804752363141709,-0.011262322323425831,-0.01862877389880712,0.06022798225628901,0.29426730174278293,0.97157335812920054,0.071426286593891358,0,-0.94677789385334099,-1.7346061759250175,-1.0119400467035182,-0.31349936821174168,-65.305377029373219,-0.71966080957976231,0.67317261116248461,-1.7598407132501517,0.094817905431974409,-0.3817107361038668,-0.57172610771772148,-1.2042745471749885,-0.046486258914567098,-0.51842422141099809,0.012817685323499906,0.0560046383938506,0,0
2021-04-25 00:00:00,103.35317891319526,38.15901326052974,-0.60138125328177705,-11.683632725139853,-0.54573441850524695,-0.025989704838221533,-0.0036089865052130075,0.00036637666963420742,-0.014532637685405948,-0.018207742488582045,0.073333693090848431,-0.14007206931749239,-3.0163801653331146,0.014537581400091721,0,-0.28672296406270631,-1.1171982324449743,-1.638054988197841,-0.37518241105377292,-45.403033228923505,-0.62278501621750004,-1.0841337059332614,-1.767881833375833,-0.14890083804339205,-0.95161917784302119,4.1662526648871943,-0.031071553600451256,-0.070608042133314897,0.034265612910428234,0.0097036752332620782,0.054106438067493504,0,0
2021-04-25 01:00:00,103.35317891319526,17.749293312969257,0.024848037454872549,-5.2388379580922004,-0.22011411000895539,-0.016658149182500737,-0.0072296541964413132,2.8698202445797717e-05,-0.012637822771854677,-0.014757587141378608,0.066242054149618659,-0.16777741423178277,-3.1055559884142601,0.035861393872331546,0,-1.0239606205720071,-1.597522353342917,-0.38008715824163541,-1.0431951561949926,-66.970594755099071,-0.90758934532664159,-1.0077845955457334,-1.7616684680423706,0.13474760235386121,-0.45566371159315044,-0.53402884146883089,-0.81010710220592541,-0.060443347080962148,-0.59421248495465073,0.012817685323499906,0.051995552125740849,0,0
2021-04-25 02:00:00,103.35317891319526,16.873846920708836,-0.05077818102432332,-5.8771222592927597,-0.079237612755350406,-0.030670982755832882,-0.010748086530847042,0.00036637666963420742,-0.014532637685405948,-0.058967229668913788,0.111843441638526,-0.12908033839056704,-2.3250063986472567,0.09044392703914729,0,-0.45797250908919157,-1.2662099347518174,-2.3592447842750186,-0.36082483674330895,-67.413943019174354,-0.73607622062077771,-1.0216687576400567,-1.7584974920625227,0.053251589819027806,-0.84527913544740629,-0.88175744153201518,-0.078117791045887064,-0.061286476940835437,-0.98703752529559952,0.012817685323499906,0.0560046383938506,0,0
2021-04-25 03:00:00,103.35317891319526,15.179222979979709,-0.59967807887955171,-5.8769424621586293,-0.08152010164333208,-0.016658149182500737,-0.010794692310792416,2.8698202445797717e-05,-0.012637822771854677,-0.018487369861935499,0.05977774508328302,-0.16757294813621915,-2.100342723457612,0.032285618822163534,0,-1.8360525626631401,-1.5960297414091988,-0.39274981194604541,-1.0943383196563274,-67.38116611871348,-1.2190639410852722,-1.0262784824970035,-1.7630761668532491,0.048858473917745698,-0.45511393726618321,-0.70261652692679544,-0.96735797874398977,-0.06207006359515025,-1.0031807932001828,0.012817685323499906,0.0560046383938506,0,0
2021-04-25 04:00:00,103.35317891319526,16.400892895663141,0.018915677519874132,-5.8720979048824438,-0.059499759187793225,-0.016658149182500737,-0.010794692310792416,2.8698202445797717e-05,-0.012473539661262283,-0.019116811786991643,0.019569753472433518,-0.13418241641937559,-2.176928256742396,0.028881281135432417,0,-1.4613989566428811,-1.6018654865264985,-1.712529378682021,-0.10549785450648584,-67.244959905150736,-0.80998491591639099,-0.90202475628157996,-1.680672603222821,0.18516234171544316,-0.22202844289926138,-0.65213952355339166,-1.1067051327703035,-0.056650427826673351,-1.4175280753335395,0.012817685323499906,0.058075534584961411,0,0
2021-04-25 05:00:00,103.35317891319526,29.45758824252896,3.9758521255371315,-6.1318688362259302,-0.088289110661824627,-0.28978382732290409,-0.0036659608120925826,4.7488334558475477e-05,-0.009159640634434342,-0.0051295815681524151,0.078478430040704081,-0.13758099435800925,-1.8482106846168813,-0.041495378004923041,0,-0.41004334384570024,-0.94433971288865159,-2.3103320172901536,-0.019210049457354005,-61.465101969586215,-0.87808831335838733,-1.4144805216567777,-1.6663538489338712,-0.051892493545026723,-0.61163136109162697,2.3538920982868192,-0.35362012534135251,-0.079927509854156378,-1.6153333416116444,0.012817685323499906,0.058860124477142416,0,0
2021-04-25 06:00:00,103.35317891319526,19.533793710442808,2.5944269942820961,-3.8750807829210818,-0.064021263953903312,-0.077759714468737764,-0.010794692310792416,-0.001833603408307868,-0.007738426376889233,-0.017733886327627537,0.062095741112996324,-0.16656520384466664,-2.3366482026788109,-0.025030354903862226,0,-1.5977016488804316,-1.8051314996029915,-0.47844158769830825,-1.1715028261609899,-67.307159719972333,-1.0885844368213535,-1.1395108114647521,-1.7540115992855634,1.0036119891287316,-0.79484870381357775,-0.64245288143879009,-1.3877836964147945,-0.070619524705000533,-1.7302426696232593,0.012817685323499906,0.058860124477142416,0,0
2021-04-25 07:00:00,103.35317891319526,38.64215264339304,4.2431759220179535,5.2740806087816301,-0.036111052329413432,-0.038327935422247765,-0.010794692310792416,-0.0099979292599058217,-0.0079669032752806949,-0.017786840861538023,0.042570310931387828,-0.06939771275866026,-2.5381377038999355,-0.034833130663794877,0,-2.4146050814343316,-2.4916716309161169,-2.1492086684050444,0.085393520292850689,-69.423656854419605,-0.64816077669066607,-1.1904633947180197,-3.0801488954257077,-0.78154926650059364,-0.10465743963337797,-0.70070172451950474,-1.4106946765658817,-0.063365153032934551,12.79512524201553,0.012817685323499906,0.058047903878358342,0,0
2021-04-25 08:00:00,103.35317891319526,65.339870498383092,7.2156561030486603,8.6547638172712418,0.40665179453888878,-0.038327935422247765,-0.0038128192324269269,-0.0042711128619141803,-0.0071712634111598134,-0.0015836359141431892,0.080035788943481914,-0.070925807943260241,-0.99668069731759812,0.32165391155158785,0,-3.896674522079199,-2.5781622441903975,-3.0265839120787206,0.97346166892374231,-67.852441463214319,-0.56129398429399291,4.6118262400210055,-3.2286564923698364,0.6140404245558303,-0.11358005422081312,3.9323063187116323,-1.275652733302264,0.033612297975338316,18.711097227105594,0.029356766514869126,0.058047903878358342,0,0
2021-04-25 09:00:00,103.35317891319526,42.134404512074099,-0.43862540845834619,8.0329144660699239,0.23759953633862346,-0.011638637579745951,-0.011311795505052609,-0.0040518499151259608,-0.0083642762257162273,-0.015968154387526249,0.13904507895974888,-0.083007399153182962,-1.0547700634603532,0.33505453937837759,0,-1.4175319281457366,-2.2272858013325312,-1.7283435841681583,-0.30728307755035394,-72.799011625303677,-0.87393556487347213,4.5334943396120417,-3.4694702209454791,-0.33732224126101368,-0.32902301730567568,-0.84117541065907586,1.7347014503044051,-0.011710847461338499,9.6617850340606797,0.019055134740285418,0.057406923106355166,0,0
2021-04-25 10:00:00,103.35317891319526,26.920752624601921,0.15478502820721776,7.8714312171228462,0.25213065009131858,-0.011638637579745951,-0.0065992952014931518,-0.0042711128619141803,-0.0071485877956152027,-0.010912265708070192,0.065664500980502,-0.080542264681718975,-1.4019953242598633,0.33375084748196682,0,-1.7776198323860948,-2.8262424070728143,-1.4224180108250484,-0.5880387688143025,-75.868385567238988,-0.88069207302568664,3.2522111978230148,-3.3196184434786309,-0.12019286212768182,-0.54390122431562871,-1.384918986611102,-2.3084589884056794,-0.0074686375082382035,4.1218998699768967,0.029356766514869126,0.057406923106355166,0,0
2021-04-25 11:00:00,103.35317891319526,37.311152641065661,0.31098323790764149,7.9212139545880991,0.30794268967469024,-0.01264378277753027,-0.0026741679549019287,-0.0042711128619141803,-0.007762657052714248,-0.013406178973107629,0.049960809090952803,-0.080542264681718975,-1.2289613394805843,0.3225639345597523,0,-1.6091948017784421,-2.740014722381809,-3.107286096786817,0.60596225128963943,-73.712630996508892,-0.57574592429036775,4.1602594159223525,-3.3438256256927059,-0.84416480320703957,-0.12235884218630388,2.9071555122682837,-1.6118573199438513,-0.014727626950941125,6.327538128232038,0.019055134740285418,0.057406923106355166,0,0
2021-04-25 12:00:00,103.35317891319526,28.833881481539706,-0.46538902540359006,-4.3907745802307261,0.24980589439436018,-0.011638637579745951,-0.010742920866461647,-0.0026011402551675421,-0.007762657052714248,-0.053902729336046735,0.072508604204535573,-0.077480284492203774,-1.2361629361642745,0.070481133979801047,0,-1.3511671824785987,-1.5595252474589747,-1.8120560551073595,-0.37198008787089792,-65.655552933494775,-0.73470100604764277,3.9213867113539953,-1.9969657275377666,-0.6576694104110532,-0.26880391254683533,-1.086642668501939,-0.54272186331064243,-0.053867523409469688,3.4475181556290031,0.0097036752332620782,0.057406923106355166,0,0
2021-04-25 13:00:00,103.35317891319526,23.296866064005084,-1.2055944361946773,7.7778269354269796,0.24980589439436018,-0.011638637579745951,-0.0065992952014931518,-0.0042711128619141803,-0.007762657052714248,-0.010912265708070192,0.065664500980502,-0.080542264681718975,-1.247604489513686,0.074107712309139345,0,-1.7709250632913491,-2.797838216633306,-1.7588430876847123,-0.47305165233960167,-76.322521494422617,-0.79505915385527437,3.2815974507020114,-3.3179707269072405,-0.20640416402519007,-0.58696283947287009,-1.1683163618704728,-1.9366592544439045,-0.057543572665474808,2.1749417137815508,0.029356766514869126,0.057406923106355166,0,0
2021-04-25 14:00:00,103.35317891319526,23.945309317618797,-1.5121939565527551,7.8774233563652816,0.25166934133751034,-0.011638637579745951,-0.0065992952014931518,-0.0042711128619141803,-0.007762657052714248,-0.010912265708070192,0.062016131970557976,-0.080542264681718975,-1.2316741358044025,0.10139451095278794,0,-1.7581057922942409,-2.7412381716927898,-2.3363852164143708,0.093391739266990584,-76.204341093095408,-0.5627025686509276,3.2024789473118296,-3.2960351227004394,-0.12855907908296438,-0.31900157425536202,-1.1313283414300825,-1.929801783015217,-0.05368375285287303,2.2437695085248111,0.029356766514869126,0.057406923106355166,0,0
2021-04-25 15:00:00,103.35317891319526,30.748731083188652,-1.8969623472565429,8.174657193657076,0.099033224265192302,-0.015692669098244624,-0.010187860057032207,-0.0040518499151259608,-0.0088079245647852931,-0.053054983459914086,0.17839242305170561,-0.12163180650400722,-1.1796254683067453,0.12958098694994138,0,-0.77316971703369841,-2.2901598769258382,-2.9836075124295891,0.0095745970758653841,-75.331110653325069,-0.52562413665010421,4.756793577828053,-3.588638235133593,0.089747187190646394,-0.79482376561479717,-1.2803489998333191,1.2670250873610887,-0.061360874881015076,3.5331445157566193,0.019055134740285418,0.057406923106355166,0,0
2021-04-25 16:00:00,103.35317891319526,25.415981870558522,-1.4230741861599472,8.2279192288427545,0.10214562298404853,-0.011638637579745951,-0.0065992952014931518,-0.0042711128619141803,-0.007762657052714248,-0.01020254131107535,0.16219402141570932,-0.085035850888609196,-1.0399230776159276,0.10422367973430838,0,-2.0720890067566091,-2.7332980625559955,-0.4031623830696161,-0.48685560370719311,-76.052564182104788,-1.7527397549477308,4.289783117106392,-3.3023693755291528,-0.043722020514895758,-0.67330620452688994,-0.82310936100865684,-1.8644233969736259,-0.052423546706399975,1.9383438547318215,0.029356766514869126,0.057406923106355166,0,0
2021-04-25 17:00:00,103.35317891319526,24.606607647623385,-1.5318889815998173,5.1722174067712468,0.11544574334712288,-0.011638637579745951,-0.0065992952014931518,-0.0099823459819760093,-0.007762657052714248,-0.012478738868014252,0.062588568925083909,-0.079491070915553741,-1.2104509119478104,0.070049546866800261,0,-1.7481467743286863,-2.6118282960393153,-2.2056475159483186,-0.099199472804556266,-73.578165017335465,-0.57866104980889399,3.2030348398561865,-2.8229304084090638,0.092430684765030413,-0.31694615553563898,-0.83979803189900437,-1.6255382478584968,-0.051734336520246248,1.8163252811015804,0.012817685323499906,0.057406923106355166,0,0
2021-04-25 18:00:00,103.35317891319526,21.924446693195151,-1.7162408871599175,4.7625105256872313,0.095593725659688544,-0.015692669098244624,-0.010748086530847042,-0.0079632957575912818,-0.010418903157595319,-0.055303152612745148,0.094896718167455582,-0.073983154293745315,-1.8029453017291954,0.10553467012380413,0,-0.44076284162484747,-2.1294070932207725,-2.165597247892642,-0.27324139261007518,-74.510158494538572,-0.56868504421791932,-1.1400766084943206,-3.0757766533760766,-0.19861343651131103,-1.246193988728407,-0.89229083142069687,0.32821457342515276,-0.057493217775891774,3.5075933066099183,0.0097036752332620782,0.058812885844750494,0,0
2021-04-25 19:00:00,103.35317891319526,20.553258177588667,-0.94828276640458575,-3.8416544146632625,0.098346378878162943,-0.011638637579745951,-0.0072296541964413132,-0.0016412744043008403,-0.008524088244044048,-0.013102466805216399,0.060247714506064788,-0.11362179273192764,-1.5523753150186304,0.08322810231688138,0,-1.5446227309302913,-1.8716025008598003,-0.37513312022539613,-0.77126981146096174,-68.211341926635399,-1.2143657379842123,-0.94171694762523939,-1.7194911066109413,-0.011463386023881725,-0.66866258566213976,-0.42742856943365476,-1.0567402712807077,-0.048665629415570129,2.2472012317204162,0.012817685323499906,0.058812885844750494,0,0
2021-04-25 20:00:00,103.35317891319526,19.076660801383127,-1.4630754561072226,-5.7601741442544983,0.1785552987787738,-0.011638637579745951,-0.0072296541964413132,2.8698202445797717e-05,-0.0079100189869450027,-0.013731908730272547,0.020332569611933561,-0.080231261015084127,-1.8628374096621789,0.022427922853747,0,-1.2823713405653774,-1.6406572226217906,-1.2959095456588909,-0.30341027350942085,-66.334937707568599,-0.86081903907771007,-0.81725136084513172,-1.6836800208598475,-0.15482713911852139,-0.31154155626533919,-1.2815745604745077,-1.0514957733466685,-0.053845018390555062,1.7096558764074319,0.012817685323499906,0.058812885844750494,0,0
2021-04-25 21:00:00,103.35317891319526,33.678221585692931,-2.475221309855332,-6.0539838223957991,0.16233936031741344,-0.01264378277753027,-0.0037112126994425492,7.1215423156801823e-05,-0.0083642762257162273,-0.01666244174798738,0.11707441672813587,-0.09499954553812226,-0.95089339385679417,0.010094945956124566,0,-1.4367055564709581,-1.1407601242835606,-1.8976603439347495,0.37779212424837677,-63.148392792075626,-1.0188407915993822,4.2452821839414696,-1.7230161735453489,-0.63538633777823561,-0.24989816679334811,1.0327837534544726,1.7592238129037592,-0.071646753924232143,3.4906511239489286,0.0097036752332620782,0.058812885844750494,0,0
2021-04-25 22:00:00,103.35317891319526,20.597025651020505,-1.466292601130692,-5.8189265340109575,0.11487652579143391,-0.011638637579745951,-0.010949052179479678,-0.00014804752363141709,-0.0080391288876557835,-0.056095465612098709,0.050244807695016297,-0.070003079260269122,-1.7089563206480454,0.089518203917804171,0,-1.0711176712603701,-1.6039138422276249,-0.96672216752600604,-0.7510343133306796,-65.989343620575568,-0.92448463982416484,-0.53398926383513934,-1.7928381744160882,-0.58203801356036489,-0.35595083599382737,-0.39030919395564501,-1.185062926531699,-0.055935863482383059,2.2744800326951276,0.0097036752332620782,0.058812885844750494,0,0
2021-04-25 23:00:00,103.35317891319526,19.564713582043975,-1.2302282561633056,-5.2845148137305822,0.111339952479453,-0.011638637579745951,-0.0072296541964413132,-0.00014804752363141709,-0.0074250596305567391,-0.014018430185197628,0.038373292744358814,-0.081354832279476041,-2.5526509306132237,0.059874285889455203,0,-1.290165446455164,-1.6547249413440641,-0.73009674640287425,-0.83951903808090411,-66.084356273347851,-0.94749095528084437,-0.40080782113800112,-1.7461359057087709,-0.18839241995325073,-0.70021880093715505,-0.65792207229800714,-1.448739920387123,-0.053650359045110153,1.8617459288484799,0.012817685323499906,0.058812885844750494,0,0
2021-04-26 00:00:00,103.35317891319526,50.520031571828959,-0.49024551012698714,-10.624650361597071,-0.19029737549940734,0.0049607307716949961,0.049681788804850427,-0.00014804752363141709,-0.007762657052714248,-0.015596894578794549,0.080151784359063297,-0.092575229541138934,0.77119154426894898,-0.012244940311080112,0,-1.4748279110390707,-1.5494155657670119,-1.9587499753075466,0.60218494805862066,-41.995897942238472,-0.68414705994036074,2.7400187175430553,-1.5885453248847787,-0.56776614943319137,-0.31456550505149117,3.0501836559835964,-1.7112896165321854,-0.049866286345357218,3.1286267467132469,0.0097036752332620782,0.058741419667623029,0,0
2021-04-26 01:00:00,103.35317891319526,108.66014986636993,-0.10430381628720456,-8.4055633492030211,0.14998019493249096,0.0058223073290065291,0.1508829164330891,0.0045100217835760776,-0.0086733003945306184,-0.026036475047462097,0.21675905543127585,-0.18078238541072678,0.68935919823259773,0.052157370751927223,0,-0.01277893967395655,-3.4975836696055711,-3.0130783819039686,0.080018727401611395,13.301052840816673,-1.5018478119487564,2.7451259407005648,-0.21893011550579486,0.21154722623415861,2.0846029585013173,0.27363277378299866,0.35263184875125969,-0.044100903631113131,1.9247353403656251,0.021564812621119828,0.05626656771743109,0,0
2021-04-26 02:00:00,103.35317891319526,109.28041150747916,-0.076303955870815857,-9.2751230402579825,-0.10485440499398388,0.0091210763245062488,0.049240565201933685,0.0027222851781171817,-0.018075180420441216,-0.0081390134739886422,0.18209013347137207,-0.032231645058246286,0.22177713609800034,0.12060678347428117,0,-0.58021817684802102,-3.7350733555744373,-0.37039863447899385,-1.1135115348742348,21.706061142480031,-1.9555942145942111,-0.62881165781753245,0.13942148317884565,-0.23475810473248446,2.2238310579899134,-0.17869652545776743,0.38927801199975454,-0.076179748116664156,-0.69685440325981107,-0.01030436859235774,-0.021789116690910191,0,0
2021-04-26 03:00:00,103.35317891319526,108.24031272075619,0.28741324374667493,-13.429777816407274,-0.14097501232977458,0.0091210763245062488,0.024461817084739323,-0.010963760794066737,-0.018075180420441216,-0.0068467553377860677,0.17917462653868457,-0.032097926789230728,0.21715461668089578,0.13987835569883394,0,-0.60238627101816744,-4.0282493072299914,-0.55897764087909896,-1.2663544433601297,26.214421254909819,-0.98669715169570038,-0.44298515049583714,0.23370447027263308,-0.19325528311205389,-0.59079769231601753,-0.019167647139111128,0.75760045480117588,-0.076120977819884805,-0.73645024255364677,-0.01030436859235774,-0.025313480206507987,0,0
2021-04-26 04:00:00,103.35317891319526,106.97649157240366,0.43370575398069799,-9.1835872953241324,-0.14371851216567491,0.0075389399448310274,0.11856776374218875,-0.0023289671855660828,-0.015695018274084181,-0.008987025825691131,0.20357897194514391,-0.032097926789230728,0.21535804126113023,0.11558443972973391,0,-0.66453348003856438,-4.4463919635267821,-0.36521939053682473,-1.2832835494145263,21.337450250884274,-1.0236601714560805,-0.43366497385130243,0.60883993697449723,-0.05777881055420845,-0.50999257151230837,-0.56767975214423316,0.3118024225364362,-0.079991757342210409,-0.87834263471321472,-0.01030436859235774,-0.021855692543612814,0,0
2021-04-26 05:00:00,103.35317891319526,104.93258562769824,-0.019927201325170552,-13.943049158651128,-0.13368482442314319,0.066061788805317337,0.024461817084739323,-0.0064032361578795155,-0.014459161106793794,-0.0063845768566878798,0.18711272963718667,-0.030034743163744035,0.17954758513974517,0.12960308293273676,0,-0.51133294217564629,-4.0909151816822407,-0.80054459529746902,-1.2002403106558319,24.95150089706512,-1.1000086826471327,-0.53974758352115559,0.096363410179838349,-0.078996986359903251,-0.49130376038692786,0.047382587794977143,0.15587804557193344,-0.095540895305359766,-1.1633349609746126,-0.01030436859235774,-0.022292060425442548,0,0
2021-04-26 06:00:00,103.35317891319526,110.74089944265809,1.3945084855255607,-7.2224517531154149,-0.072379033077570737,0.063477118767488766,0.059649386336047813,-0.011847880303569838,-0.0131826199811702,0.054971662002579372,0.27222821342795001,-0.030034743163744035,0.18868692842059467,0.24782357046363915,0,-0.3700339436522781,-5.0883014609041801,-0.78965668649008147,-1.0814361224548632,20.083791283974954,-0.7271993429825917,-0.43238034582727453,-0.34343270484344834,0.019265758290796475,-0.68983394769994844,2.2546585584069616,0.88686143523470984,-0.070979161885031158,-1.1740661540720978,-0.01030436859235774,-0.01068160234289903,0,0
2021-04-26 07:00:00,103.35317891319526,112.60501891224982,2.3469843539874775,8.4664450256757267,-0.015187485263141443,0.12351441820320502,0.15302605996060104,-0.021236776984096529,-0.013090254479116653,-0.047359615198120812,0.3589889759767233,-0.077490258989296693,0.19765367846401741,0.32283136726814643,0,-0.45666423634741343,-7.6449470866507783,-0.55103181928126799,-1.1618425249333315,16.328162219110105,-0.024190941654287472,-0.34821737078577875,-7.1934712305511761,0.42341685507011301,-0.68119741378166077,-0.81141088785021942,0.7054683259604847,-0.064904073907367132,-1.0427296134035187,-0.0098883363583793793,-0.0097913542030673636,0,0
2021-04-26 08:00:00,103.35317891319526,182.59328755074796,1.4786958516181941,22.952410794454622,0.018151753137657697,0.085636231103933702,0.027266159299309881,0.0070598907289622327,-0.0131826199811702,0.096981907866713526,0.28620178010357017,-0.027154263586583176,0.16103055208488756,0.57010932406043868,0,0.17099105249308247,-0.085869156011474365,-1.0931415050758053,-1.0140402238282991,46.675014886149285,-0.81620845110489793,0.81379686688164754,0.16254387627881434,0.21706985321524866,3.6851796290635495,5.8822134569274622,0.728012184839676,-0.16349217878417643,-1.5140482557621218,-0.040893036534866145,-0.010227722084897098,0,0
2021-04-26 09:00:00,103.35317891319526,178.29069717061552,0.34075699662277764,21.385245463517698,-0.080834144584884429,0.010425922299610028,0.024461817084739323,0.019403092804882754,-0.014437304636024616,0.052966957164525659,0.25501649568772977,-0.021969906157974468,0.1514673177474726,-0.18941733116252191,0,0.099783791252157195,1.8436440047560267,-0.13774247240410684,0.27468736543819178,47.876945349684512,-0.70743805084343525,-0.61489097795139169,0.075594575724818688,0.082808643226850165,3.2087049261371825,2.0541488661252529,-0.15436395914462636,-0.023295957103031291,-0.81200850235122546,-0.040893036534866145,-0.021251684980081034,0,0
2021-04-26 10:00:00,103.35317891319526,168.13473743160839,0.27823640729057969,18.462524284163607,-0.085318024325514469,0.0091210763245062488,0.026023727266708638,-0.0061885801792310804,-0.01330414659668111,0.0012947637516768523,0.22173882507263482,-0.022173359213929884,0.1477081204790528,-0.16201773476131343,0,-0.042069129488339782,0.29818398405132918,-1.227884363980922,0.4909380526378217,46.199654866254818,0.2934947556181895,-0.40646096950136601,0.29624503123346163,0.072456735524341592,0.49944184161443739,0.29526967216201544,0.23034238938689128,-0.11460554039587356,-0.9038391461676305,-0.040893036534866145,-0.016361983273297125,0,0
2021-04-26 11:00:00,103.35317891319526,168.77229434365719,0.20657116804702391,19.570442448616856,-0.095249366548521786,0.008843785919934807,0.026023727266708638,-0.0021549918661419249,-0.014047046534957589,0.074891526653362545,0.27826339026103986,-0.022366222992508861,0.11290836676443773,-0.2227933431300749,0,0.033588972125439771,0.20680570152793465,0.30806293155908521,0.47748013296194641,46.19782078547297,-0.10845581998416008,-0.57884722466711191,0.32044859148417049,0.030212519867034458,-1.7604805239722652,1.3719374201496122,-0.11326402671075805,0.076813263399355527,-0.90278843557790167,-0.040893036534866145,-0.02065926309563702,0,0
2021-04-26 12:00:00,103.35317891319526,123.92811519109048,-0.41085315811395201,-19.881886839217586,-0.086098276954359787,0.0091210763245062488,0.026023727266708638,0.030579144060928608,-0.021685296136412846,0.0042291075963323873,0.21121617024012318,-0.021969906157974468,0.14136290000877028,-0.090448800057805062,0,0.28365504094500593,0.30427267628547733,-0.25114803590696894,0.5760262373669548,39.86045746667957,0.35159918695986853,-0.42384863618128371,0.20816704929265545,-0.38872524254272706,1.2754701761679992,-0.037008354143642827,-0.29614878956603097,-0.030581025778217759,-0.73690619349200703,-0.01030436859235774,-0.019630758458411005,0,0
2021-04-26 13:00:00,103.35317891319526,154.86773718380468,-0.22975643164393422,22.80778248074958,-0.090720765878866863,0.010839084704490463,0.026023727266708638,-0.0035755739632700304,-0.045313220871649212,0.10211487906930514,0.29569713908999234,-0.022366222992508861,0.10376155067669739,-0.035386054939255743,0,-0.410518337452626,-10.138003494362142,0.10717452609028276,0.56444782472001731,38.466898677895443,-0.6090815062379088,-0.6683522645685086,0.30168510583961899,-0.27073456771617982,-1.3636343903692663,1.150616276187993,0.37734570275269713,0.26718755033681035,0.48507060910759581,0.21883007896585266,0.11652588815245316,0,0
2021-04-26 14:00:00,103.35317891319526,160.90167599990102,-0.71171901253272907,16.948304432282068,-0.089112574390124932,0.0091210763245062488,0.041035581152167336,0.0025531221814102945,-0.020360385830240493,-0.0031306544141556487,0.24555537393085483,-0.032505238365187206,0.21728668170073751,-0.29998685372336209,0,-0.2397816250230228,-0.30836979925695657,-1.3201515989495685,-0.93223123620137338,46.195190437053988,0.29699218759010149,-0.53820899786738652,0.36812185728990976,-0.18419562013538604,1.9997474474398567,-1.2990525225419742,-1.8141627558797158,0.056992812338390035,-0.97891125247388644,-0.040893036534866145,-0.019630758458411005,0,0
2021-04-26 15:00:00,103.35317891319526,162.59796081599615,-0.88826367462807831,17.137096905319929,-0.10291934757396763,0.0095342387293866852,0.026023727266708638,-0.016508247831385076,-0.051303122221594756,0.010666915938544144,0.27904577738262337,-0.021736873229198015,0.11219264662434257,-0.21231833220825808,0,-0.11512146014266256,-0.19905883856058565,0.26790027416115397,0.60393313729824971,45.80088569638167,0.24585344418054489,-0.31787817532409823,0.15675273649511126,-0.63106261196106028,-1.2148285042107152,-1.1137274811862117,0.38771488069632709,0.24430514647689833,-1.0271735655747571,-0.10456412640240242,-0.02065926309563702,0,0
2021-04-26 16:00:00,103.35317891319526,157.71810717013298,-1.341511467272638,18.256518503015709,-0.10153930772622649,0.0095342387293866852,0.041035581152167336,-0.068169302576140248,-0.034299992626291895,0.046187413524693882,0.28333980728387265,-0.024500293485776245,0.13064492827308546,-0.13945165381535202,0,-0.090644792085540854,-0.61976893259141141,-2.0426275987830458,0.20717270102236215,43.398920712225554,0.018790877474564927,-0.25403727881671812,0.091862117144558483,-0.63474961728888357,-1.6028328115657509,-0.58322532292332496,0.44280586676849193,0.047035565300426956,-0.94792079068806512,-0.10456412640240242,-0.019076766329581937,0,0
2021-04-26 17:00:00,103.35317891319526,148.18088101309559,-0.49992829691094892,9.0260855428882323,-0.086280192222757277,0.0095342387293866852,0.041035581152167336,-0.078708042488358207,-0.059487222885657831,0.0040022493564471941,0.21636909469758031,-0.024500293485776245,0.16227679143782586,-0.18949523259462264,0,0.066622208371117514,-0.534968862776943,-1.4117376668859336,-0.78303622974271103,40.939883759629687,0.089160023942109992,-0.20866609643382691,0.24639060422279085,0.20412042903377459,-1.3933290989096641,-0.5174932633072179,-0.10122510590833672,0.46363541823946242,-0.71515086496052338,-0.017457298610902713,-0.01995007367605816,0,0
2021-04-26 18:00:00,103.35317891319526,149.26908698003874,-0.93662121856090541,9.2964125664251576,-0.10536338975744371,0.008843785919934807,0.026023727266708638,-0.073928118650991789,-0.019349456461437198,0.07715788746203095,0.27270218010313563,-0.03060402311276789,0.13478642931397958,-0.10482475349278612,0,0.22020790336444568,-0.58800029974683043,-1.5661160271665058,-0.92529032661982891,41.644493717241197,-0.20282693522873183,-0.56873241388458284,0.35959186630276258,-0.13955533836821121,-2.2450663289170882,1.6857053566806277,-0.018132694412651931,0.47684541319476631,-0.73135719133062205,-0.01030436859235774,-0.020789882127533334,0,0
2021-04-26 19:00:00,103.35317891319526,122.53237711613492,0.071188480124649026,-5.5590666188746996,-0.13340182407367529,0.011116375109061907,0.1325128456280168,0.073443196600521121,-0.059957970551352525,-0.0014286059423283416,0.30480887079406005,-0.026085505813316288,0.16462499875598854,-0.21815025082133299,0,0.74366208049161575,1.0136893547470645,-0.24252108634519656,0.65261532517286713,22.808056440729917,1.046655070067162,-0.28825888813241074,-0.29572275109688284,0.2415667159450948,-0.25650277974298191,-0.90055272262618136,0.45352591938576176,-0.064338871722976296,-0.46048239677082065,-0.017457298610902713,-0.014339899487106313,0,0
2021-04-26 20:00:00,103.35317891319526,114.99891896047922,-0.56856262194046114,-13.032212519713243,-0.087874729842496141,0.0095342387293866852,0.026023727266708638,0.0066223103287615867,-0.063685942044954327,0.046817858439832764,0.20368344579950723,-0.03060402311276789,0.1340272723927346,-0.068924449575842137,0,-0.51880528890826827,-4.229687961463644,-0.42108436253393106,0.47113184662112761,29.081255436411091,0.76915851656578849,-0.5545151490032616,-0.53667087480880005,-0.01292750309838642,-0.76824276224373811,0.77666556537222819,0.59128358125478786,1.035356949544084,-0.58158227023368869,-0.017457298610902713,-0.012982944307685545,0,0
2021-04-26 21:00:00,103.35317891319526,122.40801359981202,-0.5003454030218023,-14.786540044184152,-0.092120025342792705,0.011116375109061907,0.031381304791919008,0.01525779818660911,-0.067269672034936098,0.015171249722734712,0.30604278608253066,-0.034691827075750678,0.18655315725986832,0.17845135573503623,0,0.45271881040608924,1.0703066206169782,-0.70003323861542632,-1.2415953634833288,32.825531070806022,0.19542368312657996,-0.62263115405330938,-0.17880270122753431,0.014073264986778241,1.50197458021388,0.089733307229833845,0.78954178530961772,0.30991334658153047,-0.68558114310632634,-0.017457298610902713,-0.01128793879202448,0,0
2021-04-26 22:00:00,103.35317891319526,120.50458126667441,-0.49775448577922693,-14.354967837124597,-0.10285895447207408,0.0095342387293866852,0.031381304791919008,-0.0016023659689039238,-0.027738826610398878,0.0023906952836374759,0.21091222834459741,-0.03060402311276789,0.1535071862037983,0.10319813636238104,0,0.4377017334371387,0.70049870205574716,-0.42996742990326148,0.50916026445937523,31.281398186526381,0.46212111649592752,-0.11582427190475386,-0.31646311821910311,0.15777653373650855,-0.93465073546146871,0.49328670452843337,0.11023227686746848,-0.086565016533539166,-0.58422885400308622,-0.017457298610902713,-0.011013736639530536,0,0
2021-04-26 23:00:00,103.35317891319526,110.7205244520818,-0.28831349538669721,-6.874781409366415,-0.09449857522180917,0.0095342387293866852,0.24289583055032293,0.00045325306332402477,-0.052021065603772391,-0.063434663613770939,0.26303350304553774,-0.030099030945780789,0.20315655195124979,-0.21881472057826795,0,-0.55282183641330851,-4.9109298674334072,-0.31126510755498948,0.82329410240826861,22.012329092662295,0.62912689342814487,-0.13653688100857106,-1.3627026189284308,0.06420440148993177,-0.83208136215282102,-0.72441846123932863,-0.0079086791618637672,0.047088584897280843,-0.43867210347956148,-0.017457298610902713,-0.011013736639530536,0,0
2021-04-27 00:00:00,103.35317891319526,61.800129754031175,-0.98865518880904824,-41.890626826252138,-1.1337064888077604,0.0095342387293866852,-0.012350635451711327,0.0021903902254099016,-0.043823414749296491,-0.055811930266876066,0.45317019306043238,-0.075172815499493104,0.32048124331356476,0.4477035853397518,0,-0.35001892168969811,-3.4933003186927922,-0.38650617026340561,-0.79416179465947512,11.174303242846774,-0.73325770412608338,-0.58184293394233999,-1.1518311604140976,0.058094943696817475,-0.5688421394072869,-1.608291230809082,0.36236378253246226,0.15426073908568977,-0.63064575710332671,-0.017457298610902713,-0.018848788439674118,0,0
2021-04-27 01:00:00,103.35317891319526,103.18526328944375,0.28468483432722308,-7.6133990623582974,-0.17017995057368532,0.0095342387293866852,-0.0059198959431191554,0.00085046108111669913,-0.032475279740690782,-0.06926957920568351,0.29989096170925894,-0.14545793207829727,0.56395965998409969,-0.11848616284489444,0,-0.44688906454953747,-3.6532542608604834,-0.42897845162214221,-0.99809170310542084,13.842799094368374,-0.96561435304956922,-0.43343335073002132,0.65733792390708368,-0.034754904052427017,-0.19280004301203427,0.29131251396741681,-0.03921619944979908,0.074254587903592989,-0.81415492063439665,-0.017457298610902713,-0.012707487307701184,0,0
2021-04-27 02:00:00,103.35317891319526,112.05933868487695,0.12533547537543754,-9.1437120353545502,-0.093594037851833164,0.011116375109061907,-0.0025037575526406955,-0.030307046131626884,-0.038538770320478352,-0.0079636564074382164,0.18950375307951497,-0.029766373026451156,0.20800641694152308,0.20881770156548185,0,-0.37135009547635267,-3.8205578922500982,-0.33814671738880053,-1.1720722695629344,21.820241786492719,-1.1067688526316721,-0.19643455446704514,0.036129792698359968,0.1578310834184723,2.561409722166383,-0.12778419242786226,0.34559674693421688,0.23534355220679704,-0.68223290597447017,-0.017457298610902713,-0.013982178871062402,0,0
2021-04-27 03:00:00,103.35317891319526,109.82121794580002,0.23694584072329181,-13.212487691126665,-0.089589090691251788,0.011116375109061907,-0.0012438212076986092,0.025064972054713905,-0.016046354721014389,-0.0050744326652458344,0.20617424023993702,-0.032097926789230728,0.21953718112269852,-0.083981013352478512,0,-0.4919561658160439,-4.1236945121867565,-0.53454080440915519,-1.2063079670710437,26.411109468741088,-1.0014422920108155,0.93162063922241978,-0.00058894924418366966,-0.016079324407169648,-0.66608312183214458,-0.025902250814088965,0.78065400904862781,-0.13016952364621351,-0.68554252563670726,-0.017457298610902713,-0.013898627418235178,0,0
2021-04-27 04:00:00,103.35317891319526,107.01758244142881,0.43943494411900358,-8.986587476732403,-0.082228273895647977,0.0095342387293866852,-0.0077809860996915729,0.0011576554402692751,-0.015352134389902641,-0.012582421283390622,0.21233031837293309,-0.032097926789230728,0.23447740788907687,-0.13726646533289955,0,-0.61927976935300155,-4.593810477110944,-0.37851428119415764,-1.2796033442758621,21.291038125425843,-1.0565913060311614,0.85977968491808265,-0.34528843254892166,-0.085541359549049373,-0.67649813967326244,-0.87113844712407096,0.31060849180002459,0.18919498910932803,-0.67509294782051266,-0.017457298610902713,-0.010440839755340008,0,0
2021-04-27 05:00:00,103.35317891319526,102.89595623120528,0.032912866610133727,-14.204006138870165,-0.067987522564855241,0.066061788805317337,-0.0013864148796259258,0.015592480724510848,-0.013820032333468985,-0.0069215958990820814,0.17591728392785028,-0.10366659307624669,0.19938462412594676,-0.18552233050938091,0,-0.52186838207651542,-4.5915074371261966,-0.78998344116186314,-1.1389389022526706,24.915093211264701,-1.0845344257834397,-0.74603298932914464,-0.85304985826355428,-0.038816147736003642,-0.61114014995370358,0.29238377565516593,0.12185153986171536,-0.18670716039675678,-1.1093491545231593,-0.01030436859235774,-0.010877207637169742,0,0
2021-04-27 06:00:00,103.35317891319526,110.75612462647359,1.5315964174079257,-7.0683183836790073,-0.072379033077570737,0.063477118767488766,-0.0030330196442058203,0.03002584650471226,-0.0131826199811702,0.051262316226863822,0.2720092578618849,-0.030034743163744035,0.19080305851839641,-0.21691836852614321,0,-0.36595171097328866,-5.0782628864845911,-0.75531749840178486,-1.085003022094182,20.003331426301592,-0.70320575218602588,-0.49468489258245607,-0.56290998994214558,0.019033056588292772,-0.65570994838341878,2.3545009722572461,0.93286296969044757,0.2157607141880265,-1.1358196009796373,-0.01030436859235774,-0.01068160234289903,0,0
2021-04-27 07:00:00,103.35317891319526,111.80628869867986,2.4191356416586194,8.4985712777110596,-0.015187485263141443,0.12351441820320502,-0.0077809860996915729,0.051030493348550851,-0.013090254479116653,-0.072028277904934643,0.35830689956462392,-0.077490258989296693,0.21500457228326481,-0.16052061005970955,0,-0.4416734395699084,-7.6344208072886577,-0.54509082402693954,-1.1218362909389525,16.134410343055375,-0.0040587372282657923,-0.31187277940544167,-7.0168591263007238,0.39298456122258979,-0.85632098385498034,-1.0855769286694816,0.7037432513277424,-0.052793095441256183,-1.0073110968084602,-0.0098883363583793793,-0.0097913542030673636,0,0
2021-04-27 08:00:00,103.35317891319526,179.62224534953003,1.407428739792727,22.464363939110463,0.023541285213515811,0.085636231103933702,-0.0013864148796259258,-0.044762466247479211,-0.0131826199811702,0.093432418963966535,0.27974482641862403,-0.027154263586583176,0.16018853592756219,-0.59332994544215423,0,0.1598550028561829,-0.1543659336246728,-1.0964090337867198,-0.98298617651537479,46.340911755169309,-0.79653388039625073,0.56889761960290275,0.13083411636809084,0.1754738463678738,3.5550221656515522,5.5603826930408404,0.49025994847173376,-0.010005019689569981,-1.455670174955108,-0.040893036534866145,-0.010227722084897098,0,0
2021-04-27 09:00:00,103.35317891319526,178.01284913040422,0.28475733181750645,21.384730994053534,-0.080834144584884429,0.010425922299610028,-0.0012438212076986092,-0.083807510514465305,-0.014437304636024616,0.049599872785975808,0.23584756465601905,-0.021969906157974468,0.15259440272319899,-0.29548243028588272,0,0.091034803888777605,1.848747432993026,-0.1259670037630507,0.26038624286184486,47.911283956549333,-0.69788303606365787,-0.61686944272675726,0.11682431786431734,0.083386755999377601,3.0612070395273112,2.0721657701270026,-0.1679311251968201,0.084678589124319206,-0.81943033341003979,-0.040893036534866145,-0.021251684980081034,0,0
2021-04-27 10:00:00,103.35317891319526,168.16903600633665,0.23451414271270352,18.50621537661398,-0.085318024325514469,0.0091210763245062488,-0.0013232403694936588,-0.00033183841500313699,-0.01330414659668111,-0.0021075252352620124,0.20256989404092415,-0.022173359213929884,0.14865844008424067,-0.25021044528481684,0,-0.051093453947914577,0.30065208843575975,-1.1769954646933665,0.44510614305022039,46.256286171939287,0.30045412143518474,-0.40843943427673168,0.3367441493876927,0.073034848296869029,0.44282839664615486,0.29725522861864101,0.18958798440217492,0.052892487996972139,-0.91151150467707176,-0.040893036534866145,-0.016361983273297125,0,0
2021-04-27 11:00:00,103.35317891319526,168.77229434365719,0.24146907053527125,19.587768880845015,-0.095249366548521786,0.008843785919934807,-0.0013232403694936588,0.00080943643542344922,-0.014047046534957589,0.073961989971850661,0.2887722020023073,-0.022366222992508861,0.11244931212049682,-0.16876757238802412,0,0.032712280731954632,0.20433759714350422,0.24228135637309403,0.47833715628762558,46.26596893319298,-0.11764430266127214,-0.57888370492787145,0.3265702416329247,0.029634407094507008,-1.7147695654040436,1.37989288965778,-0.14743457775514884,-0.023464406790884844,-0.90919180347942752,-0.040893036534866145,-0.02065926309563702,0,0
2021-04-27 12:00:00,103.35317891319526,123.65026715087916,-0.41885367346890839,-19.836596513169017,-0.086098276954359787,0.0091210763245062488,-0.0013232403694936588,-0.11999255508663698,-0.021685296136412846,0.00082681860939351134,0.19204723920841252,-0.021969906157974468,0.14269756910949147,-0.099537212857464932,0,0.27463071648543114,0.30427267628547733,-0.24670729335111716,0.56172511479060783,39.885697198261752,0.33592709790339448,-0.42582710095664938,0.25067661128080732,-0.38872524254272706,1.1758079649525688,-0.017492054289998435,-0.32173509377909881,-0.052291489216950517,-0.74757177014040643,-0.01030436859235774,-0.019630758458411005,0,0
2021-04-27 13:00:00,103.35317891319526,154.84247992655045,-0.22434400711261915,22.978375584983109,-0.10410285117007106,0.010839084704490463,-0.0013232403694936588,0.0064917648239358715,-0.046393420252648282,0.10118534238779325,0.28231595780554231,-0.022366222992508861,0.10649741964492272,-0.13355498049851999,0,-0.39948161091265527,-10.134792881479015,0.096930359872230018,0.55838367743987349,38.538444326856492,-0.60328315489130269,-0.74829722144692612,0.28576425439233105,-0.44541026396584882,-1.3493603713872493,1.1523011225261042,0.62864129638415178,0.1349645347009788,0.48552054619376361,0.21883007896585266,0.11652588815245316,0,0
2021-04-27 14:00:00,103.35317891319526,162.03395632189137,-0.65343426760056522,17.012822340709462,-0.074945389162959689,0.0091210763245062488,-0.0020865549738390164,-0.019957019592614925,-0.020360385830240493,-0.0047722677099029239,0.299811867598204,-0.032505238365187206,0.2104055196668963,-0.19863320805747364,0,-0.20917100370425362,-0.30843194148934949,-1.293525048408811,-0.88467181872263478,46.236316837623384,0.26775084383592096,-0.53962115797074306,0.39491801473985755,-0.21444932417938722,1.9453535554388173,-1.2696187170645692,-1.7925727815407821,0.86731141358479924,-0.98375414145922446,-0.040893036534866145,-0.019630758458411005,0,0
2021-04-27 15:00:00,103.35317891319526,163.28556841561979,-0.81135989369431372,17.170396688403866,-0.090720765878866863,0.0095342387293866852,-0.0013232403694936588,0.033821925155482685,-0.050222922840595687,0.009737379257032313,0.29505007229593244,-0.021736873229198015,0.1138185037503843,0.14918473598272461,0,-0.10951973367014912,-0.20123764275735925,0.10813409006970413,0.60479016062392899,45.818923181350627,0.23526311559888038,-0.34369160844782576,0.19354475907319468,-0.56887339390707337,-1.1661226653900634,-1.0438786826732835,0.47710789189543473,0.27140160120470896,-1.0244080286104675,-0.10456412640240242,-0.02065926309563702,0,0
2021-04-27 16:00:00,103.35317891319526,158.23895542593746,-1.3305458900196154,18.254915576028218,-0.10288749836840148,0.0095342387293866852,-0.0020865549738390164,0.17920014829444228,-0.034299992626291895,0.044848496358630578,0.28238831866531511,-0.024500293485776245,0.13086071982075004,-0.30187451781407565,0,-0.091350472838114705,-0.61727760780061447,-1.953379322242885,0.20405962895455274,43.471592201701597,0.007811329452962739,-0.25742070010764695,0.11549334124915638,-0.65405994943585488,-1.5324964542197728,-0.58011667914319509,0.45733672810849463,0.28550267233835169,-0.95183006115158941,-0.10456412640240242,-0.019076766329581937,0,0
2021-04-27 17:00:00,103.35317891319526,148.04679509384866,-0.5466710751545476,9.2787029495718691,-0.10044737744992252,0.0095342387293866852,-0.0020865549738390164,0.23107682704486196,-0.059487222885657831,0.0026633321903839053,0.21206221399840627,-0.024500293485776245,0.16593307290922141,-0.14776965049725407,0,0.058174838140276908,-0.53672309265031359,-1.3338866080887601,-0.73173333408387398,41.088576984919527,0.072546169297112426,-0.30475809641434776,0.27883468152162744,0.058031189681347822,-1.3246044121699163,-0.53037609280231257,-0.22025992394291297,-0.14376748148205912,-0.71804172898214824,-0.017457298610902713,-0.01995007367605816,0,0
2021-04-27 18:00:00,103.35317891319526,149.32011191537825,-0.95786799875616935,9.562409508581954,-0.10401519911526871,0.008843785919934807,-0.0013232403694936588,0.22008300221891927,-0.019349456461437198,0.076228350780519066,0.27175069148457798,-0.03060402311276789,0.13660324823254544,-0.25346784450795445,0,0.2193312119709605,-0.63823731456767729,-1.4987088054354292,-0.9284033986876381,41.677293635687548,-0.21212534413723075,-0.56578282591257523,0.37801418231429479,-0.14570923289143303,-2.1737402087547291,1.6807891717829495,-0.02798401511810961,0.060431506533171787,-0.73643213477652569,-0.01030436859235774,-0.020789882127533334,0,0
2021-04-27 19:00:00,103.35317891319526,121.93328178934442,0.13403953644947234,-5.5941547368869626,-0.12923931092480614,0.011116375109061907,-0.0067379413031194955,-0.25657356618466409,-0.059957970551352525,-0.027262843790818257,0.31372238605089631,-0.026085505813316288,0.16038634957189118,-0.3493913126238628,0,0.74560081593282401,1.0130593283796663,-0.2264371214672499,0.5712359883694037,22.68324151314776,0.93677108559285571,-0.27492932553606031,-0.2575370296646286,0.29906147114779885,-0.46189849701563107,-1.0531227683163822,0.24612339941209713,0.69428558425119535,-0.47341582908896573,-0.017457298610902713,-0.014339899487106313,0,0
2021-04-27 20:00:00,103.35317891319526,114.6955924306053,-0.56880414649361799,-13.182764897040588,-0.08986965162248356,0.0095342387293866852,-0.0013232403694936588,-0.028147885230801278,-0.059744947666082952,0.044546662185769942,0.20003164700435488,-0.03060402311276789,0.13371239613338437,0.19684412325657535,0,-0.53799145228428447,-4.229687961463644,-0.41485666871914134,0.46578320609888935,29.080532882353424,0.73026365975305907,-0.49851647688752271,-0.51627793740320571,0.063533842306742958,-0.70876631629048981,0.73100277162088723,0.59016613972773446,0.56562666692228003,-0.57136887117969803,-0.017457298610902713,-0.012982944307685545,0,0
2021-04-27 21:00:00,103.35317891319526,122.22910157136995,-0.50834591837675835,-14.875956644503761,-0.092120025342792705,0.011116375109061907,-0.0015956595656907958,-0.071733895765575498,-0.067269672034936098,0.011509918541989171,0.2983341554106449,-0.034691827075750678,0.18701342009678337,0.17845135573503623,0,0.44369448594651445,1.0703066206169782,-0.69099629622211711,-1.1869120949624066,32.853954305829546,0.24395505507974524,-0.62442918242997381,-0.18579876114770474,0.014073264986778241,1.422420678492329,0.11086833379353704,0.78491497282670197,0.30991334658153047,-0.69600841604205343,-0.017457298610902713,-0.01128793879202448,0,0
2021-04-27 22:00:00,103.35317891319526,120.50458126667441,-0.49773972615835077,-14.436445028152622,-0.10285895447207408,0.0095342387293866852,-0.0015956595656907958,-0.00097501013965789474,-0.027738826610398878,-0.00026143513013690686,0.22142104008586475,-0.03060402311276789,0.15229088306714667,0.093210922366365662,0,0.43682504204365358,0.70049870205574716,-0.42007448114342644,0.52594219263997111,31.309916841240639,0.47969506297670239,-0.11713562695168973,-0.32265462613293872,0.15989521709886889,-0.86084403441290924,0.53231441033946625,0.10146689379528162,-0.13908265904507283,-0.58512796668184475,-0.017457298610902713,-0.011013736639530536,0,0
2021-04-27 23:00:00,103.35317891319526,109.99167807141215,-0.28796541344585985,-6.9279896566581058,-0.09535411327474462,0.0095342387293866852,-0.012350635451711327,-0.0073352356635575256,-0.052021065603772391,-0.074129087989865367,0.26341489259332374,-0.030099030945780789,0.20687186235420574,-0.19782716440269132,0,-0.54131132374378088,-4.9101286626842313,-0.30475067416659618,0.94184423432438502,21.838140720764901,0.57598393913088941,-0.13467310887696812,-1.4142668701375554,0.06420440148993177,-0.79125976704884848,-0.77482161058851384,-0.090989500562665249,-0.15054380323569713,-0.43520737143874982,-0.017457298610902713,-0.011013736639530536,0,0
2021-04-28 00:00:00,103.35317891319526,62.083163762861368,-0.95624557578749048,-41.850571546467755,-1.1337064888077604,0.0095342387293866852,-0.012350635451711327,-0.0023225815411506536,0.20510910098096938,-0.055230412464482521,0.45495805583788174,-0.075172815499493104,0.32157946077794874,0.42434699792090824,0,-0.35105778364883894,-3.4912589741553433,-0.38067803270066014,-0.7994343525983939,11.191706197806303,-0.86432676381001849,-0.53301512180849298,-0.94308295359749983,0.12542633682831184,-0.58716522986087194,-1.6143113171483545,0.35925590155388509,-0.039128286046801221,-0.63656648232392887,-0.017457298610902713,-0.018848788439674118,0,0
2021-04-28 01:00:00,103.35317891319526,103.67856724309384,0.35349827676501872,-7.5899438750701034,-0.11125074241636498,0.0095342387293866852,-0.0059198959431191554,-0.0022779855338567307,0.15180946017462901,-0.068688061403289966,0.24186142568189953,-0.11757847545326809,0.56214519410199715,-0.11718341624488156,0,-0.58607950437932077,-3.6470358488866386,-0.42946241932431606,-1.0638952545160139,13.86183327064435,-0.94620101795436284,-0.44061265064055533,0.90599389752037385,0.027054864780443926,-0.16427647652996188,0.57484905281804044,-0.33307918555994209,0.076147229855453538,-0.78568898539845589,-0.017457298610902713,-0.012707487307701184,0,0
2021-04-28 02:00:00,103.35317891319526,112.66128333307046,0.14760021945497448,-15.433593469217138,-0.093594037851833164,0.011116375109061907,-0.0012173791317507043,0.0038210591735681038,0.18314978725468331,0.027153118276039785,0.26169645638471717,-0.029766373026451156,0.19359159544180604,-0.012489885133198061,0,-0.37334853676296181,-3.8671454368132294,-0.46113550648050189,-1.344284096576396,28.362885844195208,-1.3700136339733506,-0.28344388046419117,0.35725831072748226,0.12666346938711059,2.085398359792602,0.82972039625272453,0.66947916065571411,0.058367784252456506,-0.70873261624886363,-0.017457298610902713,-0.013575366192129559,0,0
2021-04-28 03:00:00,103.35317891319526,105.35102094373154,0.23519812921617989,-8.9233013231533036,-0.082347428337219725,0.011116375109061907,-0.0062109288315370156,-0.0014272111869936517,0.047193637302752105,-0.054701427960810463,0.18567999579942554,-0.095842182102351417,0.26207847059127909,0.032636649501971829,0,-0.35385322188670931,-4.6222914752646735,-0.50251439324499625,-1.1322831830707325,21.142575212320335,-0.98785274081839303,-0.82700529598618999,0.16834165414662158,0.08690501502237935,-0.77622629822397748,-0.705990469241074,-0.52072566647032548,-0.086276103011898878,-0.46506472512521296,-0.017457298610902713,-0.01251173594645081,0,0
2021-04-28 04:00:00,103.35317891319526,108.95976910143015,0.75128737565346349,-18.204164080007736,-0.080466514178727216,0.010839084704490463,-0.0013864148796259258,-0.010508360025677125,0.075857108409138826,0.044643488563874616,0.24551301250158905,-0.10572977670173338,0.21590899592863236,-0.12098195028253447,0,-0.49124731250486564,-1.4528116800607493,-0.59008844009377925,-1.1461662642617338,28.736574673403293,-1.4086260727225113,-0.76595277132506978,-0.2666716609779064,-0.10601176871973365,-0.90646370874880144,1.4490022184091327,0.70456416795598809,-0.15174342077246877,-0.79044084007722604,-0.017457298610902713,-0.01068160234289903,0,0
2021-04-28 05:00:00,103.35317891319526,103.06200748527928,0.13775321913615973,-14.126495225975287,-0.085336056075276723,0.066061788805317337,-0.0022338360548998133,-0.0021615763148887255,0.059809694775666909,-0.0093495032496843395,0.18518601592620007,-0.10366659307624669,0.24106113029468546,-0.04315293067104102,0,-0.31044232835984631,-4.7130860232301703,-0.89001838713526449,-0.90129075584857354,25.230353668599271,-1.1085382874618792,-1.3851711992871885,-0.14831597663405358,-0.1537048181628925,-0.78091536867366784,-0.73965955683452145,0.30432042510017537,-0.073968079985970492,-0.91746565917438661,-0.01030436859235774,-0.010440839755340008,0,0
2021-04-28 06:00:00,103.35317891319526,115.82247380393885,1.6475466906617697,-12.719836623154961,-0.099269227135100543,0.063477118767488766,-0.0013864148796259258,-0.028037174380720533,0.059363985997499709,0.047690321408861619,0.26479546677632737,-0.029170189250592039,0.18420268703297066,0.29269960301945758,0,-0.34252288985927093,-1.4991029285186646,-0.89488259814966664,-1.2326076987241419,28.874520659430061,-1.4571539593127412,-0.41390393944446002,-0.14351835244102754,-0.031248323605025757,-1.3966793128289228,1.973660839641568,0.04770433383007109,0.38961363573260072,-1.0656748489349439,-0.01030436859235774,-0.01068160234289903,0,0
2021-04-28 07:00:00,103.35317891319526,140.6179090701082,1.540476718541699,14.047852516224895,-0.067593231869387108,0.095568628902274425,-0.0022338360548998133,-0.013355839117882528,0.064336971925472886,-0.056601729763355334,0.29788377835779239,-0.0083644589189860782,0.19488162607393239,0.14030474086114694,0,0.10301984633787582,-0.54476225056600325,-1.0681142475833749,-1.5341376925032042,30.638134531103201,-0.82906785002663119,1.3221637995128983,-5.8712748935069641,-0.47465934994015724,3.1635909980797723,-2.3572512556514034,-0.14499757096815821,-0.32045939114001193,-1.0336474869881944,-0.0067647475274512231,-0.010198166882000205,0,0
2021-04-28 08:00:00,103.35317891319526,170.11072696032292,1.6692563201105213,25.661413743693348,0.02138106810719731,0.095568628902274425,-0.0013864148796259258,-0.033048026439441491,0.063891263147305685,0.087361686525605386,0.2851338472847384,-0.020848804974383604,0.15253144176911948,-0.49782964289616694,0,0.23269509497054708,0.090976373627546486,-1.3765573395215669,-0.69241272514979724,41.012201723686175,-0.89505029638072364,-0.014303950367573259,0.037623135361582218,-0.074143514679665026,-1.6160859043003157,3.3238493631880406,0.78440656489860527,-0.1068034898765744,-1.3808280788332132,-0.040893036534866145,-0.010550983311002717,0,0
2021-04-28 09:00:00,103.35317891319526,173.34828453083534,0.26671128329263988,19.342399312858131,-0.092157402537750691,0.0091210763245062488,-0.0021287103888810487,-0.02411418078886161,0.071675788652872191,0.011460432777455279,0.25916386004431846,-0.021969906157974468,0.16679585759371282,-0.072266762099463935,0,-0.054481568037771384,2.2734409759388483,-0.34813370633069707,0.25426198214244844,46.931850066978704,-0.67885222355785835,-0.26712544802454835,0.12776921194604457,0.016756867417630942,2.4084799114252333,-0.80975593058336381,0.62500118080188427,0.39398381737031357,-0.73221794466863488,-0.040893036534866145,-0.01966918821402595,0,0
2021-04-28 10:00:00,103.35317891319526,169.43809855347945,0.34317180615295789,18.527836561963223,-0.086687476604047492,0.0075389399448310274,-0.0013232403694936588,-0.0029898440196619424,0.068129637644837662,0.022758052706619188,0.24263984497122329,-0.022366222992508861,0.12044796161651321,-0.13884910700928621,0,0.073636189991574397,0.28225478461887676,0.13973792880535596,0.45265417304055067,47.122001682695284,0.33388501577989921,-0.35792111189698905,0.35808713799266673,-0.056908489496532447,-1.2889258561408516,-0.37707680935346777,0.45460484706716892,0.82340519762948072,-0.89587239403828667,-0.040893036534866145,-0.018056533880795693,0,0
2021-04-28 11:00:00,103.35317891319526,166.51913009041067,0.21712991762911271,19.233413557150847,-0.095249366548521786,0.0075389399448310274,-0.0013232403694936588,-0.029102135138043144,0.077327862366929442,0.025722674875229681,0.27225127888293454,-0.022366222992508861,0.12108869612324269,-0.24747660701312721,0,0.059085618624422111,0.011314410897722737,-0.21315239784581638,0.47073812788311198,45.744949029230263,0.28397162580211838,-0.40487193634924273,0.30966496304094066,-0.13154419905325868,-1.3159542294987687,-0.41579823146486278,-0.077251382979587072,0.17811957341365903,-0.83072284976616606,-0.040893036534866145,-0.02065926309563702,0,0
2021-04-28 12:00:00,103.35317891319526,124.78590735798161,-0.3516095664658006,-20.344511309741385,-0.086066427748793611,0.0091210763245062488,-0.0020865549738390164,0.044837393335638548,0.10289398731135026,0.026450248357484898,0.21907487776576906,-0.021969906157974468,0.15558388534727366,-0.098146397623579462,0,0.23638644746359452,0.36747990453517432,-0.23262969622406809,0.74221107959595123,40.041366229033848,0.34223960986895996,-0.55458703081264182,0.56920468448578876,-0.48297456759443841,1.5320453693571781,-0.26984153438974401,0.146787750539701,-0.022031075091412347,-0.61437184248134746,-0.01030436859235774,-0.011823820638563218,0,0
2021-04-28 13:00:00,103.35317891319526,167.63641323810779,0.031014920858504439,24.307106850069051,-0.08972190146894217,0.010839084704490463,-0.0013232403694936588,-0.0035755739632700304,0.22687664859453496,0.090142651840180582,0.28097041909079923,-0.022366222992508861,0.10904109220916447,0.17896310371518631,0,-0.5294318494933028,0.10514767035459732,-0.14308112132598991,0.52920949587380195,40.840318381693905,-0.094789812844729524,-0.92055344746758438,0.22127770166841601,-0.52853807543109954,-1.6594197740908505,1.3416832550343376,1.0305104768911675,0.10198205585750565,-1.003825074597152,-0.10456412640240242,-0.02065926309563702,0,0
2021-04-28 14:00:00,103.35317891319526,165.16462196097675,-0.75864525102994773,17.253752411893387,-0.080113058789574684,0.011116375109061907,-0.0020865549738390164,0.020662709372642744,0.077587077671071231,0.0078301444073711965,0.26687368797304029,-0.028527697606619652,0.15191477558017114,-0.29501180686692741,0,-0.24659795798276496,0.18442021505628645,-1.4134167046069694,-0.02343503820158516,46.355657990285472,0.52117526588529439,-0.37117293058767126,0.03206801175761026,-0.08036298142538445,2.376605923396534,-1.3439565803099758,0.0730963884928406,0.081359369814699045,-0.88403892900712422,-0.055681049067194288,-0.019630758458411005,0,0
2021-04-28 15:00:00,103.35317891319526,160.53254949752403,-0.33229414627966808,17.252433630922599,-0.075791846323823256,0.0095342387293866852,-0.0012048182558615441,-0.01023366921547136,0.04113454785952695,0.011463797075557985,0.19068631850882239,-0.025595453822839367,0.16828339852204929,0.05665161353327821,0,-0.070513093388309148,-0.26460607245651008,-0.25416146642097692,0.61409291702426294,44.140620075388092,0.037855362877791482,-0.31839843342882101,0.2027443117490795,-0.45709463414011425,-1.0210690791080499,-0.11870439281699544,-1.4375923822290078,-0.038637301735342904,-0.99571863816146589,-0.10456412640240242,-0.01995007367605816,0,0
2021-04-28 16:00:00,103.35317891319526,160.24143630931232,-1.3071058156793545,18.478315246038754,-0.09095059085074865,0.0095342387293866852,-0.0020865549738390164,-0.068169302576140248,0.23451159838259492,0.045427963062465805,0.28404235051801452,-0.024500293485776245,0.13035021598528634,-0.29988935759591545,0,-0.083165205590442826,-0.4076184469312949,-1.3941050126132188,0.19060778795284403,43.17699490117721,0.042897030457053578,-0.14652276485004437,0.31490745182808666,-0.52327976049586988,-1.6457541582720587,-0.044464119540143718,0.77424828202168228,0.30137472565125578,-0.93370211950072057,-0.10456412640240242,-0.019076766329581937,0,0
2021-04-28 17:00:00,103.35317891319526,148.58904648137295,-0.56991255534380092,9.0709351819254653,-0.087466658045258106,0.0095342387293866852,-0.0013232403694936588,-0.078708042488358207,0.32789125300765098,0.02728700410407622,0.22641976197008529,-0.024500293485776245,0.12873981003834678,0.16539472936898397,0,0.11094970019383922,-0.60853019254258256,-1.4962658579819506,-0.86103402771706528,40.822762227757174,0.18502365782351879,-0.28280330251897695,0.16231770672887108,0.40158187112437416,-1.5439206758468054,-0.42821537024832262,-0.11048349296477358,0.53221902314872038,-0.80303501913648334,-0.017457298610902713,-0.021532570442113243,0,0
2021-04-28 18:00:00,103.35317891319526,153.89458198400482,-0.90163315440081659,9.7297198863900682,-0.091335274315446718,0.008843785919934807,-0.0013232403694936588,-0.073928118650991789,0.088507771142814051,0.073371390401201525,0.27000300985555481,-0.03060402311276789,0.13311396583825516,-0.02754415749102174,0,0.19148904446001885,-0.096259120622114544,-1.5264658136177713,-0.99232896906920964,44.77495968168985,-0.23184943201415709,-0.57719231514922786,0.51345986036320723,-0.13066933326655983,-2.4306441025639844,2.324722500193483,-0.093670518183716925,0.39790275629666466,-0.72814875819427449,-0.01030436859235774,-0.020789882127533334,0,0
2021-04-28 19:00:00,103.35317891319526,140.07053814598228,0.63978613167191112,-7.2386283909819049,-0.090390043365396897,0.011116375109061907,-0.0028018240954546824,0.068078284393547794,0.28623915323650073,0.037295974131897551,0.34202281002755397,-0.025882052757360875,0.16456836223798915,-0.3708031387415488,0,0.83300083228874167,1.270929506482215,-0.10668400661223744,1.1462931789228223,37.386593492422428,0.55016160599128283,-0.18235378293813836,-0.2884416889578742,0.34826742400752908,2.8361615030713727,-1.0278462772827941,0.72663076544003202,-0.042633649414241824,-0.52615857086402207,-0.017457298610902713,-0.0097054420259694001,0,0
2021-04-28 20:00:00,103.35317891319526,122.10119865962704,-0.38792208368519904,-14.023079093189731,-0.096329009402402355,0.0095342387293866852,-0.0028018240954546824,0.013201484905034297,0.31968965499154772,-2.024319779135933e-05,0.27423742130950557,-0.029041789848473502,0.15620002115487841,-0.22139986623452795,0,0.63246852057329017,1.0953463355522413,-0.44289287829226837,1.1625553014081911,30.215463805748303,0.80745911961277728,0.072394903095538241,-0.43073242941399653,0.3200617783096486,-0.2996080046223798,-0.19783294875042845,0.25988050319389666,0.027187602191057911,-0.45626972011194644,-0.017457298610902713,-0.012273754888106687,0,0
2021-04-28 21:00:00,103.35317891319526,114.72735651825543,-0.49043013985641776,-15.911001836270813,-0.10163600842576428,0.0095342387293866852,-0.0015956595656907958,0.0080428924258896927,0.29145100342316177,0.0017209162431511302,0.20946896782734212,-0.03060402311276789,0.1399207188638226,0.182870474626807,0,-0.33837959692010816,-1.1577777713347834,-0.43675606606884587,0.56530649338132644,29.356921092436433,0.98141217064293229,-0.36835342162144646,-0.22905101983205137,0.20046415376662199,-0.89457999547544464,-0.45073859858621679,0.25349979877013012,0.20251157501692485,-0.5867292037583165,-0.017457298610902713,-0.013856251654161766,0,0
2021-04-28 22:00:00,103.35317891319526,111.63894039157512,-0.54670048954556061,-15.591196938638678,-0.093361364544850542,0.011116375109061907,-0.0028018240954546824,-0.00075438712498338608,0.26167252746464936,-0.060899441668620248,0.34344286667232204,-0.029041789848473502,0.20737850756689702,-0.17181957726261921,0,-0.24387388539528615,-0.77640520461373741,-0.48495454058592996,-1.3438886322520791,29.307847654520575,0.63651735244322172,-0.67851862560813792,-0.38489151288609513,0.27223363637483239,-0.66127754619591683,-0.78533454823435001,-0.019740961413371488,-0.34136903615134284,-0.50788608220723186,-0.017457298610902713,-0.012273754888106687,0,0
2021-04-28 23:00:00,103.35317891319526,113.54449438398112,-0.47723384125922891,-11.51483128945198,-0.087124590221390963,0.0095342387293866852,-0.0028064195737214229,-0.0067609584480485263,0.20424364721615335,-0.0026921371258706471,0.27920386762068305,-0.031661264210075174,0.18168518128780692,-0.045387975474682006,0,-0.31175492034215857,-4.5046442723238984,-0.42137089659180066,0.32295605855813808,26.239123123145124,0.62687123879095985,0.019098438293029232,0.070271916165362852,0.14339930898804795,-0.88870634362577416,0.368118989453183,0.57381617468087831,0.036526681462598062,-0.56028305500064279,-0.017457298610902713,-0.010818131345259824,0,0
2021-04-29 00:00:00,103.35317891319526,67.291920292316433,-1.0105574092211529,-41.516029751247736,-0.69764934081916818,0.0095342387293866852,-0.0029345219607449418,-0.0027204920608725337,-0.0075152393397175665,0.48198912956405637,0.43325080738725696,-0.074852491342227198,0.30072789307750858,-0.085880627308926538,0,-0.19487141869773786,-3.5002547733515175,-0.36887454139942083,-0.55999237250366862,12.141927921615498,-0.46501462760059353,-0.35289104275832356,0.42195341918016677,-0.041553331772095213,-0.4500265630281774,-0.088054382937390444,0.42116023547706505,-0.20405843619183792,-0.61639927277911877,-0.017457298610902713,-0.014214330978537203,0,0
2021-04-29 01:00:00,103.35317891319526,105.02963115954918,0.36275256452491811,-7.4585473870692747,-0.01588415758350489,0.0095342387293866852,-0.0029345219607449418,-0.0026758960535786117,-0.031915370848062549,0.45367128831593045,0.17343695032324283,-0.11757847545326809,0.5816242539869676,0.18014204883973603,0,-0.56910465548326827,-3.5680306865625946,-0.330062148473659,-0.73897435519333288,13.9705636248469,-0.80426642654853331,-0.32427613357144897,0.4906572421559941,-0.2012373497550809,-0.23372087791391069,0.78123883004042061,-0.33418285298885025,0.2339826688573855,-0.79759538288927134,-0.017457298610902713,-0.012707487307701184,0,0
2021-04-29 02:00:00,103.35317891319526,112.39005411515207,0.1584468523346145,-15.098149941981013,-0.072769107343395714,0.011116375109061907,-0.00091702548914047717,0.0016619731356452478,-0.017938296584823044,0.023901388825020256,0.27305668461800719,-0.029766373026451156,0.22464146460940371,-0.047429580432585029,0,-0.38080304026131695,-3.7905839594530737,-0.495970845436497,-1.2376602703936401,28.225562642811191,-1.222570165338607,-0.25261175277446551,0.038343863411732224,-0.017101507560928059,2.2414550265193913,0.70333970088301856,0.65588249391328768,-0.12383335303264245,-0.7013953803019064,-0.017457298610902713,-0.013575366192129559,0,0
2021-04-29 03:00:00,103.35317891319526,107.8249165937342,0.23386769605048119,-8.5906753388757444,-0.06152249782878224,0.011116375109061907,-0.0026396959609577262,-0.0018251217067155327,-0.0094229552485985864,0.49757382099249031,0.17174678295730234,-0.034394274118577678,0.25027921549386589,-0.047078610667839672,0,-0.37713681362043378,-4.3727708437123569,-0.46253855644677949,-1.1098996355317376,21.337673579588365,-0.89316426302694651,-0.054119927773454084,0.25022788122759998,0.10039803821699742,-0.71176580534825562,-0.50111050161763182,-0.58870220681788288,-0.060312227390973881,-0.47209739884621704,-0.017457298610902713,-0.01251173594645081,0,0
2021-04-29 04:00:00,103.35317891319526,109.9632884645119,0.75945191694090919,-18.085471266863312,-0.076614067399721625,0.010839084704490463,-0.0010186976091754861,-0.010906270545399005,-0.016387738596087914,-0.068391164725412831,0.27789138118811152,-0.032097926789230728,0.19032434719863328,-0.046664303180784107,0,-0.48424284067517698,-1.3326755434326953,-0.60351322662372842,-1.0982585196765746,28.639184112426303,-1.3672599412331798,0.14746928747450069,-0.11683324000020696,-0.12802482222955947,-0.9093601846704229,1.2444832947690527,0.71170515820188862,-0.1544011436577567,-0.81097923272503725,-0.017457298610902713,-0.01068160234289903,0,0
2021-04-29 05:00:00,103.35317891319526,106.34043258842992,0.55011053470448235,-14.016926510074704,-0.069574514043396124,0.066061788805317337,-0.0014299031134361569,-0.002559486834610606,-0.012446131829223942,0.16482407865940238,0.21782333033479342,-0.030034743163744035,0.2245947462783697,0.19745430678832537,0,-0.31205966200480972,-4.4710722038608406,-0.85785511095356215,-0.88494874743901275,25.270813517995265,-1.1538841392959238,-0.083670094627690234,-0.18929738963622575,-0.16536666207075471,-0.58567684902301476,-0.79446041268696566,0.46542072119663858,0.4083028612221507,-0.92614444174449029,-0.01030436859235774,-0.010440839755340008,0,0
2021-04-29 06:00:00,103.35317891319526,114.52707274005287,1.5254036261359378,-12.677690118610455,-0.080975990864941519,0.063477118767488766,-0.0010186976091754861,-0.028435084900442414,-0.012355376648149171,-0.097741975397431249,0.27429963446154515,-0.029170189250592039,0.18961514553942618,0.078415450507544143,0,-0.34320458514465718,-1.5075226797535786,-0.89827515040248651,-1.1865942269749192,28.754652012672672,-1.4703510058492182,-0.41314725186624413,-0.13434581130120521,-0.025164588987446158,-1.3744863237457852,1.6999653712479852,0.011037678289224421,-0.06261595106247346,-1.0588912314598136,-0.01030436859235774,-0.01068160234289903,0,0
2021-04-29 07:00:00,103.35317891319526,141.55123603310395,1.5285968561003558,14.006432172605507,-0.062885247037446038,0.095568628902274425,-0.0014299031134361569,-0.015514925155805381,-0.013273375162244971,0.44352963671132944,0.29845181274576998,-0.0083644589189860782,0.20062962380590618,0.03774270118432551,0,0.10165872320790516,-0.54592979202025138,-1.0978900599615169,-1.4718717852457217,30.537873554586383,-0.7425882963049546,1.260447497054356,-5.6745027197867719,-0.43239054313256597,3.2222298576552042,-1.9756118099655871,-0.13630752110457778,-0.32045939114001193,-1.019121202191327,-0.0067647475274512231,-0.010198166882000205,0,0
2021-04-29 08:00:00,103.35317891319526,169.11893527098528,1.6531974224115555,25.550049671009013,0.025233514886202929,0.095568628902274425,-0.0010186976091754861,-0.033445936959163383,-0.0131826199811702,-0.21044207831944448,0.28484634361978051,-0.020848804974383604,0.15977710794178174,-0.49118240190039741,0,0.23183304761441054,0.078212681583007065,-1.3958103106672368,-0.64770912658912561,40.848029966305234,-0.87716672337896429,-0.047302774668826243,0.029161239667681482,-0.051249406675258451,-1.5579841365645726,2.9686172960778743,0.72285049473913932,-0.1068034898765744,-1.3760305289577281,-0.040893036534866145,-0.010550983311002717,0,0
2021-04-29 09:00:00,103.35317891319526,172.87475934248766,0.25947780175797391,19.312291342269486,-0.087719516992774499,0.0091210763245062488,-0.0013909439823838734,-0.026192106609997091,-0.014682367897908822,0.049501019269330794,0.25737047103089361,-0.021969906157974468,0.16839435457817209,-0.27182239744177455,0,-0.060146574338475804,2.2736687554961152,-0.36985070709389928,0.21300195968747898,46.964965798302416,-0.65320533522468105,-0.25447979821040084,0.14512281145989148,0.020875461883951681,2.3833484046559015,-0.75500829962829918,0.60660601283163151,0.1735775596060154,-0.73871222153393379,-0.040893036534866145,-0.01966918821402595,0,0
2021-04-29 10:00:00,103.35317891319526,168.12038493223534,0.38538262275382301,18.467387270395264,-0.096443094534159529,0.0075389399448310274,-0.00098219658387174269,-0.0033757594656274063,-0.014558886435689564,0.0039151666409606763,0.22615878330126873,-0.022366222992508861,0.12396429868988069,-0.13691698272318872,0,0.040773611267678742,0.27944961288975367,0.13864047365798263,0.42164727392986812,47.046906232929878,0.350175765258048,-0.40712590029056805,0.32229023739106771,0.050381567616700658,-1.2992240964104729,-0.49312974115614999,0.38999640102081928,-0.064480491541446097,-0.88984929609831609,-0.040893036534866145,-0.018056533880795693,0,0
2021-04-29 11:00:00,103.35317891319526,166.41827815822347,0.21892357468534696,19.179572126658183,-0.081009652772070756,0.0075389399448310274,-0.00098219658387174269,-0.029488050584008611,-0.01623962517228441,0.0036610633540475213,0.28540577198797695,-0.022366222992508861,0.1213873263399193,-0.14787156425178768,0,0.068232851084679677,0.0087946890320783379,-0.25366068531956426,0.39813704999836125,45.653303948487974,0.30328177981441579,-0.39029473863951775,0.32855536859274587,-0.048233129557061077,-1.309196288896334,-0.49019240963072214,-0.33280601374980723,0.51152686898692279,-0.83932923615909738,-0.040893036534866145,-0.02065926309563702,0,0
2021-04-29 12:00:00,103.35317891319526,124.48463182270075,-0.40177558836303801,-20.354548252641493,-0.08467202680525579,0.0091210763245062488,-0.0013635740526804303,0.029949542063150727,-0.020973629006001495,0.04051069778580401,0.20279085349164044,-0.021969906157974468,0.15943016033847979,-0.19281956789223451,0,0.23506898260001632,0.37969819716452075,-0.25040020819996339,0.66571092747791771,40.008521319791292,0.332997438061852,-0.56554222653470032,0.52554517663047462,-0.37223353277945903,1.4901809596490332,-0.27981626104035162,0.15709743411585017,0.076236238413917592,-0.61316313169900327,-0.01030436859235774,-0.011823820638563218,0,0
2021-04-29 13:00:00,103.35317891319526,166.64658639830139,0.042639816267825793,24.251110337897934,-0.089675691167579327,0.010839084704490463,-0.00098219658387174269,-0.0039614894092354948,-0.046393420252648282,-0.27687518431109548,0.28026787585665736,-0.022366222992508861,0.11169509849692009,0.37346186564694867,0,-0.53721843378122769,0.087773919729334085,-0.17440294526264702,0.46973948601995769,40.606099348196452,-0.15456794725239872,-0.93670166029449153,0.26550427180710762,-0.63844356886901321,-1.6918712387938111,1.1938678406895427,1.0060237040771156,0.298732032046929,-1.0056638078623772,-0.10456412640240242,-0.02065926309563702,0,0
2021-04-29 14:00:00,103.35317891319526,164.94762621054946,-0.83214791833000368,17.24065618523267,-0.082881170994905967,0.011116375109061907,-0.0013635740526804303,0.018584783551507261,-0.015898014463341832,0.075703110788846534,0.26321032557134061,-0.028527697606619652,0.15721857003100384,-0.23426993672777258,0,-0.25421443520337705,0.18203759965159352,-1.430142861766502,-0.097879979203683687,46.293373474870911,0.4439439864003431,-0.26846696443340862,0.066092380494205405,0.059759750438194432,2.206294976160502,-1.2368243963756278,0.04646635457272949,-0.030743370919340603,-0.88133844791589644,-0.055681049067194288,-0.019630758458411005,0,0
2021-04-29 15:00:00,103.35317891319526,160.41234313820877,-0.32875178935708799,17.228507555180538,-0.072402523600298002,0.0095342387293866852,-0.00090689746400730766,-0.010619584661436823,-0.0097345579105314987,0.047335352219780615,0.19039804031316054,-0.025595453822839367,0.17119473663414289,-0.17881496144924808,0,-0.070786973209552267,-0.26478688900710495,-0.21886717271823258,0.5624047029068594,44.082208215192431,0.043123297850539491,-0.20233093919514622,0.23280866783131876,-0.48562798713918565,-1.0238382480757644,-0.0080966592501131862,-1.3902299132200158,-0.098861009896828778,-0.99358482178886198,-0.10456412640240242,-0.01995007367605816,0,0
2021-04-29 16:00:00,103.35317891319526,159.64428234583511,-1.2656914829286425,18.374578981313036,-0.084045486116166704,0.0095342387293866852,-0.0013635740526804303,-0.068555218022105721,-0.049427061091976351,-0.039675540893681922,0.30591909453778826,-0.024500293485776245,0.12757919713934707,-0.24820988840396141,0,-0.055487583437460616,-0.41695285758616368,-1.4163126587558723,0.09786252854649824,42.987354287188204,0.0020674009238915133,-0.24043908354285429,0.32965517196452931,-0.59307757654610649,-1.6449546738921432,0.037965107595523975,0.58579214840393257,0.6478042871469214,-0.94267513936155678,-0.10456412640240242,-0.019076766329581937,0,0
2021-04-29 17:00:00,103.35317891319526,147.50520075891006,-0.59662932036313943,9.0265689858485487,-0.086072257101720284,0.0095342387293866852,-0.00098219658387174269,-0.07909395793432368,-0.066945432304978944,-0.010201328906229485,0.22571721873594341,-0.024500293485776245,0.13096816800265151,0.19314006657297242,0,0.10316311590591422,-0.61415222482331899,-1.5495082066559991,-0.92883201427052009,40.725420236733846,0.096850283957638686,-0.37577110038486888,0.18608263057319868,0.24139574162767824,-1.5399983550025054,-0.49878532746509924,-0.10409693258327865,0.53221902314872038,-0.80447904720292274,-0.017457298610902713,-0.021532570442113243,0,0
2021-04-29 18:00:00,103.35317891319526,152.68213847318654,-0.90081415123204434,9.6848581169002923,-0.087409179133630471,0.008843785919934807,-0.00098219658387174269,-0.074314034096957263,-0.018234475985126741,-0.22193161771867162,0.27058584859712975,-0.03060402311276789,0.13534232380255989,-0.1807206381469959,0,0.18587367893023937,-0.11509929641091603,-1.5715022311409803,-1.0528179991042064,44.579063325310031,-0.2386197935980908,-0.54168915626416714,0.51520195068577723,-0.059008625826701959,-2.4604234084330434,2.0394471666481286,-0.10158710158497629,0.32840157608195536,-0.73180603379162701,-0.01030436859235774,-0.020789882127533334,0,0
2021-04-29 19:00:00,103.35317891319526,138.95110811297718,0.60700658434717458,-7.2005553812700382,-0.089710037174317012,0.011116375109061907,-0.0016514881784832961,0.053190433121059963,-0.06708754885329142,0.0011905176376787506,0.33496594834538884,-0.025882052757360875,0.1661718202127799,-0.36976664099039647,0,0.82895437880933209,1.2653074742014785,-0.13028131368759466,1.0436195567933622,37.267416573162365,0.42401786917251871,-0.26072676406157952,-0.37724117623693754,0.28093434630920222,2.6788932757589903,-0.96078114562223149,0.71831339587809584,-0.042633649414241824,-0.52968941019321769,-0.017457298610902713,-0.0097054420259694001,0,0
2021-04-29 20:00:00,103.35317891319526,121.21173756114452,-0.41000789569845503,-14.017395837094938,-0.095649003211322484,0.0095342387293866852,-0.0016514881784832961,0.011897522830734825,-0.071807317714216362,0.1117875035688858,0.28315661358038585,-0.029041789848473502,0.1540428390077806,-0.19132923241573038,0,0.62339579725572092,1.0901976383589291,-0.46049919815867346,1.1763815550545305,30.096416471730244,0.72272297232067739,0.014886396141920132,-0.50784019620965415,0.12205278490200867,-0.32076273334691557,-0.075057805407704403,0.2696191553371331,-0.15417341045019597,-0.46258587963539111,-0.017457298610902713,-0.012273754888106687,0,0
2021-04-29 21:00:00,103.35317891319526,113.9169842642155,-0.5047923324450565,-15.830503989671785,-0.099058103886123045,0.0095342387293866852,-0.0011235975086600351,0.0067389303515902211,-0.067269672034936098,0.08944284739194712,0.20494380038345539,-0.03060402311276789,0.14037444658793327,-0.044835683386447826,0,-0.34433229059888015,-1.1644454528674335,-0.44927509405169963,0.49732615539580344,29.221345867839165,1.0683829035622445,-0.43661561038911129,-0.29953657113292248,0.076067381949664989,-0.86072867421840704,-0.47355785505937892,0.2486229643218337,0.20572357452122153,-0.56670525938532457,-0.017457298610902713,-0.013856251654161766,0,0
2021-04-29 22:00:00,103.35317891319526,112.58444397926942,-0.55689885552425822,-15.731365702272177,-0.09120616682251334,0.011116375109061907,-0.0016514881784832961,-0.0011522976447052666,-0.061206181455148542,0.49237843348492244,0.28405212799790913,-0.029041789848473502,0.21818474954947123,0.030733093356535485,0,-0.24563624848925542,-0.7811396761553201,-0.49037950765362137,-1.1646841527890863,29.213694040646001,0.89464832171773268,-0.71319933942497926,-0.41023439947169071,0.11675793337653281,-0.59864634336926759,-0.51306718738409696,-0.027947576279215295,-0.079752896888125729,-0.50335914601459175,-0.017457298610902713,-0.012273754888106687,0,0
2021-04-29 23:00:00,103.35317891319526,113.4117036487672,-0.42727616739985569,-11.3813997183923,-0.084912859958227296,0.0095342387293866852,-0.0017232424481562186,-0.0080649205223479979,-0.050712532240307112,0.18165779983960192,0.27527374916489722,-0.031661264210075174,0.18341264315968625,-0.021866575747491422,0,-0.31501816599917665,-4.5026288485301382,-0.43606170925739296,0.24785851999332226,26.256689898723746,0.71771962906597664,0.014812678650966421,0.01631832705219333,0.086680658721671536,-0.87976290050290729,0.33471292529702257,0.55727411221856527,-0.094909422942865612,-0.55914668693760994,-0.017457298610902713,-0.010818131345259824,0,0
2021-04-30 00:00:00,103.35317891319526,61.603997871596569,-0.97870335857868984,-41.710380723105843,-1.1221331259382763,0.0059845032764258739,-0.0067379413031194955,-0.0029175773858452093,-0.0069857041803643967,-0.045524495210916609,-3.2962568084275854,-0.075528999986213249,0.24828071160451026,0.18653058871395933,0,-0.18567437989903146,-3.4908735890973488,-0.33710016341590537,-0.7644550184381278,11.750587470592221,-0.5911040505762728,-0.29869580487784386,0.5578226118016969,0.0077031716051616916,-0.52835010548431938,-0.7090950011834356,0.36009477914184562,-0.032946964498950529,-0.65438065096161846,-0.017457298610902713,-0.010883117173995385,0,0
2021-04-30 01:00:00,103.35317891319526,102.41270865122154,0.3244627184834914,-7.5572204280448583,-0.48522351057285912,0.0059845032764258739,-0.0067379413031194955,-0.0022443436113406688,-0.031945744581337615,-0.049262476991362693,-1.8448294698826653,-0.14613444072228335,0.54590614640205315,0.158147026758064,0,-0.62694987830643378,-3.6410145668327041,-0.38263567116799058,-0.91999552420181574,14.449925768391065,-0.86054844220654247,-0.33853884403172613,1.0765244555135918,-0.08475185662545745,-0.27314106421097617,0.71151223246609674,-0.076425514793330623,-0.024254793357740015,-0.83173460424729428,-0.017457298610902713,-0.011886698961803135,0,0
2021-04-30 02:00:00,103.35317891319526,107.40425232449138,0.1834016336722428,-13.568943753434764,-0.36301965301376032,0.0067062522004579378,-0.0025037575526406955,0.0012514290278108585,-0.017408761425469873,-0.0021497359384575524,-3.1622671089380661,-0.029829807423463809,0.2044723379538235,0.11409187834720105,0,-0.46003977267605661,-3.7750669321949823,-0.40175858110600166,-1.266924934669875,26.113064881467015,-1.0359297460125967,-0.27964210473143897,0.1791109751100711,-0.098871995002710045,2.3906856212398786,0.04352700080386223,0.10082959206415044,-0.070773984096019177,-0.72305671831731566,-0.017457298610902713,-0.010423545445793039,0,0
2021-04-30 03:00:00,103.35317891319526,102.62653775740702,0.18774529061823036,-8.9234326093102858,-0.35848968660002511,0.0067062522004579378,-0.0060288693428231545,-0.0024685622618710254,-0.0094533289818736505,-0.054506420695860959,-3.0822366283499001,-0.031212202168922395,0.20505511332411569,0.047064630152222973,0,-0.46338249729644926,-4.4168320934827685,-0.69377213862544285,-1.1760195905745947,20.950857461116971,-0.96130140683779786,0.0010651978075151601,0.55461769908894598,0.025287154034623515,-0.64964481230229498,-0.97654274161076782,-0.026249878731692943,-0.35217200880126076,-0.49475695953777388,-0.017457298610902713,-0.0090802200080098774,0,0
2021-04-30 04:00:00,103.35317891319526,105.08113683707899,0.54385413223493606,-9.1187786894346985,-0.49399066780287232,0.0059845032764258739,-0.0030330196442058203,-0.0076271547410156296,-0.015258731503450591,-0.0081688290916846016,-3.0143304517004208,-0.032052321969549137,0.1800096899792504,0.11782075487854383,0,-0.46019307976812751,-4.0615639854667887,-0.37515693655944254,-1.1130696473268504,21.107087700233155,-1.0380678965460477,0.71730888696906647,0.021262256335542962,-0.22215393136630357,-0.72225946473401892,0.37470486869723602,0.24716026574812819,-0.036529554557761849,-0.84019308510597079,-0.017457298610902713,-0.0073503885383572097,0,0
2021-04-30 05:00:00,103.35317891319526,103.86009871005892,-0.014736517439373431,-14.191742424629789,-0.23261570814093011,0.023182512657003225,-0.0012438212076986092,-0.011096065059055351,-0.011887388089151792,-0.0043758168061354442,-3.2503957153560274,-0.029989138344062444,0.16459528245826593,-0.080485136305439353,0,-0.18468883315416595,-4.1669021500741596,-0.7338527102202006,-1.288027367543755,24.992357448549708,-1.0424472342294506,0.60186571247599485,0.10322076915963577,-0.12473196386579967,-0.60645715381840903,0.51229460871526689,0.50062143471401133,0.61320214417058549,-1.0115265825043052,-0.01030436859235774,-0.0069140206565274772,0,0
2021-04-30 06:00:00,103.35317891319526,110.30032943274547,1.3826776675250687,-11.131210699531357,-0.41046761171093088,0.022352706699309784,-0.0012438212076986092,-0.028359677683237383,-0.011796632908077021,0.035057552596398138,-3.0024963483332296,-0.029124584430910448,0.15057964746632296,0.20805968295981286,0,-0.23486795523487775,-4.8124797550664677,-0.66037583215232931,-0.9919958270930106,27.566532049491489,-0.55904918853011787,-0.38953220884073342,0.13086028107092409,0.042205492555193416,-1.1310754757221981,1.7487852618844268,-0.31665612211978106,0.4477841878765263,-1.0593575128795443,-0.01030436859235774,-0.0073503885383572097,0,0
2021-04-30 07:00:00,103.35317891319526,119.11936997985957,0.90722392749400771,10.465916882248015,-0.20818597449244566,0.029776490688745525,-0.0077809860996915729,-0.014381818040595476,-0.012714631422172818,-0.063744166683660244,-3.5344361485226741,-0.019165965794296459,0.17581721912363379,-0.03208035605947511,0,0.038117058914658206,-0.45381248554643172,-0.81416089286728055,-1.6472104202688389,17.600128092499549,-0.63053735460672566,1.048211882172952,-5.6723604448699172,-0.23841359196612041,3.1888594792016076,-2.3048310944928874,-0.59095297713436101,-0.49281709965447185,-0.93662541123223031,-0.0067647475274512231,-0.0068833983971595186,0,0
2021-04-30 08:00:00,103.35317891319526,174.63059387308954,1.3495753658596679,23.289271307225956,-0.18409626830920114,0.027573367578871445,-0.0013864148796259258,-0.004294279864836166,-0.01262387624109805,0.092170303683863641,-3.4661276786970254,-0.023412101367357659,0.13357423660039949,-0.64515904813784941,0,0.21289404257299022,-0.099844298771996812,-0.50905327785918697,-0.94936574932391327,44.904115379304429,-0.61845281592284607,0.41043176734409542,-0.15141600356219023,0.22500913008119441,3.2382494975461737,5.1371517232522192,0.44750294944989671,-0.09525600696815005,-1.3815782656662743,-0.040893036534866145,-0.0071449884990365852,0,0
2021-04-30 09:00:00,103.35317891319526,162.45484528318428,0.38939578647853706,18.853080294372486,-0.31147891058858329,0.0057960242521118196,-0.0021287103888810487,-0.03546835138266001,-0.014310036341630403,0.020968099589733551,-3.5390079616877266,-0.025038887903506463,0.13351310033634592,-0.44174080689452749,0,-0.034974987339380766,0.43516696637139951,-0.41640038216430186,0.34528794296836413,45.45375534395076,-0.63137510386531048,-0.40757020955022144,0.011197816056526382,-0.10414533530604166,2.225110960594856,-1.9062789666158912,0.13069098505552651,-0.21644368276597828,-0.75845512608000332,-0.040893036534866145,-0.01658645462816544,0,0
2021-04-30 10:00:00,103.35317891319526,160.4729886617007,0.081191072830608127,18.323920717184553,-0.36565043832856808,0.0050742753280797557,-0.0020865549738390164,-0.04473045255663155,-0.012705627308036621,0.015565989038588175,-3.3273056752927554,-0.025326165521346616,0.12281027756847787,-0.36459327188031326,0,-0.026905774331397268,-0.10704000562277868,-0.14844067572492395,0.66050253896379441,45.052674900524302,0.12605966513916264,-0.48753621248434764,0.21869188224661304,0.039128613135759847,-1.2339281122363979,-0.5638809393983355,-0.030491452614271497,0.097395001640093015,-0.82601112416913258,-0.040893036534866145,-0.015679666116615351,0,0
2021-04-30 11:00:00,103.35317891319526,164.67761745302454,0.24705664627543458,19.662754503467912,-0.31321547452407245,0.0057960242521118196,-0.0013232403694936588,-0.0073829218939749554,-0.014195808736550145,0.047457797711558454,-3.0827032577274629,-0.025569698832105532,0.12001632180543656,-0.17601051196661999,0,0.026145300381659055,0.2900029438697404,-1.5244416085867345,0.30218683363400067,46.597085851451688,-0.067932823451574628,-0.57374366259852716,0.065775032105956241,-0.0074171562601016029,-0.021429391966735663,1.4894785892741422,-0.76262424750996871,-0.018350649924653066,-0.87448009957099992,-0.040893036534866145,-0.017603713945868103,0,0
2021-04-30 12:00:00,103.35317891319526,116.28706512188909,-0.34123666837241601,-17.511718825241864,-0.36133269956747133,0.0050742753280797557,-0.0020865549738390164,-0.046053486751480521,-0.01644441764034418,0.031128363473895106,-3.4308288761051853,-0.025326165521346616,0.1193267727442788,-0.21264820314667818,0,0.11598955882625821,0.33775445070090432,-0.099786996565601915,0.68792728940890635,36.563242029772539,0.27622835409118401,-0.2329372500008178,-0.1384311085421211,-0.57327867072991989,-0.59440634955316651,-0.87261756494582787,0.030360136958987337,-0.19792998084124969,-0.5571251348985431,-0.01030436859235774,-0.008651700621096518,0,0
2021-04-30 13:00:00,103.35317891319526,150.03864047476688,-0.18392870129846564,22.623865884566836,-0.42102011629984698,0.0065596129570835004,-0.0013232403694936588,-0.070184880517962914,-0.045028075451689416,0.10295684067226411,-3.3913879723268896,-0.025762562610684509,0.095719884435679442,0.4306951641936218,0,-0.28619378410361124,-9.9729449562088366,-0.18908341176322865,0.59151216424159303,37.861774217079983,-0.67524958890015307,-0.74556018064565555,0.19534853667508528,-0.43631999241825342,-1.4410359861691908,1.2112134756449595,0.24510049738987738,0.26544881803000631,0.67611429962258518,0.21883007896585266,0.045345536180117475,0,0
2021-04-30 14:00:00,103.35317891319526,156.85931850744649,-0.7610263046360074,17.102499852095153,-0.23215848335684622,0.0067062522004579378,-0.0013232403694936588,-0.00093037216481830142,-0.020046071085600973,-0.0012760601961225812,-2.9843171042409038,-0.032722826046939754,0.11905407337675174,-0.25660804358902656,0,-0.089285460965113292,-0.2690837528326428,-1.3443556428461976,-1.1951129468055441,45.577422153316363,-0.21575812931933755,-0.42568077411468802,-0.18548169912181695,-0.60393864864523572,1.9138909684570806,-1.4263257676909322,0.070796598749308562,0.066507346703935752,-1.1825840099656062,-0.10456412640240242,-0.018158186252546622,0,0
2021-04-30 15:00:00,103.35317891319526,162.0144586340277,-0.71170710048347696,18.278523675512997,-0.30815884160232387,0.0057960242521118196,-0.0020865549738390164,-0.011833028049622222,-0.014299961561137942,-0.032288634635042404,-2.936324778223069,-0.024503951979456793,0.14828864925448415,-0.33282525285282316,0,-0.14670554793609616,0.28878413868825836,-0.69516490580299517,0.53994939003714526,46.447504880546397,0.26601588002662302,-0.21708853877779477,0.35189688933342445,0.073994490846391828,0.24456159375901446,-1.8982990171672558,0.10582721042612839,0.10176678585300272,-0.80287504763731465,-0.040893036534866145,-0.016575689486491543,0,0
2021-04-30 16:00:00,103.35317891319526,157.81007935331903,-1.2472004781381667,18.486548476360831,-0.36077421535483783,0.0059845032764258739,-0.0013232403694936588,-0.030503598582460288,-0.015858641635431818,0.067843798900625141,-3.182423223693986,-0.025133212847373663,0.11312656344611098,-0.39834671134614258,0,-0.072699705185210808,-0.02483420146661133,-0.3126522731012718,0.58053446176404178,44.727278538318046,0.065903451599749474,-0.092544757465468863,0.23679551754790654,-0.57603945949169999,-1.2060156563735038,-0.78005529696733,-0.52413082617197337,0.10697331612142956,-0.96094742741099892,-0.10456412640240242,-0.018041135206999383,0,0
2021-04-30 17:00:00,103.35317891319526,142.88562709535179,-0.5709668045078452,9.1064486718177218,-0.30815884160232387,0.0067062522004579378,-0.0020865549738390164,-0.080109505932775354,-0.015577548946741172,-0.012853543794029799,-3.1793575209275664,-0.027460236014614,0.15260285676519988,-0.35367913055964745,0,0.054393926391597798,-0.34734228909278114,-1.384440885492126,-0.73984947393518785,41.091481286330776,0.077669844100742208,0.047955094875219408,0.35016707805697861,-0.062157779849739039,-1.6312526436610739,-1.6285928305328101,-0.12473665951580049,-0.12999599552773061,-0.72218321208233771,-0.017457298610902713,-0.016718072822213284,0,0
2021-04-30 18:00:00,103.35317891319526,144.6902137493974,-0.88020904946784995,12.633213018856527,-0.36456644818048889,0.0056493850087373839,-0.0013232403694936588,-0.075329582095408937,-0.018750937172792709,0.076792338639408597,-3.1606959877481486,-0.030558418293086299,0.12515446839200067,-0.054734610384381585,0,-0.084434791203312543,-0.44971609014698594,-1.5380943814549699,-0.87126254519678825,38.015722368114169,-0.17940044236736119,-0.64589320935685834,0.2934577430487888,-0.14954809457023252,-1.8946680261116675,1.4269364885124733,-0.58452845246336083,0.51850594757746005,-0.74627557969351677,-0.01030436859235774,-0.018102667078419687,0,0
2021-04-30 19:00:00,103.35317891319526,145.32038871837057,0.36650537343806272,-4.3323270265769009,-0.30760035738969044,0.0067062522004579378,-0.0013232403694936588,0.056724113799749391,-0.020320269761706169,0.034167072608671856,-2.8339880840234697,-0.027507720418667923,0.15615627884224409,-0.15825655274863662,0,0.22275487277609141,-0.057883288554735082,-0.34298009841645244,0.46524772578566298,46.336357687774196,0.35836168423324294,-0.20797913111147429,-0.038858478938087672,0.030539307501387603,3.2490085043398516,-0.67966253083774275,0.50644503890195414,-0.099981068515462942,-0.6857806527553767,-0.017457298610902713,-0.0098583079974406233,0,0
2021-04-30 20:00:00,103.35317891319526,115.93326995624997,-0.43249209562699847,-14.166284363303088,-0.48584251319729077,0.0059845032764258739,-0.0020865549738390164,0.0066414289814725478,-0.058592625750393659,0.0029566204092538375,-3.5485622011042715,-0.02971829849245956,0.13807259423614285,-0.18774316065768876,0,1.0354268218561176,1.2557398797783428,-0.4693518106495892,0.59532393060719735,30.083140506383685,0.87537758945432809,-0.11288158899318314,-0.27794722454669463,0.21154691060338637,-0.73890770066900135,-0.8010835739651232,0.068786258055033134,0.090951252460032661,-0.44755855255262855,-0.017457298610902713,-0.013347689953653735,0,0
2021-04-30 21:00:00,103.35317891319526,120.84128969886712,-0.68365031367330065,-14.130742754603824,-0.48981256887024177,0.0065596129570835004,-0.0015956595656907958,0.0066414289814725478,-0.055700496768556929,0.072988323963608132,-3.1066873006943734,-0.030558418293086299,0.12650216031952391,0.24797894831669262,0,0.42512666930475518,1.0838179951245333,-0.44471668422458521,0.44482302896573389,34.625414174629569,0.15050485693995083,-0.35163326295164476,0.098205843579462021,-0.024898069970156037,-1.2059927532726646,1.0713096173108476,0.012080979105674114,0.21301387675090272,-0.54311541982037148,-0.017457298610902713,-0.010295729258571902,0,0
2021-04-30 22:00:00,103.35317891319526,114.65010253815984,-0.37204107204199427,-14.514211569463274,-0.38888820169037136,0.0059845032764258739,-0.0028018240954546824,-0.0030038294133210687,-0.046683240480858784,-0.048774643905317223,-3.0427492531180329,-0.02971829849245956,0.15451708755581106,-0.2170390805495114,0,0.48989586162855192,1.2127363302257836,-0.42590674642029114,0.8867875269498765,29.820420663427722,0.64212051201430542,-0.31778012685214796,-0.38561622476625868,0.10777348886480075,-0.70190230861391933,-0.85412842079221463,0.04408246957072863,-0.24809597556152047,-0.44162403680787171,-0.017457298610902713,-0.0089726668737858013,0,0
2021-04-30 23:00:00,103.35317891319526,113.11581133164501,-0.34483437755067564,-15.112856783243402,-0.42613303453835805,0.0059845032764258739,-0.0015956595656907958,-0.0081624218924656704,-0.02736689780114419,0.0026570572913945409,-3.158862591783226,-0.031615659390393583,0.16457406507145295,-0.12284480916424835,0,-0.5565926557613281,0.85095774195006169,-0.42389000061668658,0.73016333067514227,28.953248980351194,0.62794505886462149,-0.14973006070961475,-0.49745355496245625,-0.030960739367278226,-0.86084449447249745,0.68745041167234666,0.09714242860208018,-0.023552805616235808,-0.55402408176586715,-0.017457298610902713,-0.008713232492516822,0,0
