timestamp,expected_value,prediction,hour_sin,hour_cos,month,weekend,dow_0,dow_1,dow_2,dow_3,dow_4,dow_5,dow_6,lag1_production,lag1_production_zero,lag1_mean,lag1_maximum,lag2_mean,lag2_maximum,lag1_last
2021-04-01 00:00:00,103.35325160309769,64.257041651650155,-0.43006519810038812,-7.0439327965036105,-0.95494508246109755,-0.1218508741138761,-0.055711505324526872,-0.020508561901561872,-0.0031886202872395217,1.6036418985240797,1.2566547944461774,-0.08792552569419318,1.1559940700305527,0.11473033897899559,0,-0.061139002148514428,-0.30072043349481026,-0.22233634130474145,-0.085687497449546346,-33.839219614643405
2021-04-01 01:00:00,103.35325160309769,29.792486038104069,-0.12542455374268957,-5.2860764850818347,-0.058315176100217463,-0.012488928439553721,-0.059792213035486957,-0.020508561901561872,-0.0059968675641292601,1.8025934962290342,0.57478441777043676,-0.0093518786250162602,1.0568835498372693,0.11400869324874016,0,0.27919418061883339,-1.4819678195750814,1.2187394484099749,-1.7487490098494023,-69.798297857192935
2021-04-01 02:00:00,103.35325160309769,26.103665329762581,0.028740640105371227,-6.5618556270995247,-0.20145791376371106,-0.033619549717175332,-0.060924012388907448,-0.019764396047699206,-0.0055690183301991322,1.8935405964114906,0.43037823373842166,-0.0082608610929899226,0.482239700315439,0.014731965566580648,0,-0.4508453974728594,-1.5639007737071131,1.0829270268330029,-2.0543806852277258,-70.221566201457577
2021-04-01 03:00:00,103.35325160309769,27.110172408969131,0.35264594490047091,-7.3432323721062494,-0.047724842503515982,-0.020759760795186471,-0.060307583724833927,-0.019764396047699206,-0.0052456589366284695,1.8472315998247109,0.27316540602904282,0.010093618294043285,0.17239228559210071,0.049332839880050328,0,0.15832235055602836,-1.5710500878482241,-0.60262938810646804,0.1900686673967536,-69.625617816532866
2021-04-01 04:00:00,103.35325160309769,26.482173529213572,1.4213904883843438,-8.0164650193158344,0.023817069198237267,-0.018360812217633044,-0.070943118037756006,-0.019764396047699206,-0.0052456589366284695,1.9012187929480144,0.5953140961562815,0.014058267853496648,0.065409797355888782,-0.18326354702986614,0,-0.14249250478573364,-1.7548324674089577,-0.59108396879021941,-0.048353566008071135,-70.04148152720191
2021-04-01 05:00:00,103.35325160309769,27.416030793966058,1.5089123540665024,-8.9651161021473325,0.57195270142223631,-0.21069511345786571,-0.0076607466981194377,-0.024508759187490469,-0.013447710319934919,1.9351133757618288,0.65202025421069965,0.026503664345508632,-0.79163123096343901,0.1260448268657153,0,-0.52389279192658944,-1.7757092766064124,1.3744945625849585,-1.4319101424657183,-68.38769067461628
2021-04-01 06:00:00,103.35325160309769,25.468340124869719,-0.58875500391053726,-6.196456622291513,0.61940897237023307,0.0094845031892042964,-0.0086486533543118013,-0.026954595397072508,-0.0072724351299945453,1.7555063826502961,0.59223782004662695,0.026995575560636101,-0.88717268647413738,0.037559075108246472,0,0.079592756091969377,-2.0306508706671909,-0.69676653255241783,-0.69890860055827086,-69.864110562909886
2021-04-01 07:00:00,103.35325160309769,35.169781438853867,3.1701807373161843,7.6573639232956436,0.78887421955765991,0.1257467481468629,0.079495314564127867,-0.027136514159740024,-0.0050842698985693602,1.569017148283222,1.1424127999463067,0.033157466575211215,-1.0231400323052904,-0.31880680654742827,0,-0.16606089261732471,-3.0708033153232019,-0.75901680883109524,-1.1290066959748499,-76.250663186271538
2021-04-01 08:00:00,103.35325160309769,142.01071956956233,9.091889865497599,17.398615004527954,1.3297631411158122,-0.52292278448947327,-0.044201577349003707,-0.029347570907511378,-0.0032848150600082388,-0.32224572317650141,1.0044405713551336,0.31566532673600145,-0.54229007080043912,-1.0209893304940139,0,-0.30438711888003656,-10.288326657818541,3.7918077140921289,-0.20205763574025221,19.005339627855623
2021-04-01 09:00:00,103.35325160309769,178.54828614136437,0.32081232842197621,20.946495749980475,-0.06313707981861158,-0.10038574857622538,-0.1324598642837673,-0.052995897308210457,-0.0089667334058711155,0.45898759189566757,0.66503158200621793,0.071338731126264016,0.064366861513577178,-0.46303882049635753,0,0.88480832995545955,2.5056631588022804,1.2445218866200392,-1.354721182695994,50.20871364452988
2021-04-01 10:00:00,103.35325160309769,179.65273973997961,0.89274524865727711,20.931465017619544,-0.089822120523015497,-0.09737801809582855,-0.041662012022172179,-0.0037991952518244294,-0.0089667334058711155,0.37215614734543118,0.54252650216652454,0.064869594432814634,-0.012476607424640622,0.059712268226771135,0,-0.61865138630010352,1.8900861161752587,2.3071859994104829,1.0957237995793478,49.015773516292079
2021-04-01 11:00:00,103.35325160309769,174.03051132013016,0.91910163698036129,19.415609916706607,-0.085742453049198933,-0.13194495818201382,-0.038609236791904505,-0.018143301400082291,-0.0089667334058711155,-0.3166972582863648,0.55517836599733195,0.069965047028432176,-0.02992548290589099,0.041711564386130752,0,-0.36891000482439101,-0.73278547177340358,1.8072776202922345,1.4064711157023175,48.193669350558267
2021-04-01 12:00:00,103.35325160309769,125.38626096808909,-0.51975034718888236,-20.094942811732828,-0.063755727239662427,-0.064483951381227131,-0.041960953642275783,-0.053660628361829978,-0.0089667334058711155,0.57148541588566903,0.50390917715282024,0.041977184184112372,-0.039607075120432357,-0.08986165729082296,0,0.17008665829438074,0.56202165577842733,-0.85145670578026789,0.26728939094051546,41.744686473899549
2021-04-01 13:00:00,103.35325160309769,181.01902491213298,2.10084739399211,25.503511219394543,-0.036265022754467212,-0.13313776232422711,-0.045957741779300551,-0.035112834277882976,-0.0089667334058711155,-0.49894332847327399,0.52463240509476694,0.13903210943487671,-0.01038737257908082,0.64636080886544678,0,0.92822310931800578,-0.94636092024650109,3.835820027311069,1.681941912090984,44.02053603937415
2021-04-01 14:00:00,103.35325160309769,177.75470990287315,-0.71238531346935263,20.503937968679192,-0.069269355483898634,-0.10267852569276746,-0.15095673822084593,-0.052866573614604069,-0.0081458349163807779,0.36895303454405082,0.53625637564276163,0.045480079680968961,0.021084265174105308,0.10089741141688149,0,2.1660227321329963,2.5796035890143236,-0.0042287944587406619,-0.65159815351039418,49.831352132857205
2021-04-01 15:00:00,103.35325160309769,172.38356053142442,-1.2821081992348493,18.934604016903382,-0.066554086462917911,-0.093876724914234447,-0.039914729860979964,-0.0057999407035596827,-0.0089667334058711155,0.30102679939221949,0.54306161509088091,0.050772229334212986,0.021138196815138118,-0.35003841246962009,0,-0.75101824694147978,-0.20791878839312949,2.3506785078040542,1.1475686381766057,48.487654787196895
2021-04-01 16:00:00,103.35325160309769,163.09475563422455,-1.9292841702518784,17.4090138752372,-0.074872721675082812,-0.11731376089644807,-0.038498279185525966,-0.042513534722923345,-0.0089667334058711155,0.069226097112175339,0.5250428095619758,0.057111008814602779,0.04739502489059088,-0.26965780572624509,0,-1.3375482230680473,-1.0062179896298051,-0.8988347751875676,0.13970527051076878,47.217717938748784
2021-04-01 17:00:00,103.35325160309769,153.75973165902613,-0.75157811419880538,13.85910068842295,-0.053244321384794353,-0.14074281488589771,-0.069368677109248073,-0.12952165835526094,-0.0089667334058711155,0.069221168951312667,0.52564072853580657,0.091451513575462967,-0.0032877915173881462,0.61542254637517335,0,-0.1880147761936542,-0.78318819880017632,-2.4306167949876349,0.8847457880711127,38.919427502835404
2021-04-01 18:00:00,103.35325160309769,146.41683291650179,-1.628738936090016,7.6927988537342964,-0.080062096165499252,-0.13515987235066257,-0.073335924413034409,-0.12745155612482006,-0.023966767374252886,0.070491497092382421,0.48859852234672374,0.080770567563540216,0.061069393493441156,0.04095318574248355,0,0.59916016380554482,-3.0817784096290004,-2.2582458849380318,-0.57287902759358844,42.011357604304649
2021-04-01 19:00:00,103.35325160309769,142.51971754798618,-0.29096006664566504,-4.7294536775507696,-0.084971768332855219,-0.12228572720816795,-0.17943068460862538,-0.064779467575805216,-0.023966767374252886,-0.052294033637583309,0.48954629482604772,0.097829213899647896,0.049009232824655503,-0.34710503930867231,0,0.44351253968428045,-2.927925525919139,0.391153976437285,-0.75811501601735665,47.276702461395494
2021-04-01 20:00:00,103.35325160309769,120.22055959996544,-0.6305585445641757,-13.207471952806573,-0.08537270166351843,-0.030629855204078554,-0.065330052425199403,-0.044839056630853052,-0.0076623257924627181,0.46409506219567037,0.57050733289222022,0.1101556539120165,0.089171498910666724,-0.31837606366855176,0,1.5916329340975777,-0.22264048917958992,0.35328378321902265,-0.18929491908169258,28.49063769265717
2021-04-01 21:00:00,103.35325160309769,115.91943565597406,-0.75470516615652528,-15.720507581946093,-0.077863552903399399,-0.023583429995943747,-0.048497489830393745,-0.042652476381513912,-0.0058386183656782276,0.45474757919108294,0.55807901635844226,0.10525309502288568,0.021105719654223733,-0.027525029886207749,0,-0.76990121320233129,-0.91023785898026,0.36114290502509927,-0.1300119696267831,29.577180124899691
2021-04-01 22:00:00,103.35325160309769,114.12814346695866,-0.58278131811361567,-13.780652379199539,-0.08967347867793804,-0.029990329815129661,-0.049859331202333546,-0.04382903338184585,-0.0058386183656782276,0.45157908915217654,0.64221052538364198,0.10199279490831772,0.17896299447563277,0.19670151539268568,0,-1.2498705308370401,-4.6243554892442438,-0.073019866971820294,0.74701062629700277,28.986304694060667
2021-04-01 23:00:00,103.35325160309769,109.76193564822833,0.28501056819735959,-15.185848718270776,-0.095535455665980651,-0.024392310476237706,-0.04997252224296661,-0.04382903338184585,-0.0058386183656782276,0.45766711681023753,0.63842950858132397,0.098988240201913755,0.34334309847000888,0.045079014496085493,0,-1.0982433558219977,-4.7627658507069626,-0.32495043765796028,-2.0486843292676191,28.18022713023176
2021-04-02 00:00:00,103.35325160309769,47.907295556030988,-0.0076528262621734034,-45.56351241432224,-2.6315305275935144,-0.033755595098574148,-0.14450869596864549,-0.51870756828533482,-0.0027575896242323459,-0.066292724624456623,-5.7652864070253678,0.021024061625941979,0.23069609921207204,0.20214773178829798,0,-4.196531833972684,-3.4249156572540773,-0.49334180433466635,-1.3472069681245424,8.2961766727975768
2021-04-02 01:00:00,103.35325160309769,100.04404023617893,0.66507500989113488,-8.6791543960017936,-1.6239531483046554,-0.038290063801658412,-0.10491736689302956,-0.038325743217287919,-0.0036639961637647475,-0.027862274145721379,-4.8794359628657062,-0.066445790133869115,0.35649629195990945,0.23165915787670452,0,-0.74024862494588717,-4.0569108983461968,-0.80662812933529759,-1.4279675762567403,17.931362143765128
2021-04-02 02:00:00,103.35325160309769,109.10197600424536,0.47619347919430621,-17.705167028226459,-0.75303205413367114,-0.023299498598058438,-0.06099827525482783,-0.089344927702123045,-0.0056555850741743068,0.043554739967922661,-4.7481667814626816,0.15139486814854883,0.11157395363496612,0.197479523706869,0,-1.3690127894053032,-0.69737364046997774,1.4888168839108817,-1.5833253242404139,30.315086857151908
2021-04-02 03:00:00,103.35325160309769,111.16369840772246,0.61502575678407145,-16.543765068578022,-1.0059780036819557,-0.032098726837352008,-0.0758136288757114,-0.06837124925588707,-0.0062656520600759269,0.042813988700043167,-4.7854685144558848,0.084247205521464683,0.064962475746440443,-0.29777435918812184,0,0.030789454545409461,-0.54848071832360534,-0.28597875587420807,0.0063541933745469049,30.616248407083557
2021-04-02 04:00:00,103.35325160309769,106.541403364185,1.4727013923908312,-18.695012888749869,-0.93384379180881671,-0.024284252852803702,-0.061493469102050599,-0.092295291386766523,-0.0044419446332914329,0.052717901142422904,-4.6663184348560236,0.085988438567147954,-0.25324695879177322,-0.045274002567173392,0,-1.8707260759500164,-2.1411142715140263,0.0067904624222184691,0.528342614043946,29.829662334733335
2021-04-02 05:00:00,103.35325160309769,96.302063471788486,-2.132815792278433,-8.6440052965592535,-0.3695795823189823,0.054579828848845359,-0.11894417268887657,-0.52270776557126353,-0.0073708530442397951,-0.077803400557297273,-4.9631265544395458,0.15162296832176744,-0.35048133190808289,0.040766701636691952,0,-4.026055360931613,-4.8542583027501305,-0.52189106577361577,-1.1847093336852219,20.475591182390055
2021-04-02 06:00:00,103.35325160309769,105.07264519034169,-4.364935598539458,-3.8084340648251431,-0.36737704577987301,0.0094052261017338774,-0.051578289378893229,-0.046719022825293256,-0.0073708530442397951,0.064875979271139403,-4.3016221434311941,0.17162507528218721,-0.35275181822677676,0.098113450465544955,0,-0.015365876291298366,-5.9141700687947933,-0.76545519965969888,-1.4940972365526677,22.86525107347272
2021-04-02 07:00:00,103.35325160309769,142.82288073981644,-1.026020690155621,16.084281592126707,-0.014429768900041811,0.079895249253039369,-0.035186536194899781,-0.11844782902310506,-0.013374923289799161,0.05811756677178366,-6.4749955259901508,0.2478823713514807,-0.41132572369530018,-0.06455785607160526,0,-0.9473865271255858,-1.2885571824744655,-0.17225131444753858,-2.7442858260664398,36.310272060650334
2021-04-02 08:00:00,103.35325160309769,171.79802768769824,6.8440578593102783,22.675851196888797,0.85478532999396117,-0.10784568990834754,-0.17203218570953926,-0.11433516878188478,-0.0067617801394895469,0.37411106102332298,-5.0570333050380265,0.11177113737155403,-0.47336234566453828,-1.4874859176902602,0,0.39508642906684371,-1.3778000346871833,0.1964564119053932,-1.1186092394873899,46.907922326147116
2021-04-02 09:00:00,103.35325160309769,176.17543677407753,0.85211616215469255,21.310173440691091,-0.72494028735849914,-0.10296446142400729,-0.13267703008862863,-0.10215142355074047,-0.007201418496886278,0.084792732476948837,-3.7632898424405199,0.039393037726583667,-0.0051742360484462856,0.49859803806755804,0,0.17911505296739572,1.3531874909001658,1.3623616210036689,-0.766577237227827,52.747423531627263
2021-04-02 10:00:00,103.35325160309769,178.32735415228746,1.4867948136244262,21.192271975655213,-0.72683606615307339,-0.1019075651926154,-0.055403257053547081,-0.094999186430666807,-0.007201418496886278,0.070303072813058115,-3.6028145947086347,0.040725074822286517,-0.025362749892627462,0.60054675268053592,0,-0.99196333858938046,1.910105981632112,2.1029905912888127,1.0740619076516882,52.102790555539123
2021-04-02 11:00:00,103.35325160309769,170.81108240274847,1.3715944506756392,19.549035197909689,-0.72683606615307339,-0.11260948226623323,-0.055403257053547081,-0.094999186430666807,-0.007201418496886278,0.086469292754188104,-3.4563532864967463,0.039534495712962969,-0.025362749892627462,0.66475296623639446,0,-2.1679973205991554,-0.77333202153539848,1.4263999514362269,0.33186581427805323,51.408273419571955
2021-04-02 12:00:00,103.35325160309769,120.7133347458433,-0.27782374542712607,-20.283403678987366,-0.70567316138553893,-0.070296916436850959,-0.056029563735470828,-0.10361888242347445,-0.007201418496886278,0.0044417804392972758,-3.2712216688266733,0.036053512954782749,-0.053321351807448014,0.20915601280813001,0,-0.45230399241721109,0.10735783004679075,-1.0414904570384071,0.37071503570884573,42.954743807770178
2021-04-02 13:00:00,103.35325160309769,178.33669598995075,2.4094916917672884,26.10226828898092,-0.67483202437718093,-0.10563805891392847,-0.063892304837054423,-0.10819915626050687,-0.007201418496886278,0.33462079237654974,-3.6889221138618669,0.1167305116254828,-0.033706868033733552,0.5978093550643383,0,0.4138064349686334,-1.4759263618997005,3.6419703139133772,1.7810169860624803,45.744048318774865
2021-04-02 14:00:00,103.35325160309769,162.502478509376,-1.4361825645594741,18.236755206204002,-0.71100194468903655,-0.1252683388290384,-0.17080609050332399,-0.1024672985351054,-0.007201418496886278,0.10527591266899312,-3.6620245998904117,0.047543126370838115,-3.9742939419910297e-05,0.10535929882102328,0,-1.7406685438789267,-0.51313531565784465,-0.38346974329675082,0.47149371138401613,49.035065252105653
2021-04-02 15:00:00,103.35325160309769,167.11370245985128,-1.5374469694097872,19.235293359254985,-0.70021759956981311,-0.0759535634527716,-0.055622391784683436,-0.097561529666281066,-0.007201418496886278,0.039413791713954004,-3.4515148305957295,0.040370503874718758,-0.007652708688605135,0.1205786871482953,0,-1.2637547549485797,1.6456131270358112,-0.90672677972532023,0.43321882895740421,50.349615105106921
2021-04-02 16:00:00,103.35325160309769,167.93709853130193,-1.3164791112742626,19.145736177524689,-0.70788239177301771,-0.082118200860393939,-0.062030878569886871,-0.096678174776767892,-0.007201418496886278,0.03091963989785947,-3.8539340216167428,0.098550826776307138,0.034814941932909085,0.11292161109646205,0,-2.0366021324785404,2.3704290279220563,0.23694204943428038,1.6904066805184306,49.02605230294769
2021-04-02 17:00:00,103.35325160309769,154.5887525243495,-0.72694554554864976,11.415730948545045,-0.70641131596678197,-0.1047305031046657,-0.059009621509815161,-0.115413230237389,-0.007201418496886278,0.063139942895203624,-3.6472086636307219,0.034364611765990101,0.018562633959363427,0.11273158837932981,0,-1.585511054160669,-1.1262380227046733,-1.5155905094678743,1.1169715379602048,48.068259542574673
2021-04-02 18:00:00,103.35325160309769,148.56580260673556,-1.6682363285220263,8.6350350346337326,-0.97793420426304967,-0.10527847332396087,-0.086726006753025303,-0.15053788293938444,-0.010992176537742865,0.16820342379107825,-3.4667980331115755,0.081443339009456009,0.036189386790057614,0.26794191313050092,0,0.37017452412183238,-3.1952163095052599,-1.4883542121940554,0.12316838676007973,46.680468622551189
2021-04-02 19:00:00,103.35325160309769,153.35568010605627,0.63505163901902451,-1.7415553064942504,-0.98827432745212251,-0.10188997240077248,-0.13475639112213494,-0.082972377092007166,-0.010992176537742865,0.061111151661994323,-3.6005680357996104,0.037662354139232142,0.078593709255026595,0.092726733615589071,0,-1.1553900382866007,0.72370666941849404,1.2171946937220028,0.76804145306743121,54.204738724245054
2021-04-02 20:00:00,103.35325160309769,129.69805841818885,-1.0959029981669457,-11.250770921683053,-0.98760184775071747,-0.02740844748807391,-0.062233441509091492,-0.084734785979165464,-0.010992176537742865,0.0033464148493669902,-3.565342258028346,0.060549579122452256,0.05334973244338951,0.18984958583511477,0,-0.79386549339824575,-0.11810278780177469,-0.73420867320742356,0.50407101267528598,44.264804321716127
2021-04-02 21:00:00,103.35325160309769,123.54294939296381,-1.2708953784681503,-12.79346460340644,-0.97553204201454746,-0.031588353617096949,-0.062249930858864627,-0.084734785979165464,-0.010992176537742865,0.035284458953367841,-3.5748331440064667,0.073918872029927987,0.017072981889720767,0.24314506118423135,0,1.4249169212958952,-0.67114720508962167,-0.47098102435954942,0.89153611084682227,37.450242028003665
2021-04-02 22:00:00,103.35325160309769,117.1581746095366,-0.58575800582666371,-14.639415382279445,-0.97941481026224819,-0.035582120011262354,-0.062099264468700968,-0.064415475632747132,-0.006705290417472658,0.04254349556643687,-4.4447724654970315,0.085237309023175153,0.040784392646852699,0.14417318064787932,0,1.2613387987762146,-0.34775746483964054,0.23809531255293839,1.0422427731326251,32.116428023327899
2021-04-02 23:00:00,103.35325160309769,107.35603481764269,0.41264283918176975,-16.583443320457096,-0.98798618263614491,-0.027200824062182674,-0.072143386006515445,-0.10867296522167695,-0.0056555850741743068,0.049816160819241985,-4.3759577429232728,0.078749194836270284,0.078970699789739487,0.19067494895802301,0,-1.5108859934309076,-2.1024606051753891,0.11781892095549594,0.48593392423274095,28.362583130759106
2021-04-03 00:00:00,103.35325160309769,60.305901573431697,-0.055829191081631938,-43.093671805081364,-1.573327126368866,0.25975191117000668,-0.14289187406985665,-0.51892148726180787,-0.0037126642939383668,-0.071927930436954779,1.2743579203512159,-0.48780035044033487,0.62265450156743685,0.19563549638924427,0,-3.6661879378681497,-5.3662479676869612,-0.38805398916270883,-0.4327049545340575,10.401527419142813
2021-04-03 01:00:00,103.35325160309769,110.86506703669505,0.63524916020219369,-8.7615752485779073,-0.3946421804101729,0.27357999122450793,-0.094437358621107748,-0.038539662193760926,-0.0054885191300816675,-0.028210441248004526,1.0726611186680544,-0.42242860685852324,0.66330681825632976,0.17074524338395564,0,-0.33210752582567438,-3.8014037960740041,-0.24085548971406115,-1.5741009310139882,20.39006286152965
2021-04-03 02:00:00,103.35325160309769,113.02534252994448,0.55695574849101703,-18.04372921612303,-0.16029196254826622,0.067171136136340903,-0.059652126317215878,-0.10382503136380171,-0.0070522588065610996,0.03181778689984046,0.63534529834543108,-2.0502552903182885,0.24940879886532114,0.21645178225467462,0,-0.76455329734408584,-1.790446767952063,1.2625488941049785,-1.4390270706555184,31.071224503178062
2021-04-03 03:00:00,103.35325160309769,110.43258122955642,0.64583431693872384,-12.581389539197508,-0.2146598879883336,0.1372907173327067,-0.13575477818912959,-0.50391113672273968,-0.0059104263583094861,-0.060925782955399993,0.63276477589612334,-1.391160636887331,0.23278392570509587,0.23389451241757903,0,-2.8051815589708688,-0.50512796116640357,0.23329801042162748,0.1029322255317071,23.064552850651157
2021-04-03 04:00:00,103.35325160309769,109.29099923694808,1.7649111893181917,-15.020058232112245,-0.093317381636120383,0.12264157124543532,-0.13378540978521505,-0.47698174066010762,-0.0070522588065610996,-0.029833711027470792,0.58715228049616563,-1.3630444927267513,-0.17259969477395393,0.25050484735158363,0,-3.3057404429951056,-4.1688765796325127,0.24784124382115214,0.75784913213237048,26.978137313641586
2021-04-03 05:00:00,103.35325160309769,97.873539361711565,-2.4529232610051945,-9.2877613417337344,0.13140772691955976,-0.42071154340378275,-0.10971486254580028,-0.53423750554829863,-0.012939361885887327,-0.086375175140528518,0.67642319322403965,-1.7868938724157222,-0.21107858334905988,0.16793527524162938,0,-3.9861393278186297,-4.4491481250502787,-1.7321700099744881,-1.2694470792008952,19.884061612301025
2021-04-03 06:00:00,103.35325160309769,105.19576746279159,-5.1394744689667604,-4.7118466789487972,0.13361026345866908,-0.22318298331112693,-0.033937656730038041,-0.046151593544715423,-0.012939361885887327,0.036669716481595407,0.53406179087161898,-2.4934625521904832,-0.21104212002760991,0.22645338497630324,0,-0.29571198839771223,-5.9448401320723665,-1.0353605677999214,-1.3094881200571942,22.369158927838413
2021-04-03 07:00:00,103.35325160309769,107.7469277604249,-3.8370181047949243,10.290764536406551,0.60173489821673487,-0.72849873750133909,-0.095713670395648834,-0.53803115837599214,-0.011163507049744023,-0.059218587467729199,0.98297316225905274,-3.783190207663631,-0.57188482913096628,0.63380072940466592,0,-3.9117233777357905,-10.140920603589228,-0.56071355134642886,-0.86100279531230262,16.983481961404038
2021-04-03 08:00:00,103.35325160309769,32.827029879769263,9.5681100976671729,9.7688452982927814,1.410579015194807,0.26457916141070437,-0.090092750654236442,-0.044359648291412992,-0.0032848150600082388,0.014241844806071916,1.0937589489393464,-0.6439942963888946,-1.207696770685855,-0.58154435806651283,0,-0.70115092378223143,-7.1826273796547113,-1.2670888532661129,-2.0391830844788421,-78.885313209310738
2021-04-03 09:00:00,103.35325160309769,24.195507048323918,0.078006030064471113,9.0340946641783049,-0.066874158910345566,0.2487183183934504,-0.11330891165939258,-0.043190919741474154,-0.003808702332704075,-0.018368096618694516,0.65008065735222553,-0.68012543731671549,0.126669574473015,0.2633047171011263,0,0.27393963275792393,-2.5050254835029238,0.94831914390409977,-1.8792568816512578,-85.470918701264864
2021-04-03 10:00:00,103.35325160309769,25.964582213893131,-0.019527837182856687,8.9631497503416799,-0.11923823866067645,0.26619095592234743,-0.11309853458962761,-0.043190919741474154,-0.003808702332704075,-0.018183056339078005,0.40180643874578031,-0.65971097182192728,0.14526926615728869,0.26330880190466732,0,-0.20908803598621953,-3.1006842369123659,1.9044439741568906,-0.014984535465968363,-85.031323507400359
2021-04-03 11:00:00,103.35325160309769,23.885693098804886,-0.15968712721833225,9.2680533828303169,-0.052433397134135737,0.22972167617947195,-0.10725113208391975,-0.043190919741474154,-0.00328465832600523,-0.012252798685252777,0.34508627894424876,-0.64952406927540918,0.051744458748130433,0.26438277153034517,0,0.24555629951569685,-3.1075043697720992,-1.4439996979744878,0.61030638420578032,-84.903281586035632
2021-04-03 12:00:00,103.35325160309769,31.373473284394581,-1.3742636971323634,-4.7486779226173965,-0.086077222550699731,0.10903255475027102,-0.086765546496587909,-0.043190919741474154,-0.0031886202872395213,-0.042658042498986949,1.0636014549553017,-0.61529317552302254,0.11596856488589516,0.22022123820995576,0,1.1999192588083283,-0.4560174650429456,-1.9248748043700108,0.38050227565214484,-65.68801624970439
2021-04-03 13:00:00,103.35325160309769,22.161841235039905,-0.75832239434083992,9.0335174256487445,-0.10837378219205374,0.2638843064947094,-0.11434703618884351,-0.043565439217886234,-0.003808702332704075,-0.019454303552917225,0.38667210837771526,-0.65971097182192728,0.13645969178732967,0.26224228212206396,0,-0.33414442907564323,-2.8465065722931331,0.91829481718650463,-1.7330943988126848,-85.571152969846253
2021-04-03 14:00:00,103.35325160309769,23.420686404641639,-1.4449858805609217,8.5608774405973413,-0.064920217827305074,0.24895359414510207,-0.11434703618884351,-0.043565439217886234,-0.00328465832600523,-0.02648390989296056,0.32278583304020736,-0.65568537225324985,0.087005889982643206,0.17091798639351111,0,0.14324434887864407,-3.4311109276961052,-0.042651320956252639,-0.46154353463151077,-83.177771993942471
2021-04-03 15:00:00,103.35325160309769,23.993304578721869,-1.6812216353394429,8.8440922000501594,-0.035574348880007566,0.17054558706059522,-0.10751433405916544,-0.045958877593424499,-0.00328465832600523,-0.019550446358558619,0.3441145429859005,-0.65161964662827354,0.057755262460864702,0.17102746414640899,0,0.20869772113471585,-3.4636050289104579,-1.207483873508894,0.61962613064293459,-82.559993083253147
2021-04-03 16:00:00,103.35325160309769,22.657476235820472,-1.7007001897000382,8.8198454389571186,-0.086419902434167264,0.17054558706059522,-0.11031568138750679,-0.045958877593424499,-0.00328465832600523,-0.022440579186512703,0.6670366043145981,-0.6655712143203899,0.18550641050349917,0.17118326289966768,0,-0.0774990065774704,-3.881249484234119,-1.6586630295068527,0.38327442776626325,-82.841064475512411
2021-04-03 17:00:00,103.35325160309769,21.171252333955216,-1.8719036334013739,5.1427131398921517,0.026962740736269322,0.2070148668034707,-0.11530752275094487,-0.045958877593424499,-0.003808702332704075,-0.050028488222695698,0.33813815959941645,-0.67607358057916833,0.10082899351858757,0.16888697473812797,0,-0.52596256701322386,-3.3485040341236108,0.68939653339508422,-1.9657080640713414,-80.252685207737116
2021-04-03 18:00:00,103.35325160309769,24.059602211216994,-0.55015231547179755,4.4435275347048577,-0.062826551463476613,0.18772032285900511,-0.11354410259968105,-0.045958877593424499,-0.0054728235574304125,-0.047894792630832669,0.2827739758001272,-0.60263247192047464,0.18591325943204901,0.10535922984224987,0,0.15241774107812039,-3.1999302855026435,-0.76313503903120383,0.19334303258336935,-79.453157228409509
2021-04-03 19:00:00,103.35325160309769,23.627068253902753,-0.47452123368315896,-4.0029725647412358,-0.043725236263572873,0.18772032285900511,-0.11611143714635497,-0.043689655948629877,-0.0054728235574304125,-0.050548196590310762,0.52684799623795908,-0.58678526670658993,0.3713285377474459,0.12182858660421995,0,0.0025554140138185793,-2.1354728253627973,-1.0982301692254284,-0.0092741876278579025,-72.36966060980393
2021-04-03 20:00:00,103.35325160309769,24.207405498584084,-1.2557680504080888,-6.9664073492256344,-0.22697385013434079,0.057686923035349336,-0.1148966503942434,-0.040478890878258733,-0.0059968675641292601,-0.072997283634696847,0.37930529093746784,-0.52097903830246262,0.26122609449450929,0.098203234755875488,0,-0.3320504756920119,-1.6671688115631971,1.1254165202822479,-0.17504996978657439,-69.688916930435454
2021-04-03 21:00:00,103.35325160309769,24.088901789571732,-0.55536220340146869,-7.1690599238924948,-0.065051153952946972,0.021217643292474022,-0.11106007019609546,-0.040478890878258733,-0.0054728235574304125,-0.069100643809225967,0.26307486727467377,-0.51727094554167807,0.17431756549919339,0.0992772043815532,0,0.088964971949570718,-1.6607342971473105,-0.23159320930817623,0.026594086914293928,-69.512611991152582
2021-04-03 22:00:00,103.35325160309769,37.754939493233685,-1.0175215410975589,-7.8023644030138071,-0.068418580868032805,0.14390989506868831,-0.10311915325437515,-0.038085452502720468,-0.0049644751233828208,-0.061088794872208627,0.91568881598569685,-0.44949435771176288,0.44305969721737004,0.09861922093354003,0,0.54484511166347294,-0.57451781680992253,-0.74776248912241883,-0.25457513110970609,-56.622522655246946
2021-04-03 23:00:00,103.35325160309769,23.132649478686485,-0.36615400862525577,-6.7040806002613795,-0.27247770521997189,0.059718026876990953,-0.11138427295527535,-0.038085452502720468,-0.0059968675641292601,-0.06726631155061577,0.41569901482964916,-0.39795310553086449,0.74388741091984245,0.12905175405433869,0,-0.45705415122028892,-1.5831817284709593,0.56816400122935562,-1.6602454740866661,-70.473242654333319
2021-04-04 00:00:00,103.35325160309769,37.368630855649563,-0.67700338951197025,-11.232510781152381,-0.65363925166090597,0.080280939474104196,-0.12465435515664959,-0.036713308130111894,-0.0026983877946629899,-0.079974726091790127,0.1272058897812274,-0.080223892072729522,-3.1173450958109052,0.12389855907357003,0,0.23695559414558467,-1.0505089076114482,-0.30498126606696446,0.23940826294815357,-49.432116631810295
2021-04-04 01:00:00,103.35325160309769,18.816675805040944,-0.69651329404887941,-8.3359208097004256,-0.12388161092821438,0.080280939474104196,-0.11907337159156377,-0.036713308130111894,-0.0035536940321386113,-0.073474801278230417,0.11932106254638772,-0.080223892072729522,-2.7342411733332828,0.12443789393017532,0,0.059580372516195135,-1.2002588025865659,-0.84390903547801299,0.11042361660226195,-70.782855889945751
2021-04-04 02:00:00,103.35325160309769,19.458171734571568,-0.61661855880966687,-7.6431594861645511,-0.0058964753311121394,0.080280939474104196,-0.11976300132583478,-0.036713308130111894,-0.0036857907583117346,-0.074307309289058043,0.076661247206636765,-0.097033565048769324,-1.6799516652539863,0.13490025409379344,0,0.32870936186015776,-2.1980324084314047,-0.88945729185718292,-0.44098980454931919,-70.710023006211543
2021-04-04 03:00:00,103.35325160309769,22.114459001847859,-0.35294069783242149,-7.1895176402424923,-0.12427776469395065,0.11675021921697956,-0.11748098800784881,-0.036713308130111894,-0.0042098347650105792,-0.071878940384211651,0.21698468047671565,-0.0093129132998175813,-0.74761456115300051,0.13279211584258982,0,-0.21548591973893266,-1.2457670646844194,-0.066697657136715868,-0.39165175321230489,-71.13177057350488
2021-04-04 04:00:00,103.35325160309769,28.564212980998395,2.9305012893132933,-8.3563318255857837,1.1398559748937223,0.063419401634192324,-0.11527646215353103,-0.036713308130111894,-0.0036857907583117346,-0.067823504245782137,0.22526080401854956,0.011039867074284861,1.3486515518346156,0.17579103951865929,0,0.27210650072332765,-1.2188603870575172,-0.4224643959313249,0.33267853425993943,-71.067187911507617
2021-04-04 05:00:00,103.35325160309769,27.871434004515944,2.8468335259606192,-9.6350245555391485,1.9830265768260675,-0.60381325319087809,-0.09486802893436154,-0.040713505416040498,-0.0069705420571479458,-0.074583337541744218,0.6342024473657033,0.014572683803296748,1.6840340481506686,0.15145951471763647,0,0.58057776620974955,-2.3734715655882912,-0.44454019214798512,-1.8124842613121825,-68.290054919887751
2021-04-04 06:00:00,103.35325160309769,33.170795521650483,4.1583673297934149,-6.5731624617565565,1.8912089609172351,-0.0063410372199355323,-0.10280809482716798,-0.043748668942023873,-0.011660677520816237,-0.067980854729174617,0.52691385139549174,0.025514313057655461,2.2371185144817534,0.16561426106430419,0,-0.67049991589702351,-1.9279545436997527,1.7662416306038069,-1.2935085724580286,-70.255770115710646
2021-04-04 07:00:00,103.35325160309769,43.135849962690116,5.6039861173686658,8.6655572298941959,2.25259621445222,-0.92396802378012033,-0.070676268473850931,-0.045269103134248465,-0.0059831390934992016,-0.047538073251608901,0.91214691181146423,0.030452154735518655,3.1662738069261067,0.51291379261767145,0,0.20414368127144999,-3.0702378501660585,0.079308236189037346,-0.71720046301628326,-76.763906864758397
2021-04-04 08:00:00,103.35325160309769,64.318580033802021,17.837053635333437,14.180762275337255,3.2873240229146692,0.59102590915534892,-0.0936847173679594,-0.045269103134248465,-0.0026550509192120857,0.010991190240696749,1.3547030323479923,0.023557414326466308,3.4903461535599418,1.7849912778888493,0,1.5435182121155995,-3.0825833660248856,-0.50085937061430597,1.4498621409627763,-80.863755225418231
2021-04-04 09:00:00,103.35325160309769,25.475057597865518,-0.23203022535406578,9.6660213688893357,0.086578229975351972,0.30621075778286883,-0.11725166586318035,-0.04335620873044696,-0.0032224318013618358,-0.018575216085532066,0.39442202315838415,0.0036317410794985726,-0.41665846956354835,0.27162273097640699,0,-0.17369855424806194,-3.0665001241436416,1.7132371640798858,0.068964233135187333,-86.317589358519371
2021-04-04 10:00:00,103.35325160309769,24.260870091615256,-0.81466465831202939,10.316526509750313,0.11812078755720844,0.26974147803999332,-0.11171500723635908,-0.04335620873044696,-0.0026983877946629908,-0.012961382502212418,0.30295856205460103,-0.0025746716294242559,0.11421153461996408,0.27269670060208479,0,0.41807950179297443,-3.0171783929770748,-1.4763435916424981,0.80213486303963277,-86.225359148114592
2021-04-04 11:00:00,103.35325160309769,32.108193497606209,-1.3458850904694721,10.780676093903548,0.12410341124184089,0.26974147803999332,-0.099663407341333485,-0.04335620873044696,-0.0026550509192120857,-0.0010342122869322389,0.77366630873931674,-0.019384344605464062,-0.15934219572892852,0.27273604702811016,0,1.3533328724423634,-2.44983450057271,-1.8606381577523547,0.3935556783718332,-79.231076826851776
2021-04-04 12:00:00,103.35325160309769,21.573132945697918,-1.6843346607641547,-3.9633749755813654,0.078344205337792516,0.18552163635366767,-0.11420502124622961,-0.04335620873044696,-0.0032224318013618358,-0.066390281542329815,0.31417448060773273,0.00046431803007164978,-0.01923676855369371,0.22379252797183674,0,-0.25494924070799624,-0.99333482066534529,0.58937835796340587,-1.5337891620008082,-74.495600612070675
2021-04-04 13:00:00,103.35325160309769,23.23869936771403,-1.0045237215718785,9.9056735057959457,0.10302993002098706,0.26743482861235529,-0.11850016746239625,-0.04373072820685904,-0.0026983877946629908,-0.019846463299371286,0.27948942399893451,-0.0018240761294286546,-0.080773898283880333,0.27258722284918696,0,0.3363425389243167,-3.0596262047571683,-0.04807884792869286,-0.51085361633743953,-86.388653573813784
2021-04-04 14:00:00,103.35325160309769,25.070168516676194,-2.53405482587047,10.015308977976558,0.13541515146285044,0.2889733960056235,-0.10825973704699156,-0.04373072820685904,-0.0026550509192120857,-0.016731990134467658,0.39820832250186927,-0.0023873574526319242,-0.048360441363644473,0.18090828011418297,0,0.29020446675370754,-3.1269339001265175,-1.6296675669686973,0.66228731998696,-82.741607403133926
2021-04-04 15:00:00,103.35325160309769,21.934487269843522,-2.5227540478142472,9.7209786544057319,0.38290583070718243,0.21056538892111651,-0.12226813081948232,-0.046124166582397305,-0.0026983877946629908,-0.030747972107217376,0.32086730124947721,-0.01844643492867613,-0.40693918410965346,0.17932858876543123,0,0.27899285588822692,-4.0450382791593826,-0.54949675265781395,-0.74826730892746551,-84.019622288290464
2021-04-04 16:00:00,103.35325160309769,19.608810327348504,-3.0852184042128359,9.2878035428749932,0.015517131779394788,0.24703466866399199,-0.11850016746239625,-0.046124166582397305,-0.0032224318013618358,-0.026876069639414617,0.32843862962578285,0.0029855649159355783,-0.51576324037809651,0.17720090380986761,0,-0.42399949536324738,-3.6431654341822175,0.8267941839544275,-1.8768296987510749,-84.890516793000756
2021-04-04 17:00:00,103.35325160309769,23.626318262174539,-2.2716907861511655,6.6182857622079307,0.12727651310727692,0.21056538892111651,-0.11589925681998194,-0.046124166582397305,-0.0026983877946629908,-0.046798145938359376,0.35386011843348281,0.0012413459712297046,-0.0094157209109402718,0.17934139321814863,0,0.29592837219000967,-3.1227020309286773,-1.2033258214673439,0.56434225431469376,-81.259120172693599
2021-04-04 18:00:00,103.35325160309769,19.240739519603562,-1.4744721602198503,4.4173172798743607,0.22704511177365472,0.22619345865559651,-0.12329776059116858,-0.046124166582397305,-0.0036857907583117346,-0.055699145089480928,0.34965496647201988,-0.0077310688555906702,-1.5445656778964023,0.1181478609933302,0,-0.092870013667479795,-3.8760699084925792,-1.3460759798465574,-0.34903322233415573,-80.531245866929297
2021-04-04 19:00:00,103.35325160309769,22.198134850050558,-2.0114127466902398,-3.7274326476454358,-0.13371983052173847,0.26266273839847193,-0.12143374776810723,-0.042516429508045614,-0.0042098347650105792,-0.053743866441229797,0.29174606651012047,-0.005412313311238124,-0.89340234250329431,0.12419818408021153,0,-0.076931880960616775,-1.8468080050604112,0.90074340505431927,-0.28880223496367785,-73.528641266951411
2021-04-04 20:00:00,103.35325160309769,22.526876012666154,-1.4482596687111029,-7.0837848295674322,-0.060438241470667224,0.059690779089065595,-0.11504357186216858,-0.03930566443767447,-0.0036857907583117346,-0.071590007012708068,0.17858453902586477,-0.012405600871572876,-0.69393940446158231,0.10255138957350832,0,0.26848028471235796,-1.3320399349962428,-0.31600926980492033,0.066215969107417422,-70.325396567985436
2021-04-04 21:00:00,103.35325160309769,26.184106355468789,-1.8336832544847406,-8.1000598180858425,0.29834176359853171,0.059690779089065595,-0.11282270833993487,-0.03930566443767447,-0.0035536940321386113,-0.069671462967366163,0.67378484297893437,-0.014799683023600595,-1.7867065598108491,0.10150628245436953,0,1.015930784379151,-1.3396100193225695,-0.98238647019504022,-0.53030186726677886,-64.505498498162396
2021-04-04 22:00:00,103.35325160309769,19.581095397055879,-1.8046340383304533,-6.9029760355909433,-0.17400472163084948,0.12197332701107762,-0.11872948960706471,-0.036912226062136205,-0.0042098347650105792,-0.075360430808498996,0.27189257056104332,-0.01149200950524476,-1.071539356723515,0.10041090016522729,0,-0.41245714790997079,-1.4855372439292165,0.49147858599974703,-1.7960071198063818,-70.864051935109742
2021-04-04 23:00:00,103.35325160309769,19.469589828683205,-0.90095673511638452,-8.6018450624587963,-0.072498359756779165,0.079194520459604262,-0.12134743604524424,-0.036912226062136205,-0.0036857907583117346,-0.075781642960076598,0.069876828728212576,-0.080223892072729522,-1.7844104073927332,0.13506963600350766,0,0.23359634122333428,-1.2434435103562829,-0.27209322692203547,0.1474072346942828,-71.35560804562202
2021-04-05 00:00:00,103.35325160309769,65.615583646761294,-0.36211877502534334,-7.195734051522038,-0.93668551685779056,-0.021813730147139224,1.5219814066918289,-0.019629748999410963,-0.0031886202872395217,-0.0072863560794736802,1.0003586608823518,-0.028242333161348998,1.1579771148910518,0.1098062880151605,0,0.91801662538033968,-0.19942520709374531,-0.16925647784601852,0.014040380673094379,-33.516467615850829
2021-04-05 01:00:00,103.35325160309769,30.85809405605249,-0.030104658392168315,-5.1835855787783771,-0.044206391043389408,-0.035383694702627727,1.7315598754661463,-0.019629748999410963,-0.0059968675641292601,-0.011175614202466976,0.50141349408360025,-0.0090964243767250371,1.1085262685835195,0.10981020625003661,0,0.23289938083547565,-1.5048180213659585,0.99839197153146275,-0.31713818508458036,-70.016623559285591
2021-04-05 02:00:00,103.35325160309769,25.70113029666885,0.014937599672064844,-6.7171254459155074,-0.18998786845126012,-0.035383694702627727,1.8180748480894273,-0.019629748999410963,-0.0059968675641292601,-0.012300043020479096,0.43089248640235878,-0.0078749496814933193,0.48158947440519068,0.11933941473121631,0,-0.42887524416492301,-1.5463556575929296,1.1139792907710588,-1.9994837000044652,-70.667921200402915
2021-04-05 03:00:00,103.35325160309769,26.707637375875404,0.30780666820720376,-7.4706661339252838,-0.036252321812197091,-0.021813730147139224,1.7717330416803447,-0.019629748999410963,-0.0054728235574304125,-0.011670697328659446,0.27443246452240033,0.010355117290862869,0.17174275079817811,0.12120267737814865,0,0.17824014585777057,-1.5557817869304629,-0.56518833750842667,0.24671784265755706,-70.041369355405578
2021-04-05 04:00:00,103.35325160309769,26.159087916328478,1.4705038081234514,-8.3726168007140984,0.059532393855394265,-0.01992018846458227,1.8348141076400626,-0.019629748999410963,-0.0054728235574304125,-0.010151219035346231,0.60519492523120144,0.014452359108383751,0.065030053602428084,0.16474701487355595,0,-0.12433529313064927,-1.7475040430751969,-0.64914185290751836,0.021773715030298249,-70.481440094349608
2021-04-05 05:00:00,103.35325160309769,26.560077910999446,1.2109542605225063,-8.8990860047949347,0.61332690297796788,-0.24783763520491384,1.5815021794587218,-0.02362994628533956,-0.013447710319934919,-0.023571285509293102,0.61038153854910315,0.026767298437190362,-0.80157357123727579,0.11826538477049343,0,-0.50539900417996342,-1.7635122160925309,1.3899355584251976,-1.4351210863742845,-68.631128355240946
2021-04-05 06:00:00,103.35325160309769,24.612387241903111,-0.93495517047427512,-6.2641786441752885,0.69437489979208644,-0.026186127051854406,1.4569290075417443,-0.025326301834681177,-0.0087575748562666259,-0.0060699377918508749,0.56350934403780695,0.027399597172518456,-0.89689436564018887,0.14903783540948679,0,0.10410007281432385,-2.0152240046180006,-0.68146764551729266,-0.66492563948908512,-70.212229706513824
2021-04-05 07:00:00,103.35325160309769,34.871528885846658,2.7248115982350876,7.849305571247176,1.1288110957288182,0.0051111495462407702,0.95241382702285227,-0.025508220597348693,-0.0065694096248414408,-0.0012075550830748655,1.1418470564948044,0.033937314994093214,-1.0380462802974122,0.4890497775218936,0,-0.16443814922248079,-3.0597484220931386,-0.74957832549363312,-0.87895831917624689,-76.882955426453734
2021-04-05 08:00:00,103.35325160309769,150.60486255174013,12.194738970154969,18.18102236572819,1.6293212476073298,-0.49204652400840082,0.40566382708709531,-0.027719277345120048,-0.0037126642939383659,0.27448140252399178,1.0991916089900957,0.31736289959239122,-0.54096779473912404,2.2117445948395762,0,-0.12972183608696697,-10.182100133870458,3.613108379177544,0.035117355965804578,18.666126527319435
2021-04-05 09:00:00,103.35325160309769,179.89027031994905,0.43547025406723755,21.05079367439486,-0.062677873192711814,-0.10290806417939265,1.0881707963596339,-0.050631598875948619,-0.0089667334058711155,0.052338879603324728,0.66084588035297664,0.072319557342363186,0.063996255673608241,-0.22204663095888683,0,0.72503204834938184,2.3542410945468846,1.6343682283178307,-1.3681680503651952,50.214840998821344
2021-04-05 10:00:00,103.35325160309769,180.03370407043849,1.0113544844044795,21.067795655868739,-0.08937208978611122,-0.09946312222293259,0.71948244004210116,-0.0023782233279610408,-0.0089667334058711155,0.078101939750659238,0.54401791107306696,0.066574116803428493,-0.012847987861936465,0.029486214331062549,0,-0.83170048294143828,1.7585334433574524,2.1000449439409405,1.0986508485160671,49.251139108799158
2021-04-05 11:00:00,103.35325160309769,176.72481703718412,1.1672370906350333,20.000073994014258,-0.085292422312294655,-0.11104948959197383,0.71948244004210116,-0.016722329476218902,-0.0089667334058711155,0.31078957158392567,0.55427097748905663,0.070769271613408888,-0.03029686334318684,-0.29073017175037569,0,-0.085689587206725593,-0.54814892796679271,1.5018573638246995,1.4017421526747946,48.82223909726271
2021-04-05 12:00:00,103.35325160309769,125.43910105755077,-0.44148893656936355,-20.185453407946486,-0.063305696502758163,-0.068772344197780444,0.72063213030123774,-0.050167048493391923,-0.0089667334058711155,0.018064648747005398,0.50099649134214885,0.042958010400211542,-0.039978455557728214,-0.12925264071140594,0,0.13302368724591965,0.5325241566725053,-0.91321977193584913,0.27234878641242405,41.765906578652235
2021-04-05 13:00:00,103.35325160309769,184.69285147729073,2.2968243141792306,26.229508494823552,-0.035815586608794789,-0.10493079514193232,0.73488358793019848,-0.028699779934337425,-0.0089667334058711155,0.37960421522674165,0.52955442322453894,0.14887757019780409,-0.011251069948280127,0.53866948861317343,0,1.4778999564866528,-0.62397863276190302,3.5157350692631963,1.702793098646241,44.598892253402923
2021-04-05 14:00:00,103.35325160309769,179.61052496431557,-0.68489651329017198,20.674891679820927,-0.06881991933822626,-0.10476362981987149,1.1544339229291469,-0.049372993746166015,-0.0081458349163807779,0.08453637049691759,0.5453717577486703,0.052967954421824247,0.020712884736809451,-0.071550034754788522,0,1.9897389724590577,2.4281815818464332,0.59780739824565077,-0.63380025835503051,50.329980022733153
2021-04-05 15:00:00,103.35325160309769,173.99079882404456,-1.2293180735449918,19.126814960671663,-0.066104650317245495,-0.088792954102777349,0.71235429775158821,-0.004378968779696295,-0.0089667334058711155,0.10941381594134361,0.54416905153498951,0.051753055550312156,0.020766816377842275,0.13901053372813008,0,-1.1060062443784775,-0.1398412212344983,2.4646011773571903,1.1763035224149316,48.935768835382376
2021-04-05 16:00:00,103.35325160309769,164.84388251828989,-1.8341862684592039,17.72948912058007,-0.074423285529410396,-0.10588566889711909,0.7036532436023708,-0.048988251593677569,-0.0089667334058711155,0.18586338053695953,0.52615024600608451,0.058091835030701963,0.047023644453295023,0.26932484012321367,0,-1.4834940592534083,-0.85303033826161756,-0.91814677586077487,0.14064365880648191,47.157512327313924
2021-04-05 17:00:00,103.35325160309769,154.51635409703476,-0.65311755112066849,14.04430739631127,-0.052794885239121937,-0.12129307921288095,0.89515375305823497,-0.095822820845488724,-0.0089667334058711155,0.19196289201532321,0.52622104280915594,0.093156035946076785,-0.0041514888865874563,-0.2620550245652854,0,-0.074076845947279549,-0.70481123119494837,-2.6611276952229379,0.92670927996055241,39.123809449477527
2021-04-05 18:00:00,103.35325160309769,147.73001130797215,-1.5288598694125226,7.8156522256734009,-0.079612660019826836,-0.1124450273792495,0.91087647845113517,-0.096957548452653447,-0.023966767374252886,0.19177365090059231,0.49177541458986734,0.082006732579609942,0.060788753361881893,-0.33533486293477111,0,0.7421971400499624,-3.0716325657783323,-2.4618706209189751,-0.57049743822109367,42.362866669759711
2021-04-05 19:00:00,103.35325160309769,146.27460766373656,-0.21390832086170572,-4.5167760790755427,-0.08452233218718283,-0.099953784666451273,1.285000302121432,-0.03428545990363871,-0.023966767374252886,0.22964213166622122,0.50004446390280188,0.10601821183234991,0.048400094397604877,-0.28913903770480243,0,0.66189305178754709,-2.7918471492535635,0.85268768859351007,-0.7072677569260386,47.999336804290586
2021-04-05 20:00:00,103.35325160309769,120.42438809915889,-0.57448737428782426,-13.897244376456309,-0.084923265517846014,-0.030295036794081232,0.83654445056878801,-0.034093722884004168,-0.0076623257924627181,0.057824195790524176,0.56920609304455272,0.11170365553045607,0.088562360483616098,-0.25825860517305638,0,1.6492549174176143,-0.18474654438114615,0.43091542393100807,-0.1861625788064403,28.584999229387702
2021-04-05 21:00:00,103.35325160309769,115.97227574543574,-0.6955775697216201,-16.37612575655421,-0.077413183605904309,-0.022285261808595476,0.74777893665177331,-0.037645647944855143,-0.0058386183656782276,0.06120010628636996,0.55672488342950499,0.10670100875895289,0.020497514378995788,-0.037851878645681007,0,-0.69724152705560005,-0.87139129917826286,0.43184493197115464,-0.12094139565701048,29.636588899398614
2021-04-05 22:00:00,103.35325160309769,114.18098355642034,-0.60500370002336001,-14.427780758565421,-0.079849709613932951,-0.028692161627781376,0.75305503816880148,-0.042088158797237221,-0.0070522588065610996,0.062056454945533801,0.64391843361229106,0.10344070864438493,0.17835478920040485,0.27559533323781155,0,-1.1771638760380931,-4.5865962354833449,0.025000647495294723,0.74788649914878935,28.992650907825016
2021-04-05 23:00:00,103.35325160309769,109.81477573769001,0.36014788615158594,-15.801031825523216,-0.095086206889423486,-0.023094142288889435,0.75998695266540839,-0.041343992943374555,-0.0058386183656782276,0.061927058872846996,0.63616208369903138,0.1004355714755162,0.34273505050559916,0.031786938955532529,0,-1.0267677402742379,-4.7231575791394356,-0.24155586495383363,-2.0645614942213628,28.190780056866259
2021-04-06 00:00:00,103.35325160309769,63.058379839722292,-0.14803216518967538,-44.796810285189963,-1.597118924442158,-0.030614765528669336,-0.097656558495356427,0.61422272039705428,-0.0032848150600082397,-0.015430038217937807,1.2771071306901434,0.026343967330159746,0.61277350487609294,0.27479678919788059,0,-2.5004798965286299,-3.1394588145516065,-0.47270677799468569,-1.1593578094614596,10.860834974793526
2021-04-06 01:00:00,103.35325160309769,110.21022712735517,0.42617882103472643,-8.2105222784369349,-0.38810089163481076,-0.033579423854002047,-0.099497192456069736,0.018866674832385508,-0.0050606698961515395,-0.021045587655723785,1.0797420913108857,-0.061125884429651355,0.66845103074840218,0.053048550023101264,0,-0.44242125512452041,-3.774696082298699,-0.55382846862161816,-1.464128865588717,19.664694956304928
2021-04-06 02:00:00,103.35325160309769,116.60054766705422,0.27605566341516602,-17.740651964895612,-0.056826063728683637,-0.016858764820236259,-0.049516704838993134,0.025555862271757847,-0.0058386183656782276,0.047456477074982642,0.65765001192687267,0.17146150716128516,0.27272348771853205,-0.073027160128554758,0,-0.55838708292326067,-0.39742939200317284,1.9366012655236244,-1.5384130903832687,30.296740630951756
2021-04-06 03:00:00,103.35325160309769,119.07745931997675,0.43352343875546362,-17.399366488740732,-0.10433293179792395,-0.027410684034869431,-0.054801948327473676,-0.074974886274764188,-0.0081019641498594492,0.056778645662928638,0.66027024698977521,0.10475962892607737,0.20802660871769937,0.27508284277630829,0,0.98946597423798766,-0.22257858500616221,-0.11027205022835625,0.18122055237712176,30.816919316995708
2021-04-06 04:00:00,103.35325160309769,114.14592336282676,1.5298359786910949,-19.434828668814795,-0.035876564878632181,-0.019622858303578149,-0.050343991569508473,0.056182304498719721,-0.0058386183656782276,0.063369022639874678,0.65339027710753494,0.10427599658210304,-0.18251316548957139,0.14053712198129795,0,-1.0144101512275749,-1.8639510421787653,0.19966666060874344,0.71225480502770544,29.940544653420037
2021-04-06 05:00:00,103.35325160309769,106.3435990921369,-1.6774144810041851,-9.5974601392400753,0.16282232966681714,0.085784721608410788,-0.045937768628003049,0.63818406775281367,-0.012939361885887327,-0.027852735418284608,0.73146834623476042,0.18309772541218991,-0.18486629658777809,0.080435100439831167,0,-2.5683518525526967,-4.8310273683549987,-0.37918011596587292,-1.0459149805092887,21.479500298071482
2021-04-06 06:00:00,103.35325160309769,111.13149856220879,-3.4978383097351489,-4.7734370843980223,0.16502486620592646,0.076583036089879875,-0.010514441701484724,0.053525508955732506,-0.0087675267766265871,0.078910352339901652,0.60758649661317365,0.20949762994747087,-0.1808582466801964,0.11315999102049984,0,-0.38057693357455918,-5.8367494410153089,-0.53233808846427177,-1.6182273967061949,23.313266546990331
2021-04-06 07:00:00,103.35325160309769,154.18057589551876,0.46480455191160036,16.952609057416367,0.2773324719591877,0.25399168468885458,0.089691265244224966,0.15252143734691126,-0.013902148725575053,0.067772533441376792,0.99900222527649218,0.31991360648614497,-0.46766860834262891,-0.67259651779586804,0,-0.28070458931649128,-1.0958177502846089,0.10232868607812344,-2.8759863017968899,36.554032688833964
2021-04-06 08:00:00,103.35325160309769,179.83139939514248,7.6148143837070279,23.331933806412543,1.1465475708531896,-0.10015933375943785,-0.14338875959958314,0.1327045127952281,-0.0089667334058711155,0.43955696324008575,0.79949666622988269,0.13999617655926763,-0.56009798834727886,-1.5678294153692491,0,1.6116951500453689,-1.1189657933953041,0.05805938397799619,-0.90597163874377118,45.608722840844763
2021-04-06 09:00:00,103.35325160309769,180.04290725942312,0.66468182007302679,21.29113559796772,-0.093780290830440705,-0.095929990896143652,-0.12286326337359618,0.097097899368266669,-0.0089667334058711155,0.094300643907144918,0.57760026852595014,0.04878736056371262,0.012830340792767618,-0.22268791852720946,0,0.82776802417933171,1.8053150852401572,1.5570608902648559,-0.97411168210933974,51.231417604585168
2021-04-06 10:00:00,103.35325160309769,181.13776011041216,1.0251336627487795,21.094499691501838,-0.095676069625014876,-0.094873094664751759,-0.04551643474252931,0.07065398873618399,-0.0089667334058711155,0.06626263135626434,0.55232834210964177,0.04953937815845872,-0.0073581730514135245,-0.31423265814153617,0,-0.29849332424946362,2.3622497651731602,1.9954673557696774,1.0259790854633968,50.407511094177814
2021-04-06 11:00:00,103.35325160309769,172.91188216452394,0.83403258125555257,19.340148036953163,-0.095676069625014876,-0.10557501173836954,-0.04551643474252931,0.07065398873618399,-0.0089667334058711155,0.082428851297394412,0.52920009807027535,0.047829854818189223,-0.0073581730514135245,-0.33813424129006747,0,-1.5185103520916448,-0.40929603469873815,1.318876715917092,0.12165604837608004,49.742837436646091
2021-04-06 12:00:00,103.35325160309769,124.33502994406382,-0.54344809741318145,-20.235796812179398,-0.074513164857480371,-0.063048289375992161,-0.04621579702043839,0.10168370834556033,-0.0089667334058711155,0.011176081726825894,0.5059799241897196,0.04251518480935474,-0.037888421778671647,-0.17050625344479911,0,0.19514309823986087,0.51675159305687079,-0.97009584965763396,0.18824113353042604,41.570767036200976
2021-04-06 13:00:00,103.35325160309769,181.63817271164103,1.9264488525281096,26.110618615832294,-0.043672027849122427,-0.096064411353917536,-0.048281830018721397,0.14468393948981031,-0.0089667334058711155,0.34307501945745322,0.53637675061374945,0.13293520058140421,-0.0076402595767898615,0.13450812778702301,0,1.1246343398801253,-1.1658144801688797,3.0977449342693446,1.6104129850969724,44.493922085380547
2021-04-06 14:00:00,103.35325160309769,167.45009586090595,-1.404197583032756,18.261588519252303,-0.079841948160977713,-0.11765640995909238,-0.16870425855260252,0.098683100558534506,-0.0089667334058711155,0.1353977346654357,0.54019539086811796,0.064818560526230709,0.032529944638783267,-0.002591489629750979,0,-0.97468811404689204,-0.1099142172159884,-0.31020041865945464,0.18534004354576397,47.955052136416583
2021-04-06 15:00:00,103.35325160309769,171.40602791102498,-1.5209119655460022,19.255780844691792,-0.069057603041754498,-0.068820818352786736,-0.045735569473665666,0.083231494583318744,-0.0089667334058711155,0.053096668129646307,0.52843988241315976,0.048665862979945011,0.015131748172350145,-0.10746434116018624,0,-0.61256123745330249,2.0614814280861777,-0.78227309156355518,0.23450225001127742,48.988237488856825
2021-04-06 16:00:00,103.35325160309769,172.82732687823955,-1.261785958880332,19.342884707566864,-0.076722395244959274,-0.074647376289819933,-0.050283629440417893,0.029334204622446639,-0.0089667334058711155,0.047493109007312233,0.55950324776421412,0.11439766528748392,0.047935459028600705,-0.17303408415861121,0,-1.2539476364959299,2.7801178716790007,0.048458012181360123,1.6675656634305807,47.735773148490047
2021-04-06 17:00:00,103.35325160309769,159.8077049204189,-0.65439528848358208,11.537456822081197,-0.070288325478044922,-0.093486572783687133,-0.056116773690208385,0.12709365733833433,-0.0089667334058711155,0.079713412004656398,0.53532142931019955,0.052929415199491778,0.02200982869206165,0.016407765931330226,0,-0.76138716926990946,-0.71996356370547143,-1.5303902866352987,0.94597022602925818,47.032545474186733
2021-04-06 18:00:00,103.35325160309769,154.20935661087259,-1.4843534680817176,8.5414335708894029,-0.087469101260154475,-0.096318260838642256,-0.05650638607473403,0.21715686939473283,-0.023966767374252886,0.1846867454068529,0.51666693225110627,0.096777545635646098,0.071249452470221519,0.13258811803281217,0,0.98312979886311436,-2.8854653948455677,-1.2597587182362835,-0.026409005681510063,46.032663077223887
2021-04-06 19:00:00,103.35325160309769,158.93390173536054,0.82477718904529695,-1.9966126196692211,-0.097809224449227322,-0.096702865665858409,-0.13331167863227111,-0.0036454412651291037,-0.023966767374252886,0.088239485737214893,0.53210445893854252,0.054478563233559596,0.1004094485906718,-0.021804324756416801,0,-0.38566691856723412,1.0195271664630894,1.5563967148500708,0.56991446593921036,53.594322479844834
2021-04-06 20:00:00,103.35325160309769,134.23066231517043,-1.0751541037737617,-11.443055258155935,-0.097136744747822329,-0.020752053214863196,-0.059179756724061422,-0.015084941720527196,-0.023966767374252886,0.011380507135269814,0.50607044596120121,0.067929579633154019,0.069328855666246442,-0.25627616483367888,0,0.057997647619731946,0.19442454895377403,-0.68088090747914398,0.30897590960070126,43.332789915526845
2021-04-06 21:00:00,103.35325160309769,128.49984248032595,-1.2805212344549239,-12.988954823150573,-0.085066939011652201,-0.025197263382504241,-0.049334043058139002,-0.015084941720527196,-0.023966767374252886,0.044258966428569572,0.50746506550117043,0.088196330935041062,0.033424869362805268,0.12568382746968909,0,2.0231433258280114,-0.34678808464722194,-0.24169626532692118,0.70995686726184892,36.671071986567881
2021-04-06 22:00:00,103.35325160309769,123.76252089301177,-0.69146260582408525,-14.900174769584401,-0.088949707259352861,-0.030449455765613285,-0.050949786936158842,-0.098567513704757845,-0.0081019641498594492,0.05641228520524693,0.57977223323767979,0.10281202032294277,0.065482135887794085,0.20560739732601005,0,1.8586197044440254,-0.0074786176711646689,0.47202120198490183,0.82889750855449884,32.11577922384626
2021-04-06 23:00:00,103.35325160309769,113.89871572078921,0.33128329136056811,-17.02762521969737,-0.097521079633249408,-0.022360112108408658,-0.055207907855121585,0.096911410290904373,-0.0058386183656782276,0.057153746851259991,0.57080632726605951,0.097933740454057006,0.13746133590330553,0.086366820609819803,0,-0.85314906001826429,-1.8161433763960375,0.36652985059565929,0.25187323455120958,28.42698973388277
2021-04-07 00:00:00,103.35325160309769,60.559752742419022,-0.14362239060261611,-42.438689101230331,-1.567286118456974,-0.032624968432313273,-0.14211808806332682,-0.51870756828533482,0.012050381786145856,-0.060561290905800216,1.2785966625861103,0.026483183883247555,0.62731134698935498,0.12499557813724921,0,-3.6900552344703104,-5.3029039266082609,-0.35780608532688268,-0.50609969108793651,9.8975384494094207
2021-04-07 01:00:00,103.35325160309769,24.634500520183341,0.050075510129968068,-5.387515762688956,-0.40681320738042615,-0.013237292113661059,-0.10816035993922245,-0.038061932582011265,0.022619549141903058,-0.059686366198339655,0.45282485890250379,-0.078298485550094402,0.92997277161398983,0.11961388199810132,0,-0.17896651840326183,-1.4107655849282768,-0.11953114690166319,-1.9756752992961513,-70.517145698718778
2021-04-07 02:00:00,103.35325160309769,25.101900219112018,0.12240613568908894,-6.6999000773732327,-0.075889401571962903,-0.018205535229630126,-0.1107124212976532,-0.037317766728148599,0.020263485719286947,-0.064475357353576956,0.34613542527750463,-0.080223892072729522,0.39628368169601952,-0.016665756413236109,0,0.23428487623094296,-1.5077810928329702,-0.2622222545450853,0.050369615540558701,-70.547701048720882
2021-04-07 03:00:00,103.35325160309769,33.210651690216324,0.64000198844459499,-8.0083990429557836,-0.032264026147121816,-0.018205535229630126,-0.10358479708417766,-0.037317766728148599,0.018209959371847183,-0.057501243628760107,0.69968453058178282,-0.013036657336402076,0.40889195370482406,0.02184347743785682,0,1.5368870119667408,-0.49200894081208352,-0.99252272246914497,-0.069515500868761126,-63.643762601128977
2021-04-07 04:00:00,103.35325160309769,22.603549523208869,1.0596741434656638,-8.2265699901203515,-0.0073009335352963089,-0.030592133736061327,-0.11487308686668382,-0.038061932582011265,0.022619549141903058,-0.065168742651733239,0.41674894019080844,0.012369528958841637,-0.05891815236345508,0.31257212800144668,0,-0.62278957189128581,-1.1468537974741884,1.354565026764083,-2.0384451606805474,-71.578677894509894
2021-04-07 05:00:00,103.35325160309769,22.308616588322998,-0.061555042304509699,-8.9110327706450505,0.66964349564927428,0.032937486694957163,-0.06037730879765358,-0.041317964014077203,0.026620192871207808,-0.077523010033612089,0.57268984168330339,0.019967100806353479,-0.87049314546097323,0.0084330003396637324,0,0.055712139523143078,-1.6394987113180144,-0.057049970907464512,-1.4952538315461827,-69.216536517314992
2021-04-07 06:00:00,103.35325160309769,43.094338440062678,1.7446115462947591,-7.1946967716579042,0.62339384449002933,0.024206263270372664,-0.025427114597002705,-0.044507966077521895,0.024566666523768044,-0.028141727386070965,1.0457140169677672,0.019126272609888455,-0.71737964458795478,0.040387343277444414,0,1.3834171791373582,-0.73103694046533374,-0.92177377019091011,-0.78058430937389456,-54.720788051269885
2021-04-07 07:00:00,103.35325160309769,37.929256955995555,5.1185669652602321,7.5630308608373324,0.93219763724590632,-0.10220607717250445,0.033010923857457637,-0.044689884840189417,0.024064388553018762,-0.049433295948557311,0.93596940779545124,0.044403993457166967,-0.96198611791031607,-0.38040632407374086,0,0.41301535852524052,-2.8469881785484197,2.1674839936352797,-0.54546867715152814,-77.724559620623893
2021-04-07 08:00:00,103.35325160309769,144.31250528862395,9.1209357455464612,17.930307428542658,1.3567989231093041,-0.48537326951260656,-0.036381050055381156,-0.046900941587960779,0.012050381786145856,0.25186908842616695,1.0037315069809662,0.31476936032710678,-0.54888516676360632,-0.74508074003563718,0,0.2750798748532669,-10.16090958705799,4.3562372933973572,-1.3574248804475397,19.71842971801745
2021-04-07 09:00:00,103.35325160309769,184.7331522154517,0.60582885667004882,21.390107352299822,-0.049739163263619844,-0.097069537627585065,-0.070043099804280931,-0.10505365485845562,0.030078524952352189,0.066898762485944313,0.68558684945493986,0.069392656382371201,0.06671613531236617,-0.17464598076683624,0,2.7251200067808088,4.327759561929045,1.3396020064219269,-1.3412313432652965,51.91059267925057
2021-04-07 10:00:00,103.35325160309769,183.61150261371279,0.8390365274602275,21.478617402641813,-0.076121337917924747,-0.094981677877800527,-0.047706194611550443,-0.08767387813710191,0.028854444013935731,0.06032420716660096,0.5561861614735425,0.048424361284623588,-0.012057299701271371,-0.28281899893524842,0,1.7584315832400446,1.8933747403952885,1.8787910488535227,0.86748721178832,51.450082709478203
2021-04-07 11:00:00,103.35325160309769,181.50851763172452,1.0446981384578204,21.124024084651342,-0.092514731083391255,-0.094981677877800527,-0.048823207931446608,-0.052850567600428486,0.029865989147818114,0.06032420716660096,0.55142155542372073,0.047940509654249161,-0.0094385844079143237,-0.48134900990413665,0,-0.43935567340090931,2.55780868494094,2.3352243470863447,0.72455317591430235,50.898718788389942
2021-04-07 12:00:00,103.35325160309769,123.7772468771885,-0.51069104511630814,-20.654414294639494,-0.074513164857480371,-0.064601424212634845,-0.050269259014665849,-0.08956416161979211,0.032653161123935522,0.0076290528118751269,0.50882600786742638,0.047700448899768634,-0.0365069041556546,-0.14628535716977267,0,-0.13480992641281953,0.45102297703432181,0.063795859358360907,0.17104070646320282,40.902982597730478
2021-04-07 13:00:00,103.35325160309769,180.4235386925763,2.0725526202269076,27.404373379781102,-0.0367990199844054,-0.098037710947267015,-0.048015342710682779,-0.11065982024424981,0.032653161123935522,0.33713659526778983,0.62571052702577479,0.17156896312608305,-0.022172427289110331,0.59103643617667512,0,0.13051882908050058,-1.2494454938853705,3.2522246522893616,1.3596551561324988,42.657986584309192
2021-04-07 14:00:00,103.35325160309769,166.5491836058541,-1.4369269831435889,18.09873919638849,-0.079841948160977713,-0.11743639219194787,-0.16580255651546169,-0.10391932553751737,0.032653161123935522,0.1294593104757723,0.53722248953824125,0.064818560526230709,0.038524795708975532,-0.68176615378594252,0,-1.134548185546457,-0.095525052110824432,-0.39516100186130132,0.24141859431859727,48.264023493530317
2021-04-07 15:00:00,103.35325160309769,164.0194300466448,-1.8011822204517844,17.641412650659678,-0.068403760032794317,-0.097660290745621381,-0.060650716441559449,-0.073204822926627042,0.032653161123935522,0.11857847126672891,0.53451343600044821,0.1054414629787334,0.024894661961776084,-0.15159866065427244,0,-2.1211870431703339,-0.88374325459458647,0.33204197394443247,0.15915294815422115,46.975120446474676
2021-04-07 16:00:00,103.35325160309769,165.01609493051134,-1.6791538543232116,17.768207980579,-0.082279726769738076,-0.10059935539731703,-0.056874556584022157,-0.10788964577030571,0.032653161123935522,0.13537817909315741,0.53130530594403846,0.042529024102956892,0.050495195855368637,-0.14454908112057444,0,-1.6656442003090599,-0.18095383349716035,-2.0124446242451151,0.19161160723842721,48.941051751493319
2021-04-07 17:00:00,103.35325160309769,159.6761067043029,-0.74330998612180144,11.377783730622557,-0.070288325478044922,-0.097804615789850821,-0.054576684151220051,-0.12109370531860611,0.032653161123935522,0.073774987814993018,0.53871162581912568,0.051190699574202442,0.024569565518829595,0.24365533091576599,0,-0.91166926257865155,-0.84444699712211446,-1.9176321210432925,0.94095193543448086,47.800385761984842
2021-04-07 18:00:00,103.35325160309769,155.09776382233599,-0.78112548496049117,8.4798125654844245,-0.087469101260154475,-0.089714795182534404,-0.083741204724173054,-0.14979371708552178,0.093247357748685616,0.17874832121718948,0.5259158139305512,0.089979589133551197,0.08316464713263122,-0.30582439103559172,0,0.69892365962457259,-1.1013790196483844,-1.6056659125531143,-0.65994277110985955,46.459376662526481
2021-04-07 19:00:00,103.35325160309769,124.80938343455431,-1.1889930253537486,-10.279213724398222,-0.092101402911678287,-0.11746973361945051,-0.11312463325631261,-0.1143924377082883,0.027383870962840218,0.21177853499015417,0.56832866214686961,0.13393509937165202,0.12184711811180289,-0.29849515124525478,0,1.0412918551756289,-1.8995597553061871,0.81826057873816638,1.0874344884845739,31.549221487273879
2021-04-07 20:00:00,103.35325160309769,120.69250444005093,-0.53626544920800057,-14.767406191064875,-0.090349941645759185,-0.024593358664396818,-0.071120627841301895,-0.083351754922185814,0.027383870962840218,0.046324883733229932,0.57201999102048573,0.098040435294848294,0.046247882164932599,-0.24884437167164372,0,0.65635163244525918,-0.47997753400731158,0.43279886756639596,-0.44552535453066755,32.207519857321337
2021-04-07 21:00:00,103.35325160309769,128.69621503596795,-1.3476500733099097,-13.436338676871193,-0.085066939011652201,-0.024858662703014851,-0.13764383565014349,-0.074223879956031413,0.094626223505975354,0.050473861015583509,0.52004320737354337,0.085743964588103572,0.041849703524892,0.20010697621551701,0,1.7797953843636958,-0.25009906606375792,0.3046368719720649,0.63411082186040146,36.987457552016259
2021-04-07 22:00:00,103.35325160309769,119.55571343763789,-0.64125031301707835,-14.952140642892745,-0.088949707259352861,-0.032488508161939059,-0.061274914175379405,-0.080028867406583479,0.027383870962840218,0.046305262989864017,0.57988786881869392,0.096779615542640238,0.056822085654174355,-0.80931479738383238,0,0.64507235306024513,-0.43054205305169663,0.34508787370038985,-0.43633175931254931,31.937444466472396
2021-04-07 23:00:00,103.35325160309769,120.71532169241495,0.37616299155647553,-16.912126581640731,-0.095091314520834941,-0.02746847043376234,-0.058918376755310864,-0.069517961383449442,0.027383870962840218,0.049351841672339102,0.58263428960179897,0.094073302656835792,0.12155177058542409,0.10134574206311357,0,0.76476456646588642,-0.16864182803999495,0.53761454210469795,1.048083477600253,30.990868226821576
2021-04-08 00:00:00,103.35325160309769,65.858703003085267,-0.12916632777047937,-45.362064203224449,-1.3829076717965452,-0.038824688691010259,-0.060894165613011073,-0.14776133427246174,-0.0039270315330182035,2.2930981930343792,1.3242093174729657,0.030319785224073657,0.49548917870085912,-0.051087959930591023,0,-2.4528614600600989,-2.8369878223785374,0.076658468218551032,-0.39568623153269644,11.147845354139722
2021-04-08 01:00:00,103.35325160309769,115.76437114603478,0.39757940695677363,-7.6455854977126627,-0.24440200040713303,-0.039726956277624584,-0.061519701196419946,-0.021516538390701199,-0.0054885191300816675,1.7913231538547028,1.0825256200142395,0.013013601980469882,0.602428139654971,0.17244625128049434,0,-0.53965947446653495,-3.6111849148987805,-0.50120985369969073,0.62051985966871226,20.401576965706397
2021-04-08 02:00:00,103.35325160309769,113.4825847536118,0.32685314183003078,-17.88959553292845,-0.066015234781768253,-0.02280097399436877,-0.044622386961615218,-0.053998142254845644,-0.0058386183656782276,0.46630326585569476,0.64310617733537812,0.17255543404649978,0.27376918189311683,-0.076030079282459168,0,-1.0076214691814356,-2.2186529488923776,1.9426605299118487,-1.6739943602981562,29.363255166582704
2021-04-08 03:00:00,103.35325160309769,110.86255380573488,0.54709443753693476,-9.859863757039804,-0.11130548149666426,-0.031359401116513592,-0.066533162627953141,-0.14776133427246174,-0.0050606698961515395,2.0990269875394429,0.60834167521522708,0.15570008006090502,0.23621221927292665,-0.083365825621465522,0,-2.3755013789397021,-4.5117433234857831,-0.46517876446816503,-1.5243849337388826,23.044984835715329
2021-04-08 04:00:00,103.35325160309769,110.03255513477477,1.3893186862633355,-13.277848103096449,-0.043964446577410762,-0.029956902472881596,-0.065727947684899229,-0.15907715527302391,-0.0050606698961515395,2.0842042746175444,0.63683487123631277,0.15596222890129366,-0.056653760636742566,0.14018133725012849,0,-1.8122069954449911,-2.3181584678566618,-0.40724844657885367,-2.3070969266754968,22.755801955602038
2021-04-08 05:00:00,103.35325160309769,109.35019494853285,-1.3378567786383004,-9.2799711575836206,0.12537946878449191,0.089790235674929123,-0.023088967266514139,-0.15176153155839034,-0.0087675267766265871,2.1988003161658995,0.67962597160414784,0.13423216838449284,-0.17897558162137334,-0.014488004353954661,0,-1.959031311073151,-4.6676586085445013,-0.31852187410646304,-1.11242912384186,21.821665650185999
2021-04-08 06:00:00,103.35325160309769,108.74705837687222,-1.9509382160153013,-10.087388458764138,0.12234579540378736,0.14604408328159843,0.03734417625521623,-0.03004151346167935,-0.015678003561718355,0.26774436286288295,0.62408461349883049,0.16494730628458606,-0.18217036463354092,0.12433350398256482,0,-0.85174511916829576,-6.2700500685619192,-2.3858913229086278,-1.9933004234791445,27.674166422759527
2021-04-08 07:00:00,103.35325160309769,140.84085210247181,0.6833042704339729,14.764717050525135,0.27832917693185794,0.23103831858954063,0.074957667002246112,-0.16765235364369674,-0.0069916719404832864,2.0783264877560654,1.1276891295102909,0.32469596109736126,-0.47776893776377627,0.12722939298296565,0,-1.0633874396646901,-1.0640045581374975,0.49360892391127192,-1.8425467436042673,21.926055825387714
2021-04-08 08:00:00,103.35325160309769,172.24025905800261,6.6935933520811313,25.706678258411074,1.0979542111090441,-0.18688658636793126,-0.17361118055687177,-0.065856926256566459,-0.0089667334058711155,-0.76001174571032415,0.77946809948849094,0.11885156147695658,-0.53498748688695696,-1.8266980393523704,0,0.90521731950240325,-1.2383026114595157,-0.41051568765180185,-0.75657483350732746,39.547656483991368
2021-04-08 09:00:00,103.35325160309769,179.4038840884682,0.64351634222375675,21.047179283773836,-0.087926341728441354,-0.09935478505783274,-0.1156671358751637,-0.052193169489096004,-0.0089667334058711155,0.30348544928357502,0.56424511297618019,0.046849244257993666,0.012946200836617981,-0.43100339065217314,0,0.92001351983745927,1.9904714193754023,1.2772276972123913,-0.93999940580516228,50.979809177607081
2021-04-08 10:00:00,103.35325160309769,174.7938853570767,0.89191975740622031,19.859393147036336,-0.089822120523015497,-0.099543223848806303,-0.039809813515536113,-0.0399511914873091,-0.0089667334058711155,0.30934162158572664,0.53545010545688831,0.050740093158505688,-0.0072423130075631821,-0.41802113083375458,0,-1.0008082406773033,-0.36524220587381984,2.0087168571075797,0.9533057895198459,48.901173355880971
2021-04-08 11:00:00,103.35325160309769,173.16211402158385,0.80117525270903078,19.08601101376609,-0.089822120523015497,-0.10602777268736138,-0.038393362840082115,-0.0399511914873091,-0.0089667334058711155,0.33828599112929386,0.52310922877859545,0.049030569818236176,-0.0072423130075631821,-0.28504003918538467,0,-1.2348730451220764,-0.3626657388894261,1.5355453878577097,0.1385596393130416,49.510127652262298
2021-04-08 12:00:00,103.35325160309769,122.13109058214663,-0.619191011508472,-19.099472669401585,-0.068659215755481021,-0.068712975587847266,-0.049330138500984361,-0.056081008414150542,-0.0089667334058711155,0.52488763357592372,0.51087850408748048,0.044563774065404758,-0.037772561734821304,0.056955481639808278,0,-0.56172323386536349,-0.4908900470183889,-0.82404658012783671,0.076965073876307827,39.448434687124781
2021-04-08 13:00:00,103.35325160309769,172.51008404701395,1.6673277815422685,24.12840317143116,-0.036265022754467212,-0.14796033339494924,-0.049010517009568225,-0.035112834277882976,-0.0089667334058711155,-0.47776139092078312,0.52525136505778713,0.12467927621805747,-0.01038737257908082,-0.41943083580227808,0,1.3242014313867025,-1.290216569838103,1.2761521689780329,0.42644852747584427,42.159480331809476
2021-04-08 14:00:00,103.35325160309769,166.63324313242146,-1.2746117557437804,18.110479797002895,-0.072434943066322477,-0.097084975074051033,-0.16354418091986206,-0.052110162548759699,-0.0089667334058711155,0.28003459972030176,0.52609401428677316,0.054117101137188879,0.028203109634797694,0.0083844654449934074,0,-0.73260311006851708,0.19764482448811804,-0.20479327657763013,-0.80231054505151655,47.483493300065
2021-04-08 15:00:00,103.35325160309769,162.33247155475038,-2.017024691282173,17.324304856608556,-0.060996754938139122,-0.11447527896436448,-0.047959541200997047,-0.023591852794143997,-0.0089667334058711155,0.056174142580152762,0.5265297388622896,0.12173020023826862,0.0217944909969983,-0.16455170860301874,0,-1.4748746564798554,-1.3981446637894424,0.18900084711236775,0.17104931325796846,45.879222243454052
2021-04-08 16:00:00,103.35325160309769,154.43013069979821,-3.0867371984908236,18.149088720327562,-0.043218882743329558,-0.13101551538669162,-0.080419181392300434,-0.12631682851765533,-0.0089667334058711155,-0.36945673676337093,0.5314908973408532,0.10451436965530059,0.021775856273507074,-0.38833010976399784,0,0.16448710095427721,-3.6227436089995186,-2.7430771280690487,-0.60855558182659641,43.314359657508248
2021-04-08 17:00:00,103.35325160309769,149.02222769857062,-1.7481055926113638,8.4826883546467986,-0.053244321384794353,-0.12278873054661922,-0.15270985931379014,-0.10018074695303868,-0.0089667334058711155,-0.053564361778653147,0.52907082561840479,0.11496023436106163,-0.0072715001132059717,-0.21621570950658398,0,-0.066511547594117745,-3.1766161019485399,0.76348650954993713,-1.9432293392975177,43.428174715750806
2021-04-08 18:00:00,103.35325160309769,143.25095775671855,-1.7019627845399736,11.574881102411478,-0.080062096165499252,-0.15696545616839561,-0.061774284088549208,-0.12745155612482006,-0.023966767374252886,0.070491497092382421,0.55163254387619209,0.11702891365631313,0.059747847700871777,-0.22264436631960605,0,0.20632968902344725,-3.0233282012392952,-1.7555288661465367,-1.0270022437782347,35.498281181805474
2021-04-08 19:00:00,103.35325160309769,116.43763066141641,-0.84351925261721694,-8.5085458696404466,-0.084694397817023065,-0.13831327767932336,-0.10035230838334989,-0.079539810772181335,-0.0058386183656782276,-0.11206333374656538,0.54680208275553821,0.12672910834704268,0.086527757635492822,-0.23814763191115668,0,-0.6455790576970849,-6.6324457538666897,0.1611388628055325,0.18100048142153047,29.371220077850229
2021-04-08 20:00:00,103.35325160309769,111.20958744446187,-0.54643418563642987,-8.9125865757622993,-0.099531842512455365,-0.02434285975146009,-0.07673312439258842,-0.15130148477556241,-0.0050606698961515395,2.1350263687146298,0.56490210606235303,0.10468233997517434,0.27525779141925721,-0.17643010583498245,0,-2.1699972086445367,-4.6831076035727168,-0.066592548083950515,-1.4141842000363654,23.102769644092323
2021-04-08 21:00:00,103.35325160309769,108.8637463373735,-0.30119552918162684,-8.3778581798028782,-0.10545996855331129,-0.025635000221527683,-0.07359831475350806,-0.17958672173318804,-0.0050606698961515395,2.153719042090799,0.62105434044607044,0.12359365442448425,0.26254028473108598,-0.031288328442320386,0,-1.8613101624962405,-5.0670590907627568,-1.4632676975044752,-2.1263814228639442,21.967288498795348
2021-04-08 22:00:00,103.35325160309769,110.79777542656009,-0.39561633821281178,-8.8464993499779574,-0.10017793493061938,-0.032496893659435304,-0.066893391775127375,-0.14890804640002411,-0.0050606698961515395,2.1444241116618521,0.60429384750341353,0.15390303627065585,0.28807687939136695,-0.057563290984546454,0,-2.3336856470244802,-4.5131627008743287,-0.51331614843265749,-1.748585577212515,23.01579193801583
2021-04-08 23:00:00,103.35325160309769,111.24921759198114,0.43992623426529087,-9.3903033018536597,-0.10138543017436716,-0.032326935114415541,-0.078928879056933215,-0.17793744921151242,-0.0054885191300816675,2.1978363044839049,0.61190248001199921,0.15172468616041393,0.3301060839382769,0.19399506232484359,0,-2.2457647684506896,-4.2353817523472834,-0.5249898711302533,-1.841459686693383,22.604441730861318
2021-04-09 00:00:00,103.35325160309769,49.421683943462639,-0.10458636424850375,-40.961605814050408,-2.5472063514170302,-0.037113096384838694,-0.1286367916811631,-0.037317766728148599,-0.0027575896242323459,-0.061263276442395778,-4.9918808180843603,-0.086854671089140648,0.26963772411112963,0.050409157369308344,0,-1.4064124434517042,-5.8713487613375301,-0.79368085933144328,-1.3053518044141368,4.0844018671696292
2021-04-09 01:00:00,103.35325160309769,24.501257099230092,0.18433982107100499,-5.5699691429716873,-1.0308371042085616,-0.014470995342946824,-0.11099790419989188,-0.037317766728148599,-0.0036639961637647475,-0.06194953959365667,-2.5594428128089581,-0.067592144275148203,0.52328278361364733,0.2238689472007763,0,0.40730802607541361,-0.94470716180923664,-0.011632082530988238,-1.8118119230542893,-67.966401508141189
2021-04-09 02:00:00,103.35325160309769,25.014074670323883,0.089113676598447891,-6.6549155551770225,-0.21677834922047479,-0.022741827698579572,-0.11370536654599914,-0.037317766728148599,-0.0033406367701940857,-0.065955672448644614,-2.1887946310681983,-0.0711498547789641,0.24876084548958693,0.060218822697127215,0,0.22306863248167416,-1.1372921826269691,0.64044995724098486,-0.47791246528459674,-68.610884558933932
2021-04-09 03:00:00,103.35325160309769,23.000909688318863,1.1360533409662481,-7.4367142884597648,-1.0307737183415255,-0.0417164933533501,-0.11599013561374798,-0.037317766728148599,-0.0033406367701940857,-0.068125306793802687,-3.6507188794442467,-0.0177908112364282,0.2211553457708427,0.040179813955626198,0,-1.0041575692403422,-3.4643280393109679,1.7969200868201287,0.079286113583195331,-66.754962970582312
2021-04-09 04:00:00,103.35325160309769,22.436646207174832,1.2558436389737853,-7.3467234469799667,-0.45608753787924772,-0.011867278026890216,-0.11782823031958117,-0.037317766728148599,-0.0036639961637647475,-0.067571986207847656,-2.5780624724050778,0.021443566252607085,-0.23435859498545733,0.019613227426732154,0,0.43834840422091231,-0.97933801359862205,0.59244346114332425,-1.940573253534936,-69.470905117110775
2021-04-09 05:00:00,103.35325160309769,23.505015618053168,0.037500129758675428,-8.3124544732111882,0.29047270843868944,-0.033809065110397288,-0.090776702839275566,-0.042062129867939869,-0.0068525526898322413,-0.074990198152427912,-3.2776873745259301,0.024737963128808393,-0.91058564628905525,0.11266138671746721,0,0.20628594381574106,-1.1229921066545483,0.85577638650371868,-1.4013043327900907,-66.102155921276918
2021-04-09 06:00:00,103.35325160309769,31.486662055673182,1.5856005692276933,-5.9528870784852002,-0.24447552552937388,-0.14363140185367138,-0.062940355146708496,-0.044507966077521895,-0.0053674129635601607,-0.029612987445236525,-5.7072428724201929,0.026453622368569955,-0.91641162813956578,-0.036186560670642735,0,1.084939609127503,-0.42310863337934557,2.212312650231671,-1.0165435146181481,-62.192980061650871
2021-04-09 07:00:00,103.35325160309769,24.748378679776629,2.9603615098532132,6.746807006365743,-0.082823747058295538,-0.26914375359101439,-0.076697368211249048,-0.044689884840189417,-0.0064644465047073944,-0.054972008969831537,-5.7248775244406813,0.035828765503306076,-0.98151075550656319,-0.088630572328941198,0,-0.80024988746942893,-4.0586310059799882,1.6317891574732857,-1.6238484198715675,-76.167119987744101
2021-04-09 08:00:00,103.35325160309769,170.86309950858342,6.7480396974072239,25.95428977333389,0.98983847523581692,-0.16126980750031217,-0.15287770136595402,-0.035505450360945344,-0.0067617801394895469,0.35320629911418761,-4.9882645876284784,0.17215170097775592,-0.46623409143055555,-1.952260021739413,0,0.2677023609275862,-1.5462438068273583,1.780456898202021,-1.4655293851304154,42.019109332410324
2021-04-09 09:00:00,103.35325160309769,174.61947208844015,0.54900942300013533,20.871378360048354,-0.4690491455074437,-0.10742900854222423,-0.14604239626841592,-0.1026088674406935,-0.0059408816499992101,0.038611447634671024,-4.0781034654890069,0.059957440333942243,0.03681049975505428,-0.13392374295629844,0,0.8332179388262364,1.9184153706701765,0.65054649878722526,-0.54287517244610195,51.894246186586855
2021-04-09 10:00:00,103.35325160309769,168.76801038542487,1.2894799217534403,19.779074721297565,-0.72762525109219978,-0.12497095959773914,-0.064178788400574574,-0.063092862271860062,-0.0067617801394895469,0.099411338867333415,-3.8335006774131384,0.08281479228658721,-0.019470809419072251,-0.68262117741209027,0,-2.4741409389827225,-1.2976958657004325,3.4146152180922118,1.2215059115567133,48.821915988902745
2021-04-09 11:00:00,103.35325160309769,164.55087714233093,0.98006512507303289,18.741203246081081,-0.73318258261697855,-0.14204482598328269,-0.061088359211480897,-0.103273598494313,-0.0067617801394895469,0.082471253348392642,-3.4067699255833923,0.028238833631195205,-0.019847471237067402,-0.2220821341573985,0,-2.2295656956114387,-1.1437410999403115,-1.4255978623138403,0.37380156934156517,50.485800847046988
2021-04-09 12:00:00,103.35325160309769,115.5657093197737,-0.38866797988669016,-19.327677250544848,-0.70646234632466531,-0.073556616871796737,-0.092839603342757329,-0.12647452510037122,-0.0067617801394895469,0.0113260719761614,-3.4313087620423395,0.048872540006485901,-0.0474294113338928,-0.30286090597308107,0,-1.6081588454002074,-0.74258208997446939,-0.78376753827329559,0.24482548303174359,39.545981276869441
2021-04-09 13:00:00,103.35325160309769,172.03062334924428,2.1115689456573277,25.182947584111048,-0.68117854084108609,-0.12103363162354992,-0.063892304837054409,-0.084725804410366021,-0.0067617801394895469,0.33692028884252456,-3.5259887549746241,0.11521624129202623,-0.034255260863705485,-0.049277099044268143,0,1.190090124380305,-1.5102198102610906,1.3653346649118359,0.70288724508713651,43.749739638859594
2021-04-09 14:00:00,103.35325160309769,160.16414689978407,-1.5039970168424699,17.570258438941028,-0.71734846115294171,-0.12964162254921571,-0.17080609050332399,-0.10492796251884834,-0.0067617801394895469,0.11619074975002892,-3.6607245469214025,0.039373022278824554,0.0075161971185685296,0.48030391364349145,0,-2.1046603492731997,-1.7290128232126003,-0.29616688111458916,0.49053685115482504,48.530763658027702
2021-04-09 15:00:00,103.35325160309769,155.08094172596086,-1.7656286178131444,17.167717438873776,-0.70591027302475806,-0.10532299564726229,-0.095176249429633833,-0.14979371708552178,-0.0067617801394895469,0.1511630131251685,-3.559971804593947,0.083417565770187455,0.0041298203838877039,-0.30888390629218748,0,-2.2060336841864769,-1.7261082632485736,-1.8913883747770972,-0.21285127346049756,47.05509322440863
2021-04-09 16:00:00,103.35325160309769,152.18337796937791,-2.7324050086097555,18.255236395049064,-0.71014924076310637,-0.11137931499710417,-0.097543293991457891,-0.17592979865013836,-0.0067617801394895469,0.2771476275821616,-3.621804285838679,0.077126882460702401,0.016888412133942887,-0.40236334901946458,0,-0.94910184784670459,-3.8567886033813981,-2.5290937348274416,0.2233067605249274,45.173740546594104
2021-04-09 17:00:00,103.35325160309769,149.81773402792541,-0.50371451024142944,9.4290586285595293,-0.71143273193090895,-0.098929326012582267,-0.068871824525510786,-0.11466906438352634,-0.0067617801394895469,0.13705457627054379,-3.6434810896208605,0.037126361741127399,0.016726582595086442,-0.095330518742442819,0,-1.0964342118527188,-1.3416601951371905,-1.7292339126819967,-1.1901538072127127,47.445189248142654
2021-04-09 18:00:00,103.35325160309769,142.03821573396499,-1.4833815619862076,7.7773442976532214,-0.98057201039547215,-0.11323995412541521,-0.089093051314849361,-0.17592979865013836,-0.010552538180346136,0.16556423291489006,-3.3253515301253045,0.065503345545147681,0.039182812028559888,0.050005828061540136,0,0.30710402998660458,-3.3018005542414963,-2.786875741888966,-0.83555327698120541,43.38260960256671
2021-04-09 19:00:00,103.35325160309769,152.62037080601118,0.82144523905156297,-2.0126032831123815,-0.99091213358454511,-0.10632583819435869,-0.14461859413783057,-0.09779933289787468,-0.010552538180346136,0.082580289239579566,-3.5944948945514668,0.037531896976026762,0.079488249220426299,-0.0053597903956897064,0,-0.98137379797833912,0.16029284841531777,1.1363040894248913,0.77481557382817268,54.118701219790289
2021-04-09 20:00:00,103.35325160309769,116.6256040403872,-0.22463839717679043,-14.038717670245394,-0.98615998640932356,-0.029499065600430356,-0.061462070215606929,-0.083990620125302784,-0.0062656520600759269,0.033669485762449346,-4.3937584737094451,0.082117049142710549,0.031230434025545296,-0.50336562009875052,0,0.62669274870707736,0.32222501648015217,-0.82166566755164605,0.95457876381349349,32.371362162550746
2021-04-09 21:00:00,103.35325160309769,108.90725196678314,-0.60288088913041815,-15.648051279462889,-0.97816984814696994,-0.025254684842562762,-0.051616356549684425,-0.098750963321678903,-0.0044419446332914329,0.038699939907357539,-4.3011124531020108,0.079508227159580003,0.0063214150621874327,0.14834215663206901,0,-0.92234286995060555,-2.5695114064964355,-0.72431969736276036,1.5701009483132344,29.637480069610305
2021-04-09 22:00:00,103.35325160309769,111.9844706508466,-0.63208634674263553,-15.038580703642603,-0.97767536781156716,-0.035582120011262354,-0.062099264468700968,-0.070262127237312108,-0.006705290417472658,0.0411941714381261,-4.7103701926790817,0.079945288180616997,0.044012976571623584,0.26153075495586042,0,-0.067713086994811655,-0.3892307979016576,-0.271085053255115,-1.0722626176754813,31.538188825440375
2021-04-09 23:00:00,103.35325160309769,112.05346996371955,0.41545423160852568,-16.696447754141204,-0.99286037905278002,-0.033568576499212695,-0.06245218179914383,-0.069517961383449442,-0.010552538180346136,0.043384401461437315,-4.6566305213348249,0.075276906289993908,0.094079733417737885,0.17964181261805548,0,-1.1520906670691713,-0.47890972170306645,0.26456665872036572,-0.15638737846851189,31.937232296137473
2021-04-10 00:00:00,103.35325160309769,60.43982459391308,-0.010766796914487942,-43.289782566440863,-1.5645835789437774,0.26068065280527908,-0.13882057794740543,-0.51892148726180787,-0.0037126642939383668,-0.071927930436954779,1.3249022251067633,-0.48609034664021888,0.49535393725547533,0.19897694217660833,0,-3.6771794375501052,-5.6144922295578592,0.03900648015120757,-0.2404574739022384,10.38438784320979
2021-04-10 01:00:00,103.35325160309769,104.67188689652784,0.64038881237018308,-8.0804318582364623,-0.35066252243935886,0.26774901618831204,-0.10790843190106618,-0.03714236871683349,-0.0050606698961515395,-0.04709749911564147,1.016136370117984,-0.31669932221791092,0.82006890495636231,0.26510178115700994,0,-1.1014288863081969,-4.0373935872758784,-0.83075841142092144,-1.7055431050590701,14.929317071227748
2021-04-10 02:00:00,103.35325160309769,111.75574389725874,0.63690253699989996,-18.071513075350278,-0.14479639672031494,0.065719065786751976,-0.059782908990120044,-0.10308086550993904,-0.0058386183656782276,0.028348777790728003,0.6461377039198799,-2.0076195765223708,0.25198094114589215,0.14268003257429476,0,-1.1791909843069706,-2.1429373665798179,1.0645592293549087,-1.5111936902241703,30.792117489158397
2021-04-10 03:00:00,103.35325160309769,109.89436807722058,0.7430857541465713,-15.776895077125674,-0.17999487969455119,0.14018567642655388,-0.072581888384939966,-0.091765044509376878,-0.0058386183656782276,0.034926868178866276,0.62617003212897993,-1.8312483748143578,0.23648547941183906,-0.24407017650496179,0,-1.3050194894525695,-4.481193619974202,-0.49273877614211814,0.18016125805184804,29.061447350746658
2021-04-10 04:00:00,103.35325160309769,102.21889428480631,1.6898502342871931,-11.788722226846541,-0.11418558043330987,0.13204509186158186,-0.13546021290705634,-0.51892148726180787,-0.0054885191300816675,-0.059463353140258662,0.66404032504742228,-1.8661469425802646,-0.064500409400269659,0.28145615516474876,0,-3.1171268669999037,-4.7348331700159543,-0.63679975609254225,-2.1425701787214182,21.282469578877141
2021-04-10 05:00:00,103.35325160309769,99.726771009674053,-1.8516010174391082,-12.864629843133923,0.088647644930269026,-0.44204429224351177,-0.11221503159711295,-0.53349333969443591,-0.0087675267766265871,-0.081753340342460346,0.69581525610207529,-2.1184418679265073,-0.20585113256637361,0.033045912330441921,0,-3.1761813497408147,-1.9245916681849486,-0.8383294506239215,-0.62454036782474809,20.338450821308147
2021-04-10 06:00:00,103.35325160309769,107.51437319381945,-5.1655642882002839,-4.7210245989943926,0.13361026345866908,-0.24758168539799727,-0.036135485281092755,-0.034835772544153251,-0.012939361885887327,0.059175264948565093,0.56533254179008741,-1.9777018323228823,-0.20615691609135761,0.22757180751600042,0,-0.1710347388088056,-6.1348878930275914,-0.083384435679665067,-0.79810800580774122,22.764786727050375
2021-04-10 07:00:00,103.35325160309769,123.53148235828748,-1.8239336971052436,13.689612877463576,0.17050709483430077,-0.83535196000566181,-0.10557587341134451,-0.53728699252212941,-0.0069916719404832864,-0.061857778343917445,0.9482371106990426,-3.7044578565223554,-0.518613911913956,-0.069817485098881624,0,-2.7401344962638192,-0.98005049519075627,-0.68136329622761771,-1.5755017663674149,19.010810953106503
2021-04-10 08:00:00,103.35325160309769,34.701180792784427,9.5972653169058333,10.308717996809474,1.410579015194807,0.2651483707923693,-0.10018810946520275,-0.042163455435138358,-0.0032848150600082388,0.019512350632109571,1.1064615646619689,-0.64253480687553466,-1.1959689585071467,-1.4253411465796035,0,-0.99587292841232067,-5.273199347650487,-1.2350214694056296,-1.8545672952544288,-78.591613092664502
2021-04-10 09:00:00,103.35325160309769,21.251054684006924,-0.34192821382626754,8.9874621318574928,-0.15414339921032486,0.26758295796137593,-0.11693655010448985,-0.043190919741474154,-0.0037126642939383659,-0.021710867179702047,0.74886380326450164,-0.64931105450250282,0.20981275789274678,0.31374295573344951,0,-0.72628735489846918,-4.3019306693658059,0.7630922095063567,-1.9737832638904393,-85.059818778293192
2021-04-10 10:00:00,103.35325160309769,22.678005852670651,-0.47097409066135693,8.9621035759140213,-0.05871711444668988,0.2487183183934504,-0.11333097725391356,-0.043190919741474154,-0.0037126642939383659,-0.018459077957617746,0.44271208232784376,-0.65971097182192728,0.10542336257870663,0.26507122971986724,0,-0.42240267618203042,-3.0294093041910837,0.59964421304351667,-1.9012071676709132,-84.577803568183512
2021-04-10 11:00:00,103.35325160309769,24.775611240003769,-0.400740279761225,9.0791335573852372,-0.095250261879175221,0.22972167617947195,-0.10725113208391975,-0.043190919741474154,-0.0031886202872395213,-0.012252798685252777,0.43706680614603288,-0.64952406927540918,0.16168769112827744,0.26796605019857883,0,-0.11523941987567715,-3.0658167019778397,0.23192989715210241,-0.23825936740303302,-84.254432470313446
2021-04-10 12:00:00,103.35325160309769,26.785819435615377,-1.6472870134157789,-4.0986096482480194,-0.10494685973483227,0.12789719431819654,-0.096448184237546822,-0.043190919741474154,-0.0031886202872395213,-0.052098766362953443,0.92886220670845177,-0.58447879270880998,0.12571768386211674,0.21744824504117266,0,-0.86219688978098041,-3.2352632613060179,0.87262027814103216,1.3806017195679716,-69.492870539297613
2021-04-10 13:00:00,103.35325160309769,23.928522437319003,-0.74154666930928004,9.144434764952889,0.00092631943752021135,0.2464116689658124,-0.11457947885312945,-0.043565439217886234,-0.0037126642939383659,-0.019730325171456967,0.44563544271549016,-0.65971097182192728,0.055786217978015681,0.26716612831547509,0,0.34418904614278023,-2.9144799076087153,0.6113663767478954,-1.5534014566417631,-84.489918218116514
2021-04-10 14:00:00,103.35325160309769,24.907926234713674,-1.6843312050536237,8.7314083304550039,-0.075733528755603657,0.24895359414510207,-0.10751433405916544,-0.043565439217886234,-0.0031886202872395213,-0.019550446358558619,0.43218875496120612,-0.65161964662827354,0.16725565883611529,0.17461074281464278,0,-0.14928059724897208,-3.4034205232988768,0.36007019473990304,-0.1962790185614903,-82.22532928486639
2021-04-10 15:00:00,103.35325160309769,36.513312142138354,-2.6239523371525029,9.7691806848185969,-0.066112032521582445,0.17054558706059522,-0.090075393088784372,-0.045958877593424499,-0.0031886202872395213,-0.0021406247154950129,1.1974241543902915,-0.61968126797379797,0.1519935885065673,0.17345936550528401,0,1.332257894259069,-2.4980282071648623,0.86455787982467847,1.1766399147813669,-75.726861169608085
2021-04-10 16:00:00,103.35325160309769,22.516396296680913,-2.3140327426703573,8.6344486577761597,-0.15245742449610461,0.22587950637139612,-0.11818505170370575,-0.045958877593424499,-0.0037126642939383659,-0.030417709539080125,0.79601587919126127,-0.67535780220278896,0.17253417729051596,0.16730770598078726,0,0.58311965198924487,-4.4669040739197099,0.75910622305379383,-1.559544008603625,-82.808696753047229
2021-04-10 17:00:00,103.35325160309769,23.49680815812491,-2.2798400324309465,5.2292648593171389,0.18875600847950194,0.2070148668034707,-0.11553996541523082,-0.045958877593424499,-0.0037126642939383659,-0.050539017824691064,0.4207054695225092,-0.67607358057916833,-0.029868133673591077,0.17272259150771294,0,0.0041317948802682943,-3.0215487637577318,0.70030978490601425,-1.8068667280525526,-78.749401056768107
2021-04-10 18:00:00,103.35325160309769,24.974387507802632,-0.71573247775061466,4.247655983690672,-0.053743684375827321,0.18772032285900511,-0.11377654526396699,-0.045958877593424499,-0.0049644751233828208,-0.048170814249372397,0.36359294743402065,-0.60263247192047464,0.28147741791619574,0.10571348222186379,0,-0.03082236039920204,-3.0799685625192312,0.24650800985357776,-0.38961012199951411,-78.726151868075462
2021-04-10 19:00:00,103.35325160309769,22.353485137568764,-0.57026752082112342,-4.183010163664564,-0.09572383315496992,0.2065849624269305,-0.11933375926397842,-0.043689655948629877,-0.0049644751233828208,-0.05340968975244699,0.60953007663890946,-0.55597088389237725,0.54986081024035227,0.11688043386088741,0,-0.75294841545847391,-3.1777366763850883,0.29357457250469698,-0.53780065414808098,-72.681341593587561
2021-04-10 20:00:00,103.35325160309769,23.052254452634042,-0.89196386427014362,-6.8868711411407277,-0.2331726818730763,0.040214285506452348,-0.1148966503942434,-0.040478890878258733,-0.0054885191300816675,-0.072997283634696847,0.40807660441035531,-0.52097903830246262,0.27101709811383606,0.09861476101064133,0,-0.50473622347761915,-1.6944660082831062,0.58910443119957767,-1.5623382739944283,-69.179635755325748
2021-04-10 21:00:00,103.35325160309769,24.893809231107017,-0.84256690021739955,-7.7260378658883573,-0.086971385776433041,0.021217643292474022,-0.11106007019609546,-0.040478890878258733,-0.0049644751233828208,-0.069100643809225967,0.36812980574592441,-0.51727094554167807,0.21057736037532895,0.10009311680322808,0,-0.098224229092777365,-1.7089106958751352,0.48262869629059824,0.26560471824119147,-68.70210761034069
2021-04-10 22:00:00,103.35325160309769,24.650922307356144,-0.90584424041298983,-7.5622858745821997,-0.08477952282644885,0.065895551039536149,-0.1168875286558414,-0.038085452502720468,-0.0049644751233828208,-0.075085086647945373,0.71069228294650955,-0.44949435771176288,0.66723528993886416,0.097261287830786858,0,-0.6549786071353475,-2.5314700483688952,0.60718105082560347,-0.20396216281590107,-68.222757401539383
2021-04-10 23:00:00,103.35325160309769,25.509228408217169,-0.6117332961479407,-6.7464956143597092,-0.013228012239553623,0.059718026876990953,-0.11165451741500988,-0.038085452502720468,-0.0054885191300816675,-0.067821729041938714,0.48982313961850832,-0.39795310553086449,0.69886984348976233,0.13018555968304477,0,-0.058088226262741842,-1.3291742402227271,0.56318104705171335,-1.5266470011351236,-68.879431097612141
2021-04-11 00:00:00,103.35325160309769,41.180632173694981,-0.61601681781924111,-10.997850664501241,-0.44236683948353694,0.080280939474104196,-0.12521862634853773,-0.036713308130111894,-0.0026550509192120853,-0.080878919375911504,0.31706465314706722,-0.080223892072729522,-3.9325390302379666,0.1238087862763234,0,-0.042565241935581928,-0.59578322213618207,1.6250403785088274,0.29610141787223676,-47.662103991721033
2021-04-11 01:00:00,103.35325160309769,18.85232986182001,-0.7555419027137884,-7.8682126126536343,-0.23507863846626215,0.080280939474104196,-0.11907337159156377,-0.036713308130111894,-0.0036857907583117346,-0.073474801278230417,0.11895502666864745,-0.080223892072729522,-2.5934874449517844,0.12362042652745489,0,-0.099605685988703507,-1.2977360008898129,0.043410420024071257,-0.23379164047578821,-71.470563464001302
2021-04-11 02:00:00,103.35325160309769,19.458171734571568,-0.61661855880966687,-7.6431594861645511,-0.0058964753311121394,0.080280939474104196,-0.11976300132583478,-0.036713308130111894,-0.0036857907583117346,-0.074307309289058043,0.076661247206636765,-0.097033565048769324,-1.6799516652539863,0.13490025409379344,0,0.32870936186015776,-2.1980324084314047,-0.88945729185718292,-0.44098980454931919,-70.710023006211543
2021-04-11 03:00:00,103.35325160309769,22.114459001847859,-0.35294069783242149,-7.1895176402424923,-0.12427776469395065,0.11675021921697956,-0.11748098800784881,-0.036713308130111894,-0.0042098347650105792,-0.071878940384211651,0.21698468047671565,-0.0093129132998175813,-0.74761456115300051,0.13279211584258982,0,-0.21548591973893266,-1.2457670646844194,-0.066697657136715868,-0.39165175321230489,-71.13177057350488
2021-04-11 04:00:00,103.35325160309769,28.564212980998395,2.9305012893132933,-8.3563318255857837,1.1398559748937223,0.063419401634192324,-0.11527646215353103,-0.036713308130111894,-0.0036857907583117346,-0.067823504245782137,0.22526080401854956,0.011039867074284861,1.3486515518346156,0.17579103951865929,0,0.27210650072332765,-1.2188603870575172,-0.4224643959313249,0.33267853425993943,-71.067187911507617
2021-04-11 05:00:00,103.35325160309769,47.65156664735489,4.9153829261187365,-10.542961186240454,1.7870416475427975,-0.70069223678795556,-0.062935230717952609,-0.040713505416040498,-0.0068384453309748225,-0.046223925250376621,0.79902607667196601,0.014572683803296748,1.586434453977098,0.15214024073904228,0,1.354154353424035,-0.96648144682247739,-0.38300849885535809,-1.6847279539585378,-51.875854908639667
2021-04-11 06:00:00,103.35325160309769,33.632686661770059,3.8344989388634403,-6.5782866011155763,1.8306811679024022,-0.0063410372199355323,-0.10280809482716798,-0.043748668942023873,-0.011660677520816237,-0.067980854729174617,0.48427073079197341,0.025514313057655461,2.2758800566400188,0.16587475688902745,0,-0.41279563090517729,-1.911014669996892,0.9881985206543088,-0.023603807639404728,-70.167243383230556
2021-04-11 07:00:00,103.35325160309769,43.135849962690116,5.6039861173686658,8.6655572298941959,2.25259621445222,-0.92396802378012033,-0.070676268473850931,-0.045269103134248465,-0.0059831390934992016,-0.047538073251608901,0.91214691181146423,0.030452154735518655,3.1662738069261067,0.51291379261767145,0,0.20414368127144999,-3.0702378501660585,0.079308236189037346,-0.71720046301628326,-76.763906864758397
2021-04-11 08:00:00,103.35325160309769,62.547737917724525,17.587830978422215,13.710773285263004,3.1340423805166102,0.49414692555827128,-0.092461964659482199,-0.045269103134248465,-0.0026550509192120857,0.012258311681428772,1.0826297075708202,0.025951496478494027,3.6446222073305754,1.78483547913559,0,0.25849849905351813,-2.9673943532961364,0.033051874530094824,1.7627993824963764,-81.229173741401226
2021-04-11 09:00:00,103.35325160309769,24.532524546439078,-0.57363035735458012,9.8095731615406212,0.083784566250872286,0.26974147803999332,-0.11171500723635908,-0.04335620873044696,-0.0026983877946629908,-0.012961382502212418,0.33961919512084232,0.0018875221347926989,-0.033779729531019202,0.27258722284918696,0,0.4366822460794883,-2.7894900293358811,-0.48020023777255599,0.28236884591362932,-86.26913995433037
2021-04-11 10:00:00,103.35325160309769,23.229641289189512,-0.82042820283566775,9.8359012451477863,0.099052808361753369,0.26974147803999332,-0.11725166586318035,-0.04335620873044696,-0.0026983877946629908,-0.018575216085532066,0.28254706864727158,-0.0018240761294286546,-0.074576516546344479,0.27258722284918696,0,0.33829108410102721,-3.0485172003731669,-0.18384821607455293,-0.49008609367659373,-86.420569436945726
2021-04-11 11:00:00,103.35325160309769,24.710080867691861,-1.132612102290329,10.392221387589043,0.11790341319409861,0.26974147803999332,-0.11171500723635908,-0.04335620873044696,-0.0026550509192120857,-0.013195890485668056,0.3710564167496434,-0.0025746716294242559,-0.040515991983961067,0.27426358749811924,0,0.30370082982941954,-2.9554862296756839,-1.6721697865737424,0.66538507615935116,-85.063161984940848
2021-04-11 12:00:00,103.35325160309769,24.536996888566012,-1.4095669743915791,-3.8643306843111698,0.13367908675081316,0.14905235661079227,-0.10866836261940832,-0.04335620873044696,-0.0026983877946629908,-0.060776447959010202,0.29473485650437808,-0.0029979051859616752,0.26467515277498754,0.22582353962721988,0,0.3066125822886695,-0.96231974322444325,-0.1005711707491132,0.069636299881157007,-73.705182704004002
2021-04-11 13:00:00,103.35325160309769,23.23869936771403,-1.0045237215718785,9.9054540284149368,0.10302993002098706,0.26743482861235529,-0.11850016746239625,-0.04373072820685904,-0.0026983877946629908,-0.019846463299371286,0.27948942399893451,-0.0018240761294286546,-0.075140581042716481,0.27258722284918696,0,0.3363425389243167,-3.0539928875160043,-0.056305011989646526,-0.51085361633743953,-86.391474566854129
2021-04-11 14:00:00,103.35325160309769,24.324808049246229,-2.1669744427517021,9.9728064704428885,0.13563252582596022,0.2889733960056235,-0.11197820921160477,-0.04373072820685904,-0.0026983877946629908,-0.020259030175518257,0.29811249198560547,-0.0023873574526319242,0.10636708524028074,0.17934139321814863,0,0.38375237003422219,-3.31381919689886,-1.2430415627858151,0.80050683516072851,-84.289047206487396
2021-04-11 15:00:00,103.35325160309769,23.185561863968118,-2.4969907386118235,10.211089541975392,0.16851420707489254,0.21056538892111651,-0.11740361923918174,-0.046124166582397305,-0.0026983877946629908,-0.025836810854559782,0.29815303071385307,-0.01919703042867173,-0.14992035032606135,0.17922891281416939,0,0.14575254123194842,-3.7860256463960251,-1.5744963512748169,0.58382527356737957,-83.746125533920221
2021-04-11 16:00:00,103.35325160309769,21.019106872071188,-2.9361956875257036,9.2320274063249954,-0.050151438182118049,0.24703466866399199,-0.11850016746239625,-0.046124166582397305,-0.0032224318013618358,-0.026876069639414617,0.31995271498100908,0.0029855649159355783,-0.4786692910807423,0.17826742359247094,0,-0.13845474644246103,-3.5901198191176031,0.38132491158747761,-0.67026621766493844,-84.63715738559344
2021-04-11 17:00:00,103.35325160309769,23.626318262174539,-2.2716907861511655,6.6182857622079307,0.12727651310727692,0.21056538892111651,-0.11589925681998194,-0.046124166582397305,-0.0026983877946629908,-0.046798145938359376,0.35386011843348281,0.0012413459712297046,-0.0094157209109402718,0.17934139321814863,0,0.29592837219000967,-3.1227020309286773,-1.2033258214673439,0.56434225431469376,-81.259120172693599
2021-04-11 18:00:00,103.35325160309769,19.453926756751017,-1.4744721602198503,4.4173172798743607,0.25990260685678179,0.22619345865559651,-0.12329776059116858,-0.046124166582397305,-0.0036857907583117346,-0.055699145089480928,0.11682391416160677,-0.0077310688555906702,-1.5445656778964023,0.1181478609933302,0,0.17152612871248418,-3.8760699084925792,-1.3439541362353415,-0.34691137872293992,-80.386724902156942
2021-04-11 19:00:00,103.35325160309769,22.198134850050558,-2.0153908584268709,-3.7452943693685743,-0.13371983052173847,0.26266273839847193,-0.12143374776810723,-0.042516429508045614,-0.0042098347650105792,-0.053743866441229797,0.29349150997303614,-0.005412313311238124,-0.89340234250329431,0.12419818408021153,0,-0.1235973820058737,-1.8480444831665566,0.9987193630356419,-0.28746009574417264,-73.559962995003985
2021-04-11 20:00:00,103.35325160309769,22.526876012666154,-1.4482596687111029,-7.0837848295674322,-0.060438241470667224,0.059690779089065595,-0.11504357186216858,-0.03930566443767447,-0.0036857907583117346,-0.071590007012708068,0.17858453902586477,-0.012405600871572876,-0.69393940446158231,0.10255138957350832,0,0.26848028471235796,-1.3320399349962428,-0.31600926980492033,0.066215969107417422,-70.325396567985436
2021-04-11 21:00:00,103.35325160309769,34.389654475895071,-1.8071871525633569,-8.0403507627089894,0.0059716270706325261,0.059690779089065595,-0.10949515877192685,-0.03930566443767447,-0.0035536940321386113,-0.066206774090004444,0.44976583434774209,-0.014799683023600595,-1.6209034863282623,0.10167566436408368,0,1.4698572786614146,-1.1545827612050634,-0.75134772423449248,-0.34296243894763018,-57.099863010392404
2021-04-11 22:00:00,103.35325160309769,21.483033396721531,-1.5618363653539771,-6.8910442837152726,-0.097961931727320845,0.12197332701107762,-0.11872948960706471,-0.036912226062136205,-0.0042098347650105792,-0.075360430808498996,0.20894337707323646,-0.01149200950524476,-0.9296856329348373,0.10164607474104788,0,0.028861981615589515,-1.1389967390951534,-0.40100208019908951,-0.59183917664859131,-70.472572766394961
2021-04-11 23:00:00,103.35325160309769,18.799348714904287,-0.94442937111072789,-8.3593805280325597,-0.15372259447380301,0.079194520459604262,-0.12820644063582057,-0.036912226062136205,-0.0036857907583117346,-0.082761484131386634,0.069311995099994472,-0.079887853632883005,-1.8196430762291691,0.13496015825060978,0,0.16447945353288163,-1.2833650480597585,-0.10162955174412845,-0.45527507282598084,-71.552949977839916
2021-04-12 00:00:00,103.35325160309769,51.312342024762835,0.014903336160725564,-7.3839889287706511,-0.94112596331584453,-0.021813730147139224,1.7851839168806771,-0.019629748999410963,-0.0031886202872395217,-0.011723481860293218,0.64832491589346319,-0.011432660185309191,1.1312122305500836,0.11216160951118201,0,0.16193557377863946,-1.3589167294731277,0.20491825436497427,0.26980268170552757,-46.617532234141159
2021-04-12 01:00:00,103.35325160309769,108.3203697236839,0.49446721806680149,-8.0022416917958843,-0.13234243657430142,-0.042573593216366737,1.5956896994102374,-0.019629748999410963,-0.0049644751233828208,0.010396013817559786,0.9744895847795737,-0.087670071445901956,0.78517951643526074,0.17635983175982645,0,-0.43498746386639237,-3.9435740329306408,-0.31889412321257277,-0.86833569888952511,14.785749592371333
2021-04-12 02:00:00,103.35325160309769,113.63027652094991,0.41856025693699284,-10.317489313256017,-0.037665436381049376,-0.025099864885151587,0.56700676622380231,-0.020637725488550283,-0.0054885191300816675,0.037967880502413856,0.5919657461528518,0.17132599131969209,0.30104530348215636,0.1815553516064039,0,-1.0983843931481787,-4.3666041355816203,1.3610526176491253,-1.5241890969914036,24.042103488840862
2021-04-12 03:00:00,103.35325160309769,111.08981193654311,0.58870321017440608,-10.479763116741996,-0.10099126459973452,-0.031081495288896265,0.5540329420978265,-0.020637725488550283,-0.0054885191300816675,0.040635035063839496,0.56391128110347,0.1872564078274872,0.23860659241674401,0.18202057493159596,0,-1.387037481332664,-4.1466985450727671,-0.077127491504240378,-1.9315503591865815,23.561770288175527
2021-04-12 04:00:00,103.35325160309769,111.25179853361735,1.6823315433532835,-11.405030422948354,-0.00026617946394091592,-0.027877379551690468,0.53797474269620804,-0.020637725488550283,-0.0054885191300816675,0.046287279450662834,0.50916235387124942,0.18925105350373753,-0.063884915760225952,0.23091226394884032,0,-1.2713871762514675,-4.1175520710413833,-0.10597675082577356,-1.9030511715193683,23.623780005676473
2021-04-12 05:00:00,103.35325160309769,105.54413274039355,-0.61873790964286501,-9.9678291872301443,0.14380940698972941,0.075960254890618278,0.24973459277083118,-0.024637922774478887,-0.012939361885887327,0.0062631173526039984,1.1139389138006237,0.071471758986993178,-0.2060799356507152,0.12901756879861176,0,-0.33261221894769732,-6.2086502277691888,0.30390765647145002,-1.2800106467097545,18.74827527784511
2021-04-12 06:00:00,103.35325160309769,116.77095401136459,-2.666552489944213,-8.9609762292991366,0.20139029069968153,0.10729747716566454,0.48022827091539566,-0.037022146492942429,-0.041070709600937103,0.076116368619306207,0.6610956280367879,0.26641420557933915,-0.17913919445207588,0.14013728561442607,0,0.025330485705735827,-5.7143237634319508,2.5125758202199813,-1.3042432393368497,27.850444348268756
2021-04-12 07:00:00,103.35325160309769,128.19959301895238,-1.1275546644893812,11.851525717042332,0.72540833835961693,0.10892840123655073,1.5157845304171429,-0.16607422006768652,-0.011163507049744023,0.031289028498966587,1.145828194389817,0.33556414006989571,-0.54625230518478674,0.60169562755920136,0,-1.6530044110406323,-10.344833790346152,3.4794922866694051,-0.97936212707005565,19.8790701768602
2021-04-12 08:00:00,103.35325160309769,184.86076439720722,9.8912352715284371,26.530062998060632,1.4408806219558323,-0.16437654300778154,1.0777206531030841,-0.057857561427711056,-0.0094063717632678449,0.42454848830936492,0.90472831586934022,0.18631238613584611,-0.49608969724439711,2.4411325509548849,0,1.7313240959312388,-0.94439599071170999,-0.86065901399646438,-1.8188356072203471,41.231188197632683
2021-04-12 09:00:00,103.35325160309769,179.11158765244141,0.95122341858884674,20.689734423533217,-0.087476310991537048,-0.10143988918493678,1.0153389434569957,-0.04869958962065795,-0.0089667334058711155,0.10118921092732443,0.57261683567837873,0.054337118998848952,0.0074476329578946465,-0.20765706624848287,0,-0.40066102484915572,2.0427397124110271,1.4905733373092271,-0.81365081661950167,50.501686846402286
2021-04-12 10:00:00,103.35325160309769,179.21575201130267,0.86638955610945445,20.684573005392579,-0.084468601270292626,-0.10038299295354489,0.70810464921562244,-0.038530219563445718,-0.0089667334058711155,0.091265249004904958,0.52620416070842102,0.051720919374604858,-0.0076136934448590285,-0.30030300748445726,0,0.21697047396148197,1.7286309746757558,0.99717676426648882,0.67298273953497134,49.858747164083248
2021-04-12 11:00:00,103.35325160309769,173.36110629508747,0.85230508616722656,19.637315484316765,-0.08937208978611122,-0.13332615587143187,0.70810464921562244,-0.038530219563445718,-0.0089667334058711155,0.11551235587520098,0.52421666522270394,0.050011396034335347,-0.0076136934448590285,-0.43381098419554609,0,-1.600624010144577,-0.63059154286855224,2.1496002481225389,0.06999037545615798,48.843633860859654
2021-04-12 12:00:00,103.35325160309769,123.99612883195597,-0.45851303367759422,-19.26304347755708,-0.068209185018576757,-0.070421337678225449,0.70256424213386537,-0.05297299640629631,-0.0089667334058711155,0.028114432175196189,0.50190375141111732,0.036849066583081368,-0.038143942172117147,-0.0064225209088264335,0,-0.48909203329766221,-0.38536973391183971,-0.84526315190111911,0.10794184026382074,40.951922042226379
2021-04-12 13:00:00,103.35325160309769,174.84046765197073,1.8049859103842421,24.809635248966508,-0.02894257874407781,-0.12054563568827407,0.73488358793019848,-0.028699779934337425,-0.0089667334058711155,0.37274185987310615,0.46596236774630784,0.13557507936953786,-0.01814163852000461,0.076624338420440238,0,0.54459557116945401,-1.213779202894844,0.62555392252975683,0.53550002761943849,42.800233704051465
2021-04-12 14:00:00,103.35325160309769,177.50564934755434,-0.81070957965401791,20.415466396323371,-0.073723407854044853,-0.12192832671704207,1.0507700565637981,-0.050787956171089853,-0.0081458349163807779,0.065340754576712651,0.54013525702419074,0.042367474095541834,0.021874760475624404,0.099880168542541864,0,2.0396042800498875,2.5258563313854814,-0.59790748944163807,-0.70247467769030458,49.716779537864092
2021-04-12 15:00:00,103.35325160309769,173.61111584592447,-1.2453767868373917,19.102142504022972,-0.066104650317245495,-0.087547619080411906,0.7036532436023708,-0.041092562799059963,-0.0089667334058711155,0.10941381594134361,0.54416905153498951,0.051753055550312156,0.020766816377842275,-0.12759075051767285,0,-1.0448122889302793,-0.13458943779234461,2.1364612209950002,0.9656064880411066,49.379978876441079
2021-04-12 16:00:00,103.35325160309769,170.15041402149478,-1.4416739044358713,18.973356384206109,-0.074423285529410396,-0.091309393508599901,0.71235429775158821,-0.041092562799059963,-0.0089667334058711155,0.04954720283410078,0.52615024600608451,0.053092808234673064,0.041133055854357413,-0.068725838622154256,0,-1.1106911577625556,2.2669116562364722,-1.130749774717327,0.16193186400779175,47.980317554046742
2021-04-12 17:00:00,103.35325160309769,157.79302876769094,-0.70292602555000905,10.571164768546256,-0.056874552712938495,-0.1044132293316893,0.90012556834830137,-0.095822820845488724,-0.0089667334058711155,0.14607878111858361,0.53133875656668028,0.10979839025355685,0.021754308298616135,-0.19005009422053479,0,-0.71638248691447071,-0.83231612301158409,-1.6955628902724718,2.0179740067492422,44.544857540977084
2021-04-12 18:00:00,103.35325160309769,147.62832492060036,-1.4756731122306341,8.5529608419323182,-0.079612660019826836,-0.11183161684655539,0.90737045128220517,-0.096957548452653447,-0.023966767374252886,0.19177365090059231,0.49181228017868267,0.082006732579609942,0.059395219958098329,-0.36309346079111227,0,0.77201371611616065,-3.0717904078773492,-2.4970039920337221,-0.605049362709706,41.542719352890849
2021-04-12 19:00:00,103.35325160309769,146.27460766373656,-0.26048467834896666,-4.2353616994178758,-0.08452233218718283,-0.10056719519914538,1.288506329290362,-0.03428545990363871,-0.023966767374252886,0.22461122183524607,0.49814786995922455,0.1050973797276441,0.048975661200331096,-0.19900905928668186,0,0.40958459111581641,-2.8506449031354726,0.83177110183185865,-0.69375416989470606,47.997258170426313
2021-04-12 20:00:00,103.35325160309769,124.69205114234744,-0.42604123456808118,-13.30869418334496,-0.085200636033678195,-0.029636675902608042,0.69719811220039807,-0.032575651393766586,-0.023966767374252886,0.049646832201255417,0.56466313243555466,0.10150926419703571,0.042420583113714265,0.63216912549626925,0,1.3893105539074644,-0.1416456742747304,-0.449098995927602,-0.049701837672220195,32.408443592189883
2021-04-12 21:00:00,103.35325160309769,121.99639782937766,-0.55009704938220316,-14.130772377350427,-0.073083653783691305,-0.030774195378770967,0.69755773706687885,-0.035961639014588626,-0.0081019641498594492,0.052208253205318501,0.56819366643696145,0.099723072140541186,0.027867096291151951,0.17849503002005032,0,0.97231179785109434,-0.57987950289648238,-0.50274223005458896,0.59261154867944754,31.365590636599055
2021-04-12 22:00:00,103.35325160309769,115.65599146053496,-0.72865498214075208,-16.923519988743291,-0.079849709613932951,-0.034460612447126171,0.73670204811291784,-0.018164116666357793,-0.0070522588065610996,0.057784625332380241,0.6515252463814426,0.10344070864438493,0.17281931446576734,0.14330576810343876,0,-0.14213774639549501,-2.1610845289772262,0.30633856615776794,0.7300735748196906,29.495673949210119
2021-04-12 23:00:00,103.35325160309769,110.80901086920343,0.43345890567438233,-14.494967181276266,-0.078411388181953839,-0.027533920509531688,0.78148662054061724,-0.047218460089131262,-0.0058386183656782276,0.064490960822478807,0.62130581563803433,0.10134101891639331,0.20848184591545441,0.13928297313394902,0,-1.4467672613753664,-4.5114796739168384,0.16304727986753173,-1.3990735221515158,26.95415387146322
2021-04-13 00:00:00,103.35325160309769,66.614684859697519,-0.13116962913752961,-41.246222219199112,-1.5661478060029974,-0.034041565333055884,-0.052824736670162686,0.018866674832385508,-0.0032848150600082397,0.024588427681765713,1.3115298948709182,0.025069223334287637,0.69401520302024311,0.070057280732085808,0,-1.0725639370914726,-5.3798164507587218,0.030170766364227712,-1.1876150541523742,11.760821999169444
2021-04-13 01:00:00,103.35325160309769,105.78440222438223,0.28268579597754628,-7.9955674400938923,-0.32537443413097678,-0.033939483554168107,-0.099497192456069736,0.017205080011550453,-0.0054885191300816675,-0.032783379192477036,1.0134328963576511,-0.13894769852987915,0.66855043554155547,0.1833339620449842,0,-0.38698590212362177,-3.8375788846866969,-0.094896025017884064,-1.6556264088703194,14.872627819137332
2021-04-13 02:00:00,103.35325160309769,113.9273441298082,0.38822653955283509,-10.3322426036728,-0.055376562843987093,-0.022027498122435211,-0.044391814289852907,0.02035500654011084,-0.0054885191300816675,0.03298075662541116,0.59502656011129118,0.16196575191176757,0.3104397385446544,0.19183832365768883,0,-0.93146084288983899,-4.3846527541174991,1.3738269237478467,-1.5326912028965356,24.807764723982007
2021-04-13 03:00:00,103.35325160309769,111.5322494513555,0.55792823799611835,-10.101091618709559,-0.1494073916997132,-0.028009128526179896,-0.04378992118067479,0.018866674832385508,-0.0050606698961515395,0.032775881642187067,0.56157005570880458,0.18337877212158094,0.24574811061417509,-0.028607354557807392,0,-1.2092113178617947,-4.1098503063456091,-0.042125663070587141,-1.9927035465906799,24.288587033781315
2021-04-13 04:00:00,103.35325160309769,111.54886614247565,1.6416384417375287,-11.414527054077972,-0.040010895696761743,-0.024805012788974113,-0.04292850328502737,0.02035500654011084,-0.0054885191300816675,0.042205355739009152,0.5122231678296888,0.18734817836778014,-0.057345981668993719,0.24119523600012538,0,-1.1027727192514334,-4.1356006895772612,-0.083826609667035049,-1.9088848937635834,24.366840032070826
2021-04-13 05:00:00,103.35325160309769,106.69937205706169,-0.16810837544398519,-9.8001728390726015,0.13180562970783169,0.12652699269155229,0.014021798105137382,0.041339690480419432,-0.0087675267766265871,0.0042998809002179651,1.1418022208521859,0.069640452272012585,-0.19346882322045889,0.042233000098998143,0,-0.25301677365783115,-6.1451682479075602,0.35195497474742843,-1.3689505253222531,19.360148925509549
2021-04-13 06:00:00,103.35325160309769,117.81535935542887,-2.2524701729434877,-9.068199991013973,0.20182937232107109,0.18810154083119998,0.026284216393541324,0.23727250165391847,-0.041070709600937103,0.068021726736843313,0.73945471721491529,0.2642664507059308,-0.16701449960702758,0.15085680214288225,0,0.042483365338939587,-5.7275788543839417,2.5574040195521337,-1.313735305744945,28.556202572734172
2021-04-13 07:00:00,103.35325160309769,124.98853163645791,-0.68095644213128403,11.300796562226806,0.44844140991058584,0.23242516427824098,0.053596715045026631,0.70343102878049246,-0.0069916719404832864,0.0051868110674447559,1.1214392258932657,0.33414732511508849,-0.53052678492123428,-0.69778074420713443,0,-2.0640064325784704,-10.348326014328995,3.4893600901495931,-1.2773551839915178,19.552398974992844
2021-04-13 08:00:00,103.35325160309769,173.20923699105609,6.9473717075257486,25.67777500205252,1.1427612722911911,-0.15712683245571402,-0.14098119757652086,0.14818712457899252,-0.0089667334058711155,0.39833053644912453,0.7331176350652272,0.18444978678916257,-0.52392512180637685,-2.4544834118951169,0,1.5217353615798499,-1.1353602192503405,-1.241040261173143,-2.1270068117274508,40.891147550917218
2021-04-13 09:00:00,103.35325160309769,178.14217046765958,0.87097636859701699,20.737463704883442,-0.093780290830440705,-0.095929990896143652,-0.12286326337359618,0.097097899368266669,-0.0089667334058711155,0.094300643907144918,0.57760026852595014,0.04878736056371262,0.0077031533513401444,-0.20937165380674863,0,-0.33902117611458971,2.0194594225246036,1.229711044332489,-0.81767105081477476,50.793423157750276
2021-04-13 10:00:00,103.35325160309769,178.96506470416307,0.78332420467152764,20.763675714884311,-0.090772581109196282,-0.094873094664751759,-0.04551643474252931,0.07065398873618399,-0.0089667334058711155,0.084376681984725505,0.53118759355599243,0.04953937815845872,-0.0073581730514135245,-0.42383905170409364,0,0.2786103226960483,1.7170316064087496,1.031757785070242,0.66889205977182498,50.3040898338053
2021-04-13 11:00:00,103.35325160309769,173.5392348147256,0.77395825416464248,19.716418193808497,-0.095676069625014876,-0.12781625758263868,-0.04551643474252931,0.07065398873618399,-0.0089667334058711155,0.10862378885502152,0.52920009807027535,0.047829854818189223,-0.0073581730514135245,-0.33813424129006747,0,-1.538984161410011,-0.63744240657141549,2.3282574320323555,0.065899695693011587,49.345036383128743
2021-04-13 12:00:00,103.35325160309769,124.35366985619125,-0.54716637424397774,-19.172719734118548,-0.074513164857480371,-0.065569498293982079,-0.04621579702043839,0.10168370834556033,-0.0089667334058711155,0.021225865155016656,0.50688718425868817,0.03466752536693523,-0.037888421778671647,-0.16796631830801476,0,-0.41391755889363435,-0.36096942579001584,-0.63738919688469298,0.10699987334730408,41.762236320215393
2021-04-13 13:00:00,103.35325160309769,175.96574383743908,2.0089264649387282,24.965960612494797,-0.0367990199844054,-0.11365507705393946,-0.048281830018721383,0.083813119234815589,-0.0089667334058711155,0.36573702467210223,0.46639167941209647,0.13339353815339172,-0.016926976820775708,0.54295982867348214,0,0.70517895582587298,-1.1761282104618662,0.64437849889672194,0.52153082360914593,43.574979536175789
2021-04-13 14:00:00,103.35325160309769,176.28011286168578,-0.89736172709813411,20.465486683203668,-0.081579849094372506,-0.11588294238006443,-0.13678644585361802,0.10451176864007418,-0.0081458349163807779,0.058590403581939128,0.54549202304775113,0.040185932879395696,0.023353562472952189,-0.085759273915442275,0,2.1136755950299322,2.4917942892142566,-0.84612460288983815,-0.69903133089108116,49.95444300755716
2021-04-13 15:00:00,103.35325160309769,172.53052658809204,-1.3292992358910465,19.188139818989558,-0.073961091557573105,-0.081939446219497558,-0.045735569473665666,0.083231494583318744,-0.0089667334058711155,0.10240898074033977,0.54915248438256092,0.049571514334166032,0.021022336771287776,-0.36057726136204488,0,-0.97839676634905381,-0.14618880605935081,1.9023042716416469,0.94020726503411578,49.366301728835516
2021-04-13 16:00:00,103.35325160309769,170.11413462774405,-1.5121679720689056,19.056023604610257,-0.082279726769738076,-0.085701220647685553,-0.045735569473665666,0.083231494583318744,-0.0089667334058711155,0.042542367633096843,0.53113367885365592,0.05091126701852694,0.041388576247802927,-0.10008941804263785,0,-1.0472853008758429,2.2575286981525204,-1.0071509087961028,0.15661612204006431,48.430884065587591
2021-04-13 17:00:00,103.35325160309769,158.01287931961352,-0.73109739103791915,10.712712565930845,-0.064730993953266106,-0.088175196836986061,-0.066070683707608782,0.29883212428415956,-0.0089667334058711155,0.13900580325843515,0.53632218941425169,0.10761684903741071,0.02200982869206165,-0.28481550487187107,0,-0.65775704835744264,-0.84214178827044106,-1.422024665550478,2.014278640831233,44.99462972105939
2021-04-13 18:00:00,103.35325160309769,149.173320014186,-1.4763915669517456,8.6644812437158976,-0.087469101260154475,-0.096157842865984028,-0.05794536462125309,0.31951895457249324,-0.023966767374252886,0.1846867454068529,0.4957849237573706,0.079825191363463818,0.060355322715178565,0.52857355708798859,0,0.86159491678264688,-3.0440371156275496,-2.1988591683526422,-0.60315902131143073,42.21323350405153
2021-04-13 19:00:00,103.35325160309769,144.34267689989227,-0.2951867164150368,-4.3395576109606688,-0.092378773427510441,-0.095804226387044236,-0.16589625684745415,0.061622376998803859,-0.023966767374252886,0.21752431634150665,0.5015033336779342,0.099547621292507757,0.041931516456193196,-0.2891614899082946,0,0.4210262551426428,-2.8809167988504498,0.45976518280234974,-0.69591555468788235,48.065288888941311
2021-04-13 20:00:00,103.35325160309769,124.25730907319647,-0.46688686378409805,-13.456343547627847,-0.093057077274005806,-0.024059743906341316,-0.038683979399185719,0.00032750654191115286,-0.023966767374252886,0.042559926707516023,0.56863577601424298,0.099572602718340508,0.03570493666506773,0.65883687808600999,0,1.4009582767588056,-0.14932897017763361,-0.42552380013927005,-0.05353312404942312,32.828845440338924
2021-04-13 21:00:00,103.35325160309769,121.73640048288975,-0.50713639400337884,-14.25414688601456,-0.085066939011652201,-0.025197263382504241,-0.038700468748958855,0.013579492815824221,-0.0081019641498594492,0.045115315087733428,0.57081819064078643,0.097786410661845985,0.024626498009397618,0.21101862869450394,0,1.0181357704805276,-0.58756279879938589,-0.47747895492857084,0.59926507185759481,31.786195170582637
2021-04-13 22:00:00,103.35325160309769,115.1027626902633,-0.69162793131435885,-16.89635399129066,-0.096876864786190869,-0.029553543645655374,-0.050949786936158842,-0.072879742583857085,-0.0058386183656782276,0.049835338555631319,0.65000244659952855,0.1005173203815921,0.16748343791406997,0.0081699783115707116,0,-0.12569163518318888,-2.1767515943977034,0.2819253061008079,0.67697266719277949,29.961128300612991
2021-04-13 23:00:00,103.35325160309769,110.69022161903042,0.29169282769620153,-14.272431677449088,-0.089657703770283426,-0.022626851708060908,-0.054987114577535606,0.095234584421545462,-0.0058386183656782276,0.057153746851259991,0.62527845921672265,0.096887671742526632,0.20569327054740058,-0.0038245809365285177,0,-1.2566750062910057,-4.465877547852374,0.117693583534075,-1.4462444168693458,27.465499389742934
2021-04-14 00:00:00,103.35325160309769,66.687791651442296,-0.17974260326262625,-41.005242580210179,-1.5661478060029974,-0.033505737178263162,-0.055522210318511095,-0.038325743217287919,0.012050381786145856,0.022484438499556485,1.3118906766387246,0.025069223334287637,0.69352783595008882,0.0059242047814957004,0,-1.038215671456274,-5.3241621343214414,-0.028258732808185083,-1.1838402820038907,11.716556788134048
2021-04-14 01:00:00,103.35325160309769,105.70355726677279,0.29093610959761762,-7.9766567109558348,-0.32537443413097678,-0.033997155182888567,-0.10219466610441816,-0.038061932582011265,0.020566022794463294,-0.03488736837468627,1.0143886439070422,-0.13894769852987915,0.66874110523128261,0.18317031289535507,0,-0.35525995031761054,-3.8365745716213091,-0.15494125844816123,-1.6540868527075994,14.823486068204708
2021-04-14 02:00:00,103.35325160309769,113.84462166488623,0.48175258198247106,-10.149314302171831,-0.064749962610497119,-0.022201845601142137,-0.047089287938201316,-0.038325743217287919,0.0192241320153188,0.027563231977768166,0.59058026830757737,0.16196575191176757,0.31053100344122836,0.041906416044940255,0,-0.8930262743335553,-4.3833012832520826,1.3212698227270032,-1.5890151909399293,24.723600743445047
2021-04-14 03:00:00,103.35325160309769,111.37195507353742,0.58978802755335558,-10.212760563340074,-0.1494073916997132,-0.02747330037138716,-0.056349597844718768,-0.038325743217287919,0.0192241320153188,0.030671892459977836,0.56506081192926494,0.18293298772970479,0.24593878030390259,-0.11675909159867169,0,-1.1817679771613465,-4.0982842273864133,0.011516005901785364,-1.9919822722808949,24.246680997446923
2021-04-14 04:00:00,103.35325160309769,111.5935239009619,1.6765301709811748,-11.047837507917814,-0.073606175815659855,-0.02497936026768104,-0.045625976933375778,-0.038325743217287919,0.0192241320153188,0.036787831091366102,0.49908756064483967,0.18734817836778014,-0.057519975507372416,0.10953743250668847,0,-1.0643805796492787,-4.1342492187118447,-0.14949277936826713,-1.9349017418882644,24.282676051533866
2021-04-14 05:00:00,103.35325160309769,106.36217435700725,-0.33737135400466789,-10.1200777351272,0.16540090982673,0.11406079138995359,0.011324324456788963,-0.043070106357079189,0.04393457507403558,0.0030522403771725821,1.1568493231358166,0.069640452272012585,-0.19258250512920083,0.21555860635988214,0,-0.12892182014374823,-6.2272260768551408,0.28786720548608269,-1.3346220324516871,19.325105955599835
2021-04-14 06:00:00,103.35325160309769,117.89184593140085,-1.812077339831982,-9.051736800981077,0.16823409220217292,0.19996213647130009,-0.019665646591260921,-0.1062646196560682,0.05252395123914199,0.064749274647662697,0.72843543003841638,0.26382066631405465,-0.16718849344540632,0.20352066617749079,0,0.033015090546837961,-5.6659688823655259,2.6569980216216016,-1.3233496391475017,28.313586421063377
2021-04-14 07:00:00,103.35325160309769,124.65224323791008,-0.43360473741928801,11.996508009371533,0.44844140991058584,0.24428575991834114,0.008088946641180943,-0.53859858765656987,0.023676432911272138,-0.039194808104615689,1.1689999147429739,0.33414732511508849,-0.52998759921813099,0.2905726000476872,0,-3.1028328644966794,-10.288428930074771,3.4940671126359812,-1.2701076899197012,19.492959340407516
2021-04-14 08:00:00,103.35325160309769,173.92515867251504,6.8817260854071689,25.612043839690884,1.1427612722911911,-0.15755809063850559,-0.16438123586928557,-0.11766608924532414,0.032653161123935522,0.39239211225946113,0.73462649044927175,0.18444978678916257,-0.52207942395080753,-1.7818273060994461,0,1.3491036458121017,-1.1297082263890361,-1.1573790496185474,-2.0866207833500066,41.359370880755201
2021-04-14 09:00:00,103.35325160309769,178.12560977194863,0.85749159773237349,20.622029811611988,-0.093780290830440705,-0.096038574109192421,-0.13118537685030346,-0.10180613962157903,0.032653161123935522,0.088362219717481497,0.57910912390999469,0.04878736056371262,0.010919184359968257,-0.20943052002074111,0,-0.49552341376062181,2.0259904334155054,1.2210608411171056,-0.81980440216710038,51.233523152659053
2021-04-14 10:00:00,103.35325160309769,178.94850400845212,0.76983943380688447,20.651810641959042,-0.090772581109196282,-0.094981677877800527,-0.052386770370405997,-0.08956416161979211,0.032653161123935522,0.078438257795062111,0.53269644894003698,0.04953937815845872,-0.0041421420427854138,-0.41966201156337057,0,0.12210808505001598,1.7235626172996517,1.0617934704887289,0.66880589500309851,50.655514360313006
2021-04-14 11:00:00,103.35325160309769,173.30826620562578,0.7581142235823275,19.604553120883228,-0.095676069625014876,-0.12792484079568747,-0.052386770370405997,-0.08956416161979211,0.032653161123935522,0.10268536466535813,0.53070895345432012,0.047829854818189223,-0.0041421420427854138,-0.44356359471190188,0,-1.6954863990560423,-0.63328564796258457,2.286255035897812,0.065813530924284949,49.668430983362917
2021-04-14 12:00:00,103.35325160309769,124.33710916048034,-0.5537767075062483,-19.289581810361693,-0.074513164857480371,-0.065892238040025988,-0.054537910497145639,-0.103273598494313,0.032653161123935522,0.015287440965353269,0.50839603964273294,0.03466752536693523,-0.034672390770043547,-0.16802518452200724,0,-0.57041979653966646,-0.35443841489911365,-0.65209266795010368,0.10486652199497851,42.209210752726548
2021-04-14 13:00:00,103.35325160309769,173.94259503439548,1.7257204695607924,24.767342236660916,-0.0367990199844054,-0.11457080313305136,-0.058648917019862912,-0.084725804410366021,0.032653161123935522,0.35979860048243884,0.47253835630008223,0.12659558165129683,-0.014177770186027519,-0.30239337363038304,0,0.45296288624296333,-1.2692077515813021,0.61496233752680984,0.48588086878903736,43.431412372904965
2021-04-14 14:00:00,103.35325160309769,176.26355216597483,-0.90439921938467238,20.377056925047967,-0.081579849094372506,-0.11608980016523444,-0.14431754346144002,-0.10276522473583476,0.030078524952352189,0.052651979392275755,0.54700087843179579,0.040185932879395696,0.025666084702401382,-0.085606632292806129,0,1.9537778227228282,2.4969438177460623,-0.8633137215923653,-0.69477246964271244,50.379783057371625
2021-04-14 15:00:00,103.35325160309769,172.63101879088435,-1.3568510445946838,19.076240898243757,-0.073961091557573105,-0.081274088567122649,-0.051189454426088354,-0.10002219365002402,0.032653161123935522,0.096470556550676378,0.55066133976660536,0.049571514334166032,0.02423836777991591,-0.081697449373577133,0,-1.1427901899139878,-0.17285188179410019,1.938777858992103,0.93704283298663327,49.632748051886068
2021-04-14 16:00:00,103.35325160309769,170.0975739320331,-1.5403335502878723,18.943503150929185,-0.082279726769738076,-0.085908078432855542,-0.052605905101542352,-0.092126504855406383,0.032653161123935522,0.036603943443433491,0.53264253423770058,0.05091126701852694,0.044604607256431027,-0.078478449138510042,0,-1.2055535466740206,2.2642175511424401,-0.99409498694205745,0.15652995727133767,48.814036904714449
2021-04-14 17:00:00,103.35325160309769,157.18563647193892,-0.80223907101322844,10.489291310460361,-0.064730993953266106,-0.099011914255944938,-0.093305502357047737,-0.17592979865013836,0.032653161123935522,0.13306737906877181,0.53783104479829624,0.10761684903741071,0.02522585970068977,-0.28454240399384645,0,-0.8086852671918171,-0.83561077737953871,-1.5534468383349951,1.9706226910017433,45.253579140779898
2021-04-14 18:00:00,103.35325160309769,147.96444298619357,-1.5581985040801067,8.5259876349808383,-0.087469101260154475,-0.10786677572248779,-0.085180183270692086,-0.17706452625730307,0.093247357748685616,0.17874832121718948,0.50496431646860407,0.079825191363463818,0.071803693003708341,0.014186007468671829,0,0.74296839947649795,-2.9692830756884825,-2.3431476153558317,-0.60836662312635092,42.336036866129675
2021-04-14 19:00:00,103.35325160309769,144.59409934752054,-0.33408463314238351,-4.2895871367937355,-0.092378773427510441,-0.096985256504774159,-0.19313107549689315,-0.1143924377082883,0.093247357748685616,0.21158589215184323,0.5106827263891679,0.099547621292507757,0.061055635950449751,-0.26408472323544968,0,0.31773783202893463,-2.8742279458605311,0.47419946803870849,-0.73957150451737519,48.47123469750953
2021-04-14 20:00:00,103.35325160309769,123.55579721594951,-0.51862444339989766,-13.197730623055273,-0.093057077274005806,-0.026544050216085233,-0.057928265171773977,-0.083990620125302784,0.093247357748685616,0.036621502517852629,0.57781516872547678,0.099572602718340508,0.054829056159324312,-0.29374563382466179,0,1.2710114984387295,-0.18021907469637044,-0.49703428306300756,-0.064566219333522606,33.082888716703231
2021-04-14 21:00:00,103.35325160309769,122.06235611992406,-0.54351392211734262,-13.942639675348323,-0.085066939011652201,-0.026809354254703266,-0.048082551505851556,-0.08983727172986776,0.027383870962840218,0.038320542238906172,0.5691499409874341,0.097786410661845985,0.030143052544498693,0.13816075973663844,0,0.87780991886511439,-0.58449862371312233,-0.50246387250855018,0.60222245141024155,32.151039779608162
2021-04-14 22:00:00,103.35325160309769,115.59456952767314,-0.67236385658653552,-16.670171437465648,-0.096876864786190869,-0.030495771323058463,-0.058565459424868002,-0.069517961383449442,0.021664061306107044,0.043896914365967925,0.64877868906797143,0.10096310477346827,0.17400755602964826,-0.041436080095542852,0,-0.24823412619293644,-2.1712136642653128,0.25784999235313094,0.68452169226454573,30.368511135938043
2021-04-14 23:00:00,103.35325160309769,110.76933363351253,0.30216531024791793,-14.08509957509278,-0.089657703770283426,-0.023569079385464011,-0.068177300278024211,-0.10727483727876433,0.021664061306107044,0.051215322661596584,0.62623420676611352,0.096887671742526632,0.21221738866297882,-0.010767400018121275,0,-1.5378306263936601,-4.4674987116394753,0.12145887893949987,-1.4445876205623744,27.81870204450707
2021-04-15 00:00:00,103.35325160309769,67.42686696809244,-0.059982534465740395,-40.72269042887671,-1.3905129067676572,-0.039478922123178758,-0.042920252161550793,-0.020772372536838533,-0.0032848150600082397,0.70837342887735533,1.3103432899097531,0.033945436212922363,0.68273532150655514,0.075298881782941945,0,-1.3005271923523773,-5.3902947506690557,-0.050457640826109373,-1.1308987333355425,11.414739555880072
2021-04-15 01:00:00,103.35325160309769,108.59019153044086,0.32173109811880357,-7.5082599224055668,-0.25263708771966648,-0.037339048252482021,-0.056797835359163509,-0.019764396047699206,-0.0050606698961515395,1.6223174551529946,1.0100162378904034,-0.070411920890749963,0.61344091379229171,0.099829471609695755,0,-0.49539688054393893,-3.6930146683289475,-0.16597868812482267,-1.6975220330648704,15.571787901413083
2021-04-15 02:00:00,103.35325160309769,114.17541283657553,0.36733920088303418,-9.5551987627958113,-0.048023726946673111,-0.026754679279058443,-0.040708912567369582,-0.020772372536838533,-0.0050606698961515395,0.56297754881745476,0.58909227973335498,0.17092486316650096,0.30154429309946451,-0.017583275652562427,0,-1.1475079499098042,-4.3390936965651123,1.3370364935933798,-1.5740901207057725,24.268040721039878
2021-04-15 03:00:00,103.35325160309769,111.48770083890213,0.54473817395876334,-9.7057501361689482,-0.11130548149666426,-0.033446485316302774,-0.040500038594803514,-0.020772372536838533,-0.0050606698961515395,0.54168903273702285,0.5603834507476394,0.18685401657239464,0.23911138571418636,-0.097595787786987312,0,-1.4393956474656324,-4.1804342912351231,-0.11539447229681402,-1.9721162060270334,23.783444764895734
2021-04-15 04:00:00,103.35325160309769,111.65156494328889,1.5786321683315607,-10.929106713603872,-0.0012043645881200495,-0.030826609910081283,-0.040094672116532684,-0.021516538390701199,-0.0054885191300816675,0.49215707972591338,0.51103656286852361,0.18884817426066491,-0.063278085663389813,0.22863072280185465,0,-1.3216706950046819,-4.145311091369412,-0.14963028699860831,-1.8859079056839396,23.893044114662093
2021-04-15 05:00:00,103.35325160309769,106.64238853582688,-0.21547831564754835,-9.9866012513644176,0.1279580489444046,0.11198521166509676,0.014328879571954285,-0.025516735676629796,-0.012939361885887327,0.64174869156986569,1.1553613345615943,0.071207142557111511,-0.19613798703089125,0.14616503951681817,0,-0.36197252020701348,-6.2250230155765518,0.29168437009446724,-1.2738926089014697,19.026260010538312
2021-04-15 06:00:00,103.35325160309769,117.35675469410658,-1.6397250046538172,-8.8158998389139249,0.16399458725502922,0.18033731180687165,-0.011087874538552422,-0.10098260151946976,-0.015678003561718355,0.29219716766490622,0.72424772000375981,0.26553824392182512,-0.16956088579460743,0.065938457845707593,0,-0.051128164830695953,-5.7234130316516891,2.5116126952633917,-1.3050597632952072,27.632172076007201
2021-04-15 07:00:00,103.35325160309769,130.73143587038103,0.036225663478682897,12.056221388120886,0.70955698031429226,0.22466093525391265,0.074957667002246112,-0.1683965194975594,-0.011163507049744023,2.0762835134563735,1.2644862655839459,0.33431212537613819,-0.53001487614277187,0.60176973609221529,0,-1.7303770377578451,-10.375617113392655,3.5213044896323042,-0.96068600227077106,20.254660559083678
2021-04-15 08:00:00,103.35325160309769,169.98415612592854,6.5570518403449203,24.88507242343201,1.1418623808631296,-0.19389918029006858,-0.15277430945269563,-0.068053119112841093,-0.0089667334058711155,-0.63560214733281473,0.72475097733268468,0.17602090429477132,-0.5247455451085572,-1.7832075786000587,0,1.0125453774696744,-1.4638727904846562,-1.1310685291152096,-1.9823699322943518,40.078160484290855
2021-04-15 09:00:00,103.35325160309769,177.55691764911214,0.84263299537093628,20.497462711553549,-0.087926341728441354,-0.09935478505783274,-0.11860841999543363,-0.052193169489096004,-0.0089667334058711155,0.30348544928357502,0.56350145357247006,0.046849244257993666,0.0078190133951904946,-0.1374068819119568,0,-0.2488953272406563,2.2044579145608312,1.0690080392114751,-0.83211378511084211,50.253914668748735
2021-04-15 10:00:00,103.35325160309769,178.47669393248913,0.74542106064458025,20.515348895580367,-0.084918632007196904,-0.098297888826440846,-0.039809813515536113,-0.0399511914873091,-0.0089667334058711155,0.3355913545038427,0.52509672426431231,0.050740093158505688,-0.0072423130075631821,-0.39411954768522334,0,0.43006202819426981,1.7953869552560693,1.0891538847237003,0.66865885821888982,49.641288594782161
2021-04-15 11:00:00,103.35325160309769,173.56864069653821,0.74322400935986654,19.424231184597538,-0.089822120523015497,-0.13543789347019167,-0.038393362840082115,-0.0399511914873091,-0.0089667334058711155,0.26450358367531068,0.52310922877859545,0.049030569818236176,-0.0072423130075631821,0.039717052962136769,0,-1.2061373426674606,-0.69392060546304057,2.4594116273974871,0.090077959618831874,48.841955440097045
2021-04-15 12:00:00,103.35325160309769,124.33710916048034,-0.53826513695455658,-19.106733403599044,-0.068659215755481021,-0.068109751420072431,-0.041960953642275783,-0.053660628361829978,-0.0089667334058711155,0.54291218770060368,0.50481643722178882,0.035868240366982197,-0.037772561734821304,-0.16305668434917583,0,-0.4194934764958706,-0.36145900189253921,-0.59323923513592236,0.10596071207066857,41.255676762770037
2021-04-15 13:00:00,103.35325160309769,172.55864918802206,1.8992400410233623,24.294555033860636,-0.029392014889750212,-0.14901790690918687,-0.045957741779300537,-0.035112834277882976,-0.0089667334058711155,-0.55310267329087826,0.46277477981747706,0.1314772327201523,-0.016317380954565815,0.74214686383739148,0,0.045059944249458694,-1.414029286627152,0.8668020701858048,0.50636316181438057,42.508875029550289
2021-04-15 14:00:00,103.35325160309769,176.08948277387032,-0.84576795965540708,20.302548180013627,-0.074172843999717228,-0.1194060111138748,-0.13187799763633296,-0.053152254603351705,-0.0081458349163807779,0.41914955713455537,0.53139320809427104,0.041386647879442663,0.022246048220552695,-0.081663409846057688,0,2.2158908945146027,2.6769627114428434,-0.87657631819767323,-0.69712399767730915,49.414540551118925
2021-04-15 15:00:00,103.35325160309769,172.00387755330433,-1.2981669125272497,18.909931560254691,-0.066554086462917911,-0.09263138989186899,-0.039914729860979964,-0.042513534722923345,-0.0089667334058711155,0.30102679939221949,0.54306161509088091,0.050772229334212986,0.021138196815138118,-0.35224549093794477,0,-0.68681462579876895,-0.20266700495097578,1.9628549909767881,0.94119958824227279,48.711115478659984
2021-04-15 16:00:00,103.35325160309769,170.06441843348622,-1.479475852024063,18.883383836191186,-0.074872721675082812,-0.086252256168798627,-0.039914729860979964,-0.042513534722923345,-0.0089667334058711155,0.47061219321996384,0.5250428095619758,0.052111982018573894,0.04150443629165327,-0.011813515592066195,0,-0.90910414620954938,2.4379307735081288,-1.0847802606820274,0.16224319287281447,47.8760313570656
2021-04-15 17:00:00,103.35325160309769,156.15232191433904,-0.77817563932714851,10.342685930108939,-0.057323988858610911,-0.11496910589347338,-0.080546948878196564,-0.12631682851765533,-0.0089667334058711155,0.19831437977706332,0.52984734766013775,0.10809386788294303,0.022125688735911992,-0.28038767371046946,0,-0.67922766789977496,-0.91641792720828663,-1.4953137504186909,1.9704248075435207,44.165224553651072
2021-04-15 18:00:00,103.35325160309769,145.57996240672011,-1.5520714584033755,8.4186773830224535,-0.080062096165499252,-0.1341635593882721,-0.08227006141342498,-0.12745155612482006,-0.023966767374252886,0.070491497092382421,0.48932205676372859,0.080324783171664069,0.060004358385148955,-0.39022186563375094,0,0.5639558479172847,-3.1872647119877882,-2.3478974477755958,-0.65303453549827717,41.12233893703489
2021-04-15 19:00:00,103.35325160309769,142.51971754798618,-0.32841662919407699,-4.4977981805328913,-0.084971768332855219,-0.12328204017055844,-0.18035875062393034,-0.064779467575805216,-0.023966767374252886,-0.039030725901376045,0.48741818683270965,0.09763537921227676,0.049256301331890358,-0.28473365874689294,0,0.20949829657973135,-2.9815368686556263,0.39504161879130462,-0.74361645163218415,47.280107470881063
2021-04-15 20:00:00,103.35325160309769,123.34747097701417,-0.49151682221555681,-12.811607917840599,-0.085650072179350584,-0.030843709750150255,-0.045155940298811273,-0.034377649992819739,-0.023966767374252886,0.49046866605942502,0.56720197457319432,0.10102739462086585,0.043029721540764891,-0.29174236043291013,0,1.3169921264876667,-0.21513672986519464,-0.47897880183937636,-0.063227102107490857,32.04770336453111
2021-04-15 21:00:00,103.35325160309769,122.06906045601167,-0.59075267648326546,-13.612912744081918,-0.073534023081186353,-0.031109013788768288,-0.03530512716086584,-0.040968467451247395,-0.0081019641498594492,0.48312785378352563,0.57060758833359837,0.09900554897911848,0.028475301566379917,0.29446713887682346,0,0.91529370188540249,-0.60924915317063422,-0.47618024670523806,0.58534037002585759,31.217604765536201
2021-04-15 22:00:00,103.35325160309769,115.60127386376075,-0.66479878402119108,-16.17736663801632,-0.08967347867793804,-0.034795430857123492,-0.045788035079882342,-0.019904991250966422,-0.0058386183656782276,0.46677989926813207,0.6452044308688295,0.10199279490831772,0.17133224147105228,-0.037725311198403541,0,-0.21263988529571681,-2.1955438159455407,0.24185140654937567,0.68611465375718506,29.41882182254885
2021-04-15 23:00:00,103.35325160309769,110.86376075677909,0.31566023240131902,-13.645659717498024,-0.078860636958511005,-0.028243525902732259,-0.055160149643228698,-0.057661867146281229,-0.0058386183656782276,0.44907050439088381,0.62519495723804097,0.099447903250914724,0.20908989387986407,0.10766415897025522,0,-1.5199309707588411,-4.4853403867081916,0.18352981322885126,-1.4407909914472956,26.838338554750116
2021-04-16 00:00:00,103.35325160309769,53.382044930502637,0.028763276087501108,-42.580329954058357,-2.6005594091543536,-0.037624624209313957,-0.058244911107122446,-0.038325743217287919,-0.0027575896242323459,0.020126310507150049,-5.9528656832597751,0.01974931763006987,0.26148431663895955,0.098249136750866148,0,-1.5746688962225399,-5.606597127772643,-0.35079278783793288,-1.3560273280857904,9.7592150243398219
2021-04-16 01:00:00,103.35325160309769,97.161850135623851,0.46378951250277983,-8.2070935756000729,-1.5657526529945982,-0.037823272018338343,-0.10491736689302956,-0.038061932582011265,-0.0040918453976948746,-0.036378578732198602,-4.2125394364844659,-0.084274114145352255,0.35625925010792658,0.1686273284468103,0,-0.67988379134870036,-4.0945031612101959,-0.32347461530563854,-1.6422068575509623,13.850923641731884
2021-04-16 02:00:00,103.35325160309769,107.61875932923907,0.54182176011723859,-9.5851769951670338,-0.66045399754390921,-0.024900381365193649,-0.049811988726812653,-0.038325743217287919,-0.0036639961637647475,0.026286383594937839,-4.2738730707202439,0.14278120629398097,0.13146065130603884,0.064424544960119387,0,-1.0090015682800646,-4.5324843712947649,0.9508124310533741,-1.6866407909888486,24.272253652283702
2021-04-16 03:00:00,103.35325160309769,105.07829474483228,0.61264018922995445,-9.7415963993490244,-1.0463520295377799,-0.03088201176893832,-0.049210095617634536,-0.038325743217287919,-0.0036639961637647475,0.028313764467571396,-4.1271807711698374,0.16419422650379428,0.081732722011058065,0.064429606229257266,0,-1.2913895057327487,-4.3125787807859126,-0.26336032648818131,-2.0725344304497852,23.750806723573888
2021-04-16 04:00:00,103.35325160309769,106.06281505918523,1.6205717596552431,-10.476719601790832,-0.97624636846638857,-0.028805477103130823,-0.048348677721987116,-0.038325743217287919,-0.0036639961637647475,0.034429703098959666,-3.9013924471484831,0.16816363274999349,-0.22172603380021694,0.15064024739400311,0,-0.7693131781071697,-4.3388664457881045,-0.27619227264659185,-1.9031605719023781,23.718518927045686
2021-04-16 05:00:00,103.35325160309769,96.50025285756233,-1.2417694930687457,-8.6566920633181539,-0.97439771765608962,0.05960609340749088,-0.025995810736395758,-0.042325940503216523,-0.0073708530442397951,0.00091904333517842378,-5.3908252491434858,0.052030335095159017,-0.36983901049560197,0.019768484862341007,0,-0.489015044685084,-6.1652628113137906,0.030033820909224927,-1.3546234697772037,17.702760940597273
2021-04-16 06:00:00,103.35325160309769,109.73866883137008,-2.9516337355680706,-7.9280465396697943,-0.36416781978362683,0.090715477607913597,-0.089368789871804438,-0.1062646196560682,-0.014281329829331562,0.062531411530818287,-4.928029198074074,0.22594811164877113,-0.33927273468171404,0.14185957685047718,0,-0.072187818421419123,-5.6992645699153019,1.8721927393665947,-1.2355948480071945,27.720281914746234
2021-04-16 07:00:00,103.35325160309769,106.36594793465233,-3.2340245044131786,9.5660272520327556,0.052171026175100006,0.08643023848725577,-0.098631036091569771,-0.53859858765656987,-0.0064644465047073944,-0.042911350584545385,-7.458696404480408,0.25709064625120837,-0.44182231516233156,-0.089342095573780853,0,-3.100179874007627,-10.471890921495264,2.2043153683778987,-1.2600803270072385,17.589303663207669
2021-04-16 08:00:00,103.35325160309769,167.87209557508501,6.3885878203890467,25.275044260701232,0.85099903143196232,-0.16525541791097703,-0.1699567165697696,-0.11766608924532414,-0.0067617801394895469,0.35010429163323575,-4.6325321804217845,0.15622474760144894,-0.44898577919589777,-1.421942151329542,0,0.30099521751606984,-1.3923590273706821,-0.92936251788512281,-1.865032812031294,42.346743074814334
2021-04-16 09:00:00,103.35325160309769,173.10974785967107,0.86519399044681256,20.558647814584827,-0.7312868038224043,-0.10269915738538926,-0.13267703008862863,-0.10180613962157903,-0.0067617801394895469,0.064430223728274547,-3.7595622684306593,0.039262580563378287,-0.0047861448343137266,-0.47489247216704106,0,-0.93589814313463338,1.5989067156975361,1.0649348203820832,-0.61214307139300761,52.427633122187807
2021-04-16 10:00:00,103.35325160309769,175.66948043195535,1.0767810414518932,20.736860843561928,-0.72827909410115999,-0.10164226115399737,-0.056819707729001079,-0.08956416161979211,-0.0067617801394895469,0.068054614692844989,-3.4645349648000248,0.039824777036649411,-0.019847471237067402,-0.054314467682014374,0,-0.30881470351660917,1.2988531518637501,1.2150090857961804,0.89469437684322872,51.816729549590434
2021-04-16 11:00:00,103.35325160309769,169.40306103071197,1.0717790991364731,19.695423018239726,-0.73318258261697855,-0.13458542407188431,-0.056819707729001079,-0.08956416161979211,-0.0067617801394895469,0.092301721563141009,-3.4526257124868849,0.038634197927325864,-0.019847471237067402,-0.35278845096427475,0,-2.1341915220095213,-1.0579951133984866,2.3297641345585092,0.29879515327718387,50.561474029185341
2021-04-16 12:00:00,103.35325160309769,120.30424886606316,-0.24139828042601888,-19.030013653671464,-0.71201967784944409,-0.07168060587867793,-0.056029563735470828,-0.10607954640721738,-0.0067617801394895469,0.011178028402054304,-3.2732684271307675,0.02730555572672614,-0.047806073151887958,-0.023451980971777416,0,-1.0129111360579945,-0.81344450229164689,-0.73554138640702149,0.34066897703312377,42.70225131592246
2021-04-16 13:00:00,103.35325160309769,170.96267379667597,1.9864934528695462,24.716922236993739,-0.67825935578406749,-0.12095368566162461,-0.063892304837054409,-0.11065982024424981,-0.0067617801394895469,0.33692028884252456,-3.2102794648875412,0.10841828478993137,-0.030054487816928287,0.18966449570328581,0,0.48449336156860012,-1.6166178955798123,0.513131825085127,0.76356269851627967,44.347294344159991
2021-04-16 14:00:00,103.35325160309769,171.74247660822036,-0.60115793455471978,20.413881311828895,-0.71908636208633647,-0.12319261274778458,-0.14908257370332773,-0.10276522473583476,-0.0059408816499992101,0.028719983403068829,-3.5609937007854668,0.03066115287906139,-0.0050422713640718621,-0.10464938994436512,0,1.3865857858301682,2.0660925746348147,-0.90247109998555042,-0.5065041876110129,51.244170435715183
2021-04-16 15:00:00,103.35325160309769,167.96684607922441,-1.0615870272885153,19.090938402903721,-0.71146760454953684,-0.088806887280864388,-0.057038842460137448,-0.092126504855406383,-0.0067617801394895469,0.086086913448459257,-3.5892015983301504,0.039856913212356709,0.0037531585658925407,-0.37523147103625215,0,-1.6203944637726639,-0.57372595381033109,1.9071096295085741,1.0111443389788721,50.651047253032189
2021-04-16 16:00:00,103.35325160309769,165.97796084373041,-1.2232349050104752,19.006943230880044,-0.71978623976170164,-0.092568661709052383,-0.057038842460137448,-0.092126504855406383,-0.0067617801394895469,0.026220300341216345,-3.4691931829885614,0.041198941953923394,0.034062970171536408,-0.034799495690373605,0,-1.64419921046312,1.8301493925005616,-1.1279146133040938,0.40204309929247545,49.751714741875396
2021-04-16 17:00:00,103.35325160309769,152.6088541419148,-0.48533478361862209,10.502280557778684,-0.70720050090590836,-0.10567249753214178,-0.097738439715642833,-0.17592979865013836,-0.0067617801394895469,0.11979314327279419,-3.6698761373652329,0.086805741274793291,0.024077912614923477,-0.30337365380877684,0,-1.2203559316675328,-1.2745205372691948,-1.5344718985553527,2.1848064542374224,45.919074688866544
2021-04-16 18:00:00,103.35325160309769,142.41408274847669,-1.403578184880016,8.800783351527004,-0.98057201039547215,-0.11264577508488149,-0.098576191330220622,-0.17706452625730307,-0.010552538180346136,0.16556423291489006,-3.3217422299729358,0.064490984737273757,0.036921792255604415,-0.39501695054456143,0,0.21233824453793546,-3.4082509176065647,-2.5768373446561159,-0.42064844868445994,42.68621765699919
2021-04-16 19:00:00,103.35325160309769,139.49209695043393,-0.18201412677356707,-4.0979593690578646,-0.9854816825628282,-0.10136212194531105,-0.19611587752574536,-0.1143924377082883,-0.010552538180346136,0.18775679139009782,-3.3997314827365561,0.082600955034974888,0.027191919988391967,-0.27002917969155293,0,-0.13767489527576526,-3.2028415858945953,0.20194693781399431,-0.51586624205346399,48.853370282514682
2021-04-16 20:00:00,103.35325160309769,116.28746976377842,-0.36380976631701273,-13.143791819056114,-0.98615998640932356,-0.031323049578478916,-0.061462070215606929,-0.083990620125302784,-0.010552538180346136,0.033669485762449346,-4.3980453598297151,0.082897442140185448,0.020620353407610564,-0.30736595331137839,0,0.7868616930977641,-0.52216103323051821,-0.72054748189272511,0.13919107859276747,32.500187785826427
2021-04-16 21:00:00,103.35325160309769,114.91953818968472,-0.35816505548758537,-13.877922101076667,-0.97816984814696994,-0.031588353617096949,-0.051616356549684425,-0.08983727172986776,-0.0062656520600759269,0.034428110294203985,-4.3796525696375133,0.080145337734648672,0.0050256559916811855,0.02376836857846339,0,0.3771865768281496,-0.92210118609360359,-0.73408701543830135,0.82087372005504666,31.654264226942175
2021-04-16 22:00:00,103.35325160309769,107.79439192771514,-0.56603614382653067,-16.462616971080195,-0.98914853690371263,-0.034982818393577114,-0.062099264468700968,-0.069517961383449442,-0.0044419446332914329,0.039184217058179593,-4.6604605570906328,0.082675546758513185,0.064025210460034621,0.048386544397977418,0,-0.97093084996795864,-2.4446268985975905,0.012136171220427341,0.55615339869577363,29.903441182372134
2021-04-16 23:00:00,103.35325160309769,103.53319450894013,0.42625001206465785,-13.856155795337857,-0.98660234160834925,-0.028056126455982631,-0.071711105321857149,-0.10727483727876433,-0.0044419446332914329,0.046502625353808245,-4.4216177912406991,0.078600113727571544,0.094598532421732731,0.018858850628021985,0,-2.0443717447151273,-4.6838585779044735,-0.13946591062463043,-1.5643932888219294,27.423082235589678
2021-04-17 00:00:00,103.35325160309769,66.6471659857296,0.03672896839276521,-41.650957227416562,-1.58206249454487,0.27333538920707634,-0.055832285008114019,-0.03779549633989826,-0.0032848150600082397,0.0086146771518196032,1.3044012047648115,-0.55345678840886514,0.6887715857350174,0.15716613757792317,0,-1.0323466574871785,-5.3771545936232599,-0.090830708614721895,-1.1261911020086892,12.334808588314715
2021-04-17 01:00:00,103.35325160309769,106.21721201255798,0.56005922476169379,-7.7133486142103331,-0.35066252243935886,0.27285087039622802,-0.094437358621107748,-0.03714236871683349,-0.0050606698961515395,-0.039341095530771517,1.0168910558926156,-0.33601455679445952,0.86935478620263595,0.093091387270798159,0,-1.0469451016568352,-3.8468788857795371,-0.20940869212164759,-1.6938427276402039,15.424795678343514
2021-04-17 02:00:00,103.35325160309769,111.62836367385052,0.57062388654657392,-17.985463728703188,-0.14479639672031494,0.062910204655137109,-0.059782908990120044,-0.10308086550993904,-0.0058386183656782276,0.028348777790728003,0.64900052586203705,-2.0026323636382566,0.25198094114589215,0.0026838036070022954,0,-1.1798903030035353,-2.1559528798748313,1.0990803144124432,-1.5535908405239409,30.801512522062875
2021-04-17 03:00:00,103.35325160309769,110.16396058625745,0.71862639211517532,-15.643504576061972,-0.17999487969455119,0.14176743893582586,-0.062719685369244368,-0.091765044509376878,-0.0058386183656782276,0.034926868178866276,0.62363502345791044,-1.8362355876984719,0.23648547941183906,-0.072865522709614966,0,-1.3021170492338228,-4.484455023161269,-0.51721220959129266,0.17972592800484868,29.072250049450574
2021-04-17 04:00:00,103.35325160309769,102.21701677749378,1.6453900704354183,-11.173415133942299,-0.1477808605522081,0.12923623072996698,-0.13546021290705634,-0.51817732140794515,-0.0050606698961515395,-0.062776888605692444,0.64767606122473698,-1.8661469425802646,-0.067354465683104867,-0.085393039216181979,0,-3.12832445927345,-4.7471845588504591,-0.63155360800665061,-2.2168770115542697,21.226967984481767
2021-04-17 05:00:00,103.35325160309769,99.726771009674053,-1.7582606402445851,-12.972819378361654,0.088647644930269026,-0.50109947871289573,-0.11221503159711295,-0.53349333969443591,-0.0087675267766265871,-0.081753340342460346,0.69867807804423243,-2.1184418679265073,-0.20585113256637361,0.072579532862475135,0,-3.1724502187925303,-1.9291236813300645,-0.82787147219361346,-0.6345431158068211,20.370304375085162
2021-04-17 06:00:00,103.35325160309769,107.51437319381945,-5.190353916809701,-4.5198452749379285,0.10001498333977096,-0.24758168539799727,-0.036135485281092755,-0.034835772544153251,-0.012939361885887327,0.059175264948565093,0.55358118525136613,-1.9777018323228823,-0.20582593121793308,0.12367093344849631,0,-0.17009255457399397,-6.1348878930275914,-0.083384435679665067,-0.82537578508576992,22.763639152498239
2021-04-17 07:00:00,103.35325160309769,121.32635541749896,-1.8174479527533969,12.976774673971834,0.17050709483430077,-0.7762967735362778,-0.095713670395648834,-0.53728699252212941,-0.0069916719404832864,-0.061857778343917445,0.90637016382084101,-3.70944506940647,-0.518613911913956,-0.82395758396849661,0,-2.892422113464864,-0.99444486891084916,-0.78924313204537921,-1.5748379160447135,18.51801131702101
2021-04-17 08:00:00,103.35325160309769,34.701180792784427,9.5972653169058333,10.308717996809474,1.410579015194807,0.2651483707923693,-0.10018810946520275,-0.042163455435138358,-0.0032848150600082388,0.019512350632109571,1.1064615646619689,-0.64253480687553466,-1.1959689585071467,-1.4253411465796035,0,-0.99587292841232067,-5.273199347650487,-1.2350214694056296,-1.8545672952544288,-78.591613092664502
2021-04-17 09:00:00,103.35325160309769,21.246408553272225,-0.34430240823008135,9.0037126641800587,-0.15414339921032486,0.26758295796137593,-0.11693655010448985,-0.043190919741474154,-0.0037126642939383659,-0.021710867179702047,0.74886380326450164,-0.64931105450250282,0.20782870625681893,0.26175124278854939,0,-0.736194233796443,-4.3019306693658059,0.7630922095063567,-1.9209381424172867,-85.067303724940984
2021-04-17 10:00:00,103.35325160309769,22.678005852670651,-0.47097409066135693,8.9621035759140213,-0.05871711444668988,0.2487183183934504,-0.11333097725391356,-0.043190919741474154,-0.0037126642939383659,-0.018459077957617746,0.44271208232784376,-0.65971097182192728,0.10542336257870663,0.26507122971986724,0,-0.42240267618203042,-3.0294093041910837,0.59964421304351667,-1.9012071676709132,-84.577803568183512
2021-04-17 11:00:00,103.35325160309769,24.775611240003769,-0.400740279761225,9.0791335573852372,-0.095250261879175221,0.22972167617947195,-0.10725113208391975,-0.043190919741474154,-0.0031886202872395213,-0.012252798685252777,0.43706680614603288,-0.64952406927540918,0.16168769112827744,0.26796605019857883,0,-0.11523941987567715,-3.0658167019778397,0.23192989715210241,-0.23825936740303302,-84.254432470313446
2021-04-17 12:00:00,103.35325160309769,26.785819435615377,-1.6472870134157789,-4.0986096482480194,-0.10494685973483227,0.12789719431819654,-0.096448184237546822,-0.043190919741474154,-0.0031886202872395213,-0.052098766362953443,0.92886220670845177,-0.58447879270880998,0.12571768386211674,0.21744824504117266,0,-0.86219688978098041,-3.2352632613060179,0.87262027814103216,1.3806017195679716,-69.492870539297613
2021-04-17 13:00:00,103.35325160309769,23.928522437319003,-0.74154666930928004,9.144434764952889,0.00092631943752021135,0.2464116689658124,-0.11457947885312945,-0.043565439217886234,-0.0037126642939383659,-0.019730325171456967,0.44563544271549016,-0.65971097182192728,0.055786217978015681,0.26716612831547509,0,0.34418904614278023,-2.9144799076087153,0.6113663767478954,-1.5534014566417631,-84.489918218116514
2021-04-17 14:00:00,103.35325160309769,24.907926234713674,-1.6843312050536237,8.7314083304550039,-0.075733528755603657,0.24895359414510207,-0.10751433405916544,-0.043565439217886234,-0.0031886202872395213,-0.019550446358558619,0.43218875496120612,-0.65161964662827354,0.16725565883611529,0.17461074281464278,0,-0.14928059724897208,-3.4034205232988768,0.36007019473990304,-0.1962790185614903,-82.22532928486639
2021-04-17 15:00:00,103.35325160309769,36.513312142138354,-2.6239523371525029,9.7691806848185969,-0.066112032521582445,0.17054558706059522,-0.090075393088784372,-0.045958877593424499,-0.0031886202872395213,-0.0021406247154950129,1.1974241543902915,-0.61968126797379797,0.1519935885065673,0.17345936550528401,0,1.332257894259069,-2.4980282071648623,0.86455787982467847,1.1766399147813669,-75.726861169608085
2021-04-17 16:00:00,103.35325160309769,22.516396296680913,-2.3140327426703573,8.6344486577761597,-0.15245742449610461,0.22587950637139612,-0.11818505170370575,-0.045958877593424499,-0.0037126642939383659,-0.030417709539080125,0.79601587919126127,-0.67535780220278896,0.17253417729051596,0.16730770598078726,0,0.58311965198924487,-4.4669040739197099,0.75910622305379383,-1.559544008603625,-82.808696753047229
2021-04-17 17:00:00,103.35325160309769,23.49680815812491,-2.2798400324309465,5.2292648593171389,0.18875600847950194,0.2070148668034707,-0.11553996541523082,-0.045958877593424499,-0.0037126642939383659,-0.050539017824691064,0.4207054695225092,-0.67607358057916833,-0.029868133673591077,0.17272259150771294,0,0.0041317948802682943,-3.0215487637577318,0.70030978490601425,-1.8068667280525526,-78.749401056768107
2021-04-17 18:00:00,103.35325160309769,24.974387507802632,-0.71573247775061466,4.247655983690672,-0.053743684375827321,0.18772032285900511,-0.11377654526396699,-0.045958877593424499,-0.0049644751233828208,-0.048170814249372397,0.36359294743402065,-0.60263247192047464,0.28147741791619574,0.10571348222186379,0,-0.03082236039920204,-3.0799685625192312,0.24650800985357776,-0.38961012199951411,-78.726151868075462
2021-04-17 19:00:00,103.35325160309769,22.353485137568764,-0.57026752082112342,-4.183010163664564,-0.09572383315496992,0.2065849624269305,-0.11933375926397842,-0.043689655948629877,-0.0049644751233828208,-0.05340968975244699,0.60953007663890946,-0.55597088389237725,0.54986081024035227,0.11688043386088741,0,-0.75294841545847391,-3.1777366763850883,0.29357457250469698,-0.53780065414808098,-72.681341593587561
2021-04-17 20:00:00,103.35325160309769,23.052254452634042,-0.89196386427014362,-6.8868711411407277,-0.2331726818730763,0.040214285506452348,-0.1148966503942434,-0.040478890878258733,-0.0054885191300816675,-0.072997283634696847,0.40807660441035531,-0.52097903830246262,0.27101709811383606,0.09861476101064133,0,-0.50473622347761915,-1.6944660082831062,0.58910443119957767,-1.5623382739944283,-69.179635755325748
2021-04-17 21:00:00,103.35325160309769,24.893809231107017,-0.84256690021739955,-7.7260378658883573,-0.086971385776433041,0.021217643292474022,-0.11106007019609546,-0.040478890878258733,-0.0049644751233828208,-0.069100643809225967,0.36812980574592441,-0.51727094554167807,0.21057736037532895,0.10009311680322808,0,-0.098224229092777365,-1.7089106958751352,0.48262869629059824,0.26560471824119147,-68.70210761034069
2021-04-17 22:00:00,103.35325160309769,24.650922307356144,-0.90584424041298983,-7.5622858745821997,-0.08477952282644885,0.065895551039536149,-0.1168875286558414,-0.038085452502720468,-0.0049644751233828208,-0.075085086647945373,0.71069228294650955,-0.44949435771176288,0.66723528993886416,0.097261287830786858,0,-0.6549786071353475,-2.5314700483688952,0.60718105082560347,-0.20396216281590107,-68.222757401539383
2021-04-17 23:00:00,103.35325160309769,25.509228408217169,-0.6117332961479407,-6.7464956143597092,-0.013228012239553623,0.059718026876990953,-0.11165451741500988,-0.038085452502720468,-0.0054885191300816675,-0.067821729041938714,0.48982313961850832,-0.39795310553086449,0.69886984348976233,0.13018555968304477,0,-0.058088226262741842,-1.3291742402227271,0.56318104705171335,-1.5266470011351236,-68.879431097612141
2021-04-18 00:00:00,103.35325160309769,41.180632173694981,-0.61601681781924111,-10.997850664501241,-0.44236683948353694,0.080280939474104196,-0.12521862634853773,-0.036713308130111894,-0.0026550509192120853,-0.080878919375911504,0.31706465314706722,-0.080223892072729522,-3.9325390302379666,0.1238087862763234,0,-0.042565241935581928,-0.59578322213618207,1.6250403785088274,0.29610141787223676,-47.662103991721033
2021-04-18 01:00:00,103.35325160309769,18.85232986182001,-0.7555419027137884,-7.8682126126536343,-0.23507863846626215,0.080280939474104196,-0.11907337159156377,-0.036713308130111894,-0.0036857907583117346,-0.073474801278230417,0.11895502666864745,-0.080223892072729522,-2.5934874449517844,0.12362042652745489,0,-0.099605685988703507,-1.2977360008898129,0.043410420024071257,-0.23379164047578821,-71.470563464001302
2021-04-18 02:00:00,103.35325160309769,19.458171734571568,-0.61661855880966687,-7.6431594861645511,-0.0058964753311121394,0.080280939474104196,-0.11976300132583478,-0.036713308130111894,-0.0036857907583117346,-0.074307309289058043,0.076661247206636765,-0.097033565048769324,-1.6799516652539863,0.13490025409379344,0,0.32870936186015776,-2.1980324084314047,-0.88945729185718292,-0.44098980454931919,-70.710023006211543
2021-04-18 03:00:00,103.35325160309769,22.114459001847859,-0.35294069783242149,-7.1895176402424923,-0.12427776469395065,0.11675021921697956,-0.11748098800784881,-0.036713308130111894,-0.0042098347650105792,-0.071878940384211651,0.21698468047671565,-0.0093129132998175813,-0.74761456115300051,0.13279211584258982,0,-0.21548591973893266,-1.2457670646844194,-0.066697657136715868,-0.39165175321230489,-71.13177057350488
2021-04-18 04:00:00,103.35325160309769,28.564212980998395,2.9305012893132933,-8.3563318255857837,1.1398559748937223,0.063419401634192324,-0.11527646215353103,-0.036713308130111894,-0.0036857907583117346,-0.067823504245782137,0.22526080401854956,0.011039867074284861,1.3486515518346156,0.17579103951865929,0,0.27210650072332765,-1.2188603870575172,-0.4224643959313249,0.33267853425993943,-71.067187911507617
2021-04-18 05:00:00,103.35325160309769,47.65156664735489,4.9153829261187365,-10.542961186240454,1.7870416475427975,-0.70069223678795556,-0.062935230717952609,-0.040713505416040498,-0.0068384453309748225,-0.046223925250376621,0.79902607667196601,0.014572683803296748,1.586434453977098,0.15214024073904228,0,1.354154353424035,-0.96648144682247739,-0.38300849885535809,-1.6847279539585378,-51.875854908639667
2021-04-18 06:00:00,103.35325160309769,33.632686661770059,3.8344989388634403,-6.5782866011155763,1.8306811679024022,-0.0063410372199355323,-0.10280809482716798,-0.043748668942023873,-0.011660677520816237,-0.067980854729174617,0.48427073079197341,0.025514313057655461,2.2758800566400188,0.16587475688902745,0,-0.41279563090517729,-1.911014669996892,0.9881985206543088,-0.023603807639404728,-70.167243383230556
2021-04-18 07:00:00,103.35325160309769,43.135849962690116,5.6039861173686658,8.6655572298941959,2.25259621445222,-0.92396802378012033,-0.070676268473850931,-0.045269103134248465,-0.0059831390934992016,-0.047538073251608901,0.91214691181146423,0.030452154735518655,3.1662738069261067,0.51291379261767145,0,0.20414368127144999,-3.0702378501660585,0.079308236189037346,-0.71720046301628326,-76.763906864758397
2021-04-18 08:00:00,103.35325160309769,62.547737917724525,17.587830978422215,13.710773285263004,3.1340423805166102,0.49414692555827128,-0.092461964659482199,-0.045269103134248465,-0.0026550509192120857,0.012258311681428772,1.0826297075708202,0.025951496478494027,3.6446222073305754,1.78483547913559,0,0.25849849905351813,-2.9673943532961364,0.033051874530094824,1.7627993824963764,-81.229173741401226
2021-04-18 09:00:00,103.35325160309769,24.532524546439078,-0.57363035735458012,9.8095731615406212,0.083784566250872286,0.26974147803999332,-0.11171500723635908,-0.04335620873044696,-0.0026983877946629908,-0.012961382502212418,0.33961919512084232,0.0018875221347926989,-0.033779729531019202,0.27258722284918696,0,0.4366822460794883,-2.7894900293358811,-0.48020023777255599,0.28236884591362932,-86.26913995433037
2021-04-18 10:00:00,103.35325160309769,23.229641289189512,-0.82042820283566775,9.8359012451477863,0.099052808361753369,0.26974147803999332,-0.11725166586318035,-0.04335620873044696,-0.0026983877946629908,-0.018575216085532066,0.28254706864727158,-0.0018240761294286546,-0.074576516546344479,0.27258722284918696,0,0.33829108410102721,-3.0485172003731669,-0.18384821607455293,-0.49008609367659373,-86.420569436945726
2021-04-18 11:00:00,103.35325160309769,24.710080867691861,-1.132612102290329,10.392221387589043,0.11790341319409861,0.26974147803999332,-0.11171500723635908,-0.04335620873044696,-0.0026550509192120857,-0.013195890485668056,0.3710564167496434,-0.0025746716294242559,-0.040515991983961067,0.27426358749811924,0,0.30370082982941954,-2.9554862296756839,-1.6721697865737424,0.66538507615935116,-85.063161984940848
2021-04-18 12:00:00,103.35325160309769,24.536996888566012,-1.4095669743915791,-3.8643306843111698,0.13367908675081316,0.14905235661079227,-0.10866836261940832,-0.04335620873044696,-0.0026983877946629908,-0.060776447959010202,0.29473485650437808,-0.0029979051859616752,0.26467515277498754,0.22582353962721988,0,0.3066125822886695,-0.96231974322444325,-0.1005711707491132,0.069636299881157007,-73.705182704004002
2021-04-18 13:00:00,103.35325160309769,23.23869936771403,-1.0045237215718785,9.9054540284149368,0.10302993002098706,0.26743482861235529,-0.11850016746239625,-0.04373072820685904,-0.0026983877946629908,-0.019846463299371286,0.27948942399893451,-0.0018240761294286546,-0.075140581042716481,0.27258722284918696,0,0.3363425389243167,-3.0539928875160043,-0.056305011989646526,-0.51085361633743953,-86.391474566854129
2021-04-18 14:00:00,103.35325160309769,24.324808049246229,-2.1669744427517021,9.9728064704428885,0.13563252582596022,0.2889733960056235,-0.11197820921160477,-0.04373072820685904,-0.0026983877946629908,-0.020259030175518257,0.29811249198560547,-0.0023873574526319242,0.10636708524028074,0.17934139321814863,0,0.38375237003422219,-3.31381919689886,-1.2430415627858151,0.80050683516072851,-84.289047206487396
2021-04-18 15:00:00,103.35325160309769,23.185561863968118,-2.4969907386118235,10.211089541975392,0.16851420707489254,0.21056538892111651,-0.11740361923918174,-0.046124166582397305,-0.0026983877946629908,-0.025836810854559782,0.29815303071385307,-0.01919703042867173,-0.14992035032606135,0.17922891281416939,0,0.14575254123194842,-3.7860256463960251,-1.5744963512748169,0.58382527356737957,-83.746125533920221
2021-04-18 16:00:00,103.35325160309769,21.019106872071188,-2.9361956875257036,9.2320274063249954,-0.050151438182118049,0.24703466866399199,-0.11850016746239625,-0.046124166582397305,-0.0032224318013618358,-0.026876069639414617,0.31995271498100908,0.0029855649159355783,-0.4786692910807423,0.17826742359247094,0,-0.13845474644246103,-3.5901198191176031,0.38132491158747761,-0.67026621766493844,-84.63715738559344
2021-04-18 17:00:00,103.35325160309769,23.626318262174539,-2.2716907861511655,6.6182857622079307,0.12727651310727692,0.21056538892111651,-0.11589925681998194,-0.046124166582397305,-0.0026983877946629908,-0.046798145938359376,0.35386011843348281,0.0012413459712297046,-0.0094157209109402718,0.17934139321814863,0,0.29592837219000967,-3.1227020309286773,-1.2033258214673439,0.56434225431469376,-81.259120172693599
2021-04-18 18:00:00,103.35325160309769,19.453926756751017,-1.4744721602198503,4.4173172798743607,0.25990260685678179,0.22619345865559651,-0.12329776059116858,-0.046124166582397305,-0.0036857907583117346,-0.055699145089480928,0.11682391416160677,-0.0077310688555906702,-1.5445656778964023,0.1181478609933302,0,0.17152612871248418,-3.8760699084925792,-1.3439541362353415,-0.34691137872293992,-80.386724902156942
2021-04-18 19:00:00,103.35325160309769,22.198134850050558,-2.0153908584268709,-3.7452943693685743,-0.13371983052173847,0.26266273839847193,-0.12143374776810723,-0.042516429508045614,-0.0042098347650105792,-0.053743866441229797,0.29349150997303614,-0.005412313311238124,-0.89340234250329431,0.12419818408021153,0,-0.1235973820058737,-1.8480444831665566,0.9987193630356419,-0.28746009574417264,-73.559962995003985
2021-04-18 20:00:00,103.35325160309769,22.526876012666154,-1.4482596687111029,-7.0837848295674322,-0.060438241470667224,0.059690779089065595,-0.11504357186216858,-0.03930566443767447,-0.0036857907583117346,-0.071590007012708068,0.17858453902586477,-0.012405600871572876,-0.69393940446158231,0.10255138957350832,0,0.26848028471235796,-1.3320399349962428,-0.31600926980492033,0.066215969107417422,-70.325396567985436
2021-04-18 21:00:00,103.35325160309769,34.389654475895071,-1.8071871525633569,-8.0403507627089894,0.0059716270706325261,0.059690779089065595,-0.10949515877192685,-0.03930566443767447,-0.0035536940321386113,-0.066206774090004444,0.44976583434774209,-0.014799683023600595,-1.6209034863282623,0.10167566436408368,0,1.4698572786614146,-1.1545827612050634,-0.75134772423449248,-0.34296243894763018,-57.099863010392404
2021-04-18 22:00:00,103.35325160309769,21.483033396721531,-1.5618363653539771,-6.8910442837152726,-0.097961931727320845,0.12197332701107762,-0.11872948960706471,-0.036912226062136205,-0.0042098347650105792,-0.075360430808498996,0.20894337707323646,-0.01149200950524476,-0.9296856329348373,0.10164607474104788,0,0.028861981615589515,-1.1389967390951534,-0.40100208019908951,-0.59183917664859131,-70.472572766394961
2021-04-18 23:00:00,103.35325160309769,18.799348714904287,-0.94442937111072789,-8.3593805280325597,-0.15372259447380301,0.079194520459604262,-0.12820644063582057,-0.036912226062136205,-0.0036857907583117346,-0.082761484131386634,0.069311995099994472,-0.079887853632883005,-1.8196430762291691,0.13496015825060978,0,0.16447945353288163,-1.2833650480597585,-0.10162955174412845,-0.45527507282598084,-71.552949977839916
2021-04-19 00:00:00,103.35325160309769,51.312342024762835,0.014903336160725564,-7.3839889287706511,-0.94112596331584453,-0.021813730147139224,1.7851839168806771,-0.019629748999410963,-0.0031886202872395217,-0.011723481860293218,0.64832491589346319,-0.011432660185309191,1.1312122305500836,0.11216160951118201,0,0.16193557377863946,-1.3589167294731277,0.20491825436497427,0.26980268170552757,-46.617532234141159
2021-04-19 01:00:00,103.35325160309769,29.991149126934715,0.15662895640543734,-5.526157355367407,-0.091050533462782426,-0.021813730147139224,1.6651434341491833,-0.019629748999410963,-0.0054728235574304125,-0.0100176187916918,0.42630722084214245,-0.011432660185309191,0.87370674569012652,0.1112351509834511,0,0.18254738930712436,-1.5312660760400818,-0.034074623000105587,0.055631738213792858,-69.5823879422028
2021-04-19 02:00:00,103.35325160309769,27.422803348869234,0.074420052710700096,-6.7481630719094223,-0.013013655845096932,-0.021813730147139224,1.8079712765043841,-0.019629748999410963,-0.0054728235574304125,-0.012107414609174352,0.35729172087439343,-0.028242333161348998,0.54315122485637712,0.12223684600367467,0,0.18111230736594391,-1.5761598733410165,-0.51203351579417011,-0.1920494656519473,-69.887946049527727
2021-04-19 03:00:00,103.35325160309769,26.350145849389346,0.33640987977333064,-7.2860926147931036,-0.17155315521582631,-0.035383694702627727,1.8272213235030952,-0.019629748999410963,-0.0059968675641292601,-0.012541493163295279,0.30616550570557821,0.011684779175419645,0.26202140305100152,0.12012870775247093,0,-0.3211282081659918,-1.4805113592384713,0.29923632153446594,-0.32616847689660189,-70.506968055464156
2021-04-19 04:00:00,103.35325160309769,26.707637375875404,1.3763250397004676,-8.3660509498190496,0.070996276555559415,-0.01992018846458227,1.7801351826389546,-0.019629748999410963,-0.0054728235574304125,-0.0092918061073605871,0.30948526011805266,0.01684644126041147,-0.12856297871245431,0.16491639678327016,0,0.12018772880308715,-1.5316523896329126,-0.30760019138209238,0.27148830037529081,-70.367813776781958
2021-04-19 05:00:00,103.35325160309769,25.171501682970721,-0.17969491998374695,-9.5434510344884735,0.72118277006294529,-0.01745490362726991,1.4595092495231279,-0.02362994628533956,-0.0082492264222190342,-0.022023931400935493,0.62655889202778947,0.020379257989423357,-0.71625480794351026,0.12785030963010272,0,0.10458242213014061,-1.6556805072885754,-0.751103572257517,-1.1981031075251682,-67.126166864267674
2021-04-19 06:00:00,103.35325160309769,29.648349179073822,0.77797483808571888,-6.5194320342021017,0.67813656014718604,-0.25656885862949835,1.5925388284921678,-0.025326301834681177,-0.013447710319934919,-0.007944060506654041,0.6479991277088718,0.031393555468257742,-0.82053692907506526,0.14090478813319013,0,-0.50262525985651152,-2.1474315943198623,2.3726644233374738,0.32728401959527809,-69.980485816247821
2021-04-19 07:00:00,103.35325160309769,35.240590402064861,2.6066970209615783,7.7623259153053672,1.1334574916766422,0.0051111495462407702,0.93879693600802272,-0.025508220597348693,-0.0065694096248414408,-0.00088078647662931213,0.89319114161619462,0.036331397146120929,-1.0797531501889897,0.48889397876863488,0,-0.001424396885551999,-3.1467036499792118,-0.27200954443033853,-0.57587691010711761,-76.868740163771534
2021-04-19 08:00:00,103.35325160309769,145.51186394227665,11.347757887265328,18.061547198575717,1.6320771123668227,-0.47771706956359822,0.27941922506737343,-0.027719277345120048,-0.0031886202872395213,0.27618718587772484,0.94492619387903765,0.31360132395690993,-0.58893856396308331,2.2284778887040595,0,-0.17569556294516853,-10.248568977269956,0.39274269658945882,0.39636601235422642,17.807337685916426
2021-04-19 09:00:00,103.35325160309769,171.18043861336227,0.456688377210755,19.084908379935463,-0.067581361708530421,-0.14064310636396532,1.0881707963596339,-0.050114552045581788,-0.0089667334058711155,0.094700037102081872,0.661753140421945,0.071515685356314695,0.069886844272545906,-0.24183055006447446,0,-1.51960566202471,-0.49834038960267724,1.5647091495953247,-1.4958311818765495,48.757768137102971
2021-04-19 10:00:00,103.35325160309769,166.45807699301824,0.7278379999546537,18.303676603884686,-0.08937208978611122,-0.13771395542121576,0.77437002557055101,-0.052587428545712515,-0.0089667334058711155,0.13474095748844142,0.53174111832713278,0.047201574340487655,-0.0076136934448590285,-0.068205553508490127,0,-1.7633919115359005,-1.0270890682720242,-1.8778751843702923,0.137606915544841,47.480465813100224
2021-04-19 11:00:00,103.35325160309769,166.56983130706462,0.77377948097739002,18.371940752861946,-0.08937208978611122,-0.13857175200243038,0.77437002557055101,-0.052587428545712515,-0.0089667334058711155,0.1940333487422202,0.5293254762571673,0.051048382971702548,-0.0076136934448590285,-0.18215730529294238,0,-1.5082645121661735,-0.97419163769422012,-1.9527312457536607,0.05694991727501935,47.379588717402925
2021-04-19 12:00:00,103.35325160309769,123.87529237898507,-0.45464526688768342,-19.467538055900196,-0.068209185018576757,-0.072670805114429055,0.72063213030123774,-0.050167048493391923,-0.0089667334058711155,0.028114432175196189,0.50190375141111732,0.035110350957792032,-0.038143942172117147,-0.13171219190644032,0,-0.47554106972173354,-0.37623732922866354,-0.89394979046759437,0.24855204033804221,41.025509489020628
2021-04-19 13:00:00,103.35325160309769,174.67157435969617,2.0346810824304766,26.255757227288736,-0.035815586608794789,-0.11975336621265449,0.69218046704715763,-0.028699779934337425,-0.0089667334058711155,0.37274185987310615,0.63196295992189144,0.16741088541212187,-0.016849578379101574,-0.41111868120629852,0,0.44921255471638721,-1.4093070237860867,1.3052944318217539,0.38902296074948356,41.05056907687068
2021-04-19 14:00:00,103.35325160309769,164.81583242144146,-1.8343059598467006,17.648969928019337,-0.0664281753958713,-0.13980051075042441,1.2599547386033052,-0.039218838301044244,-0.0089667334058711155,0.21524898907744228,0.5337120277302343,0.15400444080925751,0.034971379829626323,-0.0327279528117395,0,-1.422831290895183,-1.2812936521324323,-0.046376329602493223,0.30349032736054771,46.184178430055873
2021-04-19 15:00:00,103.35325160309769,161.7871406794635,-1.8093791224644342,17.15687425372472,-0.066104650317245495,-0.10233371542805028,0.71803756986724365,-0.071191985155290627,-0.0089667334058711155,0.1180881170580346,0.52856526060005171,0.046298866876954094,0.020766816377842275,0.48629789049325001,0,-1.8301147108192,-0.96050850150109013,-2.2717743979253209,-0.42370666417207797,46.903040782556147
2021-04-19 16:00:00,103.35325160309769,162.70491780505296,-1.8926532909959892,17.670073627323152,-0.074423285529410396,-0.10406372744680981,0.77861967410651678,-0.061562514382605266,-0.0089667334058711155,0.17738050831181337,0.53194833803424757,0.058957765046852795,0.047679938635155204,-0.04434055810316221,0,-1.698574531611948,-0.98395270801144386,-1.8430357109061122,-0.01448440020716764,46.813063811097912
2021-04-19 17:00:00,103.35325160309769,151.03546797065431,-1.6732555906569453,9.758513449327948,-0.052794885239121937,-0.11012004679665166,0.90012556834830137,-0.095822820845488724,-0.0089667334058711155,0.19196289201532321,0.53033799646262814,0.098773524895987327,-0.0009288615997116664,-0.26118123784860825,0,-0.098501934262553742,-3.1744163049910461,-2.5699520574003643,0.98859447882767904,43.259848930725049
2021-04-19 18:00:00,103.35325160309769,155.9753283325671,-0.52993610513196887,8.5850318198161393,-0.082794073218509845,-0.093296733876905624,0.73239867586749896,-0.067987155317685011,-0.023966767374252886,0.19177365090059231,0.52237653985047527,0.048637420296680056,0.069582995517843638,-0.90142335329330547,0,0.72427439198532195,-0.51489059201247933,-2.1588855350380971,-0.96217414670699886,47.083355697204979
2021-04-19 19:00:00,103.35325160309769,147.14224064810344,-0.15913932580351661,-4.3181910271869262,-0.08452233218718283,-0.11183161684655539,1.2244181978821591,-0.072528448424757308,-0.023966767374252886,0.22461122183524607,0.49818473554803983,0.1050973797276441,0.075177135067466844,-0.84889171886845993,0,0.44861001040248921,-2.7139238893323534,1.1909532706088402,0.57355781429293162,47.781374405664927
2021-04-19 20:00:00,103.35325160309769,119.98469940017868,-0.60890210116112264,-14.444352408981194,-0.084923265517846014,-0.030295036794081232,0.75778021643967097,-0.029370821556160984,-0.0076623257924627181,0.049839475039566331,0.56756818079384208,0.098867940250127392,0.087232027057288525,-0.30242015036555037,0,1.3527737869060437,-0.20985390389820954,-1.2508341533128544,0.68426969030550089,30.001730647668321
2021-04-19 21:00:00,103.35325160309769,115.13448041793991,-0.58997354889182774,-12.813083957671513,-0.08435117580935951,-0.026881051817145216,1.9316258321246453,-0.1506636600430995,-0.0070522588065610996,0.038452005624415739,0.55807779120903267,0.10649679525840265,0.05415864168211048,0.11244161974032704,0,-0.96973463299200258,-4.6886615327235859,0.33544452256605156,0.39530138343454874,27.579632041957733
2021-04-19 22:00:00,103.35325160309769,109.99971535424956,-0.19423401292992704,-9.3687231656453225,-0.10720552095991107,-0.028342734321903318,2.2289096868871709,-0.15547605430232656,-0.0050606698961515395,0.017809606299537928,0.62937527797578285,0.10507972621559675,0.29059748465309676,0.08793155423026304,0,-1.6833738478884481,-4.9582557566074428,-0.24641337010031519,-2.1200570596595765,22.153902607201744
2021-04-19 23:00:00,103.35325160309769,112.03291267255744,0.27100607703366053,-17.686535019725909,-0.092656441777009019,-0.023876331015542634,0.75998695266540839,-0.041343992943374555,-0.0058386183656782276,0.064335407496743088,0.63223342265230043,0.09595420896725454,0.30195754237984695,-0.068074647368795774,0,-1.0846592440733356,-2.2556415157588554,-0.19469359163120764,-1.9543736280248531,29.961880488949063
2021-04-20 00:00:00,103.35325160309769,62.932877123626604,-0.23953348800072807,-45.480888214719059,-1.5888838371296248,-0.033101642314630954,-0.097656558495356427,0.61571105210477961,-0.0037126642939383668,-0.012866136268305997,1.2830449122559888,0.026400998086853009,0.61217726126771554,0.21452062302578467,0,-2.5060787293848383,-3.0964755068784986,-0.43013184859179537,-0.48122096230394246,10.798320262168611
2021-04-20 01:00:00,103.35325160309769,24.708641141705186,0.023012188287818452,-5.4411555546511448,-0.40681320738042615,-0.010571080495007037,-0.10546288629087401,0.017205080011550453,-0.0059968675641292601,-0.056441453447191557,0.45352583454137402,-0.086575313276494481,0.929491279900166,0.1341862455812112,0,-0.27789457607204554,-1.4418125911079434,-0.3691083438188994,-1.7723478813480462,-70.227851334262539
2021-04-20 02:00:00,103.35325160309769,24.621176443315175,0.095171965488878352,-6.7260359501050688,-0.031762690583751432,-0.018147863600909666,-0.11062008399142727,0.01571674830382512,-0.0052456589366284695,-0.065069660020173406,0.35690841432126075,-0.097164022211974718,0.56850348485715563,-0.21135609906491354,0,0.24316237544181427,-1.5862689108467345,-0.48522794372513506,-0.23991398810549852,-70.434725277003324
2021-04-20 03:00:00,103.35325160309769,24.032341525439911,0.37479725825504823,-7.2588360056015606,-0.20975317442477576,-0.031717828156398183,-0.11171508183698155,0.01571674830382512,-0.0055690183301991322,-0.066128984643113828,0.30578219915244553,-0.0094433704630229511,0.26420947070633327,0.128978986032806,0,-0.26208522550048102,-1.4564377874520509,0.46282527394298806,-0.41163630191473122,-71.04989723572794
2021-04-20 04:00:00,103.35325160309769,24.306612713195914,1.3400112902485009,-8.2301789623155415,0.013721916327481522,-0.016964497551852368,-0.10928877175890335,0.017205080011550453,-0.0054728235574304125,-0.060129033248804767,0.30079471753777032,0.011039867074284861,-0.12464432111633611,0.14815415660382689,0,0.18117725621323649,-1.4979186461809983,-0.28977640388093295,0.27607005696592235,-71.000439771273577
2021-04-20 05:00:00,103.35325160309769,23.301556513601753,0.17854118964891677,-9.5901173000666908,0.68787975200297635,0.020703304500785877,-0.051351494132516891,0.038189763951859045,-0.0067640866959469536,-0.068996010432453139,0.65568097921824842,0.014572683803296748,-0.70039413998289446,0.018881997757428045,0,0.083506199910859627,-1.64764065363846,-0.71824694056536675,-1.1662328198464582,-67.799907514929544
2021-04-20 06:00:00,103.35325160309769,27.39331573335981,1.0481752576462153,-6.7726209208518,0.70165423319249631,-0.21835973891711422,-0.059462375014852804,0.048104288326672372,-0.013447710319934919,-0.059358387114174731,0.68995378949467423,0.025514313057655461,-0.80866604676258513,0.16246976531844953,0,-0.53007330639552031,-2.1334567528414823,2.4114898103528657,0.26357405624757779,-70.715426145157195
2021-04-20 07:00:00,103.35325160309769,33.473643345248156,3.2356163216283904,7.6498283551180073,0.83267288870684586,0.12828523761818836,0.04413685468747898,0.048567818450498908,-0.0050842698985693602,-0.039800454455367125,0.89448090651087642,0.030452154735518655,-1.0632319794075933,-0.38287600356239737,0,0.016047512476900016,-3.1288607930304551,-0.26396758811405496,-0.75545432175383009,-77.120420897559995
2021-04-20 08:00:00,103.35325160309769,139.51343000206199,8.7976434049466405,17.737174180393563,1.3338109431397203,-0.47061255688501247,-0.035967081018080299,0.055477370787284375,-0.0029614556664375774,0.26062104009749432,0.85148987609591409,0.31100778469162549,-0.58460046613951,-1.070286260166543,0,-0.021679154420371452,-10.286068407966274,0.51538476731874072,0.19748713241994398,18.572257281335514
2021-04-20 09:00:00,103.35325160309769,171.16098615365874,0.62577984228683936,19.231898923315818,-0.071048004226238332,-0.13510240493709891,-0.13730423835564462,0.10240738074786147,-0.0089667334058711155,0.08800663415885257,0.66255099876124934,0.069464601303373952,0.071522457543609363,0.28405484033590223,0,-1.5280823014190825,-0.47796058890225218,1.1159331642348578,-1.5051241186253752,49.419704097744308
2021-04-20 10:00:00,103.35325160309769,165.3112820927596,0.60435522921833673,18.384500846943642,-0.095676069625014876,-0.13138521486765858,-0.045840290219191518,0.11002039268013343,-0.0089667334058711155,0.12785239046826199,0.53672455117470419,0.045020033124341517,-0.0073581730514135245,-0.87387210594174836,0,-1.7413268506594364,-1.0363141842569585,-1.7508515026582014,0.10096007740712316,47.740188093330893
2021-04-20 11:00:00,103.35325160309769,166.38256350358211,0.64964331062985425,18.456095090483341,-0.095676069625014876,-0.13224301144887321,-0.055702493234887102,0.11002039268013343,-0.0089667334058711155,0.18714478172204074,0.53430890910473872,0.04886684175555641,-0.0073581730514135245,-0.26198506682161865,0,-1.446624663431608,-0.98357459577817175,-1.7987926387713302,0.052929683079746465,47.78122633659784
2021-04-20 12:00:00,103.35325160309769,123.83901298523429,-0.54176675448188638,-19.376592779526394,-0.074513164857480371,-0.066946750292640786,-0.04621579702043839,0.10168370834556033,-0.0089667334058711155,0.021225865155016656,0.50688718425868817,0.032928809741645894,-0.037888421778671647,-0.13342677946470605,0,-0.41390122098716725,-0.38487326563347435,-0.81499941756788608,0.2445318061427694,41.478595093509533
2021-04-20 13:00:00,103.35325160309769,174.86973845169663,1.9038885515621573,26.313500970703721,-0.043672027849122427,-0.1125975035397018,-0.037648255709541223,0.083813119234815589,-0.0089667334058711155,0.36573702467210223,0.6386848817136902,0.16522934419597568,-0.015634916679872699,0.20252542288436309,0,0.5999872021623498,-1.4281486411212339,1.0101965285813508,0.42481373037266112,41.454778150821241
2021-04-20 14:00:00,103.35325160309769,162.88701334250121,-1.9513998949766538,17.693248147705138,-0.074284616636198855,-0.13385425841892085,-0.17358972361663239,0.050928655887471842,-0.0089667334058711155,0.20824415387643844,0.53869546057780571,0.1484546823741211,0.035226900223071796,-0.12288038343335241,0,-1.3788971691478922,-1.3151858211988041,-0.4784074149715381,0.29815595794641447,46.198273796619098
2021-04-20 15:00:00,103.35325160309769,161.48469216032836,-1.8788353955515451,17.263286257214791,-0.073961091557573105,-0.093486572783687133,-0.055921627966023457,0.16271472207838764,-0.0089667334058711155,0.11108328185703079,0.53354869344762312,0.044117325660807956,0.021022336771287776,-0.032263570700200486,0,-1.7249161188847166,-1.0071547328956643,-2.1120945463214573,-0.45923033448192607,47.442498664749337
2021-04-20 16:00:00,103.35325160309769,162.62105836697782,-1.9359495729698788,17.777107163748493,-0.082279726769738076,-0.094344369364901759,-0.055921627966023457,0.12709365733833433,-0.0089667334058711155,0.17037567311080953,0.53693177088181898,0.056776223830706657,0.047935459028600705,-0.10673439086843382,0,-1.6425087016890394,-0.99317782399637855,-1.678776516725226,-0.01972969660702165,47.169975976303832
2021-04-20 17:00:00,103.35325160309769,151.25531852257689,-1.7007735565336373,9.8967311521500978,-0.060651326479449583,-0.093882014301948438,-0.066070683707608782,0.29883212428415956,-0.0089667334058711155,0.18488991415517475,0.53532142931019955,0.09659198367984119,-0.00067334120626615893,-0.3235750706138798,0,-0.039876495705526122,-3.1840841281508858,-2.322752042918875,0.98544811668066257,43.705557592243011
2021-04-20 18:00:00,103.35325160309769,156.74392871588554,-0.56558166940058918,8.6781742491348375,-0.090650514458837483,-0.085396752176370716,-0.058781723634853358,0.16271472207838764,-0.023966767374252886,0.1846867454068529,0.52573200356918537,0.046455879080533918,0.069747775605552537,-0.30125141577749465,0,0.76459335904553039,-0.52427355009643117,-1.9929711184458654,-0.99418713213856513,47.595633022370194
2021-04-20 19:00:00,103.35325160309769,146.83213881312935,-0.17960605006778432,-4.3662021505493867,-0.092378773427510441,-0.097030058303528927,-0.15510598781645357,0.1811317161272995,-0.023966767374252886,0.21752431634150665,0.50215737912672775,0.099547621292507757,0.068461488618820288,0.029844991586424709,0,0.45577333273195286,-2.7440379429483137,1.0169053818220704,0.5666244657613595,47.999244247110269
2021-04-20 20:00:00,103.35325160309769,119.36556445550448,-0.65166196977028545,-14.592001773264082,-0.092779706758173652,-0.024718104797814507,-0.048546182414881303,-0.015084941720527196,-0.0076623257924627181,0.042752569545826936,0.5715408243725304,0.096931278771432219,0.080516380608641996,-0.36481398313082192,0,1.3642154509328706,-0.2175371998011128,-1.2246049423797125,0.68043840392829813,30.415329074076961
2021-04-20 21:00:00,103.35325160309769,113.5442547432479,-0.5275441336031641,-12.783283077325143,-0.12316680250097867,-0.022808153136999951,-0.084788196267619215,0.62889542485945138,-0.0058386183656782276,0.015717943628625459,0.55679315541387631,0.104019191387486,0.052517387585366677,-0.031341723550849743,0,-1.302585796056803,-4.6977781618190591,0.31271438328768764,0.3753432441942392,27.724137072419797
2021-04-20 22:00:00,103.35325160309769,107.96675885274396,-0.26425247407888003,-9.3322575751852561,-0.15715710995573787,-0.025528261630701699,-0.098568440953800393,0.6613175187625161,-0.0050606698961515395,-0.010227806303363849,0.63206275875823326,0.10260212234468009,0.29024519187331377,0.095982028719959908,0,-2.0274563543543418,-4.9713297101040013,-0.32100669110735636,-2.1340636769953307,22.178206399752558
2021-04-20 23:00:00,103.35325160309769,111.89425623252605,0.25795552436003039,-17.916860483309531,-0.10390275736533863,-0.020146387802367275,-0.055374000389052894,0.059765779897352156,-0.0058386183656782276,0.056998193525524266,0.63620606623098874,0.091500861793387858,0.29916896701179319,0.072818330064243389,0,-0.89781915957425396,-2.2528128016746147,-0.27351855244537221,-1.9617463108328308,30.554609978304061
2021-04-21 00:00:00,103.35325160309769,60.12203992984729,-0.19819157032577794,-45.039671887088865,-1.5982572368961345,-0.03327598979333788,-0.14211808806332682,-0.51870756828533482,0.012050381786145856,-0.060561290905800216,1.2780036546706908,0.026400998086853009,0.61792393783025901,-0.056641503126038162,0,-3.6600299902573279,-3.1014032511595762,-0.41877551618353809,-0.53754495034733674,10.199588196808151
2021-04-21 01:00:00,103.35325160309769,104.67894674573492,0.33144759692619907,-7.7175723669356362,-0.32537443413097678,-0.031388615192954987,-0.10219466610441816,-0.038061932582011265,0.020566022794463294,-0.033219226047541725,1.0168146569873857,-0.14722452625627924,0.8748884779707421,0.19757902732883592,0,-1.1634178662382071,-3.8872591565087964,-0.61900764384552909,-1.4980161674865884,14.447135961958521
2021-04-21 02:00:00,103.35325160309769,109.19724026317812,0.4828687556713499,-14.398993542911439,-0.050893402152019901,-0.021198856479068936,-0.12996452603150629,-0.48808364268419674,0.021664061306107044,-0.030951548946968537,0.58880718850698044,0.17216274110161206,0.30827218375046633,0.042633083116081834,0,-3.3333110777502997,-4.4020049382113831,1.3574429464603517,-1.6310474277819078,27.356586663116364
2021-04-21 03:00:00,103.35325160309769,103.8640958604005,0.45724892204718764,-10.539197451885833,-0.14003399193320323,-0.027939976772127516,-0.13123976253321928,-0.53076755513975959,0.020566022794463294,-0.051801880870288704,0.61286970764099435,0.1228315779051883,0.24429138276039397,0.20636985999877364,0,-3.7984350279901329,-4.2669723384672409,-1.4806172923895662,-2.0163701957279443,21.830042257865152
2021-04-21 04:00:00,103.35325160309769,104.61092607778447,1.4200815419885269,-11.051846307121064,-0.040010895696761743,-0.02412885567420656,-0.14750917419544188,-0.54773697109682307,0.020566022794463294,-0.042427163643089537,0.58067135192696306,0.15727290446049561,-0.059645604220310601,0.25569097246229328,0,-3.7454964604613847,-4.2987414276228924,-0.5547579918454526,-2.1804580809256415,21.516150613557102
2021-04-21 05:00:00,103.35325160309769,104.57626984519827,-1.4361233013175903,-13.836581294676991,0.1152179619414291,0.15933156487623465,0.02559080725423693,-0.12144414343769268,0.05252395123914199,0.020189031710503579,0.78649496484839332,0.16077603655131367,-0.16405703084455137,0.12506226794089445,0,-1.3753263656474288,-5.0736782644043545,-1.9952750502888985,-2.0635628228786733,25.843879929234674
2021-04-21 06:00:00,103.35325160309769,113.99651466754348,-2.2743351021833207,-9.9868819133882898,0.12538642179890105,0.18228733722712651,-0.0030980509405993265,-0.024007710597715646,0.05252395123914199,0.11285495748809304,0.65114787970461652,0.20522805686140422,-0.17594378533043947,0.083946472214930332,0,-0.52871418104206103,-6.0604454448339498,-0.27975001718913356,-0.77149627245819097,29.334560465875313
2021-04-21 07:00:00,103.35325160309769,130.54821658242207,-1.2803966317841136,14.342760385005805,0.61433046910021472,0.22067058033949946,-0.051235306885864744,-0.6226763470077582,0.036760824844862636,-0.034479104437246354,1.1663687121629625,0.32721675849086407,-0.44632334077535302,0.73351123603363255,0,-2.7094016162709753,-1.2772910998034406,0.07354209247777628,-2.0503044552437859,18.15191182307727
2021-04-21 08:00:00,103.35325160309769,179.50765793522112,7.5569850876412605,23.12355973793348,1.1427612722911911,-0.10059059194222943,-0.18558961633207244,-0.11433516878188478,0.032653161123935522,0.43361853905042236,0.79980144614487203,0.13999617655926763,-0.5319558989115476,-1.8473710724601642,0,1.5940091920321429,-1.0312645795269357,-0.19065701964077164,-0.86179862398177043,46.194584290924297
2021-04-21 09:00:00,103.35325160309769,168.71598769263099,0.62605756228481269,19.191947834659764,-0.093126447821480524,-0.10661209600988547,-0.16505413233732011,-0.12266690929488235,0.032653161123935522,0.10947918103282693,0.58458108218220695,0.078877723420039528,0.022593254582193554,-0.23716532481894814,0,-2.1026945254328848,-0.11454394628342807,1.3242464890668348,-1.0737878850467593,47.407951068226389
2021-04-21 10:00:00,103.35325160309769,166.13736963585714,0.68728611813036522,18.445842511174845,-0.088793637600457859,-0.12677676729200596,-0.067674566869424441,-0.096112378786520417,0.032653161123935522,0.198467790530127,0.53635206543386726,0.10344935794815356,-0.010837177880762276,-0.40625125932955836,0,-1.5305424846898126,-1.0518569179445663,-1.1035886475219787,0.14161272148352108,47.120888144849822
2021-04-21 11:00:00,103.35325160309769,169.07540049424532,0.61782779109469377,18.737732439549038,-0.095676069625014876,-0.12773369110766619,-0.056655421852885773,-0.103273598494313,0.032653161123935522,0.092854896450609764,0.529371725160658,0.033862087646114959,-0.0041421420427854138,-0.25114770453040025,0,-1.7877318884542022,-0.64818148207719117,-1.7137952461464419,0.15301010346754507,50.313173930985997
2021-04-21 12:00:00,103.35325160309769,119.48670316285302,-0.57213915402368909,-18.443469392733675,-0.06895583333270161,-0.068679712738839632,-0.090773710545986305,-0.13232123049784014,0.032653161123935522,0.022412638429368425,0.50865981159489282,0.064455079719535555,-0.035669100788862602,-0.28033339281407743,0,-1.1433714290542181,-0.44707174533260613,-0.8970732700158629,0.0074678359747772623,37.677661004791048
2021-04-21 13:00:00,103.35325160309769,156.06240837090544,1.911003869900243,22.819142764193181,-0.039228785096819936,-0.12962980391835371,-0.065853529397363317,-0.098049781786685899,0.014490311076934095,0.33605479081033746,0.53774525064193168,0.19287055096340125,-0.0040330074147559101,-0.5175866414804785,0,0.30455195040116551,-10.843884122845077,-0.96543569246587957,0.51801784052022415,38.738980803705942
2021-04-21 14:00:00,103.35325160309769,161.13935026341488,-1.959868243794548,17.474707821261003,-0.069358580399231679,-0.11839426254543671,-0.15524469825708706,-0.089575219389259525,0.032653161123935522,0.18571954173855706,0.58436835278121535,0.059833986447448022,0.040917468105568691,-0.18177149684645447,0,-1.5373889817729152,-1.4471266804562193,-1.1472089054077077,-1.6630992402495219,47.776934637977973
2021-04-21 15:00:00,103.35325160309769,161.39173362200984,-1.9098746395332249,17.163945980202129,-0.073961091557573105,-0.097804615789850821,-0.064243741442730762,-0.11466906438352634,0.032653161123935522,0.10514485766736739,0.53317620770678631,0.044117325660807956,0.024894661961776084,-0.031990469822175807,0,-1.883830490208527,-1.0006237220047618,-2.1080046070619205,-0.42961770200494936,47.849169968398478
2021-04-21 16:00:00,103.35325160309769,162.88810931240607,-2.0296965622807042,17.838872605703717,-0.072642727771142696,-0.08557043821856343,-0.090743312071038737,-0.14979371708552178,0.032653161123935522,0.29042186337813919,0.53844062626586364,0.10573402064205466,0.028468320138901014,-0.41142561209507456,0,-0.60169446992231679,-1.054858687328933,-1.734215818069156,0.073946099520927247,46.856962357377249
2021-04-21 17:00:00,103.35325160309769,149.75617309203389,-1.0132520655443806,9.5013277428520642,-0.063405893453487919,-0.098342438957811834,-0.082127230588099245,-0.17913462848774395,0.032653161123935522,0.15032881206652141,0.53362442567396529,0.09659198367984119,0.015144219325880382,0.61214160280847352,0,-0.5538565886134601,-1.382628765875636,-2.6190990181966982,-1.4263651410986147,42.879321312221407
2021-04-21 18:00:00,103.35325160309769,145.39772105427281,-1.532591344331419,10.831679850193735,-0.087469101260154475,-0.12756534806839165,-0.095042386286387684,-0.17706452625730307,0.093247357748685616,0.17874832121718948,0.50003444638120764,0.074207702413553248,0.071803693003708341,-0.3538536073752544,0,0.24256324128675533,-2.9963102075805979,-2.6360930912341574,-1.1015139461680461,39.159688397492047
2021-04-21 19:00:00,103.35325160309769,144.66647200140108,-0.33454367487080905,-4.3353665127898546,-0.092378773427510441,-0.096985256504774159,-0.19313107549689315,-0.1143924377082883,0.093247357748685616,0.21661680198281838,0.51117026992135139,0.10046845339721357,0.058216167429908851,-0.34911851849894893,0,0.37821199597997962,-2.840674234078691,0.41178930681887915,-0.58460400416533798,48.484694532565712
2021-04-21 20:00:00,103.35325160309769,119.61347782070308,-0.71983504655732866,-14.465147552732796,-0.090349941645759185,-0.025222943513028562,-0.048066062156078421,-0.083990620125302784,0.027383870962840218,0.036814145356163543,0.57357660006644373,0.10643699752063041,0.045325227505807204,-0.87649966549236924,0,1.4112370969505503,-0.23066864586875677,-0.48673155067470991,0.020564169133237643,31.065400138875738
2021-04-21 21:00:00,103.35325160309769,125.81103137976905,-1.4591227518774463,-13.628678456128135,-0.080737409189439155,-0.026809354254703266,-0.14035329040065492,-0.09058143758373044,0.094626223505975354,0.050473861015583509,0.52139132674840671,0.080904414037064748,0.032689910287907624,0.15189867401996482,0,0.8591189086786708,-0.40323475620245108,0.34015649276557469,-0.56844711854735352,36.724484539796087
2021-04-21 22:00:00,103.35325160309769,119.13952236409688,-0.74709864313722762,-15.683952550161255,-0.084620177437139815,-0.029482013945812006,-0.061274914175379405,-0.074287516452764199,0.02876273672012997,0.044753263025131794,0.58477371486305552,0.10296258513582819,0.056739886348334885,0.14961776203983557,0,0.79020507987460509,-0.45190582697286086,0.37666471836382409,-0.17767525195679851,30.962087908867559
2021-04-21 23:00:00,103.35325160309769,117.79472591237254,0.35807673476680285,-17.822274282156055,-0.097521079633249408,-0.023683303552265306,-0.058918376755310864,-0.093442003514328895,0.027383870962840218,0.051215322661596584,0.57495469144778533,0.098108880773221302,0.16362503778168244,-0.0087844881535084369,0,-0.47693429342178401,-0.56918116922784145,0.60934534318773859,1.1277377787863974,30.581765645321052
2021-04-22 00:00:00,103.35325160309769,65.629270881573021,-0.13928494530858773,-45.083821097682105,-1.4226223376607943,-0.038234668375443842,-0.064965461735462304,-0.14776133427246174,-0.0032848150600082397,2.2930981930343792,1.320548878502761,0.030319785224073657,0.61219391255790057,-0.045286687657367868,0,-2.4679527383348625,-2.8617593925514808,-0.44883597345014026,-0.41797069804531317,11.161638659290304
2021-04-22 01:00:00,103.35325160309769,110.64363196985661,0.34910003158830938,-6.8784232478097351,-0.24440200040713303,-0.038206243336266918,-0.061519701196419946,-0.020508561901561872,-0.0054885191300816675,1.8302908795194286,1.0147224103454018,-0.073085039846157912,0.80857551239443071,0.18392476174042341,0,-1.2602418003147162,-3.6655573472369922,-0.4877036748495534,0.50306302286115989,15.335839884338391
2021-04-22 02:00:00,103.35325160309769,113.5271107657086,0.41075129061841015,-13.705346428836563,-0.0429398672142264,-0.026461865790484883,-0.069771330169422233,-0.16126713698553416,-0.0058386183656782276,1.791138174352205,0.58731919993275794,0.17567285955967679,0.30231242885182996,-0.095600841014790397,0,-2.0920346461832717,-4.4366054662048899,1.3702716320269492,-1.6237945509727252,27.796054329006775
2021-04-22 03:00:00,103.35325160309769,109.05760291502556,0.42496793872697264,-10.13891587966406,-0.10193208173015426,-0.033202986083543468,-0.061364819802439588,-0.15982132112688657,-0.0054885191300816675,2.104658449165639,0.6107273551304383,0.12436537059783824,0.2390004390303164,0.21374167541932837,0,-2.3947147513847677,-4.2828549010884762,-1.4886865914466352,-2.0044804792566566,22.65835241457108
2021-04-22 04:00:00,103.35325160309769,109.94980303836361,1.3118945657825081,-10.1641084686261,-0.034799644707018192,-0.029265929683107161,-0.077601213488793466,-0.17604657123008735,-0.0050606698961515395,2.0842042746175444,0.56730046662432432,0.15753763164773496,-0.064872968664208025,0.078582145259962349,0,-2.3277461606253538,-4.2588011907952703,-0.56229041775028787,-2.2271785230912955,22.324804109891545
2021-04-22 05:00:00,103.35325160309769,104.22003108621298,-1.5689295596751776,-13.516203147446836,0.11097845699428545,0.13528196227904901,0.037544879480232683,-0.071831173305209634,-0.015678003561718355,0.52168789974726781,0.7830821866686194,0.16199065068822971,-0.16609467660971688,0.076007287756852171,0,-1.3512977000836324,-5.062628681254596,-2.1048862328564364,-2.0322421138692479,24.929997448163373
2021-04-22 06:00:00,103.35325160309769,113.11370415045353,-1.9618647319356448,-10.278538480139737,0.15474219697065544,0.17495436638558975,0.0059605679134885443,-0.019469858314979844,-0.041070709600937103,0.13697528061942368,0.65024009382938841,0.20336101877153262,-0.17762969176986787,0.18268944940366466,0,-0.647091635575888,-6.077271702421065,-0.3679275850181391,-0.76371861771391913,28.586112585952343
2021-04-22 07:00:00,103.35325160309769,135.83168972135653,-0.86702028239079088,14.283387860106908,0.57688760821788954,0.21333760949796268,0.015633413475200461,-0.25173011299488496,-0.011163507049744024,2.0685614815141689,1.1639221480707362,0.32738155875191377,-0.4477045127597149,0.78694553551836277,0,-1.3025899255683406,-1.2940924583596742,0.13502996052601637,-2.0061029460759983,19.087754687778748
2021-04-22 08:00:00,103.35325160309769,175.04501017334161,7.2360793644398038,22.33966663466585,1.1418623808631296,-0.13693168159379243,-0.17361118055687177,-0.064722198649401735,-0.0089667334058711155,-0.76001174571032415,0.77946809948849094,0.12842846275911046,-0.53447542601733244,-1.8487513449607769,0,1.2290031501554506,-1.3655197686573943,-0.27139243899863669,-0.85829290446572115,44.859925900888207
2021-04-22 09:00:00,103.35325160309769,168.1160307651455,0.6162348786609676,19.01492848041288,-0.087272498719481173,-0.10695627374582856,-0.15247717548245013,-0.073053939162399273,-0.0089667334058711155,0.24351138400339323,0.56858943938224837,0.076215910959805913,0.019493083617415797,-0.21162286094080096,0,-1.6189072038987184,-0.043971823914155155,1.2418462381570488,-1.0777819854875554,46.36297024161135
2021-04-22 10:00:00,103.35325160309769,164.56833130821838,0.6203151431947368,18.125776657853567,-0.082939688498458536,-0.1478347245525975,-0.055097610014554516,-0.046499408654037365,-0.0089667334058711155,-0.0078424040263641373,0.52836836829570866,0.10392637679368588,-0.013937348845540019,-0.383787794356301,0,-1.3068725875956231,-1.1864530984699093,-1.0441715579858049,0.14146568469931267,45.979630430688829
2021-04-22 11:00:00,103.35325160309769,168.67970293398332,0.60994373007263525,18.581726414785276,-0.089822120523015497,-0.13524674378217039,-0.044078464998015904,-0.053660628361829978,-0.0089667334058711155,0.30556646181139829,0.52177200048493344,0.035062802646161927,-0.0072423130075631821,-0.22560524065225288,0,-1.2983828320656201,-0.67227834667288056,-1.6355414855606345,0.1528630666833366,49.290341763431805
2021-04-22 12:00:00,103.35325160309769,119.48670316285302,-0.55836960433370431,-18.249577319161435,-0.063101884230702218,-0.070496654731087002,-0.07819675369111645,-0.082708260365357042,-0.0089667334058711155,0.52488763357592372,0.50469623671151476,0.064932098565067861,-0.038769271753640346,-0.27536489264124603,0,-0.93432844537792026,-0.47370365455919605,-0.84070635785621439,0.0085620260504672002,36.704663396959724
2021-04-22 13:00:00,103.35325160309769,153.60731683226646,1.8332522296336486,22.912955889923605,-0.031821780002164707,-0.16381160365587105,-0.056068866936123923,-0.092767763650087445,-0.0040627635295349251,-0.48728359982045072,0.57752245687179415,0.18894380942812991,-0.0061747321152866253,-0.63628967280333737,0,-0.16029225936630637,-11.100003183795529,-1.0839699968722403,0.48193578857060415,38.082001277288057
2021-04-22 14:00:00,103.35325160309769,159.75285964790964,-1.9439299281608553,17.173425298036172,-0.06195157530457647,-0.13945221980602826,-0.14280515243198,-0.039962249256776473,-0.0089667334058711155,0.035016754637215285,0.57522382709602748,0.060311005292980321,0.037497431623720018,-0.17761676656307743,0,-1.3031352980065216,-1.5815529307892031,-1.1383640708838292,-1.6009807451546683,46.656851397889312
2021-04-22 15:00:00,103.35325160309769,160.91744878622734,-1.8539455455432134,16.992554235051756,-0.066554086462917911,-0.10531766846435502,-0.051552566202168332,-0.065056094251043278,-0.0089667334058711155,0.29771127140541842,0.52519251056862759,0.044594344506340262,0.0217944909969983,-0.027835739538798782,0,-1.3435206786915013,-1.1144080942353052,-2.0485875175257466,-0.42853921402806566,46.796634268949354
2021-04-22 16:00:00,103.35325160309769,160.1531909210382,-2.0235723809024546,17.298506570126897,-0.065235722676487543,-0.11186722188434776,-0.07805213683047639,-0.10018074695303868,-0.0089667334058711155,-0.25781394446489114,0.53045692912770515,0.10621103948758698,0.025368149174123264,-0.42470481057510223,0,-0.80218687998637317,-1.3141031772618625,-1.6546643452868597,0.075024587497810782,45.605720142754116
2021-04-22 17:00:00,103.35325160309769,147.22162823562283,-1.007196406096633,9.3276110840423652,-0.055998888358832703,-0.12027261165594827,-0.07923088012494367,-0.12631682851765533,-0.0089667334058711155,0.14969467683340174,0.52564072853580657,0.09706900252537351,0.012044048361102636,-0.31914723945247814,0,-0.51416469772424811,-1.5216688394088222,-2.6175659009024215,-1.4315997281021282,41.558445845977054
2021-04-22 18:00:00,103.35325160309769,143.74842459720924,-1.5262699407718947,10.721039503672914,-0.080062096165499252,-0.15386213173417598,-0.08227006141342498,-0.12745155612482006,-0.023966767374252886,0.070491497092382421,0.48439218667633194,0.074707294221753498,0.060004358385148955,-0.34661987818698736,0,0.12635213217476138,-3.1088055415211158,-2.5784161807477965,-1.1017118296262678,37.987622005554556
2021-04-22 19:00:00,103.35325160309769,143.73797688701197,-0.3190122118229522,-4.4937844485232672,-0.084971768332855219,-0.12240982473301348,-0.17049654760823471,-0.067984297413410819,-0.023966767374252886,-0.052294033637583309,0.48752006455467567,0.097829213899647896,0.046416832811349402,0.53014703298303834,0,0.25630636139172225,-2.9157484526095687,0.30612741473255128,-0.58361224773485543,47.494658963331318
2021-04-22 20:00:00,103.35325160309769,120.07470620923907,-0.69338082498420706,-14.041752441294728,-0.082942936551103963,-0.029522603047093598,-0.045155940298811273,-0.034377649992819739,-0.0076623257924627181,0.48996078948569627,0.57117591177988214,0.10787070233090798,0.042853531933613624,-0.37315347987847136,0,1.4209513266824934,-0.26590863308711127,-0.48817371736687948,0.019101277328553989,30.13157161889384
2021-04-22 21:00:00,103.35325160309769,125.60082763352118,-1.3157860794393976,-13.071351968939622,-0.077863552903399399,-0.031109013788768288,-0.1275758660556692,-0.040224301597384715,-0.023966767374252886,0.4516983227478501,0.50645266735334626,0.081128105964454911,0.020769155988785336,0.027219285685525466,0,0.87874596132826266,-0.45365742191376679,0.32897156095512181,-0.58677029746898512,35.680896239881321
2021-04-22 22:00:00,103.35325160309769,119.14434919287196,-0.63650498249190246,-15.108405197544505,-0.08174632115110006,-0.033781673479877018,-0.048497489830393745,-0.023930380466418485,-0.0076623257924627181,0.46677989926813207,0.57722734008630716,0.10399227527067763,0.054146771095578389,0.041125793752802065,0,0.81905288169281587,-0.48515836149389613,0.36534343767437383,-0.1961126338942909,29.985228557078344
2021-04-22 23:00:00,103.35325160309769,117.80143024846015,0.40005738513009037,-17.337600920930104,-0.086724012821476959,-0.029211616902299301,-0.045901226120515407,-0.04382903338184585,-0.0076623257924627181,0.44907050439088381,0.56884542457757392,0.1015606810653617,0.16049754299856775,0.089242357594827751,0,-0.46017951759337011,-0.59030883978059834,0.56002084569071953,1.1313967750104488,29.588904622226568
2021-04-23 00:00:00,103.35325160309769,46.856284261304374,-0.047543573811914701,-46.873442402694948,-2.6278214024747579,-0.036230093447100799,-0.14450869596864549,-0.51945173413919754,-0.0031854388581624739,-0.061960452748154794,-6.1158318363619513,0.021300677324064887,0.23105530096846652,0.35207592385237441,0,-4.7928594494205976,-3.1301014036809454,-0.46907278921769191,-0.61754669959516029,8.3381567284811169
2021-04-23 01:00:00,103.35325160309769,98.627089331463566,0.51948692435404242,-7.3739305076511341,-1.5668909654485748,-0.037980291468623591,-0.11907143460308532,-0.038061932582011265,-0.0040918453976948746,-0.046513180013083723,-4.2279799989020708,-0.086797640332447371,0.51242509319958185,0.18178264134052005,0,-1.4562297033988478,-4.0527955253684302,-0.87554637960462656,0.49087034159108223,13.455162132651227
2021-04-23 02:00:00,103.35325160309769,103.24924380353814,0.55080149172059001,-13.847539295316048,-0.64659743708543194,-0.023562410246251764,-0.13268722682011758,-0.48808364268419674,-0.0044419446332914329,-0.032228397329798854,-4.261326061279993,0.15253241109194932,0.12920183161527687,0.16084015494156714,0,-3.453070323242653,-4.5389978022051976,1.1510412137001196,-1.7278342283201003,26.907943866534154
2021-04-23 03:00:00,103.35325160309769,96.95453260724922,0.5976852599589354,-10.00014959666952,-1.0463520295377799,-0.031348688169678667,-0.13396246332183057,-0.53002338928589687,-0.0036639961637647475,-0.0574735443281289,-4.374815655513272,0.10364703228740159,0.079985919674396319,0.1704809166408989,0,-4.2343265728281523,-4.4707752387422639,-1.6490076160493681,-2.1129383951100169,21.294319061309658
2021-04-23 04:00:00,103.35325160309769,98.237816328870693,1.4022722945273229,-10.515314946826633,-0.96354974188935016,-0.027537567071757692,-0.15023187498405316,-0.54773697109682307,-0.0040918453976948746,-0.044785291635495959,-4.1714501507722677,0.13808835884270898,-0.22418810915829124,0.2142152433055349,0,-3.8091804924809578,-4.5032084523584217,-0.68145748512377702,-2.2608556640401853,21.033577421933202
2021-04-23 05:00:00,103.35325160309769,95.932333261709374,-2.2466591658505668,-13.37696949643648,-0.41251098432382621,0.052301951826286032,-0.04411233602630657,-0.12144414343769268,-0.014281329829331562,0.01783090371809716,-5.0970641516475457,0.13064405145559896,-0.33914855671633959,0.082874934952095469,0,-1.9694184720156305,-5.0729706718818006,-2.2891888633028925,-2.1409934901895809,25.420191478317655
2021-04-23 06:00:00,103.35325160309769,107.09256803324188,-3.1362203662900949,-9.4517327591030593,-0.39431886360986007,0.096857470025360937,-0.064025933520861278,-0.024751876451578312,-0.039674035868550311,0.091979375316350392,-4.4927388196076441,0.17193516153346022,-0.34735907348182193,0.15125893461554807,0,-0.37077406013064013,-6.1116285805374089,-0.45860969778685451,-0.79066895554411143,28.909788510585958
2021-04-23 07:00:00,103.35325160309769,115.43081741157278,-2.7185834969696883,12.379477348619545,0.02400979695495388,0.075106912731305792,-0.15795528961861544,-0.62193218115389548,-0.0064644465047073961,-0.042038239930484118,-6.5856914253534713,0.25016007962698389,-0.41975352513520248,-0.088244068467030493,0,-3.2587472591901601,-1.4490424321508382,-0.10174972511650419,-2.2673317435164511,17.066345503649373
2021-04-23 08:00:00,103.35325160309769,171.90620037453672,6.8495828669051049,22.562420457701577,0.85099903143196232,-0.10784568990834754,-0.19083300414926385,-0.11433516878188478,-0.0067617801394895469,0.37411106102332298,-5.0493698663756037,0.11177113737155403,-0.45822151795468247,-1.4728023491132696,0,0.53934473549094253,-1.2937575384095641,-0.011027483461825045,-1.1186092394873899,47.088283119295966
2021-04-23 09:00:00,103.35325160309769,163.7754871099211,0.63302061437081603,19.12270099978959,-0.73063296081344409,-0.11327267928608234,-0.15962486668021958,-0.12266690929488235,-0.0067617801394895469,0.082656592349859545,-3.9233769356561861,0.061471832101441547,0.0066082930240465142,0.026460637762779151,0,-2.5057133014654491,-0.54646926524917461,1.2851301086232518,-0.82196984507389415,48.134674972460502
2021-04-23 10:00:00,103.35325160309769,161.86032190193609,0.99047572581804866,18.550356792148147,-0.72630015059242159,-0.1334373505682028,-0.072107504228019537,-0.096112378786520417,-0.0067617801394895469,0.18519355473414939,-3.5698572269625704,0.088206276989680824,-0.026822139438909261,-0.45745408703055312,0,-1.9271189856095037,-1.4839400790093302,-1.0584195331609256,0.39528487879849311,47.855884285876392
2021-04-23 11:00:00,103.35325160309769,165.08030672697242,0.892055636992657,18.790902456795315,-0.73318258261697855,-0.13439427438386303,-0.058147075091210976,-0.103273598494313,-0.0067617801394895469,0.082471253348392642,-3.3487274893771293,0.026630575169111249,-0.019847471237067402,-0.19139427881099674,0,-2.2975664943188843,-1.069517942001156,-1.7811086716347067,0.38767434244043875,51.291242517234622
2021-04-23 12:00:00,103.35325160309769,115.5657093197737,-0.26083353818721511,-18.252545398255229,-0.70646234632466531,-0.075340296015036473,-0.095206647904581401,-0.13232123049784014,-0.0067617801394895469,0.015412633172308994,-3.403935158506795,0.049211998761062775,-0.048188049890091254,-0.29916464262900777,0,-1.5313002628732295,-0.87772534734726071,-0.87184612973952325,0.26758809702474451,38.441875816027732
2021-04-23 13:00:00,103.35325160309769,149.30877820793418,2.1512300210623962,22.563508003681104,-0.68068912089648215,-0.13692199636191424,-0.071096917214554786,-0.098049781786685899,-0.0035355380937590326,0.3245896912863111,-5.080730604454442,0.12351879436260246,-0.021370339391494964,0.1349257991695042,0,0.44074562965420078,-11.250639683059468,-0.95829797304119968,0.61131685594456608,37.907023763975836
2021-04-23 14:00:00,103.35325160309769,156.30704380839444,-1.654616815994626,17.642750336119704,-0.68083692807870799,-0.12549707512798686,-0.16000972849897477,-0.089575219389259525,-0.0067617801394895469,0.17048134221696756,-3.7455495923368187,0.042428095128850069,0.012643602089974844,-0.14979425673110297,0,-2.1266585461156411,-1.8815085955121871,-1.1845655300116638,-1.5899357585938028,48.480798656271539
2021-04-23 15:00:00,103.35325160309769,156.31742667222861,-1.5923169525274021,17.261800072050551,-0.71146760454953684,-0.10446519906604766,-0.058814475785630232,-0.11466906438352634,-0.0067617801394895469,0.091870621871389807,-3.559971804593947,0.028874244702335253,0.0041298203838877039,-0.70862049017241013,0,-2.3210230618258691,-1.4393756397954001,-2.1180954799433906,-0.14718430144929878,48.460266164354529
2021-04-23 16:00:00,103.35325160309769,158.38104594685032,-1.7132513166145229,17.845586288775216,-0.71014924076310637,-0.092231021494760271,-0.095176249429633833,-0.14979371708552178,-0.0067617801394895469,0.2771476275821616,-3.6491778893742235,0.086268919422915868,0.017647050690141351,-0.44769079067340956,0,-0.99931225368155341,-1.4939262893176055,-1.6951064950433907,0.3208660945912713,47.532855406308066
2021-04-23 17:00:00,103.35325160309769,143.95736965060652,-0.69676583644057011,9.4487400966946051,-0.70587540040613017,-0.10646975236147485,-0.097232821420986312,-0.17592979865013836,-0.0067617801394895469,0.13705457627054379,-3.6182805338307222,0.077126882460702401,0.014380318661003366,-0.34213321955078557,0,-0.98869710859069404,-1.8589596411749303,-2.6562300983538512,-1.1898222735597981,43.369974437901469
2021-04-23 18:00:00,103.35325160309769,140.6395823413107,-1.3888352915570759,11.094085278024599,-0.98057201039547215,-0.13234434743078533,-0.098576191330220622,-0.17706452625730307,-0.010552538180346136,0.16556423291489006,-3.2903656609791927,0.05887349578736318,0.036921792255604415,-0.38052936228179379,0,-0.18895903212344944,-3.3299495892389093,-2.7815942036699823,-0.86834076545860661,39.558569458133718
2021-04-23 19:00:00,103.35325160309769,140.06115448947338,-0.20706025404792394,-4.1008156269543372,-0.9854816825628282,-0.10162742598392908,-0.18625367451004973,-0.1143924377082883,-0.010552538180346136,0.18988436079352916,-3.4068414491065169,0.083417220802774417,0.024352451467851054,0.0071692304250067906,0,-0.04944346482598462,-3.0597801698082625,0.08154717356667196,-0.36133407174842691,48.905115244756743
2021-04-23 20:00:00,103.35325160309769,113.01470499600332,-0.56521472735723699,-14.207504726701577,-0.98345285078107691,-0.030001942875422252,-0.061462070215606929,-0.083990620125302784,-0.0062656520600759269,0.033778270587141772,-4.4729735900236225,0.086630838005798669,0.020207830952989739,-0.36000511119845413,0,0.88749959403651513,-0.5727552189176871,-0.75454662653589943,0.22517927584598546,30.506330720269091
2021-04-23 21:00:00,103.35325160309769,120.2646097636827,-1.1823144501299623,-13.535080393643025,-0.97816984814696994,-0.031588353617096949,-0.14388709544448772,-0.08983727172986776,-0.010552538180346136,0.041687146907273022,-3.5912289190730862,0.065826906302655544,-0.0021097911543567979,0.026914147419302325,0,0.34683742703257708,-0.75304627764038967,0.099119976747176208,-0.37815328818874394,37.026940783124232
2021-04-23 22:00:00,103.35325160309769,112.08434797963621,-0.47029034138974291,-15.387924509797763,-0.98205261639467067,-0.034261013308205669,-0.064808719219212357,-0.073543350598901533,-0.0062656520600759269,0.039184217058179593,-4.4726836106975734,0.082895946123091646,0.023929531765056591,0.00497213446995441,0,0.28512468551398629,-0.79422133864741895,0.13562820234542547,0.011183553794240497,30.434229257582071
2021-04-23 23:00:00,103.35325160309769,111.16977247121987,0.54096033787115261,-17.711007801839806,-0.99062398876856761,-0.028727606953277009,-0.06245218179914383,-0.093442003514328895,-0.0062656520600759269,0.046502625353808245,-4.3578373168154014,0.078488026152360946,0.099919291789659984,0.19514764237804466,0,-0.8523804347424867,-0.89166442603891671,0.31485724465648823,1.3782465264862487,30.156800585966398
2021-04-24 00:00:00,103.35325160309769,59.712226379599571,-0.056134029864475916,-46.0464580183842,-1.6136716445745365,0.25934624042774146,-0.14289187406985665,-0.51817732140794515,-0.0032848150600082397,-0.075241465902388505,1.3160784073999947,-0.49476445696939841,0.61316768761518758,-0.056061432048525719,0,-3.8868398509772319,-2.8449605334267729,-0.41012797841671778,-0.43786066068027041,10.756856522841373
2021-04-24 01:00:00,103.35325160309769,108.10329744640688,0.52288054378883331,-7.5499299501325954,-0.34192715426335485,0.27518145718390002,-0.10790843190106618,-0.037886534570696156,-0.0054885191300816675,-0.046048015698023637,1.0220764682317023,-0.31733735380841682,0.81947266134798491,0.19537906673759436,0,-1.0967625003356796,-3.7902770991642387,-0.74611571825386003,0.51411391147345409,15.440623011803689
2021-04-24 02:00:00,103.35325160309769,104.85828477294999,0.77892717475826101,-9.8279071415716537,-0.15922332278130735,0.078133270681378639,-0.14532010424173722,-0.54646255836557067,-0.0050606698961515395,-0.072647603823896567,0.62111178691109969,-2.1044719632201758,0.28358395257514224,0.074364304462520264,0,-3.6459639593865329,-4.2982093250351658,0.74085259140264947,-1.6526910914671817,21.386017828850715
2021-04-24 03:00:00,103.35325160309769,101.5077627318822,0.62920111056785821,-10.531911999906386,-0.21441727456586882,0.15883586957978443,-0.13552162239385887,-0.5294931424085072,-0.0050606698961515395,-0.068268631161103682,0.54956072336153361,-1.8648316976400579,0.22604106734974164,-0.76997656654901347,0,-3.6226915938243591,-4.2399293374009943,-0.72749500673544087,-2.0383008745806155,21.338770774988021
2021-04-24 04:00:00,103.35325160309769,101.83889641134296,1.5902533019541505,-10.419130667364135,-0.13861605868181553,0.13434049082689337,-0.14459872879205149,-0.54646255836557067,-0.0050606698961515395,-0.065689733073983653,0.55107990862499157,-2.2019762591710719,-0.07667419855715088,-0.048079555207384543,0,-3.8119257464423493,-4.0537936810426656,-0.81670758997627646,-2.139202284486859,20.677888837896759
2021-04-24 05:00:00,103.35325160309769,98.089546704717492,-2.3686656356528446,-9.0978526417024312,0.097812446800661618,-0.43544682727539402,-0.10971486254580028,-0.53349333969443591,-0.0087675267766265871,-0.087231523799692373,0.66519466043195719,-1.7868938724157222,-0.21144324687716598,0.12852845362672941,0,-3.9777561502809835,-4.2611438767479282,-1.7736918071811412,-1.3085526907076974,19.805413542418407
2021-04-24 06:00:00,103.35325160309769,105.79201346798799,-4.4117919183704846,-8.372027402756423,0.061575417484775394,-0.45312982051575507,-0.092792917820439955,-0.10569719037549041,-0.041070709600937103,0.057811821580002989,0.5584587489822771,-2.4282824605146298,-0.2086780570966828,0.074273727200129924,0,-0.0035993946205637359,-5.6870368863434004,-1.0941995157619824,-1.4793927292080087,26.064341152627989
2021-04-24 07:00:00,103.35325160309769,128.46105842920574,-0.8442333789945925,14.022868939240428,0.30197758837867322,-0.76515001659672044,-0.10557587341134451,-0.53728699252212941,-0.0069916719404832864,-0.061857778343917445,1.0348756115384825,-3.7044578565223554,-0.577158468831376,0.0030247683779676296,0,-3.3272879585182706,-0.9799281058919862,2.6474093543031314,-1.3989467437269056,19.406525409569493
2021-04-24 08:00:00,103.35325160309769,35.771585224876276,9.7233287884396482,10.325093360932044,1.5730318393042242,0.25566011317272763,-0.09995495366993204,-0.044359648291412992,-0.0032848150600082388,0.019512350632109571,1.1077525882973522,-0.64253480687553466,-1.1678604707186602,-1.4253411465796035,0,-0.99100101010485386,-4.8444228584874294,-1.2073186996171916,-1.8374465221179803,-78.322520487477064
2021-04-24 09:00:00,103.35325160309769,21.490000717609774,-0.079401348056300586,8.9655955130065763,-0.12275036496859948,0.2487183183934504,-0.11309853458962761,-0.043190919741474154,-0.003808702332704075,-0.018183056339078005,0.40139973021919917,-0.68084121569309486,0.18456426421851396,0.26150389210752029,0,-0.63817657391193072,-3.0522641165854831,0.57488104926789374,-2.0647708872802246,-85.68342793320258
2021-04-24 10:00:00,103.35325160309769,23.929366621090896,-0.10097976240843594,9.2625630812499722,-0.052433397134135737,0.22972167617947195,-0.10725113208391975,-0.043190919741474154,-0.00328465832600523,-0.012252798685252777,0.3485708496654249,-0.64952406927540918,0.051744458748130433,0.26438277153034517,0,0.24733753116457763,-3.1068582825470243,-1.4457861214049703,0.62248570479118193,-84.929129913729227
2021-04-24 11:00:00,103.35325160309769,24.559245472731806,-0.53692577140523667,9.2377549104534094,-0.0095712747856551428,0.22972167617947195,-0.10609999446598045,-0.043190919741474154,-0.0031886202872395213,-0.011379162603680305,0.44887263805915589,-0.6175856906209336,0.16322003610683308,0.26839998149795269,0,0.35726990229417949,-3.2069685772379382,-2.0558739680172913,0.2967759002658597,-83.205237196057396
2021-04-24 12:00:00,103.35325160309769,25.074969675760929,-0.79608385191863018,-5.0774761929202326,-0.10227126748144755,0.14550183449314641,-0.11005188997267686,-0.043190919741474154,-0.003808702332704075,-0.065998121795875803,0.39608618335704648,-0.65465571650605314,0.12181398465825463,0.21654511868270043,0,-0.29247531676667982,-1.3068124546726858,1.8217212467342185,0.039311000943856388,-72.566436862097547
2021-04-24 13:00:00,103.35325160309769,23.993304578721869,-0.29685076293121793,9.2972811953207426,-0.036885982658302854,0.22741502675183387,-0.10751433405916544,-0.043565439217886234,-0.00328465832600523,-0.012520840018515288,0.34536646839798757,-0.64952406927540918,0.051833084266381994,0.26438277153034517,0,0.24538898598786724,-3.1103193981901311,-1.2330114178592184,0.58634152138909446,-84.884479175484174
2021-04-24 14:00:00,103.35325160309769,39.776074865298291,-2.0909852417900976,8.9704110784274818,-0.036272889101479168,0.24895359414510207,-0.089608937642830983,-0.043565439217886234,-0.0031886202872395213,-0.0016278742284793037,0.81749384798850044,-0.61968126797379797,0.13144723769398467,0.17347381529472794,0,1.2483121333513736,-2.2551502144705466,-1.7108290825514463,0.41383999107705138,-68.730198868513867
2021-04-24 15:00:00,103.35325160309769,22.927010287128773,-2.1720690834844651,8.5982025781373306,-0.10487817159798218,0.2070148668034707,-0.11434703618884351,-0.045958877593424499,-0.003808702332704075,-0.02648390989296056,0.35905521485016306,-0.66180654917479165,0.15669743272853992,0.1699534945207313,0,-0.15640430900299426,-3.5024180704377184,0.67753943963913299,-0.5721812905184086,-83.23434834242407
2021-04-24 16:00:00,103.35325160309769,23.993304578721869,-1.672648249758325,8.8732514685862167,-0.042904665080775305,0.17054558706059522,-0.10751433405916544,-0.045958877593424499,-0.00328465832600523,-0.019550446358558619,0.34707365753783814,-0.67011997040924265,0.071481922655093053,0.17102746414640899,0,0.19500176914595288,-3.483602190377483,-1.17309560767231,0.66293217662391779,-82.632582070496511
2021-04-24 17:00:00,103.35325160309769,24.350111509042328,-1.6447747943130471,5.4306287011692431,0.098089286536655829,0.17054558706059522,-0.11143538166754263,-0.045958877593424499,-0.0031886202872395213,-0.046324070104855362,0.39292921634278577,-0.67011997040924265,-0.022008477126979467,0.17488887536075789,0,-0.04199494894353676,-3.1580586605624963,-1.387633225804751,0.26275968490677015,-78.401484418619148
2021-04-24 18:00:00,103.35325160309769,23.597768675548014,-0.55557388843651534,4.3141787191638512,-0.067284853243488027,0.18772032285900511,-0.11587899448206902,-0.045958877593424499,-0.0054728235574304125,-0.050272174971771048,0.27155991097730037,-0.5980837158316219,0.35572323667934397,0.105249752089352,0,-0.082428848468118057,-3.2915672050995672,-0.28830924939028779,-0.48444007564447222,-79.404644162599794
2021-04-24 19:00:00,103.35325160309769,23.320582447149405,-0.70865924886838805,-3.974079329409693,-0.1129189052076925,0.22418960260188051,-0.1174162436830833,-0.043689655948629877,-0.0059968675641292601,-0.051833718732128629,0.26144526585443406,-0.5950421155562271,0.21777360018059319,0.12109265368147366,0,0.11477409652421791,-2.0679708365414182,-0.09721444279790549,-0.54502459023342875,-72.652098420248137
2021-04-24 20:00:00,103.35325160309769,24.088901789571732,-0.57258537025203471,-7.187722815559872,-0.070226906919931789,0.021217643292474022,-0.11102450931084117,-0.040478890878258733,-0.0054728235574304125,-0.06905835753340088,0.26307486727467377,-0.51727094554167807,0.18819578067778639,0.0992772043815532,0,0.081049773235280856,-1.6214659123374449,-0.22931008183256174,0.019360924836218443,-69.511909393500446
2021-04-24 21:00:00,103.35325160309769,24.095598272361411,-0.5642402523415051,-7.1934774982653735,-0.019566016509954497,0.021217643292474022,-0.11133031465582999,-0.040478890878258733,-0.0054728235574304125,-0.069421553317093265,0.28142394884351474,-0.51727094554167807,0.16107816889974527,0.099107822471839052,0,0.11375764214380125,-1.4201425596048549,-0.4369865992848691,-0.17191015330954135,-69.383940949121182
2021-04-24 22:00:00,103.35325160309769,24.335538193798886,-0.59442820652367823,-6.6670443934919099,-0.21328490796246977,0.047030911471610481,-0.1149322112794977,-0.038085452502720468,-0.0054728235574304125,-0.073039569910521934,0.37524824405580093,-0.51406732739628647,0.39911041730871255,0.09899907183543806,0,-0.23182241054110031,-1.6757319833681299,0.25761058374472584,-0.45759446859548669,-69.610208882585866
2021-04-24 23:00:00,103.35325160309769,25.821189359406851,-0.0036044201745223043,-6.8046214634051108,-0.076426483089825595,0.040721384663012679,-0.10421452448581243,-0.038085452502720468,-0.0054728235574304125,-0.059970046308800165,0.33486471094665882,-0.39001172039348747,0.67430614961564694,0.13179545081155256,0,0.1138018212046777,-1.5390643775578454,-0.12779141484585357,0.11804572496168673,-69.796334759572659
2021-04-25 00:00:00,103.35325160309769,34.743902743671988,-0.93156779084571029,-11.396879246722765,-0.590031810140345,0.080280939474104196,-0.12660728661881251,-0.036713308130111894,-0.0026550509192120853,-0.082317247356826426,0.087124503268126333,-0.097033565048769324,-4.6434501012531824,0.12426851202046117,0,0.33075757982387749,-2.1436826625055416,-0.89136440692632612,-0.36945727262786371,-47.920020644916846
2021-04-25 01:00:00,103.35325160309769,18.109495231291195,-0.95076359583273917,-7.7050213726421806,-0.30753587643009545,0.11675021921697956,-0.12143919570338776,-0.036713308130111894,-0.0042098347650105792,-0.075879969109554052,0.11895502666864745,-0.076666181568913624,-2.6550766528320526,0.12282458944789232,0,-0.15279589975329844,-1.3836449788130107,0.043041851593861653,-0.48608749315410088,-71.689493699999446
2021-04-25 02:00:00,103.35325160309769,19.458171734571568,-0.61661855880966687,-7.6431594861645511,-0.0058964753311121394,0.080280939474104196,-0.11976300132583478,-0.036713308130111894,-0.0036857907583117346,-0.074307309289058043,0.076661247206636765,-0.097033565048769324,-1.6799516652539863,0.13490025409379344,0,0.32870936186015776,-2.1980324084314047,-0.88945729185718292,-0.44098980454931919,-70.710023006211543
2021-04-25 03:00:00,103.35325160309769,22.114459001847859,-0.35294069783242149,-7.1895176402424923,-0.12427776469395065,0.11675021921697956,-0.11748098800784881,-0.036713308130111894,-0.0042098347650105792,-0.071878940384211651,0.21698468047671565,-0.0093129132998175813,-0.74761456115300051,0.13279211584258982,0,-0.21548591973893266,-1.2457670646844194,-0.066697657136715868,-0.39165175321230489,-71.13177057350488
2021-04-25 04:00:00,103.35325160309769,28.564212980998395,2.9305012893132933,-8.3563318255857837,1.1398559748937223,0.063419401634192324,-0.11527646215353103,-0.036713308130111894,-0.0036857907583117346,-0.067823504245782137,0.22526080401854956,0.011039867074284861,1.3486515518346156,0.17579103951865929,0,0.27210650072332765,-1.2188603870575172,-0.4224643959313249,0.33267853425993943,-71.067187911507617
2021-04-25 05:00:00,103.35325160309769,47.65156664735489,4.9153829261187365,-10.542961186240454,1.7870416475427975,-0.70069223678795556,-0.062935230717952609,-0.040713505416040498,-0.0068384453309748225,-0.046223925250376621,0.79902607667196601,0.014572683803296748,1.586434453977098,0.15214024073904228,0,1.354154353424035,-0.96648144682247739,-0.38300849885535809,-1.6847279539585378,-51.875854908639667
2021-04-25 06:00:00,103.35325160309769,33.632686661770059,3.8344989388634403,-6.5782866011155763,1.8306811679024022,-0.0063410372199355323,-0.10280809482716798,-0.043748668942023873,-0.011660677520816237,-0.067980854729174617,0.48427073079197341,0.025514313057655461,2.2758800566400188,0.16587475688902745,0,-0.41279563090517729,-1.911014669996892,0.9881985206543088,-0.023603807639404728,-70.167243383230556
2021-04-25 07:00:00,103.35325160309769,43.135849962690116,5.6039861173686658,8.6655572298941959,2.25259621445222,-0.92396802378012033,-0.070676268473850931,-0.045269103134248465,-0.0059831390934992016,-0.047538073251608901,0.91214691181146423,0.030452154735518655,3.1662738069261067,0.51291379261767145,0,0.20414368127144999,-3.0702378501660585,0.079308236189037346,-0.71720046301628326,-76.763906864758397
2021-04-25 08:00:00,103.35325160309769,62.547737917724525,17.587830978422215,13.710773285263004,3.1340423805166102,0.49414692555827128,-0.092461964659482199,-0.045269103134248465,-0.0026550509192120857,0.012258311681428772,1.0826297075708202,0.025951496478494027,3.6446222073305754,1.78483547913559,0,0.25849849905351813,-2.9673943532961364,0.033051874530094824,1.7627993824963764,-81.229173741401226
2021-04-25 09:00:00,103.35325160309769,24.532524546439078,-0.57363035735458012,9.8095731615406212,0.083784566250872286,0.26974147803999332,-0.11171500723635908,-0.04335620873044696,-0.0026983877946629908,-0.012961382502212418,0.33961919512084232,0.0018875221347926989,-0.033779729531019202,0.27258722284918696,0,0.4366822460794883,-2.7894900293358811,-0.48020023777255599,0.28236884591362932,-86.26913995433037
2021-04-25 10:00:00,103.35325160309769,23.229641289189512,-0.82042820283566775,9.8359012451477863,0.099052808361753369,0.26974147803999332,-0.11725166586318035,-0.04335620873044696,-0.0026983877946629908,-0.018575216085532066,0.28254706864727158,-0.0018240761294286546,-0.074576516546344479,0.27258722284918696,0,0.33829108410102721,-3.0485172003731669,-0.18384821607455293,-0.49008609367659373,-86.420569436945726
2021-04-25 11:00:00,103.35325160309769,24.710080867691861,-1.132612102290329,10.392221387589043,0.11790341319409861,0.26974147803999332,-0.11171500723635908,-0.04335620873044696,-0.0026550509192120857,-0.013195890485668056,0.3710564167496434,-0.0025746716294242559,-0.040515991983961067,0.27426358749811924,0,0.30370082982941954,-2.9554862296756839,-1.6721697865737424,0.66538507615935116,-85.063161984940848
2021-04-25 12:00:00,103.35325160309769,24.536996888566012,-1.4095669743915791,-3.8643306843111698,0.13367908675081316,0.14905235661079227,-0.10866836261940832,-0.04335620873044696,-0.0026983877946629908,-0.060776447959010202,0.29473485650437808,-0.0029979051859616752,0.26467515277498754,0.22582353962721988,0,0.3066125822886695,-0.96231974322444325,-0.1005711707491132,0.069636299881157007,-73.705182704004002
2021-04-25 13:00:00,103.35325160309769,23.23869936771403,-1.0045237215718785,9.9054540284149368,0.10302993002098706,0.26743482861235529,-0.11850016746239625,-0.04373072820685904,-0.0026983877946629908,-0.019846463299371286,0.27948942399893451,-0.0018240761294286546,-0.075140581042716481,0.27258722284918696,0,0.3363425389243167,-3.0539928875160043,-0.056305011989646526,-0.51085361633743953,-86.391474566854129
2021-04-25 14:00:00,103.35325160309769,24.324808049246229,-2.1669744427517021,9.9728064704428885,0.13563252582596022,0.2889733960056235,-0.11197820921160477,-0.04373072820685904,-0.0026983877946629908,-0.020259030175518257,0.29811249198560547,-0.0023873574526319242,0.10636708524028074,0.17934139321814863,0,0.38375237003422219,-3.31381919689886,-1.2430415627858151,0.80050683516072851,-84.289047206487396
2021-04-25 15:00:00,103.35325160309769,23.185561863968118,-2.4969907386118235,10.211089541975392,0.16851420707489254,0.21056538892111651,-0.11740361923918174,-0.046124166582397305,-0.0026983877946629908,-0.025836810854559782,0.29815303071385307,-0.01919703042867173,-0.14992035032606135,0.17922891281416939,0,0.14575254123194842,-3.7860256463960251,-1.5744963512748169,0.58382527356737957,-83.746125533920221
2021-04-25 16:00:00,103.35325160309769,21.019106872071188,-2.9361956875257036,9.2320274063249954,-0.050151438182118049,0.24703466866399199,-0.11850016746239625,-0.046124166582397305,-0.0032224318013618358,-0.026876069639414617,0.31995271498100908,0.0029855649159355783,-0.4786692910807423,0.17826742359247094,0,-0.13845474644246103,-3.5901198191176031,0.38132491158747761,-0.67026621766493844,-84.63715738559344
2021-04-25 17:00:00,103.35325160309769,23.626318262174539,-2.2716907861511655,6.6182857622079307,0.12727651310727692,0.21056538892111651,-0.11589925681998194,-0.046124166582397305,-0.0026983877946629908,-0.046798145938359376,0.35386011843348281,0.0012413459712297046,-0.0094157209109402718,0.17934139321814863,0,0.29592837219000967,-3.1227020309286773,-1.2033258214673439,0.56434225431469376,-81.259120172693599
2021-04-25 18:00:00,103.35325160309769,19.453926756751017,-1.4744721602198503,4.4173172798743607,0.25990260685678179,0.22619345865559651,-0.12329776059116858,-0.046124166582397305,-0.0036857907583117346,-0.055699145089480928,0.11682391416160677,-0.0077310688555906702,-1.5445656778964023,0.1181478609933302,0,0.17152612871248418,-3.8760699084925792,-1.3439541362353415,-0.34691137872293992,-80.386724902156942
2021-04-25 19:00:00,103.35325160309769,22.198134850050558,-2.0153908584268709,-3.7452943693685743,-0.13371983052173847,0.26266273839847193,-0.12143374776810723,-0.042516429508045614,-0.0042098347650105792,-0.053743866441229797,0.29349150997303614,-0.005412313311238124,-0.89340234250329431,0.12419818408021153,0,-0.1235973820058737,-1.8480444831665566,0.9987193630356419,-0.28746009574417264,-73.559962995003985
2021-04-25 20:00:00,103.35325160309769,22.526876012666154,-1.4482596687111029,-7.0837848295674322,-0.060438241470667224,0.059690779089065595,-0.11504357186216858,-0.03930566443767447,-0.0036857907583117346,-0.071590007012708068,0.17858453902586477,-0.012405600871572876,-0.69393940446158231,0.10255138957350832,0,0.26848028471235796,-1.3320399349962428,-0.31600926980492033,0.066215969107417422,-70.325396567985436
2021-04-25 21:00:00,103.35325160309769,34.389654475895071,-1.8071871525633569,-8.0403507627089894,0.0059716270706325261,0.059690779089065595,-0.10949515877192685,-0.03930566443767447,-0.0035536940321386113,-0.066206774090004444,0.44976583434774209,-0.014799683023600595,-1.6209034863282623,0.10167566436408368,0,1.4698572786614146,-1.1545827612050634,-0.75134772423449248,-0.34296243894763018,-57.099863010392404
2021-04-25 22:00:00,103.35325160309769,21.483033396721531,-1.5618363653539771,-6.8910442837152726,-0.097961931727320845,0.12197332701107762,-0.11872948960706471,-0.036912226062136205,-0.0042098347650105792,-0.075360430808498996,0.20894337707323646,-0.01149200950524476,-0.9296856329348373,0.10164607474104788,0,0.028861981615589515,-1.1389967390951534,-0.40100208019908951,-0.59183917664859131,-70.472572766394961
2021-04-25 23:00:00,103.35325160309769,18.799348714904287,-0.94442937111072789,-8.3593805280325597,-0.15372259447380301,0.079194520459604262,-0.12820644063582057,-0.036912226062136205,-0.0036857907583117346,-0.082761484131386634,0.069311995099994472,-0.079887853632883005,-1.8196430762291691,0.13496015825060978,0,0.16447945353288163,-1.2833650480597585,-0.10162955174412845,-0.45527507282598084,-71.552949977839916
2021-04-26 00:00:00,103.35325160309769,51.312342024762835,0.014903336160725564,-7.3839889287706511,-0.94112596331584453,-0.021813730147139224,1.7851839168806771,-0.019629748999410963,-0.0031886202872395217,-0.011723481860293218,0.64832491589346319,-0.011432660185309191,1.1312122305500836,0.11216160951118201,0,0.16193557377863946,-1.3589167294731277,0.20491825436497427,0.26980268170552757,-46.617532234141159
2021-04-26 01:00:00,103.35325160309769,107.5355102876546,0.53003673053785483,-7.7832745206523892,-0.13234243657430142,-0.042573593216366737,1.5956896994102374,-0.019629748999410963,-0.0049644751233828208,0.010396013817559786,0.9744895847795737,-0.087670071445901956,0.91777706975112439,0.17635983175982645,0,-1.1276985672340734,-3.9710618419984103,-0.31889412321257277,-0.86833569888952511,14.33395483184702
2021-04-26 02:00:00,103.35325160309769,113.20038360653258,0.47525776476105114,-10.291209970517302,-0.037665436381049376,-0.023539458867260842,2.1451422826668018,-0.15899266821111671,-0.0054885191300816675,0.016781889597099729,0.59019266635225487,0.1754051905776931,0.30023849566530775,0.1815553516064039,0,-2.0959205802825811,-4.3615506015692551,1.3476627469211904,-1.5758156562484422,23.165078506494208
2021-04-26 03:00:00,103.35325160309769,109.75785547502684,0.65073313705445923,-14.769060652448593,-0.088597462248605943,-0.029037185402774609,0.76053338712272467,-0.058131734815993708,-0.0070522588065610996,0.060071644579327954,0.60702549154821206,0.18807414596224023,0.23929838600299408,0.18060307652948041,0,-1.7249832719432889,-4.1894070465002535,-0.18284175154982088,-2.082380232305574,26.849756199151194
2021-04-26 04:00:00,103.35325160309769,109.95281188856515,1.5524057902837993,-11.677579982262097,-0.00026617946394091592,-0.027786364847529891,0.57229183189844313,-0.020637725488550283,-0.0054885191300816675,0.049988844872308834,0.58904732747577881,0.15719958978222406,-0.06465436731867534,0.24557164956063737,0,-1.4191171849986264,-4.2911526572889951,-0.43997473324001168,-2.0011789337902752,23.380891899423045
2021-04-26 05:00:00,103.35325160309769,106.46537184149503,-1.8110771259190857,-14.018794248360315,0.15753896230933018,0.064312388278523522,0.38680946373230696,-0.062131932101922312,-0.041070709600937103,0.033190331925466186,0.64853997810839781,0.22952568859783534,-0.19028701422055849,0.079377511264214773,0,-1.80010016389067,-4.3097649870677461,-0.34079274172633994,-1.6921271052877291,25.778971942356577
2021-04-26 06:00:00,103.35325160309769,106.14350096656806,-4.8826282228093136,-4.5396320459715076,0.17702864348782418,0.042250514132869628,0.26730515880429268,-0.027537358582452532,-0.012939361885887325,0.056522778435011148,0.55342530779393762,0.17098440981191895,-0.19272214342418065,0.20951908137768849,0,-0.54046562150885236,-5.8438826085430362,-2.0192364271964536,-1.8023177240695301,21.174574983618047
2021-04-26 07:00:00,103.35325160309769,115.56884410217032,-1.3273864413746799,10.194113215927784,0.59550627661188815,0.09870583150351725,1.5092506134171273,-0.16607422006768652,-0.011163507049744023,0.029382926409065164,1.5338869613133475,0.1198284330026881,-0.57030888721260964,0.61164789165014521,0,-2.1854294308542896,-12.11397028380792,0.21219796947118083,-1.030901760616693,14.716306910749532
2021-04-26 08:00:00,103.35325160309769,181.98564612497788,9.131391393826215,21.991078962848412,1.1423221906698016,-0.11980187382474926,1.0826924683931509,-0.055978667966683646,-0.0089667334058711155,0.40418597956069069,0.77465083937625778,0.18883785341250164,-0.49366262485015189,-0.20459345777819121,0,1.6620560978312806,-1.1729305808713568,-0.87243460844111775,-2.0625519877820064,47.246099270882098
2021-04-26 09:00:00,103.35325160309769,177.60766042531725,0.86510609650405479,20.489978141124226,-0.091054699007577455,-0.12429756072183294,0.99727105528962323,-0.04869958962065795,-0.0089667334058711155,0.15312407640387271,0.57352409574734731,0.05738005564401534,0.011114078978422719,-0.083587721610500987,0,-0.6306397726907057,2.0213006667324169,1.539332362892706,-1.1289074455581669,49.662431715518295
2021-04-26 10:00:00,103.35325160309769,166.45807699301824,0.72756341936618851,18.303676603884686,-0.08937208978611122,-0.13771395542121576,0.77437002557055101,-0.052587428545712515,-0.0089667334058711155,0.13474095748844142,0.53174111832713278,0.045462858715198319,-0.0076136934448590285,-0.073615481577579397,0,-1.7633919115359005,-1.0311638215254912,-2.076115925618486,0.14184471178012606,47.685966735649444
2021-04-26 11:00:00,103.35325160309769,172.19487815085552,1.014008800450114,19.223675797216828,-0.085292422312294655,-0.11892677254716669,0.70072967791331386,-0.016722329476218902,-0.0089667334058711155,0.33345157679857484,0.53066270455082931,0.064429652683301475,-0.03029686334318684,-0.11675620926544721,0,-0.27113509644120143,-0.54548387540765197,0.18087902675167697,0.14655646504725503,47.840813148544925
2021-04-26 12:00:00,103.35325160309769,123.87529237898507,-0.4524510204502048,-19.502697537837442,-0.068209185018576757,-0.072670805114429055,0.72063213030123774,-0.050167048493391923,-0.0089667334058711155,0.028114432175196189,0.50190375141111732,0.035110350957792032,-0.038143942172117147,-0.11427826314303564,0,-0.47554106972173354,-0.37607948712964662,-0.89102276251982881,0.25840498295480813,41.028102983093447
2021-04-26 13:00:00,103.35325160309769,162.75512057509005,2.1668516597611833,23.952498995984673,-0.031372343856492305,-0.11725803712851894,0.59083651613940957,-0.01301670499628549,-0.0040627635295349251,0.35948973257476124,0.57919968245789044,0.21689202704986862,-0.0070383286200615775,0.62971772183534902,0,0.53373855245856494,-10.855949027367284,1.2204487058354829,0.52095522531404437,39.659937358079418
2021-04-26 14:00:00,103.35325160309769,164.89492487465424,-1.839116339070954,17.727058130436831,-0.062827239658682255,-0.12930652322336914,1.1350658867060264,-0.051942056972772481,-0.0089667334058711155,0.11083813999424769,0.61020439872655141,0.078692028992070451,0.043669554248184889,0.014223219405537267,0,-1.6826276639799143,-0.98569624588927607,0.18618551047753631,-1.1029466038443172,47.499165808614713
2021-04-26 15:00:00,103.35325160309769,164.9596503787285,-1.9250790712447017,17.579612622506417,-0.064779549817467294,-0.097525732767900344,0.7237320885780667,-0.013933909458870301,-0.0089667334058711155,0.20807555490892457,0.52802114776883236,0.065265660845057291,0.014071780539865391,-0.08893289942547751,0,-1.3540304752472165,-1.1520993617017816,0.10356802511491811,0.1586597408579235,46.930739887579968
2021-04-26 16:00:00,103.35325160309769,157.65296451468069,-2.949996250541143,18.39132820434482,-0.064786286530815085,-0.11012004679665166,0.83593326821160696,-0.095822820845488724,-0.0089667334058711155,0.30336512276880651,0.52764741178316377,0.098773524895987327,0.023343764536148177,0.032354327724194429,0,-0.501088056912671,-3.4005717911258571,-2.6340711489887387,0.067950119354661651,43.784440303110756
2021-04-26 17:00:00,103.35325160309769,146.80586572806629,-1.6668818392346443,8.8232176031495264,-0.052794885239121937,-0.11012004679665166,0.90012556834830137,-0.095822820845488724,-0.0089667334058711155,0.19196289201532321,0.52603707021154422,0.10869595485567569,-0.002581865800390902,-0.22721491889002832,0,-0.13147077971777366,-3.3565780635800491,-2.0125617949143466,-1.3618174593678241,41.929386244180321
2021-04-26 18:00:00,103.35325160309769,146.40876701639147,-1.5282244948162735,7.4845679466303983,-0.079612660019826836,-0.11183161684655539,0.84678834704293227,-0.096957548452653447,-0.023966767374252886,0.19177365090059231,0.49181228017868267,0.08810197279613341,0.0403364025310134,-0.01474187569742999,0,0.43799721182027657,-3.0917774785423613,-2.0089654576175424,-2.0519960037338536,42.482211504494515
2021-04-26 19:00:00,103.35325160309769,125.01618317601215,-0.94067598514932094,-4.5649917125857442,-0.10055633904039674,-0.12358314766455168,2.4785651218946083,-0.15542335939162158,-0.0057028863691615042,0.18399048569278498,0.56702919946436003,0.14723379420338362,0.078063733356444398,0.072525150923905268,0,0.53856011588706376,-1.7619486416199397,0.36791764463305654,-0.098218421278567475,24.980146819957962
2021-04-26 20:00:00,103.35325160309769,113.54263308699039,-0.57258921986135336,-14.162053114348423,-0.080838653328609816,-0.023167826757953945,0.80800141602456543,-0.045241032536177408,-0.0058386183656782276,0.061213694405890216,0.49687625449032796,0.10425574400471681,0.080886768983165755,-0.15716757482893445,0,-1.3620744189034544,-4.6587204151679398,0.43401446646646125,0.43907510127729188,28.832748912338801
2021-04-26 21:00:00,103.35325160309769,123.22074994628181,-0.64611224541058776,-14.04833107002923,-0.086224626450407973,-0.024595015969881378,1.1034544232487296,-0.039288341990204256,-0.024406405731649618,0.053702884113399504,0.57575114007259576,0.097414538497432535,0.22799015114215146,0.17791188001910374,0,0.92535679272432103,-0.096357577706340347,-0.96754157030956611,-1.5730340606981534,34.21180744766238
2021-04-26 22:00:00,103.35325160309769,121.32939421401677,-0.60155017323868698,-15.405119461660451,-0.08129595185360497,-0.034177941457369951,0.73670204811291784,-0.018164116666357793,-0.0070522588065610996,0.060192973956276347,0.57635133711101671,0.10137553770897338,0.078562781322350034,0.17353381722492309,0,0.69996188647487168,-0.822879884749393,0.5835139341279677,0.92746066183456477,31.008727421477538
2021-04-26 23:00:00,103.35325160309769,115.48465677979759,0.3625258232612637,-9.4221488072791644,-0.10651249636632082,-0.028390515598387456,2.2368976698304457,-0.14807939348425428,-0.0050606698961515395,0.023033031479672506,0.62722387704885618,0.10127134793048333,0.20417784286773336,0.03987750233790701,0,-1.9032406892080393,-4.3449471045737456,0.37984266961902097,0.64239771875256158,23.472537369977971
2021-04-27 00:00:00,103.35325160309769,64.365129331629177,-0.13707202977930544,-41.455760070117655,-1.5661478060029974,-0.031433025343122319,-0.097085961866089254,0.66682033282559317,-0.0032848150600082397,-0.015430038217937807,1.3160621150034015,0.034596257218567857,0.68573009529563089,0.25688476164579749,0,-2.6347394649447358,-5.3789053664006863,-0.063500249101564876,-1.0813745345042682,10.516517527880945
2021-04-27 01:00:00,103.35325160309769,105.03854205046351,0.40014666268359927,-7.5463234991447852,-0.33474783389748675,-0.033229307920668444,-0.099497192456069736,0.01571674830382512,-0.0050606698961515395,-0.036096914657910782,1.0103456838278204,-0.14735498341948461,0.80104858406426571,0.19642482101610134,0,-1.0684699930443426,-3.8412419336971553,-0.42933649132095381,-1.7997538978649767,14.602720664790191
2021-04-27 02:00:00,103.35325160309769,111.38226395622499,0.44601406789972808,-10.304143924397044,-0.055376562843987093,-0.02046709210454448,-0.087495593618589371,0.66830866453331861,-0.0054885191300816675,-0.010645734155962889,0.59325348031069425,0.17149278579604785,0.3086929362079926,0.19183832365768883,0,-2.4523490776537806,-4.3747944281706683,1.3599444621959513,-1.5836837479910808,23.183912312591708
2021-04-27 03:00:00,103.35325160309769,109.92452591304108,0.60190797274854357,-14.52812273206191,-0.10407215601943985,-0.023415627693568471,-0.053112591124424346,0.14424872145145198,-0.0058386183656782276,0.049989194453640938,0.60850443762085393,0.18569170009166885,0.24261160417864058,0.025602835553957537,0,-1.5306334440897948,-4.142519577974749,-0.11987788971777803,-2.1402148777033188,27.360525358595307
2021-04-27 04:00:00,103.35325160309769,110.24800199011092,1.4699207388246376,-11.070089408077079,-0.073606175815659855,-0.024713998084813543,-0.048291026387427313,0.018866674832385508,-0.0050606698961515395,0.042044416948463177,0.57801678669997836,0.15475577225404524,-0.059391899076271189,-0.10699877757483886,0,-1.2464067479168335,-4.3144416804240988,-0.44820111016180786,-2.0769259821072876,24.10527347297602
2021-04-27 05:00:00,103.35325160309769,108.35143126460889,-1.1330659267981364,-13.891821460616271,0.1243827638118217,0.16683356411230318,0.038780992954725507,0.16672173709948598,-0.015678003561718355,0.026127455900166966,0.71407813822150346,0.22790796898860277,-0.17886163194414378,0.159912598288143,0,-1.6464237099795973,-4.1993329259908014,-0.2457305222297467,-1.7181498555947383,26.402498478849623
2021-04-27 06:00:00,103.35325160309769,107.17207641901123,-4.3093873510572713,-4.4436474156365824,0.16502486620592646,0.08078230881499654,0.010307491474367726,0.053525508955732506,-0.0087675267766265906,0.052776699765600829,0.58128861484550021,0.16883665493851063,-0.18011103099392445,-0.025560125731600845,0,-0.43985384889595175,-5.7964580880046741,-1.9667135089807068,-1.8913356065632936,21.76811717355357
2021-04-27 07:00:00,103.35325160309769,112.35778271967582,-0.70830620496344954,9.613101237633094,0.31853934816285651,0.22220259454520752,0.05552848181024863,0.70343102878049246,-0.0069916719404832864,0.0032807089775433334,1.5094979928167962,0.11865539798183279,-0.55458336694905674,-0.80585428737721687,0,-2.5985142583534384,-12.122463826622905,0.20291828491657191,-1.3288948175381525,14.382984474698281
2021-04-27 08:00:00,103.35325160309769,176.98094810696341,8.0776240590891923,21.735394387421103,1.1427612722911911,-0.1131256807521601,-0.15215946934546931,0.14291274255309727,-0.0089667334058711155,0.39833053644912453,0.74638420396276883,0.18697525406581811,-0.49293710953878356,-1.8085865988790593,0,1.5446963134918275,-1.3605858157043678,-1.1346039567064188,-2.0796946656278958,46.803277764501743
2021-04-27 09:00:00,103.35325160309769,176.63824324053542,0.7837466051725811,20.541037517036891,-0.097358678846481084,-0.1187876624330398,-0.12286326337359618,0.097097899368266669,-0.0089667334058711155,0.14623550938369326,0.57850752859491872,0.051830297208879023,0.011369599371868213,-0.26922716406848496,0,-0.56899992395613996,1.99770469264796,1.3750883656471313,-1.1246123972504931,50.013189446339773
2021-04-27 10:00:00,103.35325160309769,166.27080918953573,0.60453969035829713,18.384500846943642,-0.095676069625014876,-0.13138521486765858,-0.055702493234887102,0.11002039268013343,-0.0089667334058711155,0.12785239046826199,0.53672455117470419,0.043281317499052181,-0.0073581730514135245,-0.10363773645678644,0,-1.7017520628013345,-1.0402310954114091,-1.9686499121227841,0.13837348135584601,48.085624406935274
2021-04-27 11:00:00,103.35325160309769,171.79968249931639,0.92905467962327482,19.306855395253542,-0.091596402151198339,-0.11330489224112987,-0.047368633249165362,0.027901456242313202,-0.0089667334058711155,0.32656300977839531,0.53564613739840072,0.062248111467155323,-0.030041342949741347,-0.31073373321866682,0,-0.21446421110806474,-0.60184312611257773,0.29609589512548706,0.072205082234708964,48.308180203531805
2021-04-27 12:00:00,103.35325160309769,123.83901298523429,-0.54049059150125867,-19.41175226146364,-0.074513164857480371,-0.066946750292640786,-0.04621579702043839,0.10168370834556033,-0.0089667334058711155,0.021225865155016656,0.50688718425868817,0.032928809741645894,-0.037888421778671647,-0.15086070822811076,0,-0.41390122098716725,-0.38503110773249127,-0.77180362312787576,0.25438474875953532,41.477021446271806
2021-04-27 13:00:00,103.35325160309769,160.36591823436407,2.0300112878536867,23.268623190132836,-0.039228785096819936,-0.11147202777776166,-0.037443491429600254,-0.02947482418933408,-0.0040627635295349251,0.35012166562269142,0.53872169716778728,0.21956746810860633,-0.0054757018970381013,-0.52377093159170374,0,0.59406454153776744,-10.912156105061662,1.4200122119766745,0.55321067478653274,39.701418524653356
2021-04-27 14:00:00,103.35325160309769,163.46555988959221,-1.9274193255118148,17.775894654490074,-0.070683680899009865,-0.12292305941580232,-0.14771360064926506,0.10889133031640365,-0.0089667334058711155,0.1040877889994743,0.6155611647501118,0.076510487775924327,0.045148356245512659,-0.04817061335973441,0,-1.633074411065311,-1.0196004459614842,-0.15537139143912002,-1.1084831503275066,47.628620915951991
2021-04-27 15:00:00,103.35325160309769,164.86832565884015,-1.9666637924280015,17.66504770758122,-0.072635991057794891,-0.090707264998851955,-0.044534992750034044,0.069084585361004619,-0.0089667334058711155,0.20107071970792073,0.53300458061640377,0.063084119628911139,0.014327300933310902,0.25724821453558994,0,-1.2956981919920991,-1.1240612043760945,0.025377497808218255,0.18460735015403029,47.105490150424544
2021-04-27 16:00:00,103.35325160309769,157.51768418260826,-2.9777085743006264,18.536681343351017,-0.072642727771142696,-0.093882014301948438,-0.065875537983423868,0.29883212428415956,-0.0089667334058711155,0.29636028756780258,0.53263084463073518,0.09659198367984119,0.023599284929593671,-0.30614114185047514,0,-0.43240334211772058,-3.4493684557633726,-2.4383846037591468,0.020042715284075873,44.205067127037076
2021-04-27 17:00:00,103.35325160309769,147.02571627998887,-1.6943998051113363,8.961435305971678,-0.060651326479449583,-0.093882014301948438,-0.066070683707608782,0.29883212428415956,-0.0089667334058711155,0.18488991415517475,0.53102050305911563,0.10651441363952956,-0.0023263454069453911,-0.28960875165529987,0,-0.072845341160745758,-3.3662458867398888,-1.7653617804328605,-1.3649638215148405,42.375094905698283
2021-04-27 18:00:00,103.35325160309769,146.13706770216055,-1.5404559641844486,7.5987969100411519,-0.087469101260154475,-0.097030058303528927,-0.067807567636948715,0.30410650631005487,-0.023966767374252886,0.1846867454068529,0.4957849237573706,0.085920431579987272,0.041296505288093671,-0.38470291685182501,0,0.44150194306206703,-3.2069316040609888,-1.8156091515140793,-2.0546726617011992,42.910367926504797
2021-04-27 19:00:00,103.35325160309769,121.89812466550592,-0.95384654773522148,-4.615175165986158,-0.15120991693557564,-0.11994130973887542,-0.13381080361731557,0.75131798004574923,-0.0057028863691615042,0.15597008843853613,0.56903336338560129,0.14123825137637105,0.073737089344996759,-0.33936338803056454,0,-0.035640585332209138,-1.8201683087588187,0.25912657414051121,-0.11169066538111258,24.880999293561359
2021-04-27 20:00:00,103.35325160309769,114.43227938816391,-0.61426542416686203,-14.157353494914801,-0.088695094568937455,-0.017977105313085974,-0.05187634206871361,0.098770025073015272,-0.0058386183656782276,0.054126788912150808,0.50084889806901589,0.10177814013380015,0.077443484866831697,0.67416669170444798,0,-1.2047330912811771,-4.6306421103283091,0.3612813846234969,0.44028051844538063,29.54171313424564
2021-04-27 21:00:00,103.35325160309769,121.71172637348643,-0.69825513817596252,-14.094778219710118,-0.093878381856155865,-0.019839298486495096,-0.14345521408717574,0.035588354411505624,-0.024406405731649618,0.046817701272321904,0.58009711682727305,0.095477877018737334,0.23140277411095128,0.18819485207038872,0,0.96022073264628316,-0.13144507547616999,-1.2651898299599753,-1.5774259038102927,34.269348829325288
2021-04-27 22:00:00,103.35325160309769,120.77804295105764,-0.7209192580875784,-15.323045900847745,-0.088949707259352861,-0.029859435450046865,-0.050949786936158842,-0.072879742583857085,-0.0058386183656782276,0.052243687179527411,0.57769998348696183,0.098897933838056742,0.074314619460118539,0.11600163434076396,0,0.72830180360341223,-0.83037371622359435,0.51475414905199746,0.93260468341804337,31.452789019334965
2021-04-27 23:00:00,103.35325160309769,113.05544889676176,0.22909083891397075,-9.3278793524614301,-0.19267397601221056,-0.026164605701333547,-0.093082847704335184,0.61780619579568674,-0.0050606698961515395,-0.0080796646800137383,0.62737634916023721,0.097263785148492779,0.20427757300165081,-0.070386578894072696,0,-2.2461082199765117,-4.3607498977775823,0.24751066211346376,0.59946572579870328,23.409591976835518
2021-04-28 00:00:00,103.35325160309769,61.396212673070814,-0.21647078270380959,-41.471432078119868,-1.5567744062364877,-0.031607372821829245,-0.14154749143405962,-0.53076755513975959,0.013392272565290346,-0.05981165738999826,1.3194849379287943,0.034596257218567857,0.6852427282254766,0.34956742585865569,0,-3.7425657011252778,-5.3785651777958048,-0.11692868078042547,-1.0736524492258595,9.9608008009496416
2021-04-28 01:00:00,103.35325160309769,105.13926145630813,0.42875442644037803,-7.3808452571456655,-0.33474783389748675,-0.033286979549388904,-0.10219466610441816,-0.037317766728148599,0.0192241320153188,-0.038200903840120023,1.0113014313772111,-0.14735498341948461,0.87478907317758881,0.19672392941498559,0,-1.0843327391791227,-3.8407596913464443,-0.49400751386102632,-1.7983687732324902,14.54663396908874
2021-04-28 02:00:00,103.35325160309769,112.34887512559382,0.442770700215258,-15.85904312628311,-0.043587999791526548,-0.019085568529530382,-0.057132377327702308,-0.10361111238732869,0.021664061306107044,0.041518052885319241,0.63692164230420634,0.16946202679892525,0.30283560499363649,0.061779776226198777,0,-1.6330383816220282,-4.6236705337654174,1.5732501930913902,-1.7186219695940292,29.803212533975827
2021-04-28 03:00:00,103.35325160309769,105.15719373629911,0.50328155867449442,-10.581194814468455,-0.1494073916997132,-0.024571946892880031,-0.13553206992336245,-0.53002338928589687,0.0192241320153188,-0.049414724022415125,0.60965989022485489,0.15467038992605558,0.24419197796724076,0.056601601535654057,0,-3.7211788754349597,-4.3216558562212093,-0.43044765744969776,-2.015867522071833,22.175606830328228
2021-04-28 04:00:00,103.35325160309769,107.02655092596,1.2395115903369482,-19.251673190686866,-0.027500973715271354,-0.020766474114764871,-0.061460363551401678,-0.10361111238732869,0.021664061306107044,0.053401285709941265,0.57257780119212554,0.15370969455544248,-0.092943322994036626,-0.85887143828290058,0,-1.6901437996431172,-2.3380059840930385,-0.58729584836340509,-2.5055519590368602,29.170259356630723
2021-04-28 05:00:00,103.35325160309769,106.21947713456241,-1.2759966029318457,-14.126834490711779,0.11641684049345906,0.1622195155074532,0.02559080725423693,-0.12144414343769268,0.05252395123914199,0.024218344450773553,0.79923980472109313,0.16257130341312337,-0.1637732295484714,0.11417504549814698,0,-1.3928806509510099,-4.9311739109386439,-1.848786290561707,-1.0525007822422026,26.322660020210726
2021-04-28 06:00:00,103.35325160309769,117.97134271445792,-0.71093620800001867,-11.711009684703173,0.16000710615754371,0.18976787885499874,-0.0030980509405993265,-0.024751876451578312,0.13216471108941899,0.10299600775618431,0.64570184045976242,0.14381410679015635,-0.20587142334775577,0.24092440251463637,0,-0.4284890084791419,-1.5126776799025459,-0.37626274213694905,-1.6718613530550026,29.647673084754338
2021-04-28 07:00:00,103.35325160309769,149.07705642924068,-0.022599003017758683,16.074218543912732,0.2773324719591877,0.19168822752365366,0.027721379173387288,-0.1893889170808955,0.045350201009969053,0.091405198752819494,0.99761229076541535,0.30067320326700409,-0.46712942263952562,-0.71507297086837207,0,-0.51513443980867479,-0.93512759817320379,-1.0895813956923268,-1.2710058868011627,32.922842943860722
2021-04-28 08:00:00,103.35325160309769,176.94443616121572,6.9448726010979387,26.094350112372545,1.1465475708531896,-0.15054549671636822,-0.18558961633207244,-0.1154698963890495,0.032653161123935522,0.43361853905042236,0.80100552161392724,0.12953913705831832,-0.54847690338561128,-1.8742938088389247,0,1.3645647425322225,-0.8938954965726863,-0.2526450033141846,-0.95036282949407092,41.615312223458552
2021-04-28 09:00:00,103.35325160309769,175.39069206014258,0.74175260308808288,20.235786449001058,-0.098683779346259298,-0.091118299669581876,-0.12869235869331641,-0.10188636274114475,0.032653161123935522,0.11142701172015802,0.5888612207219065,0.057533175593806746,0.016809772958905869,-0.07806379044242473,0,-0.86963783984672738,1.6617388498540286,1.336124051352134,-0.9737788388313221,49.596615431201798
2021-04-28 10:00:00,103.35325160309769,169.30365306130105,0.81498144089393121,18.788630137478016,-0.095676069625014876,-0.12792484079568747,-0.052386770370405983,-0.08956416161979211,0.032653161123935522,0.10628851004997128,0.53312459552428559,0.047829854818189223,-0.0041421420427854138,-0.2557784783520623,0,-1.7394852076346869,-0.65693531187082055,-0.23633625682212991,0.13072518383305962,48.754397813615384
2021-04-28 11:00:00,103.35325160309769,166.001092601605,0.69521177771854037,18.366084446184452,-0.094350969125236689,-0.12677676729200596,-0.054162403695898781,-0.10569397854663358,0.032653161123935522,0.198467790530127,0.53581776448878327,0.04886684175555641,-0.01149347206262245,-0.99767139446627984,0,-1.2989955749555793,-0.94088375783294576,-1.7767960158123428,0.092490437814872886,48.085073112680675
2021-04-28 12:00:00,103.35325160309769,123.49282597852566,-0.56158533614214523,-19.542940932885351,-0.074513164857480371,-0.067269490038684696,-0.054537910497145639,-0.103273598494313,0.032653161123935522,0.015287440965353269,0.50839603964273294,0.032928809741645894,-0.034672390770043547,-0.15560839802582657,0,-0.57041979653966646,-0.35522417636423703,-0.80424220598302509,0.080573821210446872,41.794022503341758
2021-04-28 13:00:00,103.35325160309769,173.66461085079331,2.1178938596204864,25.921055196783172,-0.0367990199844054,-0.11473821954387733,-0.048015342710682779,-0.084725804410366021,0.020210120733667278,0.35979860048243884,0.52965292565065203,0.1720273006980706,-0.023730743634288627,0.059771420806575333,0,0.06760740326979503,-1.5118586819251101,0.94055318176263947,0.49126271488768847,41.451394335209272
2021-04-28 14:00:00,103.35325160309769,163.13737270047883,-1.6800662950950136,17.636565507154828,-0.11423124864231181,-0.13293018853225144,-0.15524469825708706,-0.089575219389259525,0.032653161123935522,0.099963878265248315,0.59994485696809363,0.049546650490130288,0.037570008324117631,-0.065054243262913217,0,-1.8251003654804021,-0.49799601595750348,-1.3663338535405347,-0.87790952013522083,48.132318683347322
2021-04-28 15:00:00,103.35325160309769,157.48331080558717,-2.9753304771593845,16.57416820062247,-0.067078659533016144,-0.10231803596111208,-0.080881109055343139,-0.15299854692312737,0.032653161123935522,0.18169868191889579,0.53317620770678631,0.098660646728660192,0.017543331941939036,0.50786757747352873,0,-1.5056763956751333,-3.6338844070710046,-1.6163377304718294,0.12961457937643209,46.189182177446718
2021-04-28 16:00:00,103.35325160309769,156.2134199287083,-3.0132220460910122,18.201028021478606,-0.072642727771142696,-0.10343785853980625,-0.091794287879609901,-0.17592979865013836,0.032653161123935522,0.33276912942239006,0.53970780308961641,0.10498787391143793,0.025738009783928661,-0.33213185148254942,0,-0.38075454411929838,-3.3886590717626874,-2.746796964666455,-0.48057039653111128,44.409223874294447
2021-04-28 17:00:00,103.35325160309769,147.80207016935208,-1.7561370677155204,8.6304976908646065,-0.060651326479449583,-0.1038465162833624,-0.08344329934135214,-0.17913462848774395,0.032653161123935522,0.2212987560097622,0.542205956763815,0.1149103038711263,-0.0010496030982542423,0.57692505145553385,0,0.13549588972126728,-3.2037347747871032,-1.8439427789231533,-1.5289925465212857,42.955764298081512
2021-04-28 18:00:00,103.35325160309769,158.02347151687351,-0.67564628304561847,8.8470258428916146,-0.090650514458837483,-0.089980099221152438,-0.066500164706768547,-0.11466906438352634,0.093247357748685616,0.17874832121718948,0.52742356841339888,0.051147583676474165,0.064105829705546333,-0.020102644433647805,0,0.37084218199785379,-0.56637729172114804,-0.13683748167207538,-1.7982083573358876,48.096651129103677
2021-04-28 19:00:00,103.35325160309769,141.14603082769028,0.80145706845352915,-6.3349865544034021,-0.092378773427510441,-0.10786933166023563,-0.19220300948158819,-0.1143924377082883,0.093247357748685616,0.21158589215184323,0.51133677183796145,0.0939301323425972,0.087585608113076835,-0.26266378902514492,0,0.74929016279407878,0.92399628184619842,1.2584443559042433,0.55949935359304293,39.606900135513527
2021-04-28 20:00:00,103.35325160309769,118.45162807839004,-0.64526184054871094,-14.611386387652571,-0.092779706758173652,-0.026330195670013531,-0.048066062156078421,-0.08983727172986776,0.027383870962840218,0.035931814358376002,0.57239528517295568,0.095726748561708028,0.09468316769287001,-0.86037995111879995,0,0.95967871308822084,-0.5503600390009501,-1.1852517985510838,0.85772457519790613,30.564505553443606
2021-04-28 21:00:00,103.35325160309769,115.05633717631028,-0.80965829892007102,-16.955552865022888,-0.080737409189439155,-0.01824394458145643,-0.058565459424868002,-0.096579607743729826,0.025470479052512422,0.049025092638285354,0.56403163569727921,0.10180721331518612,0.032699517990077386,0.27055822531004858,0,-1.261546015179388,-2.1811483043423974,0.25616439164698523,1.5826299681532863,30.28273095381304
2021-04-28 22:00:00,103.35325160309769,110.88905975607767,-0.64218970626054905,-17.313312430925947,-0.10019091521627099,-0.023775274669455945,-0.06263675554731922,-0.069517961383449442,0.021664061306107044,0.043896914365967925,0.6476352736897345,0.1027772626638444,0.30102615362525187,-0.79743505770369827,0,-0.65098982822866369,-2.0884027936501837,-0.21922803902281077,-1.2966452114050393,29.683132461342392
2021-04-28 23:00:00,103.35325160309769,110.63112299252747,0.39187131985858015,-13.903677265267776,-0.1386885704245851,-0.026267816942008006,-0.13143948286448934,-0.47791453381119697,0.021664061306107044,-0.020885123774947299,0.65435027612162511,0.097933740454057006,0.21856375360965849,0.069843616042014792,0,-2.7503236716384247,-4.5098409955147449,0.15263576620295735,0.24185684445362962,27.38818947161931
2021-04-29 00:00:00,103.35325160309769,66.167242826033814,-0.14746754211199753,-41.228133757131488,-1.3905129067676572,-0.036961122628322372,-0.043615713166456835,-0.020772372536838533,-0.0032848150600082397,0.72283599116277775,1.2676752074782878,0.033945436212922363,0.62222722786110185,0.11072828375779589,0,-1.5517750608459369,-5.3728823004416393,-0.61780355015790345,-0.87561553315125062,11.345403750462786
2021-04-29 01:00:00,103.35325160309769,107.80444762329961,0.33991994446068696,-7.4063289367249201,-0.24326368795315642,-0.03804922388598167,-0.056797835359163509,-0.020508561901561872,-0.0054885191300816675,1.6100573739308897,1.0127756371491463,-0.070411920890749963,0.81968769132490449,0.17076944884671369,0,-1.2473087521942032,-3.7343878461837803,-0.1719322779788148,-1.6403931154669318,15.132856602158947
2021-04-29 02:00:00,103.35325160309769,112.35557946168143,0.35724953188427749,-15.156365958852714,-0.040359332715859626,-0.023303420210578005,-0.044622386961615218,-0.053998142254845644,-0.0058386183656782276,0.46630326585569476,0.63543365372998395,0.17297214525698998,0.2994235972114368,-0.061650635288393783,0,-1.5990822456492264,-4.664350042321681,1.5862219829108932,-1.7112548897689861,28.845549354124124
2021-04-29 03:00:00,103.35325160309769,110.49794820419078,0.42133806947644598,-9.9284385044103196,-0.11130548149666426,-0.029834956204295986,-0.065657127192582737,-0.15907715527302391,-0.0050606698961515395,2.0981749558972353,0.60699892397906818,0.15570008006090502,0.23830479062878576,-0.0091357913414295312,0,-2.3147444903522985,-4.2829887193794356,-0.45337090649867862,-1.9994351138027779,22.98322869689833
2021-04-29 04:00:00,103.35325160309769,107.90322521425922,1.184441731015023,-18.703676513257101,-0.021647024613272028,-0.026613723757165114,-0.048960280434320186,-0.053998142254845644,-0.0058386183656782276,0.42351526660857808,0.57202784495450887,0.15442020613455798,-0.095415018566230192,0.032947390045226586,0,-1.6768050336207649,-2.3762800873085186,-0.61371529549347026,-2.4902322368298577,28.295803146904841
2021-04-29 05:00:00,103.35325160309769,105.95096116275607,-1.4034095280822918,-13.733407599340147,0.11217733554631541,0.13816991291026745,0.037544879480232683,-0.071831173305209634,-0.015678003561718355,0.50764179095022843,0.79280272457979395,0.16378591755003941,-0.16581087531363697,0.076007287756852171,0,-1.3506346343504516,-4.9099798324644386,-1.9208943827284255,-1.0399193450927879,25.381145085123833
2021-04-29 06:00:00,103.35325160309769,117.6793937392417,-0.2182434765255673,-11.391175950775528,0.12217232109150196,0.18243490801346196,0.0059605679134885443,-0.018725692461117178,-0.015678003561718355,0.19037158566815893,0.62329178820467557,0.14163241432490725,-0.20828665684339637,0.10720784083058967,0,-0.52707465230912687,-1.4810681026002368,-0.43449919814178078,-1.6436812641783067,28.891503707494081
2021-04-29 07:00:00,103.35325160309769,151.34724606167097,0.64910918802373752,16.790385057595358,0.27309296701204405,0.20632927955444574,0.039431071497376881,-0.13977594694841247,-0.013902148725575053,0.28832590168181355,1.0302089456445116,0.30039221913617764,-0.46848903164480937,0.29152162985288366,0,-0.47393923499215052,-0.90396744712219879,-1.0663254061508975,-1.2731150458790075,32.464712460037944
2021-04-29 08:00:00,103.35325160309769,172.48178839933621,6.6207054171252286,25.309486866791651,1.1456486794251284,-0.18688658636793126,-0.17361118055687177,-0.065856926256566459,-0.0089667334058711155,-0.76001174571032415,0.78067217495754615,0.1179714232581611,-0.55099643049139613,-1.8487513449607769,0,0.99955870065553132,-1.2279928436041276,-0.35268393141489246,-0.94784208733186182,40.278093344125885
2021-04-29 09:00:00,103.35325160309769,174.9272042456156,0.81333781028119356,20.05258675249582,-0.092829830244259948,-0.094434510618222209,-0.12597760485414222,-0.052273392608661727,-0.0089667334058711155,0.24081674737794201,0.57047078050712996,0.054740905970367723,0.013709601994128101,-0.10777638806489706,0,-0.32357776728261917,1.7582624989597846,1.2542704506223432,-1.0049186793740492,48.626512000761998
2021-04-29 10:00:00,103.35325160309769,168.72343804040756,0.79580575173345214,18.607459137296722,-0.089822120523015497,-0.13543789347019167,-0.039809813515536113,-0.0399511914873091,-0.0089667334058711155,0.25549572021377787,0.52552487084856081,0.049030569818236176,-0.0072423130075631821,-0.17660614869050045,0,-1.2501361512461036,-0.68562859314713021,-0.3030585031723228,0.13057814704885121,47.742951702015809
2021-04-29 11:00:00,103.35325160309769,165.05884982105604,0.62778176105448658,18.046018592863181,-0.088497020023237283,-0.1478347245525975,-0.051447649856724481,-0.056081008414150542,-0.0089667334058711155,-0.0078424040263641373,0.52783406735062477,0.049343860601088703,-0.0145936430274002,-0.3815414486868523,0,-1.1014281975124778,-1.0756377804573058,-1.7193865296689625,0.062765740510413434,47.045111335210557
2021-04-29 12:00:00,103.35325160309769,123.49282597852566,-0.54607376559045351,-19.360092526122695,-0.068659215755481021,-0.069487003418731152,-0.041960953642275783,-0.053660628361829978,-0.0089667334058711155,0.54291218770060368,0.50481643722178882,0.034129524741692861,-0.037772561734821304,-0.15063989785299517,0,-0.4194934764958706,-0.36224476335766259,-0.74538877316884344,0.081668011286136849,40.840488513385246
2021-04-29 13:00:00,103.35325160309769,171.25642331616544,2.0385091940097433,25.683176386661049,-0.029392014889750212,-0.14892001928139478,-0.035324167470120391,-0.058586186128023812,-0.0063261093137161502,-0.55310267329087826,0.55057307782093834,0.1701109952648312,-0.024563842250360922,0.66449143764266605,0,-0.33674901383772277,-1.7528239331766597,0.82815002068042065,0.47502956084210679,40.438918999784654
2021-04-29 14:00:00,103.35325160309769,162.71121252847803,-1.6045820238193256,17.468224427345717,-0.10682424354765661,-0.14044324120675566,-0.14280515243198,-0.039962249256776473,-0.0089667334058711155,0.28539308440039068,0.58395321416813517,0.050023669335662581,0.034149971842268964,-0.030061916218304952,0,-1.2830237472570283,-0.52707346630846463,-1.4044006792615131,-0.88166307316876502,47.106023084170602
2021-04-29 15:00:00,103.35325160309769,154.80508011421031,-2.9688157759832077,16.277012176361104,-0.059671654438360894,-0.12424820865924845,-0.07805213683047639,-0.10018074695303868,-0.0089667334058711155,0.057625181234111443,0.52519251056862759,0.099137665574192513,0.014443160977161241,-0.41530264279802082,0,-1.3058910710423635,-3.8057438609069703,-1.642970301577811,0.12565636380802417,44.86260458518467
2021-04-29 16:00:00,103.35325160309769,152.94291046537194,-3.00709786471276,17.575342958052406,-0.065235722676487543,-0.12973464220559061,-0.07910311263904754,-0.12631682851765533,-0.0089667334058711155,-0.36945673676337093,0.52738240209503517,0.097323954364656712,0.022637838819150921,-0.3454110499625771,0,-0.7352370125260852,-3.7036129716525115,-2.6672454918841577,-0.47949190855422757,43.083881784443271
2021-04-29 17:00:00,103.35325160309769,145.82550887925535,-1.7495538446088452,8.443318114267246,-0.053244321384794353,-0.13014329994914672,-0.070684745862500967,-0.12952165835526094,-0.0089667334058711155,-0.042421623347167065,0.52988055576923376,0.10724638432434508,-0.0041497740630320103,0.58107978173891084,0,-0.064013891051909966,-3.3721054554899275,-1.7858096910068495,-1.5291904299795074,41.750537908562706
2021-04-29 18:00:00,103.35325160309769,156.40707696550828,-0.63849108737771121,8.7289034342488367,-0.083243509364182261,-0.11601157884831874,-0.053727839833805802,-0.065056094251043278,-0.023966767374252886,0.070491497092382421,0.51185079767673436,0.051516718321468993,0.052306495086986884,0.04994233282190489,0,0.21259443041736528,-0.79309038739237092,-0.015739106219157244,-1.8241975584656527,46.989743585871388
2021-04-29 19:00:00,103.35325160309769,139.07164902815592,0.8071250724018344,-6.5431975981425579,-0.084971768332855219,-0.13416611532601999,-0.17943068460862538,-0.064779467575805216,-0.023966767374252886,-0.039030725901376045,0.4880722322815032,0.092017890262366203,0.075786273494517442,-0.27594298750517249,0,0.64105062734487661,0.81668735905110257,1.1756016381411305,0.55545440647823419,38.412088040369348
2021-04-29 20:00:00,103.35325160309769,118.91285646692603,-0.61880761897558934,-14.1919093906988,-0.08537270166351843,-0.030629855204078554,-0.045155940298811273,-0.040224301597384715,-0.0076623257924627181,0.49228693484349989,0.57004748996766375,0.097260541254357971,0.092211472120676444,-0.35703376550490196,0,0.97065923811392807,-0.58239154986371222,-1.1866939652432527,0.85626168339322239,29.626758918977426
2021-04-29 21:00:00,103.35325160309769,114.93566128898966,-0.70311528307150084,-16.278338341922996,-0.077863552903399399,-0.02350695389287237,-0.045788035079882342,-0.046222471757384115,-0.0058386183656782276,0.45474757919108294,0.55648526092053074,0.10283690345003557,0.029016639851004243,-0.020966037474688531,0,-1.2474656138852527,-2.2176860438519781,0.24497945983653244,1.5600729086658269,29.301061886182502
2021-04-29 22:00:00,103.35325160309769,111.7657340443769,-0.68817607949080262,-16.71653004764319,-0.092987529108018191,-0.02866349699766868,-0.049859331202333546,-0.019904991250966422,-0.0058386183656782276,0.46677989926813207,0.6415260068195231,0.10425273719056999,0.29835083906665594,0.016422660311653573,0,-0.61693523294213426,-2.1147042067085819,-0.25233190978248504,-1.2982895889901158,28.769371331104608
2021-04-29 23:00:00,103.35325160309769,114.96099349505795,0.33026925208403912,-13.10870491673894,-0.10155056181271002,-0.031530826253423981,-0.070930770080171915,-0.15109802811253439,-0.0058386183656782276,1.7671567908089518,0.65077601792248319,0.10093975635432123,0.21463099975562186,-0.068390308088857529,0,-1.5216546955683197,-4.5447150386488895,0.13018489023776572,0.24631732389141048,27.771880624575196
2021-04-30 00:00:00,103.35325160309769,53.247676661600188,0.012538139940482907,-42.77954679240213,-2.6005594091543536,-0.03581700034795722,-0.059786439209760567,-0.038325743217287919,-0.0027575896242323459,0.020241605257441918,-5.6721939312123002,0.01974931763006987,0.24202892746109178,0.18423570423621494,0,-1.8300292156171136,-5.6439890585362447,-0.60068019955906893,-1.0798704315861563,9.7591871744438965
2021-04-30 01:00:00,103.35325160309769,96.742881404927189,0.52764467199531173,-7.7996673531082479,-1.5657526529945982,-0.037823272018338343,-0.10491736689302956,-0.038061932582011265,-0.0040918453976948746,-0.036378578732198602,-4.2125394364844659,-0.084274114145352255,0.56240662284738629,0.25592440110959624,0,-1.4172501326703548,-4.1221960743321633,-0.32347461530563854,-1.6422068575509623,13.432288338092221
2021-04-30 02:00:00,103.35325160309769,102.95151073767256,0.63229084687413384,-14.115847252458448,-0.64659743708543194,-0.024607567876620082,-0.13268722682011758,-0.48882780853805941,-0.0056555850741743068,-0.028914861864365114,-4.2493322418368527,0.15297819548382546,0.12956103337167138,0.21406071047007152,0,-3.453013648273076,-4.6063041227847172,0.97887755359988604,-1.6872620010282786,26.92954054841557
2021-04-30 03:00:00,103.35325160309769,96.827152383840996,0.58860710977889086,-10.001815683097234,-1.0463520295377799,-0.031348688169678667,-0.13396246332183057,-0.53002338928589687,-0.0036639961637647475,-0.0574735443281289,-4.374815655513272,0.10364703228740159,0.079985919674396319,0.084494349155549986,0,-4.2355737075080278,-4.4707752387422639,-1.6358985473689798,-2.1554497484256481,21.294319061309658
2021-04-30 04:00:00,103.35325160309769,98.363319044966389,1.4616212066900856,-10.477633870533092,-0.97624636846638857,-0.027537567071757692,-0.15023187498405316,-0.54773697109682307,-0.0040918453976948746,-0.044785291635495959,-4.1298781475331356,0.13808835884270898,-0.2238571242848667,0.2260722680666136,0,-3.808124509216678,-4.5032084523584217,-0.68145748512377702,-2.2723890829828624,21.031464198954396
2021-04-30 05:00:00,103.35325160309769,95.947942640683337,-2.1104885609198769,-13.371522764345157,-0.41251098432382621,0.074275974698614897,-0.053974539042002168,-0.12144414343769268,-0.014281329829331562,0.01783090371809716,-5.1253305736622039,0.13019826706372281,-0.33914855671633959,-0.11091528813233138,0,-1.9448063426489586,-5.0491071381104717,-2.2129418294078378,-2.1405581601425809,25.379416102823871
2021-04-30 06:00:00,103.35325160309769,107.09256803324188,-3.1362203662900949,-9.4517327591030593,-0.39431886360986007,0.096857470025360937,-0.064025933520861278,-0.024751876451578312,-0.039674035868550311,0.091979375316350392,-4.4927388196076441,0.17193516153346022,-0.34735907348182193,0.15125893461554807,0,-0.37077406013064013,-6.1116285805374089,-0.45860969778685451,-0.79066895554411143,28.909788510585958
2021-04-30 07:00:00,103.35325160309769,115.43081741157278,-2.5030516009308919,12.348558446425582,0.02400979695495388,0.075106912731305792,-0.15795528961861544,-0.62193218115389548,-0.0064644465047073961,-0.042038239930484118,-6.5856914253534713,0.25016007962698389,-0.41975352513520248,-0.24518230013518452,0,-3.2590762872389649,-1.4540437509829813,-0.09588918833898312,-2.2774486945143848,17.04825750257406
2021-04-30 08:00:00,103.35325160309769,171.90620037453672,6.8518741853630925,22.562420457701577,0.85099903143196232,-0.10784568990834754,-0.19083300414926385,-0.11433516878188478,-0.0067617801394895469,0.37411106102332298,-5.0493698663756037,0.11177113737155403,-0.45822151795468247,-1.4874859176902602,0,0.53934473549094253,-1.293915380508581,0.0036061794114695157,-1.1186092394873899,47.086199548640693
2021-04-30 09:00:00,103.35325160309769,163.41817181370527,0.63236721475959723,19.12603109435203,-0.73063296081344409,-0.11327267928608234,-0.1694870696959152,-0.12266690929488235,-0.0067617801394895469,0.082656592349859545,-3.9233769356561861,0.061471832101441547,0.0066082930240465142,-0.28375517249021986,0,-2.5057133014654491,-0.54662710734819153,1.2632072099567899,-0.82098486772005397,48.115856757973802
2021-04-30 10:00:00,103.35325160309769,161.86032190193609,0.99112912542926745,18.547026697585707,-0.72630015059242159,-0.1334373505682028,-0.072107504228019537,-0.096112378786520417,-0.0067617801394895469,0.18519355473414939,-3.5698572269625704,0.088206276989680824,-0.026822139438909261,-0.42508250914448864,0,-1.9271189856095037,-1.4837822369103133,-1.0847577434014299,0.39583388256948598,47.851820767312034
2021-04-30 11:00:00,103.35325160309769,165.08030672697242,0.92978680654238632,18.838871784771008,-0.73318258261697855,-0.13439427438386303,-0.058147075091210976,-0.103273598494313,-0.0067617801394895469,0.082471253348392642,-3.4067699255833923,0.026500118005905876,-0.019847471237067402,-0.10858965172297286,0,-2.2264370114076799,-1.0751073576961478,-1.7969517594899609,0.3776764433174975,51.141211205752661
2021-04-30 12:00:00,103.35325160309769,115.5657093197737,-0.26037449645878957,-18.252545398255229,-0.70646234632466531,-0.075340296015036473,-0.095206647904581401,-0.13232123049784014,-0.0067617801394895469,0.015412633172308994,-3.403935158506795,0.049211998761062775,-0.048188049890091254,-0.28173071386560311,0,-1.5313002628732295,-0.87756750524824378,-0.89198051298564573,0.26758809702474451,38.443959386683005
2021-04-30 13:00:00,103.35325160309769,150.96364335200656,2.5388832156348364,22.747863856360251,-0.68068912089648215,-0.13741963424656475,-0.071096917214554786,-0.098793947640548566,-0.004749178534641906,0.34495220003498539,-4.828398144552227,0.12351879436260246,-0.020895269015230603,0.79412563167981409,0,0.4388434136695491,-11.207256872912387,-0.94162257820654871,0.59839099887379121,38.014735301512239
2021-04-30 14:00:00,103.35325160309769,156.30704380839444,-1.6550758577230515,17.642750336119704,-0.68083692807870799,-0.12549707512798686,-0.16000972849897477,-0.089575219389259525,-0.0067617801394895469,0.17048134221696756,-3.7455495923368187,0.042428095128850069,0.012643602089974844,-0.17755285458744416,0,-2.1266585461156411,-1.881666437611204,-1.1597613008959928,-1.5889507812399624,48.483384931485816
2021-04-30 15:00:00,103.35325160309769,157.11468588808879,-1.5929703521386207,17.265130166612991,-0.71146760454953684,-0.10446519906604766,-0.068676678801325858,-0.11466906438352634,-0.0067617801394895469,0.091870621871389807,-3.559971804593947,0.028874244702335253,0.0041298203838877039,-0.050821719637106168,0,-2.2814482739677673,-1.439533481894417,-2.0890296672822761,-0.17522798084471664,48.56647303871911
2021-04-30 16:00:00,103.35325160309769,158.38104594685032,-1.7132513166145229,17.845586288775216,-0.71014924076310637,-0.092231021494760271,-0.095176249429633833,-0.14979371708552178,-0.0067617801394895469,0.2771476275821616,-3.6491778893742235,0.086268919422915868,0.017647050690141351,-0.44769079067340956,0,-0.99931225368155341,-1.4939262893176055,-1.6951064950433907,0.3208660945912713,47.532855406308066
2021-04-30 17:00:00,103.35325160309769,143.95736965060652,-0.69676583644057011,9.4487400966946051,-0.70587540040613017,-0.10646975236147485,-0.097232821420986312,-0.17592979865013836,-0.0067617801394895469,0.13705457627054379,-3.6182805338307222,0.077126882460702401,0.014380318661003366,-0.34213321955078557,0,-0.98869710859069404,-1.8589596411749303,-2.6562300983538512,-1.1898222735597981,43.369974437901469
2021-04-30 18:00:00,103.35325160309769,141.28212061719597,-1.412732110330805,11.098766809978164,-0.98057201039547215,-0.13234434743078533,-0.088713988314525025,-0.17706452625730307,-0.010552538180346136,0.16556423291489006,-3.2823540344631854,0.059319280179239327,0.036921792255604415,0.031562746941343658,0,-0.13747088268806823,-3.215763976032719,-2.7775487237994492,-0.8686618924897449,39.620513182211461
2021-04-30 19:00:00,103.35325160309769,139.56446960431447,-0.18247316850199261,-4.1032345266832753,-0.9854816825628282,-0.10136212194531105,-0.19611587752574536,-0.1143924377082883,-0.010552538180346136,0.18988436079352916,-3.4125904433978969,0.082971436410898255,0.024352451467851054,-0.34769323792363649,0,-0.090547235518243674,-3.1741557736379855,0.13585190807845729,-0.36089874170142761,48.857655629753033
2021-04-30 20:00:00,103.35325160309769,113.01470499600332,-0.56521472735723699,-14.207504726701577,-0.98345285078107691,-0.030001942875422252,-0.061462070215606929,-0.083990620125302784,-0.0062656520600759269,0.033778270587141772,-4.4729735900236225,0.086630838005798669,0.020207830952989739,-0.36000511119845413,0,0.88749959403651513,-0.5727552189176871,-0.75454662653589943,0.22517927584598546,30.506330720269091
2021-04-30 21:00:00,103.35325160309769,120.26648727099523,-1.2915604455291976,-13.564600112584762,-0.97553204201454746,-0.031588353617096949,-0.14388709544448772,-0.09058143758373044,-0.010992176537742865,0.04254349556643687,-3.6052631651396601,0.065826906302655544,-0.0027038973735939772,0.14743920323415532,0,0.34947037434172745,-0.74795664421448049,0.094442671632871456,-0.34908926631427872,37.027267653173183
2021-04-30 22:00:00,103.35325160309769,112.08434797963621,-0.44504985623259291,-15.421976843484996,-0.98205261639467067,-0.033995709269587636,-0.064808719219212357,-0.073543350598901533,-0.0062656520600759269,0.039184217058179593,-4.5067359443848032,0.082450161731215499,0.023929531765056591,0.014730936434614967,0,0.28418257500676419,-0.80295279801933694,0.16842793715762405,0.011149179661569119,30.444423327387593
2021-04-30 23:00:00,103.35325160309769,111.04239224781165,0.4759181830970175,-17.484466200646452,-0.99062398876856761,-0.028462302914658975,-0.06245218179914383,-0.093442003514328895,-0.0062656520600759269,0.046502625353808245,-4.3578373168154014,0.078488026152360946,0.099919291789659984,-0.02586245109755872,0,-0.85328310219858106,-0.90667510055732825,0.32748610547742873,1.335849376186478,30.134347337029279
