timestamp,period,hour,fa_score,fa_rms,fa_peak_residual,spread,평균,peak
2021-01-01 00:00:00,Jan-Jun,0,-0.5799344450817898,1.2728524609085161,0.2873775252061961,0.75,61,62
2021-01-01 01:00:00,Jan-Jun,1,0.32601536454070407,10.453088177365021,2.524360205221029,11.5,105,116
2021-01-01 02:00:00,Jan-Jun,2,0.19114720276617989,4.669082960375657,1.2977603157951734,3.25,104,107
2021-01-01 03:00:00,Jan-Jun,3,0.25872367840877986,6.0058304713737725,0.40285304990833026,4.75,105,110
2021-01-01 04:00:00,Jan-Jun,4,0.20699982604540054,3.700826639669897,1.3840622129204547,1.25,107,108
2021-01-01 05:00:00,Jan-Jun,5,0.04999561990681268,6.400988001233881,1.4333181477547328,6.75,92,99
2021-01-01 06:00:00,Jan-Jun,6,0.2597535233563171,3.942232236646198,1.343495847113175,4.5,107,111
2021-01-01 07:00:00,Jan-Jun,7,-0.7603696702302196,26.79508995945544,40.55649704548389,31.0,61,92
2021-01-01 08:00:00,Jan-Jun,8,-1.252773658339535,1.8485373324917247,2.412318845684567,3.0,24,27
2021-01-01 09:00:00,Jan-Jun,9,-1.2609484285646806,1.1842365919843418,-2.160556823552824,0.0,22,22
2021-01-01 10:00:00,Jan-Jun,10,-1.2609484285646806,1.1842365919843418,-2.160556823552824,0.0,22,22
2021-01-01 11:00:00,Jan-Jun,11,-1.169474486845577,4.131239494987901,-0.9399873228724047,3.0,25,28
2021-01-01 12:00:00,Jan-Jun,12,-1.2595087970902255,1.2875968577879322,-1.2357762625261586,0.75,22,23
2021-01-01 13:00:00,Jan-Jun,13,-1.2595087970902255,1.2875968577879322,-1.2357762625261586,0.75,22,23
2021-01-01 14:00:00,Jan-Jun,14,-1.2581552074018125,1.2048219598902994,-1.306500096208012,0.5,23,23
2021-01-01 15:00:00,Jan-Jun,15,-1.2366851247376267,2.141248110723364,2.571707555286551,3.25,25,28
2021-01-01 16:00:00,Jan-Jun,16,-1.2573840322414562,0.7539323245278486,-1.3467932989765359,0.25,23,23
2021-01-01 17:00:00,Jan-Jun,17,-1.2595948388762674,1.123693403782393,-1.2312806572346915,0.75,22,23
2021-01-01 18:00:00,Jan-Jun,18,-1.1833522138126742,3.5801301702718087,-1.2148886742162546,2.25,25,27
2021-01-01 19:00:00,Jan-Jun,19,-1.2609484285646806,1.1842365919843418,-2.160556823552824,0.0,22,22
2021-01-01 20:00:00,Jan-Jun,20,-1.2609484285646806,1.1842365919843418,-2.160556823552824,0.0,22,22
2021-01-01 21:00:00,Jan-Jun,21,-1.2534093049622588,2.0031439745461377,2.4455308052693425,3.5,24,27
2021-01-01 22:00:00,Jan-Jun,22,-1.257863727923256,1.030632807581897,1.6782703653730948,3.0,23,26
2021-01-01 23:00:00,Jan-Jun,23,-1.2609484285646806,1.1842365919843418,-2.160556823552824,0.0,22,22
2021-01-02 00:00:00,Jan-Jun,0,-0.5319436466944061,0.8215184289163189,-0.4439253238255674,0.75,63,64
2021-01-02 01:00:00,Jan-Jun,1,0.32601536454070407,10.453088177365021,2.524360205221029,11.5,105,116
2021-01-02 02:00:00,Jan-Jun,2,0.19114720276617989,4.669082960375657,1.2977603157951734,3.25,104,107
2021-01-02 03:00:00,Jan-Jun,3,0.25872367840877986,6.0058304713737725,0.40285304990833026,4.75,105,110
2021-01-02 04:00:00,Jan-Jun,4,0.20699982604540054,3.700826639669897,1.3840622129204547,1.25,107,108
2021-01-02 05:00:00,Jan-Jun,5,0.04999561990681268,6.400988001233881,1.4333181477547328,6.75,92,99
2021-01-02 06:00:00,Jan-Jun,6,0.2597535233563171,3.942232236646198,1.343495847113175,4.5,107,111
2021-01-02 07:00:00,Jan-Jun,7,-0.7603696702302196,26.79508995945544,40.55649704548389,31.0,61,92
2021-01-02 08:00:00,Jan-Jun,8,-1.252773658339535,1.8485373324917247,2.412318845684567,3.0,24,27
2021-01-02 09:00:00,Jan-Jun,9,-1.2609484285646806,1.1842365919843418,-2.160556823552824,0.0,22,22
2021-01-02 10:00:00,Jan-Jun,10,-1.2609484285646806,1.1842365919843418,-2.160556823552824,0.0,22,22
2021-01-02 11:00:00,Jan-Jun,11,-1.169474486845577,4.131239494987901,-0.9399873228724047,3.0,25,28
2021-01-02 12:00:00,Jan-Jun,12,-1.2595087970902255,1.2875968577879322,-1.2357762625261586,0.75,22,23
2021-01-02 13:00:00,Jan-Jun,13,-1.2595087970902255,1.2875968577879322,-1.2357762625261586,0.75,22,23
2021-01-02 14:00:00,Jan-Jun,14,-1.2581552074018125,1.2048219598902994,-1.306500096208012,0.5,23,23
2021-01-02 15:00:00,Jan-Jun,15,-1.2366851247376267,2.141248110723364,2.571707555286551,3.25,25,28
2021-01-02 16:00:00,Jan-Jun,16,-1.2573840322414562,0.7539323245278486,-1.3467932989765359,0.25,23,23
2021-01-02 17:00:00,Jan-Jun,17,-1.2595948388762674,1.123693403782393,-1.2312806572346915,0.75,22,23
2021-01-02 18:00:00,Jan-Jun,18,-1.1833522138126742,3.5801301702718087,-1.2148886742162546,2.25,25,27
2021-01-02 19:00:00,Jan-Jun,19,-1.2609484285646806,1.1842365919843418,-2.160556823552824,0.0,22,22
2021-01-02 20:00:00,Jan-Jun,20,-1.2609484285646806,1.1842365919843418,-2.160556823552824,0.0,22,22
2021-01-02 21:00:00,Jan-Jun,21,-1.2534093049622588,2.0031439745461377,2.4455308052693425,3.5,24,27
2021-01-02 22:00:00,Jan-Jun,22,-1.257863727923256,1.030632807581897,1.6782703653730948,3.0,23,26
2021-01-02 23:00:00,Jan-Jun,23,-1.2609484285646806,1.1842365919843418,-2.160556823552824,0.0,22,22
2021-01-03 00:00:00,Jan-Jun,0,-1.2609484285646806,1.1842365919843418,-2.160556823552824,0.0,22,22
2021-01-03 01:00:00,Jan-Jun,1,-1.2217452875606725,1.8250760089172364,0.7911146113673979,2.25,25,27
2021-01-03 02:00:00,Jan-Jun,2,-1.2609484285646806,1.1842365919843418,-2.160556823552824,0.0,22,22
2021-01-03 03:00:00,Jan-Jun,3,-1.2609484285646806,1.1842365919843418,-2.160556823552824,0.0,22,22
2021-01-03 04:00:00,Jan-Jun,4,-1.1886805307802848,4.075747666373167,-0.9364889447802796,3.25,24,27
2021-01-03 05:00:00,Jan-Jun,5,-1.2609484285646806,1.1842365919843418,-2.160556823552824,0.0,22,22
2021-01-03 06:00:00,Jan-Jun,6,-1.2609484285646806,1.1842365919843418,-2.160556823552824,0.0,22,22
2021-01-03 07:00:00,Jan-Jun,7,-1.2007082953169537,3.4778880379464296,-1.3080491554278453,2.25,24,26
2021-01-03 08:00:00,Jan-Jun,8,-1.2609484285646806,1.1842365919843418,-2.160556823552824,0.0,22,22
2021-01-03 09:00:00,Jan-Jun,9,-1.2594060782439684,0.5527449266233603,-0.2411432290898574,1.5,23,24
2021-01-03 10:00:00,Jan-Jun,10,-1.2568876594994411,1.512009905248494,0.6272716754015875,2.25,23,25
2021-01-03 11:00:00,Jan-Jun,11,-1.25421328981399,1.59914387493347,2.4875382846578873,3.25,24,27
2021-01-03 12:00:00,Jan-Jun,12,-1.2609484285646806,1.1842365919843418,-2.160556823552824,0.0,22,22
2021-01-03 13:00:00,Jan-Jun,13,-1.2609484285646806,1.1842365919843418,-2.160556823552824,0.0,22,22
2021-01-03 14:00:00,Jan-Jun,14,-1.1859733514034585,3.6503347560616124,-1.0779366121440006,2.75,24,27
2021-01-03 15:00:00,Jan-Jun,15,-1.2609484285646806,1.1842365919843418,-2.160556823552824,0.0,22,22
2021-01-03 16:00:00,Jan-Jun,16,-1.2455283512768711,1.158913590221681,-0.9662418777460147,1.25,23,24
2021-01-03 17:00:00,Jan-Jun,17,-1.2568876594994411,1.512009905248494,0.6272716754015875,2.25,23,25
2021-01-03 18:00:00,Jan-Jun,18,-1.2570925527629,1.4613794484693048,2.637977162604571,3.75,23,27
2021-01-03 19:00:00,Jan-Jun,19,-1.2609484285646806,1.1842365919843418,-2.160556823552824,0.0,22,22
2021-01-03 20:00:00,Jan-Jun,20,-1.2609484285646806,1.1842365919843418,-2.160556823552824,0.0,22,22
2021-01-03 21:00:00,Jan-Jun,21,-1.2090323896496895,2.2233164198401068,0.12687722453792816,2.0,25,27
2021-01-03 22:00:00,Jan-Jun,22,-1.2448598949627723,1.370215357805589,-2.0011681139508397,0.25,23,23
2021-01-03 23:00:00,Jan-Jun,23,-1.2594060782439684,0.5527449266233603,-0.2411432290898574,1.5,23,24
2021-01-04 00:00:00,Jan-Jun,0,-0.4874283213539473,3.8560635109759587,5.022571608637762,4.25,68,72
2021-01-04 01:00:00,Jan-Jun,1,0.3838286588051684,8.573698915822332,2.192173704604457,11.0,108,119
2021-01-04 02:00:00,Jan-Jun,2,0.28711445954193415,2.7860170764580077,4.766492782992941,6.25,110,116
2021-01-04 03:00:00,Jan-Jun,3,0.18292761991184756,4.70795775779711,7.771512648651608,6.5,107,113
2021-01-04 04:00:00,Jan-Jun,4,0.23914408355784195,6.977082571900947,6.531362720216791,6.25,109,115
2021-01-04 05:00:00,Jan-Jun,5,-0.05912674664794575,9.642810436317177,15.646621415093477,16.75,90,107
2021-01-04 06:00:00,Jan-Jun,6,0.20008255349574453,10.207141123654578,11.782753249373243,9.25,109,118
2021-01-04 07:00:00,Jan-Jun,7,0.7748334879462782,11.699125902149111,2.655817146546468,13.75,128,142
2021-01-04 08:00:00,Jan-Jun,8,1.1161287975608407,2.948040706940507,-0.015430408022155007,2.75,156,159
2021-01-04 09:00:00,Jan-Jun,9,1.135886783393432,5.589721622047565,5.845777995540459,5.75,160,166
2021-01-04 10:00:00,Jan-Jun,10,1.3089757103385795,16.2097669708646,2.8694465459875858,16.5,157,173
2021-01-04 11:00:00,Jan-Jun,11,1.0327378213003264,2.7321944705014127,0.7909776838156688,6.25,149,155
2021-01-04 12:00:00,Jan-Jun,12,-0.025843620457904705,18.701806281018317,24.75237709238513,28.75,89,118
2021-01-04 13:00:00,Jan-Jun,13,1.0461943032317496,7.783540202618149,3.0153860485671657,2.75,155,158
2021-01-04 14:00:00,Jan-Jun,14,0.9994172762230148,5.202151747586575,7.711474896652248,8.0,152,160
2021-01-04 15:00:00,Jan-Jun,15,0.8562269703009201,5.7053089844832785,4.964538668284433,9.0,140,149
2021-01-04 16:00:00,Jan-Jun,16,0.8680503860031854,3.09489724220877,0.28307211815078404,3.5,142,145
2021-01-04 17:00:00,Jan-Jun,17,0.6932699396569902,18.202294966432902,8.356897719964167,20.75,122,143
2021-01-04 18:00:00,Jan-Jun,18,0.7309509951905586,7.3921741619720756,8.185073640824669,5.75,139,145
2021-01-04 19:00:00,Jan-Jun,19,0.1873929594783103,20.210599350606078,29.514143743915426,22.25,113,135
2021-01-04 20:00:00,Jan-Jun,20,0.17111620714739392,5.954655337276686,6.452287385114161,10.25,101,111
2021-01-04 21:00:00,Jan-Jun,21,0.2515289469558173,3.4792723095087323,0.8175359931333617,1.75,108,110
2021-01-04 22:00:00,Jan-Jun,22,0.27712573749175645,4.611731424151695,0.3422130424501546,4.25,107,111
2021-01-04 23:00:00,Jan-Jun,23,0.10413315705678852,20.283131303780557,11.31299136543089,15.0,97,112
2021-01-05 00:00:00,Jan-Jun,0,-1.2000231619426394,3.229133469457389,-1.343846752904895,2.0,24,26
2021-01-05 01:00:00,Jan-Jun,1,-1.277036962166589,1.1693215060676696,-1.319945533154808,0.75,21,22
2021-01-05 02:00:00,Jan-Jun,2,-1.277036962166589,1.1693215060676696,-1.319945533154808,0.75,21,22
2021-01-05 03:00:00,Jan-Jun,3,-1.2582412491878543,1.2479073476407172,-0.3020044909165591,1.5,23,24
2021-01-05 04:00:00,Jan-Jun,4,-1.2563380546627592,1.5807599521444275,1.5985553211082788,2.75,23,26
2021-01-05 05:00:00,Jan-Jun,5,-1.277036962166589,1.1693215060676696,-1.319945533154808,0.75,21,22
2021-01-05 06:00:00,Jan-Jun,6,-1.2776193766946458,0.8272725746132167,-1.2895149022414785,0.75,21,22
2021-01-05 07:00:00,Jan-Jun,7,-1.200450169958828,3.8651769752274032,-1.321535971302282,2.25,24,26
2021-01-05 08:00:00,Jan-Jun,8,-1.278390551855002,1.2273577323805105,-2.2492216994729546,0.0,21,21
2021-01-05 09:00:00,Jan-Jun,9,-1.278390551855002,1.2273577323805105,-2.2492216994729546,0.0,21,21
2021-01-05 10:00:00,Jan-Jun,10,-1.257744876445839,2.299474831942024,1.6720604834615784,3.5,23,26
2021-01-05 11:00:00,Jan-Jun,11,-1.2753058512135775,0.9993238785252069,1.5896054894529783,3.0,22,25
2021-01-05 12:00:00,Jan-Jun,12,-1.278390551855002,1.2273577323805105,-2.2492216994729546,0.0,21,21
2021-01-05 13:00:00,Jan-Jun,13,-1.278390551855002,1.2273577323805105,-2.2492216994729546,0.0,21,21
2021-01-05 14:00:00,Jan-Jun,14,-1.2703185004761137,1.8392584657434028,1.329020936328149,2.25,23,25
2021-01-05 15:00:00,Jan-Jun,15,-1.278390551855002,1.2273577323805105,-2.2492216994729546,0.0,21,21
2021-01-05 16:00:00,Jan-Jun,16,-1.278390551855002,1.2273577323805105,-2.2492216994729546,0.0,21,21
2021-01-05 17:00:00,Jan-Jun,17,-1.2550011420345613,2.109019731016024,1.528702848698643,2.75,23,26
2021-01-05 18:00:00,Jan-Jun,18,-1.278390551855002,1.2273577323805105,-2.2492216994729546,0.0,21,21
2021-01-05 19:00:00,Jan-Jun,19,-1.278390551855002,1.2273577323805105,-2.2492216994729546,0.0,21,21
2021-01-05 20:00:00,Jan-Jun,20,-1.2287880384210794,2.881928506423141,0.1590919569233904,2.75,23,26
2021-01-05 21:00:00,Jan-Jun,21,-1.277036962166589,1.1693215060676696,-1.319945533154808,0.75,21,22
2021-01-05 22:00:00,Jan-Jun,22,-1.278390551855002,1.2273577323805105,-2.2492216994729546,0.0,21,21
2021-01-05 23:00:00,Jan-Jun,23,-1.1992686638424987,3.379344895645637,-1.38326859440118,2.0,24,26
2021-01-06 00:00:00,Jan-Jun,0,-1.2000231619426394,3.229133469457389,-1.343846752904895,2.0,24,26
2021-01-06 01:00:00,Jan-Jun,1,-1.277036962166589,1.1693215060676696,-1.319945533154808,0.75,21,22
2021-01-06 02:00:00,Jan-Jun,2,-1.277036962166589,1.1693215060676696,-1.319945533154808,0.75,21,22
2021-01-06 03:00:00,Jan-Jun,3,-1.2582412491878543,1.2479073476407172,-0.3020044909165591,1.5,23,24
2021-01-06 04:00:00,Jan-Jun,4,-1.2563380546627592,1.5807599521444275,1.5985553211082788,2.75,23,26
2021-01-06 05:00:00,Jan-Jun,5,-1.277036962166589,1.1693215060676696,-1.319945533154808,0.75,21,22
2021-01-06 06:00:00,Jan-Jun,6,-1.2776193766946458,0.8272725746132167,-1.2895149022414785,0.75,21,22
2021-01-06 07:00:00,Jan-Jun,7,-1.200450169958828,3.8651769752274032,-1.321535971302282,2.25,24,26
2021-01-06 08:00:00,Jan-Jun,8,-1.278390551855002,1.2273577323805105,-2.2492216994729546,0.0,21,21
2021-01-06 09:00:00,Jan-Jun,9,-1.278390551855002,1.2273577323805105,-2.2492216994729546,0.0,21,21
2021-01-06 10:00:00,Jan-Jun,10,-1.257744876445839,2.299474831942024,1.6720604834615784,3.5,23,26
2021-01-06 11:00:00,Jan-Jun,11,-1.2753058512135775,0.9993238785252069,1.5896054894529783,3.0,22,25
2021-01-06 12:00:00,Jan-Jun,12,-1.278390551855002,1.2273577323805105,-2.2492216994729546,0.0,21,21
2021-01-06 13:00:00,Jan-Jun,13,-1.278390551855002,1.2273577323805105,-2.2492216994729546,0.0,21,21
2021-01-06 14:00:00,Jan-Jun,14,-1.2703185004761137,1.8392584657434028,1.329020936328149,2.25,23,25
2021-01-06 15:00:00,Jan-Jun,15,-1.278390551855002,1.2273577323805105,-2.2492216994729546,0.0,21,21
2021-01-06 16:00:00,Jan-Jun,16,-1.278390551855002,1.2273577323805105,-2.2492216994729546,0.0,21,21
2021-01-06 17:00:00,Jan-Jun,17,-1.2550011420345613,2.109019731016024,1.528702848698643,2.75,23,26
2021-01-06 18:00:00,Jan-Jun,18,-1.278390551855002,1.2273577323805105,-2.2492216994729546,0.0,21,21
2021-01-06 19:00:00,Jan-Jun,19,-1.278390551855002,1.2273577323805105,-2.2492216994729546,0.0,21,21
2021-01-06 20:00:00,Jan-Jun,20,-1.2287880384210794,2.881928506423141,0.1590919569233904,2.75,23,26
2021-01-06 21:00:00,Jan-Jun,21,-1.277036962166589,1.1693215060676696,-1.319945533154808,0.75,21,22
2021-01-06 22:00:00,Jan-Jun,22,-1.278390551855002,1.2273577323805105,-2.2492216994729546,0.0,21,21
2021-01-06 23:00:00,Jan-Jun,23,-1.1992686638424987,3.379344895645637,-1.38326859440118,2.0,24,26
2021-01-07 00:00:00,Jan-Jun,0,-1.2568876594994411,1.512009905248494,0.6272716754015875,2.25,23,25
2021-01-07 01:00:00,Jan-Jun,1,-1.257863727923256,1.030632807581897,1.6782703653730948,3.0,23,26
2021-01-07 02:00:00,Jan-Jun,2,-1.2762657870062326,0.7031688836149975,-1.360238735923346,0.5,22,22
2021-01-07 03:00:00,Jan-Jun,3,-1.2595948388762674,1.123693403782393,-1.2312806572346915,0.75,22,23
2021-01-07 04:00:00,Jan-Jun,4,-1.1983254051100587,3.2461089277104245,-1.4325530077526665,1.75,24,26
2021-01-07 05:00:00,Jan-Jun,5,-1.2609484285646806,1.1842365919843418,-2.160556823552824,0.0,22,22
2021-01-07 06:00:00,Jan-Jun,6,-1.2608457097184234,0.7662361919009493,-0.1659237901165227,1.75,22,24
2021-01-07 07:00:00,Jan-Jun,7,-0.5111923734744933,25.207223267782865,24.375056364933243,33.75,56,90
2021-01-07 08:00:00,Jan-Jun,8,1.4871696587477892,9.062546272942154,1.5988768278093346,11.0,171,182
2021-01-07 09:00:00,Jan-Jun,9,1.1304287008687035,15.999221856270152,19.1603656546514,13.0,166,179
2021-01-07 10:00:00,Jan-Jun,10,1.1523734200082105,12.964679002971721,14.895537247849575,15.25,161,176
2021-01-07 11:00:00,Jan-Jun,11,1.2614965559973157,7.557743656950973,2.606003927286906,1.75,168,170
2021-01-07 12:00:00,Jan-Jun,12,0.24467931142634952,13.398199174309468,20.212328632712556,14.0,115,129
2021-01-07 13:00:00,Jan-Jun,13,1.4973342097131273,2.898150876512495,1.0130223121231836,7.25,175,182
2021-01-07 14:00:00,Jan-Jun,14,1.4735201289376998,1.5166951409988396,0.38559516918053305,5.5,175,180
2021-01-07 15:00:00,Jan-Jun,15,1.3625391554817416,13.22514136259121,1.7822087211354471,12.5,163,175
2021-01-07 16:00:00,Jan-Jun,16,1.22626759784345,5.416973395569394,7.636496399383475,7.75,165,173
2021-01-07 17:00:00,Jan-Jun,17,0.9199847327397934,15.092097981476872,3.2897306849082213,15.25,136,151
2021-01-07 18:00:00,Jan-Jun,18,1.03228088508302,8.307277570142068,3.817314129685485,5.75,152,158
2021-01-07 19:00:00,Jan-Jun,19,0.6276739952459733,20.644047133495253,16.13765305042,17.5,130,147
2021-01-07 20:00:00,Jan-Jun,20,0.24502091650402372,4.161049556406481,5.192639531047448,5.75,108,114
2021-01-07 21:00:00,Jan-Jun,21,0.2796309050953809,3.698408270108244,2.1978226253880564,2.0,111,113
2021-01-07 22:00:00,Jan-Jun,22,0.0553821625152575,5.027735381158013,2.1228538368516183,5.25,95,100
2021-01-07 23:00:00,Jan-Jun,23,0.08475416569717775,14.391211196333,10.429938846552915,11.75,98,110
2021-01-08 00:00:00,Jan-Jun,0,-0.5464037881895601,1.581777656397661,0.3790454745410585,1.0,63,64
2021-01-08 01:00:00,Jan-Jun,1,0.1637986538686463,7.539083887208636,5.874049413436651,11.0,99,110
2021-01-08 02:00:00,Jan-Jun,2,0.08687665841125324,7.427358462814249,11.30760467308157,8.25,103,111
2021-01-08 03:00:00,Jan-Jun,3,0.09056022563565833,4.946685365159698,5.095294803259449,5.5,100,105
2021-01-08 04:00:00,Jan-Jun,4,0.12412711813857569,6.616018589701492,8.160598856783693,5.0,105,110
2021-01-08 05:00:00,Jan-Jun,5,-0.036566418204931644,10.565825107869564,8.36264424817692,13.75,87,101
2021-01-08 06:00:00,Jan-Jun,6,0.031007178473175582,12.630409138249354,12.51682456340258,11.5,98,109
2021-01-08 07:00:00,Jan-Jun,7,0.16498787315065552,19.29537421196531,12.805506347551898,23.75,93,117
2021-01-08 08:00:00,Jan-Jun,8,1.1366521955732738,4.328821000692416,0.8016619117655068,7.0,154,161
2021-01-08 09:00:00,Jan-Jun,9,1.1445061025478007,8.062769037974721,4.348986050087376,4.75,160,165
2021-01-08 10:00:00,Jan-Jun,10,0.791692494726468,10.02872330690472,12.684114088945705,11.0,142,153
2021-01-08 11:00:00,Jan-Jun,11,1.2573269856815412,3.1131072411281706,3.846325571233365,6.75,164,171
2021-01-08 12:00:00,Jan-Jun,12,0.03466882059394225,15.863905284512699,27.308429331553015,21.25,103,124
2021-01-08 13:00:00,Jan-Jun,13,1.2749277163977522,6.437297003839268,5.831871749846556,9.25,165,174
2021-01-08 14:00:00,Jan-Jun,14,1.2675399345403586,4.616537155013312,8.257681544771856,10.25,166,176
2021-01-08 15:00:00,Jan-Jun,15,1.078512821298693,16.301976985050583,23.15264269528285,18.75,161,180
2021-01-08 16:00:00,Jan-Jun,16,1.1916728131039256,6.507035935532486,2.6304370001984694,8.0,158,166
2021-01-08 17:00:00,Jan-Jun,17,0.8695773706013203,18.084727847178222,16.195061263047478,24.75,136,161
2021-01-08 18:00:00,Jan-Jun,18,1.0175117231962751,5.3683822981191565,3.668564737189456,3.25,154,157
2021-01-08 19:00:00,Jan-Jun,19,0.7983051967354488,13.598578478649985,14.302977593486219,13.25,142,155
2021-01-08 20:00:00,Jan-Jun,20,0.4510615791849287,13.910467593497973,13.317067943261065,5.25,129,134
2021-01-08 21:00:00,Jan-Jun,21,0.39832020423558767,11.535409589260688,14.356924084760607,10.75,121,132
2021-01-08 22:00:00,Jan-Jun,22,0.331315865363107,8.256711390669834,1.2188550872092065,8.0,107,115
2021-01-08 23:00:00,Jan-Jun,23,0.15469419800149178,13.033036622867778,10.398803197526746,12.75,101,114
2021-01-09 00:00:00,Jan-Jun,0,-0.4997803750605475,4.6689595485156055,5.725564695102008,4.25,68,72
2021-01-09 01:00:00,Jan-Jun,1,0.13474284234070566,2.9543527149902467,0.5487400563010283,4.25,99,103
2021-01-09 02:00:00,Jan-Jun,2,0.10375624514775385,7.119921593356131,6.334715447948341,3.25,104,107
2021-01-09 03:00:00,Jan-Jun,3,0.25872367840877986,6.0058304713737725,0.40285304990833026,4.75,105,110
2021-01-09 04:00:00,Jan-Jun,4,0.20699982604540054,3.700826639669897,1.3840622129204547,1.25,107,108
2021-01-09 05:00:00,Jan-Jun,5,0.04999561990681268,6.400988001233881,1.4333181477547328,6.75,92,99
2021-01-09 06:00:00,Jan-Jun,6,0.2597535233563171,3.942232236646198,1.343495847113175,4.5,107,111
2021-01-09 07:00:00,Jan-Jun,7,-0.7603696702302196,26.79508995945544,40.55649704548389,31.0,61,92
2021-01-09 08:00:00,Jan-Jun,8,-1.252773658339535,1.8485373324917247,2.412318845684567,3.0,24,27
2021-01-09 09:00:00,Jan-Jun,9,-1.2609484285646806,1.1842365919843418,-2.160556823552824,0.0,22,22
2021-01-09 10:00:00,Jan-Jun,10,-1.2609484285646806,1.1842365919843418,-2.160556823552824,0.0,22,22
2021-01-09 11:00:00,Jan-Jun,11,-1.169474486845577,4.131239494987901,-0.9399873228724047,3.0,25,28
2021-01-09 12:00:00,Jan-Jun,12,0.091336844352765,16.64754547034638,22.050532807974577,12.25,110,122
2021-01-09 13:00:00,Jan-Jun,13,1.3847639612513596,5.565407393442399,6.501236953196155,11.75,169,181
2021-01-09 14:00:00,Jan-Jun,14,-1.2581552074018125,1.2048219598902994,-1.306500096208012,0.5,23,23
2021-01-09 15:00:00,Jan-Jun,15,-1.2366851247376267,2.141248110723364,2.571707555286551,3.25,25,28
2021-01-09 16:00:00,Jan-Jun,16,0.894973400092913,12.05832565683126,12.73130958243857,8.25,151,159
2021-01-09 17:00:00,Jan-Jun,17,0.8046540728065328,22.971212888486303,19.937047241180437,31.75,129,161
2021-01-09 18:00:00,Jan-Jun,18,1.1307952406013284,7.859121172792048,1.1392393935633436,6.5,155,161
2021-01-09 19:00:00,Jan-Jun,19,0.6334793514104183,16.418469701892437,16.803049570570806,16.5,132,148
2021-01-09 20:00:00,Jan-Jun,20,0.22230284448793924,5.124106736449674,5.502041699789842,3.75,109,113
2021-01-09 21:00:00,Jan-Jun,21,0.12339249801267109,7.59130360993211,8.202940178062207,5.0,105,110
2021-01-09 22:00:00,Jan-Jun,22,-1.257863727923256,1.030632807581897,1.6782703653730948,3.0,23,26
2021-01-09 23:00:00,Jan-Jun,23,0.04078524427938,11.375456777957963,8.960324986568551,11.5,95,106
2021-01-10 00:00:00,Jan-Jun,0,-0.5243184813059424,1.340806165265001,2.122103234779871,2.25,65,67
2021-01-10 01:00:00,Jan-Jun,1,0.1661015846937775,3.064217907170483,2.741315323380263,4.5,103,107
2021-01-10 02:00:00,Jan-Jun,2,0.13409948255230197,5.559937169492627,6.585821402888058,4.75,104,109
2021-01-10 03:00:00,Jan-Jun,3,0.10222714596794434,4.692598702249921,3.422848181256313,4.75,99,104
2021-01-10 04:00:00,Jan-Jun,4,-1.1886805307802848,4.075747666373167,-0.9364889447802796,3.25,24,27
2021-01-10 05:00:00,Jan-Jun,5,-1.2609484285646806,1.1842365919843418,-2.160556823552824,0.0,22,22
2021-01-10 06:00:00,Jan-Jun,6,-1.2609484285646806,1.1842365919843418,-2.160556823552824,0.0,22,22
2021-01-10 07:00:00,Jan-Jun,7,-1.2007082953169537,3.4778880379464296,-1.3080491554278453,2.25,24,26
2021-01-10 08:00:00,Jan-Jun,8,1.079121578763575,5.462850536146887,8.11755572380963,10.0,155,165
2021-01-10 09:00:00,Jan-Jun,9,-1.2594060782439684,0.5527449266233603,-0.2411432290898574,1.5,23,24
2021-01-10 10:00:00,Jan-Jun,10,1.395195918367358,14.518741637890695,1.8999699415305145,13.25,164,177
2021-01-10 11:00:00,Jan-Jun,11,1.2487895786198664,7.1102689194502116,1.3383963470491267,7.25,161,168
2021-01-10 12:00:00,Jan-Jun,12,-1.2609484285646806,1.1842365919843418,-2.160556823552824,0.0,22,22
2021-01-10 13:00:00,Jan-Jun,13,-1.2609484285646806,1.1842365919843418,-2.160556823552824,0.0,22,22
2021-01-10 14:00:00,Jan-Jun,14,1.27521311347203,2.312349843238228,0.8154223104862126,6.75,162,169
2021-01-10 15:00:00,Jan-Jun,15,-1.2609484285646806,1.1842365919843418,-2.160556823552824,0.0,22,22
2021-01-10 16:00:00,Jan-Jun,16,-1.2455283512768711,1.158913590221681,-0.9662418777460147,1.25,23,24
2021-01-10 17:00:00,Jan-Jun,17,-1.2568876594994411,1.512009905248494,0.6272716754015875,2.25,23,25
2021-01-10 18:00:00,Jan-Jun,18,0.49722766922059863,3.4793845134541526,-0.3438083129751135,0.75,122,123
2021-01-10 19:00:00,Jan-Jun,19,-1.2609484285646806,1.1842365919843418,-2.160556823552824,0.0,22,22
2021-01-10 20:00:00,Jan-Jun,20,-1.2609484285646806,1.1842365919843418,-2.160556823552824,0.0,22,22
2021-01-10 21:00:00,Jan-Jun,21,0.5861037772424665,12.581538296861137,12.533636898448464,12.0,129,141
2021-01-10 22:00:00,Jan-Jun,22,0.4672251730409054,5.031561541857875,2.3854464203297994,6.5,118,124
2021-01-10 23:00:00,Jan-Jun,23,0.15521012929397937,12.934503968826874,11.369066450815723,10.25,105,115
2021-01-11 00:00:00,Jan-Jun,0,-0.4387690666524645,2.792669381671946,2.253224870016709,2.25,70,72
2021-01-11 01:00:00,Jan-Jun,1,0.2879854720582902,3.8563728254756686,1.7162902095918753,6.0,107,113
2021-01-11 02:00:00,Jan-Jun,2,0.1812442030782803,5.781834317695967,5.868539792997751,6.75,104,111
2021-01-11 03:00:00,Jan-Jun,3,0.14429108022850062,4.780163021147281,3.998407995151865,6.0,101,107
2021-01-11 04:00:00,Jan-Jun,4,0.27932329298566483,5.338825654592508,3.215552473383454,2.75,111,114
2021-01-11 05:00:00,Jan-Jun,5,0.014303643131362266,10.175542884642272,7.467473754518991,13.25,90,103
2021-01-11 06:00:00,Jan-Jun,6,0.21215692329374655,4.701656249248599,0.08682245082185602,1.75,105,107
2021-01-11 07:00:00,Jan-Jun,7,0.8866454929648283,13.957668132536732,3.211305404569913,16.0,133,149
2021-01-11 08:00:00,Jan-Jun,8,1.3286404856485043,4.902030009154932,3.736027327120013,7.5,168,175
2021-01-11 09:00:00,Jan-Jun,9,1.282325454063555,8.993751500139387,6.405488131706278,7.0,168,175
2021-01-11 10:00:00,Jan-Jun,10,1.2442501370706263,14.168776243260876,1.6000362698932236,12.0,156,168
2021-01-11 11:00:00,Jan-Jun,11,1.280495369607363,8.740857616705783,5.510968762026607,6.25,168,174
2021-01-11 12:00:00,Jan-Jun,12,0.02826405341746124,15.350768430366273,25.672944184906783,18.0,104,122
2021-01-11 13:00:00,Jan-Jun,13,1.0473041075610505,7.964662259320809,4.951420224590663,6.5,154,160
2021-01-11 14:00:00,Jan-Jun,14,1.1376849220110683,5.437250758547616,-0.25786137156632094,1.5,159,160
2021-01-11 15:00:00,Jan-Jun,15,1.1089298707542186,11.534763806902737,1.3994943429221394,10.5,150,160
2021-01-11 16:00:00,Jan-Jun,16,1.1693428570083761,3.4733953617745286,0.9174693204910227,6.25,157,163
2021-01-11 17:00:00,Jan-Jun,17,1.0090368921563486,24.327670668835,6.157028817043965,23.25,136,159
2021-01-11 18:00:00,Jan-Jun,18,0.8788301611879555,8.558797881489761,6.661757906473838,7.25,145,152
2021-01-11 19:00:00,Jan-Jun,19,0.799017921249679,9.222014748172882,1.26189827020616,6.0,136,142
2021-01-11 20:00:00,Jan-Jun,20,0.5817586974352954,5.973837600027131,1.784074387987232,9.25,121,130
2021-01-11 21:00:00,Jan-Jun,21,0.2785831348845375,6.649748457342898,5.258212987098801,6.75,109,116
2021-01-11 22:00:00,Jan-Jun,22,0.2515255210365047,5.651389139982196,0.8177334529431022,6.0,104,110
2021-01-11 23:00:00,Jan-Jun,23,0.16108228811775754,11.383587486176635,6.030612664173475,10.25,100,110
2021-01-12 00:00:00,Jan-Jun,0,-1.2000231619426394,3.229133469457389,-1.343846752904895,2.0,24,26
2021-01-12 01:00:00,Jan-Jun,1,-1.277036962166589,1.1693215060676696,-1.319945533154808,0.75,21,22
2021-01-12 02:00:00,Jan-Jun,2,-1.277036962166589,1.1693215060676696,-1.319945533154808,0.75,21,22
2021-01-12 03:00:00,Jan-Jun,3,-1.2582412491878543,1.2479073476407172,-0.3020044909165591,1.5,23,24
2021-01-12 04:00:00,Jan-Jun,4,-1.2563380546627592,1.5807599521444275,1.5985553211082788,2.75,23,26
2021-01-12 05:00:00,Jan-Jun,5,-1.277036962166589,1.1693215060676696,-1.319945533154808,0.75,21,22
2021-01-12 06:00:00,Jan-Jun,6,-1.2776193766946458,0.8272725746132167,-1.2895149022414785,0.75,21,22
2021-01-12 07:00:00,Jan-Jun,7,-1.200450169958828,3.8651769752274032,-1.321535971302282,2.25,24,26
2021-01-12 08:00:00,Jan-Jun,8,-1.278390551855002,1.2273577323805105,-2.2492216994729546,0.0,21,21
2021-01-12 09:00:00,Jan-Jun,9,-1.278390551855002,1.2273577323805105,-2.2492216994729546,0.0,21,21
2021-01-12 10:00:00,Jan-Jun,10,-1.257744876445839,2.299474831942024,1.6720604834615784,3.5,23,26
2021-01-12 11:00:00,Jan-Jun,11,-1.2753058512135775,0.9993238785252069,1.5896054894529783,3.0,22,25
2021-01-12 12:00:00,Jan-Jun,12,-1.278390551855002,1.2273577323805105,-2.2492216994729546,0.0,21,21
2021-01-12 13:00:00,Jan-Jun,13,-1.278390551855002,1.2273577323805105,-2.2492216994729546,0.0,21,21
2021-01-12 14:00:00,Jan-Jun,14,-1.2703185004761137,1.8392584657434028,1.329020936328149,2.25,23,25
2021-01-12 15:00:00,Jan-Jun,15,-1.278390551855002,1.2273577323805105,-2.2492216994729546,0.0,21,21
2021-01-12 16:00:00,Jan-Jun,16,-1.278390551855002,1.2273577323805105,-2.2492216994729546,0.0,21,21
2021-01-12 17:00:00,Jan-Jun,17,-1.2550011420345613,2.109019731016024,1.528702848698643,2.75,23,26
2021-01-12 18:00:00,Jan-Jun,18,-1.278390551855002,1.2273577323805105,-2.2492216994729546,0.0,21,21
2021-01-12 19:00:00,Jan-Jun,19,-1.278390551855002,1.2273577323805105,-2.2492216994729546,0.0,21,21
2021-01-12 20:00:00,Jan-Jun,20,-1.2287880384210794,2.881928506423141,0.1590919569233904,2.75,23,26
2021-01-12 21:00:00,Jan-Jun,21,-1.277036962166589,1.1693215060676696,-1.319945533154808,0.75,21,22
2021-01-12 22:00:00,Jan-Jun,22,-1.278390551855002,1.2273577323805105,-2.2492216994729546,0.0,21,21
2021-01-12 23:00:00,Jan-Jun,23,-1.1992686638424987,3.379344895645637,-1.38326859440118,2.0,24,26
2021-01-13 00:00:00,Jan-Jun,0,-1.2000231619426394,3.229133469457389,-1.343846752904895,2.0,24,26
2021-01-13 01:00:00,Jan-Jun,1,-1.277036962166589,1.1693215060676696,-1.319945533154808,0.75,21,22
2021-01-13 02:00:00,Jan-Jun,2,-1.277036962166589,1.1693215060676696,-1.319945533154808,0.75,21,22
2021-01-13 03:00:00,Jan-Jun,3,-1.2582412491878543,1.2479073476407172,-0.3020044909165591,1.5,23,24
2021-01-13 04:00:00,Jan-Jun,4,-1.2563380546627592,1.5807599521444275,1.5985553211082788,2.75,23,26
2021-01-13 05:00:00,Jan-Jun,5,-1.277036962166589,1.1693215060676696,-1.319945533154808,0.75,21,22
2021-01-13 06:00:00,Jan-Jun,6,-1.2776193766946458,0.8272725746132167,-1.2895149022414785,0.75,21,22
2021-01-13 07:00:00,Jan-Jun,7,-1.200450169958828,3.8651769752274032,-1.321535971302282,2.25,24,26
2021-01-13 08:00:00,Jan-Jun,8,-1.278390551855002,1.2273577323805105,-2.2492216994729546,0.0,21,21
2021-01-13 09:00:00,Jan-Jun,9,-1.278390551855002,1.2273577323805105,-2.2492216994729546,0.0,21,21
2021-01-13 10:00:00,Jan-Jun,10,-1.257744876445839,2.299474831942024,1.6720604834615784,3.5,23,26
2021-01-13 11:00:00,Jan-Jun,11,-1.2753058512135775,0.9993238785252069,1.5896054894529783,3.0,22,25
2021-01-13 12:00:00,Jan-Jun,12,-1.278390551855002,1.2273577323805105,-2.2492216994729546,0.0,21,21
2021-01-13 13:00:00,Jan-Jun,13,-1.278390551855002,1.2273577323805105,-2.2492216994729546,0.0,21,21
2021-01-13 14:00:00,Jan-Jun,14,-1.2703185004761137,1.8392584657434028,1.329020936328149,2.25,23,25
2021-01-13 15:00:00,Jan-Jun,15,-1.278390551855002,1.2273577323805105,-2.2492216994729546,0.0,21,21
2021-01-13 16:00:00,Jan-Jun,16,-1.278390551855002,1.2273577323805105,-2.2492216994729546,0.0,21,21
2021-01-13 17:00:00,Jan-Jun,17,-1.2550011420345613,2.109019731016024,1.528702848698643,2.75,23,26
2021-01-13 18:00:00,Jan-Jun,18,-1.278390551855002,1.2273577323805105,-2.2492216994729546,0.0,21,21
2021-01-13 19:00:00,Jan-Jun,19,-1.278390551855002,1.2273577323805105,-2.2492216994729546,0.0,21,21
2021-01-13 20:00:00,Jan-Jun,20,-1.2287880384210794,2.881928506423141,0.1590919569233904,2.75,23,26
2021-01-13 21:00:00,Jan-Jun,21,-1.277036962166589,1.1693215060676696,-1.319945533154808,0.75,21,22
2021-01-13 22:00:00,Jan-Jun,22,-1.278390551855002,1.2273577323805105,-2.2492216994729546,0.0,21,21
2021-01-13 23:00:00,Jan-Jun,23,-1.1992686638424987,3.379344895645637,-1.38326859440118,2.0,24,26
2021-01-14 00:00:00,Jan-Jun,0,-1.2609484285646806,1.1842365919843418,-2.160556823552824,0.0,22,22
2021-01-14 01:00:00,Jan-Jun,1,-1.2595087970902255,1.2875968577879322,-1.2357762625261586,0.75,22,23
2021-01-14 02:00:00,Jan-Jun,2,-1.1982393633240167,3.6032249696725556,-0.43704861304414777,2.75,24,27
2021-01-14 03:00:00,Jan-Jun,3,-1.2609484285646806,1.1842365919843418,-2.160556823552824,0.0,22,22
2021-01-14 04:00:00,Jan-Jun,4,-1.2441914386486732,1.8472605256716053,-1.0360943501556648,1.25,23,24
2021-01-14 05:00:00,Jan-Jun,5,-1.2403027531555177,2.2657775051935563,1.7607253593817092,3.5,24,27
2021-01-14 06:00:00,Jan-Jun,6,-1.2586349030836121,0.6724356260867078,0.7185635681416045,2.25,23,25
2021-01-14 07:00:00,Jan-Jun,7,-0.4329979309870337,33.135740783080955,41.92477192039286,50.25,62,112
2021-01-14 08:00:00,Jan-Jun,8,1.7360658507271336,16.03385880383606,9.253239868003277,21.5,183,204
2021-01-14 09:00:00,Jan-Jun,9,1.3571063944879997,13.713274488980431,12.095336922438264,6.75,178,185
2021-01-14 10:00:00,Jan-Jun,10,1.4595733566685396,7.817439657624299,1.1894456826952933,9.0,171,180
2021-01-14 11:00:00,Jan-Jun,11,1.5942812802557726,6.847384833370556,3.4252812251204716,8.75,181,190
2021-01-14 12:00:00,Jan-Jun,12,0.28819814593970156,17.21146552574321,28.704032318985753,21.25,119,140
2021-01-14 13:00:00,Jan-Jun,13,1.6784900369379765,1.8842397172004346,0.5717386996494724,6.5,186,192
2021-01-14 14:00:00,Jan-Jun,14,1.3736889637707215,12.006547267673144,11.139566900812156,8.25,177,185
2021-01-14 15:00:00,Jan-Jun,15,1.6266894235810898,13.77889391289416,3.5573721382472456,14.25,178,192
2021-01-14 16:00:00,Jan-Jun,16,1.3087334007136142,10.904899063279615,9.883412552795392,8.75,171,180
2021-01-14 17:00:00,Jan-Jun,17,1.0728656544001758,22.5781199722133,22.478128615872123,32.75,146,179
2021-01-14 18:00:00,Jan-Jun,18,1.3168946947925655,15.32515668436658,11.413019811758318,9.25,173,182
2021-01-14 19:00:00,Jan-Jun,19,1.0532004341311965,19.208769034692807,8.611573480857487,13.75,150,164
2021-01-14 20:00:00,Jan-Jun,20,0.4633356236949307,3.8647296638815614,4.609628487603985,6.75,119,126
2021-01-14 21:00:00,Jan-Jun,21,0.5274155001132782,1.2133800975774363,-0.08374518845104717,2.0,123,125
2021-01-14 22:00:00,Jan-Jun,22,0.2752078835438841,9.60068132980493,18.452752445481238,17.5,112,129
2021-01-14 23:00:00,Jan-Jun,23,0.2018640150531653,12.78249309420552,11.680075098464727,11.25,107,118
2021-01-15 00:00:00,Jan-Jun,0,-0.37316117991241826,6.849792265244155,9.519279739002798,7.0,76,83
2021-01-15 01:00:00,Jan-Jun,1,0.3437568423460063,4.1724202248105655,1.5017941398212002,5.75,110,116
2021-01-15 02:00:00,Jan-Jun,2,0.4492506664031728,1.6867821132815874,0.4214435752317627,3.75,117,121
2021-01-15 03:00:00,Jan-Jun,3,0.3970288080106122,4.974087684324306,5.431356326039321,7.25,116,123
2021-01-15 04:00:00,Jan-Jun,4,0.140460525957707,13.609458599576733,19.219189761584843,12.25,110,122
2021-01-15 05:00:00,Jan-Jun,5,0.036927096342905766,8.524809420359372,15.179903964309588,14.75,97,112
2021-01-15 06:00:00,Jan-Jun,6,0.40057761613173193,5.298250280783839,3.2268135705205054,2.75,118,121
2021-01-15 07:00:00,Jan-Jun,7,0.8175284596336625,13.417881011433808,8.195005838162757,17.75,132,150
2021-01-15 08:00:00,Jan-Jun,8,1.7660091293521187,8.252140160042732,1.5273982585984527,10.25,188,198
2021-01-15 09:00:00,Jan-Jun,9,1.4749040337032673,14.191538907203288,15.30583101049291,9.25,186,195
2021-01-15 10:00:00,Jan-Jun,10,1.4461001976769015,15.340589914670659,2.9659985341419883,16.75,164,181
2021-01-15 11:00:00,Jan-Jun,11,1.306029806601081,10.811693550542095,14.039239684245786,10.75,173,184
2021-01-15 12:00:00,Jan-Jun,12,0.047085407350946414,22.327414728882736,30.60105415235296,16.25,112,128
2021-01-15 13:00:00,Jan-Jun,13,1.3290208884033599,6.831484369774254,5.714102042621818,5.75,171,177
2021-01-15 14:00:00,Jan-Jun,14,1.389916226824283,11.247403814955739,7.20427567451253,5.0,177,182
2021-01-15 15:00:00,Jan-Jun,15,1.3141570402598015,11.396742190143993,5.570810084626999,13.0,163,176
2021-01-15 16:00:00,Jan-Jun,16,1.4593994804643096,8.99601187733001,2.1994673904682713,11.25,170,181
2021-01-15 17:00:00,Jan-Jun,17,0.8848058057665733,20.44541347347933,13.317339508410129,25.5,134,159
2021-01-15 18:00:00,Jan-Jun,18,1.0646672002489355,11.692677120013387,13.950663153062095,8.75,161,170
2021-01-15 19:00:00,Jan-Jun,19,1.0453042765939764,10.296531389852138,7.066684539430014,6.5,156,162
2021-01-15 20:00:00,Jan-Jun,20,0.5713849659601313,8.223728807675847,5.38198544672116,5.25,128,133
2021-01-15 21:00:00,Jan-Jun,21,0.5976142022047732,3.8161600919398433,1.8702102045758693,4.0,127,131
2021-01-15 22:00:00,Jan-Jun,22,0.37471872988929916,3.7480247844104078,6.717242938960382,8.5,115,123
2021-01-15 23:00:00,Jan-Jun,23,0.25914204447996125,15.21976699390316,10.378739672657602,12.25,108,120
2021-01-16 00:00:00,Jan-Jun,0,-0.5319436466944061,0.8215184289163189,-0.4439253238255674,0.75,63,64
2021-01-16 01:00:00,Jan-Jun,1,0.32601536454070407,10.453088177365021,2.524360205221029,11.5,105,116
2021-01-16 02:00:00,Jan-Jun,2,0.19114720276617989,4.669082960375657,1.2977603157951734,3.25,104,107
2021-01-16 03:00:00,Jan-Jun,3,0.33476429169917143,1.3053165942951324,0.02009803951632705,2.5,112,114
2021-01-16 04:00:00,Jan-Jun,4,0.20699982604540054,3.700826639669897,1.3840622129204547,1.25,107,108
2021-01-16 05:00:00,Jan-Jun,5,0.04999561990681268,6.400988001233881,1.4333181477547328,6.75,92,99
2021-01-16 06:00:00,Jan-Jun,6,0.43588685309112524,7.403964098564955,1.1916940666059759,6.25,115,121
2021-01-16 07:00:00,Jan-Jun,7,-0.7603696702302196,26.79508995945544,40.55649704548389,31.0,61,92
2021-01-16 08:00:00,Jan-Jun,8,1.484918329255923,5.9770359072508175,4.728636770339506,8.0,177,185
2021-01-16 09:00:00,Jan-Jun,9,-1.2609484285646806,1.1842365919843418,-2.160556823552824,0.0,22,22
2021-01-16 10:00:00,Jan-Jun,10,-1.2609484285646806,1.1842365919843418,-2.160556823552824,0.0,22,22
2021-01-16 11:00:00,Jan-Jun,11,-1.169474486845577,4.131239494987901,-0.9399873228724047,3.0,25,28
2021-01-16 12:00:00,Jan-Jun,12,-1.2595087970902255,1.2875968577879322,-1.2357762625261586,0.75,22,23
2021-01-16 13:00:00,Jan-Jun,13,-1.2595087970902255,1.2875968577879322,-1.2357762625261586,0.75,22,23
2021-01-16 14:00:00,Jan-Jun,14,1.3499024741352104,3.52172972491962,1.5105494865463243,3.5,171,174
2021-01-16 15:00:00,Jan-Jun,15,1.4270662373142775,16.60086837066294,3.063059453789151,17.0,163,180
2021-01-16 16:00:00,Jan-Jun,16,-1.2573840322414562,0.7539323245278486,-1.3467932989765359,0.25,23,23
2021-01-16 17:00:00,Jan-Jun,17,-1.2595948388762674,1.123693403782393,-1.2312806572346915,0.75,22,23
2021-01-16 18:00:00,Jan-Jun,18,1.2164716067739394,12.580561200043531,12.201108217777062,9.25,168,177
2021-01-16 19:00:00,Jan-Jun,19,0.8102972700904852,15.885611937225324,10.611790117379769,13.0,139,152
2021-01-16 20:00:00,Jan-Jun,20,-1.2609484285646806,1.1842365919843418,-2.160556823552824,0.0,22,22
2021-01-16 21:00:00,Jan-Jun,21,-1.2534093049622588,2.0031439745461377,2.4455308052693425,3.5,24,27
2021-01-16 22:00:00,Jan-Jun,22,-1.257863727923256,1.030632807581897,1.6782703653730948,3.0,23,26
2021-01-16 23:00:00,Jan-Jun,23,0.26463956352939855,13.83720528021775,9.061879009440247,13.5,106,119
2021-01-17 00:00:00,Jan-Jun,0,-0.3901958537370237,1.54886035832834,-0.5112249678806933,0.25,72,72
2021-01-17 01:00:00,Jan-Jun,1,0.23759744346499798,5.910358021322413,9.620506459632708,11.5,107,118
2021-01-17 02:00:00,Jan-Jun,2,0.24625853620527705,8.215316459992016,8.121306808809749,4.75,112,117
2021-01-17 03:00:00,Jan-Jun,3,0.43256304121299227,2.328192069889862,0.38326870721093087,3.75,116,120
2021-01-17 04:00:00,Jan-Jun,4,0.3370084524544131,1.855764388850141,0.8907512816647056,2.5,113,115
2021-01-17 05:00:00,Jan-Jun,5,0.03425327108651001,10.01534796346567,15.332079522666774,14.75,97,112
2021-01-17 06:00:00,Jan-Jun,6,0.5270523188476935,3.216765138243066,0.9371875005758454,5.5,121,126
2021-01-17 07:00:00,Jan-Jun,7,1.088439120562416,19.92654993542485,4.580520299759883,21.0,141,162
2021-01-17 08:00:00,Jan-Jun,8,1.7655979345433261,2.6856718555841246,0.5510983055930865,6.75,190,197
2021-01-17 09:00:00,Jan-Jun,9,1.4025787741308564,13.46581447025778,12.47444407202039,8.0,180,188
2021-01-17 10:00:00,Jan-Jun,10,1.4028049511246619,10.699933768565293,1.4614079021377506,11.0,166,177
2021-01-17 11:00:00,Jan-Jun,11,1.4697788173669692,13.26548150962215,10.601233251548933,7.0,183,190
2021-01-17 12:00:00,Jan-Jun,12,-0.08243292872032912,22.513651010289745,32.97304738910037,20.0,103,123
2021-01-17 13:00:00,Jan-Jun,13,1.667181079319816,5.775827253685538,1.2235534144259361,9.25,183,192
2021-01-17 14:00:00,Jan-Jun,14,1.4431982427157708,7.42893273465287,11.133258595515457,10.25,179,189
2021-01-17 15:00:00,Jan-Jun,15,1.4460193744423184,9.911200781075355,0.9706569452330882,9.25,170,179
2021-01-17 16:00:00,Jan-Jun,16,1.3141776876683848,4.35783888460137,3.5696200293459697,5.5,169,174
2021-01-17 17:00:00,Jan-Jun,17,0.8392563482322103,13.149085212597628,14.942674899472678,20.0,138,158
2021-01-17 18:00:00,Jan-Jun,18,1.4085817873698634,5.935650974843976,1.1284482256924377,6.75,170,177
2021-01-17 19:00:00,Jan-Jun,19,1.2533674622541762,9.899635252739746,2.0745407366447353,10.0,159,169
2021-01-17 20:00:00,Jan-Jun,20,0.8310080204533429,4.133747626658821,0.4180840043694616,4.5,139,143
2021-01-17 21:00:00,Jan-Jun,21,0.5458397742316928,6.637008292557806,7.854334395455709,7.25,127,134
2021-01-17 22:00:00,Jan-Jun,22,0.5518670201435757,2.489958193107868,1.5069418498657683,3.0,125,128
2021-01-17 23:00:00,Jan-Jun,23,0.20887629328339866,15.773037456801378,18.275908216874086,14.0,111,125
2021-01-18 00:00:00,Jan-Jun,0,-0.3175780258279459,9.249671427061806,13.3558727482785,10.0,80,90
2021-01-18 01:00:00,Jan-Jun,1,0.37869377659226044,6.208841409495987,0.48813305806800145,5.25,112,117
2021-01-18 02:00:00,Jan-Jun,2,0.38556873365271505,7.637626106503436,4.091880960680655,6.0,115,121
2021-01-18 03:00:00,Jan-Jun,3,0.5019321174980055,9.940505184480957,2.3850412666541843,12.0,114,126
2021-01-18 04:00:00,Jan-Jun,4,0.3732434072332118,3.256288952681111,0.802276153227325,5.5,112,117
2021-01-18 05:00:00,Jan-Jun,5,0.10912796646267667,10.445623278212427,19.02510539236529,18.5,102,120
2021-01-18 06:00:00,Jan-Jun,6,0.48708408508760775,5.783693434503062,0.2408377367933383,2.5,121,123
2021-01-18 07:00:00,Jan-Jun,7,0.7492903138552776,13.823695569950877,19.128049804654097,24.0,133,157
2021-01-18 08:00:00,Jan-Jun,8,1.024847971172676,16.602504609708298,23.245725202041854,15.5,162,177
2021-01-18 09:00:00,Jan-Jun,9,1.2735729434327558,11.064958213985856,17.9099568381086,15.5,171,186
2021-01-18 10:00:00,Jan-Jun,10,1.2759403398560187,9.63157195962914,10.773507142522703,14.25,165,179
2021-01-18 11:00:00,Jan-Jun,11,1.5142322661419896,5.029677180363089,3.039068548801282,7.75,177,185
2021-01-18 12:00:00,Jan-Jun,12,-0.020944806120703457,17.158520805252298,30.47357061269146,22.5,102,124
2021-01-18 13:00:00,Jan-Jun,13,1.4195020846384332,5.643103890781291,3.4990347386388976,5.75,174,180
2021-01-18 14:00:00,Jan-Jun,14,1.0720379856223496,14.703351315535885,13.525832984971686,6.5,164,170
2021-01-18 15:00:00,Jan-Jun,15,1.2402259230398385,14.330066844566861,3.8319800094704988,14.5,156,170
2021-01-18 16:00:00,Jan-Jun,16,1.3332933351184109,8.136032107454795,2.467850908697983,12.25,162,174
2021-01-18 17:00:00,Jan-Jun,17,1.0000413024662376,9.824143485087992,11.675507878163614,16.5,148,164
2021-01-18 18:00:00,Jan-Jun,18,0.9703231170284761,6.66024138807421,3.3883757850768177,3.75,150,154
2021-01-18 19:00:00,Jan-Jun,19,0.8091448283224547,5.9331954748151645,0.6782134366359003,4.5,138,142
2021-01-18 20:00:00,Jan-Jun,20,0.3592719253143929,7.909912560535884,8.607550857528565,6.75,117,124
2021-01-18 21:00:00,Jan-Jun,21,0.2945037146077102,5.884816068889802,9.340598076713832,7.5,114,121
2021-01-18 22:00:00,Jan-Jun,22,0.36711398690412717,5.547456786337359,1.1555577286336813,3.0,114,117
2021-01-18 23:00:00,Jan-Jun,23,0.23849636907079846,17.234541746002794,11.568695058694288,13.75,106,120
2021-01-19 00:00:00,Jan-Jun,0,-1.2000231619426394,3.229133469457389,-1.343846752904895,2.0,24,26
2021-01-19 01:00:00,Jan-Jun,1,-1.277036962166589,1.1693215060676696,-1.319945533154808,0.75,21,22
2021-01-19 02:00:00,Jan-Jun,2,-1.277036962166589,1.1693215060676696,-1.319945533154808,0.75,21,22
2021-01-19 03:00:00,Jan-Jun,3,-1.2582412491878543,1.2479073476407172,-0.3020044909165591,1.5,23,24
2021-01-19 04:00:00,Jan-Jun,4,-1.2563380546627592,1.5807599521444275,1.5985553211082788,2.75,23,26
2021-01-19 05:00:00,Jan-Jun,5,-1.277036962166589,1.1693215060676696,-1.319945533154808,0.75,21,22
2021-01-19 06:00:00,Jan-Jun,6,-1.2776193766946458,0.8272725746132167,-1.2895149022414785,0.75,21,22
2021-01-19 07:00:00,Jan-Jun,7,-1.200450169958828,3.8651769752274032,-1.321535971302282,2.25,24,26
2021-01-19 08:00:00,Jan-Jun,8,-1.278390551855002,1.2273577323805105,-2.2492216994729546,0.0,21,21
2021-01-19 09:00:00,Jan-Jun,9,-1.278390551855002,1.2273577323805105,-2.2492216994729546,0.0,21,21
2021-01-19 10:00:00,Jan-Jun,10,-1.257744876445839,2.299474831942024,1.6720604834615784,3.5,23,26
2021-01-19 11:00:00,Jan-Jun,11,-1.2753058512135775,0.9993238785252069,1.5896054894529783,3.0,22,25
2021-01-19 12:00:00,Jan-Jun,12,-1.278390551855002,1.2273577323805105,-2.2492216994729546,0.0,21,21
2021-01-19 13:00:00,Jan-Jun,13,-1.278390551855002,1.2273577323805105,-2.2492216994729546,0.0,21,21
2021-01-19 14:00:00,Jan-Jun,14,-1.2703185004761137,1.8392584657434028,1.329020936328149,2.25,23,25
2021-01-19 15:00:00,Jan-Jun,15,-1.278390551855002,1.2273577323805105,-2.2492216994729546,0.0,21,21
2021-01-19 16:00:00,Jan-Jun,16,-1.278390551855002,1.2273577323805105,-2.2492216994729546,0.0,21,21
2021-01-19 17:00:00,Jan-Jun,17,-1.2550011420345613,2.109019731016024,1.528702848698643,2.75,23,26
2021-01-19 18:00:00,Jan-Jun,18,-1.278390551855002,1.2273577323805105,-2.2492216994729546,0.0,21,21
2021-01-19 19:00:00,Jan-Jun,19,-1.278390551855002,1.2273577323805105,-2.2492216994729546,0.0,21,21
2021-01-19 20:00:00,Jan-Jun,20,-1.2287880384210794,2.881928506423141,0.1590919569233904,2.75,23,26
2021-01-19 21:00:00,Jan-Jun,21,-1.277036962166589,1.1693215060676696,-1.319945533154808,0.75,21,22
2021-01-19 22:00:00,Jan-Jun,22,-1.278390551855002,1.2273577323805105,-2.2492216994729546,0.0,21,21
2021-01-19 23:00:00,Jan-Jun,23,-1.1992686638424987,3.379344895645637,-1.38326859440118,2.0,24,26
2021-01-20 00:00:00,Jan-Jun,0,-1.2000231619426394,3.229133469457389,-1.343846752904895,2.0,24,26
2021-01-20 01:00:00,Jan-Jun,1,-1.277036962166589,1.1693215060676696,-1.319945533154808,0.75,21,22
2021-01-20 02:00:00,Jan-Jun,2,-1.277036962166589,1.1693215060676696,-1.319945533154808,0.75,21,22
2021-01-20 03:00:00,Jan-Jun,3,-1.2582412491878543,1.2479073476407172,-0.3020044909165591,1.5,23,24
2021-01-20 04:00:00,Jan-Jun,4,-1.2563380546627592,1.5807599521444275,1.5985553211082788,2.75,23,26
2021-01-20 05:00:00,Jan-Jun,5,-1.277036962166589,1.1693215060676696,-1.319945533154808,0.75,21,22
2021-01-20 06:00:00,Jan-Jun,6,-1.2776193766946458,0.8272725746132167,-1.2895149022414785,0.75,21,22
2021-01-20 07:00:00,Jan-Jun,7,-1.200450169958828,3.8651769752274032,-1.321535971302282,2.25,24,26
2021-01-20 08:00:00,Jan-Jun,8,-1.278390551855002,1.2273577323805105,-2.2492216994729546,0.0,21,21
2021-01-20 09:00:00,Jan-Jun,9,-1.278390551855002,1.2273577323805105,-2.2492216994729546,0.0,21,21
2021-01-20 10:00:00,Jan-Jun,10,-1.257744876445839,2.299474831942024,1.6720604834615784,3.5,23,26
2021-01-20 11:00:00,Jan-Jun,11,-1.2753058512135775,0.9993238785252069,1.5896054894529783,3.0,22,25
2021-01-20 12:00:00,Jan-Jun,12,-1.278390551855002,1.2273577323805105,-2.2492216994729546,0.0,21,21
2021-01-20 13:00:00,Jan-Jun,13,-1.278390551855002,1.2273577323805105,-2.2492216994729546,0.0,21,21
2021-01-20 14:00:00,Jan-Jun,14,-1.2703185004761137,1.8392584657434028,1.329020936328149,2.25,23,25
2021-01-20 15:00:00,Jan-Jun,15,-1.278390551855002,1.2273577323805105,-2.2492216994729546,0.0,21,21
2021-01-20 16:00:00,Jan-Jun,16,-1.278390551855002,1.2273577323805105,-2.2492216994729546,0.0,21,21
2021-01-20 17:00:00,Jan-Jun,17,-1.2550011420345613,2.109019731016024,1.528702848698643,2.75,23,26
2021-01-20 18:00:00,Jan-Jun,18,-1.278390551855002,1.2273577323805105,-2.2492216994729546,0.0,21,21
2021-01-20 19:00:00,Jan-Jun,19,-1.278390551855002,1.2273577323805105,-2.2492216994729546,0.0,21,21
2021-01-20 20:00:00,Jan-Jun,20,-1.2287880384210794,2.881928506423141,0.1590919569233904,2.75,23,26
2021-01-20 21:00:00,Jan-Jun,21,-1.277036962166589,1.1693215060676696,-1.319945533154808,0.75,21,22
2021-01-20 22:00:00,Jan-Jun,22,-1.278390551855002,1.2273577323805105,-2.2492216994729546,0.0,21,21
2021-01-20 23:00:00,Jan-Jun,23,-1.1992686638424987,3.379344895645637,-1.38326859440118,2.0,24,26
2021-01-21 00:00:00,Jan-Jun,0,-1.2422387573719877,1.3254960844106938,-0.13812017602309368,1.75,23,25
2021-01-21 01:00:00,Jan-Jun,1,-1.2548817461280888,1.9012424520026603,3.5224645208627123,4.25,24,28
2021-01-21 02:00:00,Jan-Jun,2,-1.2601772534043243,0.7888446184743286,-1.200850026321362,0.75,22,23
2021-01-21 03:00:00,Jan-Jun,3,-1.2462995264372272,1.40651805360042,-1.925948674977505,0.5,23,23
2021-01-21 04:00:00,Jan-Jun,4,-1.2230988772490858,2.0263164765401624,0.8618384450492727,2.5,25,27
2021-01-21 05:00:00,Jan-Jun,5,-1.2601772534043243,0.7888446184743286,-1.200850026321362,0.75,22,23
2021-01-21 06:00:00,Jan-Jun,6,-1.2595948388762674,1.123693403782393,-1.2312806572346915,0.75,22,23
2021-01-21 07:00:00,Jan-Jun,7,-0.5704734347823842,27.336921453031284,38.74892254521406,43.5,58,101
2021-01-21 08:00:00,Jan-Jun,8,1.9170332367434475,21.236963726398876,2.8228174468736995,18.5,190,208
2021-01-21 09:00:00,Jan-Jun,9,1.589302029560025,11.599633902597137,7.7122704403631985,4.75,189,194
2021-01-21 10:00:00,Jan-Jun,10,1.733576593275142,13.093256920234309,7.396713271199133,17.0,185,202
2021-01-21 11:00:00,Jan-Jun,11,1.6407209894332004,7.004308316852824,1.7486343745586055,10.0,181,191
2021-01-21 12:00:00,Jan-Jun,12,0.13453193412524106,21.226185235790595,29.560896179168296,17.5,115,132
2021-01-21 13:00:00,Jan-Jun,13,1.686134216447857,4.576385921949967,7.131150905869845,9.5,190,199
2021-01-21 14:00:00,Jan-Jun,14,1.8093336652579488,6.605036873419563,2.0303007392893164,11.75,189,201
2021-01-21 15:00:00,Jan-Jun,15,1.4991122453512356,11.617416471954034,2.9105416210244073,15.5,169,184
2021-01-21 16:00:00,Jan-Jun,16,1.1432186766711931,7.276391041652863,3.4231894522832818,4.0,160,164
2021-01-21 17:00:00,Jan-Jun,17,0.8756573041788145,20.613065038720336,16.8446319569627,28.0,134,162
2021-01-21 18:00:00,Jan-Jun,18,1.0907562338335413,4.243126696023596,-0.5530312243432718,0.75,156,157
2021-01-21 19:00:00,Jan-Jun,19,0.9387828797239666,16.51729080471638,10.206261347722034,15.75,143,159
2021-01-21 20:00:00,Jan-Jun,20,0.6642951132343773,6.439709857221948,1.026920621988694,7.25,127,134
2021-01-21 21:00:00,Jan-Jun,21,0.6473300291408901,3.570905540362029,1.004737660740119,6.25,127,133
2021-01-21 22:00:00,Jan-Jun,22,0.3897972965179065,5.9246733388180015,3.8481591614705337,7.0,114,121
2021-01-21 23:00:00,Jan-Jun,23,0.3172801723434124,20.290026964053446,17.027830728574315,17.75,112,130
2021-01-22 00:00:00,Jan-Jun,0,-0.3661935567583527,1.8103785718913312,0.12273103360176663,2.75,71,74
2021-01-22 01:00:00,Jan-Jun,1,0.2606786967466671,7.271105059187113,8.29017160186342,10.0,108,118
2021-01-22 02:00:00,Jan-Jun,2,0.1965196303809029,11.885618939851836,13.988109551190277,7.25,113,120
2021-01-22 03:00:00,Jan-Jun,3,0.3871428048066916,8.457776455323561,6.001156176407051,10.0,113,123
2021-01-22 04:00:00,Jan-Jun,4,0.44534210293578097,2.6208090274397136,0.6467215599677303,4.5,117,121
2021-01-22 05:00:00,Jan-Jun,5,0.07043265670944017,12.748603904762907,13.255388071070314,18.5,94,112
2021-01-22 06:00:00,Jan-Jun,6,0.34223779591884285,6.158433231865798,2.5893474623364057,3.0,114,117
2021-01-22 07:00:00,Jan-Jun,7,1.0839836087433077,24.39364151575466,4.837322762339795,23.5,139,162
2021-01-22 08:00:00,Jan-Jun,8,1.378650673553435,3.0190429655082687,3.853588691677345,7.0,171,178
2021-01-22 09:00:00,Jan-Jun,9,1.1768104406945141,13.010010630041322,13.487059985272282,9.5,167,176
2021-01-22 10:00:00,Jan-Jun,10,1.5885293786655217,16.835160066538094,2.7568037421428357,16.75,172,189
2021-01-22 11:00:00,Jan-Jun,11,1.4586639964855859,5.158988363528465,1.241858501656509,7.75,172,180
2021-01-22 12:00:00,Jan-Jun,12,0.16129121665609247,12.754600018150919,18.018570644013735,11.25,111,122
2021-01-22 13:00:00,Jan-Jun,13,1.2819968751214919,10.17448332684389,17.42442644561936,19.75,166,186
2021-01-22 14:00:00,Jan-Jun,14,0.8688682338771474,21.32123976904073,27.235933796769046,15.5,157,172
2021-01-22 15:00:00,Jan-Jun,15,1.247284806531405,15.974874038861103,4.425126939094952,14.75,156,171
2021-01-22 16:00:00,Jan-Jun,16,1.1780388714959407,9.524020587649288,12.416256883917583,15.25,160,175
2021-01-22 17:00:00,Jan-Jun,17,0.5662225532160896,25.68059530456313,31.679531578197725,39.25,120,159
2021-01-22 18:00:00,Jan-Jun,18,0.9394530342517395,12.753278177289985,15.167635631973042,11.5,153,164
2021-01-22 19:00:00,Jan-Jun,19,1.3009196322458707,13.992364144353838,4.333774950206134,18.25,156,174
2021-01-22 20:00:00,Jan-Jun,20,0.6224095699554745,6.6049008734476775,3.4410788819642164,1.5,133,134
2021-01-22 21:00:00,Jan-Jun,21,0.5772928159655417,3.1898008375931033,0.041474526418937785,2.5,126,128
2021-01-22 22:00:00,Jan-Jun,22,0.4011232506200459,7.4892244031560224,4.195364819859222,8.5,114,122
2021-01-22 23:00:00,Jan-Jun,23,0.3302813488189307,18.011833923839877,17.278481546953913,17.75,113,131
2021-01-23 00:00:00,Jan-Jun,0,-0.4417510484476318,1.817657293972584,0.4229385577773712,1.0,69,70
2021-01-23 01:00:00,Jan-Jun,1,0.14029881203626868,2.940712050476722,3.2285104715155626,3.5,103,106
2021-01-23 02:00:00,Jan-Jun,2,0.4840854262322252,5.311216291710732,0.4136715232949655,3.5,120,123
2021-01-23 03:00:00,Jan-Jun,3,0.22054663700923277,6.263396122127821,5.6032642806387685,10.0,103,113
2021-01-23 04:00:00,Jan-Jun,4,0.26750096614151037,6.316900949460979,5.896956264970939,4.25,112,116
2021-01-23 05:00:00,Jan-Jun,5,0.05451534282679652,18.269701598209412,27.172814748110994,29.75,95,125
2021-01-23 06:00:00,Jan-Jun,6,0.2771510590227433,11.727688290311226,14.340753584642002,8.25,117,125
2021-01-23 07:00:00,Jan-Jun,7,1.0351422202428593,14.78277404863474,3.652395272964725,17.75,140,158
2021-01-23 08:00:00,Jan-Jun,8,1.2286674845343242,7.181279122537686,8.498174061310863,11.5,163,174
2021-01-23 09:00:00,Jan-Jun,9,1.1560703040338294,6.410478165696415,0.6824598371737522,2.25,160,162
2021-01-23 10:00:00,Jan-Jun,10,1.0492689511205278,9.41041844893208,4.838172479967028,12.0,148,160
2021-01-23 11:00:00,Jan-Jun,11,1.0186776411105,11.47885832975094,12.60136469290839,10.25,156,166
2021-01-23 12:00:00,Jan-Jun,12,-0.11324462830321246,10.23326167827717,15.726635278489681,11.0,93,104
2021-01-23 13:00:00,Jan-Jun,13,0.9874067331756166,7.682066391017598,9.403726910947398,7.75,153,161
2021-01-23 14:00:00,Jan-Jun,14,1.0524407824061046,3.307474995416021,0.6553575491366814,5.0,151,156
2021-01-23 15:00:00,Jan-Jun,15,1.1211829509576379,12.805772100890747,5.693263207605185,15.0,150,165
2021-01-23 16:00:00,Jan-Jun,16,1.2544641747875547,7.122923232386394,1.0113294848854935,8.5,160,168
2021-01-23 17:00:00,Jan-Jun,17,0.77581608625919,28.309860889766806,30.599183099387062,42.0,128,170
2021-01-23 18:00:00,Jan-Jun,18,1.163301815526535,7.969077456494723,4.2656570017425395,4.5,162,166
2021-01-23 19:00:00,Jan-Jun,19,0.8137894201976256,13.883213711104055,4.410512961438599,9.25,137,146
2021-01-23 20:00:00,Jan-Jun,20,0.5483716691224143,6.254380535773853,9.70840349698021,8.5,128,136
2021-01-23 21:00:00,Jan-Jun,21,0.5640308576469323,3.2716842993907234,-0.19414560138662296,1.25,126,127
2021-01-23 22:00:00,Jan-Jun,22,0.4703559345146077,11.849102249315102,1.204998631425056,9.0,114,123
2021-01-23 23:00:00,Jan-Jun,23,0.354040564212525,8.458036058036019,4.909070967483785,10.0,110,120
2021-01-24 00:00:00,Jan-Jun,0,-0.4366443018036953,3.0826136922089873,3.1322980157034976,2.75,70,73
2021-01-24 01:00:00,Jan-Jun,1,0.3987348224379281,7.974677306533581,3.3330267235338056,10.0,111,121
2021-01-24 02:00:00,Jan-Jun,2,0.34638748826038146,9.910414193562396,11.350171525761453,8.0,118,126
2021-01-24 03:00:00,Jan-Jun,3,0.4512028032508028,4.036802546222574,2.308928207723511,6.25,117,123
2021-01-24 04:00:00,Jan-Jun,4,0.4412485241791664,4.87118272717991,0.8826632762381053,4.75,116,121
2021-01-24 05:00:00,Jan-Jun,5,0.17921607467149,11.171845107967629,10.985435088182086,15.0,101,116
2021-01-24 06:00:00,Jan-Jun,6,0.33384667392148215,9.978411502686933,10.072986801702314,6.25,118,124
2021-01-24 07:00:00,Jan-Jun,7,1.22180904266334,21.330382751274456,6.8934742722487385,22.75,149,172
2021-01-24 08:00:00,Jan-Jun,8,1.5742865202476746,4.032957263615746,2.5777197815063744,6.0,182,188
2021-01-24 09:00:00,Jan-Jun,9,1.3097540567613246,7.059135952884018,1.824584970883251,10.25,162,172
2021-01-24 10:00:00,Jan-Jun,10,1.2348046180290886,16.491997681435723,5.144447921952889,17.0,154,171
2021-01-24 11:00:00,Jan-Jun,11,1.288939179270335,6.690366669405973,1.0242926621658626,6.5,164,170
2021-01-24 12:00:00,Jan-Jun,12,0.10726475289134574,11.871097814765012,15.13249548644562,10.75,105,116
2021-01-24 13:00:00,Jan-Jun,13,1.48627588676694,13.16572740665437,9.650391189118551,19.5,171,190
2021-01-24 14:00:00,Jan-Jun,14,1.042982174094409,18.034801983110253,20.20052362783605,11.75,163,175
2021-01-24 15:00:00,Jan-Jun,15,1.1935756856794923,22.920606828013536,16.520761078952887,29.75,150,180
2021-01-24 16:00:00,Jan-Jun,16,1.2188622101465143,4.91515434674265,0.06332094258769416,2.75,162,165
2021-01-24 17:00:00,Jan-Jun,17,0.8384790906675759,20.099686357669253,20.98747371603085,29.25,135,164
2021-01-24 18:00:00,Jan-Jun,18,0.8685876684782919,11.51222559534926,14.252104752714416,9.25,150,159
2021-01-24 19:00:00,Jan-Jun,19,1.2416806639476539,6.955546927298168,1.7481330660193635,8.75,159,168
2021-01-24 20:00:00,Jan-Jun,20,0.7915962408427997,3.427330247726551,1.6896618768009546,6.5,136,142
2021-01-24 21:00:00,Jan-Jun,21,0.5232305034661436,15.483281704024478,17.15746558339869,11.0,131,142
2021-01-24 22:00:00,Jan-Jun,22,0.48985867647933057,8.787206833773931,12.080918533124844,13.75,121,135
2021-01-24 23:00:00,Jan-Jun,23,0.40236048597102736,17.2750795810669,11.124054250429168,14.25,115,129
2021-01-25 00:00:00,Jan-Jun,0,-0.42064180998782896,3.044518548448309,3.221547351889285,3.0,71,74
2021-01-25 01:00:00,Jan-Jun,1,0.5527351511696745,7.93203087998276,1.4569053570013466,9.0,119,128
2021-01-25 02:00:00,Jan-Jun,2,0.2043062846855133,17.165003680243327,19.53930993357811,9.0,117,126
2021-01-25 03:00:00,Jan-Jun,3,0.5451451325337877,10.354015801897154,1.894371478932328,8.75,119,128
2021-01-25 04:00:00,Jan-Jun,4,0.4659382915933533,1.8219565928855526,0.4596184432525945,3.75,118,122
2021-01-25 05:00:00,Jan-Jun,5,0.27879862280393347,7.679546225994251,3.2457929037046114,8.0,106,114
2021-01-25 06:00:00,Jan-Jun,6,0.42311752217145443,5.2085722087657365,2.92768035927061,7.75,114,122
2021-01-25 07:00:00,Jan-Jun,7,0.9295467661975464,13.48839829840448,3.738603488097482,17.0,135,152
2021-01-25 08:00:00,Jan-Jun,8,1.2122424969539283,9.914264755045473,3.444861541837838,12.25,156,168
2021-01-25 09:00:00,Jan-Jun,9,1.423984643168402,3.7446712954795047,1.2406733840089714,8.25,170,178
2021-01-25 10:00:00,Jan-Jun,10,1.4417361712005858,7.826600689066783,4.2175280533939485,10.25,172,182
2021-01-25 11:00:00,Jan-Jun,11,1.4561004456881081,9.537318634659984,5.389613952538184,3.75,180,184
2021-01-25 12:00:00,Jan-Jun,12,0.2599857557882008,20.588726273302225,26.330110659772203,14.25,122,136
2021-01-25 13:00:00,Jan-Jun,13,1.4131335530726399,12.437942685415194,8.866097975257304,5.75,179,185
2021-01-25 14:00:00,Jan-Jun,14,1.3383106815092651,13.580430929309399,12.178665970783129,7.0,177,184
2021-01-25 15:00:00,Jan-Jun,15,1.5567525921907968,10.18606306796386,1.5883232961001283,11.5,175,186
2021-01-25 16:00:00,Jan-Jun,16,1.2892792816476626,7.150457853131403,7.004690171683762,9.75,166,176
2021-01-25 17:00:00,Jan-Jun,17,0.9830306994437635,27.227539421458175,28.65594849273134,39.0,141,180
2021-01-25 18:00:00,Jan-Jun,18,0.6668126706518498,22.11480293667445,30.88181609287028,22.5,142,164
2021-01-25 19:00:00,Jan-Jun,19,0.2279245936450361,14.139389668559442,19.178020782292236,16.75,110,127
2021-01-25 20:00:00,Jan-Jun,20,0.2854527133147496,3.2171010184939868,3.8622708979770977,6.25,109,115
2021-01-25 21:00:00,Jan-Jun,21,0.40227303590311086,7.096930737372293,3.1290946125032804,4.75,116,121
2021-01-25 22:00:00,Jan-Jun,22,0.6716537337992353,11.086294207051155,2.6027915973181166,13.0,123,136
2021-01-25 23:00:00,Jan-Jun,23,0.02165666511221506,17.862690688342234,26.048990825287802,20.25,102,122
2021-01-26 00:00:00,Jan-Jun,0,-1.2000231619426394,3.229133469457389,-1.343846752904895,2.0,24,26
2021-01-26 01:00:00,Jan-Jun,1,-1.277036962166589,1.1693215060676696,-1.319945533154808,0.75,21,22
2021-01-26 02:00:00,Jan-Jun,2,-1.277036962166589,1.1693215060676696,-1.319945533154808,0.75,21,22
2021-01-26 03:00:00,Jan-Jun,3,-1.2582412491878543,1.2479073476407172,-0.3020044909165591,1.5,23,24
2021-01-26 04:00:00,Jan-Jun,4,-1.2563380546627592,1.5807599521444275,1.5985553211082788,2.75,23,26
2021-01-26 05:00:00,Jan-Jun,5,-1.277036962166589,1.1693215060676696,-1.319945533154808,0.75,21,22
2021-01-26 06:00:00,Jan-Jun,6,-1.2776193766946458,0.8272725746132167,-1.2895149022414785,0.75,21,22
2021-01-26 07:00:00,Jan-Jun,7,-1.200450169958828,3.8651769752274032,-1.321535971302282,2.25,24,26
2021-01-26 08:00:00,Jan-Jun,8,-1.278390551855002,1.2273577323805105,-2.2492216994729546,0.0,21,21
2021-01-26 09:00:00,Jan-Jun,9,-1.278390551855002,1.2273577323805105,-2.2492216994729546,0.0,21,21
2021-01-26 10:00:00,Jan-Jun,10,-1.257744876445839,2.299474831942024,1.6720604834615784,3.5,23,26
2021-01-26 11:00:00,Jan-Jun,11,-1.2753058512135775,0.9993238785252069,1.5896054894529783,3.0,22,25
2021-01-26 12:00:00,Jan-Jun,12,-1.278390551855002,1.2273577323805105,-2.2492216994729546,0.0,21,21
2021-01-26 13:00:00,Jan-Jun,13,-1.278390551855002,1.2273577323805105,-2.2492216994729546,0.0,21,21
2021-01-26 14:00:00,Jan-Jun,14,-1.2703185004761137,1.8392584657434028,1.329020936328149,2.25,23,25
2021-01-26 15:00:00,Jan-Jun,15,-1.278390551855002,1.2273577323805105,-2.2492216994729546,0.0,21,21
2021-01-26 16:00:00,Jan-Jun,16,-1.278390551855002,1.2273577323805105,-2.2492216994729546,0.0,21,21
2021-01-26 17:00:00,Jan-Jun,17,-1.2550011420345613,2.109019731016024,1.528702848698643,2.75,23,26
2021-01-26 18:00:00,Jan-Jun,18,-1.278390551855002,1.2273577323805105,-2.2492216994729546,0.0,21,21
2021-01-26 19:00:00,Jan-Jun,19,-1.278390551855002,1.2273577323805105,-2.2492216994729546,0.0,21,21
2021-01-26 20:00:00,Jan-Jun,20,-1.2287880384210794,2.881928506423141,0.1590919569233904,2.75,23,26
2021-01-26 21:00:00,Jan-Jun,21,-1.277036962166589,1.1693215060676696,-1.319945533154808,0.75,21,22
2021-01-26 22:00:00,Jan-Jun,22,-1.278390551855002,1.2273577323805105,-2.2492216994729546,0.0,21,21
2021-01-26 23:00:00,Jan-Jun,23,-1.1992686638424987,3.379344895645637,-1.38326859440118,2.0,24,26
2021-01-27 00:00:00,Jan-Jun,0,-1.2000231619426394,3.229133469457389,-1.343846752904895,2.0,24,26
2021-01-27 01:00:00,Jan-Jun,1,-1.277036962166589,1.1693215060676696,-1.319945533154808,0.75,21,22
2021-01-27 02:00:00,Jan-Jun,2,-1.277036962166589,1.1693215060676696,-1.319945533154808,0.75,21,22
2021-01-27 03:00:00,Jan-Jun,3,-1.2582412491878543,1.2479073476407172,-0.3020044909165591,1.5,23,24
2021-01-27 04:00:00,Jan-Jun,4,-1.2563380546627592,1.5807599521444275,1.5985553211082788,2.75,23,26
2021-01-27 05:00:00,Jan-Jun,5,-1.277036962166589,1.1693215060676696,-1.319945533154808,0.75,21,22
2021-01-27 06:00:00,Jan-Jun,6,-1.2776193766946458,0.8272725746132167,-1.2895149022414785,0.75,21,22
2021-01-27 07:00:00,Jan-Jun,7,-1.200450169958828,3.8651769752274032,-1.321535971302282,2.25,24,26
2021-01-27 08:00:00,Jan-Jun,8,-1.278390551855002,1.2273577323805105,-2.2492216994729546,0.0,21,21
2021-01-27 09:00:00,Jan-Jun,9,-1.278390551855002,1.2273577323805105,-2.2492216994729546,0.0,21,21
2021-01-27 10:00:00,Jan-Jun,10,-1.257744876445839,2.299474831942024,1.6720604834615784,3.5,23,26
2021-01-27 11:00:00,Jan-Jun,11,-1.2753058512135775,0.9993238785252069,1.5896054894529783,3.0,22,25
2021-01-27 12:00:00,Jan-Jun,12,-1.278390551855002,1.2273577323805105,-2.2492216994729546,0.0,21,21
2021-01-27 13:00:00,Jan-Jun,13,-1.278390551855002,1.2273577323805105,-2.2492216994729546,0.0,21,21
2021-01-27 14:00:00,Jan-Jun,14,-1.2703185004761137,1.8392584657434028,1.329020936328149,2.25,23,25
2021-01-27 15:00:00,Jan-Jun,15,-1.278390551855002,1.2273577323805105,-2.2492216994729546,0.0,21,21
2021-01-27 16:00:00,Jan-Jun,16,-1.278390551855002,1.2273577323805105,-2.2492216994729546,0.0,21,21
2021-01-27 17:00:00,Jan-Jun,17,-1.2550011420345613,2.109019731016024,1.528702848698643,2.75,23,26
2021-01-27 18:00:00,Jan-Jun,18,-1.278390551855002,1.2273577323805105,-2.2492216994729546,0.0,21,21
2021-01-27 19:00:00,Jan-Jun,19,-1.278390551855002,1.2273577323805105,-2.2492216994729546,0.0,21,21
2021-01-27 20:00:00,Jan-Jun,20,-1.2287880384210794,2.881928506423141,0.1590919569233904,2.75,23,26
2021-01-27 21:00:00,Jan-Jun,21,-1.277036962166589,1.1693215060676696,-1.319945533154808,0.75,21,22
2021-01-27 22:00:00,Jan-Jun,22,-1.278390551855002,1.2273577323805105,-2.2492216994729546,0.0,21,21
2021-01-27 23:00:00,Jan-Jun,23,-1.1992686638424987,3.379344895645637,-1.38326859440118,2.0,24,26
2021-01-28 00:00:00,Jan-Jun,0,-1.2275038134584928,1.1684042797688647,-1.9080076327392277,0.25,24,24
2021-01-28 01:00:00,Jan-Jun,1,-1.1670915966386821,3.5337454705553504,-1.0644911751972117,2.5,26,28
2021-01-28 02:00:00,Jan-Jun,2,-1.2254817674559806,1.5090350166215107,-1.0136577026259346,1.0,24,25
2021-01-28 03:00:00,Jan-Jun,3,-1.228188946832807,1.7005361917955624,-1.872210035262185,0.5,24,24
2021-01-28 04:00:00,Jan-Jun,4,-1.192894369296191,2.1828715613276364,0.2836802962476739,2.5,26,28
2021-01-28 05:00:00,Jan-Jun,5,-1.2288574031469057,1.368905947650124,-1.8372837990573885,0.5,24,24
2021-01-28 06:00:00,Jan-Jun,6,-1.243506305274359,1.1414070888971413,-2.0718919476327216,0.0,23,23
2021-01-28 07:00:00,Jan-Jun,7,-0.5221574833722498,24.462828827663195,26.9991142449864,35.0,57,92
2021-01-28 08:00:00,Jan-Jun,8,1.6115714204277733,17.912832199877844,10.42872891984348,23.25,175,198
2021-01-28 09:00:00,Jan-Jun,9,1.4075471107469035,12.205060854888513,9.188083911902567,6.75,178,185
2021-01-28 10:00:00,Jan-Jun,10,1.4774750726611334,17.663623782745187,4.157643964296085,16.75,167,184
2021-01-28 11:00:00,Jan-Jun,11,1.6747678970416817,5.014041226398723,1.7862717836682407,10.25,183,193
2021-01-28 12:00:00,Jan-Jun,12,0.28523892360902775,17.943748060277564,23.87459310138101,13.75,121,135
2021-01-28 13:00:00,Jan-Jun,13,1.666925291022892,4.544802796471783,0.23829629183620682,6.0,185,191
2021-01-28 14:00:00,Jan-Jun,14,1.4686907467785977,9.864938099841096,9.663946407275773,8.75,180,189
2021-01-28 15:00:00,Jan-Jun,15,1.6936152088279168,11.862305971551427,1.6999687333747033,12.5,182,194
2021-01-28 16:00:00,Jan-Jun,16,1.2313915659766572,9.605832870012215,6.341166101044848,4.25,168,172
2021-01-28 17:00:00,Jan-Jun,17,1.1801898823372983,21.93701968879695,16.29227901032567,29.0,150,179
2021-01-28 18:00:00,Jan-Jun,18,1.3257037033585604,15.201482953303785,13.90529473224376,8.25,177,185
2021-01-28 19:00:00,Jan-Jun,19,1.146322101502235,20.922632517563724,8.244317266236067,16.25,153,169
2021-01-28 20:00:00,Jan-Jun,20,0.29621581143930437,3.1453280042961427,1.2419179024983862,1.25,112,113
2021-01-28 21:00:00,Jan-Jun,21,0.47668183116743573,4.475597464189342,0.8403927445087334,5.25,118,123
2021-01-28 22:00:00,Jan-Jun,22,0.28521126501683913,4.789576127643754,7.876187260452724,10.0,109,119
2021-01-28 23:00:00,Jan-Jun,23,0.2623604810268715,18.25656440671139,16.19323855304232,18.75,107,126
2021-01-29 00:00:00,Jan-Jun,0,-0.49272382863018277,1.4934474119876797,0.3239550945697829,0.75,66,67
2021-01-29 01:00:00,Jan-Jun,1,0.27641838908200417,6.287361188030951,1.3829825030421574,7.75,104,112
2021-01-29 02:00:00,Jan-Jun,2,0.24297268764347005,15.533667640919024,15.31069335666217,11.5,113,124
2021-01-29 03:00:00,Jan-Jun,3,0.23702882450689902,7.62050138194498,6.653279966838596,11.5,104,115
2021-01-29 04:00:00,Jan-Jun,4,0.3218807184979791,7.707193861948991,0.762668917839477,4.25,110,114
2021-01-29 05:00:00,Jan-Jun,5,0.0820106537654271,16.41869196535165,10.5880667224951,20.0,90,110
2021-01-29 06:00:00,Jan-Jun,6,0.2601696172928047,8.402371204033212,9.319513428954991,6.0,113,119
2021-01-29 07:00:00,Jan-Jun,7,0.9689677321821522,19.841613209065255,9.466496140360505,23.25,137,160
2021-01-29 08:00:00,Jan-Jun,8,1.949964260144114,13.458258667936057,14.924771106092237,20.0,202,222
2021-01-29 09:00:00,Jan-Jun,9,1.4764888595919643,8.328035664181655,3.214486355265592,3.75,179,183
2021-01-29 10:00:00,Jan-Jun,10,1.3618212124160523,11.341432485047566,1.8235888262157403,12.25,163,175
2021-01-29 11:00:00,Jan-Jun,11,1.8169116809560237,2.197603996004839,0.5935264310294315,6.75,193,200
2021-01-29 12:00:00,Jan-Jun,12,0.17618412914794954,22.54196855888274,29.160187419331578,16.25,118,134
2021-01-29 13:00:00,Jan-Jun,13,1.60703220640959,6.598788063964533,6.690355728473492,7.5,187,194
2021-01-29 14:00:00,Jan-Jun,14,1.5246649926923348,3.04204588340407,0.4377571892260903,5.75,177,183
2021-01-29 15:00:00,Jan-Jun,15,1.3027681232598773,12.020976656561004,9.22723342058481,15.75,163,179
2021-01-29 16:00:00,Jan-Jun,16,1.1253214097957118,11.25051162736169,7.454734736791806,3.25,164,167
2021-01-29 17:00:00,Jan-Jun,17,0.6864018344351609,18.622077425336123,18.752754897732018,25.5,128,153
2021-01-29 18:00:00,Jan-Jun,18,1.2261982331176233,6.165917316032681,9.640494376076532,9.5,166,175
2021-01-29 19:00:00,Jan-Jun,19,1.063490847757557,21.092084460869547,21.018464615366014,16.75,160,177
2021-01-29 20:00:00,Jan-Jun,20,0.7340138002203087,1.9849944628365943,0.008542659430190724,2.5,135,137
2021-01-29 21:00:00,Jan-Jun,21,0.5289083636824,5.117733761625887,0.8302105911740512,2.25,124,126
2021-01-29 22:00:00,Jan-Jun,22,0.4279998170014595,5.8031242961123155,1.6462793920440646,8.5,113,121
2021-01-29 23:00:00,Jan-Jun,23,0.22649907716430293,14.029371368126164,5.260183316600973,9.5,104,113
2021-01-30 00:00:00,Jan-Jun,0,-0.4772177095563316,2.403469501939387,1.441454518897558,2.0,67,69
2021-01-30 01:00:00,Jan-Jun,1,0.2774804992918611,7.899273538699711,1.321765626396754,8.0,104,112
2021-01-30 02:00:00,Jan-Jun,2,0.24289724051336528,8.379468913683835,9.315041905065158,8.25,110,118
2021-01-30 03:00:00,Jan-Jun,3,0.41527024203026114,6.114592729321886,1.3799742699657003,8.0,112,120
2021-01-30 04:00:00,Jan-Jun,4,0.17772478125498753,10.272620905039268,11.07138880962539,7.0,109,116
2021-01-30 05:00:00,Jan-Jun,5,0.13016262164519388,11.094806707245544,12.812730367969024,16.75,98,115
2021-01-30 06:00:00,Jan-Jun,6,0.3579289302819168,2.665815063033202,2.684957100755966,3.75,114,118
2021-01-30 07:00:00,Jan-Jun,7,0.7889356667273068,9.6966530077539,2.8430094634473733,11.5,132,143
2021-01-30 08:00:00,Jan-Jun,8,1.5652346551018945,6.172524627111886,8.099442392679379,13.25,180,193
2021-01-30 09:00:00,Jan-Jun,9,1.3987427763033122,13.52358522620598,11.695539588890028,8.25,179,187
2021-01-30 10:00:00,Jan-Jun,10,1.2620902040288375,10.944170795427972,3.5717878186578957,12.5,159,171
2021-01-30 11:00:00,Jan-Jun,11,0.8278231630321549,7.5876820336060815,7.601649722951834,6.0,144,150
2021-01-30 12:00:00,Jan-Jun,12,0.11825262225359573,12.321849252512724,17.49918734468949,11.25,108,119
2021-01-30 13:00:00,Jan-Jun,13,1.3282758961010452,9.951604624177019,12.75704118532974,17.5,167,184
2021-01-30 14:00:00,Jan-Jun,14,1.179820238634889,12.81584945543897,14.313584175009282,11.25,166,177
2021-01-30 15:00:00,Jan-Jun,15,1.407465131201937,15.84740926219725,2.1928089692884214,14.5,164,178
2021-01-30 16:00:00,Jan-Jun,16,1.0472616319930654,12.299047816331184,9.953868390121556,4.5,161,165
2021-01-30 17:00:00,Jan-Jun,17,1.4031161467067095,20.688434067084973,5.443471513444706,24.75,156,181
2021-01-30 18:00:00,Jan-Jun,18,1.1971866897898142,1.885363738873377,1.31263353141955,5.5,160,165
2021-01-30 19:00:00,Jan-Jun,19,0.804991712587368,24.157852754334893,20.91758668744302,20.75,141,162
2021-01-30 20:00:00,Jan-Jun,20,0.33690285211789867,4.107839079280554,0.896837771290862,6.0,109,115
2021-01-30 21:00:00,Jan-Jun,21,0.32527536831032144,5.129647518692237,3.567011389187627,4.25,113,117
2021-01-30 22:00:00,Jan-Jun,22,0.313254772510277,10.210740679739128,5.259842814275544,12.25,106,118
2021-01-30 23:00:00,Jan-Jun,23,0.14849541294658047,18.79424077991533,16.75608274962616,16.0,104,120
2021-01-31 00:00:00,Jan-Jun,0,-1.2000231619426394,3.229133469457389,-1.343846752904895,2.0,24,26
2021-01-31 01:00:00,Jan-Jun,1,-1.277036962166589,1.1693215060676696,-1.319945533154808,0.75,21,22
2021-01-31 02:00:00,Jan-Jun,2,-1.277036962166589,1.1693215060676696,-1.319945533154808,0.75,21,22
2021-01-31 03:00:00,Jan-Jun,3,-1.2582412491878543,1.2479073476407172,-0.3020044909165591,1.5,23,24
2021-01-31 04:00:00,Jan-Jun,4,-1.2563380546627592,1.5807599521444275,1.5985553211082788,2.75,23,26
2021-01-31 05:00:00,Jan-Jun,5,-1.277036962166589,1.1693215060676696,-1.319945533154808,0.75,21,22
2021-01-31 06:00:00,Jan-Jun,6,-1.2776193766946458,0.8272725746132167,-1.2895149022414785,0.75,21,22
2021-01-31 07:00:00,Jan-Jun,7,-1.200450169958828,3.8651769752274032,-1.321535971302282,2.25,24,26
2021-01-31 08:00:00,Jan-Jun,8,-1.278390551855002,1.2273577323805105,-2.2492216994729546,0.0,21,21
2021-01-31 09:00:00,Jan-Jun,9,-1.278390551855002,1.2273577323805105,-2.2492216994729546,0.0,21,21
2021-01-31 10:00:00,Jan-Jun,10,-1.257744876445839,2.299474831942024,1.6720604834615784,3.5,23,26
2021-01-31 11:00:00,Jan-Jun,11,-1.2753058512135775,0.9993238785252069,1.5896054894529783,3.0,22,25
2021-01-31 12:00:00,Jan-Jun,12,-1.278390551855002,1.2273577323805105,-2.2492216994729546,0.0,21,21
2021-01-31 13:00:00,Jan-Jun,13,-1.278390551855002,1.2273577323805105,-2.2492216994729546,0.0,21,21
2021-01-31 14:00:00,Jan-Jun,14,-1.2703185004761137,1.8392584657434028,1.329020936328149,2.25,23,25
2021-01-31 15:00:00,Jan-Jun,15,-1.278390551855002,1.2273577323805105,-2.2492216994729546,0.0,21,21
2021-01-31 16:00:00,Jan-Jun,16,-1.278390551855002,1.2273577323805105,-2.2492216994729546,0.0,21,21
2021-01-31 17:00:00,Jan-Jun,17,-1.2550011420345613,2.109019731016024,1.528702848698643,2.75,23,26
2021-01-31 18:00:00,Jan-Jun,18,-1.278390551855002,1.2273577323805105,-2.2492216994729546,0.0,21,21
2021-01-31 19:00:00,Jan-Jun,19,-1.278390551855002,1.2273577323805105,-2.2492216994729546,0.0,21,21
2021-01-31 20:00:00,Jan-Jun,20,-1.2287880384210794,2.881928506423141,0.1590919569233904,2.75,23,26
2021-01-31 21:00:00,Jan-Jun,21,-1.277036962166589,1.1693215060676696,-1.319945533154808,0.75,21,22
2021-01-31 22:00:00,Jan-Jun,22,-1.278390551855002,1.2273577323805105,-2.2492216994729546,0.0,21,21
2021-01-31 23:00:00,Jan-Jun,23,-1.1992686638424987,3.379344895645637,-1.38326859440118,2.0,24,26
2021-02-01 00:00:00,Jan-Jun,0,-0.5799344450817898,1.2728524609085161,0.2873775252061961,0.75,61,62
2021-02-01 01:00:00,Jan-Jun,1,0.17245078271438996,6.46400577043721,1.3753664148602667,7.5,99,106
2021-02-01 02:00:00,Jan-Jun,2,0.20490553382680463,2.5015654744225055,0.504770993624561,3.5,104,107
2021-02-01 03:00:00,Jan-Jun,3,0.12710621844348574,3.4907735701210085,4.9888923670169305,4.5,103,107
2021-02-01 04:00:00,Jan-Jun,4,0.19683956485219442,4.652150637897341,0.969669478887127,2.25,105,107
2021-02-01 05:00:00,Jan-Jun,5,-0.03755682662776011,8.318283050406437,10.419011415173003,13.5,90,103
2021-02-01 06:00:00,Jan-Jun,6,0.21190167942587806,7.520369679530797,9.101533948959045,7.5,109,116
2021-02-01 07:00:00,Jan-Jun,7,0.7072863960757406,17.49006645921519,3.5490308191197073,17.0,122,139
2021-02-01 08:00:00,Jan-Jun,8,1.4868862793109492,8.100344260399215,14.615209976542758,15.75,179,195
2021-02-01 09:00:00,Jan-Jun,9,1.3085104221080655,10.567775983087353,11.896264377082332,9.0,173,182
2021-02-01 10:00:00,Jan-Jun,10,1.4454715622377832,17.31485797140829,9.002231212986686,16.5,171,187
2021-02-01 11:00:00,Jan-Jun,11,1.4238724185243186,14.509773450343848,7.247141679040567,9.75,174,184
2021-02-01 12:00:00,Jan-Jun,12,-0.18378282341647156,19.551468504353217,36.741179310935934,27.5,94,121
2021-02-01 13:00:00,Jan-Jun,13,1.4099547106034573,6.353930458754897,1.0493170098783366,7.5,170,177
2021-02-01 14:00:00,Jan-Jun,14,1.2045270025330552,8.057901398177528,2.889559715188909,2.5,165,167
2021-02-01 15:00:00,Jan-Jun,15,1.106000257200899,9.235279863804793,3.5683485633673513,10.25,152,162
2021-02-01 16:00:00,Jan-Jun,16,1.1645661625148853,9.52803836614004,7.192783798091455,7.0,162,169
2021-02-01 17:00:00,Jan-Jun,17,0.6856605874759227,22.810532749109083,20.795478169993544,31.5,124,155
2021-02-01 18:00:00,Jan-Jun,18,0.8576711165527985,13.099079178814556,16.88130236932156,14.5,147,161
2021-02-01 19:00:00,Jan-Jun,19,1.0416928881333827,10.957135462209454,3.274834239770996,14.5,144,158
2021-02-01 20:00:00,Jan-Jun,20,0.40027234108321774,7.8838815607415995,6.244408717252355,3.25,121,124
2021-02-01 21:00:00,Jan-Jun,21,0.41190645172412854,9.450983402797666,9.573853148372564,7.0,121,128
2021-02-01 22:00:00,Jan-Jun,22,0.14605967499529063,7.760720104730723,9.896471447824183,7.25,106,113
2021-02-01 23:00:00,Jan-Jun,23,0.17377671633637892,17.80847648808555,5.2989435406387315,11.5,99,110
2021-02-02 00:00:00,Jan-Jun,0,-0.5624923217914685,1.3165981451484337,0.29469303907891486,0.75,62,63
2021-02-02 01:00:00,Jan-Jun,1,0.19142091632641012,5.79279037361275,5.281984279469299,9.0,102,111
2021-02-02 02:00:00,Jan-Jun,2,0.3060799190315507,2.531872175769186,0.673380050129083,4.25,109,113
2021-02-02 03:00:00,Jan-Jun,3,0.2508237106019752,7.204209709703167,0.8581837210982712,6.5,104,110
2021-02-02 04:00:00,Jan-Jun,4,0.0815825594168923,7.265179458895348,7.612740808746821,7.25,100,107
2021-02-02 05:00:00,Jan-Jun,5,-0.032373002092317145,16.35779835883018,13.123984134979665,21.5,85,106
2021-02-02 06:00:00,Jan-Jun,6,0.053571861614829505,11.76901817440494,18.227194201800657,13.5,103,116
2021-02-02 07:00:00,Jan-Jun,7,0.8828724580350688,17.995223220289866,5.4287719270930666,19.0,132,151
2021-02-02 08:00:00,Jan-Jun,8,1.3597217690982697,4.581311553268587,3.9445945009715047,4.75,172,177
2021-02-02 09:00:00,Jan-Jun,9,1.4698392181982602,3.08735746829284,0.5977519271024505,3.5,177,180
2021-02-02 10:00:00,Jan-Jun,10,1.620533817868199,21.152365588664985,2.912162961371479,18.25,173,191
2021-02-02 11:00:00,Jan-Jun,11,1.1974183128661346,16.399638002180364,21.29928346552265,17.5,168,185
2021-02-02 12:00:00,Jan-Jun,12,-0.0012423894439805277,19.647379650639056,36.35224592941444,28.25,103,131
2021-02-02 13:00:00,Jan-Jun,13,1.494379661504857,8.16135860200968,8.183313691991344,7.25,182,189
2021-02-02 14:00:00,Jan-Jun,14,1.4810597969691768,3.81073669078678,-0.04896889351917366,3.0,177,180
2021-02-02 15:00:00,Jan-Jun,15,1.089303126212892,8.480559941192457,8.530721581288617,10.5,156,166
2021-02-02 16:00:00,Jan-Jun,16,1.3233455228013244,3.5818544387089903,1.0412132526950018,5.0,167,172
2021-02-02 17:00:00,Jan-Jun,17,0.8180777450465808,14.681967379843671,16.163346659055264,21.75,136,158
2021-02-02 18:00:00,Jan-Jun,18,1.0277899070875711,6.7825830914474965,0.07616075728890337,2.5,152,154
2021-02-02 19:00:00,Jan-Jun,19,0.5025131262699524,16.037699130620723,18.35155364739201,14.5,128,142
2021-02-02 20:00:00,Jan-Jun,20,0.34177368843914746,3.8286057603275645,3.6160972384623307,5.5,113,118
2021-02-02 21:00:00,Jan-Jun,21,0.3319877475965185,0.6232837256760552,0.18012979164073784,2.75,111,114
2021-02-02 22:00:00,Jan-Jun,22,0.10741993439792268,4.536543492869524,5.123551285497726,5.5,101,106
2021-02-02 23:00:00,Jan-Jun,23,0.010705670208180368,16.64361746632028,13.672245377956074,13.0,96,109
2021-02-03 00:00:00,Jan-Jun,0,-0.52037656371812,3.223290104820382,3.897756670437275,3.0,66,69
2021-02-03 01:00:00,Jan-Jun,1,0.3206393534536494,9.061035554802883,1.8342175105235583,10.0,105,115
2021-02-03 02:00:00,Jan-Jun,2,0.34862588603510863,3.7033633072280416,0.22115692898313455,2.5,113,115
2021-02-03 03:00:00,Jan-Jun,3,0.21664415594611908,1.9119829687465586,2.828191693664806,4.75,105,110
2021-02-03 04:00:00,Jan-Jun,4,0.15116462900708064,6.64036024217444,5.602237066947339,3.25,106,109
2021-02-03 05:00:00,Jan-Jun,5,0.04814191213330801,11.527947488197226,9.540160355892965,15.75,91,107
2021-02-03 06:00:00,Jan-Jun,6,0.2678618103458932,7.622380116193604,7.876158277207608,6.0,112,118
2021-02-03 07:00:00,Jan-Jun,7,0.7529522104733001,15.131782300512814,10.916988964193933,20.5,129,149
2021-02-03 08:00:00,Jan-Jun,8,1.3792889766611245,6.849257300644957,6.816798797141757,10.75,170,181
2021-02-03 09:00:00,Jan-Jun,9,1.3315703242071155,5.3918836789280915,-0.43283986196161095,1.25,170,171
2021-02-03 10:00:00,Jan-Jun,10,1.187759959864402,10.843374350088046,6.855962234653873,14.5,156,170
2021-02-03 11:00:00,Jan-Jun,11,1.186874448004052,10.403621376467111,8.90700050716083,10.0,162,172
2021-02-03 12:00:00,Jan-Jun,12,-0.022023593390775635,16.3338318487997,27.534967689699073,19.5,102,121
2021-02-03 13:00:00,Jan-Jun,13,1.2021717034660764,2.7400863638050557,1.0253121551035065,7.0,158,165
2021-02-03 14:00:00,Jan-Jun,14,1.1150690244121855,5.486798373358962,4.045651767359686,4.25,159,163
2021-02-03 15:00:00,Jan-Jun,15,1.0625504679896098,6.069510133436539,5.072665311037724,9.75,151,161
2021-02-03 16:00:00,Jan-Jun,16,1.1861387390200369,3.1188463042051904,-0.05059541301449144,3.0,160,163
2021-02-03 17:00:00,Jan-Jun,17,0.7223542736299388,12.404380842687967,14.680563128118337,18.75,132,151
2021-02-03 18:00:00,Jan-Jun,18,0.5356029795760355,21.08787646756885,24.444352822794002,18.0,132,150
2021-02-03 19:00:00,Jan-Jun,19,0.3869551330325033,3.923690088961553,2.0119730198416335,4.25,115,119
2021-02-03 20:00:00,Jan-Jun,20,0.5932225171362691,6.66371693577803,1.1233338828995159,7.75,122,130
2021-02-03 21:00:00,Jan-Jun,21,0.45653829148080244,9.716953279426031,11.001406519495973,9.25,123,132
2021-02-03 22:00:00,Jan-Jun,22,0.36640843112652133,2.198153806725353,2.1962238672352186,5.25,113,118
2021-02-03 23:00:00,Jan-Jun,23,0.22966981959176921,15.326030033267363,6.07743114431679,9.5,105,114
2021-02-04 00:00:00,Jan-Jun,0,-0.4874283213539473,3.8560635109759587,5.022571608637762,4.25,68,72
2021-02-04 01:00:00,Jan-Jun,1,0.3838286588051684,8.573698915822332,2.192173704604457,11.0,108,119
2021-02-04 02:00:00,Jan-Jun,2,0.28711445954193415,2.7860170764580077,4.766492782992941,6.25,110,116
2021-02-04 03:00:00,Jan-Jun,3,0.18292761991184756,4.70795775779711,7.771512648651608,6.5,107,113
2021-02-04 04:00:00,Jan-Jun,4,0.23914408355784195,6.977082571900947,6.531362720216791,6.25,109,115
2021-02-04 05:00:00,Jan-Jun,5,-0.05912674664794575,9.642810436317177,15.646621415093477,16.75,90,107
2021-02-04 06:00:00,Jan-Jun,6,0.20008255349574453,10.207141123654578,11.782753249373243,9.25,109,118
2021-02-04 07:00:00,Jan-Jun,7,0.7748334879462782,11.699125902149111,2.655817146546468,13.75,128,142
2021-02-04 08:00:00,Jan-Jun,8,1.1161287975608407,2.948040706940507,-0.015430408022155007,2.75,156,159
2021-02-04 09:00:00,Jan-Jun,9,1.135886783393432,5.589721622047565,5.845777995540459,5.75,160,166
2021-02-04 10:00:00,Jan-Jun,10,1.3089757103385795,16.2097669708646,2.8694465459875858,16.5,157,173
2021-02-04 11:00:00,Jan-Jun,11,1.0327378213003264,2.7321944705014127,0.7909776838156688,6.25,149,155
2021-02-04 12:00:00,Jan-Jun,12,-0.025843620457904705,18.701806281018317,24.75237709238513,28.75,89,118
2021-02-04 13:00:00,Jan-Jun,13,1.0461943032317496,7.783540202618149,3.0153860485671657,2.75,155,158
2021-02-04 14:00:00,Jan-Jun,14,0.9994172762230148,5.202151747586575,7.711474896652248,8.0,152,160
2021-02-04 15:00:00,Jan-Jun,15,0.8562269703009201,5.7053089844832785,4.964538668284433,9.0,140,149
2021-02-04 16:00:00,Jan-Jun,16,0.8680503860031854,3.09489724220877,0.28307211815078404,3.5,142,145
2021-02-04 17:00:00,Jan-Jun,17,0.6932699396569902,18.202294966432902,8.356897719964167,20.75,122,143
2021-02-04 18:00:00,Jan-Jun,18,0.7309509951905586,7.3921741619720756,8.185073640824669,5.75,139,145
2021-02-04 19:00:00,Jan-Jun,19,0.1873929594783103,20.210599350606078,29.514143743915426,22.25,113,135
2021-02-04 20:00:00,Jan-Jun,20,0.17111620714739392,5.954655337276686,6.452287385114161,10.25,101,111
2021-02-04 21:00:00,Jan-Jun,21,0.2515289469558173,3.4792723095087323,0.8175359931333617,1.75,108,110
2021-02-04 22:00:00,Jan-Jun,22,0.27712573749175645,4.611731424151695,0.3422130424501546,4.25,107,111
2021-02-04 23:00:00,Jan-Jun,23,0.10413315705678852,20.283131303780557,11.31299136543089,15.0,97,112
2021-02-05 00:00:00,Jan-Jun,0,-0.5319436466944061,0.8215184289163189,-0.4439253238255674,0.75,63,64
2021-02-05 01:00:00,Jan-Jun,1,0.32601536454070407,10.453088177365021,2.524360205221029,11.5,105,116
2021-02-05 02:00:00,Jan-Jun,2,0.19114720276617989,4.669082960375657,1.2977603157951734,3.25,104,107
2021-02-05 03:00:00,Jan-Jun,3,0.25872367840877986,6.0058304713737725,0.40285304990833026,4.75,105,110
2021-02-05 04:00:00,Jan-Jun,4,0.20699982604540054,3.700826639669897,1.3840622129204547,1.25,107,108
2021-02-05 05:00:00,Jan-Jun,5,0.04999561990681268,6.400988001233881,1.4333181477547328,6.75,92,99
2021-02-05 06:00:00,Jan-Jun,6,0.2597535233563171,3.942232236646198,1.343495847113175,4.5,107,111
2021-02-05 07:00:00,Jan-Jun,7,-0.7603696702302196,26.79508995945544,40.55649704548389,31.0,61,92
2021-02-05 08:00:00,Jan-Jun,8,-1.252773658339535,1.8485373324917247,2.412318845684567,3.0,24,27
2021-02-05 09:00:00,Jan-Jun,9,-1.2609484285646806,1.1842365919843418,-2.160556823552824,0.0,22,22
2021-02-05 10:00:00,Jan-Jun,10,-1.2609484285646806,1.1842365919843418,-2.160556823552824,0.0,22,22
2021-02-05 11:00:00,Jan-Jun,11,-1.169474486845577,4.131239494987901,-0.9399873228724047,3.0,25,28
2021-02-05 12:00:00,Jan-Jun,12,-1.2595087970902255,1.2875968577879322,-1.2357762625261586,0.75,22,23
2021-02-05 13:00:00,Jan-Jun,13,-1.2595087970902255,1.2875968577879322,-1.2357762625261586,0.75,22,23
2021-02-05 14:00:00,Jan-Jun,14,-1.2581552074018125,1.2048219598902994,-1.306500096208012,0.5,23,23
2021-02-05 15:00:00,Jan-Jun,15,-1.2366851247376267,2.141248110723364,2.571707555286551,3.25,25,28
2021-02-05 16:00:00,Jan-Jun,16,-1.2573840322414562,0.7539323245278486,-1.3467932989765359,0.25,23,23
2021-02-05 17:00:00,Jan-Jun,17,-1.2595948388762674,1.123693403782393,-1.2312806572346915,0.75,22,23
2021-02-05 18:00:00,Jan-Jun,18,-1.1833522138126742,3.5801301702718087,-1.2148886742162546,2.25,25,27
2021-02-05 19:00:00,Jan-Jun,19,-1.2609484285646806,1.1842365919843418,-2.160556823552824,0.0,22,22
2021-02-05 20:00:00,Jan-Jun,20,-1.2609484285646806,1.1842365919843418,-2.160556823552824,0.0,22,22
2021-02-05 21:00:00,Jan-Jun,21,-1.2534093049622588,2.0031439745461377,2.4455308052693425,3.5,24,27
2021-02-05 22:00:00,Jan-Jun,22,-1.257863727923256,1.030632807581897,1.6782703653730948,3.0,23,26
2021-02-05 23:00:00,Jan-Jun,23,-1.2609484285646806,1.1842365919843418,-2.160556823552824,0.0,22,22
2021-02-06 00:00:00,Jan-Jun,0,-0.5077497075931787,3.7715022708512733,5.179123739391201,4.75,66,71
2021-02-06 01:00:00,Jan-Jun,1,0.2720523449682505,3.7251475254453053,0.6346283129210235,5.0,106,111
2021-02-06 02:00:00,Jan-Jun,2,0.09206944684123158,8.35983714244039,11.008307777322983,7.0,104,111
2021-02-06 03:00:00,Jan-Jun,3,0.2889647413961262,5.766332717798835,0.6598480346644635,5.5,107,112
2021-02-06 04:00:00,Jan-Jun,4,0.30750287344579047,1.887243561797513,0.591365185720349,4.25,109,113
2021-02-06 05:00:00,Jan-Jun,5,0.017146351045820827,13.602608498598558,14.305686568503631,20.0,90,110
2021-02-06 06:00:00,Jan-Jun,6,0.18419049369181517,4.132770420632695,0.698724356354333,3.75,102,106
2021-02-06 07:00:00,Jan-Jun,7,-0.45715988970621196,25.232790282732147,23.299902755999625,21.5,71,92
2021-02-06 08:00:00,Jan-Jun,8,-1.231839384942073,2.206807766224511,-1.681477954547006,1.25,23,24
2021-02-06 09:00:00,Jan-Jun,9,-1.220649823230385,1.8026316645573537,1.7338775935599742,3.0,25,28
2021-02-06 10:00:00,Jan-Jun,10,-1.205537358052292,1.1310077360749675,1.9442649931334657,3.0,26,29
2021-02-06 11:00:00,Jan-Jun,11,-1.1511751466088576,3.5664158419630447,-0.8961112550122792,2.75,26,29
2021-02-06 12:00:00,Jan-Jun,12,-1.2238533753492267,0.8568048714652996,-1.0987397134544281,0.5,25,25
2021-02-06 13:00:00,Jan-Jun,13,-1.2584461424513131,1.7215895942082604,2.7087009962864386,4.0,23,27
2021-02-06 14:00:00,Jan-Jun,14,-1.2595087970902255,1.2875968577879322,-1.2357762625261586,0.75,22,23
2021-02-06 15:00:00,Jan-Jun,15,-1.2456310701231283,1.7402000930946628,-1.96087491118233,0.5,23,23
2021-02-06 16:00:00,Jan-Jun,16,-1.2354342538954706,1.873237736191137,1.506350688168368,2.25,25,27
2021-02-06 17:00:00,Jan-Jun,17,-1.2588236637159111,0.657044273138654,-1.2715738600032154,0.5,23,23
2021-02-06 18:00:00,Jan-Jun,18,-1.2609484285646806,1.1842365919843418,-2.160556823552824,0.0,22,22
2021-02-06 19:00:00,Jan-Jun,19,-1.1978983970938701,2.906289774263081,-0.4548637893552865,2.5,25,27
2021-02-06 20:00:00,Jan-Jun,20,-1.2588236637159111,0.657044273138654,-1.2715738600032154,0.5,23,23
2021-02-06 21:00:00,Jan-Jun,21,-1.2573840322414562,0.7539323245278486,-1.3467932989765359,0.25,23,23
2021-02-06 22:00:00,Jan-Jun,22,-1.2587376219298694,0.9086049076801087,-1.2760694652946825,0.5,23,23
2021-02-06 23:00:00,Jan-Jun,23,-1.2506655705509808,2.371151882437485,2.302173170506407,2.75,24,27
2021-02-07 00:00:00,Jan-Jun,0,-1.2462995264372272,1.40651805360042,-1.925948674977505,0.5,23,23
2021-02-07 01:00:00,Jan-Jun,1,-1.2623020182530937,1.4058666610200188,-2.0898329898709562,0.25,22,22
2021-02-07 02:00:00,Jan-Jun,2,-1.1846197617150456,3.511841284998122,-1.148660445825854,2.5,25,27
2021-02-07 03:00:00,Jan-Jun,3,-1.2609484285646806,1.1842365919843418,-2.160556823552824,0.0,22,22
2021-02-07 04:00:00,Jan-Jun,4,-1.2457171119091703,1.618529103889748,-1.9563793058908345,0.5,23,23
2021-02-07 05:00:00,Jan-Jun,5,-1.2595948388762674,1.123693403782393,-1.2312806572346915,0.75,22,23
2021-02-07 06:00:00,Jan-Jun,6,-1.252876377185792,1.8557352701651413,1.4176858122482514,2.25,24,26
2021-02-07 07:00:00,Jan-Jun,7,-1.2623020182530937,1.4058666610200188,-2.0898329898709562,0.25,22,22
2021-02-07 08:00:00,Jan-Jun,8,-1.275597330692134,1.243550859378893,-1.3951649721281285,0.5,22,22
2021-02-07 09:00:00,Jan-Jun,9,-1.1998510783705556,3.052875259781303,-1.3528379634878505,2.0,24,26
2021-02-07 10:00:00,Jan-Jun,10,-1.2595948388762674,1.123693403782393,-1.2312806572346915,0.75,22,23
2021-02-07 11:00:00,Jan-Jun,11,-1.2609484285646806,1.1842365919843418,-2.160556823552824,0.0,22,22
2021-02-07 12:00:00,Jan-Jun,12,-1.2380919465207065,1.8295473299919138,1.6452127176398363,3.0,24,27
2021-02-07 13:00:00,Jan-Jun,13,-1.2447571761165153,1.0822476516989343,-0.006535080514538549,2.0,23,25
2021-02-07 14:00:00,Jan-Jun,14,-1.2470707015975835,1.7541085930232607,-1.885655472208967,0.75,22,23
2021-02-07 15:00:00,Jan-Jun,15,-1.2470707015975835,1.7541085930232607,-1.885655472208967,0.75,22,23
2021-02-07 16:00:00,Jan-Jun,16,-1.2346630787351145,1.9879968010657258,1.4660574853998583,2.0,25,27
2021-02-07 17:00:00,Jan-Jun,17,-1.2609484285646806,1.1842365919843418,-2.160556823552824,0.0,22,22
2021-02-07 18:00:00,Jan-Jun,18,-1.2609484285646806,1.1842365919843418,-2.160556823552824,0.0,22,22
2021-02-07 19:00:00,Jan-Jun,19,-1.2012907098450107,3.159335796605787,-1.2776185245145086,2.25,24,26
2021-02-07 20:00:00,Jan-Jun,20,-1.2609484285646806,1.1842365919843418,-2.160556823552824,0.0,22,22
2021-02-07 21:00:00,Jan-Jun,21,-1.2462995264372272,1.40651805360042,-1.925948674977505,0.5,23,23
2021-02-07 22:00:00,Jan-Jun,22,-1.2568876594994411,1.512009905248494,0.6272716754015875,2.25,23,25
2021-02-07 23:00:00,Jan-Jun,23,-1.255070506760388,0.8361922672656067,1.5323270927178925,2.5,24,26
2021-02-08 00:00:00,Jan-Jun,0,-0.5464037881895601,1.581777656397661,0.3790454745410585,1.0,63,64
2021-02-08 01:00:00,Jan-Jun,1,0.1637986538686463,7.539083887208636,5.874049413436651,11.0,99,110
2021-02-08 02:00:00,Jan-Jun,2,0.08687665841125324,7.427358462814249,11.30760467308157,8.25,103,111
2021-02-08 03:00:00,Jan-Jun,3,0.09056022563565833,4.946685365159698,5.095294803259449,5.5,100,105
2021-02-08 04:00:00,Jan-Jun,4,0.12412711813857569,6.616018589701492,8.160598856783693,5.0,105,110
2021-02-08 05:00:00,Jan-Jun,5,-0.036566418204931644,10.565825107869564,8.36264424817692,13.75,87,101
2021-02-08 06:00:00,Jan-Jun,6,0.031007178473175582,12.630409138249354,12.51682456340258,11.5,98,109
2021-02-08 07:00:00,Jan-Jun,7,0.16498787315065552,19.29537421196531,12.805506347551898,23.75,93,117
2021-02-08 08:00:00,Jan-Jun,8,1.1366521955732738,4.328821000692416,0.8016619117655068,7.0,154,161
2021-02-08 09:00:00,Jan-Jun,9,1.1445061025478007,8.062769037974721,4.348986050087376,4.75,160,165
2021-02-08 10:00:00,Jan-Jun,10,0.791692494726468,10.02872330690472,12.684114088945705,11.0,142,153
2021-02-08 11:00:00,Jan-Jun,11,1.2573269856815412,3.1131072411281706,3.846325571233365,6.75,164,171
2021-02-08 12:00:00,Jan-Jun,12,0.03466882059394225,15.863905284512699,27.308429331553015,21.25,103,124
2021-02-08 13:00:00,Jan-Jun,13,1.2749277163977522,6.437297003839268,5.831871749846556,9.25,165,174
2021-02-08 14:00:00,Jan-Jun,14,1.2675399345403586,4.616537155013312,8.257681544771856,10.25,166,176
2021-02-08 15:00:00,Jan-Jun,15,1.078512821298693,16.301976985050583,23.15264269528285,18.75,161,180
2021-02-08 16:00:00,Jan-Jun,16,1.1916728131039256,6.507035935532486,2.6304370001984694,8.0,158,166
2021-02-08 17:00:00,Jan-Jun,17,0.8695773706013203,18.084727847178222,16.195061263047478,24.75,136,161
2021-02-08 18:00:00,Jan-Jun,18,1.0175117231962751,5.3683822981191565,3.668564737189456,3.25,154,157
2021-02-08 19:00:00,Jan-Jun,19,0.7983051967354488,13.598578478649985,14.302977593486219,13.25,142,155
2021-02-08 20:00:00,Jan-Jun,20,0.4510615791849287,13.910467593497973,13.317067943261065,5.25,129,134
2021-02-08 21:00:00,Jan-Jun,21,0.39832020423558767,11.535409589260688,14.356924084760607,10.75,121,132
2021-02-08 22:00:00,Jan-Jun,22,0.331315865363107,8.256711390669834,1.2188550872092065,8.0,107,115
2021-02-08 23:00:00,Jan-Jun,23,0.15469419800149178,13.033036622867778,10.398803197526746,12.75,101,114
2021-02-09 00:00:00,Jan-Jun,0,-0.4997803750605475,4.6689595485156055,5.725564695102008,4.25,68,72
2021-02-09 01:00:00,Jan-Jun,1,0.13474284234070566,2.9543527149902467,0.5487400563010283,4.25,99,103
2021-02-09 02:00:00,Jan-Jun,2,0.10375624514775385,7.119921593356131,6.334715447948341,3.25,104,107
2021-02-09 03:00:00,Jan-Jun,3,0.28538133095148494,8.872363801841272,1.866385165297089,9.75,103,113
2021-02-09 04:00:00,Jan-Jun,4,0.09924570860183247,1.6316213483491464,0.5946893722866236,1.5,100,101
2021-02-09 05:00:00,Jan-Jun,5,-0.10263124116228432,6.956469554519154,2.12259501431447,6.5,85,91
2021-02-09 06:00:00,Jan-Jun,6,0.1911138486457494,1.8397669150992002,0.2996827481916,2.75,103,106
2021-02-09 07:00:00,Jan-Jun,7,0.873017471890377,20.37557043146657,4.996784046327889,22.5,128,150
2021-02-09 08:00:00,Jan-Jun,8,1.3707173516262,1.9495045420012584,0.310841795263741,5.25,169,174
2021-02-09 09:00:00,Jan-Jun,9,1.4348004289585683,7.203178024447771,1.617283628035409,6.75,172,179
2021-02-09 10:00:00,Jan-Jun,10,1.4216199976485773,15.379843320261283,3.3769645256944614,13.75,166,180
2021-02-09 11:00:00,Jan-Jun,11,1.4296211166747839,3.5991397636698976,0.9158037987690761,6.5,172,178
2021-02-09 12:00:00,Jan-Jun,12,0.091336844352765,16.64754547034638,22.050532807974577,12.25,110,122
2021-02-09 13:00:00,Jan-Jun,13,1.3847639612513596,5.565407393442399,6.501236953196155,11.75,169,181
2021-02-09 14:00:00,Jan-Jun,14,1.2074030645679443,8.154559398928441,5.723792045148286,4.75,165,170
2021-02-09 15:00:00,Jan-Jun,15,1.2529906447636139,13.870524617445136,3.096259377161971,12.25,158,170
2021-02-09 16:00:00,Jan-Jun,16,0.894973400092913,12.05832565683126,12.73130958243857,8.25,151,159
2021-02-09 17:00:00,Jan-Jun,17,0.8046540728065328,22.971212888486303,19.937047241180437,31.75,129,161
2021-02-09 18:00:00,Jan-Jun,18,1.1307952406013284,7.859121172792048,1.1392393935633436,6.5,155,161
2021-02-09 19:00:00,Jan-Jun,19,0.6334793514104183,16.418469701892437,16.803049570570806,16.5,132,148
2021-02-09 20:00:00,Jan-Jun,20,0.22230284448793924,5.124106736449674,5.502041699789842,3.75,109,113
2021-02-09 21:00:00,Jan-Jun,21,0.12339249801267109,7.59130360993211,8.202940178062207,5.0,105,110
2021-02-09 22:00:00,Jan-Jun,22,0.18783984294297057,6.6932852372040195,3.4883867088383766,8.0,101,109
2021-02-09 23:00:00,Jan-Jun,23,0.04078524427938,11.375456777957963,8.960324986568551,11.5,95,106
2021-02-10 00:00:00,Jan-Jun,0,-0.5243184813059424,1.340806165265001,2.122103234779871,2.25,65,67
2021-02-10 01:00:00,Jan-Jun,1,0.1661015846937775,3.064217907170483,2.741315323380263,4.5,103,107
2021-02-10 02:00:00,Jan-Jun,2,0.13409948255230197,5.559937169492627,6.585821402888058,4.75,104,109
2021-02-10 03:00:00,Jan-Jun,3,0.10222714596794434,4.692598702249921,3.422848181256313,4.75,99,104
2021-02-10 04:00:00,Jan-Jun,4,0.20302509876620303,4.019020539982372,1.6131536831762077,2.0,106,108
2021-02-10 05:00:00,Jan-Jun,5,-0.06004958297709401,6.325256233189463,6.699142847944984,7.0,91,98
2021-02-10 06:00:00,Jan-Jun,6,0.1413948207956115,4.798766275126016,4.165339783200636,3.25,104,107
2021-02-10 07:00:00,Jan-Jun,7,0.5849728442100739,12.133006053686694,2.598820518091429,12.5,119,131
2021-02-10 08:00:00,Jan-Jun,8,1.079121578763575,5.462850536146887,8.11755572380963,10.0,155,165
2021-02-10 09:00:00,Jan-Jun,9,1.2880316117195274,4.480622982493393,0.07660215913665525,3.0,166,169
2021-02-10 10:00:00,Jan-Jun,10,1.395195918367358,14.518741637890695,1.8999699415305145,13.25,164,177
2021-02-10 11:00:00,Jan-Jun,11,1.2487895786198664,7.1102689194502116,1.3383963470491267,7.25,161,168
2021-02-10 12:00:00,Jan-Jun,12,0.1749108182650639,13.275270617648694,20.233577275229266,14.0,111,125
2021-02-10 13:00:00,Jan-Jun,13,1.0552345479980283,7.3610321688220814,2.4943332015409396,5.5,153,158
2021-02-10 14:00:00,Jan-Jun,14,1.27521311347203,2.312349843238228,0.8154223104862126,6.75,162,169
2021-02-10 15:00:00,Jan-Jun,15,1.1354367909074585,11.179448298888959,1.8717142253681516,9.75,152,162
2021-02-10 16:00:00,Jan-Jun,16,0.9833658420846134,7.726259108128868,4.636631866722922,3.5,153,156
2021-02-10 17:00:00,Jan-Jun,17,0.7873054819884061,10.35015439500417,2.936968468025583,13.25,130,143
2021-02-10 18:00:00,Jan-Jun,18,0.49722766922059863,3.4793845134541526,-0.3438083129751135,0.75,122,123
2021-02-10 19:00:00,Jan-Jun,19,0.4912827197516812,3.816332465017732,4.998840910169932,4.75,123,128
2021-02-10 20:00:00,Jan-Jun,20,0.7948302655918145,8.358487298190616,4.503262299533645,11.75,133,145
2021-02-10 21:00:00,Jan-Jun,21,0.5861037772424665,12.581538296861137,12.533636898448464,12.0,129,141
2021-02-10 22:00:00,Jan-Jun,22,0.4672251730409054,5.031561541857875,2.3854464203297994,6.5,118,124
2021-02-10 23:00:00,Jan-Jun,23,0.15521012929397937,12.934503968826874,11.369066450815723,10.25,105,115
2021-02-11 00:00:00,Jan-Jun,0,-0.4387690666524645,2.792669381671946,2.253224870016709,2.25,70,72
2021-02-11 01:00:00,Jan-Jun,1,0.2879854720582902,3.8563728254756686,1.7162902095918753,6.0,107,113
2021-02-11 02:00:00,Jan-Jun,2,0.1812442030782803,5.781834317695967,5.868539792997751,6.75,104,111
2021-02-11 03:00:00,Jan-Jun,3,0.14429108022850062,4.780163021147281,3.998407995151865,6.0,101,107
2021-02-11 04:00:00,Jan-Jun,4,0.27932329298566483,5.338825654592508,3.215552473383454,2.75,111,114
2021-02-11 05:00:00,Jan-Jun,5,0.014303643131362266,10.175542884642272,7.467473754518991,13.25,90,103
2021-02-11 06:00:00,Jan-Jun,6,0.21215692329374655,4.701656249248599,0.08682245082185602,1.75,105,107
2021-02-11 07:00:00,Jan-Jun,7,0.8866454929648283,13.957668132536732,3.211305404569913,16.0,133,149
2021-02-11 08:00:00,Jan-Jun,8,1.3286404856485043,4.902030009154932,3.736027327120013,7.5,168,175
2021-02-11 09:00:00,Jan-Jun,9,1.282325454063555,8.993751500139387,6.405488131706278,7.0,168,175
2021-02-11 10:00:00,Jan-Jun,10,1.2442501370706263,14.168776243260876,1.6000362698932236,12.0,156,168
2021-02-11 11:00:00,Jan-Jun,11,1.280495369607363,8.740857616705783,5.510968762026607,6.25,168,174
2021-02-11 12:00:00,Jan-Jun,12,0.02826405341746124,15.350768430366273,25.672944184906783,18.0,104,122
2021-02-11 13:00:00,Jan-Jun,13,1.0473041075610505,7.964662259320809,4.951420224590663,6.5,154,160
2021-02-11 14:00:00,Jan-Jun,14,1.1376849220110683,5.437250758547616,-0.25786137156632094,1.5,159,160
2021-02-11 15:00:00,Jan-Jun,15,1.1089298707542186,11.534763806902737,1.3994943429221394,10.5,150,160
2021-02-11 16:00:00,Jan-Jun,16,1.1693428570083761,3.4733953617745286,0.9174693204910227,6.25,157,163
2021-02-11 17:00:00,Jan-Jun,17,1.0090368921563486,24.327670668835,6.157028817043965,23.25,136,159
2021-02-11 18:00:00,Jan-Jun,18,0.8788301611879555,8.558797881489761,6.661757906473838,7.25,145,152
2021-02-11 19:00:00,Jan-Jun,19,0.799017921249679,9.222014748172882,1.26189827020616,6.0,136,142
2021-02-11 20:00:00,Jan-Jun,20,0.5817586974352954,5.973837600027131,1.784074387987232,9.25,121,130
2021-02-11 21:00:00,Jan-Jun,21,0.2785831348845375,6.649748457342898,5.258212987098801,6.75,109,116
2021-02-11 22:00:00,Jan-Jun,22,0.2515255210365047,5.651389139982196,0.8177334529431022,6.0,104,110
2021-02-11 23:00:00,Jan-Jun,23,0.16108228811775754,11.383587486176635,6.030612664173475,10.25,100,110
2021-02-12 00:00:00,Jan-Jun,0,-0.5077497075931787,3.7715022708512733,5.179123739391201,4.75,66,71
2021-02-12 01:00:00,Jan-Jun,1,0.2720523449682505,3.7251475254453053,0.6346283129210235,5.0,106,111
2021-02-12 02:00:00,Jan-Jun,2,0.09206944684123158,8.35983714244039,11.008307777322983,7.0,104,111
2021-02-12 03:00:00,Jan-Jun,3,0.2889647413961262,5.766332717798835,0.6598480346644635,5.5,107,112
2021-02-12 04:00:00,Jan-Jun,4,0.30750287344579047,1.887243561797513,0.591365185720349,4.25,109,113
2021-02-12 05:00:00,Jan-Jun,5,0.017146351045820827,13.602608498598558,14.305686568503631,20.0,90,110
2021-02-12 06:00:00,Jan-Jun,6,0.18419049369181517,4.132770420632695,0.698724356354333,3.75,102,106
2021-02-12 07:00:00,Jan-Jun,7,-0.45715988970621196,25.232790282732147,23.299902755999625,21.5,71,92
2021-02-12 08:00:00,Jan-Jun,8,-1.231839384942073,2.206807766224511,-1.681477954547006,1.25,23,24
2021-02-12 09:00:00,Jan-Jun,9,-1.220649823230385,1.8026316645573537,1.7338775935599742,3.0,25,28
2021-02-12 10:00:00,Jan-Jun,10,-1.205537358052292,1.1310077360749675,1.9442649931334657,3.0,26,29
2021-02-12 11:00:00,Jan-Jun,11,-1.1511751466088576,3.5664158419630447,-0.8961112550122792,2.75,26,29
2021-02-12 12:00:00,Jan-Jun,12,-1.2238533753492267,0.8568048714652996,-1.0987397134544281,0.5,25,25
2021-02-12 13:00:00,Jan-Jun,13,-1.2584461424513131,1.7215895942082604,2.7087009962864386,4.0,23,27
2021-02-12 14:00:00,Jan-Jun,14,-1.2595087970902255,1.2875968577879322,-1.2357762625261586,0.75,22,23
2021-02-12 15:00:00,Jan-Jun,15,-1.2456310701231283,1.7402000930946628,-1.96087491118233,0.5,23,23
2021-02-12 16:00:00,Jan-Jun,16,-1.2354342538954706,1.873237736191137,1.506350688168368,2.25,25,27
2021-02-12 17:00:00,Jan-Jun,17,-1.2588236637159111,0.657044273138654,-1.2715738600032154,0.5,23,23
2021-02-12 18:00:00,Jan-Jun,18,-1.2609484285646806,1.1842365919843418,-2.160556823552824,0.0,22,22
2021-02-12 19:00:00,Jan-Jun,19,-1.1978983970938701,2.906289774263081,-0.4548637893552865,2.5,25,27
2021-02-12 20:00:00,Jan-Jun,20,-1.2588236637159111,0.657044273138654,-1.2715738600032154,0.5,23,23
2021-02-12 21:00:00,Jan-Jun,21,-1.2573840322414562,0.7539323245278486,-1.3467932989765359,0.25,23,23
2021-02-12 22:00:00,Jan-Jun,22,-1.2587376219298694,0.9086049076801087,-1.2760694652946825,0.5,23,23
2021-02-12 23:00:00,Jan-Jun,23,-1.2506655705509808,2.371151882437485,2.302173170506407,2.75,24,27
2021-02-13 00:00:00,Jan-Jun,0,-0.5077497075931787,3.7715022708512733,5.179123739391201,4.75,66,71
2021-02-13 01:00:00,Jan-Jun,1,0.2720523449682505,3.7251475254453053,0.6346283129210235,5.0,106,111
2021-02-13 02:00:00,Jan-Jun,2,0.09206944684123158,8.35983714244039,11.008307777322983,7.0,104,111
2021-02-13 03:00:00,Jan-Jun,3,0.2889647413961262,5.766332717798835,0.6598480346644635,5.5,107,112
2021-02-13 04:00:00,Jan-Jun,4,0.30750287344579047,1.887243561797513,0.591365185720349,4.25,109,113
2021-02-13 05:00:00,Jan-Jun,5,0.017146351045820827,13.602608498598558,14.305686568503631,20.0,90,110
2021-02-13 06:00:00,Jan-Jun,6,0.18419049369181517,4.132770420632695,0.698724356354333,3.75,102,106
2021-02-13 07:00:00,Jan-Jun,7,-0.45715988970621196,25.232790282732147,23.299902755999625,21.5,71,92
2021-02-13 08:00:00,Jan-Jun,8,-1.231839384942073,2.206807766224511,-1.681477954547006,1.25,23,24
2021-02-13 09:00:00,Jan-Jun,9,-1.220649823230385,1.8026316645573537,1.7338775935599742,3.0,25,28
2021-02-13 10:00:00,Jan-Jun,10,-1.205537358052292,1.1310077360749675,1.9442649931334657,3.0,26,29
2021-02-13 11:00:00,Jan-Jun,11,-1.1511751466088576,3.5664158419630447,-0.8961112550122792,2.75,26,29
2021-02-13 12:00:00,Jan-Jun,12,-1.2238533753492267,0.8568048714652996,-1.0987397134544281,0.5,25,25
2021-02-13 13:00:00,Jan-Jun,13,-1.2584461424513131,1.7215895942082604,2.7087009962864386,4.0,23,27
2021-02-13 14:00:00,Jan-Jun,14,-1.2595087970902255,1.2875968577879322,-1.2357762625261586,0.75,22,23
2021-02-13 15:00:00,Jan-Jun,15,-1.2456310701231283,1.7402000930946628,-1.96087491118233,0.5,23,23
2021-02-13 16:00:00,Jan-Jun,16,-1.2354342538954706,1.873237736191137,1.506350688168368,2.25,25,27
2021-02-13 17:00:00,Jan-Jun,17,-1.2588236637159111,0.657044273138654,-1.2715738600032154,0.5,23,23
2021-02-13 18:00:00,Jan-Jun,18,-1.2609484285646806,1.1842365919843418,-2.160556823552824,0.0,22,22
2021-02-13 19:00:00,Jan-Jun,19,-1.1978983970938701,2.906289774263081,-0.4548637893552865,2.5,25,27
2021-02-13 20:00:00,Jan-Jun,20,-1.2588236637159111,0.657044273138654,-1.2715738600032154,0.5,23,23
2021-02-13 21:00:00,Jan-Jun,21,-1.2573840322414562,0.7539323245278486,-1.3467932989765359,0.25,23,23
2021-02-13 22:00:00,Jan-Jun,22,-1.2587376219298694,0.9086049076801087,-1.2760694652946825,0.5,23,23
2021-02-13 23:00:00,Jan-Jun,23,-1.2506655705509808,2.371151882437485,2.302173170506407,2.75,24,27
2021-02-14 00:00:00,Jan-Jun,0,-1.2462995264372272,1.40651805360042,-1.925948674977505,0.5,23,23
2021-02-14 01:00:00,Jan-Jun,1,-1.2623020182530937,1.4058666610200188,-2.0898329898709562,0.25,22,22
2021-02-14 02:00:00,Jan-Jun,2,-1.1846197617150456,3.511841284998122,-1.148660445825854,2.5,25,27
2021-02-14 03:00:00,Jan-Jun,3,-1.2609484285646806,1.1842365919843418,-2.160556823552824,0.0,22,22
2021-02-14 04:00:00,Jan-Jun,4,-1.2457171119091703,1.618529103889748,-1.9563793058908345,0.5,23,23
2021-02-14 05:00:00,Jan-Jun,5,-1.2595948388762674,1.123693403782393,-1.2312806572346915,0.75,22,23
2021-02-14 06:00:00,Jan-Jun,6,-1.252876377185792,1.8557352701651413,1.4176858122482514,2.25,24,26
2021-02-14 07:00:00,Jan-Jun,7,-1.2623020182530937,1.4058666610200188,-2.0898329898709562,0.25,22,22
2021-02-14 08:00:00,Jan-Jun,8,-1.275597330692134,1.243550859378893,-1.3951649721281285,0.5,22,22
2021-02-14 09:00:00,Jan-Jun,9,-1.1998510783705556,3.052875259781303,-1.3528379634878505,2.0,24,26
2021-02-14 10:00:00,Jan-Jun,10,-1.2595948388762674,1.123693403782393,-1.2312806572346915,0.75,22,23
2021-02-14 11:00:00,Jan-Jun,11,-1.2609484285646806,1.1842365919843418,-2.160556823552824,0.0,22,22
2021-02-14 12:00:00,Jan-Jun,12,-1.2380919465207065,1.8295473299919138,1.6452127176398363,3.0,24,27
2021-02-14 13:00:00,Jan-Jun,13,-1.2447571761165153,1.0822476516989343,-0.006535080514538549,2.0,23,25
2021-02-14 14:00:00,Jan-Jun,14,-1.2470707015975835,1.7541085930232607,-1.885655472208967,0.75,22,23
2021-02-14 15:00:00,Jan-Jun,15,-1.2470707015975835,1.7541085930232607,-1.885655472208967,0.75,22,23
2021-02-14 16:00:00,Jan-Jun,16,-1.2346630787351145,1.9879968010657258,1.4660574853998583,2.0,25,27
2021-02-14 17:00:00,Jan-Jun,17,-1.2609484285646806,1.1842365919843418,-2.160556823552824,0.0,22,22
2021-02-14 18:00:00,Jan-Jun,18,-1.2609484285646806,1.1842365919843418,-2.160556823552824,0.0,22,22
2021-02-14 19:00:00,Jan-Jun,19,-1.2012907098450107,3.159335796605787,-1.2776185245145086,2.25,24,26
2021-02-14 20:00:00,Jan-Jun,20,-1.2609484285646806,1.1842365919843418,-2.160556823552824,0.0,22,22
2021-02-14 21:00:00,Jan-Jun,21,-1.2462995264372272,1.40651805360042,-1.925948674977505,0.5,23,23
2021-02-14 22:00:00,Jan-Jun,22,-1.2568876594994411,1.512009905248494,0.6272716754015875,2.25,23,25
2021-02-14 23:00:00,Jan-Jun,23,-1.255070506760388,0.8361922672656067,1.5323270927178925,2.5,24,26
2021-02-15 00:00:00,Jan-Jun,0,-0.37316117991241826,6.849792265244155,9.519279739002798,7.0,76,83
2021-02-15 01:00:00,Jan-Jun,1,0.3437568423460063,4.1724202248105655,1.5017941398212002,5.75,110,116
2021-02-15 02:00:00,Jan-Jun,2,0.4492506664031728,1.6867821132815874,0.4214435752317627,3.75,117,121
2021-02-15 03:00:00,Jan-Jun,3,0.3970288080106122,4.974087684324306,5.431356326039321,7.25,116,123
2021-02-15 04:00:00,Jan-Jun,4,0.140460525957707,13.609458599576733,19.219189761584843,12.25,110,122
2021-02-15 05:00:00,Jan-Jun,5,0.036927096342905766,8.524809420359372,15.179903964309588,14.75,97,112
2021-02-15 06:00:00,Jan-Jun,6,0.40057761613173193,5.298250280783839,3.2268135705205054,2.75,118,121
2021-02-15 07:00:00,Jan-Jun,7,0.8175284596336625,13.417881011433808,8.195005838162757,17.75,132,150
2021-02-15 08:00:00,Jan-Jun,8,1.7660091293521187,8.252140160042732,1.5273982585984527,10.25,188,198
2021-02-15 09:00:00,Jan-Jun,9,1.4749040337032673,14.191538907203288,15.30583101049291,9.25,186,195
2021-02-15 10:00:00,Jan-Jun,10,1.4461001976769015,15.340589914670659,2.9659985341419883,16.75,164,181
2021-02-15 11:00:00,Jan-Jun,11,1.306029806601081,10.811693550542095,14.039239684245786,10.75,173,184
2021-02-15 12:00:00,Jan-Jun,12,0.047085407350946414,22.327414728882736,30.60105415235296,16.25,112,128
2021-02-15 13:00:00,Jan-Jun,13,1.3290208884033599,6.831484369774254,5.714102042621818,5.75,171,177
2021-02-15 14:00:00,Jan-Jun,14,1.389916226824283,11.247403814955739,7.20427567451253,5.0,177,182
2021-02-15 15:00:00,Jan-Jun,15,1.3141570402598015,11.396742190143993,5.570810084626999,13.0,163,176
2021-02-15 16:00:00,Jan-Jun,16,1.4593994804643096,8.99601187733001,2.1994673904682713,11.25,170,181
2021-02-15 17:00:00,Jan-Jun,17,0.8848058057665733,20.44541347347933,13.317339508410129,25.5,134,159
2021-02-15 18:00:00,Jan-Jun,18,1.0646672002489355,11.692677120013387,13.950663153062095,8.75,161,170
2021-02-15 19:00:00,Jan-Jun,19,1.0453042765939764,10.296531389852138,7.066684539430014,6.5,156,162
2021-02-15 20:00:00,Jan-Jun,20,0.5713849659601313,8.223728807675847,5.38198544672116,5.25,128,133
2021-02-15 21:00:00,Jan-Jun,21,0.5976142022047732,3.8161600919398433,1.8702102045758693,4.0,127,131
2021-02-15 22:00:00,Jan-Jun,22,0.37471872988929916,3.7480247844104078,6.717242938960382,8.5,115,123
2021-02-15 23:00:00,Jan-Jun,23,0.25914204447996125,15.21976699390316,10.378739672657602,12.25,108,120
2021-02-16 00:00:00,Jan-Jun,0,-0.3981956588998282,3.673892722339046,3.944068366822634,3.0,73,76
2021-02-16 01:00:00,Jan-Jun,1,0.4108685067348751,7.384237373061173,1.633677213504555,9.0,111,120
2021-02-16 02:00:00,Jan-Jun,2,0.37369263028483835,2.657091925575409,0.7763842713091549,3.0,114,117
2021-02-16 03:00:00,Jan-Jun,3,0.33476429169917143,1.3053165942951324,0.02009803951632705,2.5,112,114
2021-02-16 04:00:00,Jan-Jun,4,0.31813044303271304,8.209078121636486,4.978823652454466,6.0,112,118
2021-02-16 05:00:00,Jan-Jun,5,0.08999666335827361,14.823660964915723,11.127776858413881,19.25,92,111
2021-02-16 06:00:00,Jan-Jun,6,0.43588685309112524,7.403964098564955,1.1916940666059759,6.25,115,121
2021-02-16 07:00:00,Jan-Jun,7,0.8681864564441087,24.799810223301638,16.275229422242404,30.75,130,161
2021-02-16 08:00:00,Jan-Jun,8,1.484918329255923,5.9770359072508175,4.728636770339506,8.0,177,185
2021-02-16 09:00:00,Jan-Jun,9,1.5840780622000732,7.312827549672212,6.013364397003443,12.5,180,192
2021-02-16 10:00:00,Jan-Jun,10,1.664278512477357,13.89161905997699,2.390848742821106,15.0,178,193
2021-02-16 11:00:00,Jan-Jun,11,1.40509251875298,11.536706812360896,10.329559301096936,10.25,176,186
2021-02-16 12:00:00,Jan-Jun,12,0.07298801736445522,16.192760017245348,21.108104675664805,11.25,109,120
2021-02-16 13:00:00,Jan-Jun,13,1.3475389174734964,3.987552275790395,2.64677786968565,6.0,169,175
2021-02-16 14:00:00,Jan-Jun,14,1.3499024741352104,3.52172972491962,1.5105494865463243,3.5,171,174
2021-02-16 15:00:00,Jan-Jun,15,1.4270662373142775,16.60086837066294,3.063059453789151,17.0,163,180
2021-02-16 16:00:00,Jan-Jun,16,1.40167776596111,7.341991354275228,1.5263755057567323,8.75,168,177
2021-02-16 17:00:00,Jan-Jun,17,1.2012879817121087,15.826050036738001,13.076247251197515,23.25,154,177
2021-02-16 18:00:00,Jan-Jun,18,1.2164716067739394,12.580561200043531,12.201108217777062,9.25,168,177
2021-02-16 19:00:00,Jan-Jun,19,0.8102972700904852,15.885611937225324,10.611790117379769,13.0,139,152
2021-02-16 20:00:00,Jan-Jun,20,0.42084055172483764,3.3726360640606203,1.058918170245562,6.25,114,120
2021-02-16 21:00:00,Jan-Jun,21,0.4030954904472038,3.782041777855126,5.081690776343024,5.5,118,123
2021-02-16 22:00:00,Jan-Jun,22,0.09955620220180578,5.194254363214319,6.576793443754582,4.5,103,107
2021-02-16 23:00:00,Jan-Jun,23,0.26463956352939855,13.83720528021775,9.061879009440247,13.5,106,119
2021-02-17 00:00:00,Jan-Jun,0,-0.3901958537370237,1.54886035832834,-0.5112249678806933,0.25,72,72
2021-02-17 01:00:00,Jan-Jun,1,0.23759744346499798,5.910358021322413,9.620506459632708,11.5,107,118
2021-02-17 02:00:00,Jan-Jun,2,0.24625853620527705,8.215316459992016,8.121306808809749,4.75,112,117
2021-02-17 03:00:00,Jan-Jun,3,0.43256304121299227,2.328192069889862,0.38326870721093087,3.75,116,120
2021-02-17 04:00:00,Jan-Jun,4,0.3370084524544131,1.855764388850141,0.8907512816647056,2.5,113,115
2021-02-17 05:00:00,Jan-Jun,5,0.03425327108651001,10.01534796346567,15.332079522666774,14.75,97,112
2021-02-17 06:00:00,Jan-Jun,6,0.5270523188476935,3.216765138243066,0.9371875005758454,5.5,121,126
2021-02-17 07:00:00,Jan-Jun,7,1.088439120562416,19.92654993542485,4.580520299759883,21.0,141,162
2021-02-17 08:00:00,Jan-Jun,8,1.7655979345433261,2.6856718555841246,0.5510983055930865,6.75,190,197
2021-02-17 09:00:00,Jan-Jun,9,1.4025787741308564,13.46581447025778,12.47444407202039,8.0,180,188
2021-02-17 10:00:00,Jan-Jun,10,1.4028049511246619,10.699933768565293,1.4614079021377506,11.0,166,177
2021-02-17 11:00:00,Jan-Jun,11,1.4697788173669692,13.26548150962215,10.601233251548933,7.0,183,190
2021-02-17 12:00:00,Jan-Jun,12,-0.08243292872032912,22.513651010289745,32.97304738910037,20.0,103,123
2021-02-17 13:00:00,Jan-Jun,13,1.667181079319816,5.775827253685538,1.2235534144259361,9.25,183,192
2021-02-17 14:00:00,Jan-Jun,14,1.4431982427157708,7.42893273465287,11.133258595515457,10.25,179,189
2021-02-17 15:00:00,Jan-Jun,15,1.4460193744423184,9.911200781075355,0.9706569452330882,9.25,170,179
2021-02-17 16:00:00,Jan-Jun,16,1.3141776876683848,4.35783888460137,3.5696200293459697,5.5,169,174
2021-02-17 17:00:00,Jan-Jun,17,0.8392563482322103,13.149085212597628,14.942674899472678,20.0,138,158
2021-02-17 18:00:00,Jan-Jun,18,1.4085817873698634,5.935650974843976,1.1284482256924377,6.75,170,177
2021-02-17 19:00:00,Jan-Jun,19,1.2533674622541762,9.899635252739746,2.0745407366447353,10.0,159,169
2021-02-17 20:00:00,Jan-Jun,20,0.8310080204533429,4.133747626658821,0.4180840043694616,4.5,139,143
2021-02-17 21:00:00,Jan-Jun,21,0.5458397742316928,6.637008292557806,7.854334395455709,7.25,127,134
2021-02-17 22:00:00,Jan-Jun,22,0.5518670201435757,2.489958193107868,1.5069418498657683,3.0,125,128
2021-02-17 23:00:00,Jan-Jun,23,0.20887629328339866,15.773037456801378,18.275908216874086,14.0,111,125
2021-02-18 00:00:00,Jan-Jun,0,-0.3175780258279459,9.249671427061806,13.3558727482785,10.0,80,90
2021-02-18 01:00:00,Jan-Jun,1,0.37869377659226044,6.208841409495987,0.48813305806800145,5.25,112,117
2021-02-18 02:00:00,Jan-Jun,2,0.38556873365271505,7.637626106503436,4.091880960680655,6.0,115,121
2021-02-18 03:00:00,Jan-Jun,3,0.5019321174980055,9.940505184480957,2.3850412666541843,12.0,114,126
2021-02-18 04:00:00,Jan-Jun,4,0.3732434072332118,3.256288952681111,0.802276153227325,5.5,112,117
2021-02-18 05:00:00,Jan-Jun,5,0.10912796646267667,10.445623278212427,19.02510539236529,18.5,102,120
2021-02-18 06:00:00,Jan-Jun,6,0.48708408508760775,5.783693434503062,0.2408377367933383,2.5,121,123
2021-02-18 07:00:00,Jan-Jun,7,0.7492903138552776,13.823695569950877,19.128049804654097,24.0,133,157
2021-02-18 08:00:00,Jan-Jun,8,1.024847971172676,16.602504609708298,23.245725202041854,15.5,162,177
2021-02-18 09:00:00,Jan-Jun,9,1.2735729434327558,11.064958213985856,17.9099568381086,15.5,171,186
2021-02-18 10:00:00,Jan-Jun,10,1.2759403398560187,9.63157195962914,10.773507142522703,14.25,165,179
2021-02-18 11:00:00,Jan-Jun,11,1.5142322661419896,5.029677180363089,3.039068548801282,7.75,177,185
2021-02-18 12:00:00,Jan-Jun,12,-0.020944806120703457,17.158520805252298,30.47357061269146,22.5,102,124
2021-02-18 13:00:00,Jan-Jun,13,1.4195020846384332,5.643103890781291,3.4990347386388976,5.75,174,180
2021-02-18 14:00:00,Jan-Jun,14,1.0720379856223496,14.703351315535885,13.525832984971686,6.5,164,170
2021-02-18 15:00:00,Jan-Jun,15,1.2402259230398385,14.330066844566861,3.8319800094704988,14.5,156,170
2021-02-18 16:00:00,Jan-Jun,16,1.3332933351184109,8.136032107454795,2.467850908697983,12.25,162,174
2021-02-18 17:00:00,Jan-Jun,17,1.0000413024662376,9.824143485087992,11.675507878163614,16.5,148,164
2021-02-18 18:00:00,Jan-Jun,18,0.9703231170284761,6.66024138807421,3.3883757850768177,3.75,150,154
2021-02-18 19:00:00,Jan-Jun,19,0.8091448283224547,5.9331954748151645,0.6782134366359003,4.5,138,142
2021-02-18 20:00:00,Jan-Jun,20,0.3592719253143929,7.909912560535884,8.607550857528565,6.75,117,124
2021-02-18 21:00:00,Jan-Jun,21,0.2945037146077102,5.884816068889802,9.340598076713832,7.5,114,121
2021-02-18 22:00:00,Jan-Jun,22,0.36711398690412717,5.547456786337359,1.1555577286336813,3.0,114,117
2021-02-18 23:00:00,Jan-Jun,23,0.23849636907079846,17.234541746002794,11.568695058694288,13.75,106,120
2021-02-19 00:00:00,Jan-Jun,0,-0.5042019883301697,3.4759347904884788,3.9772122051757464,3.25,67,70
2021-02-19 01:00:00,Jan-Jun,1,0.33448894485177505,6.776324118175488,4.0359682136614765,7.75,110,118
2021-02-19 02:00:00,Jan-Jun,2,0.3088288719942875,7.255220860970378,6.514938569327811,4.0,115,119
2021-02-19 03:00:00,Jan-Jun,3,0.08973956372371182,6.048281566396024,9.142595317429226,9.5,100,109
2021-02-19 04:00:00,Jan-Jun,4,0.3227341901013007,2.194258205830079,0.7134773505463556,4.75,109,114
2021-02-19 05:00:00,Jan-Jun,5,-0.08265168500601863,8.414285368601394,11.985497477167769,13.75,88,102
2021-02-19 06:00:00,Jan-Jun,6,0.14718756466668134,7.568425371147602,5.831463238466654,6.25,103,109
2021-02-19 07:00:00,Jan-Jun,7,-0.8626043730126761,24.75337966443753,36.37498609677348,24.75,57,82
2021-02-19 08:00:00,Jan-Jun,8,-1.2586349030836121,0.6724356260867078,0.7185635681416045,2.25,23,25
2021-02-19 09:00:00,Jan-Jun,9,-1.2609484285646806,1.1842365919843418,-2.160556823552824,0.0,22,22
2021-02-19 10:00:00,Jan-Jun,10,-1.2609484285646806,1.1842365919843418,-2.160556823552824,0.0,22,22
2021-02-19 11:00:00,Jan-Jun,11,-1.2383301939045959,2.2146808720162308,1.6576609273872833,3.0,24,27
2021-02-19 12:00:00,Jan-Jun,12,-1.2609484285646806,1.1842365919843418,-2.160556823552824,0.0,22,22
2021-02-19 13:00:00,Jan-Jun,13,-1.2623880600391355,1.256822430263456,-2.085337384579489,0.25,22,22
2021-02-19 14:00:00,Jan-Jun,14,-1.1847058035010873,3.588040654446269,-1.144164840534387,2.5,25,27
2021-02-19 15:00:00,Jan-Jun,15,-1.2470707015975835,1.7541085930232607,-1.885655472208967,0.75,22,23
2021-02-19 16:00:00,Jan-Jun,16,-1.2609484285646806,1.1842365919843418,-2.160556823552824,0.0,22,22
2021-02-19 17:00:00,Jan-Jun,17,-1.2588236637159111,0.657044273138654,-1.2715738600032154,0.5,23,23
2021-02-19 18:00:00,Jan-Jun,18,-1.211345915130758,2.855243163023681,0.2477568328434998,2.75,24,27
2021-02-19 19:00:00,Jan-Jun,19,-1.2609484285646806,1.1842365919843418,-2.160556823552824,0.0,22,22
2021-02-19 20:00:00,Jan-Jun,20,-1.2609484285646806,1.1842365919843418,-2.160556823552824,0.0,22,22
2021-02-19 21:00:00,Jan-Jun,21,-1.2403027531555177,2.2657775051935563,1.7607253593817092,3.5,24,27
2021-02-19 22:00:00,Jan-Jun,22,-1.257195271609157,0.7423288253481249,0.6433441291682556,2.0,23,25
2021-02-19 23:00:00,Jan-Jun,23,-1.2609484285646806,1.1842365919843418,-2.160556823552824,0.0,22,22
2021-02-20 00:00:00,Jan-Jun,0,-0.5077497075931787,3.7715022708512733,5.179123739391201,4.75,66,71
2021-02-20 01:00:00,Jan-Jun,1,0.2720523449682505,3.7251475254453053,0.6346283129210235,5.0,106,111
2021-02-20 02:00:00,Jan-Jun,2,0.09206944684123158,8.35983714244039,11.008307777322983,7.0,104,111
2021-02-20 03:00:00,Jan-Jun,3,0.2889647413961262,5.766332717798835,0.6598480346644635,5.5,107,112
2021-02-20 04:00:00,Jan-Jun,4,0.30750287344579047,1.887243561797513,0.591365185720349,4.25,109,113
2021-02-20 05:00:00,Jan-Jun,5,0.017146351045820827,13.602608498598558,14.305686568503631,20.0,90,110
2021-02-20 06:00:00,Jan-Jun,6,0.18419049369181517,4.132770420632695,0.698724356354333,3.75,102,106
2021-02-20 07:00:00,Jan-Jun,7,-0.45715988970621196,25.232790282732147,23.299902755999625,21.5,71,92
2021-02-20 08:00:00,Jan-Jun,8,-1.231839384942073,2.206807766224511,-1.681477954547006,1.25,23,24
2021-02-20 09:00:00,Jan-Jun,9,-1.220649823230385,1.8026316645573537,1.7338775935599742,3.0,25,28
2021-02-20 10:00:00,Jan-Jun,10,-1.205537358052292,1.1310077360749675,1.9442649931334657,3.0,26,29
2021-02-20 11:00:00,Jan-Jun,11,-1.1511751466088576,3.5664158419630447,-0.8961112550122792,2.75,26,29
2021-02-20 12:00:00,Jan-Jun,12,-1.2238533753492267,0.8568048714652996,-1.0987397134544281,0.5,25,25
2021-02-20 13:00:00,Jan-Jun,13,-1.2584461424513131,1.7215895942082604,2.7087009962864386,4.0,23,27
2021-02-20 14:00:00,Jan-Jun,14,-1.2595087970902255,1.2875968577879322,-1.2357762625261586,0.75,22,23
2021-02-20 15:00:00,Jan-Jun,15,-1.2456310701231283,1.7402000930946628,-1.96087491118233,0.5,23,23
2021-02-20 16:00:00,Jan-Jun,16,-1.2354342538954706,1.873237736191137,1.506350688168368,2.25,25,27
2021-02-20 17:00:00,Jan-Jun,17,-1.2588236637159111,0.657044273138654,-1.2715738600032154,0.5,23,23
2021-02-20 18:00:00,Jan-Jun,18,-1.2609484285646806,1.1842365919843418,-2.160556823552824,0.0,22,22
2021-02-20 19:00:00,Jan-Jun,19,-1.1978983970938701,2.906289774263081,-0.4548637893552865,2.5,25,27
2021-02-20 20:00:00,Jan-Jun,20,-1.2588236637159111,0.657044273138654,-1.2715738600032154,0.5,23,23
2021-02-20 21:00:00,Jan-Jun,21,-1.2573840322414562,0.7539323245278486,-1.3467932989765359,0.25,23,23
2021-02-20 22:00:00,Jan-Jun,22,-1.2587376219298694,0.9086049076801087,-1.2760694652946825,0.5,23,23
2021-02-20 23:00:00,Jan-Jun,23,-1.2506655705509808,2.371151882437485,2.302173170506407,2.75,24,27
2021-02-21 00:00:00,Jan-Jun,0,-1.2462995264372272,1.40651805360042,-1.925948674977505,0.5,23,23
2021-02-21 01:00:00,Jan-Jun,1,-1.2623020182530937,1.4058666610200188,-2.0898329898709562,0.25,22,22
2021-02-21 02:00:00,Jan-Jun,2,-1.1846197617150456,3.511841284998122,-1.148660445825854,2.5,25,27
2021-02-21 03:00:00,Jan-Jun,3,-1.2609484285646806,1.1842365919843418,-2.160556823552824,0.0,22,22
2021-02-21 04:00:00,Jan-Jun,4,-1.2457171119091703,1.618529103889748,-1.9563793058908345,0.5,23,23
2021-02-21 05:00:00,Jan-Jun,5,-1.2595948388762674,1.123693403782393,-1.2312806572346915,0.75,22,23
2021-02-21 06:00:00,Jan-Jun,6,-1.252876377185792,1.8557352701651413,1.4176858122482514,2.25,24,26
2021-02-21 07:00:00,Jan-Jun,7,-1.2623020182530937,1.4058666610200188,-2.0898329898709562,0.25,22,22
2021-02-21 08:00:00,Jan-Jun,8,-1.275597330692134,1.243550859378893,-1.3951649721281285,0.5,22,22
2021-02-21 09:00:00,Jan-Jun,9,-1.1998510783705556,3.052875259781303,-1.3528379634878505,2.0,24,26
2021-02-21 10:00:00,Jan-Jun,10,-1.2595948388762674,1.123693403782393,-1.2312806572346915,0.75,22,23
2021-02-21 11:00:00,Jan-Jun,11,-1.2609484285646806,1.1842365919843418,-2.160556823552824,0.0,22,22
2021-02-21 12:00:00,Jan-Jun,12,-1.2380919465207065,1.8295473299919138,1.6452127176398363,3.0,24,27
2021-02-21 13:00:00,Jan-Jun,13,-1.2447571761165153,1.0822476516989343,-0.006535080514538549,2.0,23,25
2021-02-21 14:00:00,Jan-Jun,14,-1.2470707015975835,1.7541085930232607,-1.885655472208967,0.75,22,23
2021-02-21 15:00:00,Jan-Jun,15,-1.2470707015975835,1.7541085930232607,-1.885655472208967,0.75,22,23
2021-02-21 16:00:00,Jan-Jun,16,-1.2346630787351145,1.9879968010657258,1.4660574853998583,2.0,25,27
2021-02-21 17:00:00,Jan-Jun,17,-1.2609484285646806,1.1842365919843418,-2.160556823552824,0.0,22,22
2021-02-21 18:00:00,Jan-Jun,18,-1.2609484285646806,1.1842365919843418,-2.160556823552824,0.0,22,22
2021-02-21 19:00:00,Jan-Jun,19,-1.2012907098450107,3.159335796605787,-1.2776185245145086,2.25,24,26
2021-02-21 20:00:00,Jan-Jun,20,-1.2609484285646806,1.1842365919843418,-2.160556823552824,0.0,22,22
2021-02-21 21:00:00,Jan-Jun,21,-1.2462995264372272,1.40651805360042,-1.925948674977505,0.5,23,23
2021-02-21 22:00:00,Jan-Jun,22,-1.2568876594994411,1.512009905248494,0.6272716754015875,2.25,23,25
2021-02-21 23:00:00,Jan-Jun,23,-1.255070506760388,0.8361922672656067,1.5323270927178925,2.5,24,26
2021-02-22 00:00:00,Jan-Jun,0,-0.3661935567583527,1.8103785718913312,0.12273103360176663,2.75,71,74
2021-02-22 01:00:00,Jan-Jun,1,0.2606786967466671,7.271105059187113,8.29017160186342,10.0,108,118
2021-02-22 02:00:00,Jan-Jun,2,0.1965196303809029,11.885618939851836,13.988109551190277,7.25,113,120
2021-02-22 03:00:00,Jan-Jun,3,0.3871428048066916,8.457776455323561,6.001156176407051,10.0,113,123
2021-02-22 04:00:00,Jan-Jun,4,0.44534210293578097,2.6208090274397136,0.6467215599677303,4.5,117,121
2021-02-22 05:00:00,Jan-Jun,5,0.07043265670944017,12.748603904762907,13.255388071070314,18.5,94,112
2021-02-22 06:00:00,Jan-Jun,6,0.34223779591884285,6.158433231865798,2.5893474623364057,3.0,114,117
2021-02-22 07:00:00,Jan-Jun,7,1.0839836087433077,24.39364151575466,4.837322762339795,23.5,139,162
2021-02-22 08:00:00,Jan-Jun,8,1.378650673553435,3.0190429655082687,3.853588691677345,7.0,171,178
2021-02-22 09:00:00,Jan-Jun,9,1.1768104406945141,13.010010630041322,13.487059985272282,9.5,167,176
2021-02-22 10:00:00,Jan-Jun,10,1.5885293786655217,16.835160066538094,2.7568037421428357,16.75,172,189
2021-02-22 11:00:00,Jan-Jun,11,1.4586639964855859,5.158988363528465,1.241858501656509,7.75,172,180
2021-02-22 12:00:00,Jan-Jun,12,0.16129121665609247,12.754600018150919,18.018570644013735,11.25,111,122
2021-02-22 13:00:00,Jan-Jun,13,1.2819968751214919,10.17448332684389,17.42442644561936,19.75,166,186
2021-02-22 14:00:00,Jan-Jun,14,0.8688682338771474,21.32123976904073,27.235933796769046,15.5,157,172
2021-02-22 15:00:00,Jan-Jun,15,1.247284806531405,15.974874038861103,4.425126939094952,14.75,156,171
2021-02-22 16:00:00,Jan-Jun,16,1.1780388714959407,9.524020587649288,12.416256883917583,15.25,160,175
2021-02-22 17:00:00,Jan-Jun,17,0.5662225532160896,25.68059530456313,31.679531578197725,39.25,120,159
2021-02-22 18:00:00,Jan-Jun,18,0.9394530342517395,12.753278177289985,15.167635631973042,11.5,153,164
2021-02-22 19:00:00,Jan-Jun,19,1.3009196322458707,13.992364144353838,4.333774950206134,18.25,156,174
2021-02-22 20:00:00,Jan-Jun,20,0.6224095699554745,6.6049008734476775,3.4410788819642164,1.5,133,134
2021-02-22 21:00:00,Jan-Jun,21,0.5772928159655417,3.1898008375931033,0.041474526418937785,2.5,126,128
2021-02-22 22:00:00,Jan-Jun,22,0.4011232506200459,7.4892244031560224,4.195364819859222,8.5,114,122
2021-02-22 23:00:00,Jan-Jun,23,0.3302813488189307,18.011833923839877,17.278481546953913,17.75,113,131
2021-02-23 00:00:00,Jan-Jun,0,-0.4417510484476318,1.817657293972584,0.4229385577773712,1.0,69,70
2021-02-23 01:00:00,Jan-Jun,1,0.14029881203626868,2.940712050476722,3.2285104715155626,3.5,103,106
2021-02-23 02:00:00,Jan-Jun,2,0.4840854262322252,5.311216291710732,0.4136715232949655,3.5,120,123
2021-02-23 03:00:00,Jan-Jun,3,0.22054663700923277,6.263396122127821,5.6032642806387685,10.0,103,113
2021-02-23 04:00:00,Jan-Jun,4,0.26750096614151037,6.316900949460979,5.896956264970939,4.25,112,116
2021-02-23 05:00:00,Jan-Jun,5,0.05451534282679652,18.269701598209412,27.172814748110994,29.75,95,125
2021-02-23 06:00:00,Jan-Jun,6,0.2771510590227433,11.727688290311226,14.340753584642002,8.25,117,125
2021-02-23 07:00:00,Jan-Jun,7,1.0351422202428593,14.78277404863474,3.652395272964725,17.75,140,158
2021-02-23 08:00:00,Jan-Jun,8,1.2286674845343242,7.181279122537686,8.498174061310863,11.5,163,174
2021-02-23 09:00:00,Jan-Jun,9,1.1560703040338294,6.410478165696415,0.6824598371737522,2.25,160,162
2021-02-23 10:00:00,Jan-Jun,10,1.0492689511205278,9.41041844893208,4.838172479967028,12.0,148,160
2021-02-23 11:00:00,Jan-Jun,11,1.0186776411105,11.47885832975094,12.60136469290839,10.25,156,166
2021-02-23 12:00:00,Jan-Jun,12,-0.11324462830321246,10.23326167827717,15.726635278489681,11.0,93,104
2021-02-23 13:00:00,Jan-Jun,13,0.9874067331756166,7.682066391017598,9.403726910947398,7.75,153,161
2021-02-23 14:00:00,Jan-Jun,14,1.0524407824061046,3.307474995416021,0.6553575491366814,5.0,151,156
2021-02-23 15:00:00,Jan-Jun,15,1.1211829509576379,12.805772100890747,5.693263207605185,15.0,150,165
2021-02-23 16:00:00,Jan-Jun,16,1.2544641747875547,7.122923232386394,1.0113294848854935,8.5,160,168
2021-02-23 17:00:00,Jan-Jun,17,0.77581608625919,28.309860889766806,30.599183099387062,42.0,128,170
2021-02-23 18:00:00,Jan-Jun,18,1.163301815526535,7.969077456494723,4.2656570017425395,4.5,162,166
2021-02-23 19:00:00,Jan-Jun,19,0.8137894201976256,13.883213711104055,4.410512961438599,9.25,137,146
2021-02-23 20:00:00,Jan-Jun,20,0.5483716691224143,6.254380535773853,9.70840349698021,8.5,128,136
2021-02-23 21:00:00,Jan-Jun,21,0.5640308576469323,3.2716842993907234,-0.19414560138662296,1.25,126,127
2021-02-23 22:00:00,Jan-Jun,22,0.4703559345146077,11.849102249315102,1.204998631425056,9.0,114,123
2021-02-23 23:00:00,Jan-Jun,23,0.354040564212525,8.458036058036019,4.909070967483785,10.0,110,120
2021-02-24 00:00:00,Jan-Jun,0,-0.4366443018036953,3.0826136922089873,3.1322980157034976,2.75,70,73
2021-02-24 01:00:00,Jan-Jun,1,0.3987348224379281,7.974677306533581,3.3330267235338056,10.0,111,121
2021-02-24 02:00:00,Jan-Jun,2,0.34638748826038146,9.910414193562396,11.350171525761453,8.0,118,126
2021-02-24 03:00:00,Jan-Jun,3,0.4512028032508028,4.036802546222574,2.308928207723511,6.25,117,123
2021-02-24 04:00:00,Jan-Jun,4,0.4412485241791664,4.87118272717991,0.8826632762381053,4.75,116,121
2021-02-24 05:00:00,Jan-Jun,5,0.17921607467149,11.171845107967629,10.985435088182086,15.0,101,116
2021-02-24 06:00:00,Jan-Jun,6,0.33384667392148215,9.978411502686933,10.072986801702314,6.25,118,124
2021-02-24 07:00:00,Jan-Jun,7,1.22180904266334,21.330382751274456,6.8934742722487385,22.75,149,172
2021-02-24 08:00:00,Jan-Jun,8,1.5742865202476746,4.032957263615746,2.5777197815063744,6.0,182,188
2021-02-24 09:00:00,Jan-Jun,9,1.3097540567613246,7.059135952884018,1.824584970883251,10.25,162,172
2021-02-24 10:00:00,Jan-Jun,10,1.2348046180290886,16.491997681435723,5.144447921952889,17.0,154,171
2021-02-24 11:00:00,Jan-Jun,11,1.288939179270335,6.690366669405973,1.0242926621658626,6.5,164,170
2021-02-24 12:00:00,Jan-Jun,12,0.10726475289134574,11.871097814765012,15.13249548644562,10.75,105,116
2021-02-24 13:00:00,Jan-Jun,13,1.48627588676694,13.16572740665437,9.650391189118551,19.5,171,190
2021-02-24 14:00:00,Jan-Jun,14,1.042982174094409,18.034801983110253,20.20052362783605,11.75,163,175
2021-02-24 15:00:00,Jan-Jun,15,1.1935756856794923,22.920606828013536,16.520761078952887,29.75,150,180
2021-02-24 16:00:00,Jan-Jun,16,1.2188622101465143,4.91515434674265,0.06332094258769416,2.75,162,165
2021-02-24 17:00:00,Jan-Jun,17,0.8384790906675759,20.099686357669253,20.98747371603085,29.25,135,164
2021-02-24 18:00:00,Jan-Jun,18,0.8685876684782919,11.51222559534926,14.252104752714416,9.25,150,159
2021-02-24 19:00:00,Jan-Jun,19,1.2416806639476539,6.955546927298168,1.7481330660193635,8.75,159,168
2021-02-24 20:00:00,Jan-Jun,20,0.7915962408427997,3.427330247726551,1.6896618768009546,6.5,136,142
2021-02-24 21:00:00,Jan-Jun,21,0.5232305034661436,15.483281704024478,17.15746558339869,11.0,131,142
2021-02-24 22:00:00,Jan-Jun,22,0.48985867647933057,8.787206833773931,12.080918533124844,13.75,121,135
2021-02-24 23:00:00,Jan-Jun,23,0.40236048597102736,17.2750795810669,11.124054250429168,14.25,115,129
2021-02-25 00:00:00,Jan-Jun,0,-0.42064180998782896,3.044518548448309,3.221547351889285,3.0,71,74
2021-02-25 01:00:00,Jan-Jun,1,0.5527351511696745,7.93203087998276,1.4569053570013466,9.0,119,128
2021-02-25 02:00:00,Jan-Jun,2,0.2043062846855133,17.165003680243327,19.53930993357811,9.0,117,126
2021-02-25 03:00:00,Jan-Jun,3,0.5451451325337877,10.354015801897154,1.894371478932328,8.75,119,128
2021-02-25 04:00:00,Jan-Jun,4,0.4659382915933533,1.8219565928855526,0.4596184432525945,3.75,118,122
2021-02-25 05:00:00,Jan-Jun,5,0.27879862280393347,7.679546225994251,3.2457929037046114,8.0,106,114
2021-02-25 06:00:00,Jan-Jun,6,0.42311752217145443,5.2085722087657365,2.92768035927061,7.75,114,122
2021-02-25 07:00:00,Jan-Jun,7,0.9295467661975464,13.48839829840448,3.738603488097482,17.0,135,152
2021-02-25 08:00:00,Jan-Jun,8,1.2122424969539283,9.914264755045473,3.444861541837838,12.25,156,168
2021-02-25 09:00:00,Jan-Jun,9,1.423984643168402,3.7446712954795047,1.2406733840089714,8.25,170,178
2021-02-25 10:00:00,Jan-Jun,10,1.4417361712005858,7.826600689066783,4.2175280533939485,10.25,172,182
2021-02-25 11:00:00,Jan-Jun,11,1.4561004456881081,9.537318634659984,5.389613952538184,3.75,180,184
2021-02-25 12:00:00,Jan-Jun,12,0.2599857557882008,20.588726273302225,26.330110659772203,14.25,122,136
2021-02-25 13:00:00,Jan-Jun,13,1.4131335530726399,12.437942685415194,8.866097975257304,5.75,179,185
2021-02-25 14:00:00,Jan-Jun,14,1.3383106815092651,13.580430929309399,12.178665970783129,7.0,177,184
2021-02-25 15:00:00,Jan-Jun,15,1.5567525921907968,10.18606306796386,1.5883232961001283,11.5,175,186
2021-02-25 16:00:00,Jan-Jun,16,1.2892792816476626,7.150457853131403,7.004690171683762,9.75,166,176
2021-02-25 17:00:00,Jan-Jun,17,0.9830306994437635,27.227539421458175,28.65594849273134,39.0,141,180
2021-02-25 18:00:00,Jan-Jun,18,0.6668126706518498,22.11480293667445,30.88181609287028,22.5,142,164
2021-02-25 19:00:00,Jan-Jun,19,0.2279245936450361,14.139389668559442,19.178020782292236,16.75,110,127
2021-02-25 20:00:00,Jan-Jun,20,0.2854527133147496,3.2171010184939868,3.8622708979770977,6.25,109,115
2021-02-25 21:00:00,Jan-Jun,21,0.40227303590311086,7.096930737372293,3.1290946125032804,4.75,116,121
2021-02-25 22:00:00,Jan-Jun,22,0.6716537337992353,11.086294207051155,2.6027915973181166,13.0,123,136
2021-02-25 23:00:00,Jan-Jun,23,0.02165666511221506,17.862690688342234,26.048990825287802,20.25,102,122
2021-02-26 00:00:00,Jan-Jun,0,-0.4062843873389319,1.2953480468026481,-0.595577403342844,0.0,71,71
2021-02-26 01:00:00,Jan-Jun,1,0.48571039241966674,8.429233415798748,1.320013300516976,8.25,116,124
2021-02-26 02:00:00,Jan-Jun,2,0.2679935935404491,7.976684583766803,14.868562685441134,14.0,111,125
2021-02-26 03:00:00,Jan-Jun,3,0.3112226762808833,3.379671831810318,0.37696680296514273,3.75,109,113
2021-02-26 04:00:00,Jan-Jun,4,0.5278480461046894,4.8298695786968,5.891324145829003,5.75,125,131
2021-02-26 05:00:00,Jan-Jun,5,0.09769461939187651,11.376648625374857,12.684089545593196,15.75,97,113
2021-02-26 06:00:00,Jan-Jun,6,0.426211506131178,8.752458403686155,7.749352316994489,9.0,118,127
2021-02-26 07:00:00,Jan-Jun,7,-0.5073059255725384,28.143870996471517,29.15386674975875,24.25,71,95
2021-02-26 08:00:00,Jan-Jun,8,-1.2427351301140028,0.7513696065945764,-1.1121851504012312,0.75,23,24
2021-02-26 09:00:00,Jan-Jun,9,-1.243506305274359,1.1414070888971413,-2.0718919476327216,0.0,23,23
2021-02-26 10:00:00,Jan-Jun,10,-1.165824048736311,3.38519410913903,-1.1307194035876051,2.25,26,28
2021-02-26 11:00:00,Jan-Jun,11,-1.2268353571443937,1.5386186496845493,-1.942933868944067,0.25,24,24
2021-02-26 12:00:00,Jan-Jun,12,-1.2268353571443937,1.5386186496845493,-1.942933868944067,0.25,24,24
2021-02-26 13:00:00,Jan-Jun,13,-1.181227448963905,3.2350036073482724,-0.3259057106666319,2.75,25,28
2021-02-26 14:00:00,Jan-Jun,14,-1.2406103652652338,0.21829093561799023,-0.22320218685159432,1.25,24,25
2021-02-26 15:00:00,Jan-Jun,15,-1.242152715585946,1.0781676498046164,-1.1426157813145608,0.75,23,24
2021-02-26 16:00:00,Jan-Jun,16,-1.242152715585946,1.0781676498046164,-1.1426157813145608,0.75,23,24
2021-02-26 17:00:00,Jan-Jun,17,-1.2310986824118901,2.4220148771888828,2.279821009976132,2.25,26,28
2021-02-26 18:00:00,Jan-Jun,18,-1.2399419089511348,0.7210147822323808,-1.2581284230564194,0.25,24,24
2021-02-26 19:00:00,Jan-Jun,19,-1.2275038134584928,1.1684042797688647,-1.9080076327392277,0.25,24,24
2021-02-26 20:00:00,Jan-Jun,20,-1.2077815188075336,2.5353448084632917,1.0615203574197807,3.0,25,28
2021-02-26 21:00:00,Jan-Jun,21,-1.2407130841114908,1.1666866350632907,-1.2178352202879097,0.5,24,24
2021-02-26 22:00:00,Jan-Jun,22,-1.2399419089511348,0.7210147822323808,-1.2581284230564194,0.25,24,24
2021-02-26 23:00:00,Jan-Jun,23,-1.1672636802107659,3.542363878412701,-1.0554999646142633,2.5,26,28
2021-02-27 00:00:00,Jan-Jun,0,-0.5077497075931787,3.7715022708512733,5.179123739391201,4.75,66,71
2021-02-27 01:00:00,Jan-Jun,1,0.2720523449682505,3.7251475254453053,0.6346283129210235,5.0,106,111
2021-02-27 02:00:00,Jan-Jun,2,0.09206944684123158,8.35983714244039,11.008307777322983,7.0,104,111
2021-02-27 03:00:00,Jan-Jun,3,0.2889647413961262,5.766332717798835,0.6598480346644635,5.5,107,112
2021-02-27 04:00:00,Jan-Jun,4,0.30750287344579047,1.887243561797513,0.591365185720349,4.25,109,113
2021-02-27 05:00:00,Jan-Jun,5,0.017146351045820827,13.602608498598558,14.305686568503631,20.0,90,110
2021-02-27 06:00:00,Jan-Jun,6,0.18419049369181517,4.132770420632695,0.698724356354333,3.75,102,106
2021-02-27 07:00:00,Jan-Jun,7,-0.45715988970621196,25.232790282732147,23.299902755999625,21.5,71,92
2021-02-27 08:00:00,Jan-Jun,8,-1.231839384942073,2.206807766224511,-1.681477954547006,1.25,23,24
2021-02-27 09:00:00,Jan-Jun,9,-1.220649823230385,1.8026316645573537,1.7338775935599742,3.0,25,28
2021-02-27 10:00:00,Jan-Jun,10,-1.205537358052292,1.1310077360749675,1.9442649931334657,3.0,26,29
2021-02-27 11:00:00,Jan-Jun,11,-1.1511751466088576,3.5664158419630447,-0.8961112550122792,2.75,26,29
2021-02-27 12:00:00,Jan-Jun,12,-1.2238533753492267,0.8568048714652996,-1.0987397134544281,0.5,25,25
2021-02-27 13:00:00,Jan-Jun,13,-1.2584461424513131,1.7215895942082604,2.7087009962864386,4.0,23,27
2021-02-27 14:00:00,Jan-Jun,14,-1.2595087970902255,1.2875968577879322,-1.2357762625261586,0.75,22,23
2021-02-27 15:00:00,Jan-Jun,15,-1.2456310701231283,1.7402000930946628,-1.96087491118233,0.5,23,23
2021-02-27 16:00:00,Jan-Jun,16,-1.2354342538954706,1.873237736191137,1.506350688168368,2.25,25,27
2021-02-27 17:00:00,Jan-Jun,17,-1.2588236637159111,0.657044273138654,-1.2715738600032154,0.5,23,23
2021-02-27 18:00:00,Jan-Jun,18,-1.2609484285646806,1.1842365919843418,-2.160556823552824,0.0,22,22
2021-02-27 19:00:00,Jan-Jun,19,-1.1978983970938701,2.906289774263081,-0.4548637893552865,2.5,25,27
2021-02-27 20:00:00,Jan-Jun,20,-1.2588236637159111,0.657044273138654,-1.2715738600032154,0.5,23,23
2021-02-27 21:00:00,Jan-Jun,21,-1.2573840322414562,0.7539323245278486,-1.3467932989765359,0.25,23,23
2021-02-27 22:00:00,Jan-Jun,22,-1.2587376219298694,0.9086049076801087,-1.2760694652946825,0.5,23,23
2021-02-27 23:00:00,Jan-Jun,23,-1.2506655705509808,2.371151882437485,2.302173170506407,2.75,24,27
2021-02-28 00:00:00,Jan-Jun,0,-1.2462995264372272,1.40651805360042,-1.925948674977505,0.5,23,23
2021-02-28 01:00:00,Jan-Jun,1,-1.2623020182530937,1.4058666610200188,-2.0898329898709562,0.25,22,22
2021-02-28 02:00:00,Jan-Jun,2,-1.1846197617150456,3.511841284998122,-1.148660445825854,2.5,25,27
2021-02-28 03:00:00,Jan-Jun,3,-1.2609484285646806,1.1842365919843418,-2.160556823552824,0.0,22,22
2021-02-28 04:00:00,Jan-Jun,4,-1.2457171119091703,1.618529103889748,-1.9563793058908345,0.5,23,23
2021-02-28 05:00:00,Jan-Jun,5,-1.2595948388762674,1.123693403782393,-1.2312806572346915,0.75,22,23
2021-02-28 06:00:00,Jan-Jun,6,-1.252876377185792,1.8557352701651413,1.4176858122482514,2.25,24,26
2021-02-28 07:00:00,Jan-Jun,7,-1.2623020182530937,1.4058666610200188,-2.0898329898709562,0.25,22,22
2021-02-28 08:00:00,Jan-Jun,8,-1.275597330692134,1.243550859378893,-1.3951649721281285,0.5,22,22
2021-02-28 09:00:00,Jan-Jun,9,-1.1998510783705556,3.052875259781303,-1.3528379634878505,2.0,24,26
2021-02-28 10:00:00,Jan-Jun,10,-1.2595948388762674,1.123693403782393,-1.2312806572346915,0.75,22,23
2021-02-28 11:00:00,Jan-Jun,11,-1.2609484285646806,1.1842365919843418,-2.160556823552824,0.0,22,22
2021-02-28 12:00:00,Jan-Jun,12,-1.2380919465207065,1.8295473299919138,1.6452127176398363,3.0,24,27
2021-02-28 13:00:00,Jan-Jun,13,-1.2447571761165153,1.0822476516989343,-0.006535080514538549,2.0,23,25
2021-02-28 14:00:00,Jan-Jun,14,-1.2470707015975835,1.7541085930232607,-1.885655472208967,0.75,22,23
2021-02-28 15:00:00,Jan-Jun,15,-1.2470707015975835,1.7541085930232607,-1.885655472208967,0.75,22,23
2021-02-28 16:00:00,Jan-Jun,16,-1.2346630787351145,1.9879968010657258,1.4660574853998583,2.0,25,27
2021-02-28 17:00:00,Jan-Jun,17,-1.2609484285646806,1.1842365919843418,-2.160556823552824,0.0,22,22
2021-02-28 18:00:00,Jan-Jun,18,-1.2609484285646806,1.1842365919843418,-2.160556823552824,0.0,22,22
2021-02-28 19:00:00,Jan-Jun,19,-1.2012907098450107,3.159335796605787,-1.2776185245145086,2.25,24,26
2021-02-28 20:00:00,Jan-Jun,20,-1.2609484285646806,1.1842365919843418,-2.160556823552824,0.0,22,22
2021-02-28 21:00:00,Jan-Jun,21,-1.2462995264372272,1.40651805360042,-1.925948674977505,0.5,23,23
2021-02-28 22:00:00,Jan-Jun,22,-1.2568876594994411,1.512009905248494,0.6272716754015875,2.25,23,25
2021-02-28 23:00:00,Jan-Jun,23,-1.255070506760388,0.8361922672656067,1.5323270927178925,2.5,24,26
2021-03-01 00:00:00,Jan-Jun,0,-0.5799344450817898,1.2728524609085161,0.2873775252061961,0.75,61,62
2021-03-01 01:00:00,Jan-Jun,1,0.17245078271438996,6.46400577043721,1.3753664148602667,7.5,99,106
2021-03-01 02:00:00,Jan-Jun,2,0.20490553382680463,2.5015654744225055,0.504770993624561,3.5,104,107
2021-03-01 03:00:00,Jan-Jun,3,0.12710621844348574,3.4907735701210085,4.9888923670169305,4.5,103,107
2021-03-01 04:00:00,Jan-Jun,4,0.19683956485219442,4.652150637897341,0.969669478887127,2.25,105,107
2021-03-01 05:00:00,Jan-Jun,5,-0.03755682662776011,8.318283050406437,10.419011415173003,13.5,90,103
2021-03-01 06:00:00,Jan-Jun,6,0.21190167942587806,7.520369679530797,9.101533948959045,7.5,109,116
2021-03-01 07:00:00,Jan-Jun,7,0.7072863960757406,17.49006645921519,3.5490308191197073,17.0,122,139
2021-03-01 08:00:00,Jan-Jun,8,1.4868862793109492,8.100344260399215,14.615209976542758,15.75,179,195
2021-03-01 09:00:00,Jan-Jun,9,1.3085104221080655,10.567775983087353,11.896264377082332,9.0,173,182
2021-03-01 10:00:00,Jan-Jun,10,1.4454715622377832,17.31485797140829,9.002231212986686,16.5,171,187
2021-03-01 11:00:00,Jan-Jun,11,1.4238724185243186,14.509773450343848,7.247141679040567,9.75,174,184
2021-03-01 12:00:00,Jan-Jun,12,-0.18378282341647156,19.551468504353217,36.741179310935934,27.5,94,121
2021-03-01 13:00:00,Jan-Jun,13,1.4099547106034573,6.353930458754897,1.0493170098783366,7.5,170,177
2021-03-01 14:00:00,Jan-Jun,14,1.2045270025330552,8.057901398177528,2.889559715188909,2.5,165,167
2021-03-01 15:00:00,Jan-Jun,15,1.106000257200899,9.235279863804793,3.5683485633673513,10.25,152,162
2021-03-01 16:00:00,Jan-Jun,16,1.1645661625148853,9.52803836614004,7.192783798091455,7.0,162,169
2021-03-01 17:00:00,Jan-Jun,17,0.6856605874759227,22.810532749109083,20.795478169993544,31.5,124,155
2021-03-01 18:00:00,Jan-Jun,18,0.8576711165527985,13.099079178814556,16.88130236932156,14.5,147,161
2021-03-01 19:00:00,Jan-Jun,19,1.0416928881333827,10.957135462209454,3.274834239770996,14.5,144,158
2021-03-01 20:00:00,Jan-Jun,20,0.40027234108321774,7.8838815607415995,6.244408717252355,3.25,121,124
2021-03-01 21:00:00,Jan-Jun,21,0.41190645172412854,9.450983402797666,9.573853148372564,7.0,121,128
2021-03-01 22:00:00,Jan-Jun,22,0.14605967499529063,7.760720104730723,9.896471447824183,7.25,106,113
2021-03-01 23:00:00,Jan-Jun,23,0.17377671633637892,17.80847648808555,5.2989435406387315,11.5,99,110
2021-03-02 00:00:00,Jan-Jun,0,-0.5624923217914685,1.3165981451484337,0.29469303907891486,0.75,62,63
2021-03-02 01:00:00,Jan-Jun,1,0.19142091632641012,5.79279037361275,5.281984279469299,9.0,102,111
2021-03-02 02:00:00,Jan-Jun,2,0.3060799190315507,2.531872175769186,0.673380050129083,4.25,109,113
2021-03-02 03:00:00,Jan-Jun,3,0.2508237106019752,7.204209709703167,0.8581837210982712,6.5,104,110
2021-03-02 04:00:00,Jan-Jun,4,0.0815825594168923,7.265179458895348,7.612740808746821,7.25,100,107
2021-03-02 05:00:00,Jan-Jun,5,-0.032373002092317145,16.35779835883018,13.123984134979665,21.5,85,106
2021-03-02 06:00:00,Jan-Jun,6,0.053571861614829505,11.76901817440494,18.227194201800657,13.5,103,116
2021-03-02 07:00:00,Jan-Jun,7,0.8828724580350688,17.995223220289866,5.4287719270930666,19.0,132,151
2021-03-02 08:00:00,Jan-Jun,8,1.3597217690982697,4.581311553268587,3.9445945009715047,4.75,172,177
2021-03-02 09:00:00,Jan-Jun,9,1.4698392181982602,3.08735746829284,0.5977519271024505,3.5,177,180
2021-03-02 10:00:00,Jan-Jun,10,1.620533817868199,21.152365588664985,2.912162961371479,18.25,173,191
2021-03-02 11:00:00,Jan-Jun,11,1.1974183128661346,16.399638002180364,21.29928346552265,17.5,168,185
2021-03-02 12:00:00,Jan-Jun,12,-0.0012423894439805277,19.647379650639056,36.35224592941444,28.25,103,131
2021-03-02 13:00:00,Jan-Jun,13,1.494379661504857,8.16135860200968,8.183313691991344,7.25,182,189
2021-03-02 14:00:00,Jan-Jun,14,1.4810597969691768,3.81073669078678,-0.04896889351917366,3.0,177,180
2021-03-02 15:00:00,Jan-Jun,15,1.089303126212892,8.480559941192457,8.530721581288617,10.5,156,166
2021-03-02 16:00:00,Jan-Jun,16,1.3233455228013244,3.5818544387089903,1.0412132526950018,5.0,167,172
2021-03-02 17:00:00,Jan-Jun,17,0.8180777450465808,14.681967379843671,16.163346659055264,21.75,136,158
2021-03-02 18:00:00,Jan-Jun,18,1.0277899070875711,6.7825830914474965,0.07616075728890337,2.5,152,154
2021-03-02 19:00:00,Jan-Jun,19,0.5025131262699524,16.037699130620723,18.35155364739201,14.5,128,142
2021-03-02 20:00:00,Jan-Jun,20,0.34177368843914746,3.8286057603275645,3.6160972384623307,5.5,113,118
2021-03-02 21:00:00,Jan-Jun,21,0.3319877475965185,0.6232837256760552,0.18012979164073784,2.75,111,114
2021-03-02 22:00:00,Jan-Jun,22,0.10741993439792268,4.536543492869524,5.123551285497726,5.5,101,106
2021-03-02 23:00:00,Jan-Jun,23,0.010705670208180368,16.64361746632028,13.672245377956074,13.0,96,109
2021-03-03 00:00:00,Jan-Jun,0,-0.52037656371812,3.223290104820382,3.897756670437275,3.0,66,69
2021-03-03 01:00:00,Jan-Jun,1,0.3206393534536494,9.061035554802883,1.8342175105235583,10.0,105,115
2021-03-03 02:00:00,Jan-Jun,2,0.34862588603510863,3.7033633072280416,0.22115692898313455,2.5,113,115
2021-03-03 03:00:00,Jan-Jun,3,0.21664415594611908,1.9119829687465586,2.828191693664806,4.75,105,110
2021-03-03 04:00:00,Jan-Jun,4,0.15116462900708064,6.64036024217444,5.602237066947339,3.25,106,109
2021-03-03 05:00:00,Jan-Jun,5,0.04814191213330801,11.527947488197226,9.540160355892965,15.75,91,107
2021-03-03 06:00:00,Jan-Jun,6,0.2678618103458932,7.622380116193604,7.876158277207608,6.0,112,118
2021-03-03 07:00:00,Jan-Jun,7,0.7529522104733001,15.131782300512814,10.916988964193933,20.5,129,149
2021-03-03 08:00:00,Jan-Jun,8,1.3792889766611245,6.849257300644957,6.816798797141757,10.75,170,181
2021-03-03 09:00:00,Jan-Jun,9,1.3315703242071155,5.3918836789280915,-0.43283986196161095,1.25,170,171
2021-03-03 10:00:00,Jan-Jun,10,1.187759959864402,10.843374350088046,6.855962234653873,14.5,156,170
2021-03-03 11:00:00,Jan-Jun,11,1.186874448004052,10.403621376467111,8.90700050716083,10.0,162,172
2021-03-03 12:00:00,Jan-Jun,12,-0.022023593390775635,16.3338318487997,27.534967689699073,19.5,102,121
2021-03-03 13:00:00,Jan-Jun,13,1.2021717034660764,2.7400863638050557,1.0253121551035065,7.0,158,165
2021-03-03 14:00:00,Jan-Jun,14,1.1150690244121855,5.486798373358962,4.045651767359686,4.25,159,163
2021-03-03 15:00:00,Jan-Jun,15,1.0625504679896098,6.069510133436539,5.072665311037724,9.75,151,161
2021-03-03 16:00:00,Jan-Jun,16,1.1861387390200369,3.1188463042051904,-0.05059541301449144,3.0,160,163
2021-03-03 17:00:00,Jan-Jun,17,0.7223542736299388,12.404380842687967,14.680563128118337,18.75,132,151
2021-03-03 18:00:00,Jan-Jun,18,0.5356029795760355,21.08787646756885,24.444352822794002,18.0,132,150
2021-03-03 19:00:00,Jan-Jun,19,0.3869551330325033,3.923690088961553,2.0119730198416335,4.25,115,119
2021-03-03 20:00:00,Jan-Jun,20,0.5932225171362691,6.66371693577803,1.1233338828995159,7.75,122,130
2021-03-03 21:00:00,Jan-Jun,21,0.45653829148080244,9.716953279426031,11.001406519495973,9.25,123,132
2021-03-03 22:00:00,Jan-Jun,22,0.36640843112652133,2.198153806725353,2.1962238672352186,5.25,113,118
2021-03-03 23:00:00,Jan-Jun,23,0.22966981959176921,15.326030033267363,6.07743114431679,9.5,105,114
2021-03-04 00:00:00,Jan-Jun,0,-0.4874283213539473,3.8560635109759587,5.022571608637762,4.25,68,72
2021-03-04 01:00:00,Jan-Jun,1,0.3838286588051684,8.573698915822332,2.192173704604457,11.0,108,119
2021-03-04 02:00:00,Jan-Jun,2,0.28711445954193415,2.7860170764580077,4.766492782992941,6.25,110,116
2021-03-04 03:00:00,Jan-Jun,3,0.18292761991184756,4.70795775779711,7.771512648651608,6.5,107,113
2021-03-04 04:00:00,Jan-Jun,4,0.23914408355784195,6.977082571900947,6.531362720216791,6.25,109,115
2021-03-04 05:00:00,Jan-Jun,5,-0.05912674664794575,9.642810436317177,15.646621415093477,16.75,90,107
2021-03-04 06:00:00,Jan-Jun,6,0.20008255349574453,10.207141123654578,11.782753249373243,9.25,109,118
2021-03-04 07:00:00,Jan-Jun,7,0.7748334879462782,11.699125902149111,2.655817146546468,13.75,128,142
2021-03-04 08:00:00,Jan-Jun,8,1.1161287975608407,2.948040706940507,-0.015430408022155007,2.75,156,159
2021-03-04 09:00:00,Jan-Jun,9,1.135886783393432,5.589721622047565,5.845777995540459,5.75,160,166
2021-03-04 10:00:00,Jan-Jun,10,1.3089757103385795,16.2097669708646,2.8694465459875858,16.5,157,173
2021-03-04 11:00:00,Jan-Jun,11,1.0327378213003264,2.7321944705014127,0.7909776838156688,6.25,149,155
2021-03-04 12:00:00,Jan-Jun,12,-0.025843620457904705,18.701806281018317,24.75237709238513,28.75,89,118
2021-03-04 13:00:00,Jan-Jun,13,1.0461943032317496,7.783540202618149,3.0153860485671657,2.75,155,158
2021-03-04 14:00:00,Jan-Jun,14,0.9994172762230148,5.202151747586575,7.711474896652248,8.0,152,160
2021-03-04 15:00:00,Jan-Jun,15,0.8562269703009201,5.7053089844832785,4.964538668284433,9.0,140,149
2021-03-04 16:00:00,Jan-Jun,16,0.8680503860031854,3.09489724220877,0.28307211815078404,3.5,142,145
2021-03-04 17:00:00,Jan-Jun,17,0.6932699396569902,18.202294966432902,8.356897719964167,20.75,122,143
2021-03-04 18:00:00,Jan-Jun,18,0.7309509951905586,7.3921741619720756,8.185073640824669,5.75,139,145
2021-03-04 19:00:00,Jan-Jun,19,0.1873929594783103,20.210599350606078,29.514143743915426,22.25,113,135
2021-03-04 20:00:00,Jan-Jun,20,0.17111620714739392,5.954655337276686,6.452287385114161,10.25,101,111
2021-03-04 21:00:00,Jan-Jun,21,0.2515289469558173,3.4792723095087323,0.8175359931333617,1.75,108,110
2021-03-04 22:00:00,Jan-Jun,22,0.27712573749175645,4.611731424151695,0.3422130424501546,4.25,107,111
2021-03-04 23:00:00,Jan-Jun,23,0.10413315705678852,20.283131303780557,11.31299136543089,15.0,97,112
2021-03-05 00:00:00,Jan-Jun,0,-1.2000231619426394,3.229133469457389,-1.343846752904895,2.0,24,26
2021-03-05 01:00:00,Jan-Jun,1,-1.277036962166589,1.1693215060676696,-1.319945533154808,0.75,21,22
2021-03-05 02:00:00,Jan-Jun,2,-1.277036962166589,1.1693215060676696,-1.319945533154808,0.75,21,22
2021-03-05 03:00:00,Jan-Jun,3,-1.2582412491878543,1.2479073476407172,-0.3020044909165591,1.5,23,24
2021-03-05 04:00:00,Jan-Jun,4,-1.2563380546627592,1.5807599521444275,1.5985553211082788,2.75,23,26
2021-03-05 05:00:00,Jan-Jun,5,-1.277036962166589,1.1693215060676696,-1.319945533154808,0.75,21,22
2021-03-05 06:00:00,Jan-Jun,6,-1.2776193766946458,0.8272725746132167,-1.2895149022414785,0.75,21,22
2021-03-05 07:00:00,Jan-Jun,7,-1.200450169958828,3.8651769752274032,-1.321535971302282,2.25,24,26
2021-03-05 08:00:00,Jan-Jun,8,-1.278390551855002,1.2273577323805105,-2.2492216994729546,0.0,21,21
2021-03-05 09:00:00,Jan-Jun,9,-1.278390551855002,1.2273577323805105,-2.2492216994729546,0.0,21,21
2021-03-05 10:00:00,Jan-Jun,10,-1.257744876445839,2.299474831942024,1.6720604834615784,3.5,23,26
2021-03-05 11:00:00,Jan-Jun,11,-1.2753058512135775,0.9993238785252069,1.5896054894529783,3.0,22,25
2021-03-05 12:00:00,Jan-Jun,12,-1.278390551855002,1.2273577323805105,-2.2492216994729546,0.0,21,21
2021-03-05 13:00:00,Jan-Jun,13,-1.278390551855002,1.2273577323805105,-2.2492216994729546,0.0,21,21
2021-03-05 14:00:00,Jan-Jun,14,-1.2703185004761137,1.8392584657434028,1.329020936328149,2.25,23,25
2021-03-05 15:00:00,Jan-Jun,15,-1.278390551855002,1.2273577323805105,-2.2492216994729546,0.0,21,21
2021-03-05 16:00:00,Jan-Jun,16,-1.278390551855002,1.2273577323805105,-2.2492216994729546,0.0,21,21
2021-03-05 17:00:00,Jan-Jun,17,-1.2550011420345613,2.109019731016024,1.528702848698643,2.75,23,26
2021-03-05 18:00:00,Jan-Jun,18,-1.278390551855002,1.2273577323805105,-2.2492216994729546,0.0,21,21
2021-03-05 19:00:00,Jan-Jun,19,-1.278390551855002,1.2273577323805105,-2.2492216994729546,0.0,21,21
2021-03-05 20:00:00,Jan-Jun,20,-1.2287880384210794,2.881928506423141,0.1590919569233904,2.75,23,26
2021-03-05 21:00:00,Jan-Jun,21,-1.277036962166589,1.1693215060676696,-1.319945533154808,0.75,21,22
2021-03-05 22:00:00,Jan-Jun,22,-1.278390551855002,1.2273577323805105,-2.2492216994729546,0.0,21,21
2021-03-05 23:00:00,Jan-Jun,23,-1.1992686638424987,3.379344895645637,-1.38326859440118,2.0,24,26
2021-03-06 00:00:00,Jan-Jun,0,-0.5319436466944061,0.8215184289163189,-0.4439253238255674,0.75,63,64
2021-03-06 01:00:00,Jan-Jun,1,0.32601536454070407,10.453088177365021,2.524360205221029,11.5,105,116
2021-03-06 02:00:00,Jan-Jun,2,0.19114720276617989,4.669082960375657,1.2977603157951734,3.25,104,107
2021-03-06 03:00:00,Jan-Jun,3,0.25872367840877986,6.0058304713737725,0.40285304990833026,4.75,105,110
2021-03-06 04:00:00,Jan-Jun,4,0.20699982604540054,3.700826639669897,1.3840622129204547,1.25,107,108
2021-03-06 05:00:00,Jan-Jun,5,0.04999561990681268,6.400988001233881,1.4333181477547328,6.75,92,99
2021-03-06 06:00:00,Jan-Jun,6,0.2597535233563171,3.942232236646198,1.343495847113175,4.5,107,111
2021-03-06 07:00:00,Jan-Jun,7,-0.7603696702302196,26.79508995945544,40.55649704548389,31.0,61,92
2021-03-06 08:00:00,Jan-Jun,8,-1.252773658339535,1.8485373324917247,2.412318845684567,3.0,24,27
2021-03-06 09:00:00,Jan-Jun,9,-1.2609484285646806,1.1842365919843418,-2.160556823552824,0.0,22,22
2021-03-06 10:00:00,Jan-Jun,10,-1.2609484285646806,1.1842365919843418,-2.160556823552824,0.0,22,22
2021-03-06 11:00:00,Jan-Jun,11,-1.169474486845577,4.131239494987901,-0.9399873228724047,3.0,25,28
2021-03-06 12:00:00,Jan-Jun,12,-1.2595087970902255,1.2875968577879322,-1.2357762625261586,0.75,22,23
2021-03-06 13:00:00,Jan-Jun,13,-1.2595087970902255,1.2875968577879322,-1.2357762625261586,0.75,22,23
2021-03-06 14:00:00,Jan-Jun,14,-1.2581552074018125,1.2048219598902994,-1.306500096208012,0.5,23,23
2021-03-06 15:00:00,Jan-Jun,15,-1.2366851247376267,2.141248110723364,2.571707555286551,3.25,25,28
2021-03-06 16:00:00,Jan-Jun,16,-1.2573840322414562,0.7539323245278486,-1.3467932989765359,0.25,23,23
2021-03-06 17:00:00,Jan-Jun,17,-1.2595948388762674,1.123693403782393,-1.2312806572346915,0.75,22,23
2021-03-06 18:00:00,Jan-Jun,18,-1.1833522138126742,3.5801301702718087,-1.2148886742162546,2.25,25,27
2021-03-06 19:00:00,Jan-Jun,19,-1.2609484285646806,1.1842365919843418,-2.160556823552824,0.0,22,22
2021-03-06 20:00:00,Jan-Jun,20,-1.2609484285646806,1.1842365919843418,-2.160556823552824,0.0,22,22
2021-03-06 21:00:00,Jan-Jun,21,-1.2534093049622588,2.0031439745461377,2.4455308052693425,3.5,24,27
2021-03-06 22:00:00,Jan-Jun,22,-1.257863727923256,1.030632807581897,1.6782703653730948,3.0,23,26
2021-03-06 23:00:00,Jan-Jun,23,-1.2609484285646806,1.1842365919843418,-2.160556823552824,0.0,22,22
2021-03-07 00:00:00,Jan-Jun,0,-1.2568876594994411,1.512009905248494,0.6272716754015875,2.25,23,25
2021-03-07 01:00:00,Jan-Jun,1,-1.257863727923256,1.030632807581897,1.6782703653730948,3.0,23,26
2021-03-07 02:00:00,Jan-Jun,2,-1.2609484285646806,1.1842365919843418,-2.160556823552824,0.0,22,22
2021-03-07 03:00:00,Jan-Jun,3,-1.2595948388762674,1.123693403782393,-1.2312806572346915,0.75,22,23
2021-03-07 04:00:00,Jan-Jun,4,-1.1886805307802848,4.075747666373167,-0.9364889447802796,3.25,24,27
2021-03-07 05:00:00,Jan-Jun,5,-1.2609484285646806,1.1842365919843418,-2.160556823552824,0.0,22,22
2021-03-07 06:00:00,Jan-Jun,6,-1.2609484285646806,1.1842365919843418,-2.160556823552824,0.0,22,22
2021-03-07 07:00:00,Jan-Jun,7,-0.5111923734744933,25.207223267782865,24.375056364933243,33.75,56,90
2021-03-07 08:00:00,Jan-Jun,8,1.4871696587477892,9.062546272942154,1.5988768278093346,11.0,171,182
2021-03-07 09:00:00,Jan-Jun,9,1.1304287008687035,15.999221856270152,19.1603656546514,13.0,166,179
2021-03-07 10:00:00,Jan-Jun,10,1.1523734200082105,12.964679002971721,14.895537247849575,15.25,161,176
2021-03-07 11:00:00,Jan-Jun,11,1.2614965559973157,7.557743656950973,2.606003927286906,1.75,168,170
2021-03-07 12:00:00,Jan-Jun,12,0.24467931142634952,13.398199174309468,20.212328632712556,14.0,115,129
2021-03-07 13:00:00,Jan-Jun,13,1.4973342097131273,2.898150876512495,1.0130223121231836,7.25,175,182
2021-03-07 14:00:00,Jan-Jun,14,1.4735201289376998,1.5166951409988396,0.38559516918053305,5.5,175,180
2021-03-07 15:00:00,Jan-Jun,15,1.3625391554817416,13.22514136259121,1.7822087211354471,12.5,163,175
2021-03-07 16:00:00,Jan-Jun,16,1.22626759784345,5.416973395569394,7.636496399383475,7.75,165,173
2021-03-07 17:00:00,Jan-Jun,17,0.9199847327397934,15.092097981476872,3.2897306849082213,15.25,136,151
2021-03-07 18:00:00,Jan-Jun,18,1.03228088508302,8.307277570142068,3.817314129685485,5.75,152,158
2021-03-07 19:00:00,Jan-Jun,19,0.6276739952459733,20.644047133495253,16.13765305042,17.5,130,147
2021-03-07 20:00:00,Jan-Jun,20,0.24502091650402372,4.161049556406481,5.192639531047448,5.75,108,114
2021-03-07 21:00:00,Jan-Jun,21,0.2796309050953809,3.698408270108244,2.1978226253880564,2.0,111,113
2021-03-07 22:00:00,Jan-Jun,22,0.0553821625152575,5.027735381158013,2.1228538368516183,5.25,95,100
2021-03-07 23:00:00,Jan-Jun,23,0.08475416569717775,14.391211196333,10.429938846552915,11.75,98,110
2021-03-08 00:00:00,Jan-Jun,0,-0.5464037881895601,1.581777656397661,0.3790454745410585,1.0,63,64
2021-03-08 01:00:00,Jan-Jun,1,0.1637986538686463,7.539083887208636,5.874049413436651,11.0,99,110
2021-03-08 02:00:00,Jan-Jun,2,0.08687665841125324,7.427358462814249,11.30760467308157,8.25,103,111
2021-03-08 03:00:00,Jan-Jun,3,0.09056022563565833,4.946685365159698,5.095294803259449,5.5,100,105
2021-03-08 04:00:00,Jan-Jun,4,0.12412711813857569,6.616018589701492,8.160598856783693,5.0,105,110
2021-03-08 05:00:00,Jan-Jun,5,-0.036566418204931644,10.565825107869564,8.36264424817692,13.75,87,101
2021-03-08 06:00:00,Jan-Jun,6,0.031007178473175582,12.630409138249354,12.51682456340258,11.5,98,109
2021-03-08 07:00:00,Jan-Jun,7,0.16498787315065552,19.29537421196531,12.805506347551898,23.75,93,117
2021-03-08 08:00:00,Jan-Jun,8,1.1366521955732738,4.328821000692416,0.8016619117655068,7.0,154,161
2021-03-08 09:00:00,Jan-Jun,9,1.1445061025478007,8.062769037974721,4.348986050087376,4.75,160,165
2021-03-08 10:00:00,Jan-Jun,10,0.791692494726468,10.02872330690472,12.684114088945705,11.0,142,153
2021-03-08 11:00:00,Jan-Jun,11,1.2573269856815412,3.1131072411281706,3.846325571233365,6.75,164,171
2021-03-08 12:00:00,Jan-Jun,12,0.03466882059394225,15.863905284512699,27.308429331553015,21.25,103,124
2021-03-08 13:00:00,Jan-Jun,13,1.2749277163977522,6.437297003839268,5.831871749846556,9.25,165,174
2021-03-08 14:00:00,Jan-Jun,14,1.2675399345403586,4.616537155013312,8.257681544771856,10.25,166,176
2021-03-08 15:00:00,Jan-Jun,15,1.078512821298693,16.301976985050583,23.15264269528285,18.75,161,180
2021-03-08 16:00:00,Jan-Jun,16,1.1916728131039256,6.507035935532486,2.6304370001984694,8.0,158,166
2021-03-08 17:00:00,Jan-Jun,17,0.8695773706013203,18.084727847178222,16.195061263047478,24.75,136,161
2021-03-08 18:00:00,Jan-Jun,18,1.0175117231962751,5.3683822981191565,3.668564737189456,3.25,154,157
2021-03-08 19:00:00,Jan-Jun,19,0.7983051967354488,13.598578478649985,14.302977593486219,13.25,142,155
2021-03-08 20:00:00,Jan-Jun,20,0.4510615791849287,13.910467593497973,13.317067943261065,5.25,129,134
2021-03-08 21:00:00,Jan-Jun,21,0.39832020423558767,11.535409589260688,14.356924084760607,10.75,121,132
2021-03-08 22:00:00,Jan-Jun,22,0.331315865363107,8.256711390669834,1.2188550872092065,8.0,107,115
2021-03-08 23:00:00,Jan-Jun,23,0.15469419800149178,13.033036622867778,10.398803197526746,12.75,101,114
2021-03-09 00:00:00,Jan-Jun,0,-0.4997803750605475,4.6689595485156055,5.725564695102008,4.25,68,72
2021-03-09 01:00:00,Jan-Jun,1,0.13474284234070566,2.9543527149902467,0.5487400563010283,4.25,99,103
2021-03-09 02:00:00,Jan-Jun,2,0.10375624514775385,7.119921593356131,6.334715447948341,3.25,104,107
2021-03-09 03:00:00,Jan-Jun,3,0.28538133095148494,8.872363801841272,1.866385165297089,9.75,103,113
2021-03-09 04:00:00,Jan-Jun,4,0.09924570860183247,1.6316213483491464,0.5946893722866236,1.5,100,101
2021-03-09 05:00:00,Jan-Jun,5,-0.10263124116228432,6.956469554519154,2.12259501431447,6.5,85,91
2021-03-09 06:00:00,Jan-Jun,6,0.1911138486457494,1.8397669150992002,0.2996827481916,2.75,103,106
2021-03-09 07:00:00,Jan-Jun,7,0.873017471890377,20.37557043146657,4.996784046327889,22.5,128,150
2021-03-09 08:00:00,Jan-Jun,8,1.3707173516262,1.9495045420012584,0.310841795263741,5.25,169,174
2021-03-09 09:00:00,Jan-Jun,9,1.4348004289585683,7.203178024447771,1.617283628035409,6.75,172,179
2021-03-09 10:00:00,Jan-Jun,10,1.4216199976485773,15.379843320261283,3.3769645256944614,13.75,166,180
2021-03-09 11:00:00,Jan-Jun,11,1.4296211166747839,3.5991397636698976,0.9158037987690761,6.5,172,178
2021-03-09 12:00:00,Jan-Jun,12,0.091336844352765,16.64754547034638,22.050532807974577,12.25,110,122
2021-03-09 13:00:00,Jan-Jun,13,1.3847639612513596,5.565407393442399,6.501236953196155,11.75,169,181
2021-03-09 14:00:00,Jan-Jun,14,1.2074030645679443,8.154559398928441,5.723792045148286,4.75,165,170
2021-03-09 15:00:00,Jan-Jun,15,1.2529906447636139,13.870524617445136,3.096259377161971,12.25,158,170
2021-03-09 16:00:00,Jan-Jun,16,0.894973400092913,12.05832565683126,12.73130958243857,8.25,151,159
2021-03-09 17:00:00,Jan-Jun,17,0.8046540728065328,22.971212888486303,19.937047241180437,31.75,129,161
2021-03-09 18:00:00,Jan-Jun,18,1.1307952406013284,7.859121172792048,1.1392393935633436,6.5,155,161
2021-03-09 19:00:00,Jan-Jun,19,0.6334793514104183,16.418469701892437,16.803049570570806,16.5,132,148
2021-03-09 20:00:00,Jan-Jun,20,0.22230284448793924,5.124106736449674,5.502041699789842,3.75,109,113
2021-03-09 21:00:00,Jan-Jun,21,0.12339249801267109,7.59130360993211,8.202940178062207,5.0,105,110
2021-03-09 22:00:00,Jan-Jun,22,0.18783984294297057,6.6932852372040195,3.4883867088383766,8.0,101,109
2021-03-09 23:00:00,Jan-Jun,23,0.04078524427938,11.375456777957963,8.960324986568551,11.5,95,106
2021-03-10 00:00:00,Jan-Jun,0,-0.5243184813059424,1.340806165265001,2.122103234779871,2.25,65,67
2021-03-10 01:00:00,Jan-Jun,1,0.1661015846937775,3.064217907170483,2.741315323380263,4.5,103,107
2021-03-10 02:00:00,Jan-Jun,2,0.13409948255230197,5.559937169492627,6.585821402888058,4.75,104,109
2021-03-10 03:00:00,Jan-Jun,3,0.10222714596794434,4.692598702249921,3.422848181256313,4.75,99,104
2021-03-10 04:00:00,Jan-Jun,4,0.20302509876620303,4.019020539982372,1.6131536831762077,2.0,106,108
2021-03-10 05:00:00,Jan-Jun,5,-0.06004958297709401,6.325256233189463,6.699142847944984,7.0,91,98
2021-03-10 06:00:00,Jan-Jun,6,0.1413948207956115,4.798766275126016,4.165339783200636,3.25,104,107
2021-03-10 07:00:00,Jan-Jun,7,0.5849728442100739,12.133006053686694,2.598820518091429,12.5,119,131
2021-03-10 08:00:00,Jan-Jun,8,1.079121578763575,5.462850536146887,8.11755572380963,10.0,155,165
2021-03-10 09:00:00,Jan-Jun,9,1.2880316117195274,4.480622982493393,0.07660215913665525,3.0,166,169
2021-03-10 10:00:00,Jan-Jun,10,1.395195918367358,14.518741637890695,1.8999699415305145,13.25,164,177
2021-03-10 11:00:00,Jan-Jun,11,1.2487895786198664,7.1102689194502116,1.3383963470491267,7.25,161,168
2021-03-10 12:00:00,Jan-Jun,12,0.1749108182650639,13.275270617648694,20.233577275229266,14.0,111,125
2021-03-10 13:00:00,Jan-Jun,13,1.0552345479980283,7.3610321688220814,2.4943332015409396,5.5,153,158
2021-03-10 14:00:00,Jan-Jun,14,1.27521311347203,2.312349843238228,0.8154223104862126,6.75,162,169
2021-03-10 15:00:00,Jan-Jun,15,1.1354367909074585,11.179448298888959,1.8717142253681516,9.75,152,162
2021-03-10 16:00:00,Jan-Jun,16,0.9833658420846134,7.726259108128868,4.636631866722922,3.5,153,156
2021-03-10 17:00:00,Jan-Jun,17,0.7873054819884061,10.35015439500417,2.936968468025583,13.25,130,143
2021-03-10 18:00:00,Jan-Jun,18,0.49722766922059863,3.4793845134541526,-0.3438083129751135,0.75,122,123
2021-03-10 19:00:00,Jan-Jun,19,0.4912827197516812,3.816332465017732,4.998840910169932,4.75,123,128
2021-03-10 20:00:00,Jan-Jun,20,0.7948302655918145,8.358487298190616,4.503262299533645,11.75,133,145
2021-03-10 21:00:00,Jan-Jun,21,0.5861037772424665,12.581538296861137,12.533636898448464,12.0,129,141
2021-03-10 22:00:00,Jan-Jun,22,0.4672251730409054,5.031561541857875,2.3854464203297994,6.5,118,124
2021-03-10 23:00:00,Jan-Jun,23,0.15521012929397937,12.934503968826874,11.369066450815723,10.25,105,115
2021-03-11 00:00:00,Jan-Jun,0,-0.4387690666524645,2.792669381671946,2.253224870016709,2.25,70,72
2021-03-11 01:00:00,Jan-Jun,1,0.2879854720582902,3.8563728254756686,1.7162902095918753,6.0,107,113
2021-03-11 02:00:00,Jan-Jun,2,0.1812442030782803,5.781834317695967,5.868539792997751,6.75,104,111
2021-03-11 03:00:00,Jan-Jun,3,0.14429108022850062,4.780163021147281,3.998407995151865,6.0,101,107
2021-03-11 04:00:00,Jan-Jun,4,0.27932329298566483,5.338825654592508,3.215552473383454,2.75,111,114
2021-03-11 05:00:00,Jan-Jun,5,0.014303643131362266,10.175542884642272,7.467473754518991,13.25,90,103
2021-03-11 06:00:00,Jan-Jun,6,0.21215692329374655,4.701656249248599,0.08682245082185602,1.75,105,107
2021-03-11 07:00:00,Jan-Jun,7,0.8866454929648283,13.957668132536732,3.211305404569913,16.0,133,149
2021-03-11 08:00:00,Jan-Jun,8,1.3286404856485043,4.902030009154932,3.736027327120013,7.5,168,175
2021-03-11 09:00:00,Jan-Jun,9,1.282325454063555,8.993751500139387,6.405488131706278,7.0,168,175
2021-03-11 10:00:00,Jan-Jun,10,1.2442501370706263,14.168776243260876,1.6000362698932236,12.0,156,168
2021-03-11 11:00:00,Jan-Jun,11,1.280495369607363,8.740857616705783,5.510968762026607,6.25,168,174
2021-03-11 12:00:00,Jan-Jun,12,0.02826405341746124,15.350768430366273,25.672944184906783,18.0,104,122
2021-03-11 13:00:00,Jan-Jun,13,1.0473041075610505,7.964662259320809,4.951420224590663,6.5,154,160
2021-03-11 14:00:00,Jan-Jun,14,1.1376849220110683,5.437250758547616,-0.25786137156632094,1.5,159,160
2021-03-11 15:00:00,Jan-Jun,15,1.1089298707542186,11.534763806902737,1.3994943429221394,10.5,150,160
2021-03-11 16:00:00,Jan-Jun,16,1.1693428570083761,3.4733953617745286,0.9174693204910227,6.25,157,163
2021-03-11 17:00:00,Jan-Jun,17,1.0090368921563486,24.327670668835,6.157028817043965,23.25,136,159
2021-03-11 18:00:00,Jan-Jun,18,0.8788301611879555,8.558797881489761,6.661757906473838,7.25,145,152
2021-03-11 19:00:00,Jan-Jun,19,0.799017921249679,9.222014748172882,1.26189827020616,6.0,136,142
2021-03-11 20:00:00,Jan-Jun,20,0.5817586974352954,5.973837600027131,1.784074387987232,9.25,121,130
2021-03-11 21:00:00,Jan-Jun,21,0.2785831348845375,6.649748457342898,5.258212987098801,6.75,109,116
2021-03-11 22:00:00,Jan-Jun,22,0.2515255210365047,5.651389139982196,0.8177334529431022,6.0,104,110
2021-03-11 23:00:00,Jan-Jun,23,0.16108228811775754,11.383587486176635,6.030612664173475,10.25,100,110
2021-03-12 00:00:00,Jan-Jun,0,-1.2000231619426394,3.229133469457389,-1.343846752904895,2.0,24,26
2021-03-12 01:00:00,Jan-Jun,1,-1.277036962166589,1.1693215060676696,-1.319945533154808,0.75,21,22
2021-03-12 02:00:00,Jan-Jun,2,-1.277036962166589,1.1693215060676696,-1.319945533154808,0.75,21,22
2021-03-12 03:00:00,Jan-Jun,3,-1.2582412491878543,1.2479073476407172,-0.3020044909165591,1.5,23,24
2021-03-12 04:00:00,Jan-Jun,4,-1.2563380546627592,1.5807599521444275,1.5985553211082788,2.75,23,26
2021-03-12 05:00:00,Jan-Jun,5,-1.277036962166589,1.1693215060676696,-1.319945533154808,0.75,21,22
2021-03-12 06:00:00,Jan-Jun,6,-1.2776193766946458,0.8272725746132167,-1.2895149022414785,0.75,21,22
2021-03-12 07:00:00,Jan-Jun,7,-1.200450169958828,3.8651769752274032,-1.321535971302282,2.25,24,26
2021-03-12 08:00:00,Jan-Jun,8,-1.278390551855002,1.2273577323805105,-2.2492216994729546,0.0,21,21
2021-03-12 09:00:00,Jan-Jun,9,-1.278390551855002,1.2273577323805105,-2.2492216994729546,0.0,21,21
2021-03-12 10:00:00,Jan-Jun,10,-1.257744876445839,2.299474831942024,1.6720604834615784,3.5,23,26
2021-03-12 11:00:00,Jan-Jun,11,-1.2753058512135775,0.9993238785252069,1.5896054894529783,3.0,22,25
2021-03-12 12:00:00,Jan-Jun,12,-1.278390551855002,1.2273577323805105,-2.2492216994729546,0.0,21,21
2021-03-12 13:00:00,Jan-Jun,13,-1.278390551855002,1.2273577323805105,-2.2492216994729546,0.0,21,21
2021-03-12 14:00:00,Jan-Jun,14,-1.2703185004761137,1.8392584657434028,1.329020936328149,2.25,23,25
2021-03-12 15:00:00,Jan-Jun,15,-1.278390551855002,1.2273577323805105,-2.2492216994729546,0.0,21,21
2021-03-12 16:00:00,Jan-Jun,16,-1.278390551855002,1.2273577323805105,-2.2492216994729546,0.0,21,21
2021-03-12 17:00:00,Jan-Jun,17,-1.2550011420345613,2.109019731016024,1.528702848698643,2.75,23,26
2021-03-12 18:00:00,Jan-Jun,18,-1.278390551855002,1.2273577323805105,-2.2492216994729546,0.0,21,21
2021-03-12 19:00:00,Jan-Jun,19,-1.278390551855002,1.2273577323805105,-2.2492216994729546,0.0,21,21
2021-03-12 20:00:00,Jan-Jun,20,-1.2287880384210794,2.881928506423141,0.1590919569233904,2.75,23,26
2021-03-12 21:00:00,Jan-Jun,21,-1.277036962166589,1.1693215060676696,-1.319945533154808,0.75,21,22
2021-03-12 22:00:00,Jan-Jun,22,-1.278390551855002,1.2273577323805105,-2.2492216994729546,0.0,21,21
2021-03-12 23:00:00,Jan-Jun,23,-1.1992686638424987,3.379344895645637,-1.38326859440118,2.0,24,26
2021-03-13 00:00:00,Jan-Jun,0,-0.5319436466944061,0.8215184289163189,-0.4439253238255674,0.75,63,64
2021-03-13 01:00:00,Jan-Jun,1,0.32601536454070407,10.453088177365021,2.524360205221029,11.5,105,116
2021-03-13 02:00:00,Jan-Jun,2,0.19114720276617989,4.669082960375657,1.2977603157951734,3.25,104,107
2021-03-13 03:00:00,Jan-Jun,3,0.25872367840877986,6.0058304713737725,0.40285304990833026,4.75,105,110
2021-03-13 04:00:00,Jan-Jun,4,0.20699982604540054,3.700826639669897,1.3840622129204547,1.25,107,108
2021-03-13 05:00:00,Jan-Jun,5,0.04999561990681268,6.400988001233881,1.4333181477547328,6.75,92,99
2021-03-13 06:00:00,Jan-Jun,6,0.2597535233563171,3.942232236646198,1.343495847113175,4.5,107,111
2021-03-13 07:00:00,Jan-Jun,7,-0.7603696702302196,26.79508995945544,40.55649704548389,31.0,61,92
2021-03-13 08:00:00,Jan-Jun,8,-1.252773658339535,1.8485373324917247,2.412318845684567,3.0,24,27
2021-03-13 09:00:00,Jan-Jun,9,-1.2609484285646806,1.1842365919843418,-2.160556823552824,0.0,22,22
2021-03-13 10:00:00,Jan-Jun,10,-1.2609484285646806,1.1842365919843418,-2.160556823552824,0.0,22,22
2021-03-13 11:00:00,Jan-Jun,11,-1.169474486845577,4.131239494987901,-0.9399873228724047,3.0,25,28
2021-03-13 12:00:00,Jan-Jun,12,-1.2595087970902255,1.2875968577879322,-1.2357762625261586,0.75,22,23
2021-03-13 13:00:00,Jan-Jun,13,-1.2595087970902255,1.2875968577879322,-1.2357762625261586,0.75,22,23
2021-03-13 14:00:00,Jan-Jun,14,-1.2581552074018125,1.2048219598902994,-1.306500096208012,0.5,23,23
2021-03-13 15:00:00,Jan-Jun,15,-1.2366851247376267,2.141248110723364,2.571707555286551,3.25,25,28
2021-03-13 16:00:00,Jan-Jun,16,-1.2573840322414562,0.7539323245278486,-1.3467932989765359,0.25,23,23
2021-03-13 17:00:00,Jan-Jun,17,-1.2595948388762674,1.123693403782393,-1.2312806572346915,0.75,22,23
2021-03-13 18:00:00,Jan-Jun,18,-1.1833522138126742,3.5801301702718087,-1.2148886742162546,2.25,25,27
2021-03-13 19:00:00,Jan-Jun,19,-1.2609484285646806,1.1842365919843418,-2.160556823552824,0.0,22,22
2021-03-13 20:00:00,Jan-Jun,20,-1.2609484285646806,1.1842365919843418,-2.160556823552824,0.0,22,22
2021-03-13 21:00:00,Jan-Jun,21,-1.2534093049622588,2.0031439745461377,2.4455308052693425,3.5,24,27
2021-03-13 22:00:00,Jan-Jun,22,-1.257863727923256,1.030632807581897,1.6782703653730948,3.0,23,26
2021-03-13 23:00:00,Jan-Jun,23,-1.2609484285646806,1.1842365919843418,-2.160556823552824,0.0,22,22
2021-03-14 00:00:00,Jan-Jun,0,-1.2609484285646806,1.1842365919843418,-2.160556823552824,0.0,22,22
2021-03-14 01:00:00,Jan-Jun,1,-1.2595087970902255,1.2875968577879322,-1.2357762625261586,0.75,22,23
2021-03-14 02:00:00,Jan-Jun,2,-1.1982393633240167,3.6032249696725556,-0.43704861304414777,2.75,24,27
2021-03-14 03:00:00,Jan-Jun,3,-1.2609484285646806,1.1842365919843418,-2.160556823552824,0.0,22,22
2021-03-14 04:00:00,Jan-Jun,4,-1.2441914386486732,1.8472605256716053,-1.0360943501556648,1.25,23,24
2021-03-14 05:00:00,Jan-Jun,5,-1.2403027531555177,2.2657775051935563,1.7607253593817092,3.5,24,27
2021-03-14 06:00:00,Jan-Jun,6,-1.2586349030836121,0.6724356260867078,0.7185635681416045,2.25,23,25
2021-03-14 07:00:00,Jan-Jun,7,-0.4329979309870337,33.135740783080955,41.92477192039286,50.25,62,112
2021-03-14 08:00:00,Jan-Jun,8,1.7360658507271336,16.03385880383606,9.253239868003277,21.5,183,204
2021-03-14 09:00:00,Jan-Jun,9,1.3571063944879997,13.713274488980431,12.095336922438264,6.75,178,185
2021-03-14 10:00:00,Jan-Jun,10,1.4595733566685396,7.817439657624299,1.1894456826952933,9.0,171,180
2021-03-14 11:00:00,Jan-Jun,11,1.5942812802557726,6.847384833370556,3.4252812251204716,8.75,181,190
2021-03-14 12:00:00,Jan-Jun,12,0.28819814593970156,17.21146552574321,28.704032318985753,21.25,119,140
2021-03-14 13:00:00,Jan-Jun,13,1.6784900369379765,1.8842397172004346,0.5717386996494724,6.5,186,192
2021-03-14 14:00:00,Jan-Jun,14,1.3736889637707215,12.006547267673144,11.139566900812156,8.25,177,185
2021-03-14 15:00:00,Jan-Jun,15,1.6266894235810898,13.77889391289416,3.5573721382472456,14.25,178,192
2021-03-14 16:00:00,Jan-Jun,16,1.3087334007136142,10.904899063279615,9.883412552795392,8.75,171,180
2021-03-14 17:00:00,Jan-Jun,17,1.0728656544001758,22.5781199722133,22.478128615872123,32.75,146,179
2021-03-14 18:00:00,Jan-Jun,18,1.3168946947925655,15.32515668436658,11.413019811758318,9.25,173,182
2021-03-14 19:00:00,Jan-Jun,19,1.0532004341311965,19.208769034692807,8.611573480857487,13.75,150,164
2021-03-14 20:00:00,Jan-Jun,20,0.4633356236949307,3.8647296638815614,4.609628487603985,6.75,119,126
2021-03-14 21:00:00,Jan-Jun,21,0.5274155001132782,1.2133800975774363,-0.08374518845104717,2.0,123,125
2021-03-14 22:00:00,Jan-Jun,22,0.2752078835438841,9.60068132980493,18.452752445481238,17.5,112,129
2021-03-14 23:00:00,Jan-Jun,23,0.2018640150531653,12.78249309420552,11.680075098464727,11.25,107,118
2021-03-15 00:00:00,Jan-Jun,0,-0.37316117991241826,6.849792265244155,9.519279739002798,7.0,76,83
2021-03-15 01:00:00,Jan-Jun,1,0.3437568423460063,4.1724202248105655,1.5017941398212002,5.75,110,116
2021-03-15 02:00:00,Jan-Jun,2,0.4492506664031728,1.6867821132815874,0.4214435752317627,3.75,117,121
2021-03-15 03:00:00,Jan-Jun,3,0.3970288080106122,4.974087684324306,5.431356326039321,7.25,116,123
2021-03-15 04:00:00,Jan-Jun,4,0.140460525957707,13.609458599576733,19.219189761584843,12.25,110,122
2021-03-15 05:00:00,Jan-Jun,5,0.036927096342905766,8.524809420359372,15.179903964309588,14.75,97,112
2021-03-15 06:00:00,Jan-Jun,6,0.40057761613173193,5.298250280783839,3.2268135705205054,2.75,118,121
2021-03-15 07:00:00,Jan-Jun,7,0.8175284596336625,13.417881011433808,8.195005838162757,17.75,132,150
2021-03-15 08:00:00,Jan-Jun,8,1.7660091293521187,8.252140160042732,1.5273982585984527,10.25,188,198
2021-03-15 09:00:00,Jan-Jun,9,1.4749040337032673,14.191538907203288,15.30583101049291,9.25,186,195
2021-03-15 10:00:00,Jan-Jun,10,1.4461001976769015,15.340589914670659,2.9659985341419883,16.75,164,181
2021-03-15 11:00:00,Jan-Jun,11,1.306029806601081,10.811693550542095,14.039239684245786,10.75,173,184
2021-03-15 12:00:00,Jan-Jun,12,0.047085407350946414,22.327414728882736,30.60105415235296,16.25,112,128
2021-03-15 13:00:00,Jan-Jun,13,1.3290208884033599,6.831484369774254,5.714102042621818,5.75,171,177
2021-03-15 14:00:00,Jan-Jun,14,1.389916226824283,11.247403814955739,7.20427567451253,5.0,177,182
2021-03-15 15:00:00,Jan-Jun,15,1.3141570402598015,11.396742190143993,5.570810084626999,13.0,163,176
2021-03-15 16:00:00,Jan-Jun,16,1.4593994804643096,8.99601187733001,2.1994673904682713,11.25,170,181
2021-03-15 17:00:00,Jan-Jun,17,0.8848058057665733,20.44541347347933,13.317339508410129,25.5,134,159
2021-03-15 18:00:00,Jan-Jun,18,1.0646672002489355,11.692677120013387,13.950663153062095,8.75,161,170
2021-03-15 19:00:00,Jan-Jun,19,1.0453042765939764,10.296531389852138,7.066684539430014,6.5,156,162
2021-03-15 20:00:00,Jan-Jun,20,0.5713849659601313,8.223728807675847,5.38198544672116,5.25,128,133
2021-03-15 21:00:00,Jan-Jun,21,0.5976142022047732,3.8161600919398433,1.8702102045758693,4.0,127,131
2021-03-15 22:00:00,Jan-Jun,22,0.37471872988929916,3.7480247844104078,6.717242938960382,8.5,115,123
2021-03-15 23:00:00,Jan-Jun,23,0.25914204447996125,15.21976699390316,10.378739672657602,12.25,108,120
2021-03-16 00:00:00,Jan-Jun,0,-0.3981956588998282,3.673892722339046,3.944068366822634,3.0,73,76
2021-03-16 01:00:00,Jan-Jun,1,0.4108685067348751,7.384237373061173,1.633677213504555,9.0,111,120
2021-03-16 02:00:00,Jan-Jun,2,0.37369263028483835,2.657091925575409,0.7763842713091549,3.0,114,117
2021-03-16 03:00:00,Jan-Jun,3,0.33476429169917143,1.3053165942951324,0.02009803951632705,2.5,112,114
2021-03-16 04:00:00,Jan-Jun,4,0.31813044303271304,8.209078121636486,4.978823652454466,6.0,112,118
2021-03-16 05:00:00,Jan-Jun,5,0.08999666335827361,14.823660964915723,11.127776858413881,19.25,92,111
2021-03-16 06:00:00,Jan-Jun,6,0.43588685309112524,7.403964098564955,1.1916940666059759,6.25,115,121
2021-03-16 07:00:00,Jan-Jun,7,0.8681864564441087,24.799810223301638,16.275229422242404,30.75,130,161
2021-03-16 08:00:00,Jan-Jun,8,1.484918329255923,5.9770359072508175,4.728636770339506,8.0,177,185
2021-03-16 09:00:00,Jan-Jun,9,1.5840780622000732,7.312827549672212,6.013364397003443,12.5,180,192
2021-03-16 10:00:00,Jan-Jun,10,1.664278512477357,13.89161905997699,2.390848742821106,15.0,178,193
2021-03-16 11:00:00,Jan-Jun,11,1.40509251875298,11.536706812360896,10.329559301096936,10.25,176,186
2021-03-16 12:00:00,Jan-Jun,12,0.07298801736445522,16.192760017245348,21.108104675664805,11.25,109,120
2021-03-16 13:00:00,Jan-Jun,13,1.3475389174734964,3.987552275790395,2.64677786968565,6.0,169,175
2021-03-16 14:00:00,Jan-Jun,14,1.3499024741352104,3.52172972491962,1.5105494865463243,3.5,171,174
2021-03-16 15:00:00,Jan-Jun,15,1.4270662373142775,16.60086837066294,3.063059453789151,17.0,163,180
2021-03-16 16:00:00,Jan-Jun,16,1.40167776596111,7.341991354275228,1.5263755057567323,8.75,168,177
2021-03-16 17:00:00,Jan-Jun,17,1.2012879817121087,15.826050036738001,13.076247251197515,23.25,154,177
2021-03-16 18:00:00,Jan-Jun,18,1.2164716067739394,12.580561200043531,12.201108217777062,9.25,168,177
2021-03-16 19:00:00,Jan-Jun,19,0.8102972700904852,15.885611937225324,10.611790117379769,13.0,139,152
2021-03-16 20:00:00,Jan-Jun,20,0.42084055172483764,3.3726360640606203,1.058918170245562,6.25,114,120
2021-03-16 21:00:00,Jan-Jun,21,0.4030954904472038,3.782041777855126,5.081690776343024,5.5,118,123
2021-03-16 22:00:00,Jan-Jun,22,0.09955620220180578,5.194254363214319,6.576793443754582,4.5,103,107
2021-03-16 23:00:00,Jan-Jun,23,0.26463956352939855,13.83720528021775,9.061879009440247,13.5,106,119
2021-03-17 00:00:00,Jan-Jun,0,-0.3901958537370237,1.54886035832834,-0.5112249678806933,0.25,72,72
2021-03-17 01:00:00,Jan-Jun,1,0.23759744346499798,5.910358021322413,9.620506459632708,11.5,107,118
2021-03-17 02:00:00,Jan-Jun,2,0.24625853620527705,8.215316459992016,8.121306808809749,4.75,112,117
2021-03-17 03:00:00,Jan-Jun,3,0.43256304121299227,2.328192069889862,0.38326870721093087,3.75,116,120
2021-03-17 04:00:00,Jan-Jun,4,0.3370084524544131,1.855764388850141,0.8907512816647056,2.5,113,115
2021-03-17 05:00:00,Jan-Jun,5,0.03425327108651001,10.01534796346567,15.332079522666774,14.75,97,112
2021-03-17 06:00:00,Jan-Jun,6,0.5270523188476935,3.216765138243066,0.9371875005758454,5.5,121,126
2021-03-17 07:00:00,Jan-Jun,7,1.088439120562416,19.92654993542485,4.580520299759883,21.0,141,162
2021-03-17 08:00:00,Jan-Jun,8,1.7655979345433261,2.6856718555841246,0.5510983055930865,6.75,190,197
2021-03-17 09:00:00,Jan-Jun,9,1.4025787741308564,13.46581447025778,12.47444407202039,8.0,180,188
2021-03-17 10:00:00,Jan-Jun,10,1.4028049511246619,10.699933768565293,1.4614079021377506,11.0,166,177
2021-03-17 11:00:00,Jan-Jun,11,1.4697788173669692,13.26548150962215,10.601233251548933,7.0,183,190
2021-03-17 12:00:00,Jan-Jun,12,-0.08243292872032912,22.513651010289745,32.97304738910037,20.0,103,123
2021-03-17 13:00:00,Jan-Jun,13,1.667181079319816,5.775827253685538,1.2235534144259361,9.25,183,192
2021-03-17 14:00:00,Jan-Jun,14,1.4431982427157708,7.42893273465287,11.133258595515457,10.25,179,189
2021-03-17 15:00:00,Jan-Jun,15,1.4460193744423184,9.911200781075355,0.9706569452330882,9.25,170,179
2021-03-17 16:00:00,Jan-Jun,16,1.3141776876683848,4.35783888460137,3.5696200293459697,5.5,169,174
2021-03-17 17:00:00,Jan-Jun,17,0.8392563482322103,13.149085212597628,14.942674899472678,20.0,138,158
2021-03-17 18:00:00,Jan-Jun,18,1.4085817873698634,5.935650974843976,1.1284482256924377,6.75,170,177
2021-03-17 19:00:00,Jan-Jun,19,1.2533674622541762,9.899635252739746,2.0745407366447353,10.0,159,169
2021-03-17 20:00:00,Jan-Jun,20,0.8310080204533429,4.133747626658821,0.4180840043694616,4.5,139,143
2021-03-17 21:00:00,Jan-Jun,21,0.5458397742316928,6.637008292557806,7.854334395455709,7.25,127,134
2021-03-17 22:00:00,Jan-Jun,22,0.5518670201435757,2.489958193107868,1.5069418498657683,3.0,125,128
2021-03-17 23:00:00,Jan-Jun,23,0.20887629328339866,15.773037456801378,18.275908216874086,14.0,111,125
2021-03-18 00:00:00,Jan-Jun,0,-0.3175780258279459,9.249671427061806,13.3558727482785,10.0,80,90
2021-03-18 01:00:00,Jan-Jun,1,0.37869377659226044,6.208841409495987,0.48813305806800145,5.25,112,117
2021-03-18 02:00:00,Jan-Jun,2,0.38556873365271505,7.637626106503436,4.091880960680655,6.0,115,121
2021-03-18 03:00:00,Jan-Jun,3,0.5019321174980055,9.940505184480957,2.3850412666541843,12.0,114,126
2021-03-18 04:00:00,Jan-Jun,4,0.3732434072332118,3.256288952681111,0.802276153227325,5.5,112,117
2021-03-18 05:00:00,Jan-Jun,5,0.10912796646267667,10.445623278212427,19.02510539236529,18.5,102,120
2021-03-18 06:00:00,Jan-Jun,6,0.48708408508760775,5.783693434503062,0.2408377367933383,2.5,121,123
2021-03-18 07:00:00,Jan-Jun,7,0.7492903138552776,13.823695569950877,19.128049804654097,24.0,133,157
2021-03-18 08:00:00,Jan-Jun,8,1.024847971172676,16.602504609708298,23.245725202041854,15.5,162,177
2021-03-18 09:00:00,Jan-Jun,9,1.2735729434327558,11.064958213985856,17.9099568381086,15.5,171,186
2021-03-18 10:00:00,Jan-Jun,10,1.2759403398560187,9.63157195962914,10.773507142522703,14.25,165,179
2021-03-18 11:00:00,Jan-Jun,11,1.5142322661419896,5.029677180363089,3.039068548801282,7.75,177,185
2021-03-18 12:00:00,Jan-Jun,12,-0.020944806120703457,17.158520805252298,30.47357061269146,22.5,102,124
2021-03-18 13:00:00,Jan-Jun,13,1.4195020846384332,5.643103890781291,3.4990347386388976,5.75,174,180
2021-03-18 14:00:00,Jan-Jun,14,1.0720379856223496,14.703351315535885,13.525832984971686,6.5,164,170
2021-03-18 15:00:00,Jan-Jun,15,1.2402259230398385,14.330066844566861,3.8319800094704988,14.5,156,170
2021-03-18 16:00:00,Jan-Jun,16,1.3332933351184109,8.136032107454795,2.467850908697983,12.25,162,174
2021-03-18 17:00:00,Jan-Jun,17,1.0000413024662376,9.824143485087992,11.675507878163614,16.5,148,164
2021-03-18 18:00:00,Jan-Jun,18,0.9703231170284761,6.66024138807421,3.3883757850768177,3.75,150,154
2021-03-18 19:00:00,Jan-Jun,19,0.8091448283224547,5.9331954748151645,0.6782134366359003,4.5,138,142
2021-03-18 20:00:00,Jan-Jun,20,0.3592719253143929,7.909912560535884,8.607550857528565,6.75,117,124
2021-03-18 21:00:00,Jan-Jun,21,0.2945037146077102,5.884816068889802,9.340598076713832,7.5,114,121
2021-03-18 22:00:00,Jan-Jun,22,0.36711398690412717,5.547456786337359,1.1555577286336813,3.0,114,117
2021-03-18 23:00:00,Jan-Jun,23,0.23849636907079846,17.234541746002794,11.568695058694288,13.75,106,120
2021-03-19 00:00:00,Jan-Jun,0,-1.2000231619426394,3.229133469457389,-1.343846752904895,2.0,24,26
2021-03-19 01:00:00,Jan-Jun,1,-1.277036962166589,1.1693215060676696,-1.319945533154808,0.75,21,22
2021-03-19 02:00:00,Jan-Jun,2,-1.277036962166589,1.1693215060676696,-1.319945533154808,0.75,21,22
2021-03-19 03:00:00,Jan-Jun,3,-1.2582412491878543,1.2479073476407172,-0.3020044909165591,1.5,23,24
2021-03-19 04:00:00,Jan-Jun,4,-1.2563380546627592,1.5807599521444275,1.5985553211082788,2.75,23,26
2021-03-19 05:00:00,Jan-Jun,5,-1.277036962166589,1.1693215060676696,-1.319945533154808,0.75,21,22
2021-03-19 06:00:00,Jan-Jun,6,-1.2776193766946458,0.8272725746132167,-1.2895149022414785,0.75,21,22
2021-03-19 07:00:00,Jan-Jun,7,-1.200450169958828,3.8651769752274032,-1.321535971302282,2.25,24,26
2021-03-19 08:00:00,Jan-Jun,8,-1.278390551855002,1.2273577323805105,-2.2492216994729546,0.0,21,21
2021-03-19 09:00:00,Jan-Jun,9,-1.278390551855002,1.2273577323805105,-2.2492216994729546,0.0,21,21
2021-03-19 10:00:00,Jan-Jun,10,-1.257744876445839,2.299474831942024,1.6720604834615784,3.5,23,26
2021-03-19 11:00:00,Jan-Jun,11,-1.2753058512135775,0.9993238785252069,1.5896054894529783,3.0,22,25
2021-03-19 12:00:00,Jan-Jun,12,-1.278390551855002,1.2273577323805105,-2.2492216994729546,0.0,21,21
2021-03-19 13:00:00,Jan-Jun,13,-1.278390551855002,1.2273577323805105,-2.2492216994729546,0.0,21,21
2021-03-19 14:00:00,Jan-Jun,14,-1.2703185004761137,1.8392584657434028,1.329020936328149,2.25,23,25
2021-03-19 15:00:00,Jan-Jun,15,-1.278390551855002,1.2273577323805105,-2.2492216994729546,0.0,21,21
2021-03-19 16:00:00,Jan-Jun,16,-1.278390551855002,1.2273577323805105,-2.2492216994729546,0.0,21,21
2021-03-19 17:00:00,Jan-Jun,17,-1.2550011420345613,2.109019731016024,1.528702848698643,2.75,23,26
2021-03-19 18:00:00,Jan-Jun,18,-1.278390551855002,1.2273577323805105,-2.2492216994729546,0.0,21,21
2021-03-19 19:00:00,Jan-Jun,19,-1.278390551855002,1.2273577323805105,-2.2492216994729546,0.0,21,21
2021-03-19 20:00:00,Jan-Jun,20,-1.2287880384210794,2.881928506423141,0.1590919569233904,2.75,23,26
2021-03-19 21:00:00,Jan-Jun,21,-1.277036962166589,1.1693215060676696,-1.319945533154808,0.75,21,22
2021-03-19 22:00:00,Jan-Jun,22,-1.278390551855002,1.2273577323805105,-2.2492216994729546,0.0,21,21
2021-03-19 23:00:00,Jan-Jun,23,-1.1992686638424987,3.379344895645637,-1.38326859440118,2.0,24,26
2021-03-20 00:00:00,Jan-Jun,0,-0.5319436466944061,0.8215184289163189,-0.4439253238255674,0.75,63,64
2021-03-20 01:00:00,Jan-Jun,1,0.32601536454070407,10.453088177365021,2.524360205221029,11.5,105,116
2021-03-20 02:00:00,Jan-Jun,2,0.19114720276617989,4.669082960375657,1.2977603157951734,3.25,104,107
2021-03-20 03:00:00,Jan-Jun,3,0.25872367840877986,6.0058304713737725,0.40285304990833026,4.75,105,110
2021-03-20 04:00:00,Jan-Jun,4,0.20699982604540054,3.700826639669897,1.3840622129204547,1.25,107,108
2021-03-20 05:00:00,Jan-Jun,5,0.04999561990681268,6.400988001233881,1.4333181477547328,6.75,92,99
2021-03-20 06:00:00,Jan-Jun,6,0.2597535233563171,3.942232236646198,1.343495847113175,4.5,107,111
2021-03-20 07:00:00,Jan-Jun,7,-0.7603696702302196,26.79508995945544,40.55649704548389,31.0,61,92
2021-03-20 08:00:00,Jan-Jun,8,-1.252773658339535,1.8485373324917247,2.412318845684567,3.0,24,27
2021-03-20 09:00:00,Jan-Jun,9,-1.2609484285646806,1.1842365919843418,-2.160556823552824,0.0,22,22
2021-03-20 10:00:00,Jan-Jun,10,-1.2609484285646806,1.1842365919843418,-2.160556823552824,0.0,22,22
2021-03-20 11:00:00,Jan-Jun,11,-1.169474486845577,4.131239494987901,-0.9399873228724047,3.0,25,28
2021-03-20 12:00:00,Jan-Jun,12,-1.2595087970902255,1.2875968577879322,-1.2357762625261586,0.75,22,23
2021-03-20 13:00:00,Jan-Jun,13,-1.2595087970902255,1.2875968577879322,-1.2357762625261586,0.75,22,23
2021-03-20 14:00:00,Jan-Jun,14,-1.2581552074018125,1.2048219598902994,-1.306500096208012,0.5,23,23
2021-03-20 15:00:00,Jan-Jun,15,-1.2366851247376267,2.141248110723364,2.571707555286551,3.25,25,28
2021-03-20 16:00:00,Jan-Jun,16,-1.2573840322414562,0.7539323245278486,-1.3467932989765359,0.25,23,23
2021-03-20 17:00:00,Jan-Jun,17,-1.2595948388762674,1.123693403782393,-1.2312806572346915,0.75,22,23
2021-03-20 18:00:00,Jan-Jun,18,-1.1833522138126742,3.5801301702718087,-1.2148886742162546,2.25,25,27
2021-03-20 19:00:00,Jan-Jun,19,-1.2609484285646806,1.1842365919843418,-2.160556823552824,0.0,22,22
2021-03-20 20:00:00,Jan-Jun,20,-1.2609484285646806,1.1842365919843418,-2.160556823552824,0.0,22,22
2021-03-20 21:00:00,Jan-Jun,21,-1.2534093049622588,2.0031439745461377,2.4455308052693425,3.5,24,27
2021-03-20 22:00:00,Jan-Jun,22,-1.257863727923256,1.030632807581897,1.6782703653730948,3.0,23,26
2021-03-20 23:00:00,Jan-Jun,23,-1.2609484285646806,1.1842365919843418,-2.160556823552824,0.0,22,22
2021-03-21 00:00:00,Jan-Jun,0,-1.2422387573719877,1.3254960844106938,-0.13812017602309368,1.75,23,25
2021-03-21 01:00:00,Jan-Jun,1,-1.2548817461280888,1.9012424520026603,3.5224645208627123,4.25,24,28
2021-03-21 02:00:00,Jan-Jun,2,-1.2601772534043243,0.7888446184743286,-1.200850026321362,0.75,22,23
2021-03-21 03:00:00,Jan-Jun,3,-1.2462995264372272,1.40651805360042,-1.925948674977505,0.5,23,23
2021-03-21 04:00:00,Jan-Jun,4,-1.2230988772490858,2.0263164765401624,0.8618384450492727,2.5,25,27
2021-03-21 05:00:00,Jan-Jun,5,-1.2601772534043243,0.7888446184743286,-1.200850026321362,0.75,22,23
2021-03-21 06:00:00,Jan-Jun,6,-1.2609484285646806,1.1842365919843418,-2.160556823552824,0.0,22,22
2021-03-21 07:00:00,Jan-Jun,7,-1.2007082953169537,3.4778880379464296,-1.3080491554278453,2.25,24,26
2021-03-21 08:00:00,Jan-Jun,8,1.9170332367434475,21.236963726398876,2.8228174468736995,18.5,190,208
2021-03-21 09:00:00,Jan-Jun,9,1.589302029560025,11.599633902597137,7.7122704403631985,4.75,189,194
2021-03-21 10:00:00,Jan-Jun,10,1.733576593275142,13.093256920234309,7.396713271199133,17.0,185,202
2021-03-21 11:00:00,Jan-Jun,11,1.6407209894332004,7.004308316852824,1.7486343745586055,10.0,181,191
2021-03-21 12:00:00,Jan-Jun,12,0.13453193412524106,21.226185235790595,29.560896179168296,17.5,115,132
2021-03-21 13:00:00,Jan-Jun,13,1.686134216447857,4.576385921949967,7.131150905869845,9.5,190,199
2021-03-21 14:00:00,Jan-Jun,14,1.8093336652579488,6.605036873419563,2.0303007392893164,11.75,189,201
2021-03-21 15:00:00,Jan-Jun,15,1.4991122453512356,11.617416471954034,2.9105416210244073,15.5,169,184
2021-03-21 16:00:00,Jan-Jun,16,1.1432186766711931,7.276391041652863,3.4231894522832818,4.0,160,164
2021-03-21 17:00:00,Jan-Jun,17,0.8756573041788145,20.613065038720336,16.8446319569627,28.0,134,162
2021-03-21 18:00:00,Jan-Jun,18,1.0907562338335413,4.243126696023596,-0.5530312243432718,0.75,156,157
2021-03-21 19:00:00,Jan-Jun,19,0.9387828797239666,16.51729080471638,10.206261347722034,15.75,143,159
2021-03-21 20:00:00,Jan-Jun,20,0.6642951132343773,6.439709857221948,1.026920621988694,7.25,127,134
2021-03-21 21:00:00,Jan-Jun,21,0.6473300291408901,3.570905540362029,1.004737660740119,6.25,127,133
2021-03-21 22:00:00,Jan-Jun,22,0.3897972965179065,5.9246733388180015,3.8481591614705337,7.0,114,121
2021-03-21 23:00:00,Jan-Jun,23,0.3172801723434124,20.290026964053446,17.027830728574315,17.75,112,130
2021-03-22 00:00:00,Jan-Jun,0,-0.3661935567583527,1.8103785718913312,0.12273103360176663,2.75,71,74
2021-03-22 01:00:00,Jan-Jun,1,0.2606786967466671,7.271105059187113,8.29017160186342,10.0,108,118
2021-03-22 02:00:00,Jan-Jun,2,0.1965196303809029,11.885618939851836,13.988109551190277,7.25,113,120
2021-03-22 03:00:00,Jan-Jun,3,0.3871428048066916,8.457776455323561,6.001156176407051,10.0,113,123
2021-03-22 04:00:00,Jan-Jun,4,0.44534210293578097,2.6208090274397136,0.6467215599677303,4.5,117,121
2021-03-22 05:00:00,Jan-Jun,5,0.07043265670944017,12.748603904762907,13.255388071070314,18.5,94,112
2021-03-22 06:00:00,Jan-Jun,6,0.34223779591884285,6.158433231865798,2.5893474623364057,3.0,114,117
2021-03-22 07:00:00,Jan-Jun,7,1.0839836087433077,24.39364151575466,4.837322762339795,23.5,139,162
2021-03-22 08:00:00,Jan-Jun,8,1.378650673553435,3.0190429655082687,3.853588691677345,7.0,171,178
2021-03-22 09:00:00,Jan-Jun,9,1.1768104406945141,13.010010630041322,13.487059985272282,9.5,167,176
2021-03-22 10:00:00,Jan-Jun,10,1.5885293786655217,16.835160066538094,2.7568037421428357,16.75,172,189
2021-03-22 11:00:00,Jan-Jun,11,1.4586639964855859,5.158988363528465,1.241858501656509,7.75,172,180
2021-03-22 12:00:00,Jan-Jun,12,0.16129121665609247,12.754600018150919,18.018570644013735,11.25,111,122
2021-03-22 13:00:00,Jan-Jun,13,1.2819968751214919,10.17448332684389,17.42442644561936,19.75,166,186
2021-03-22 14:00:00,Jan-Jun,14,0.8688682338771474,21.32123976904073,27.235933796769046,15.5,157,172
2021-03-22 15:00:00,Jan-Jun,15,1.247284806531405,15.974874038861103,4.425126939094952,14.75,156,171
2021-03-22 16:00:00,Jan-Jun,16,1.1780388714959407,9.524020587649288,12.416256883917583,15.25,160,175
2021-03-22 17:00:00,Jan-Jun,17,0.5662225532160896,25.68059530456313,31.679531578197725,39.25,120,159
2021-03-22 18:00:00,Jan-Jun,18,0.9394530342517395,12.753278177289985,15.167635631973042,11.5,153,164
2021-03-22 19:00:00,Jan-Jun,19,1.3009196322458707,13.992364144353838,4.333774950206134,18.25,156,174
2021-03-22 20:00:00,Jan-Jun,20,0.6224095699554745,6.6049008734476775,3.4410788819642164,1.5,133,134
2021-03-22 21:00:00,Jan-Jun,21,0.5772928159655417,3.1898008375931033,0.041474526418937785,2.5,126,128
2021-03-22 22:00:00,Jan-Jun,22,0.4011232506200459,7.4892244031560224,4.195364819859222,8.5,114,122
2021-03-22 23:00:00,Jan-Jun,23,0.3302813488189307,18.011833923839877,17.278481546953913,17.75,113,131
2021-03-23 00:00:00,Jan-Jun,0,-0.4417510484476318,1.817657293972584,0.4229385577773712,1.0,69,70
2021-03-23 01:00:00,Jan-Jun,1,0.14029881203626868,2.940712050476722,3.2285104715155626,3.5,103,106
2021-03-23 02:00:00,Jan-Jun,2,0.4840854262322252,5.311216291710732,0.4136715232949655,3.5,120,123
2021-03-23 03:00:00,Jan-Jun,3,0.22054663700923277,6.263396122127821,5.6032642806387685,10.0,103,113
2021-03-23 04:00:00,Jan-Jun,4,0.26750096614151037,6.316900949460979,5.896956264970939,4.25,112,116
2021-03-23 05:00:00,Jan-Jun,5,0.05451534282679652,18.269701598209412,27.172814748110994,29.75,95,125
2021-03-23 06:00:00,Jan-Jun,6,0.2771510590227433,11.727688290311226,14.340753584642002,8.25,117,125
2021-03-23 07:00:00,Jan-Jun,7,1.0351422202428593,14.78277404863474,3.652395272964725,17.75,140,158
2021-03-23 08:00:00,Jan-Jun,8,1.2286674845343242,7.181279122537686,8.498174061310863,11.5,163,174
2021-03-23 09:00:00,Jan-Jun,9,1.1560703040338294,6.410478165696415,0.6824598371737522,2.25,160,162
2021-03-23 10:00:00,Jan-Jun,10,1.0492689511205278,9.41041844893208,4.838172479967028,12.0,148,160
2021-03-23 11:00:00,Jan-Jun,11,1.0186776411105,11.47885832975094,12.60136469290839,10.25,156,166
2021-03-23 12:00:00,Jan-Jun,12,-0.11324462830321246,10.23326167827717,15.726635278489681,11.0,93,104
2021-03-23 13:00:00,Jan-Jun,13,0.9874067331756166,7.682066391017598,9.403726910947398,7.75,153,161
2021-03-23 14:00:00,Jan-Jun,14,1.0524407824061046,3.307474995416021,0.6553575491366814,5.0,151,156
2021-03-23 15:00:00,Jan-Jun,15,1.1211829509576379,12.805772100890747,5.693263207605185,15.0,150,165
2021-03-23 16:00:00,Jan-Jun,16,1.2544641747875547,7.122923232386394,1.0113294848854935,8.5,160,168
2021-03-23 17:00:00,Jan-Jun,17,0.77581608625919,28.309860889766806,30.599183099387062,42.0,128,170
2021-03-23 18:00:00,Jan-Jun,18,1.163301815526535,7.969077456494723,4.2656570017425395,4.5,162,166
2021-03-23 19:00:00,Jan-Jun,19,0.8137894201976256,13.883213711104055,4.410512961438599,9.25,137,146
2021-03-23 20:00:00,Jan-Jun,20,0.5483716691224143,6.254380535773853,9.70840349698021,8.5,128,136
2021-03-23 21:00:00,Jan-Jun,21,0.5640308576469323,3.2716842993907234,-0.19414560138662296,1.25,126,127
2021-03-23 22:00:00,Jan-Jun,22,0.4703559345146077,11.849102249315102,1.204998631425056,9.0,114,123
2021-03-23 23:00:00,Jan-Jun,23,0.354040564212525,8.458036058036019,4.909070967483785,10.0,110,120
2021-03-24 00:00:00,Jan-Jun,0,-0.4366443018036953,3.0826136922089873,3.1322980157034976,2.75,70,73
2021-03-24 01:00:00,Jan-Jun,1,0.3987348224379281,7.974677306533581,3.3330267235338056,10.0,111,121
2021-03-24 02:00:00,Jan-Jun,2,0.34638748826038146,9.910414193562396,11.350171525761453,8.0,118,126
2021-03-24 03:00:00,Jan-Jun,3,0.4512028032508028,4.036802546222574,2.308928207723511,6.25,117,123
2021-03-24 04:00:00,Jan-Jun,4,0.4412485241791664,4.87118272717991,0.8826632762381053,4.75,116,121
2021-03-24 05:00:00,Jan-Jun,5,0.17921607467149,11.171845107967629,10.985435088182086,15.0,101,116
2021-03-24 06:00:00,Jan-Jun,6,0.33384667392148215,9.978411502686933,10.072986801702314,6.25,118,124
2021-03-24 07:00:00,Jan-Jun,7,1.22180904266334,21.330382751274456,6.8934742722487385,22.75,149,172
2021-03-24 08:00:00,Jan-Jun,8,1.5742865202476746,4.032957263615746,2.5777197815063744,6.0,182,188
2021-03-24 09:00:00,Jan-Jun,9,1.3097540567613246,7.059135952884018,1.824584970883251,10.25,162,172
2021-03-24 10:00:00,Jan-Jun,10,1.2348046180290886,16.491997681435723,5.144447921952889,17.0,154,171
2021-03-24 11:00:00,Jan-Jun,11,1.288939179270335,6.690366669405973,1.0242926621658626,6.5,164,170
2021-03-24 12:00:00,Jan-Jun,12,0.10726475289134574,11.871097814765012,15.13249548644562,10.75,105,116
2021-03-24 13:00:00,Jan-Jun,13,1.48627588676694,13.16572740665437,9.650391189118551,19.5,171,190
2021-03-24 14:00:00,Jan-Jun,14,1.042982174094409,18.034801983110253,20.20052362783605,11.75,163,175
2021-03-24 15:00:00,Jan-Jun,15,1.1935756856794923,22.920606828013536,16.520761078952887,29.75,150,180
2021-03-24 16:00:00,Jan-Jun,16,1.2188622101465143,4.91515434674265,0.06332094258769416,2.75,162,165
2021-03-24 17:00:00,Jan-Jun,17,0.8384790906675759,20.099686357669253,20.98747371603085,29.25,135,164
2021-03-24 18:00:00,Jan-Jun,18,0.8685876684782919,11.51222559534926,14.252104752714416,9.25,150,159
2021-03-24 19:00:00,Jan-Jun,19,1.2416806639476539,6.955546927298168,1.7481330660193635,8.75,159,168
2021-03-24 20:00:00,Jan-Jun,20,0.7915962408427997,3.427330247726551,1.6896618768009546,6.5,136,142
2021-03-24 21:00:00,Jan-Jun,21,0.5232305034661436,15.483281704024478,17.15746558339869,11.0,131,142
2021-03-24 22:00:00,Jan-Jun,22,0.48985867647933057,8.787206833773931,12.080918533124844,13.75,121,135
2021-03-24 23:00:00,Jan-Jun,23,0.40236048597102736,17.2750795810669,11.124054250429168,14.25,115,129
2021-03-25 00:00:00,Jan-Jun,0,-0.42064180998782896,3.044518548448309,3.221547351889285,3.0,71,74
2021-03-25 01:00:00,Jan-Jun,1,0.5527351511696745,7.93203087998276,1.4569053570013466,9.0,119,128
2021-03-25 02:00:00,Jan-Jun,2,0.2043062846855133,17.165003680243327,19.53930993357811,9.0,117,126
2021-03-25 03:00:00,Jan-Jun,3,0.5451451325337877,10.354015801897154,1.894371478932328,8.75,119,128
2021-03-25 04:00:00,Jan-Jun,4,0.4659382915933533,1.8219565928855526,0.4596184432525945,3.75,118,122
2021-03-25 05:00:00,Jan-Jun,5,0.27879862280393347,7.679546225994251,3.2457929037046114,8.0,106,114
2021-03-25 06:00:00,Jan-Jun,6,0.42311752217145443,5.2085722087657365,2.92768035927061,7.75,114,122
2021-03-25 07:00:00,Jan-Jun,7,0.9295467661975464,13.48839829840448,3.738603488097482,17.0,135,152
2021-03-25 08:00:00,Jan-Jun,8,1.2122424969539283,9.914264755045473,3.444861541837838,12.25,156,168
2021-03-25 09:00:00,Jan-Jun,9,1.423984643168402,3.7446712954795047,1.2406733840089714,8.25,170,178
2021-03-25 10:00:00,Jan-Jun,10,1.4417361712005858,7.826600689066783,4.2175280533939485,10.25,172,182
2021-03-25 11:00:00,Jan-Jun,11,1.4561004456881081,9.537318634659984,5.389613952538184,3.75,180,184
2021-03-25 12:00:00,Jan-Jun,12,0.2599857557882008,20.588726273302225,26.330110659772203,14.25,122,136
2021-03-25 13:00:00,Jan-Jun,13,1.4131335530726399,12.437942685415194,8.866097975257304,5.75,179,185
2021-03-25 14:00:00,Jan-Jun,14,1.3383106815092651,13.580430929309399,12.178665970783129,7.0,177,184
2021-03-25 15:00:00,Jan-Jun,15,1.5567525921907968,10.18606306796386,1.5883232961001283,11.5,175,186
2021-03-25 16:00:00,Jan-Jun,16,1.2892792816476626,7.150457853131403,7.004690171683762,9.75,166,176
2021-03-25 17:00:00,Jan-Jun,17,0.9830306994437635,27.227539421458175,28.65594849273134,39.0,141,180
2021-03-25 18:00:00,Jan-Jun,18,0.6668126706518498,22.11480293667445,30.88181609287028,22.5,142,164
2021-03-25 19:00:00,Jan-Jun,19,0.2279245936450361,14.139389668559442,19.178020782292236,16.75,110,127
2021-03-25 20:00:00,Jan-Jun,20,0.2854527133147496,3.2171010184939868,3.8622708979770977,6.25,109,115
2021-03-25 21:00:00,Jan-Jun,21,0.40227303590311086,7.096930737372293,3.1290946125032804,4.75,116,121
2021-03-25 22:00:00,Jan-Jun,22,0.6716537337992353,11.086294207051155,2.6027915973181166,13.0,123,136
2021-03-25 23:00:00,Jan-Jun,23,0.02165666511221506,17.862690688342234,26.048990825287802,20.25,102,122
2021-03-26 00:00:00,Jan-Jun,0,-1.2000231619426394,3.229133469457389,-1.343846752904895,2.0,24,26
2021-03-26 01:00:00,Jan-Jun,1,-1.277036962166589,1.1693215060676696,-1.319945533154808,0.75,21,22
2021-03-26 02:00:00,Jan-Jun,2,-1.277036962166589,1.1693215060676696,-1.319945533154808,0.75,21,22
2021-03-26 03:00:00,Jan-Jun,3,-1.2582412491878543,1.2479073476407172,-0.3020044909165591,1.5,23,24
2021-03-26 04:00:00,Jan-Jun,4,-1.2563380546627592,1.5807599521444275,1.5985553211082788,2.75,23,26
2021-03-26 05:00:00,Jan-Jun,5,-1.277036962166589,1.1693215060676696,-1.319945533154808,0.75,21,22
2021-03-26 06:00:00,Jan-Jun,6,-1.2776193766946458,0.8272725746132167,-1.2895149022414785,0.75,21,22
2021-03-26 07:00:00,Jan-Jun,7,-1.200450169958828,3.8651769752274032,-1.321535971302282,2.25,24,26
2021-03-26 08:00:00,Jan-Jun,8,-1.278390551855002,1.2273577323805105,-2.2492216994729546,0.0,21,21
2021-03-26 09:00:00,Jan-Jun,9,-1.278390551855002,1.2273577323805105,-2.2492216994729546,0.0,21,21
2021-03-26 10:00:00,Jan-Jun,10,-1.257744876445839,2.299474831942024,1.6720604834615784,3.5,23,26
2021-03-26 11:00:00,Jan-Jun,11,-1.2753058512135775,0.9993238785252069,1.5896054894529783,3.0,22,25
2021-03-26 12:00:00,Jan-Jun,12,-1.278390551855002,1.2273577323805105,-2.2492216994729546,0.0,21,21
2021-03-26 13:00:00,Jan-Jun,13,-1.278390551855002,1.2273577323805105,-2.2492216994729546,0.0,21,21
2021-03-26 14:00:00,Jan-Jun,14,-1.2703185004761137,1.8392584657434028,1.329020936328149,2.25,23,25
2021-03-26 15:00:00,Jan-Jun,15,-1.278390551855002,1.2273577323805105,-2.2492216994729546,0.0,21,21
2021-03-26 16:00:00,Jan-Jun,16,-1.278390551855002,1.2273577323805105,-2.2492216994729546,0.0,21,21
2021-03-26 17:00:00,Jan-Jun,17,-1.2550011420345613,2.109019731016024,1.528702848698643,2.75,23,26
2021-03-26 18:00:00,Jan-Jun,18,-1.278390551855002,1.2273577323805105,-2.2492216994729546,0.0,21,21
2021-03-26 19:00:00,Jan-Jun,19,-1.278390551855002,1.2273577323805105,-2.2492216994729546,0.0,21,21
2021-03-26 20:00:00,Jan-Jun,20,-1.2287880384210794,2.881928506423141,0.1590919569233904,2.75,23,26
2021-03-26 21:00:00,Jan-Jun,21,-1.277036962166589,1.1693215060676696,-1.319945533154808,0.75,21,22
2021-03-26 22:00:00,Jan-Jun,22,-1.278390551855002,1.2273577323805105,-2.2492216994729546,0.0,21,21
2021-03-26 23:00:00,Jan-Jun,23,-1.1992686638424987,3.379344895645637,-1.38326859440118,2.0,24,26
2021-03-27 00:00:00,Jan-Jun,0,-0.5319436466944061,0.8215184289163189,-0.4439253238255674,0.75,63,64
2021-03-27 01:00:00,Jan-Jun,1,0.32601536454070407,10.453088177365021,2.524360205221029,11.5,105,116
2021-03-27 02:00:00,Jan-Jun,2,0.19114720276617989,4.669082960375657,1.2977603157951734,3.25,104,107
2021-03-27 03:00:00,Jan-Jun,3,0.25872367840877986,6.0058304713737725,0.40285304990833026,4.75,105,110
2021-03-27 04:00:00,Jan-Jun,4,0.20699982604540054,3.700826639669897,1.3840622129204547,1.25,107,108
2021-03-27 05:00:00,Jan-Jun,5,0.04999561990681268,6.400988001233881,1.4333181477547328,6.75,92,99
2021-03-27 06:00:00,Jan-Jun,6,0.2597535233563171,3.942232236646198,1.343495847113175,4.5,107,111
2021-03-27 07:00:00,Jan-Jun,7,-0.7603696702302196,26.79508995945544,40.55649704548389,31.0,61,92
2021-03-27 08:00:00,Jan-Jun,8,-1.252773658339535,1.8485373324917247,2.412318845684567,3.0,24,27
2021-03-27 09:00:00,Jan-Jun,9,-1.2609484285646806,1.1842365919843418,-2.160556823552824,0.0,22,22
2021-03-27 10:00:00,Jan-Jun,10,-1.2609484285646806,1.1842365919843418,-2.160556823552824,0.0,22,22
2021-03-27 11:00:00,Jan-Jun,11,-1.169474486845577,4.131239494987901,-0.9399873228724047,3.0,25,28
2021-03-27 12:00:00,Jan-Jun,12,-1.2595087970902255,1.2875968577879322,-1.2357762625261586,0.75,22,23
2021-03-27 13:00:00,Jan-Jun,13,-1.2595087970902255,1.2875968577879322,-1.2357762625261586,0.75,22,23
2021-03-27 14:00:00,Jan-Jun,14,-1.2581552074018125,1.2048219598902994,-1.306500096208012,0.5,23,23
2021-03-27 15:00:00,Jan-Jun,15,-1.2366851247376267,2.141248110723364,2.571707555286551,3.25,25,28
2021-03-27 16:00:00,Jan-Jun,16,-1.2573840322414562,0.7539323245278486,-1.3467932989765359,0.25,23,23
2021-03-27 17:00:00,Jan-Jun,17,-1.2595948388762674,1.123693403782393,-1.2312806572346915,0.75,22,23
2021-03-27 18:00:00,Jan-Jun,18,-1.1833522138126742,3.5801301702718087,-1.2148886742162546,2.25,25,27
2021-03-27 19:00:00,Jan-Jun,19,-1.2609484285646806,1.1842365919843418,-2.160556823552824,0.0,22,22
2021-03-27 20:00:00,Jan-Jun,20,-1.2609484285646806,1.1842365919843418,-2.160556823552824,0.0,22,22
2021-03-27 21:00:00,Jan-Jun,21,-1.2534093049622588,2.0031439745461377,2.4455308052693425,3.5,24,27
2021-03-27 22:00:00,Jan-Jun,22,-1.257863727923256,1.030632807581897,1.6782703653730948,3.0,23,26
2021-03-27 23:00:00,Jan-Jun,23,-1.2609484285646806,1.1842365919843418,-2.160556823552824,0.0,22,22
2021-03-28 00:00:00,Jan-Jun,0,-1.2275038134584928,1.1684042797688647,-1.9080076327392277,0.25,24,24
2021-03-28 01:00:00,Jan-Jun,1,-1.1670915966386821,3.5337454705553504,-1.0644911751972117,2.5,26,28
2021-03-28 02:00:00,Jan-Jun,2,-1.2609484285646806,1.1842365919843418,-2.160556823552824,0.0,22,22
2021-03-28 03:00:00,Jan-Jun,3,-1.228188946832807,1.7005361917955624,-1.872210035262185,0.5,24,24
2021-03-28 04:00:00,Jan-Jun,4,-1.192894369296191,2.1828715613276364,0.2836802962476739,2.5,26,28
2021-03-28 05:00:00,Jan-Jun,5,-1.2609484285646806,1.1842365919843418,-2.160556823552824,0.0,22,22
2021-03-28 06:00:00,Jan-Jun,6,-1.243506305274359,1.1414070888971413,-2.0718919476327216,0.0,23,23
2021-03-28 07:00:00,Jan-Jun,7,-1.2007082953169537,3.4778880379464296,-1.3080491554278453,2.25,24,26
2021-03-28 08:00:00,Jan-Jun,8,1.6115714204277733,17.912832199877844,10.42872891984348,23.25,175,198
2021-03-28 09:00:00,Jan-Jun,9,1.4075471107469035,12.205060854888513,9.188083911902567,6.75,178,185
2021-03-28 10:00:00,Jan-Jun,10,1.4774750726611334,17.663623782745187,4.157643964296085,16.75,167,184
2021-03-28 11:00:00,Jan-Jun,11,1.6747678970416817,5.014041226398723,1.7862717836682407,10.25,183,193
2021-03-28 12:00:00,Jan-Jun,12,0.28523892360902775,17.943748060277564,23.87459310138101,13.75,121,135
2021-03-28 13:00:00,Jan-Jun,13,1.666925291022892,4.544802796471783,0.23829629183620682,6.0,185,191
2021-03-28 14:00:00,Jan-Jun,14,1.4686907467785977,9.864938099841096,9.663946407275773,8.75,180,189
2021-03-28 15:00:00,Jan-Jun,15,1.6936152088279168,11.862305971551427,1.6999687333747033,12.5,182,194
2021-03-28 16:00:00,Jan-Jun,16,1.2313915659766572,9.605832870012215,6.341166101044848,4.25,168,172
2021-03-28 17:00:00,Jan-Jun,17,1.1801898823372983,21.93701968879695,16.29227901032567,29.0,150,179
2021-03-28 18:00:00,Jan-Jun,18,1.3257037033585604,15.201482953303785,13.90529473224376,8.25,177,185
2021-03-28 19:00:00,Jan-Jun,19,1.146322101502235,20.922632517563724,8.244317266236067,16.25,153,169
2021-03-28 20:00:00,Jan-Jun,20,0.29621581143930437,3.1453280042961427,1.2419179024983862,1.25,112,113
2021-03-28 21:00:00,Jan-Jun,21,0.47668183116743573,4.475597464189342,0.8403927445087334,5.25,118,123
2021-03-28 22:00:00,Jan-Jun,22,0.28521126501683913,4.789576127643754,7.876187260452724,10.0,109,119
2021-03-28 23:00:00,Jan-Jun,23,0.2623604810268715,18.25656440671139,16.19323855304232,18.75,107,126
2021-03-29 00:00:00,Jan-Jun,0,-0.49272382863018277,1.4934474119876797,0.3239550945697829,0.75,66,67
2021-03-29 01:00:00,Jan-Jun,1,0.27641838908200417,6.287361188030951,1.3829825030421574,7.75,104,112
2021-03-29 02:00:00,Jan-Jun,2,0.24297268764347005,15.533667640919024,15.31069335666217,11.5,113,124
2021-03-29 03:00:00,Jan-Jun,3,0.23702882450689902,7.62050138194498,6.653279966838596,11.5,104,115
2021-03-29 04:00:00,Jan-Jun,4,0.3218807184979791,7.707193861948991,0.762668917839477,4.25,110,114
2021-03-29 05:00:00,Jan-Jun,5,0.0820106537654271,16.41869196535165,10.5880667224951,20.0,90,110
2021-03-29 06:00:00,Jan-Jun,6,0.2601696172928047,8.402371204033212,9.319513428954991,6.0,113,119
2021-03-29 07:00:00,Jan-Jun,7,0.9689677321821522,19.841613209065255,9.466496140360505,23.25,137,160
2021-03-29 08:00:00,Jan-Jun,8,1.949964260144114,13.458258667936057,14.924771106092237,20.0,202,222
2021-03-29 09:00:00,Jan-Jun,9,1.4764888595919643,8.328035664181655,3.214486355265592,3.75,179,183
2021-03-29 10:00:00,Jan-Jun,10,1.3618212124160523,11.341432485047566,1.8235888262157403,12.25,163,175
2021-03-29 11:00:00,Jan-Jun,11,1.8169116809560237,2.197603996004839,0.5935264310294315,6.75,193,200
2021-03-29 12:00:00,Jan-Jun,12,0.17618412914794954,22.54196855888274,29.160187419331578,16.25,118,134
2021-03-29 13:00:00,Jan-Jun,13,1.60703220640959,6.598788063964533,6.690355728473492,7.5,187,194
2021-03-29 14:00:00,Jan-Jun,14,1.5246649926923348,3.04204588340407,0.4377571892260903,5.75,177,183
2021-03-29 15:00:00,Jan-Jun,15,1.3027681232598773,12.020976656561004,9.22723342058481,15.75,163,179
2021-03-29 16:00:00,Jan-Jun,16,1.1253214097957118,11.25051162736169,7.454734736791806,3.25,164,167
2021-03-29 17:00:00,Jan-Jun,17,0.6864018344351609,18.622077425336123,18.752754897732018,25.5,128,153
2021-03-29 18:00:00,Jan-Jun,18,1.2261982331176233,6.165917316032681,9.640494376076532,9.5,166,175
2021-03-29 19:00:00,Jan-Jun,19,1.063490847757557,21.092084460869547,21.018464615366014,16.75,160,177
2021-03-29 20:00:00,Jan-Jun,20,0.7340138002203087,1.9849944628365943,0.008542659430190724,2.5,135,137
2021-03-29 21:00:00,Jan-Jun,21,0.5289083636824,5.117733761625887,0.8302105911740512,2.25,124,126
2021-03-29 22:00:00,Jan-Jun,22,0.4279998170014595,5.8031242961123155,1.6462793920440646,8.5,113,121
2021-03-29 23:00:00,Jan-Jun,23,0.22649907716430293,14.029371368126164,5.260183316600973,9.5,104,113
2021-03-30 00:00:00,Jan-Jun,0,-0.4772177095563316,2.403469501939387,1.441454518897558,2.0,67,69
2021-03-30 01:00:00,Jan-Jun,1,0.2774804992918611,7.899273538699711,1.321765626396754,8.0,104,112
2021-03-30 02:00:00,Jan-Jun,2,0.24289724051336528,8.379468913683835,9.315041905065158,8.25,110,118
2021-03-30 03:00:00,Jan-Jun,3,0.41527024203026114,6.114592729321886,1.3799742699657003,8.0,112,120
2021-03-30 04:00:00,Jan-Jun,4,0.17772478125498753,10.272620905039268,11.07138880962539,7.0,109,116
2021-03-30 05:00:00,Jan-Jun,5,0.13016262164519388,11.094806707245544,12.812730367969024,16.75,98,115
2021-03-30 06:00:00,Jan-Jun,6,0.3579289302819168,2.665815063033202,2.684957100755966,3.75,114,118
2021-03-30 07:00:00,Jan-Jun,7,0.7889356667273068,9.6966530077539,2.8430094634473733,11.5,132,143
2021-03-30 08:00:00,Jan-Jun,8,1.5652346551018945,6.172524627111886,8.099442392679379,13.25,180,193
2021-03-30 09:00:00,Jan-Jun,9,1.3987427763033122,13.52358522620598,11.695539588890028,8.25,179,187
2021-03-30 10:00:00,Jan-Jun,10,1.2620902040288375,10.944170795427972,3.5717878186578957,12.5,159,171
2021-03-30 11:00:00,Jan-Jun,11,0.8278231630321549,7.5876820336060815,7.601649722951834,6.0,144,150
2021-03-30 12:00:00,Jan-Jun,12,0.11825262225359573,12.321849252512724,17.49918734468949,11.25,108,119
2021-03-30 13:00:00,Jan-Jun,13,1.3282758961010452,9.951604624177019,12.75704118532974,17.5,167,184
2021-03-30 14:00:00,Jan-Jun,14,1.179820238634889,12.81584945543897,14.313584175009282,11.25,166,177
2021-03-30 15:00:00,Jan-Jun,15,1.407465131201937,15.84740926219725,2.1928089692884214,14.5,164,178
2021-03-30 16:00:00,Jan-Jun,16,1.0472616319930654,12.299047816331184,9.953868390121556,4.5,161,165
2021-03-30 17:00:00,Jan-Jun,17,1.4031161467067095,20.688434067084973,5.443471513444706,24.75,156,181
2021-03-30 18:00:00,Jan-Jun,18,1.1971866897898142,1.885363738873377,1.31263353141955,5.5,160,165
2021-03-30 19:00:00,Jan-Jun,19,0.804991712587368,24.157852754334893,20.91758668744302,20.75,141,162
2021-03-30 20:00:00,Jan-Jun,20,0.33690285211789867,4.107839079280554,0.896837771290862,6.0,109,115
2021-03-30 21:00:00,Jan-Jun,21,0.32527536831032144,5.129647518692237,3.567011389187627,4.25,113,117
2021-03-30 22:00:00,Jan-Jun,22,0.313254772510277,10.210740679739128,5.259842814275544,12.25,106,118
2021-03-30 23:00:00,Jan-Jun,23,0.14849541294658047,18.79424077991533,16.75608274962616,16.0,104,120
2021-03-31 00:00:00,Jan-Jun,0,-1.2000231619426394,3.229133469457389,-1.343846752904895,2.0,24,26
2021-03-31 01:00:00,Jan-Jun,1,-1.277036962166589,1.1693215060676696,-1.319945533154808,0.75,21,22
2021-03-31 02:00:00,Jan-Jun,2,-1.277036962166589,1.1693215060676696,-1.319945533154808,0.75,21,22
2021-03-31 03:00:00,Jan-Jun,3,-1.2582412491878543,1.2479073476407172,-0.3020044909165591,1.5,23,24
2021-03-31 04:00:00,Jan-Jun,4,-1.2563380546627592,1.5807599521444275,1.5985553211082788,2.75,23,26
2021-03-31 05:00:00,Jan-Jun,5,-1.277036962166589,1.1693215060676696,-1.319945533154808,0.75,21,22
2021-03-31 06:00:00,Jan-Jun,6,-1.2776193766946458,0.8272725746132167,-1.2895149022414785,0.75,21,22
2021-03-31 07:00:00,Jan-Jun,7,-1.200450169958828,3.8651769752274032,-1.321535971302282,2.25,24,26
2021-03-31 08:00:00,Jan-Jun,8,-1.278390551855002,1.2273577323805105,-2.2492216994729546,0.0,21,21
2021-03-31 09:00:00,Jan-Jun,9,-1.278390551855002,1.2273577323805105,-2.2492216994729546,0.0,21,21
2021-03-31 10:00:00,Jan-Jun,10,-1.257744876445839,2.299474831942024,1.6720604834615784,3.5,23,26
2021-03-31 11:00:00,Jan-Jun,11,-1.2753058512135775,0.9993238785252069,1.5896054894529783,3.0,22,25
2021-03-31 12:00:00,Jan-Jun,12,-1.278390551855002,1.2273577323805105,-2.2492216994729546,0.0,21,21
2021-03-31 13:00:00,Jan-Jun,13,-1.278390551855002,1.2273577323805105,-2.2492216994729546,0.0,21,21
2021-03-31 14:00:00,Jan-Jun,14,-1.2703185004761137,1.8392584657434028,1.329020936328149,2.25,23,25
2021-03-31 15:00:00,Jan-Jun,15,-1.278390551855002,1.2273577323805105,-2.2492216994729546,0.0,21,21
2021-03-31 16:00:00,Jan-Jun,16,-1.278390551855002,1.2273577323805105,-2.2492216994729546,0.0,21,21
2021-03-31 17:00:00,Jan-Jun,17,-1.2550011420345613,2.109019731016024,1.528702848698643,2.75,23,26
2021-03-31 18:00:00,Jan-Jun,18,-1.278390551855002,1.2273577323805105,-2.2492216994729546,0.0,21,21
2021-03-31 19:00:00,Jan-Jun,19,-1.278390551855002,1.2273577323805105,-2.2492216994729546,0.0,21,21
2021-03-31 20:00:00,Jan-Jun,20,-1.2287880384210794,2.881928506423141,0.1590919569233904,2.75,23,26
2021-03-31 21:00:00,Jan-Jun,21,-1.277036962166589,1.1693215060676696,-1.319945533154808,0.75,21,22
2021-03-31 22:00:00,Jan-Jun,22,-1.278390551855002,1.2273577323805105,-2.2492216994729546,0.0,21,21
2021-03-31 23:00:00,Jan-Jun,23,-1.1992686638424987,3.379344895645637,-1.38326859440118,2.0,24,26
2021-04-01 00:00:00,Jan-Jun,0,-1.2716554131043116,1.5595552180012942,2.398873408737785,3.25,23,26
2021-04-01 01:00:00,Jan-Jun,1,-1.278390551855002,1.2273577323805105,-2.2492216994729546,0.0,21,21
2021-04-01 02:00:00,Jan-Jun,2,-1.278390551855002,1.2273577323805105,-2.2492216994729546,0.0,21,21
2021-04-01 03:00:00,Jan-Jun,3,-1.2550011420345613,2.109019731016024,1.528702848698643,2.75,23,26
2021-04-01 04:00:00,Jan-Jun,4,-1.278390551855002,1.2273577323805105,-2.2492216994729546,0.0,21,21
2021-04-01 05:00:00,Jan-Jun,5,-1.278390551855002,1.2273577323805105,-2.2492216994729546,0.0,21,21
2021-04-01 06:00:00,Jan-Jun,6,-1.2294564947351783,2.402240632074983,-0.805981806871813,1.75,23,25
2021-04-01 07:00:00,Jan-Jun,7,-0.3841185791702594,31.05453889788755,24.142898782998273,38.25,59,97
2021-04-01 08:00:00,Jan-Jun,8,1.5201234390871847,9.015775286890792,1.699518844697252,9.25,175,184
2021-04-01 09:00:00,Jan-Jun,9,1.2396227692104906,16.07435755305477,14.866744004041607,11.0,170,181
2021-04-01 10:00:00,Jan-Jun,10,1.1526457234946048,15.025127974642428,2.8798424839898473,15.5,149,164
2021-04-01 11:00:00,Jan-Jun,11,1.3766148319809648,6.301173668194848,4.970928550813312,5.25,174,179
2021-04-01 12:00:00,Jan-Jun,12,0.04219360419735056,19.638817113577446,36.88017092400504,27.75,106,134
2021-04-01 13:00:00,Jan-Jun,13,1.5146764956474486,4.02651286754033,0.013464480046877725,3.25,179,182
2021-04-01 14:00:00,Jan-Jun,14,1.2302794245861544,8.714457077647303,4.405266626284913,2.75,167,170
2021-04-01 15:00:00,Jan-Jun,15,1.1357467400783767,13.608489691936311,6.853849676109178,12.75,154,167
2021-04-01 16:00:00,Jan-Jun,16,0.8992381336422843,13.492706174627452,15.485503012466381,14.75,147,162
2021-04-01 17:00:00,Jan-Jun,17,0.589029867932237,19.5434008479389,17.36498572539074,27.5,119,146
2021-04-01 18:00:00,Jan-Jun,18,0.7471698387786402,2.7994876480590527,3.2502676874985355,6.75,134,141
2021-04-01 19:00:00,Jan-Jun,19,0.43997326311111523,13.79224217126884,12.95616553501415,11.0,122,133
2021-04-01 20:00:00,Jan-Jun,20,0.36066424522771456,5.913364173343604,1.5273016747283776,7.25,110,117
2021-04-01 21:00:00,Jan-Jun,21,0.14802669627098952,4.256766653210448,6.783098186108177,5.75,104,110
2021-04-01 22:00:00,Jan-Jun,22,0.20456636022880445,5.664790676418826,3.524319952025934,5.5,105,110
2021-04-01 23:00:00,Jan-Jun,23,0.14096954048506138,16.63192969158701,11.189851676664276,15.5,99,114
2021-04-02 00:00:00,Jan-Jun,0,-0.5128564542371152,2.531723068617129,2.469764281465075,3.0,65,68
2021-04-02 01:00:00,Jan-Jun,1,0.3593794758360727,6.856490481124643,1.6013519650240795,8.75,108,117
2021-04-02 02:00:00,Jan-Jun,2,0.377721134087758,5.813968451369212,3.544193282012401,3.75,116,120
2021-04-02 03:00:00,Jan-Jun,3,0.17645006209022732,6.852927174395392,8.144859834705898,9.25,104,113
2021-04-02 04:00:00,Jan-Jun,4,0.20439014696337243,5.550106286241879,1.5344763610625023,7.0,101,108
2021-04-02 05:00:00,Jan-Jun,5,-0.09810745347546028,6.6912881293269955,4.865132446225886,9.25,85,94
2021-04-02 06:00:00,Jan-Jun,6,0.302296289445854,1.6923688847606648,-0.10854278285950159,1.5,111,112
2021-04-02 07:00:00,Jan-Jun,7,0.7629555919462551,14.891108108592755,3.340423779165434,16.0,126,142
2021-04-02 08:00:00,Jan-Jun,8,1.2952871308798177,9.19812022919236,11.658415593079923,9.75,171,181
2021-04-02 09:00:00,Jan-Jun,9,1.3979714392722113,8.297882515221552,1.7399971634870326,8.75,168,177
2021-04-02 10:00:00,Jan-Jun,10,1.2804042686148422,14.679964922069482,5.516219552546886,13.5,161,174
2021-04-02 11:00:00,Jan-Jun,11,1.3292763572765198,9.455608003536033,6.699377575848189,5.5,173,178
2021-04-02 12:00:00,Jan-Jun,12,0.0019116759232704905,18.809114022638465,34.17273844020647,25.5,104,129
2021-04-02 13:00:00,Jan-Jun,13,1.2318027607854496,8.545456316388293,4.3174660540502146,4.75,165,170
2021-04-02 14:00:00,Jan-Jun,14,1.1921041758187536,10.034118983482754,16.605574535024886,13.75,166,180
2021-04-02 15:00:00,Jan-Jun,15,1.370404295959733,17.597797272716505,3.3288853936957707,18.0,159,177
2021-04-02 16:00:00,Jan-Jun,16,1.176288971426804,6.112368809618704,1.5171159244201249,3.0,161,164
2021-04-02 17:00:00,Jan-Jun,17,0.7058242301420838,24.321774553754196,17.633305718998372,30.0,123,153
2021-04-02 18:00:00,Jan-Jun,18,1.2789162392469076,5.169087038148777,0.6019851439292552,6.5,163,169
2021-04-02 19:00:00,Jan-Jun,19,1.2878056866972134,15.10818016645982,3.0896238061312715,13.75,158,172
2021-04-02 20:00:00,Jan-Jun,20,0.4415470148413281,7.6088451061435105,8.865459161377174,5.5,124,129
2021-04-02 21:00:00,Jan-Jun,21,0.4960850551999226,8.863200308840625,10.722048564124734,9.5,125,134
2021-04-02 22:00:00,Jan-Jun,22,0.31292869070819923,7.561885039614873,2.2786372004596274,10.5,105,115
2021-04-02 23:00:00,Jan-Jun,23,0.04418075794454146,14.495291992652502,8.767075937600453,11.0,95,106
2021-04-03 00:00:00,Jan-Jun,0,-0.40099121712389824,4.993014739760776,4.103172120013028,5.75,70,76
2021-04-03 01:00:00,Jan-Jun,1,0.32982354622304055,7.398171219945391,2.304867928311012,8.75,107,116
2021-04-03 02:00:00,Jan-Jun,2,0.2237772383646994,10.31033315318194,10.417062017603627,9.5,109,118
2021-04-03 03:00:00,Jan-Jun,3,0.10366677744239937,5.007916082943866,4.339872100649359,5.5,100,105
2021-04-03 04:00:00,Jan-Jun,4,0.1090321938735169,5.127290746273271,6.03062543983512,5.25,102,107
2021-04-03 05:00:00,Jan-Jun,5,-0.08030448598075603,4.96779098317594,1.851911214793148,6.0,86,92
2021-04-03 06:00:00,Jan-Jun,6,0.14230238834641906,4.097752412262966,0.11303028622984357,1.75,101,103
2021-04-03 07:00:00,Jan-Jun,7,-0.45313193033234767,27.70887998859955,28.070659290933378,25.25,72,97
2021-04-03 08:00:00,Jan-Jun,8,-1.2171211180887933,3.530560305199702,-1.4504940499909225,2.0,23,25
2021-04-03 09:00:00,Jan-Jun,9,-1.2936218685105123,0.966720903711067,-1.4533992171349155,0.5,21,21
2021-04-03 10:00:00,Jan-Jun,10,-1.2922682788220992,0.8238147972676234,-1.5241230508167831,0.25,21,21
2021-04-03 11:00:00,Jan-Jun,11,-1.2299894225116448,2.8696373677520386,0.22186318614926392,3.0,23,26
2021-04-03 12:00:00,Jan-Jun,12,-1.2760770263739338,0.656125382975982,0.6298986922215022,2.25,22,24
2021-04-03 13:00:00,Jan-Jun,13,-1.278390551855002,1.2273577323805105,-2.2492216994729546,0.0,21,21
2021-04-03 14:00:00,Jan-Jun,14,-1.2791617270153581,1.6708757252626718,-2.2089284967044307,0.25,21,21
2021-04-03 15:00:00,Jan-Jun,15,-1.2681076938413023,2.3472941463762496,2.2135082945862763,2.75,23,26
2021-04-03 16:00:00,Jan-Jun,16,-1.278390551855002,1.2273577323805105,-2.2492216994729546,0.0,21,21
2021-04-03 17:00:00,Jan-Jun,17,-1.278390551855002,1.2273577323805105,-2.2492216994729546,0.0,21,21
2021-04-03 18:00:00,Jan-Jun,18,-1.2171211180887933,3.530560305199702,-1.4504940499909225,2.0,23,25
2021-04-03 19:00:00,Jan-Jun,19,-1.280601358489813,1.7107345856341185,-2.133709057731096,0.5,21,21
2021-04-03 20:00:00,Jan-Jun,20,-1.280601358489813,1.7107345856341185,-2.133709057731096,0.5,21,21
2021-04-03 21:00:00,Jan-Jun,21,-1.1999371201565974,3.061633450361227,-1.3483423581963834,2.0,24,26
2021-04-03 22:00:00,Jan-Jun,22,-1.2645128248879047,1.7965404667771514,-1.9743203481291118,0.75,21,22
2021-04-03 23:00:00,Jan-Jun,23,-1.278390551855002,1.2273577323805105,-2.2492216994729546,0.0,21,21
2021-04-04 00:00:00,Jan-Jun,0,-1.277036962166589,1.1693215060676696,-1.319945533154808,0.75,21,22
2021-04-04 01:00:00,Jan-Jun,1,-1.2723405464786257,1.8395144356938475,1.4346710062148276,2.5,23,25
2021-04-04 02:00:00,Jan-Jun,2,-1.278390551855002,1.2273577323805105,-2.2492216994729546,0.0,21,21
2021-04-04 03:00:00,Jan-Jun,3,-1.278390551855002,1.2273577323805105,-2.2492216994729546,0.0,21,21
2021-04-04 04:00:00,Jan-Jun,4,-1.2280168632607233,2.5943158053793285,0.11879875415486651,2.5,24,26
2021-04-04 05:00:00,Jan-Jun,5,-1.278390551855002,1.2273577323805105,-2.2492216994729546,0.0,21,21
2021-04-04 06:00:00,Jan-Jun,6,-1.278390551855002,1.2273577323805105,-2.2492216994729546,0.0,21,21
2021-04-04 07:00:00,Jan-Jun,7,-1.214413938711967,3.089998757664763,-1.5919417173546506,1.5,24,25
2021-04-04 08:00:00,Jan-Jun,8,-1.2798301833294572,1.3013056722665328,-2.1740022604995914,0.25,21,21
2021-04-04 09:00:00,Jan-Jun,9,-1.2811837730178701,1.483315785993126,-2.1032784268177522,0.5,21,21
2021-04-04 10:00:00,Jan-Jun,10,-1.2591845079202941,2.472158019217163,1.7472799224349274,3.75,22,26
2021-04-04 11:00:00,Jan-Jun,11,-1.2760770263739338,0.656125382975982,0.6298986922215022,2.25,22,24
2021-04-04 12:00:00,Jan-Jun,12,-1.278390551855002,1.2273577323805105,-2.2492216994729546,0.0,21,21
2021-04-04 13:00:00,Jan-Jun,13,-1.2896471412313149,1.6123174668734768,1.338924887110963,2.75,21,24
2021-04-04 14:00:00,Jan-Jun,14,-1.2716554131043116,1.5595552180012942,2.398873408737785,3.25,23,26
2021-04-04 15:00:00,Jan-Jun,15,-1.280601358489813,1.7107345856341185,-2.133709057731096,0.5,21,21
2021-04-04 16:00:00,Jan-Jun,16,-1.2958326751453233,1.2707408212941096,-2.337886575393071,0.0,20,20
2021-04-04 17:00:00,Jan-Jun,17,-1.216349942928437,3.187501517483337,-1.4907872527594535,1.75,23,25
2021-04-04 18:00:00,Jan-Jun,18,-1.2943930436708684,1.3603916087852936,-1.4131060143664058,0.75,20,21
2021-04-04 19:00:00,Jan-Jun,19,-1.2944790854569104,1.215040426335739,-1.4086104090749245,0.75,20,21
2021-04-04 20:00:00,Jan-Jun,20,-1.2168828707049038,3.7231741736023776,-0.46294225973836944,3.0,23,26
2021-04-04 21:00:00,Jan-Jun,21,-1.2637416497275487,1.4446685124710854,-2.0146135508976215,0.5,22,22
2021-04-04 22:00:00,Jan-Jun,22,-1.278390551855002,1.2273577323805105,-2.2492216994729546,0.0,21,21
2021-04-04 23:00:00,Jan-Jun,23,-1.2729761931013495,1.8857152660463707,1.4678829657996033,3.0,22,25
2021-04-05 00:00:00,Jan-Jun,0,-1.2716554131043116,1.5595552180012942,2.398873408737785,3.25,23,26
2021-04-05 01:00:00,Jan-Jun,1,-1.278390551855002,1.2273577323805105,-2.2492216994729546,0.0,21,21
2021-04-05 02:00:00,Jan-Jun,2,-1.278390551855002,1.2273577323805105,-2.2492216994729546,0.0,21,21
2021-04-05 03:00:00,Jan-Jun,3,-1.2550011420345613,2.109019731016024,1.528702848698643,2.75,23,26
2021-04-05 04:00:00,Jan-Jun,4,-1.278390551855002,1.2273577323805105,-2.2492216994729546,0.0,21,21
2021-04-05 05:00:00,Jan-Jun,5,-1.278390551855002,1.2273577323805105,-2.2492216994729546,0.0,21,21
2021-04-05 06:00:00,Jan-Jun,6,-1.2294564947351783,2.402240632074983,-0.805981806871813,1.75,23,25
2021-04-05 07:00:00,Jan-Jun,7,-0.3841185791702594,31.05453889788755,24.142898782998273,38.25,59,97
2021-04-05 08:00:00,Jan-Jun,8,1.5201234390871847,9.015775286890792,1.699518844697252,9.25,175,184
2021-04-05 09:00:00,Jan-Jun,9,1.2396227692104906,16.07435755305477,14.866744004041607,11.0,170,181
2021-04-05 10:00:00,Jan-Jun,10,1.1526457234946048,15.025127974642428,2.8798424839898473,15.5,149,164
2021-04-05 11:00:00,Jan-Jun,11,1.3766148319809648,6.301173668194848,4.970928550813312,5.25,174,179
2021-04-05 12:00:00,Jan-Jun,12,0.04219360419735056,19.638817113577446,36.88017092400504,27.75,106,134
2021-04-05 13:00:00,Jan-Jun,13,1.5146764956474486,4.02651286754033,0.013464480046877725,3.25,179,182
2021-04-05 14:00:00,Jan-Jun,14,1.2302794245861544,8.714457077647303,4.405266626284913,2.75,167,170
2021-04-05 15:00:00,Jan-Jun,15,1.1357467400783767,13.608489691936311,6.853849676109178,12.75,154,167
2021-04-05 16:00:00,Jan-Jun,16,0.8992381336422843,13.492706174627452,15.485503012466381,14.75,147,162
2021-04-05 17:00:00,Jan-Jun,17,0.589029867932237,19.5434008479389,17.36498572539074,27.5,119,146
2021-04-05 18:00:00,Jan-Jun,18,0.7471698387786402,2.7994876480590527,3.2502676874985355,6.75,134,141
2021-04-05 19:00:00,Jan-Jun,19,0.43997326311111523,13.79224217126884,12.95616553501415,11.0,122,133
2021-04-05 20:00:00,Jan-Jun,20,0.36066424522771456,5.913364173343604,1.5273016747283776,7.25,110,117
2021-04-05 21:00:00,Jan-Jun,21,0.14802669627098952,4.256766653210448,6.783098186108177,5.75,104,110
2021-04-05 22:00:00,Jan-Jun,22,0.20456636022880445,5.664790676418826,3.524319952025934,5.5,105,110
2021-04-05 23:00:00,Jan-Jun,23,0.14096954048506138,16.63192969158701,11.189851676664276,15.5,99,114
2021-04-06 00:00:00,Jan-Jun,0,-0.5128564542371152,2.531723068617129,2.469764281465075,3.0,65,68
2021-04-06 01:00:00,Jan-Jun,1,0.3593794758360727,6.856490481124643,1.6013519650240795,8.75,108,117
2021-04-06 02:00:00,Jan-Jun,2,0.377721134087758,5.813968451369212,3.544193282012401,3.75,116,120
2021-04-06 03:00:00,Jan-Jun,3,0.17645006209022732,6.852927174395392,8.144859834705898,9.25,104,113
2021-04-06 04:00:00,Jan-Jun,4,0.20439014696337243,5.550106286241879,1.5344763610625023,7.0,101,108
2021-04-06 05:00:00,Jan-Jun,5,-0.09810745347546028,6.6912881293269955,4.865132446225886,9.25,85,94
2021-04-06 06:00:00,Jan-Jun,6,0.302296289445854,1.6923688847606648,-0.10854278285950159,1.5,111,112
2021-04-06 07:00:00,Jan-Jun,7,0.7629555919462551,14.891108108592755,3.340423779165434,16.0,126,142
2021-04-06 08:00:00,Jan-Jun,8,1.2952871308798177,9.19812022919236,11.658415593079923,9.75,171,181
2021-04-06 09:00:00,Jan-Jun,9,1.3979714392722113,8.297882515221552,1.7399971634870326,8.75,168,177
2021-04-06 10:00:00,Jan-Jun,10,1.2804042686148422,14.679964922069482,5.516219552546886,13.5,161,174
2021-04-06 11:00:00,Jan-Jun,11,1.3292763572765198,9.455608003536033,6.699377575848189,5.5,173,178
2021-04-06 12:00:00,Jan-Jun,12,0.0019116759232704905,18.809114022638465,34.17273844020647,25.5,104,129
2021-04-06 13:00:00,Jan-Jun,13,1.2318027607854496,8.545456316388293,4.3174660540502146,4.75,165,170
2021-04-06 14:00:00,Jan-Jun,14,1.1921041758187536,10.034118983482754,16.605574535024886,13.75,166,180
2021-04-06 15:00:00,Jan-Jun,15,1.370404295959733,17.597797272716505,3.3288853936957707,18.0,159,177
2021-04-06 16:00:00,Jan-Jun,16,1.176288971426804,6.112368809618704,1.5171159244201249,3.0,161,164
2021-04-06 17:00:00,Jan-Jun,17,0.7058242301420838,24.321774553754196,17.633305718998372,30.0,123,153
2021-04-06 18:00:00,Jan-Jun,18,1.2789162392469076,5.169087038148777,0.6019851439292552,6.5,163,169
2021-04-06 19:00:00,Jan-Jun,19,1.2878056866972134,15.10818016645982,3.0896238061312715,13.75,158,172
2021-04-06 20:00:00,Jan-Jun,20,0.4415470148413281,7.6088451061435105,8.865459161377174,5.5,124,129
2021-04-06 21:00:00,Jan-Jun,21,0.4960850551999226,8.863200308840625,10.722048564124734,9.5,125,134
2021-04-06 22:00:00,Jan-Jun,22,0.31292869070819923,7.561885039614873,2.2786372004596274,10.5,105,115
2021-04-06 23:00:00,Jan-Jun,23,0.04418075794454146,14.495291992652502,8.767075937600453,11.0,95,106
2021-04-07 00:00:00,Jan-Jun,0,-1.278390551855002,1.2273577323805105,-2.2492216994729546,0.0,21,21
2021-04-07 01:00:00,Jan-Jun,1,-1.278390551855002,1.2273577323805105,-2.2492216994729546,0.0,21,21
2021-04-07 02:00:00,Jan-Jun,2,-1.2438671494787419,2.5128657607040137,0.9469618348054212,3.25,23,26
2021-04-07 03:00:00,Jan-Jun,3,-1.2760770263739338,0.656125382975982,0.6298986922215022,2.25,22,24
2021-04-07 04:00:00,Jan-Jun,4,-1.278390551855002,1.2273577323805105,-2.2492216994729546,0.0,21,21
2021-04-07 05:00:00,Jan-Jun,5,-1.2729761931013495,1.8857152660463707,1.4678829657996033,3.0,22,25
2021-04-07 06:00:00,Jan-Jun,6,-1.2716554131043116,1.5595552180012942,2.398873408737785,3.25,23,26
2021-04-07 07:00:00,Jan-Jun,7,-0.513936107885771,28.590743786891483,29.5312106667229,39.5,56,95
2021-04-07 08:00:00,Jan-Jun,8,1.6598149680688052,10.196115301785285,8.64811417998925,14.0,185,199
2021-04-07 09:00:00,Jan-Jun,9,1.6015818370505412,6.300839293988451,0.004498823632843596,0.75,186,187
2021-04-07 10:00:00,Jan-Jun,10,1.2434010201659447,9.528581160963565,10.648976845295863,12.5,165,177
2021-04-07 11:00:00,Jan-Jun,11,1.4437236148795765,4.050320882321227,1.1029777050333394,7.75,171,179
2021-04-07 12:00:00,Jan-Jun,12,-0.07616423451053578,19.778554714248543,32.616276863702765,22.0,101,123
2021-04-07 13:00:00,Jan-Jun,13,1.2107657685417306,11.348962285283854,8.529975779710043,6.75,166,173
2021-04-07 14:00:00,Jan-Jun,14,1.2016115039734574,5.2700234909308135,3.057600389335903,6.75,160,167
2021-04-07 15:00:00,Jan-Jun,15,1.1733159510004076,13.949662047058823,10.688471988054516,18.5,155,173
2021-04-07 16:00:00,Jan-Jun,16,1.1832756087022867,1.7371141836641344,0.11442691127427906,4.25,159,163
2021-04-07 17:00:00,Jan-Jun,17,0.7550492223114084,24.36888010232692,16.79612343270196,30.25,125,155
2021-04-07 18:00:00,Jan-Jun,18,0.5033314511206971,13.75068331617439,16.304387834485766,14.75,125,140
2021-04-07 19:00:00,Jan-Jun,19,0.26935381006219583,10.836983776493911,13.790163846742445,8.75,115,124
2021-04-07 20:00:00,Jan-Jun,20,0.7160335306020617,6.6245781214753885,2.0448719754054707,10.25,128,138
2021-04-07 21:00:00,Jan-Jun,21,0.3839789142178505,9.890830333359562,11.183513429071752,7.5,121,128
2021-04-07 22:00:00,Jan-Jun,22,0.37240840532225183,4.5040416310315665,3.8504031823317746,6.5,114,120
2021-04-07 23:00:00,Jan-Jun,23,0.21979994901900848,16.140524895189856,10.646301157759382,17.0,101,118
2021-04-08 00:00:00,Jan-Jun,0,-0.5315965980599813,5.924838994983911,7.536323078872272,5.5,67,72
2021-04-08 01:00:00,Jan-Jun,1,0.2352815809227279,5.768057292335033,3.753985895440934,8.5,104,112
2021-04-08 02:00:00,Jan-Jun,2,0.1292125135998933,5.03734542873542,3.8674917726417135,4.5,102,106
2021-04-08 03:00:00,Jan-Jun,3,0.29050475465563663,6.6239455920106876,1.571086246231559,8.25,105,113
2021-04-08 04:00:00,Jan-Jun,4,0.11709582578692534,1.9047282318232037,0.565861655836116,3.75,98,102
2021-04-08 05:00:00,Jan-Jun,5,-0.012631148890885518,13.077382307644214,15.00041499868432,19.75,89,109
2021-04-08 06:00:00,Jan-Jun,6,0.19226862747498183,9.491240243065256,9.233124727671907,8.0,107,115
2021-04-08 07:00:00,Jan-Jun,7,0.6230943164537525,13.96705694802465,3.4016121283924576,16.0,118,134
2021-04-08 08:00:00,Jan-Jun,8,1.463921859869259,7.0081583484176395,1.9388108789243574,9.5,172,181
2021-04-08 09:00:00,Jan-Jun,9,1.2319961955401524,11.44112770397838,8.306317049542344,4.0,170,174
2021-04-08 10:00:00,Jan-Jun,10,1.2314702114950185,14.663254402442936,8.336633207046134,15.75,158,174
2021-04-08 11:00:00,Jan-Jun,11,1.2486929421778874,6.786219663596432,0.34396618442872295,3.5,164,167
2021-04-08 12:00:00,Jan-Jun,12,0.06443198053163515,16.63514198110953,31.601249216134732,24.5,106,130
2021-04-08 13:00:00,Jan-Jun,13,1.3277986975592309,9.300912498258194,2.784545491378651,6.75,167,174
2021-04-08 14:00:00,Jan-Jun,14,1.0888340251870292,2.1922122952965775,0.5577591705782936,5.0,153,158
2021-04-08 15:00:00,Jan-Jun,15,0.8267679965536308,13.499154428989197,3.66246638355517,13.25,133,146
2021-04-08 16:00:00,Jan-Jun,16,0.8007578360184421,10.067837844299413,12.161614752747795,8.25,145,153
2021-04-08 17:00:00,Jan-Jun,17,0.7013738719479267,16.857117683211523,4.889811141949053,20.25,120,140
2021-04-08 18:00:00,Jan-Jun,18,0.2016044814131651,5.59076551175464,4.69503384632138,2.75,108,111
2021-04-08 19:00:00,Jan-Jun,19,0.05593519327125199,7.695392473392472,8.090978787297786,6.5,100,106
2021-04-08 20:00:00,Jan-Jun,20,0.2411243559744435,4.754650077021969,1.4172257021123187,6.75,103,110
2021-04-08 21:00:00,Jan-Jun,21,0.13125123666262062,5.179742375536025,4.749985832969088,5.0,102,107
2021-04-08 22:00:00,Jan-Jun,22,0.1192589383022925,4.791731314592785,5.441186277712021,6.75,100,107
2021-04-08 23:00:00,Jan-Jun,23,-0.15820082215632575,16.730114667369993,15.285229519024597,16.0,85,101
2021-04-09 00:00:00,Jan-Jun,0,-1.2588236637159111,0.657044273138654,-1.2715738600032154,0.5,23,23
2021-04-09 01:00:00,Jan-Jun,1,-1.2442774804347152,1.5825471856996707,-2.0315987448641835,0.25,23,23
2021-04-09 02:00:00,Jan-Jun,2,-1.184020670126773,3.433444338493609,-1.1799624380114366,2.25,25,27
2021-04-09 03:00:00,Jan-Jun,3,-1.2462995264372272,1.40651805360042,-1.925948674977505,0.5,23,23
2021-04-09 04:00:00,Jan-Jun,4,-1.244945936748814,1.212515288144053,-1.9966725086593726,0.25,23,23
2021-04-09 05:00:00,Jan-Jun,5,-1.2402167113694758,1.8811765531011093,0.7562297540902279,2.5,24,26
2021-04-09 06:00:00,Jan-Jun,6,-1.2403355628468928,1.4252174000760682,1.7624396360017442,3.0,24,27
2021-04-09 07:00:00,Jan-Jun,7,-0.5240600685417816,40.5270595951483,66.107396175454,67.5,64,131
2021-04-09 08:00:00,Jan-Jun,8,1.5126533607868258,5.099505279878726,2.1300719620674613,7.5,177,184
2021-04-09 09:00:00,Jan-Jun,9,1.0830677861235292,10.75885198695067,6.890108056957757,6.0,158,164
2021-04-09 10:00:00,Jan-Jun,10,1.1868055620469695,13.436502757895756,5.910970889046041,12.0,157,169
2021-04-09 11:00:00,Jan-Jun,11,1.3088285639472108,11.694099235938785,2.877927626769633,9.25,164,173
2021-04-09 12:00:00,Jan-Jun,12,0.07397468044420731,16.05349628323519,27.051236347422403,20.25,106,126
2021-04-09 13:00:00,Jan-Jun,13,1.1102204031263747,4.007921126682824,0.32511189155314923,1.5,158,159
2021-04-09 14:00:00,Jan-Jun,14,1.158222660022515,4.665680662321059,1.5584044332866824,8.75,154,163
2021-04-09 15:00:00,Jan-Jun,15,0.9508359632658577,7.67431677570572,1.5115574257249875,9.75,141,151
2021-04-09 16:00:00,Jan-Jun,16,1.0496332212442232,1.6580452565832746,1.8171770323939427,4.5,153,157
2021-04-09 17:00:00,Jan-Jun,17,0.9079128575560123,24.84006321138068,5.98551770130814,25.25,128,153
2021-04-09 18:00:00,Jan-Jun,18,1.1201090628152608,5.662799940617076,5.755158929285244,6.0,159,165
2021-04-09 19:00:00,Jan-Jun,19,0.8848786933559493,17.096322530374497,9.313138484329556,13.5,142,155
2021-04-09 20:00:00,Jan-Jun,20,0.18875839202575154,9.023257897630254,8.43544426899409,3.5,111,114
2021-04-09 21:00:00,Jan-Jun,21,0.44652969145638843,4.531394870747425,0.5782724863246926,1.25,120,121
2021-04-09 22:00:00,Jan-Jun,22,0.39741958041611297,9.770070691166165,4.408833365689304,9.75,112,122
2021-04-09 23:00:00,Jan-Jun,23,0.14830056991000323,11.571301096977221,6.767312923316865,9.25,101,110
2021-04-10 00:00:00,Jan-Jun,0,-0.5565145626311759,1.7558518022944227,-0.045519484445691205,2.25,61,63
2021-04-10 01:00:00,Jan-Jun,1,0.22268807891821726,6.3924690355735505,7.479837931876645,11.25,104,115
2021-04-10 02:00:00,Jan-Jun,2,0.03942112486153784,10.411915434421948,13.037961187206363,6.75,103,110
2021-04-10 03:00:00,Jan-Jun,3,0.22022554875332243,6.790391744959487,3.6217708536591005,8.25,103,111
2021-04-10 04:00:00,Jan-Jun,4,0.2012283684304415,9.307802394129599,7.71671188110011,7.75,106,114
2021-04-10 05:00:00,Jan-Jun,5,-0.010283949865622921,10.519628197042575,4.866828736309714,12.0,87,99
2021-04-10 06:00:00,Jan-Jun,6,0.13607024917107724,11.223642890562347,11.472232270725684,10.5,104,114
2021-04-10 07:00:00,Jan-Jun,7,-0.724526032285977,24.68319344228078,34.516526181767034,25.5,63,88
2021-04-10 08:00:00,Jan-Jun,8,-1.1858012678313747,4.03053056169448,-1.086927822726956,2.75,24,27
2021-04-10 09:00:00,Jan-Jun,9,-1.2601772534043243,0.7888446184743286,-1.200850026321362,0.75,22,23
2021-04-10 10:00:00,Jan-Jun,10,-1.2609484285646806,1.1842365919843418,-2.160556823552824,0.0,22,22
2021-04-10 11:00:00,Jan-Jun,11,-1.1818265405521773,3.3330916229022396,-1.2946037184810635,2.0,25,27
2021-04-10 12:00:00,Jan-Jun,12,-1.2456310701231283,1.7402000930946628,-1.96087491118233,0.5,23,23
2021-04-10 13:00:00,Jan-Jun,13,-1.2609484285646806,1.1842365919843418,-2.160556823552824,0.0,22,22
2021-04-10 14:00:00,Jan-Jun,14,-1.241656342843931,1.963096255483158,0.8314491930635768,2.75,23,26
2021-04-10 15:00:00,Jan-Jun,15,-1.255652921288445,1.4594888398573667,2.562757723631236,3.5,24,27
2021-04-10 16:00:00,Jan-Jun,16,-1.2457171119091703,1.618529103889748,-1.9563793058908345,0.5,23,23
2021-04-10 17:00:00,Jan-Jun,17,-1.2601772534043243,0.7888446184743286,-1.200850026321362,0.75,22,23
2021-04-10 18:00:00,Jan-Jun,18,-1.251436745711337,2.296375082142336,2.3424663732749167,3.0,24,27
2021-04-10 19:00:00,Jan-Jun,19,-1.2609484285646806,1.1842365919843418,-2.160556823552824,0.0,22,22
2021-04-10 20:00:00,Jan-Jun,20,-1.2609484285646806,1.1842365919843418,-2.160556823552824,0.0,22,22
2021-04-10 21:00:00,Jan-Jun,21,-1.2208880706142746,2.2116338101530073,1.7463258033074212,3.0,25,28
2021-04-10 22:00:00,Jan-Jun,22,-1.2573840322414562,0.7539323245278486,-1.3467932989765359,0.25,23,23
2021-04-10 23:00:00,Jan-Jun,23,-1.2457171119091703,1.618529103889748,-1.9563793058908345,0.5,23,23
2021-04-11 00:00:00,Jan-Jun,0,-1.2958326751453233,1.2707408212941096,-2.337886575393071,0.0,20,20
2021-04-11 01:00:00,Jan-Jun,1,-1.2716720901645269,2.0916787475229017,1.3997447700100025,2.5,23,25
2021-04-11 02:00:00,Jan-Jun,2,-1.2958326751453233,1.2707408212941096,-2.337886575393071,0.0,20,20
2021-04-11 03:00:00,Jan-Jun,3,-1.2958326751453233,1.2707408212941096,-2.337886575393071,0.0,20,20
2021-04-11 04:00:00,Jan-Jun,4,-1.2335538188348691,3.3684994723955994,-0.5919003384270098,2.75,22,25
2021-04-11 05:00:00,Jan-Jun,5,-1.2958326751453233,1.2707408212941096,-2.337886575393071,0.0,20,20
2021-04-11 06:00:00,Jan-Jun,6,-1.2958326751453233,1.2707408212941096,-2.337886575393071,0.0,20,20
2021-04-11 07:00:00,Jan-Jun,7,-1.293982712714895,2.080025299325717,0.5654545653031988,2.75,20,23
2021-04-11 08:00:00,Jan-Jun,8,-1.294187605978354,1.1597753346706625,1.5761600525061823,3.25,21,24
2021-04-11 09:00:00,Jan-Jun,9,-1.2958326751453233,1.2707408212941096,-2.337886575393071,0.0,20,20
2021-04-11 10:00:00,Jan-Jun,10,-1.291771906080084,1.5818821735928175,0.44994192356135443,2.25,21,23
2021-04-11 11:00:00,Jan-Jun,11,-1.292747974503899,0.9692662062336804,1.5009406135328476,3.0,21,24
2021-04-11 12:00:00,Jan-Jun,12,-1.2958326751453233,1.2707408212941096,-2.337886575393071,0.0,20,20
2021-04-11 13:00:00,Jan-Jun,13,-1.2958326751453233,1.2707408212941096,-2.337886575393071,0.0,20,20
2021-04-11 14:00:00,Jan-Jun,14,-1.2862182734457228,2.103489903224501,2.1597696548709706,2.75,22,25
2021-04-11 15:00:00,Jan-Jun,15,-1.2958326751453233,1.2707408212941096,-2.337886575393071,0.0,20,20
2021-04-11 16:00:00,Jan-Jun,16,-1.2958326751453233,1.2707408212941096,-2.337886575393071,0.0,20,20
2021-04-11 17:00:00,Jan-Jun,17,-1.2184747077772065,3.817683974062838,-1.379770216309062,2.25,23,25
2021-04-11 18:00:00,Jan-Jun,18,-1.3125036232752887,0.9064996837385694,-1.4668446540817115,0.75,19,20
2021-04-11 19:00:00,Jan-Jun,19,-1.2980434817801345,1.7568943636434748,-2.2223739336512125,0.5,20,20
2021-04-11 20:00:00,Jan-Jun,20,-1.2912755333380688,2.706406009169396,2.4240068979394778,4.25,21,25
2021-04-11 21:00:00,Jan-Jun,21,-1.278870247536802,1.197265146084605,0.7758419648767045,2.75,21,24
2021-04-11 22:00:00,Jan-Jun,22,-1.2958326751453233,1.2707408212941096,-2.337886575393071,0.0,20,20
2021-04-11 23:00:00,Jan-Jun,23,-1.2931254957684972,1.3312323475033623,-0.47933424275679215,1.5,21,22
2021-04-12 00:00:00,Jan-Jun,0,-0.6102221133304695,7.254948436341502,11.011141191532175,7.5,64,71
2021-04-12 01:00:00,Jan-Jun,1,0.031102726057043787,3.8870128634471994,0.5113866587040405,4.25,93,97
2021-04-12 02:00:00,Jan-Jun,2,0.018886745317131252,0.9308676423082476,0.20663541721212653,2.5,94,96
2021-04-12 03:00:00,Jan-Jun,3,-0.07766167778358898,6.797325728343636,5.701500931969747,8.25,88,96
2021-04-12 04:00:00,Jan-Jun,4,-0.18090650688432672,5.929307591560202,6.577479355883099,6.5,85,91
2021-04-12 05:00:00,Jan-Jun,5,-0.14038236340375368,16.52463117211222,18.27112663281278,24.5,81,105
2021-04-12 06:00:00,Jan-Jun,6,-0.0043605091323434785,6.558204316762332,7.529707640297062,7.0,95,102
2021-04-12 07:00:00,Jan-Jun,7,0.6073605446519488,19.22141615102694,4.3084599852525685,19.5,115,134
2021-04-12 08:00:00,Jan-Jun,8,1.2862024560426626,7.02510492312959,10.182029257376257,9.5,170,179
2021-04-12 09:00:00,Jan-Jun,9,1.3504848886632672,3.280783955626525,2.476980843678888,4.5,171,175
2021-04-12 10:00:00,Jan-Jun,10,1.3082767813943073,12.785605501083381,1.9097307336060965,12.75,159,172
2021-04-12 11:00:00,Jan-Jun,11,1.2572965130513678,5.369077742195185,4.8480819230931615,5.0,167,172
2021-04-12 12:00:00,Jan-Jun,12,-0.1223583025621581,23.06563132045135,42.245322304024754,31.25,99,130
2021-04-12 13:00:00,Jan-Jun,13,1.437047471204067,9.64931369031668,4.487770789647129,5.5,177,182
2021-04-12 14:00:00,Jan-Jun,14,1.296427407839292,2.44370479857829,3.5926934172436518,6.25,167,173
2021-04-12 15:00:00,Jan-Jun,15,1.417212179948913,19.32656341105228,2.6310180409432746,16.75,162,179
2021-04-12 16:00:00,Jan-Jun,16,0.9209177836923326,14.006887636456328,15.235952400380484,9.5,154,163
2021-04-12 17:00:00,Jan-Jun,17,0.7195445329598744,25.42528305707465,5.84250823175131,24.25,118,142
2021-04-12 18:00:00,Jan-Jun,18,0.8742054472870208,5.962947196587857,1.928312674299633,1.5,146,147
2021-04-12 19:00:00,Jan-Jun,19,0.8870751599917469,15.792363137969309,8.186540673809048,10.0,144,154
2021-04-12 20:00:00,Jan-Jun,20,0.41560061360447065,2.815089230873828,0.36093263406215215,4.0,115,119
2021-04-12 21:00:00,Jan-Jun,21,0.33474815906801153,3.7581710994947497,0.0210278764414511,1.75,112,114
2021-04-12 22:00:00,Jan-Jun,22,0.1899956248509685,6.044208696067246,1.3641338451415947,7.25,100,107
2021-04-12 23:00:00,Jan-Jun,23,-0.03927436449034041,13.799941997402877,11.516761738464524,10.75,93,104
2021-04-13 00:00:00,Jan-Jun,0,-0.6102221133304695,7.254948436341502,11.011141191532175,7.5,64,71
2021-04-13 01:00:00,Jan-Jun,1,0.031102726057043787,3.8870128634471994,0.5113866587040405,4.25,93,97
2021-04-13 02:00:00,Jan-Jun,2,0.018886745317131252,0.9308676423082476,0.20663541721212653,2.5,94,96
2021-04-13 03:00:00,Jan-Jun,3,-0.07766167778358898,6.797325728343636,5.701500931969747,8.25,88,96
2021-04-13 04:00:00,Jan-Jun,4,-0.18090650688432672,5.929307591560202,6.577479355883099,6.5,85,91
2021-04-13 05:00:00,Jan-Jun,5,-0.14038236340375368,16.52463117211222,18.27112663281278,24.5,81,105
2021-04-13 06:00:00,Jan-Jun,6,-0.0043605091323434785,6.558204316762332,7.529707640297062,7.0,95,102
2021-04-13 07:00:00,Jan-Jun,7,0.6073605446519488,19.22141615102694,4.3084599852525685,19.5,115,134
2021-04-13 08:00:00,Jan-Jun,8,1.2862024560426626,7.02510492312959,10.182029257376257,9.5,170,179
2021-04-13 09:00:00,Jan-Jun,9,1.3504848886632672,3.280783955626525,2.476980843678888,4.5,171,175
2021-04-13 10:00:00,Jan-Jun,10,1.3082767813943073,12.785605501083381,1.9097307336060965,12.75,159,172
2021-04-13 11:00:00,Jan-Jun,11,1.2572965130513678,5.369077742195185,4.8480819230931615,5.0,167,172
2021-04-13 12:00:00,Jan-Jun,12,-0.1223583025621581,23.06563132045135,42.245322304024754,31.25,99,130
2021-04-13 13:00:00,Jan-Jun,13,1.437047471204067,9.64931369031668,4.487770789647129,5.5,177,182
2021-04-13 14:00:00,Jan-Jun,14,1.296427407839292,2.44370479857829,3.5926934172436518,6.25,167,173
2021-04-13 15:00:00,Jan-Jun,15,1.417212179948913,19.32656341105228,2.6310180409432746,16.75,162,179
2021-04-13 16:00:00,Jan-Jun,16,0.9209177836923326,14.006887636456328,15.235952400380484,9.5,154,163
2021-04-13 17:00:00,Jan-Jun,17,0.7195445329598744,25.42528305707465,5.84250823175131,24.25,118,142
2021-04-13 18:00:00,Jan-Jun,18,0.8742054472870208,5.962947196587857,1.928312674299633,1.5,146,147
2021-04-13 19:00:00,Jan-Jun,19,0.8870751599917469,15.792363137969309,8.186540673809048,10.0,144,154
2021-04-13 20:00:00,Jan-Jun,20,0.41560061360447065,2.815089230873828,0.36093263406215215,4.0,115,119
2021-04-13 21:00:00,Jan-Jun,21,0.33474815906801153,3.7581710994947497,0.0210278764414511,1.75,112,114
2021-04-13 22:00:00,Jan-Jun,22,0.1899956248509685,6.044208696067246,1.3641338451415947,7.25,100,107
2021-04-13 23:00:00,Jan-Jun,23,-0.03927436449034041,13.799941997402877,11.516761738464524,10.75,93,104
2021-04-14 00:00:00,Jan-Jun,0,-0.6102221133304695,7.254948436341502,11.011141191532175,7.5,64,71
2021-04-14 01:00:00,Jan-Jun,1,0.031102726057043787,3.8870128634471994,0.5113866587040405,4.25,93,97
2021-04-14 02:00:00,Jan-Jun,2,0.018886745317131252,0.9308676423082476,0.20663541721212653,2.5,94,96
2021-04-14 03:00:00,Jan-Jun,3,-0.07766167778358898,6.797325728343636,5.701500931969747,8.25,88,96
2021-04-14 04:00:00,Jan-Jun,4,-0.18090650688432672,5.929307591560202,6.577479355883099,6.5,85,91
2021-04-14 05:00:00,Jan-Jun,5,-0.14038236340375368,16.52463117211222,18.27112663281278,24.5,81,105
2021-04-14 06:00:00,Jan-Jun,6,-0.0043605091323434785,6.558204316762332,7.529707640297062,7.0,95,102
2021-04-14 07:00:00,Jan-Jun,7,0.6073605446519488,19.22141615102694,4.3084599852525685,19.5,115,134
2021-04-14 08:00:00,Jan-Jun,8,1.2862024560426626,7.02510492312959,10.182029257376257,9.5,170,179
2021-04-14 09:00:00,Jan-Jun,9,1.3504848886632672,3.280783955626525,2.476980843678888,4.5,171,175
2021-04-14 10:00:00,Jan-Jun,10,1.3082767813943073,12.785605501083381,1.9097307336060965,12.75,159,172
2021-04-14 11:00:00,Jan-Jun,11,1.2572965130513678,5.369077742195185,4.8480819230931615,5.0,167,172
2021-04-14 12:00:00,Jan-Jun,12,-0.1223583025621581,23.06563132045135,42.245322304024754,31.25,99,130
2021-04-14 13:00:00,Jan-Jun,13,1.437047471204067,9.64931369031668,4.487770789647129,5.5,177,182
2021-04-14 14:00:00,Jan-Jun,14,1.296427407839292,2.44370479857829,3.5926934172436518,6.25,167,173
2021-04-14 15:00:00,Jan-Jun,15,1.417212179948913,19.32656341105228,2.6310180409432746,16.75,162,179
2021-04-14 16:00:00,Jan-Jun,16,0.9209177836923326,14.006887636456328,15.235952400380484,9.5,154,163
2021-04-14 17:00:00,Jan-Jun,17,0.7195445329598744,25.42528305707465,5.84250823175131,24.25,118,142
2021-04-14 18:00:00,Jan-Jun,18,0.8742054472870208,5.962947196587857,1.928312674299633,1.5,146,147
2021-04-14 19:00:00,Jan-Jun,19,0.8870751599917469,15.792363137969309,8.186540673809048,10.0,144,154
2021-04-14 20:00:00,Jan-Jun,20,0.41560061360447065,2.815089230873828,0.36093263406215215,4.0,115,119
2021-04-14 21:00:00,Jan-Jun,21,0.33474815906801153,3.7581710994947497,0.0210278764414511,1.75,112,114
2021-04-14 22:00:00,Jan-Jun,22,0.1899956248509685,6.044208696067246,1.3641338451415947,7.25,100,107
2021-04-14 23:00:00,Jan-Jun,23,-0.03927436449034041,13.799941997402877,11.516761738464524,10.75,93,104
2021-04-15 00:00:00,Jan-Jun,0,-0.6102221133304695,7.254948436341502,11.011141191532175,7.5,64,71
2021-04-15 01:00:00,Jan-Jun,1,0.031102726057043787,3.8870128634471994,0.5113866587040405,4.25,93,97
2021-04-15 02:00:00,Jan-Jun,2,0.018886745317131252,0.9308676423082476,0.20663541721212653,2.5,94,96
2021-04-15 03:00:00,Jan-Jun,3,-0.07766167778358898,6.797325728343636,5.701500931969747,8.25,88,96
2021-04-15 04:00:00,Jan-Jun,4,-0.18090650688432672,5.929307591560202,6.577479355883099,6.5,85,91
2021-04-15 05:00:00,Jan-Jun,5,-0.14038236340375368,16.52463117211222,18.27112663281278,24.5,81,105
2021-04-15 06:00:00,Jan-Jun,6,-0.0043605091323434785,6.558204316762332,7.529707640297062,7.0,95,102
2021-04-15 07:00:00,Jan-Jun,7,0.6073605446519488,19.22141615102694,4.3084599852525685,19.5,115,134
2021-04-15 08:00:00,Jan-Jun,8,1.2862024560426626,7.02510492312959,10.182029257376257,9.5,170,179
2021-04-15 09:00:00,Jan-Jun,9,1.3504848886632672,3.280783955626525,2.476980843678888,4.5,171,175
2021-04-15 10:00:00,Jan-Jun,10,1.3082767813943073,12.785605501083381,1.9097307336060965,12.75,159,172
2021-04-15 11:00:00,Jan-Jun,11,1.2572965130513678,5.369077742195185,4.8480819230931615,5.0,167,172
2021-04-15 12:00:00,Jan-Jun,12,-0.1223583025621581,23.06563132045135,42.245322304024754,31.25,99,130
2021-04-15 13:00:00,Jan-Jun,13,1.437047471204067,9.64931369031668,4.487770789647129,5.5,177,182
2021-04-15 14:00:00,Jan-Jun,14,1.296427407839292,2.44370479857829,3.5926934172436518,6.25,167,173
2021-04-15 15:00:00,Jan-Jun,15,1.417212179948913,19.32656341105228,2.6310180409432746,16.75,162,179
2021-04-15 16:00:00,Jan-Jun,16,0.9209177836923326,14.006887636456328,15.235952400380484,9.5,154,163
2021-04-15 17:00:00,Jan-Jun,17,0.7195445329598744,25.42528305707465,5.84250823175131,24.25,118,142
2021-04-15 18:00:00,Jan-Jun,18,0.8742054472870208,5.962947196587857,1.928312674299633,1.5,146,147
2021-04-15 19:00:00,Jan-Jun,19,0.8870751599917469,15.792363137969309,8.186540673809048,10.0,144,154
2021-04-15 20:00:00,Jan-Jun,20,0.41560061360447065,2.815089230873828,0.36093263406215215,4.0,115,119
2021-04-15 21:00:00,Jan-Jun,21,0.33474815906801153,3.7581710994947497,0.0210278764414511,1.75,112,114
2021-04-15 22:00:00,Jan-Jun,22,0.1899956248509685,6.044208696067246,1.3641338451415947,7.25,100,107
2021-04-15 23:00:00,Jan-Jun,23,-0.03927436449034041,13.799941997402877,11.516761738464524,10.75,93,104
2021-04-16 00:00:00,Jan-Jun,0,-0.6102221133304695,7.254948436341502,11.011141191532175,7.5,64,71
2021-04-16 01:00:00,Jan-Jun,1,0.031102726057043787,3.8870128634471994,0.5113866587040405,4.25,93,97
2021-04-16 02:00:00,Jan-Jun,2,0.018886745317131252,0.9308676423082476,0.20663541721212653,2.5,94,96
2021-04-16 03:00:00,Jan-Jun,3,-0.07766167778358898,6.797325728343636,5.701500931969747,8.25,88,96
2021-04-16 04:00:00,Jan-Jun,4,-0.18090650688432672,5.929307591560202,6.577479355883099,6.5,85,91
2021-04-16 05:00:00,Jan-Jun,5,-0.14038236340375368,16.52463117211222,18.27112663281278,24.5,81,105
2021-04-16 06:00:00,Jan-Jun,6,-0.0043605091323434785,6.558204316762332,7.529707640297062,7.0,95,102
2021-04-16 07:00:00,Jan-Jun,7,0.6073605446519488,19.22141615102694,4.3084599852525685,19.5,115,134
2021-04-16 08:00:00,Jan-Jun,8,1.2862024560426626,7.02510492312959,10.182029257376257,9.5,170,179
2021-04-16 09:00:00,Jan-Jun,9,1.3504848886632672,3.280783955626525,2.476980843678888,4.5,171,175
2021-04-16 10:00:00,Jan-Jun,10,1.3082767813943073,12.785605501083381,1.9097307336060965,12.75,159,172
2021-04-16 11:00:00,Jan-Jun,11,1.2572965130513678,5.369077742195185,4.8480819230931615,5.0,167,172
2021-04-16 12:00:00,Jan-Jun,12,-0.1223583025621581,23.06563132045135,42.245322304024754,31.25,99,130
2021-04-16 13:00:00,Jan-Jun,13,1.437047471204067,9.64931369031668,4.487770789647129,5.5,177,182
2021-04-16 14:00:00,Jan-Jun,14,1.296427407839292,2.44370479857829,3.5926934172436518,6.25,167,173
2021-04-16 15:00:00,Jan-Jun,15,1.417212179948913,19.32656341105228,2.6310180409432746,16.75,162,179
2021-04-16 16:00:00,Jan-Jun,16,0.9209177836923326,14.006887636456328,15.235952400380484,9.5,154,163
2021-04-16 17:00:00,Jan-Jun,17,0.7195445329598744,25.42528305707465,5.84250823175131,24.25,118,142
2021-04-16 18:00:00,Jan-Jun,18,0.8742054472870208,5.962947196587857,1.928312674299633,1.5,146,147
2021-04-16 19:00:00,Jan-Jun,19,0.8870751599917469,15.792363137969309,8.186540673809048,10.0,144,154
2021-04-16 20:00:00,Jan-Jun,20,0.41560061360447065,2.815089230873828,0.36093263406215215,4.0,115,119
2021-04-16 21:00:00,Jan-Jun,21,0.33474815906801153,3.7581710994947497,0.0210278764414511,1.75,112,114
2021-04-16 22:00:00,Jan-Jun,22,0.1899956248509685,6.044208696067246,1.3641338451415947,7.25,100,107
2021-04-16 23:00:00,Jan-Jun,23,-0.03927436449034041,13.799941997402877,11.516761738464524,10.75,93,104
2021-04-17 00:00:00,Jan-Jun,0,-0.5565145626311759,1.7558518022944227,-0.045519484445691205,2.25,61,63
2021-04-17 01:00:00,Jan-Jun,1,0.22268807891821726,6.3924690355735505,7.479837931876645,11.25,104,115
2021-04-17 02:00:00,Jan-Jun,2,0.03942112486153784,10.411915434421948,13.037961187206363,6.75,103,110
2021-04-17 03:00:00,Jan-Jun,3,0.22022554875332243,6.790391744959487,3.6217708536591005,8.25,103,111
2021-04-17 04:00:00,Jan-Jun,4,0.2012283684304415,9.307802394129599,7.71671188110011,7.75,106,114
2021-04-17 05:00:00,Jan-Jun,5,-0.010283949865622921,10.519628197042575,4.866828736309714,12.0,87,99
2021-04-17 06:00:00,Jan-Jun,6,0.13607024917107724,11.223642890562347,11.472232270725684,10.5,104,114
2021-04-17 07:00:00,Jan-Jun,7,-0.724526032285977,24.68319344228078,34.516526181767034,25.5,63,88
2021-04-17 08:00:00,Jan-Jun,8,-1.1858012678313747,4.03053056169448,-1.086927822726956,2.75,24,27
2021-04-17 09:00:00,Jan-Jun,9,-1.2601772534043243,0.7888446184743286,-1.200850026321362,0.75,22,23
2021-04-17 10:00:00,Jan-Jun,10,-1.2609484285646806,1.1842365919843418,-2.160556823552824,0.0,22,22
2021-04-17 11:00:00,Jan-Jun,11,-1.1818265405521773,3.3330916229022396,-1.2946037184810635,2.0,25,27
2021-04-17 12:00:00,Jan-Jun,12,-1.2456310701231283,1.7402000930946628,-1.96087491118233,0.5,23,23
2021-04-17 13:00:00,Jan-Jun,13,-1.2609484285646806,1.1842365919843418,-2.160556823552824,0.0,22,22
2021-04-17 14:00:00,Jan-Jun,14,-1.241656342843931,1.963096255483158,0.8314491930635768,2.75,23,26
2021-04-17 15:00:00,Jan-Jun,15,-1.255652921288445,1.4594888398573667,2.562757723631236,3.5,24,27
2021-04-17 16:00:00,Jan-Jun,16,-1.2457171119091703,1.618529103889748,-1.9563793058908345,0.5,23,23
2021-04-17 17:00:00,Jan-Jun,17,-1.2601772534043243,0.7888446184743286,-1.200850026321362,0.75,22,23
2021-04-17 18:00:00,Jan-Jun,18,-1.251436745711337,2.296375082142336,2.3424663732749167,3.0,24,27
2021-04-17 19:00:00,Jan-Jun,19,-1.2609484285646806,1.1842365919843418,-2.160556823552824,0.0,22,22
2021-04-17 20:00:00,Jan-Jun,20,-1.2609484285646806,1.1842365919843418,-2.160556823552824,0.0,22,22
2021-04-17 21:00:00,Jan-Jun,21,-1.2208880706142746,2.2116338101530073,1.7463258033074212,3.0,25,28
2021-04-17 22:00:00,Jan-Jun,22,-1.2573840322414562,0.7539323245278486,-1.3467932989765359,0.25,23,23
2021-04-17 23:00:00,Jan-Jun,23,-1.2457171119091703,1.618529103889748,-1.9563793058908345,0.5,23,23
2021-04-18 00:00:00,Jan-Jun,0,-1.2958326751453233,1.2707408212941096,-2.337886575393071,0.0,20,20
2021-04-18 01:00:00,Jan-Jun,1,-1.2716720901645269,2.0916787475229017,1.3997447700100025,2.5,23,25
2021-04-18 02:00:00,Jan-Jun,2,-1.2958326751453233,1.2707408212941096,-2.337886575393071,0.0,20,20
2021-04-18 03:00:00,Jan-Jun,3,-1.2958326751453233,1.2707408212941096,-2.337886575393071,0.0,20,20
2021-04-18 04:00:00,Jan-Jun,4,-1.2335538188348691,3.3684994723955994,-0.5919003384270098,2.75,22,25
2021-04-18 05:00:00,Jan-Jun,5,-1.2958326751453233,1.2707408212941096,-2.337886575393071,0.0,20,20
2021-04-18 06:00:00,Jan-Jun,6,-1.2958326751453233,1.2707408212941096,-2.337886575393071,0.0,20,20
2021-04-18 07:00:00,Jan-Jun,7,-1.293982712714895,2.080025299325717,0.5654545653031988,2.75,20,23
2021-04-18 08:00:00,Jan-Jun,8,-1.294187605978354,1.1597753346706625,1.5761600525061823,3.25,21,24
2021-04-18 09:00:00,Jan-Jun,9,-1.2958326751453233,1.2707408212941096,-2.337886575393071,0.0,20,20
2021-04-18 10:00:00,Jan-Jun,10,-1.291771906080084,1.5818821735928175,0.44994192356135443,2.25,21,23
2021-04-18 11:00:00,Jan-Jun,11,-1.292747974503899,0.9692662062336804,1.5009406135328476,3.0,21,24
2021-04-18 12:00:00,Jan-Jun,12,-1.2958326751453233,1.2707408212941096,-2.337886575393071,0.0,20,20
2021-04-18 13:00:00,Jan-Jun,13,-1.2958326751453233,1.2707408212941096,-2.337886575393071,0.0,20,20
2021-04-18 14:00:00,Jan-Jun,14,-1.2862182734457228,2.103489903224501,2.1597696548709706,2.75,22,25
2021-04-18 15:00:00,Jan-Jun,15,-1.2958326751453233,1.2707408212941096,-2.337886575393071,0.0,20,20
2021-04-18 16:00:00,Jan-Jun,16,-1.2958326751453233,1.2707408212941096,-2.337886575393071,0.0,20,20
2021-04-18 17:00:00,Jan-Jun,17,-1.2184747077772065,3.817683974062838,-1.379770216309062,2.25,23,25
2021-04-18 18:00:00,Jan-Jun,18,-1.3125036232752887,0.9064996837385694,-1.4668446540817115,0.75,19,20
2021-04-18 19:00:00,Jan-Jun,19,-1.2980434817801345,1.7568943636434748,-2.2223739336512125,0.5,20,20
2021-04-18 20:00:00,Jan-Jun,20,-1.2912755333380688,2.706406009169396,2.4240068979394778,4.25,21,25
2021-04-18 21:00:00,Jan-Jun,21,-1.278870247536802,1.197265146084605,0.7758419648767045,2.75,21,24
2021-04-18 22:00:00,Jan-Jun,22,-1.2958326751453233,1.2707408212941096,-2.337886575393071,0.0,20,20
2021-04-18 23:00:00,Jan-Jun,23,-1.2931254957684972,1.3312323475033623,-0.47933424275679215,1.5,21,22
2021-04-19 00:00:00,Jan-Jun,0,-1.2950614999849672,0.8665267033092052,-1.378179778161595,0.75,20,21
2021-04-19 01:00:00,Jan-Jun,1,-1.2585655383577856,2.1479592456310765,0.7149393241223692,2.5,23,25
2021-04-19 02:00:00,Jan-Jun,2,-1.2944790854569104,1.215040426335739,-1.4086104090749245,0.75,20,21
2021-04-19 03:00:00,Jan-Jun,3,-1.2950614999849672,0.8665267033092052,-1.378179778161595,0.75,20,21
2021-04-19 04:00:00,Jan-Jun,4,-1.2186467913492902,3.27115359934697,-1.3707790057261136,2.25,23,25
2021-04-19 05:00:00,Jan-Jun,5,-1.2958326751453233,1.2707408212941096,-2.337886575393071,0.0,20,20
2021-04-19 06:00:00,Jan-Jun,6,-1.2958326751453233,1.2707408212941096,-2.337886575393071,0.0,20,20
2021-04-19 07:00:00,Jan-Jun,7,-0.6383752884530263,29.264859075552295,42.613424337580945,47.0,54,101
2021-04-19 08:00:00,Jan-Jun,8,1.3051732916367573,9.069088160443528,2.088606661824315,11.75,160,172
2021-04-19 09:00:00,Jan-Jun,9,1.2192397314111123,6.907615672585203,2.041561738626143,4.25,163,167
2021-04-19 10:00:00,Jan-Jun,10,1.1953859891056848,10.555316572742651,1.4164205684262754,10.5,155,165
2021-04-19 11:00:00,Jan-Jun,11,1.201816622242208,8.00583017221308,4.045777981793549,3.75,164,168
2021-04-19 12:00:00,Jan-Jun,12,-0.02702473969819773,19.70626261808215,29.81959819423092,19.25,104,123
2021-04-19 13:00:00,Jan-Jun,13,1.1237709594332834,4.006234308768385,0.5440980888250806,5.5,155,160
2021-04-19 14:00:00,Jan-Jun,14,1.1446410866563774,2.987027396824882,3.34120596714763,5.0,159,164
2021-04-19 15:00:00,Jan-Jun,15,1.1553645232509322,10.24633889127977,3.7231389444117156,11.0,154,165
2021-04-19 16:00:00,Jan-Jun,16,0.8396483713665664,10.137846125543081,8.920079850827733,5.25,147,152
2021-04-19 17:00:00,Jan-Jun,17,0.8402539253916632,26.59576738985121,19.885177516105358,34.25,129,163
2021-04-19 18:00:00,Jan-Jun,18,0.9275754576754802,7.860622944094706,3.8522238539553655,5.25,147,152
2021-04-19 19:00:00,Jan-Jun,19,0.6750452796417933,14.356012496265711,12.40731297226182,15.75,130,146
2021-04-19 20:00:00,Jan-Jun,20,0.2567882186213651,2.85266950999839,0.5144072012183614,4.0,106,110
2021-04-19 21:00:00,Jan-Jun,21,0.21832578014753995,3.7991805273663086,1.731267871309143,2.75,106,109
2021-04-19 22:00:00,Jan-Jun,22,0.24813500091751067,11.322859704976176,6.013152958340925,10.5,105,115
2021-04-19 23:00:00,Jan-Jun,23,0.06953952610188274,14.709660268615643,13.306865465528702,14.0,98,112
2021-04-20 00:00:00,Jan-Jun,0,-1.2950614999849672,0.8665267033092052,-1.378179778161595,0.75,20,21
2021-04-20 01:00:00,Jan-Jun,1,-1.2585655383577856,2.1479592456310765,0.7149393241223692,2.5,23,25
2021-04-20 02:00:00,Jan-Jun,2,-1.2944790854569104,1.215040426335739,-1.4086104090749245,0.75,20,21
2021-04-20 03:00:00,Jan-Jun,3,-1.2950614999849672,0.8665267033092052,-1.378179778161595,0.75,20,21
2021-04-20 04:00:00,Jan-Jun,4,-1.2186467913492902,3.27115359934697,-1.3707790057261136,2.25,23,25
2021-04-20 05:00:00,Jan-Jun,5,-1.2958326751453233,1.2707408212941096,-2.337886575393071,0.0,20,20
2021-04-20 06:00:00,Jan-Jun,6,-1.2958326751453233,1.2707408212941096,-2.337886575393071,0.0,20,20
2021-04-20 07:00:00,Jan-Jun,7,-0.6383752884530263,29.264859075552295,42.613424337580945,47.0,54,101
2021-04-20 08:00:00,Jan-Jun,8,1.3051732916367573,9.069088160443528,2.088606661824315,11.75,160,172
2021-04-20 09:00:00,Jan-Jun,9,1.2192397314111123,6.907615672585203,2.041561738626143,4.25,163,167
2021-04-20 10:00:00,Jan-Jun,10,1.1953859891056848,10.555316572742651,1.4164205684262754,10.5,155,165
2021-04-20 11:00:00,Jan-Jun,11,1.201816622242208,8.00583017221308,4.045777981793549,3.75,164,168
2021-04-20 12:00:00,Jan-Jun,12,-0.02702473969819773,19.70626261808215,29.81959819423092,19.25,104,123
2021-04-20 13:00:00,Jan-Jun,13,1.1237709594332834,4.006234308768385,0.5440980888250806,5.5,155,160
2021-04-20 14:00:00,Jan-Jun,14,1.1446410866563774,2.987027396824882,3.34120596714763,5.0,159,164
2021-04-20 15:00:00,Jan-Jun,15,1.1553645232509322,10.24633889127977,3.7231389444117156,11.0,154,165
2021-04-20 16:00:00,Jan-Jun,16,0.8396483713665664,10.137846125543081,8.920079850827733,5.25,147,152
2021-04-20 17:00:00,Jan-Jun,17,0.8402539253916632,26.59576738985121,19.885177516105358,34.25,129,163
2021-04-20 18:00:00,Jan-Jun,18,0.9275754576754802,7.860622944094706,3.8522238539553655,5.25,147,152
2021-04-20 19:00:00,Jan-Jun,19,0.6750452796417933,14.356012496265711,12.40731297226182,15.75,130,146
2021-04-20 20:00:00,Jan-Jun,20,0.2567882186213651,2.85266950999839,0.5144072012183614,4.0,106,110
2021-04-20 21:00:00,Jan-Jun,21,0.21832578014753995,3.7991805273663086,1.731267871309143,2.75,106,109
2021-04-20 22:00:00,Jan-Jun,22,0.24813500091751067,11.322859704976176,6.013152958340925,10.5,105,115
2021-04-20 23:00:00,Jan-Jun,23,0.06953952610188274,14.709660268615643,13.306865465528702,14.0,98,112
2021-04-21 00:00:00,Jan-Jun,0,-0.6590563330942931,3.416833080370226,4.79044572600808,3.75,58,62
2021-04-21 01:00:00,Jan-Jun,1,0.1552190906627503,8.4546866720131,2.368549944146693,7.0,99,106
2021-04-21 02:00:00,Jan-Jun,2,0.15681521750718463,5.228594972353355,3.2765539354092255,6.0,101,107
2021-04-21 03:00:00,Jan-Jun,3,0.13633733589797384,8.33651096454063,1.4568381853828214,6.25,98,104
2021-04-21 04:00:00,Jan-Jun,4,0.26336452494087453,6.589666124275266,1.1353684451573969,7.25,104,111
2021-04-21 05:00:00,Jan-Jun,5,0.011387825148000689,15.061344523450858,14.633421857755948,21.0,89,110
2021-04-21 06:00:00,Jan-Jun,6,0.1521245647997358,7.89604823267707,8.546909220118351,5.75,106,112
2021-04-21 07:00:00,Jan-Jun,7,0.6817584258365728,15.971216964588928,6.020387172382954,17.75,122,140
2021-04-21 08:00:00,Jan-Jun,8,1.213797556512252,9.828315414991573,9.355232529448443,10.75,163,174
2021-04-21 09:00:00,Jan-Jun,9,1.0020538426709233,10.624977785954115,10.559511040631321,10.5,153,163
2021-04-21 10:00:00,Jan-Jun,10,1.3205644639212482,17.427271832602795,2.2015052231753316,12.5,161,173
2021-04-21 11:00:00,Jan-Jun,11,1.0589604332373992,12.473096492842414,9.279584247075832,9.0,156,165
2021-04-21 12:00:00,Jan-Jun,12,-0.2376838088704677,19.004086800334175,28.808848949347734,18.5,92,110
2021-04-21 13:00:00,Jan-Jun,13,1.0283685762725518,3.0610066877800146,4.042807984867835,7.25,151,158
2021-04-21 14:00:00,Jan-Jun,14,1.191983306703899,5.054625836008113,3.6125410716664135,6.0,161,167
2021-04-21 15:00:00,Jan-Jun,15,1.1130377895098464,12.799533241220766,2.16272611171712,13.25,148,161
2021-04-21 16:00:00,Jan-Jun,16,0.9996241221974037,8.69795232795475,2.699552909290418,4.0,151,155
2021-04-21 17:00:00,Jan-Jun,17,0.40691753083404525,17.21239059990106,15.861399724883725,22.5,112,134
2021-04-21 18:00:00,Jan-Jun,18,0.7812214205095248,6.774454194574641,8.287635694081075,7.5,141,148
2021-04-21 19:00:00,Jan-Jun,19,0.6327936736070486,12.899183454309336,7.842570001800851,8.75,130,139
2021-04-21 20:00:00,Jan-Jun,20,0.5391091477326612,10.848464849886854,10.242267708132403,16.75,119,136
2021-04-21 21:00:00,Jan-Jun,21,0.40457222138516574,7.465737579954978,5.99657639289326,5.0,119,124
2021-04-21 22:00:00,Jan-Jun,22,0.3051220952948058,11.53122360442605,5.728586164330977,12.0,106,118
2021-04-21 23:00:00,Jan-Jun,23,0.01696345033827284,18.82879585625693,21.316096006154226,16.75,100,117
2021-04-22 00:00:00,Jan-Jun,0,-0.6590563330942931,3.416833080370226,4.79044572600808,3.75,58,62
2021-04-22 01:00:00,Jan-Jun,1,0.1552190906627503,8.4546866720131,2.368549944146693,7.0,99,106
2021-04-22 02:00:00,Jan-Jun,2,0.15681521750718463,5.228594972353355,3.2765539354092255,6.0,101,107
2021-04-22 03:00:00,Jan-Jun,3,0.13633733589797384,8.33651096454063,1.4568381853828214,6.25,98,104
2021-04-22 04:00:00,Jan-Jun,4,0.26336452494087453,6.589666124275266,1.1353684451573969,7.25,104,111
2021-04-22 05:00:00,Jan-Jun,5,0.011387825148000689,15.061344523450858,14.633421857755948,21.0,89,110
2021-04-22 06:00:00,Jan-Jun,6,0.1521245647997358,7.89604823267707,8.546909220118351,5.75,106,112
2021-04-22 07:00:00,Jan-Jun,7,0.6817584258365728,15.971216964588928,6.020387172382954,17.75,122,140
2021-04-22 08:00:00,Jan-Jun,8,1.213797556512252,9.828315414991573,9.355232529448443,10.75,163,174
2021-04-22 09:00:00,Jan-Jun,9,1.0020538426709233,10.624977785954115,10.559511040631321,10.5,153,163
2021-04-22 10:00:00,Jan-Jun,10,1.3205644639212482,17.427271832602795,2.2015052231753316,12.5,161,173
2021-04-22 11:00:00,Jan-Jun,11,1.0589604332373992,12.473096492842414,9.279584247075832,9.0,156,165
2021-04-22 12:00:00,Jan-Jun,12,-0.2376838088704677,19.004086800334175,28.808848949347734,18.5,92,110
2021-04-22 13:00:00,Jan-Jun,13,1.0283685762725518,3.0610066877800146,4.042807984867835,7.25,151,158
2021-04-22 14:00:00,Jan-Jun,14,1.191983306703899,5.054625836008113,3.6125410716664135,6.0,161,167
2021-04-22 15:00:00,Jan-Jun,15,1.1130377895098464,12.799533241220766,2.16272611171712,13.25,148,161
2021-04-22 16:00:00,Jan-Jun,16,0.9996241221974037,8.69795232795475,2.699552909290418,4.0,151,155
2021-04-22 17:00:00,Jan-Jun,17,0.40691753083404525,17.21239059990106,15.861399724883725,22.5,112,134
2021-04-22 18:00:00,Jan-Jun,18,0.7812214205095248,6.774454194574641,8.287635694081075,7.5,141,148
2021-04-22 19:00:00,Jan-Jun,19,0.6327936736070486,12.899183454309336,7.842570001800851,8.75,130,139
2021-04-22 20:00:00,Jan-Jun,20,0.5391091477326612,10.848464849886854,10.242267708132403,16.75,119,136
2021-04-22 21:00:00,Jan-Jun,21,0.40457222138516574,7.465737579954978,5.99657639289326,5.0,119,124
2021-04-22 22:00:00,Jan-Jun,22,0.3051220952948058,11.53122360442605,5.728586164330977,12.0,106,118
2021-04-22 23:00:00,Jan-Jun,23,0.01696345033827284,18.82879585625693,21.316096006154226,16.75,100,117
2021-04-23 00:00:00,Jan-Jun,0,-0.6590563330942931,3.416833080370226,4.79044572600808,3.75,58,62
2021-04-23 01:00:00,Jan-Jun,1,0.1552190906627503,8.4546866720131,2.368549944146693,7.0,99,106
2021-04-23 02:00:00,Jan-Jun,2,0.15681521750718463,5.228594972353355,3.2765539354092255,6.0,101,107
2021-04-23 03:00:00,Jan-Jun,3,0.13633733589797384,8.33651096454063,1.4568381853828214,6.25,98,104
2021-04-23 04:00:00,Jan-Jun,4,0.26336452494087453,6.589666124275266,1.1353684451573969,7.25,104,111
2021-04-23 05:00:00,Jan-Jun,5,0.011387825148000689,15.061344523450858,14.633421857755948,21.0,89,110
2021-04-23 06:00:00,Jan-Jun,6,0.1521245647997358,7.89604823267707,8.546909220118351,5.75,106,112
2021-04-23 07:00:00,Jan-Jun,7,0.6817584258365728,15.971216964588928,6.020387172382954,17.75,122,140
2021-04-23 08:00:00,Jan-Jun,8,1.213797556512252,9.828315414991573,9.355232529448443,10.75,163,174
2021-04-23 09:00:00,Jan-Jun,9,1.0020538426709233,10.624977785954115,10.559511040631321,10.5,153,163
2021-04-23 10:00:00,Jan-Jun,10,1.3205644639212482,17.427271832602795,2.2015052231753316,12.5,161,173
2021-04-23 11:00:00,Jan-Jun,11,1.0589604332373992,12.473096492842414,9.279584247075832,9.0,156,165
2021-04-23 12:00:00,Jan-Jun,12,-0.2376838088704677,19.004086800334175,28.808848949347734,18.5,92,110
2021-04-23 13:00:00,Jan-Jun,13,1.0283685762725518,3.0610066877800146,4.042807984867835,7.25,151,158
2021-04-23 14:00:00,Jan-Jun,14,1.191983306703899,5.054625836008113,3.6125410716664135,6.0,161,167
2021-04-23 15:00:00,Jan-Jun,15,1.1130377895098464,12.799533241220766,2.16272611171712,13.25,148,161
2021-04-23 16:00:00,Jan-Jun,16,0.9996241221974037,8.69795232795475,2.699552909290418,4.0,151,155
2021-04-23 17:00:00,Jan-Jun,17,0.40691753083404525,17.21239059990106,15.861399724883725,22.5,112,134
2021-04-23 18:00:00,Jan-Jun,18,0.7812214205095248,6.774454194574641,8.287635694081075,7.5,141,148
2021-04-23 19:00:00,Jan-Jun,19,0.6327936736070486,12.899183454309336,7.842570001800851,8.75,130,139
2021-04-23 20:00:00,Jan-Jun,20,0.5391091477326612,10.848464849886854,10.242267708132403,16.75,119,136
2021-04-23 21:00:00,Jan-Jun,21,0.40457222138516574,7.465737579954978,5.99657639289326,5.0,119,124
2021-04-23 22:00:00,Jan-Jun,22,0.3051220952948058,11.53122360442605,5.728586164330977,12.0,106,118
2021-04-23 23:00:00,Jan-Jun,23,0.01696345033827284,18.82879585625693,21.316096006154226,16.75,100,117
2021-04-24 00:00:00,Jan-Jun,0,-0.6048662052229425,1.5775526582817263,0.7063201098915286,2.5,59,61
2021-04-24 01:00:00,Jan-Jun,1,0.1718045414357291,4.2101540286322185,0.4126138419839407,4.25,101,105
2021-04-24 02:00:00,Jan-Jun,2,-0.07520311544129765,9.160533758105736,9.561576643238027,4.5,96,100
2021-04-24 03:00:00,Jan-Jun,3,0.15175741318578317,7.6584536840911905,0.5680707482280525,5.5,99,104
2021-04-24 04:00:00,Jan-Jun,4,0.1568318945673999,4.376671329588212,1.275592719211005,3.75,101,105
2021-04-24 05:00:00,Jan-Jun,5,-0.03667521945546698,17.86216722412133,14.368836459508074,23.0,84,107
2021-04-24 06:00:00,Jan-Jun,6,0.0787588656238508,10.31795377936517,12.775490128929249,10.0,102,112
2021-04-24 07:00:00,Jan-Jun,7,-0.8431425407810444,24.302393141838145,35.267353808755374,25.75,56,82
2021-04-24 08:00:00,Jan-Jun,8,-1.2950614999849672,0.8665267033092052,-1.378179778161595,0.75,20,21
2021-04-24 09:00:00,Jan-Jun,9,-1.2944790854569104,1.215040426335739,-1.4086104090749245,0.75,20,21
2021-04-24 10:00:00,Jan-Jun,10,-1.218818874921374,3.2904083335777137,-1.361787795143158,2.25,23,25
2021-04-24 11:00:00,Jan-Jun,11,-1.278390551855002,1.2273577323805105,-2.2492216994729546,0.0,21,21
2021-04-24 12:00:00,Jan-Jun,12,-1.2943930436708684,1.3603916087852936,-1.4131060143664058,0.75,20,21
2021-04-24 13:00:00,Jan-Jun,13,-1.2474315458019662,2.913139191103376,0.1331983102291474,3.0,22,25
2021-04-24 14:00:00,Jan-Jun,14,-1.292936735136198,0.33197739101989526,-0.4891968146119865,1.25,21,22
2021-04-24 15:00:00,Jan-Jun,15,-1.2958326751453233,1.2707408212941096,-2.337886575393071,0.0,20,20
2021-04-24 16:00:00,Jan-Jun,16,-1.277894179112987,1.8214221597989801,-0.2751567250948028,2.0,21,23
2021-04-24 17:00:00,Jan-Jun,17,-1.2891835781806749,1.201984118204163,2.3147041381091356,3.25,22,25
2021-04-24 18:00:00,Jan-Jun,18,-1.2958326751453233,1.2707408212941096,-2.337886575393071,0.0,20,20
2021-04-24 19:00:00,Jan-Jun,19,-1.2958326751453233,1.2707408212941096,-2.337886575393071,0.0,20,20
2021-04-24 20:00:00,Jan-Jun,20,-1.2717581319505686,1.4127156085670514,0.4042403753014838,1.5,23,24
2021-04-24 21:00:00,Jan-Jun,21,-1.2936218685105123,0.966720903711067,-1.4533992171349155,0.5,21,21
2021-04-24 22:00:00,Jan-Jun,22,-1.2958326751453233,1.2707408212941096,-2.337886575393071,0.0,20,20
2021-04-24 23:00:00,Jan-Jun,23,-1.21959005008173,3.679480550621233,-1.3214945923746484,2.5,23,25
2021-04-25 00:00:00,Jan-Jun,0,-1.2958326751453233,1.2707408212941096,-2.337886575393071,0.0,20,20
2021-04-25 01:00:00,Jan-Jun,1,-1.2716720901645269,2.0916787475229017,1.3997447700100025,2.5,23,25
2021-04-25 02:00:00,Jan-Jun,2,-1.2958326751453233,1.2707408212941096,-2.337886575393071,0.0,20,20
2021-04-25 03:00:00,Jan-Jun,3,-1.2958326751453233,1.2707408212941096,-2.337886575393071,0.0,20,20
2021-04-25 04:00:00,Jan-Jun,4,-1.2335538188348691,3.3684994723955994,-0.5919003384270098,2.75,22,25
2021-04-25 05:00:00,Jan-Jun,5,-1.2958326751453233,1.2707408212941096,-2.337886575393071,0.0,20,20
2021-04-25 06:00:00,Jan-Jun,6,-1.2958326751453233,1.2707408212941096,-2.337886575393071,0.0,20,20
2021-04-25 07:00:00,Jan-Jun,7,-1.293982712714895,2.080025299325717,0.5654545653031988,2.75,20,23
2021-04-25 08:00:00,Jan-Jun,8,-1.294187605978354,1.1597753346706625,1.5761600525061823,3.25,21,24
2021-04-25 09:00:00,Jan-Jun,9,-1.2958326751453233,1.2707408212941096,-2.337886575393071,0.0,20,20
2021-04-25 10:00:00,Jan-Jun,10,-1.291771906080084,1.5818821735928175,0.44994192356135443,2.25,21,23
2021-04-25 11:00:00,Jan-Jun,11,-1.292747974503899,0.9692662062336804,1.5009406135328476,3.0,21,24
2021-04-25 12:00:00,Jan-Jun,12,-1.2958326751453233,1.2707408212941096,-2.337886575393071,0.0,20,20
2021-04-25 13:00:00,Jan-Jun,13,-1.2958326751453233,1.2707408212941096,-2.337886575393071,0.0,20,20
2021-04-25 14:00:00,Jan-Jun,14,-1.2862182734457228,2.103489903224501,2.1597696548709706,2.75,22,25
2021-04-25 15:00:00,Jan-Jun,15,-1.2958326751453233,1.2707408212941096,-2.337886575393071,0.0,20,20
2021-04-25 16:00:00,Jan-Jun,16,-1.2958326751453233,1.2707408212941096,-2.337886575393071,0.0,20,20
2021-04-25 17:00:00,Jan-Jun,17,-1.2184747077772065,3.817683974062838,-1.379770216309062,2.25,23,25
2021-04-25 18:00:00,Jan-Jun,18,-1.3125036232752887,0.9064996837385694,-1.4668446540817115,0.75,19,20
2021-04-25 19:00:00,Jan-Jun,19,-1.2980434817801345,1.7568943636434748,-2.2223739336512125,0.5,20,20
2021-04-25 20:00:00,Jan-Jun,20,-1.2912755333380688,2.706406009169396,2.4240068979394778,4.25,21,25
2021-04-25 21:00:00,Jan-Jun,21,-1.278870247536802,1.197265146084605,0.7758419648767045,2.75,21,24
2021-04-25 22:00:00,Jan-Jun,22,-1.2958326751453233,1.2707408212941096,-2.337886575393071,0.0,20,20
2021-04-25 23:00:00,Jan-Jun,23,-1.2931254957684972,1.3312323475033623,-0.47933424275679215,1.5,21,22
2021-04-26 00:00:00,Jan-Jun,0,-0.6071236171190869,5.115063118677983,7.834796312633721,6.5,62,68
2021-04-26 01:00:00,Jan-Jun,1,0.10633272766237052,5.7767386636780556,1.1862146513148275,6.75,95,102
2021-04-26 02:00:00,Jan-Jun,2,-0.025909077969910245,11.697483907609294,13.756102479230918,6.5,101,107
2021-04-26 03:00:00,Jan-Jun,3,-0.01287445295548924,5.317344535401284,8.01426217579251,8.0,94,102
2021-04-26 04:00:00,Jan-Jun,4,0.12156692580813798,3.162344475537834,3.30816073560419,6.0,99,105
2021-04-26 05:00:00,Jan-Jun,5,-0.04319883810936503,12.220150380645588,8.740115513287535,15.25,86,101
2021-04-26 06:00:00,Jan-Jun,6,-0.06516084187268935,12.470922980253675,13.990040196036375,9.5,96,105
2021-04-26 07:00:00,Jan-Jun,7,0.7425666336133434,18.261814935046917,11.515582755711137,23.0,126,149
2021-04-26 08:00:00,Jan-Jun,8,0.6244212480993023,32.614633236764746,45.32513173105832,24.0,152,176
2021-04-26 09:00:00,Jan-Jun,9,1.2357385959689937,6.719535515095417,1.0906162086277504,3.5,164,167
2021-04-26 10:00:00,Jan-Jun,10,1.0561917616454066,15.591303963250837,9.439162251077391,17.0,148,165
2021-04-26 11:00:00,Jan-Jun,11,1.2052616226589599,6.577915317925531,3.8472183939103957,3.5,165,168
2021-04-26 12:00:00,Jan-Jun,12,-0.2707180930206822,19.783233764235845,31.688930911870884,21.25,90,111
2021-04-26 13:00:00,Jan-Jun,13,1.225650036562816,5.517928268454431,-0.3279092033621964,1.5,164,165
2021-04-26 14:00:00,Jan-Jun,14,1.1488465057068038,7.275634033181789,2.0988181086532904,11.0,152,163
2021-04-26 15:00:00,Jan-Jun,15,0.9239932954339298,5.723583195942491,4.05868904187065,8.25,144,152
2021-04-26 16:00:00,Jan-Jun,16,0.9277414588432858,4.4666116836048415,0.8426560398827405,5.25,144,149
2021-04-26 17:00:00,Jan-Jun,17,0.47094363072867046,20.418429335450032,20.171125567869723,28.25,114,142
2021-04-26 18:00:00,Jan-Jun,18,0.40975495958826236,19.501164275044026,21.697858762349867,16.0,124,140
2021-04-26 19:00:00,Jan-Jun,19,0.03014535233088203,8.021254174654414,12.565873720260015,10.0,99,109
2021-04-26 20:00:00,Jan-Jun,20,0.48370415962455077,5.075051119760038,4.435646597702899,8.75,118,127
2021-04-26 21:00:00,Jan-Jun,21,0.23637221357759267,9.173420563488778,8.691125069814092,4.0,113,117
2021-04-26 22:00:00,Jan-Jun,22,0.13464620589872667,5.314775386962597,6.554309893680596,7.5,102,109
2021-04-26 23:00:00,Jan-Jun,23,0.17350136948898254,14.55495438561315,2.314813714783881,9.75,97,107
2021-04-27 00:00:00,Jan-Jun,0,-0.6071236171190869,5.115063118677983,7.834796312633721,6.5,62,68
2021-04-27 01:00:00,Jan-Jun,1,0.10633272766237052,5.7767386636780556,1.1862146513148275,6.75,95,102
2021-04-27 02:00:00,Jan-Jun,2,-0.025909077969910245,11.697483907609294,13.756102479230918,6.5,101,107
2021-04-27 03:00:00,Jan-Jun,3,-0.01287445295548924,5.317344535401284,8.01426217579251,8.0,94,102
2021-04-27 04:00:00,Jan-Jun,4,0.12156692580813798,3.162344475537834,3.30816073560419,6.0,99,105
2021-04-27 05:00:00,Jan-Jun,5,-0.04319883810936503,12.220150380645588,8.740115513287535,15.25,86,101
2021-04-27 06:00:00,Jan-Jun,6,-0.06516084187268935,12.470922980253675,13.990040196036375,9.5,96,105
2021-04-27 07:00:00,Jan-Jun,7,0.7425666336133434,18.261814935046917,11.515582755711137,23.0,126,149
2021-04-27 08:00:00,Jan-Jun,8,0.6244212480993023,32.614633236764746,45.32513173105832,24.0,152,176
2021-04-27 09:00:00,Jan-Jun,9,1.2357385959689937,6.719535515095417,1.0906162086277504,3.5,164,167
2021-04-27 10:00:00,Jan-Jun,10,1.0561917616454066,15.591303963250837,9.439162251077391,17.0,148,165
2021-04-27 11:00:00,Jan-Jun,11,1.2052616226589599,6.577915317925531,3.8472183939103957,3.5,165,168
2021-04-27 12:00:00,Jan-Jun,12,-0.2707180930206822,19.783233764235845,31.688930911870884,21.25,90,111
2021-04-27 13:00:00,Jan-Jun,13,1.225650036562816,5.517928268454431,-0.3279092033621964,1.5,164,165
2021-04-27 14:00:00,Jan-Jun,14,1.1488465057068038,7.275634033181789,2.0988181086532904,11.0,152,163
2021-04-27 15:00:00,Jan-Jun,15,0.9239932954339298,5.723583195942491,4.05868904187065,8.25,144,152
2021-04-27 16:00:00,Jan-Jun,16,0.9277414588432858,4.4666116836048415,0.8426560398827405,5.25,144,149
2021-04-27 17:00:00,Jan-Jun,17,0.47094363072867046,20.418429335450032,20.171125567869723,28.25,114,142
2021-04-27 18:00:00,Jan-Jun,18,0.40975495958826236,19.501164275044026,21.697858762349867,16.0,124,140
2021-04-27 19:00:00,Jan-Jun,19,0.03014535233088203,8.021254174654414,12.565873720260015,10.0,99,109
2021-04-27 20:00:00,Jan-Jun,20,0.48370415962455077,5.075051119760038,4.435646597702899,8.75,118,127
2021-04-27 21:00:00,Jan-Jun,21,0.23637221357759267,9.173420563488778,8.691125069814092,4.0,113,117
2021-04-27 22:00:00,Jan-Jun,22,0.13464620589872667,5.314775386962597,6.554309893680596,7.5,102,109
2021-04-27 23:00:00,Jan-Jun,23,0.17350136948898254,14.55495438561315,2.314813714783881,9.75,97,107
2021-04-28 00:00:00,Jan-Jun,0,-0.6096259032324542,2.783444417080558,2.977209054663234,2.5,61,63
2021-04-28 01:00:00,Jan-Jun,1,0.19441669369153539,8.214600083683395,3.109316573504316,9.25,100,109
2021-04-28 02:00:00,Jan-Jun,2,0.14492352593720345,3.085304848302392,-0.03804429631023254,1.25,102,103
2021-04-28 03:00:00,Jan-Jun,3,0.11358270884743787,8.818924850001359,11.768347277694943,14.5,99,113
2021-04-28 04:00:00,Jan-Jun,4,0.1314423343561215,6.449226446100858,6.738971529724765,4.5,105,109
2021-04-28 05:00:00,Jan-Jun,5,0.06208580291221081,15.965124594950915,15.736475922914863,22.5,92,114
2021-04-28 06:00:00,Jan-Jun,6,0.31877613988231845,3.3620084394210026,0.9416076046038881,5.25,109,114
2021-04-28 07:00:00,Jan-Jun,7,0.6077380659165469,17.851315161705823,4.286700781291017,19.0,115,134
2021-04-28 08:00:00,Jan-Jun,8,1.2493992017295288,6.935619623804591,8.303259482382884,11.0,164,175
2021-04-28 09:00:00,Jan-Jun,9,1.1445023572047244,5.651039050718305,7.349201920533744,8.5,160,168
2021-04-28 10:00:00,Jan-Jun,10,1.1929141756224906,15.411340851781826,2.558888553091947,15.25,151,166
2021-04-28 11:00:00,Jan-Jun,11,1.2990684234043124,3.804653608704257,2.4404731273320692,4.75,167,172
2021-04-28 12:00:00,Jan-Jun,12,-0.1310950649120691,19.57832480538883,30.74255812212897,20.25,98,118
2021-04-28 13:00:00,Jan-Jun,13,1.2483514315186852,5.41044956083502,1.3636498440936293,5.75,162,168
2021-04-28 14:00:00,Jan-Jun,14,0.9751217071336412,5.363042927658728,1.1117993094779877,1.25,151,152
2021-04-28 15:00:00,Jan-Jun,15,0.9604308064149859,11.501050719862384,1.9585391757908894,12.0,140,152
2021-04-28 16:00:00,Jan-Jun,16,0.745338890469629,4.095189021282721,7.355798107728617,8.5,137,145
2021-04-28 17:00:00,Jan-Jun,17,0.8237688564037398,28.462090828243234,15.835327910442174,33.0,125,158
2021-04-28 18:00:00,Jan-Jun,18,0.9070713932082279,13.060400021300312,10.034017206069308,9.0,148,157
2021-04-28 19:00:00,Jan-Jun,19,0.3547314605673536,9.313115215383378,7.8692497544535485,6.25,117,123
2021-04-28 20:00:00,Jan-Jun,20,0.2170378098418771,3.660415887757783,4.805502652778131,7.0,105,112
2021-04-28 21:00:00,Jan-Jun,21,0.31997986103408593,3.852272150073252,2.872228694035698,4.75,111,116
2021-04-28 22:00:00,Jan-Jun,22,0.2094486550588095,7.052304479397374,4.242918984799388,8.25,103,111
2021-04-28 23:00:00,Jan-Jun,23,0.04445181501980603,8.160827452636596,2.751649251927418,5.5,95,100
2021-04-29 00:00:00,Jan-Jun,0,-0.6096259032324542,2.783444417080558,2.977209054663234,2.5,61,63
2021-04-29 01:00:00,Jan-Jun,1,0.19441669369153539,8.214600083683395,3.109316573504316,9.25,100,109
2021-04-29 02:00:00,Jan-Jun,2,0.14492352593720345,3.085304848302392,-0.03804429631023254,1.25,102,103
2021-04-29 03:00:00,Jan-Jun,3,0.11358270884743787,8.818924850001359,11.768347277694943,14.5,99,113
2021-04-29 04:00:00,Jan-Jun,4,0.1314423343561215,6.449226446100858,6.738971529724765,4.5,105,109
2021-04-29 05:00:00,Jan-Jun,5,0.06208580291221081,15.965124594950915,15.736475922914863,22.5,92,114
2021-04-29 06:00:00,Jan-Jun,6,0.31877613988231845,3.3620084394210026,0.9416076046038881,5.25,109,114
2021-04-29 07:00:00,Jan-Jun,7,0.6077380659165469,17.851315161705823,4.286700781291017,19.0,115,134
2021-04-29 08:00:00,Jan-Jun,8,1.2493992017295288,6.935619623804591,8.303259482382884,11.0,164,175
2021-04-29 09:00:00,Jan-Jun,9,1.1445023572047244,5.651039050718305,7.349201920533744,8.5,160,168
2021-04-29 10:00:00,Jan-Jun,10,1.1929141756224906,15.411340851781826,2.558888553091947,15.25,151,166
2021-04-29 11:00:00,Jan-Jun,11,1.2990684234043124,3.804653608704257,2.4404731273320692,4.75,167,172
2021-04-29 12:00:00,Jan-Jun,12,-0.1310950649120691,19.57832480538883,30.74255812212897,20.25,98,118
2021-04-29 13:00:00,Jan-Jun,13,1.2483514315186852,5.41044956083502,1.3636498440936293,5.75,162,168
2021-04-29 14:00:00,Jan-Jun,14,0.9751217071336412,5.363042927658728,1.1117993094779877,1.25,151,152
2021-04-29 15:00:00,Jan-Jun,15,0.9604308064149859,11.501050719862384,1.9585391757908894,12.0,140,152
2021-04-29 16:00:00,Jan-Jun,16,0.745338890469629,4.095189021282721,7.355798107728617,8.5,137,145
2021-04-29 17:00:00,Jan-Jun,17,0.8237688564037398,28.462090828243234,15.835327910442174,33.0,125,158
2021-04-29 18:00:00,Jan-Jun,18,0.9070713932082279,13.060400021300312,10.034017206069308,9.0,148,157
2021-04-29 19:00:00,Jan-Jun,19,0.3547314605673536,9.313115215383378,7.8692497544535485,6.25,117,123
2021-04-29 20:00:00,Jan-Jun,20,0.2170378098418771,3.660415887757783,4.805502652778131,7.0,105,112
2021-04-29 21:00:00,Jan-Jun,21,0.31997986103408593,3.852272150073252,2.872228694035698,4.75,111,116
2021-04-29 22:00:00,Jan-Jun,22,0.2094486550588095,7.052304479397374,4.242918984799388,8.25,103,111
2021-04-29 23:00:00,Jan-Jun,23,0.04445181501980603,8.160827452636596,2.751649251927418,5.5,95,100
2021-04-30 00:00:00,Jan-Jun,0,-0.6590563330942931,3.416833080370226,4.79044572600808,3.75,58,62
2021-04-30 01:00:00,Jan-Jun,1,0.1552190906627503,8.4546866720131,2.368549944146693,7.0,99,106
2021-04-30 02:00:00,Jan-Jun,2,0.15681521750718463,5.228594972353355,3.2765539354092255,6.0,101,107
2021-04-30 03:00:00,Jan-Jun,3,0.13633733589797384,8.33651096454063,1.4568381853828214,6.25,98,104
2021-04-30 04:00:00,Jan-Jun,4,0.26336452494087453,6.589666124275266,1.1353684451573969,7.25,104,111
2021-04-30 05:00:00,Jan-Jun,5,0.011387825148000689,15.061344523450858,14.633421857755948,21.0,89,110
2021-04-30 06:00:00,Jan-Jun,6,0.1521245647997358,7.89604823267707,8.546909220118351,5.75,106,112
2021-04-30 07:00:00,Jan-Jun,7,0.6817584258365728,15.971216964588928,6.020387172382954,17.75,122,140
2021-04-30 08:00:00,Jan-Jun,8,1.213797556512252,9.828315414991573,9.355232529448443,10.75,163,174
2021-04-30 09:00:00,Jan-Jun,9,1.0020538426709233,10.624977785954115,10.559511040631321,10.5,153,163
2021-04-30 10:00:00,Jan-Jun,10,1.3205644639212482,17.427271832602795,2.2015052231753316,12.5,161,173
2021-04-30 11:00:00,Jan-Jun,11,1.0589604332373992,12.473096492842414,9.279584247075832,9.0,156,165
2021-04-30 12:00:00,Jan-Jun,12,-0.2376838088704677,19.004086800334175,28.808848949347734,18.5,92,110
2021-04-30 13:00:00,Jan-Jun,13,1.0283685762725518,3.0610066877800146,4.042807984867835,7.25,151,158
2021-04-30 14:00:00,Jan-Jun,14,1.191983306703899,5.054625836008113,3.6125410716664135,6.0,161,167
2021-04-30 15:00:00,Jan-Jun,15,1.1130377895098464,12.799533241220766,2.16272611171712,13.25,148,161
2021-04-30 16:00:00,Jan-Jun,16,0.9996241221974037,8.69795232795475,2.699552909290418,4.0,151,155
2021-04-30 17:00:00,Jan-Jun,17,0.40691753083404525,17.21239059990106,15.861399724883725,22.5,112,134
2021-04-30 18:00:00,Jan-Jun,18,0.7812214205095248,6.774454194574641,8.287635694081075,7.5,141,148
2021-04-30 19:00:00,Jan-Jun,19,0.6327936736070486,12.899183454309336,7.842570001800851,8.75,130,139
2021-04-30 20:00:00,Jan-Jun,20,0.5391091477326612,10.848464849886854,10.242267708132403,16.75,119,136
2021-04-30 21:00:00,Jan-Jun,21,0.40457222138516574,7.465737579954978,5.99657639289326,5.0,119,124
2021-04-30 22:00:00,Jan-Jun,22,0.3051220952948058,11.53122360442605,5.728586164330977,12.0,106,118
2021-04-30 23:00:00,Jan-Jun,23,0.01696345033827284,18.82879585625693,21.316096006154226,16.75,100,117
2021-05-01 00:00:00,Jan-Jun,0,-0.40099121712389824,4.993014739760776,4.103172120013028,5.75,70,76
2021-05-01 01:00:00,Jan-Jun,1,0.32982354622304055,7.398171219945391,2.304867928311012,8.75,107,116
2021-05-01 02:00:00,Jan-Jun,2,0.2237772383646994,10.31033315318194,10.417062017603627,9.5,109,118
2021-05-01 03:00:00,Jan-Jun,3,0.10366677744239937,5.007916082943866,4.339872100649359,5.5,100,105
2021-05-01 04:00:00,Jan-Jun,4,0.1090321938735169,5.127290746273271,6.03062543983512,5.25,102,107
2021-05-01 05:00:00,Jan-Jun,5,-0.08030448598075603,4.96779098317594,1.851911214793148,6.0,86,92
2021-05-01 06:00:00,Jan-Jun,6,0.14230238834641906,4.097752412262966,0.11303028622984357,1.75,101,103
2021-05-01 07:00:00,Jan-Jun,7,-0.45313193033234767,27.70887998859955,28.070659290933378,25.25,72,97
2021-05-01 08:00:00,Jan-Jun,8,-1.2171211180887933,3.530560305199702,-1.4504940499909225,2.0,23,25
2021-05-01 09:00:00,Jan-Jun,9,-1.2936218685105123,0.966720903711067,-1.4533992171349155,0.5,21,21
2021-05-01 10:00:00,Jan-Jun,10,-1.2922682788220992,0.8238147972676234,-1.5241230508167831,0.25,21,21
2021-05-01 11:00:00,Jan-Jun,11,-1.2299894225116448,2.8696373677520386,0.22186318614926392,3.0,23,26
2021-05-01 12:00:00,Jan-Jun,12,-1.2760770263739338,0.656125382975982,0.6298986922215022,2.25,22,24
2021-05-01 13:00:00,Jan-Jun,13,-1.278390551855002,1.2273577323805105,-2.2492216994729546,0.0,21,21
2021-05-01 14:00:00,Jan-Jun,14,-1.2791617270153581,1.6708757252626718,-2.2089284967044307,0.25,21,21
2021-05-01 15:00:00,Jan-Jun,15,-1.2681076938413023,2.3472941463762496,2.2135082945862763,2.75,23,26
2021-05-01 16:00:00,Jan-Jun,16,-1.278390551855002,1.2273577323805105,-2.2492216994729546,0.0,21,21
2021-05-01 17:00:00,Jan-Jun,17,-1.278390551855002,1.2273577323805105,-2.2492216994729546,0.0,21,21
2021-05-01 18:00:00,Jan-Jun,18,-1.2171211180887933,3.530560305199702,-1.4504940499909225,2.0,23,25
2021-05-01 19:00:00,Jan-Jun,19,-1.280601358489813,1.7107345856341185,-2.133709057731096,0.5,21,21
2021-05-01 20:00:00,Jan-Jun,20,-1.280601358489813,1.7107345856341185,-2.133709057731096,0.5,21,21
2021-05-01 21:00:00,Jan-Jun,21,-1.1999371201565974,3.061633450361227,-1.3483423581963834,2.0,24,26
2021-05-01 22:00:00,Jan-Jun,22,-1.2645128248879047,1.7965404667771514,-1.9743203481291118,0.75,21,22
2021-05-01 23:00:00,Jan-Jun,23,-1.278390551855002,1.2273577323805105,-2.2492216994729546,0.0,21,21
2021-05-02 00:00:00,Jan-Jun,0,-1.277036962166589,1.1693215060676696,-1.319945533154808,0.75,21,22
2021-05-02 01:00:00,Jan-Jun,1,-1.2723405464786257,1.8395144356938475,1.4346710062148276,2.5,23,25
2021-05-02 02:00:00,Jan-Jun,2,-1.278390551855002,1.2273577323805105,-2.2492216994729546,0.0,21,21
2021-05-02 03:00:00,Jan-Jun,3,-1.278390551855002,1.2273577323805105,-2.2492216994729546,0.0,21,21
2021-05-02 04:00:00,Jan-Jun,4,-1.2280168632607233,2.5943158053793285,0.11879875415486651,2.5,24,26
2021-05-02 05:00:00,Jan-Jun,5,-1.278390551855002,1.2273577323805105,-2.2492216994729546,0.0,21,21
2021-05-02 06:00:00,Jan-Jun,6,-1.278390551855002,1.2273577323805105,-2.2492216994729546,0.0,21,21
2021-05-02 07:00:00,Jan-Jun,7,-1.214413938711967,3.089998757664763,-1.5919417173546506,1.5,24,25
2021-05-02 08:00:00,Jan-Jun,8,-1.2798301833294572,1.3013056722665328,-2.1740022604995914,0.25,21,21
2021-05-02 09:00:00,Jan-Jun,9,-1.2811837730178701,1.483315785993126,-2.1032784268177522,0.5,21,21
2021-05-02 10:00:00,Jan-Jun,10,-1.2591845079202941,2.472158019217163,1.7472799224349274,3.75,22,26
2021-05-02 11:00:00,Jan-Jun,11,-1.2760770263739338,0.656125382975982,0.6298986922215022,2.25,22,24
2021-05-02 12:00:00,Jan-Jun,12,-1.278390551855002,1.2273577323805105,-2.2492216994729546,0.0,21,21
2021-05-02 13:00:00,Jan-Jun,13,-1.2896471412313149,1.6123174668734768,1.338924887110963,2.75,21,24
2021-05-02 14:00:00,Jan-Jun,14,-1.2716554131043116,1.5595552180012942,2.398873408737785,3.25,23,26
2021-05-02 15:00:00,Jan-Jun,15,-1.280601358489813,1.7107345856341185,-2.133709057731096,0.5,21,21
2021-05-02 16:00:00,Jan-Jun,16,-1.2958326751453233,1.2707408212941096,-2.337886575393071,0.0,20,20
2021-05-02 17:00:00,Jan-Jun,17,-1.216349942928437,3.187501517483337,-1.4907872527594535,1.75,23,25
2021-05-02 18:00:00,Jan-Jun,18,-1.2943930436708684,1.3603916087852936,-1.4131060143664058,0.75,20,21
2021-05-02 19:00:00,Jan-Jun,19,-1.2944790854569104,1.215040426335739,-1.4086104090749245,0.75,20,21
2021-05-02 20:00:00,Jan-Jun,20,-1.2168828707049038,3.7231741736023776,-0.46294225973836944,3.0,23,26
2021-05-02 21:00:00,Jan-Jun,21,-1.2637416497275487,1.4446685124710854,-2.0146135508976215,0.5,22,22
2021-05-02 22:00:00,Jan-Jun,22,-1.278390551855002,1.2273577323805105,-2.2492216994729546,0.0,21,21
2021-05-02 23:00:00,Jan-Jun,23,-1.2729761931013495,1.8857152660463707,1.4678829657996033,3.0,22,25
2021-05-03 00:00:00,Jan-Jun,0,-1.2716554131043116,1.5595552180012942,2.398873408737785,3.25,23,26
2021-05-03 01:00:00,Jan-Jun,1,-1.278390551855002,1.2273577323805105,-2.2492216994729546,0.0,21,21
2021-05-03 02:00:00,Jan-Jun,2,-1.278390551855002,1.2273577323805105,-2.2492216994729546,0.0,21,21
2021-05-03 03:00:00,Jan-Jun,3,-1.2550011420345613,2.109019731016024,1.528702848698643,2.75,23,26
2021-05-03 04:00:00,Jan-Jun,4,-1.278390551855002,1.2273577323805105,-2.2492216994729546,0.0,21,21
2021-05-03 05:00:00,Jan-Jun,5,-1.278390551855002,1.2273577323805105,-2.2492216994729546,0.0,21,21
2021-05-03 06:00:00,Jan-Jun,6,-1.2294564947351783,2.402240632074983,-0.805981806871813,1.75,23,25
2021-05-03 07:00:00,Jan-Jun,7,-0.3841185791702594,31.05453889788755,24.142898782998273,38.25,59,97
2021-05-03 08:00:00,Jan-Jun,8,1.5201234390871847,9.015775286890792,1.699518844697252,9.25,175,184
2021-05-03 09:00:00,Jan-Jun,9,1.2396227692104906,16.07435755305477,14.866744004041607,11.0,170,181
2021-05-03 10:00:00,Jan-Jun,10,1.1526457234946048,15.025127974642428,2.8798424839898473,15.5,149,164
2021-05-03 11:00:00,Jan-Jun,11,1.3766148319809648,6.301173668194848,4.970928550813312,5.25,174,179
2021-05-03 12:00:00,Jan-Jun,12,0.04219360419735056,19.638817113577446,36.88017092400504,27.75,106,134
2021-05-03 13:00:00,Jan-Jun,13,1.5146764956474486,4.02651286754033,0.013464480046877725,3.25,179,182
2021-05-03 14:00:00,Jan-Jun,14,1.2302794245861544,8.714457077647303,4.405266626284913,2.75,167,170
2021-05-03 15:00:00,Jan-Jun,15,1.1357467400783767,13.608489691936311,6.853849676109178,12.75,154,167
2021-05-03 16:00:00,Jan-Jun,16,0.8992381336422843,13.492706174627452,15.485503012466381,14.75,147,162
2021-05-03 17:00:00,Jan-Jun,17,0.589029867932237,19.5434008479389,17.36498572539074,27.5,119,146
2021-05-03 18:00:00,Jan-Jun,18,0.7471698387786402,2.7994876480590527,3.2502676874985355,6.75,134,141
2021-05-03 19:00:00,Jan-Jun,19,0.43997326311111523,13.79224217126884,12.95616553501415,11.0,122,133
2021-05-03 20:00:00,Jan-Jun,20,0.36066424522771456,5.913364173343604,1.5273016747283776,7.25,110,117
2021-05-03 21:00:00,Jan-Jun,21,0.14802669627098952,4.256766653210448,6.783098186108177,5.75,104,110
2021-05-03 22:00:00,Jan-Jun,22,0.20456636022880445,5.664790676418826,3.524319952025934,5.5,105,110
2021-05-03 23:00:00,Jan-Jun,23,0.14096954048506138,16.63192969158701,11.189851676664276,15.5,99,114
2021-05-04 00:00:00,Jan-Jun,0,-0.5128564542371152,2.531723068617129,2.469764281465075,3.0,65,68
2021-05-04 01:00:00,Jan-Jun,1,0.3593794758360727,6.856490481124643,1.6013519650240795,8.75,108,117
2021-05-04 02:00:00,Jan-Jun,2,0.377721134087758,5.813968451369212,3.544193282012401,3.75,116,120
2021-05-04 03:00:00,Jan-Jun,3,0.17645006209022732,6.852927174395392,8.144859834705898,9.25,104,113
2021-05-04 04:00:00,Jan-Jun,4,0.20439014696337243,5.550106286241879,1.5344763610625023,7.0,101,108
2021-05-04 05:00:00,Jan-Jun,5,-0.09810745347546028,6.6912881293269955,4.865132446225886,9.25,85,94
2021-05-04 06:00:00,Jan-Jun,6,0.302296289445854,1.6923688847606648,-0.10854278285950159,1.5,111,112
2021-05-04 07:00:00,Jan-Jun,7,0.7629555919462551,14.891108108592755,3.340423779165434,16.0,126,142
2021-05-04 08:00:00,Jan-Jun,8,1.2952871308798177,9.19812022919236,11.658415593079923,9.75,171,181
2021-05-04 09:00:00,Jan-Jun,9,1.3979714392722113,8.297882515221552,1.7399971634870326,8.75,168,177
2021-05-04 10:00:00,Jan-Jun,10,1.2804042686148422,14.679964922069482,5.516219552546886,13.5,161,174
2021-05-04 11:00:00,Jan-Jun,11,1.3292763572765198,9.455608003536033,6.699377575848189,5.5,173,178
2021-05-04 12:00:00,Jan-Jun,12,0.0019116759232704905,18.809114022638465,34.17273844020647,25.5,104,129
2021-05-04 13:00:00,Jan-Jun,13,1.2318027607854496,8.545456316388293,4.3174660540502146,4.75,165,170
2021-05-04 14:00:00,Jan-Jun,14,1.1921041758187536,10.034118983482754,16.605574535024886,13.75,166,180
2021-05-04 15:00:00,Jan-Jun,15,1.370404295959733,17.597797272716505,3.3288853936957707,18.0,159,177
2021-05-04 16:00:00,Jan-Jun,16,1.176288971426804,6.112368809618704,1.5171159244201249,3.0,161,164
2021-05-04 17:00:00,Jan-Jun,17,0.7058242301420838,24.321774553754196,17.633305718998372,30.0,123,153
2021-05-04 18:00:00,Jan-Jun,18,1.2789162392469076,5.169087038148777,0.6019851439292552,6.5,163,169
2021-05-04 19:00:00,Jan-Jun,19,1.2878056866972134,15.10818016645982,3.0896238061312715,13.75,158,172
2021-05-04 20:00:00,Jan-Jun,20,0.4415470148413281,7.6088451061435105,8.865459161377174,5.5,124,129
2021-05-04 21:00:00,Jan-Jun,21,0.4960850551999226,8.863200308840625,10.722048564124734,9.5,125,134
2021-05-04 22:00:00,Jan-Jun,22,0.31292869070819923,7.561885039614873,2.2786372004596274,10.5,105,115
2021-05-04 23:00:00,Jan-Jun,23,0.04418075794454146,14.495291992652502,8.767075937600453,11.0,95,106
2021-05-05 00:00:00,Jan-Jun,0,-0.5366538579523273,2.5851317213935583,2.8241471788332717,2.0,65,67
2021-05-05 01:00:00,Jan-Jun,1,0.18967655423249616,2.944023504913236,5.382524127535007,5.75,105,111
2021-05-05 02:00:00,Jan-Jun,2,0.3375056890492473,6.177689949369661,0.8620920417788227,5.0,110,115
2021-05-05 03:00:00,Jan-Jun,3,0.24868226869299076,8.949276780727624,0.9816100698603805,7.25,103,110
2021-05-05 04:00:00,Jan-Jun,4,0.3155259825021439,9.466237516399804,7.1289370187963215,8.25,112,120
2021-05-05 05:00:00,Jan-Jun,5,0.008187473943180274,8.776986666940848,1.8155636152876724,8.75,88,97
2021-05-05 06:00:00,Jan-Jun,6,0.19169946408782745,5.237370962028671,3.2659296141508634,6.0,103,109
2021-05-05 07:00:00,Jan-Jun,7,-0.7875204946009188,30.65583987277622,42.10173335013238,29.25,63,92
2021-05-05 08:00:00,Jan-Jun,8,-1.2791617270153581,1.6708757252626718,-2.2089284967044307,0.25,21,21
2021-05-05 09:00:00,Jan-Jun,9,-1.278390551855002,1.2273577323805105,-2.2492216994729546,0.0,21,21
2021-05-05 10:00:00,Jan-Jun,10,-1.217379243446919,3.107470449233156,-1.4370072341164928,2.0,23,25
2021-05-05 11:00:00,Jan-Jun,11,-1.277036962166589,1.1693215060676696,-1.319945533154808,0.75,21,22
2021-05-05 12:00:00,Jan-Jun,12,-1.2950614999849672,0.8665267033092052,-1.378179778161595,0.75,20,21
2021-05-05 13:00:00,Jan-Jun,13,-1.2021479267914088,3.633746573863505,-1.2328297164545035,2.5,24,26
2021-05-05 14:00:00,Jan-Jun,14,-1.278390551855002,1.2273577323805105,-2.2492216994729546,0.0,21,21
2021-05-05 15:00:00,Jan-Jun,15,-1.278390551855002,1.2273577323805105,-2.2492216994729546,0.0,21,21
2021-05-05 16:00:00,Jan-Jun,16,-1.257744876445839,2.299474831942024,1.6720604834615784,3.5,23,26
2021-05-05 17:00:00,Jan-Jun,17,-1.2753058512135775,0.9993238785252069,1.5896054894529783,3.0,22,25
2021-05-05 18:00:00,Jan-Jun,18,-1.278390551855002,1.2273577323805105,-2.2492216994729546,0.0,21,21
2021-05-05 19:00:00,Jan-Jun,19,-1.278390551855002,1.2273577323805105,-2.2492216994729546,0.0,21,21
2021-05-05 20:00:00,Jan-Jun,20,-1.253647552346148,1.8724101955813184,1.4579790150167753,2.5,24,26
2021-05-05 21:00:00,Jan-Jun,21,-1.2769509203805471,1.3236665862688584,-1.324441138446275,0.75,21,22
2021-05-05 22:00:00,Jan-Jun,22,-1.2623020182530937,1.4058666610200188,-2.0898329898709562,0.25,22,22
2021-05-05 23:00:00,Jan-Jun,23,-1.201889801433283,3.8144769177164535,-1.2463165323289331,2.5,24,26
2021-05-06 00:00:00,Jan-Jun,0,-1.278390551855002,1.2273577323805105,-2.2492216994729546,0.0,21,21
2021-05-06 01:00:00,Jan-Jun,1,-1.278390551855002,1.2273577323805105,-2.2492216994729546,0.0,21,21
2021-05-06 02:00:00,Jan-Jun,2,-1.2438671494787419,2.5128657607040137,0.9469618348054212,3.25,23,26
2021-05-06 03:00:00,Jan-Jun,3,-1.2760770263739338,0.656125382975982,0.6298986922215022,2.25,22,24
2021-05-06 04:00:00,Jan-Jun,4,-1.278390551855002,1.2273577323805105,-2.2492216994729546,0.0,21,21
2021-05-06 05:00:00,Jan-Jun,5,-1.2729761931013495,1.8857152660463707,1.4678829657996033,3.0,22,25
2021-05-06 06:00:00,Jan-Jun,6,-1.2716554131043116,1.5595552180012942,2.398873408737785,3.25,23,26
2021-05-06 07:00:00,Jan-Jun,7,-0.513936107885771,28.590743786891483,29.5312106667229,39.5,56,95
2021-05-06 08:00:00,Jan-Jun,8,1.6598149680688052,10.196115301785285,8.64811417998925,14.0,185,199
2021-05-06 09:00:00,Jan-Jun,9,1.6015818370505412,6.300839293988451,0.004498823632843596,0.75,186,187
2021-05-06 10:00:00,Jan-Jun,10,1.2434010201659447,9.528581160963565,10.648976845295863,12.5,165,177
2021-05-06 11:00:00,Jan-Jun,11,1.4437236148795765,4.050320882321227,1.1029777050333394,7.75,171,179
2021-05-06 12:00:00,Jan-Jun,12,-0.07616423451053578,19.778554714248543,32.616276863702765,22.0,101,123
2021-05-06 13:00:00,Jan-Jun,13,1.2107657685417306,11.348962285283854,8.529975779710043,6.75,166,173
2021-05-06 14:00:00,Jan-Jun,14,1.2016115039734574,5.2700234909308135,3.057600389335903,6.75,160,167
2021-05-06 15:00:00,Jan-Jun,15,1.1733159510004076,13.949662047058823,10.688471988054516,18.5,155,173
2021-05-06 16:00:00,Jan-Jun,16,1.1832756087022867,1.7371141836641344,0.11442691127427906,4.25,159,163
2021-05-06 17:00:00,Jan-Jun,17,0.7550492223114084,24.36888010232692,16.79612343270196,30.25,125,155
2021-05-06 18:00:00,Jan-Jun,18,0.5033314511206971,13.75068331617439,16.304387834485766,14.75,125,140
2021-05-06 19:00:00,Jan-Jun,19,0.26935381006219583,10.836983776493911,13.790163846742445,8.75,115,124
2021-05-06 20:00:00,Jan-Jun,20,0.7160335306020617,6.6245781214753885,2.0448719754054707,10.25,128,138
2021-05-06 21:00:00,Jan-Jun,21,0.3839789142178505,9.890830333359562,11.183513429071752,7.5,121,128
2021-05-06 22:00:00,Jan-Jun,22,0.37240840532225183,4.5040416310315665,3.8504031823317746,6.5,114,120
2021-05-06 23:00:00,Jan-Jun,23,0.21979994901900848,16.140524895189856,10.646301157759382,17.0,101,118
2021-05-07 00:00:00,Jan-Jun,0,-0.5315965980599813,5.924838994983911,7.536323078872272,5.5,67,72
2021-05-07 01:00:00,Jan-Jun,1,0.2352815809227279,5.768057292335033,3.753985895440934,8.5,104,112
2021-05-07 02:00:00,Jan-Jun,2,0.1292125135998933,5.03734542873542,3.8674917726417135,4.5,102,106
2021-05-07 03:00:00,Jan-Jun,3,0.29050475465563663,6.6239455920106876,1.571086246231559,8.25,105,113
2021-05-07 04:00:00,Jan-Jun,4,0.11709582578692534,1.9047282318232037,0.565861655836116,3.75,98,102
2021-05-07 05:00:00,Jan-Jun,5,-0.012631148890885518,13.077382307644214,15.00041499868432,19.75,89,109
2021-05-07 06:00:00,Jan-Jun,6,0.19226862747498183,9.491240243065256,9.233124727671907,8.0,107,115
2021-05-07 07:00:00,Jan-Jun,7,0.6230943164537525,13.96705694802465,3.4016121283924576,16.0,118,134
2021-05-07 08:00:00,Jan-Jun,8,1.463921859869259,7.0081583484176395,1.9388108789243574,9.5,172,181
2021-05-07 09:00:00,Jan-Jun,9,1.2319961955401524,11.44112770397838,8.306317049542344,4.0,170,174
2021-05-07 10:00:00,Jan-Jun,10,1.2314702114950185,14.663254402442936,8.336633207046134,15.75,158,174
2021-05-07 11:00:00,Jan-Jun,11,1.2486929421778874,6.786219663596432,0.34396618442872295,3.5,164,167
2021-05-07 12:00:00,Jan-Jun,12,0.06443198053163515,16.63514198110953,31.601249216134732,24.5,106,130
2021-05-07 13:00:00,Jan-Jun,13,1.3277986975592309,9.300912498258194,2.784545491378651,6.75,167,174
2021-05-07 14:00:00,Jan-Jun,14,1.0888340251870292,2.1922122952965775,0.5577591705782936,5.0,153,158
2021-05-07 15:00:00,Jan-Jun,15,0.8267679965536308,13.499154428989197,3.66246638355517,13.25,133,146
2021-05-07 16:00:00,Jan-Jun,16,0.8007578360184421,10.067837844299413,12.161614752747795,8.25,145,153
2021-05-07 17:00:00,Jan-Jun,17,0.7013738719479267,16.857117683211523,4.889811141949053,20.25,120,140
2021-05-07 18:00:00,Jan-Jun,18,0.2016044814131651,5.59076551175464,4.69503384632138,2.75,108,111
2021-05-07 19:00:00,Jan-Jun,19,0.05593519327125199,7.695392473392472,8.090978787297786,6.5,100,106
2021-05-07 20:00:00,Jan-Jun,20,0.2411243559744435,4.754650077021969,1.4172257021123187,6.75,103,110
2021-05-07 21:00:00,Jan-Jun,21,0.13125123666262062,5.179742375536025,4.749985832969088,5.0,102,107
2021-05-07 22:00:00,Jan-Jun,22,0.1192589383022925,4.791731314592785,5.441186277712021,6.75,100,107
2021-05-07 23:00:00,Jan-Jun,23,-0.15820082215632575,16.730114667369993,15.285229519024597,16.0,85,101
2021-05-08 00:00:00,Jan-Jun,0,-0.5565145626311759,1.7558518022944227,-0.045519484445691205,2.25,61,63
2021-05-08 01:00:00,Jan-Jun,1,0.22268807891821726,6.3924690355735505,7.479837931876645,11.25,104,115
2021-05-08 02:00:00,Jan-Jun,2,0.03942112486153784,10.411915434421948,13.037961187206363,6.75,103,110
2021-05-08 03:00:00,Jan-Jun,3,0.22022554875332243,6.790391744959487,3.6217708536591005,8.25,103,111
2021-05-08 04:00:00,Jan-Jun,4,0.2012283684304415,9.307802394129599,7.71671188110011,7.75,106,114
2021-05-08 05:00:00,Jan-Jun,5,-0.010283949865622921,10.519628197042575,4.866828736309714,12.0,87,99
2021-05-08 06:00:00,Jan-Jun,6,0.13607024917107724,11.223642890562347,11.472232270725684,10.5,104,114
2021-05-08 07:00:00,Jan-Jun,7,-0.724526032285977,24.68319344228078,34.516526181767034,25.5,63,88
2021-05-08 08:00:00,Jan-Jun,8,-1.1858012678313747,4.03053056169448,-1.086927822726956,2.75,24,27
2021-05-08 09:00:00,Jan-Jun,9,-1.2601772534043243,0.7888446184743286,-1.200850026321362,0.75,22,23
2021-05-08 10:00:00,Jan-Jun,10,-1.2609484285646806,1.1842365919843418,-2.160556823552824,0.0,22,22
2021-05-08 11:00:00,Jan-Jun,11,-1.1818265405521773,3.3330916229022396,-1.2946037184810635,2.0,25,27
2021-05-08 12:00:00,Jan-Jun,12,-1.2456310701231283,1.7402000930946628,-1.96087491118233,0.5,23,23
2021-05-08 13:00:00,Jan-Jun,13,-1.2609484285646806,1.1842365919843418,-2.160556823552824,0.0,22,22
2021-05-08 14:00:00,Jan-Jun,14,-1.241656342843931,1.963096255483158,0.8314491930635768,2.75,23,26
2021-05-08 15:00:00,Jan-Jun,15,-1.255652921288445,1.4594888398573667,2.562757723631236,3.5,24,27
2021-05-08 16:00:00,Jan-Jun,16,-1.2457171119091703,1.618529103889748,-1.9563793058908345,0.5,23,23
2021-05-08 17:00:00,Jan-Jun,17,-1.2601772534043243,0.7888446184743286,-1.200850026321362,0.75,22,23
2021-05-08 18:00:00,Jan-Jun,18,-1.251436745711337,2.296375082142336,2.3424663732749167,3.0,24,27
2021-05-08 19:00:00,Jan-Jun,19,-1.2609484285646806,1.1842365919843418,-2.160556823552824,0.0,22,22
2021-05-08 20:00:00,Jan-Jun,20,-1.2609484285646806,1.1842365919843418,-2.160556823552824,0.0,22,22
2021-05-08 21:00:00,Jan-Jun,21,-1.2208880706142746,2.2116338101530073,1.7463258033074212,3.0,25,28
2021-05-08 22:00:00,Jan-Jun,22,-1.2573840322414562,0.7539323245278486,-1.3467932989765359,0.25,23,23
2021-05-08 23:00:00,Jan-Jun,23,-1.2457171119091703,1.618529103889748,-1.9563793058908345,0.5,23,23
2021-05-09 00:00:00,Jan-Jun,0,-1.2588236637159111,0.657044273138654,-1.2715738600032154,0.5,23,23
2021-05-09 01:00:00,Jan-Jun,1,-1.2442774804347152,1.5825471856996707,-2.0315987448641835,0.25,23,23
2021-05-09 02:00:00,Jan-Jun,2,-1.184020670126773,3.433444338493609,-1.1799624380114366,2.25,25,27
2021-05-09 03:00:00,Jan-Jun,3,-1.2462995264372272,1.40651805360042,-1.925948674977505,0.5,23,23
2021-05-09 04:00:00,Jan-Jun,4,-1.244945936748814,1.212515288144053,-1.9966725086593726,0.25,23,23
2021-05-09 05:00:00,Jan-Jun,5,-1.2402167113694758,1.8811765531011093,0.7562297540902279,2.5,24,26
2021-05-09 06:00:00,Jan-Jun,6,-1.2403355628468928,1.4252174000760682,1.7624396360017442,3.0,24,27
2021-05-09 07:00:00,Jan-Jun,7,-0.5240600685417816,40.5270595951483,66.107396175454,67.5,64,131
2021-05-09 08:00:00,Jan-Jun,8,1.5126533607868258,5.099505279878726,2.1300719620674613,7.5,177,184
2021-05-09 09:00:00,Jan-Jun,9,1.0830677861235292,10.75885198695067,6.890108056957757,6.0,158,164
2021-05-09 10:00:00,Jan-Jun,10,1.1868055620469695,13.436502757895756,5.910970889046041,12.0,157,169
2021-05-09 11:00:00,Jan-Jun,11,1.3088285639472108,11.694099235938785,2.877927626769633,9.25,164,173
2021-05-09 12:00:00,Jan-Jun,12,0.07397468044420731,16.05349628323519,27.051236347422403,20.25,106,126
2021-05-09 13:00:00,Jan-Jun,13,1.1102204031263747,4.007921126682824,0.32511189155314923,1.5,158,159
2021-05-09 14:00:00,Jan-Jun,14,1.158222660022515,4.665680662321059,1.5584044332866824,8.75,154,163
2021-05-09 15:00:00,Jan-Jun,15,0.9508359632658577,7.67431677570572,1.5115574257249875,9.75,141,151
2021-05-09 16:00:00,Jan-Jun,16,1.0496332212442232,1.6580452565832746,1.8171770323939427,4.5,153,157
2021-05-09 17:00:00,Jan-Jun,17,0.9079128575560123,24.84006321138068,5.98551770130814,25.25,128,153
2021-05-09 18:00:00,Jan-Jun,18,1.1201090628152608,5.662799940617076,5.755158929285244,6.0,159,165
2021-05-09 19:00:00,Jan-Jun,19,0.8848786933559493,17.096322530374497,9.313138484329556,13.5,142,155
2021-05-09 20:00:00,Jan-Jun,20,0.18875839202575154,9.023257897630254,8.43544426899409,3.5,111,114
2021-05-09 21:00:00,Jan-Jun,21,0.44652969145638843,4.531394870747425,0.5782724863246926,1.25,120,121
2021-05-09 22:00:00,Jan-Jun,22,0.39741958041611297,9.770070691166165,4.408833365689304,9.75,112,122
2021-05-09 23:00:00,Jan-Jun,23,0.14830056991000323,11.571301096977221,6.767312923316865,9.25,101,110
2021-05-10 00:00:00,Jan-Jun,0,-1.2588236637159111,0.657044273138654,-1.2715738600032154,0.5,23,23
2021-05-10 01:00:00,Jan-Jun,1,-1.2442774804347152,1.5825471856996707,-2.0315987448641835,0.25,23,23
2021-05-10 02:00:00,Jan-Jun,2,-1.184020670126773,3.433444338493609,-1.1799624380114366,2.25,25,27
2021-05-10 03:00:00,Jan-Jun,3,-1.2462995264372272,1.40651805360042,-1.925948674977505,0.5,23,23
2021-05-10 04:00:00,Jan-Jun,4,-1.244945936748814,1.212515288144053,-1.9966725086593726,0.25,23,23
2021-05-10 05:00:00,Jan-Jun,5,-1.2402167113694758,1.8811765531011093,0.7562297540902279,2.5,24,26
2021-05-10 06:00:00,Jan-Jun,6,-1.2403355628468928,1.4252174000760682,1.7624396360017442,3.0,24,27
2021-05-10 07:00:00,Jan-Jun,7,-0.5240600685417816,40.5270595951483,66.107396175454,67.5,64,131
2021-05-10 08:00:00,Jan-Jun,8,1.5126533607868258,5.099505279878726,2.1300719620674613,7.5,177,184
2021-05-10 09:00:00,Jan-Jun,9,1.0830677861235292,10.75885198695067,6.890108056957757,6.0,158,164
2021-05-10 10:00:00,Jan-Jun,10,1.1868055620469695,13.436502757895756,5.910970889046041,12.0,157,169
2021-05-10 11:00:00,Jan-Jun,11,1.3088285639472108,11.694099235938785,2.877927626769633,9.25,164,173
2021-05-10 12:00:00,Jan-Jun,12,0.07397468044420731,16.05349628323519,27.051236347422403,20.25,106,126
2021-05-10 13:00:00,Jan-Jun,13,1.1102204031263747,4.007921126682824,0.32511189155314923,1.5,158,159
2021-05-10 14:00:00,Jan-Jun,14,1.158222660022515,4.665680662321059,1.5584044332866824,8.75,154,163
2021-05-10 15:00:00,Jan-Jun,15,0.9508359632658577,7.67431677570572,1.5115574257249875,9.75,141,151
2021-05-10 16:00:00,Jan-Jun,16,1.0496332212442232,1.6580452565832746,1.8171770323939427,4.5,153,157
2021-05-10 17:00:00,Jan-Jun,17,0.9079128575560123,24.84006321138068,5.98551770130814,25.25,128,153
2021-05-10 18:00:00,Jan-Jun,18,1.1201090628152608,5.662799940617076,5.755158929285244,6.0,159,165
2021-05-10 19:00:00,Jan-Jun,19,0.8848786933559493,17.096322530374497,9.313138484329556,13.5,142,155
2021-05-10 20:00:00,Jan-Jun,20,0.18875839202575154,9.023257897630254,8.43544426899409,3.5,111,114
2021-05-10 21:00:00,Jan-Jun,21,0.44652969145638843,4.531394870747425,0.5782724863246926,1.25,120,121
2021-05-10 22:00:00,Jan-Jun,22,0.39741958041611297,9.770070691166165,4.408833365689304,9.75,112,122
2021-05-10 23:00:00,Jan-Jun,23,0.14830056991000323,11.571301096977221,6.767312923316865,9.25,101,110
2021-05-11 00:00:00,Jan-Jun,0,-0.5293553187949969,3.377272488787805,3.4087650334212753,3.75,64,68
2021-05-11 01:00:00,Jan-Jun,1,0.15459512755407434,9.151599313775582,6.404513323747622,12.25,98,110
2021-05-11 02:00:00,Jan-Jun,2,0.17307497082835752,2.337798141304041,3.3393900666228973,3.75,104,108
2021-05-11 03:00:00,Jan-Jun,3,0.09366160333729796,3.737742128364536,4.916540607668324,4.25,101,105
2021-05-11 04:00:00,Jan-Jun,4,0.1619544544187324,6.024435342132787,8.980343590055213,7.75,105,113
2021-05-11 05:00:00,Jan-Jun,5,0.09776398411770315,9.584657744622099,10.680091568900139,14.0,97,111
2021-05-11 06:00:00,Jan-Jun,6,0.16496005953121226,12.402812892934977,12.807109441933932,10.25,107,117
2021-05-11 07:00:00,Jan-Jun,7,0.675181575088008,13.690537490178981,6.399457307717,16.5,124,140
2021-05-11 08:00:00,Jan-Jun,8,1.4215707359022782,4.0618748504812165,0.3798038263796002,6.0,171,177
2021-05-11 09:00:00,Jan-Jun,9,1.3876826607249784,4.597833852514353,2.3330117878758756,3.75,173,177
2021-05-11 10:00:00,Jan-Jun,10,1.2992836863184167,14.078908234630896,1.4280660125743339,11.5,160,171
2021-05-11 11:00:00,Jan-Jun,11,1.3534150466456425,6.828075469251769,0.30809524396059373,3.75,169,173
2021-05-11 12:00:00,Jan-Jun,12,-0.06599017774737156,20.882504781379343,38.03724023257335,29.0,100,129
2021-05-11 13:00:00,Jan-Jun,13,1.4039771764484563,10.88479862393114,9.393844317510286,9.5,176,185
2021-05-11 14:00:00,Jan-Jun,14,1.0773236002247226,11.532439636570881,9.221185864450916,11.0,155,166
2021-05-11 15:00:00,Jan-Jun,15,1.1486405235852342,10.925470221489133,2.1106903061053686,12.5,151,163
2021-05-11 16:00:00,Jan-Jun,16,0.9569198671917198,4.039228562379093,1.1608992805573735,6.75,144,151
2021-05-11 17:00:00,Jan-Jun,17,0.5940815898493602,20.591045311530525,15.073819484281842,26.0,118,144
2021-05-11 18:00:00,Jan-Jun,18,0.7351981878268952,6.6819078817592965,3.9402780769604533,3.0,138,141
2021-05-11 19:00:00,Jan-Jun,19,0.5679613167259984,10.679071526741744,10.579314415878983,5.75,132,138
2021-05-11 20:00:00,Jan-Jun,20,0.5729434489120033,5.495857969160975,3.2921591200995977,3.5,128,131
2021-05-11 21:00:00,Jan-Jun,21,0.6140080108551959,4.3618190762280475,0.9253197849305081,5.75,125,131
2021-05-11 22:00:00,Jan-Jun,22,0.2533283337765444,5.582563092235933,2.713824683309255,5.25,107,112
2021-05-11 23:00:00,Jan-Jun,23,0.17846401057678768,17.999573300686528,16.028781827990784,13.75,107,121
2021-05-12 00:00:00,Jan-Jun,0,-0.5335159252162363,6.989388202816401,10.645557846916503,8.5,67,75
2021-05-12 01:00:00,Jan-Jun,1,0.1451620927448567,6.012451806375538,0.9482054217507851,5.75,98,104
2021-05-12 02:00:00,Jan-Jun,2,0.3130565060801517,3.8880621931803088,0.27127030219843107,2.75,110,113
2021-05-12 03:00:00,Jan-Jun,3,0.20610061050780049,13.195307580286777,2.4358903246663317,12.75,96,109
2021-05-12 04:00:00,Jan-Jun,4,0.18440380642075413,5.600758544980511,5.686429644474941,4.0,107,111
2021-05-12 05:00:00,Jan-Jun,5,0.10365282000169657,12.993539193280837,6.340676566059685,14.75,92,107
2021-05-12 06:00:00,Jan-Jun,6,0.2462144255581647,3.9818068669993965,1.1238492154432151,5.75,104,110
2021-05-12 07:00:00,Jan-Jun,7,0.8248712669911246,20.124250286528124,4.771788239780676,21.25,126,147
2021-05-12 08:00:00,Jan-Jun,8,1.4286799699982544,8.863222160765542,0.9700486967727215,9.0,169,178
2021-05-12 09:00:00,Jan-Jun,9,1.2105352343235212,4.031663928878623,0.5432630870607227,4.75,160,165
2021-05-12 10:00:00,Jan-Jun,10,1.144920176321086,15.359016162303144,5.325120068133685,17.0,149,166
2021-05-12 11:00:00,Jan-Jun,11,1.2262236490670824,11.607014761836641,17.639029476268206,15.5,168,183
2021-05-12 12:00:00,Jan-Jun,12,-0.18412699056063916,21.644238010350822,40.76076691383055,31.5,94,125
2021-05-12 13:00:00,Jan-Jun,13,1.4129609250715005,9.133574598257347,7.87604774031297,5.75,178,184
2021-05-12 14:00:00,Jan-Jun,14,1.159637581847311,11.132559191924958,10.476852543466237,8.25,164,172
2021-05-12 15:00:00,Jan-Jun,15,1.1625436665017903,12.945741399487508,6.309354458838726,15.25,153,168
2021-05-12 16:00:00,Jan-Jun,16,1.0748426652939742,9.149723701653521,6.36417958225104,4.25,159,163
2021-05-12 17:00:00,Jan-Jun,17,0.8894429069555917,28.94531792841984,23.050070774105563,37.75,131,169
2021-05-12 18:00:00,Jan-Jun,18,0.994640581729524,12.090673884239855,16.986789374252652,11.75,157,169
2021-05-12 19:00:00,Jan-Jun,19,0.36697417112012753,25.531922782073213,37.16361629498843,28.5,125,153
2021-05-12 20:00:00,Jan-Jun,20,0.17554390282129434,3.556224728455881,4.19708816249387,4.25,105,109
2021-05-12 21:00:00,Jan-Jun,21,0.3395772218033498,2.909395594575354,0.7426950489828528,5.0,110,115
2021-05-12 22:00:00,Jan-Jun,22,0.1420095005859883,7.362936644469503,13.129911466482923,13.75,102,116
2021-05-12 23:00:00,Jan-Jun,23,0.1392547871685016,10.671311624206492,8.288684962779925,9.5,102,111
2021-05-13 00:00:00,Jan-Jun,0,-0.41445861313502214,4.016501247722099,3.8696427420956923,5.0,70,75
2021-05-13 01:00:00,Jan-Jun,1,0.18463395376292735,6.92364292996417,1.6731646355094512,8.75,98,107
2021-05-13 02:00:00,Jan-Jun,2,0.1771898358410829,9.441399606470709,8.102221473798195,10.0,103,113
2021-05-13 03:00:00,Jan-Jun,3,0.19643873969404743,8.696454206071884,3.992771850029925,10.0,100,110
2021-05-13 04:00:00,Jan-Jun,4,0.14468816004357118,8.73970647885197,9.97552149445545,8.0,105,113
2021-05-13 05:00:00,Jan-Jun,5,-0.0018542551963726375,11.799920785284515,10.387069077369674,15.75,89,105
2021-05-13 06:00:00,Jan-Jun,6,0.08698024111032958,6.021549557899801,5.301634474082334,4.5,101,105
2021-05-13 07:00:00,Jan-Jun,7,0.6318819738371285,15.684004834554871,3.8951176676032446,17.75,117,135
2021-05-13 08:00:00,Jan-Jun,8,1.2683998079717222,8.065290889331225,8.208120995132134,11.25,165,176
2021-05-13 09:00:00,Jan-Jun,9,1.2028948650832247,5.812252189678732,9.983631268223007,10.75,163,174
2021-05-13 10:00:00,Jan-Jun,10,1.337576697705124,22.59200585365751,4.220970616365889,18.0,158,176
2021-05-13 11:00:00,Jan-Jun,11,1.1841213671399282,7.171101456079756,7.065679907932804,5.75,164,170
2021-05-13 12:00:00,Jan-Jun,12,-0.1773386197152818,20.60120942779534,34.37442000456382,23.25,96,119
2021-05-13 13:00:00,Jan-Jun,13,1.29893289486668,6.396364448006388,5.448284589544926,7.5,168,175
2021-05-13 14:00:00,Jan-Jun,14,1.1311803174785873,11.309474502252659,9.117044706538053,6.25,163,169
2021-05-13 15:00:00,Jan-Jun,15,0.8801824370129663,13.385992288105966,10.583816745940794,17.5,139,156
2021-05-13 16:00:00,Jan-Jun,16,1.019462931264578,8.184107287459916,1.5561029017619603,5.5,150,155
2021-05-13 17:00:00,Jan-Jun,17,0.17825613887883487,11.542084319151892,12.040762935011088,16.5,101,117
2021-05-13 18:00:00,Jan-Jun,18,0.10435299967482432,6.379756061624121,7.300320290146232,6.25,102,108
2021-05-13 19:00:00,Jan-Jun,19,0.18081431357183458,3.3103905451870683,0.8933173468174971,5.25,101,106
2021-05-13 20:00:00,Jan-Jun,20,0.6918670250877315,4.582990345521655,4.43775754725263,6.5,133,139
2021-05-13 21:00:00,Jan-Jun,21,0.47831832331590596,11.262040023341825,12.746070199584167,8.0,127,135
2021-05-13 22:00:00,Jan-Jun,22,0.3759561245852609,5.976359268097244,6.645923185359138,9.0,114,123
2021-05-13 23:00:00,Jan-Jun,23,0.11491386102088584,13.486749933522006,13.691623621673216,11.0,104,115
2021-05-14 00:00:00,Jan-Jun,0,-0.4665268576478606,4.425350474396544,3.8330054983065764,5.0,67,72
2021-05-14 01:00:00,Jan-Jun,1,0.180989053628884,8.9591938281964,4.883245849134738,10.5,100,110
2021-05-14 02:00:00,Jan-Jun,2,0.2737506462298866,3.2719367165887845,0.5367432743671401,3.75,107,111
2021-05-14 03:00:00,Jan-Jun,3,0.14402952895106236,9.191128831868065,1.0134830336354383,7.25,97,104
2021-05-14 04:00:00,Jan-Jun,4,0.2283643083730719,2.1477143452351704,0.15267693189373688,2.5,106,108
2021-05-14 05:00:00,Jan-Jun,5,0.11951978327993067,10.917586033333734,2.4261519482502933,10.75,93,104
2021-05-14 06:00:00,Jan-Jun,6,0.08955134752046816,5.615086489408523,7.153443540136919,6.75,100,107
2021-05-14 07:00:00,Jan-Jun,7,0.6256265307682377,18.833115432704464,4.255662819280303,19.75,115,135
2021-05-14 08:00:00,Jan-Jun,8,1.0520103484706036,8.067747421362046,1.6801664822295095,10.5,147,157
2021-05-14 09:00:00,Jan-Jun,9,0.7566182393104351,7.151946522176709,4.705689954902226,3.5,140,143
2021-05-14 10:00:00,Jan-Jun,10,1.0106985752489865,11.672397833572719,2.0612543409474995,12.5,143,155
2021-05-14 11:00:00,Jan-Jun,11,1.0302032699246395,6.467841113501051,0.9370616941913568,5.75,149,155
2021-05-14 12:00:00,Jan-Jun,12,-0.1967196287123306,16.542104783416434,29.477452395553712,21.75,91,113
2021-05-14 13:00:00,Jan-Jun,13,0.8946157568025512,11.138151185609033,9.751923079028643,5.75,150,156
2021-05-14 14:00:00,Jan-Jun,14,0.8608712427523274,4.030944151180854,2.6968566037237736,4.25,143,147
2021-05-14 15:00:00,Jan-Jun,15,0.8021565577598059,7.476036142187971,7.080996587601021,11.25,137,148
2021-05-14 16:00:00,Jan-Jun,16,0.6191588681462445,10.94419453722881,12.628439675429718,8.5,135,143
2021-05-14 17:00:00,Jan-Jun,17,0.37579882849700924,25.579420977561323,31.6549892645117,39.0,109,148
2021-05-14 18:00:00,Jan-Jun,18,0.760327128065827,16.3982098129031,17.491920627271952,9.75,146,156
2021-05-14 19:00:00,Jan-Jun,19,0.7945744123683824,13.222028623179645,3.5180089191149193,14.75,129,144
2021-05-14 20:00:00,Jan-Jun,20,0.1666175159862651,4.89891109256218,4.71157857666924,3.0,106,109
2021-05-14 21:00:00,Jan-Jun,21,0.2849735620620051,3.710306933937909,0.8898877524819682,2.0,110,112
2021-05-14 22:00:00,Jan-Jun,22,0.27292335748460655,7.265524456296156,1.5844257395199577,8.75,103,112
2021-05-14 23:00:00,Jan-Jun,23,-0.02444192028204713,15.68387342299922,4.672602056077039,9.5,89,98
2021-05-15 00:00:00,Jan-Jun,0,-0.7028004832743957,0.6242980545288623,-0.7199411391790349,0.0,54,54
2021-05-15 01:00:00,Jan-Jun,1,0.048768756732241174,6.11809660920483,6.504030895755392,8.25,96,104
2021-05-15 02:00:00,Jan-Jun,2,0.08539899869396406,3.680952385609825,0.3927725886120612,2.5,98,100
2021-05-15 03:00:00,Jan-Jun,3,0.05084115333916282,7.940546429180551,3.384584113049698,7.75,93,101
2021-05-15 04:00:00,Jan-Jun,4,0.16847893692544966,2.4481725037988076,0.6042918045793613,4.0,101,105
2021-05-15 05:00:00,Jan-Jun,5,-0.16181534660443248,12.68593915267669,10.490943140275874,16.5,80,96
2021-05-15 06:00:00,Jan-Jun,6,0.0905250788830814,4.422864460803034,3.0973205576463414,5.25,98,103
2021-05-15 07:00:00,Jan-Jun,7,-0.4999616450066938,18.82332163419653,19.735881321142628,17.0,69,86
2021-05-15 08:00:00,Jan-Jun,8,-1.3022207652615891,2.4463350157082,1.9958853399775194,2.5,22,24
2021-05-15 09:00:00,Jan-Jun,9,-1.3110639918008338,0.9978072562984963,-1.5420640930550462,0.5,20,20
2021-05-15 10:00:00,Jan-Jun,10,-1.2986258963081916,1.5224220391392254,-2.1919433027378687,0.5,20,20
2021-05-15 11:00:00,Jan-Jun,11,-1.2332096516907016,3.323521390333979,-1.6098827595929066,1.75,22,24
2021-05-15 12:00:00,Jan-Jun,12,-1.2958326751453233,1.2707408212941096,-2.337886575393071,0.0,20,20
2021-05-15 13:00:00,Jan-Jun,13,-1.3125036232752887,0.9064996837385694,-1.4668446540817115,0.75,19,20
2021-05-15 14:00:00,Jan-Jun,14,-1.278751396059385,2.5939663690600794,0.7696320829651881,3.25,21,24
2021-05-15 15:00:00,Jan-Jun,15,-1.3088365081058073,0.7372310633064288,1.3415519039308634,2.75,20,23
2021-05-15 16:00:00,Jan-Jun,16,-1.2972723066197784,1.3459475540905435,-2.2626671364197364,0.25,20,20
2021-05-15 17:00:00,Jan-Jun,17,-1.2958326751453233,1.2707408212941096,-2.337886575393071,0.0,20,20
2021-05-15 18:00:00,Jan-Jun,18,-1.272443265324883,2.1043606943934887,1.4400379727785264,2.75,22,25
2021-05-15 19:00:00,Jan-Jun,19,-1.3097104021124204,0.8604510774331502,-1.6127879267369138,0.25,20,20
2021-05-15 20:00:00,Jan-Jun,20,-1.2966038503056794,1.7152514503038063,-2.297593372624547,0.25,20,20
2021-05-15 21:00:00,Jan-Jun,21,-1.216796828918862,3.5069005542920224,-1.4674378650298294,2.0,23,25
2021-05-15 22:00:00,Jan-Jun,22,-1.280601358489813,1.7107345856341185,-2.133709057731096,0.5,21,21
2021-05-15 23:00:00,Jan-Jun,23,-1.2958326751453233,1.2707408212941096,-2.337886575393071,0.0,20,20
2021-05-16 00:00:00,Jan-Jun,0,-1.2958326751453233,1.2707408212941096,-2.337886575393071,0.0,20,20
2021-05-16 01:00:00,Jan-Jun,1,-1.2716720901645269,2.0916787475229017,1.3997447700100025,2.5,23,25
2021-05-16 02:00:00,Jan-Jun,2,-1.2958326751453233,1.2707408212941096,-2.337886575393071,0.0,20,20
2021-05-16 03:00:00,Jan-Jun,3,-1.2958326751453233,1.2707408212941096,-2.337886575393071,0.0,20,20
2021-05-16 04:00:00,Jan-Jun,4,-1.2335538188348691,3.3684994723955994,-0.5919003384270098,2.75,22,25
2021-05-16 05:00:00,Jan-Jun,5,-1.2958326751453233,1.2707408212941096,-2.337886575393071,0.0,20,20
2021-05-16 06:00:00,Jan-Jun,6,-1.2958326751453233,1.2707408212941096,-2.337886575393071,0.0,20,20
2021-05-16 07:00:00,Jan-Jun,7,-1.293982712714895,2.080025299325717,0.5654545653031988,2.75,20,23
2021-05-16 08:00:00,Jan-Jun,8,-1.294187605978354,1.1597753346706625,1.5761600525061823,3.25,21,24
2021-05-16 09:00:00,Jan-Jun,9,-1.2958326751453233,1.2707408212941096,-2.337886575393071,0.0,20,20
2021-05-16 10:00:00,Jan-Jun,10,-1.291771906080084,1.5818821735928175,0.44994192356135443,2.25,21,23
2021-05-16 11:00:00,Jan-Jun,11,-1.292747974503899,0.9692662062336804,1.5009406135328476,3.0,21,24
2021-05-16 12:00:00,Jan-Jun,12,-1.2958326751453233,1.2707408212941096,-2.337886575393071,0.0,20,20
2021-05-16 13:00:00,Jan-Jun,13,-1.2958326751453233,1.2707408212941096,-2.337886575393071,0.0,20,20
2021-05-16 14:00:00,Jan-Jun,14,-1.2862182734457228,2.103489903224501,2.1597696548709706,2.75,22,25
2021-05-16 15:00:00,Jan-Jun,15,-1.2958326751453233,1.2707408212941096,-2.337886575393071,0.0,20,20
2021-05-16 16:00:00,Jan-Jun,16,-1.2958326751453233,1.2707408212941096,-2.337886575393071,0.0,20,20
2021-05-16 17:00:00,Jan-Jun,17,-1.2184747077772065,3.817683974062838,-1.379770216309062,2.25,23,25
2021-05-16 18:00:00,Jan-Jun,18,-1.3125036232752887,0.9064996837385694,-1.4668446540817115,0.75,19,20
2021-05-16 19:00:00,Jan-Jun,19,-1.2980434817801345,1.7568943636434748,-2.2223739336512125,0.5,20,20
2021-05-16 20:00:00,Jan-Jun,20,-1.2912755333380688,2.706406009169396,2.4240068979394778,4.25,21,25
2021-05-16 21:00:00,Jan-Jun,21,-1.278870247536802,1.197265146084605,0.7758419648767045,2.75,21,24
2021-05-16 22:00:00,Jan-Jun,22,-1.2958326751453233,1.2707408212941096,-2.337886575393071,0.0,20,20
2021-05-16 23:00:00,Jan-Jun,23,-1.2931254957684972,1.3312323475033623,-0.47933424275679215,1.5,21,22
2021-05-17 00:00:00,Jan-Jun,0,-1.2876579049201777,1.7753228512921857,2.2349890938443053,3.0,22,25
2021-05-17 01:00:00,Jan-Jun,1,-1.2958326751453233,1.2707408212941096,-2.337886575393071,0.0,20,20
2021-05-17 02:00:00,Jan-Jun,2,-1.2958326751453233,1.2707408212941096,-2.337886575393071,0.0,20,20
2021-05-17 03:00:00,Jan-Jun,3,-1.24835492656017,3.5215876149634857,0.18144411745363698,3.25,22,25
2021-05-17 04:00:00,Jan-Jun,4,-1.2958326751453233,1.2707408212941096,-2.337886575393071,0.0,20,20
2021-05-17 05:00:00,Jan-Jun,5,-1.2971862648337364,1.4790390646830691,-2.2671627417112177,0.25,20,20
2021-05-17 06:00:00,Jan-Jun,6,-1.249794558034625,3.358672820434023,-0.7433364435730283,2.5,22,24
2021-05-17 07:00:00,Jan-Jun,7,-0.6575309817833246,25.187072992450933,29.7036333261019,37.0,50,87
2021-05-17 08:00:00,Jan-Jun,8,1.3494430407779183,12.020028746821763,19.53702986014514,18.5,174,192
2021-05-17 09:00:00,Jan-Jun,9,1.1577802888095137,17.93960036637658,21.58390139558537,22.75,160,183
2021-05-17 10:00:00,Jan-Jun,10,1.4387645590560643,20.727157670982194,2.388802947845477,16.25,164,180
2021-05-17 11:00:00,Jan-Jun,11,1.3449113780546698,8.711472040819128,13.798221434572326,17.0,169,186
2021-05-17 12:00:00,Jan-Jun,12,-0.02419870884395443,20.664542360242933,35.65876015062638,25.25,104,129
2021-05-17 13:00:00,Jan-Jun,13,1.3449683554924132,6.558545448075271,0.7949374243579825,2.75,170,173
2021-05-17 14:00:00,Jan-Jun,14,1.3172200702948433,7.793427677856053,4.39426613459608,12.25,163,175
2021-05-17 15:00:00,Jan-Jun,15,1.1978040260651566,13.18400243564944,4.277052102801633,11.25,157,168
2021-05-17 16:00:00,Jan-Jun,16,1.1609882900454669,6.614515886704037,1.3990017362872322,2.25,161,163
2021-05-17 17:00:00,Jan-Jun,17,0.9950953384386478,19.328906076621696,5.9605785487585194,20.25,138,158
2021-05-17 18:00:00,Jan-Jun,18,0.9902013626203593,10.605145647538086,9.24265277344196,8.75,152,161
2021-05-17 19:00:00,Jan-Jun,19,0.5943982627978484,16.898460708609527,11.055567396462123,12.0,128,140
2021-05-17 20:00:00,Jan-Jun,20,-0.005027172814295996,4.691436016239945,4.567649505718109,2.75,96,99
2021-05-17 21:00:00,Jan-Jun,21,-0.18441619790450162,9.119174600343086,11.777226586701104,7.0,89,96
2021-05-17 22:00:00,Jan-Jun,22,-0.03586966445111646,2.501814193305969,2.3229898649031213,2.5,93,95
2021-05-17 23:00:00,Jan-Jun,23,-0.08046962329574245,9.09009242503399,2.861309683542572,6.5,87,93
2021-05-18 00:00:00,Jan-Jun,0,-0.6102221133304695,7.254948436341502,11.011141191532175,7.5,64,71
2021-05-18 01:00:00,Jan-Jun,1,0.031102726057043787,3.8870128634471994,0.5113866587040405,4.25,93,97
2021-05-18 02:00:00,Jan-Jun,2,0.018886745317131252,0.9308676423082476,0.20663541721212653,2.5,94,96
2021-05-18 03:00:00,Jan-Jun,3,-0.07766167778358898,6.797325728343636,5.701500931969747,8.25,88,96
2021-05-18 04:00:00,Jan-Jun,4,-0.18090650688432672,5.929307591560202,6.577479355883099,6.5,85,91
2021-05-18 05:00:00,Jan-Jun,5,-0.14038236340375368,16.52463117211222,18.27112663281278,24.5,81,105
2021-05-18 06:00:00,Jan-Jun,6,-0.0043605091323434785,6.558204316762332,7.529707640297062,7.0,95,102
2021-05-18 07:00:00,Jan-Jun,7,0.6073605446519488,19.22141615102694,4.3084599852525685,19.5,115,134
2021-05-18 08:00:00,Jan-Jun,8,1.2862024560426626,7.02510492312959,10.182029257376257,9.5,170,179
2021-05-18 09:00:00,Jan-Jun,9,1.3504848886632672,3.280783955626525,2.476980843678888,4.5,171,175
2021-05-18 10:00:00,Jan-Jun,10,1.3082767813943073,12.785605501083381,1.9097307336060965,12.75,159,172
2021-05-18 11:00:00,Jan-Jun,11,1.2572965130513678,5.369077742195185,4.8480819230931615,5.0,167,172
2021-05-18 12:00:00,Jan-Jun,12,-0.1223583025621581,23.06563132045135,42.245322304024754,31.25,99,130
2021-05-18 13:00:00,Jan-Jun,13,1.437047471204067,9.64931369031668,4.487770789647129,5.5,177,182
2021-05-18 14:00:00,Jan-Jun,14,1.296427407839292,2.44370479857829,3.5926934172436518,6.25,167,173
2021-05-18 15:00:00,Jan-Jun,15,1.417212179948913,19.32656341105228,2.6310180409432746,16.75,162,179
2021-05-18 16:00:00,Jan-Jun,16,0.9209177836923326,14.006887636456328,15.235952400380484,9.5,154,163
2021-05-18 17:00:00,Jan-Jun,17,0.7195445329598744,25.42528305707465,5.84250823175131,24.25,118,142
2021-05-18 18:00:00,Jan-Jun,18,0.8742054472870208,5.962947196587857,1.928312674299633,1.5,146,147
2021-05-18 19:00:00,Jan-Jun,19,0.8870751599917469,15.792363137969309,8.186540673809048,10.0,144,154
2021-05-18 20:00:00,Jan-Jun,20,0.41560061360447065,2.815089230873828,0.36093263406215215,4.0,115,119
2021-05-18 21:00:00,Jan-Jun,21,0.33474815906801153,3.7581710994947497,0.0210278764414511,1.75,112,114
2021-05-18 22:00:00,Jan-Jun,22,0.1899956248509685,6.044208696067246,1.3641338451415947,7.25,100,107
2021-05-18 23:00:00,Jan-Jun,23,-0.03927436449034041,13.799941997402877,11.516761738464524,10.75,93,104
2021-05-19 00:00:00,Jan-Jun,0,-0.5792821213988507,4.841010473788185,6.250251792908088,6.0,62,68
2021-05-19 01:00:00,Jan-Jun,1,-0.07849847232669534,4.343085704273085,4.749125464097588,6.5,89,95
2021-05-19 02:00:00,Jan-Jun,2,0.049421080415180244,3.2825439957526545,2.4664328969217877,3.5,97,100
2021-05-19 03:00:00,Jan-Jun,3,0.07114640694723443,6.164400024301783,5.214249628131739,8.5,96,104
2021-05-19 04:00:00,Jan-Jun,4,0.07994894875867921,7.490890521375615,1.7068972731347571,7.25,94,101
2021-05-19 05:00:00,Jan-Jun,5,-0.24110698112781778,13.264290680710538,19.00367213323719,21.25,79,100
2021-05-19 06:00:00,Jan-Jun,6,-0.047790420369396396,12.334150043803211,16.0014364775098,13.5,95,108
2021-05-19 07:00:00,Jan-Jun,7,-0.8416891137366315,21.367549854147498,28.184634838439003,21.5,54,75
2021-05-19 08:00:00,Jan-Jun,8,-1.291771906080084,1.5818821735928175,0.44994192356135443,2.25,21,23
2021-05-19 09:00:00,Jan-Jun,9,-1.2570231880370732,2.0817698535701554,0.6343529185853214,2.0,23,25
2021-05-19 10:00:00,Jan-Jun,10,-1.278390551855002,1.2273577323805105,-2.2492216994729546,0.0,21,21
2021-05-19 11:00:00,Jan-Jun,11,-1.278390551855002,1.2273577323805105,-2.2492216994729546,0.0,21,21
2021-05-19 12:00:00,Jan-Jun,12,-1.2598696412946082,2.411262632002983,0.7830775199119557,3.0,22,25
2021-05-19 13:00:00,Jan-Jun,13,-1.278870247536802,1.197265146084605,0.7758419648767045,2.75,21,24
2021-05-19 14:00:00,Jan-Jun,14,-1.2958326751453233,1.2707408212941096,-2.337886575393071,0.0,20,20
2021-05-19 15:00:00,Jan-Jun,15,-1.2958326751453233,1.2707408212941096,-2.337886575393071,0.0,20,20
2021-05-19 16:00:00,Jan-Jun,16,-1.2309988450558902,3.0462800025009376,-0.7253954013347794,2.25,23,25
2021-05-19 17:00:00,Jan-Jun,17,-1.2937079102965543,0.7493799537843713,-1.4489036118434484,0.5,21,21
2021-05-19 18:00:00,Jan-Jun,18,-1.2791617270153581,1.6708757252626718,-2.2089284967044307,0.25,21,21
2021-05-19 19:00:00,Jan-Jun,19,-1.2186467913492902,3.27115359934697,-1.3707790057261136,2.25,23,25
2021-05-19 20:00:00,Jan-Jun,20,-1.2937079102965543,0.7493799537843713,-1.4489036118434484,0.5,21,21
2021-05-19 21:00:00,Jan-Jun,21,-1.2759909845878918,1.1454637740780302,0.6254030869300209,2.25,22,24
2021-05-19 22:00:00,Jan-Jun,22,-1.2161116955445477,3.323937029484103,-0.5032354625068791,2.75,23,26
2021-05-19 23:00:00,Jan-Jun,23,-1.2942903248246111,0.5919006806072967,-0.41847298093011887,1.5,21,22
2021-05-20 00:00:00,Jan-Jun,0,-1.2958326751453233,1.2707408212941096,-2.337886575393071,0.0,20,20
2021-05-20 01:00:00,Jan-Jun,1,-1.2931254957684972,1.3312323475033623,-0.47933424275679215,1.5,21,22
2021-05-20 02:00:00,Jan-Jun,2,-1.2890975363946329,1.5203777022445284,2.3102085328176685,3.25,22,25
2021-05-20 03:00:00,Jan-Jun,3,-1.2958326751453233,1.2707408212941096,-2.337886575393071,0.0,20,20
2021-05-20 04:00:00,Jan-Jun,4,-1.2958326751453233,1.2707408212941096,-2.337886575393071,0.0,20,20
2021-05-20 05:00:00,Jan-Jun,5,-1.2570231880370732,2.0817698535701554,0.6343529185853214,2.0,23,25
2021-05-20 06:00:00,Jan-Jun,6,-1.2944790854569104,1.215040426335739,-1.4086104090749245,0.75,20,21
2021-05-20 07:00:00,Jan-Jun,7,-0.3060564643064112,31.410742339617226,27.700145507505283,40.75,64,105
2021-05-20 08:00:00,Jan-Jun,8,1.403460156297858,3.434499017689041,0.42364382276750234,6.0,170,176
2021-05-20 09:00:00,Jan-Jun,9,1.1278869782306276,7.94373069417629,7.306862995283211,5.5,162,167
2021-05-20 10:00:00,Jan-Jun,10,1.2584026664560644,13.715163336548985,1.7843265275628255,12.5,157,169
2021-05-20 11:00:00,Jan-Jun,11,1.4299819608791668,4.197591347848801,0.8950058110057455,6.25,172,178
2021-05-20 12:00:00,Jan-Jun,12,-0.005779972700762624,22.08353892474116,35.610493645506324,24.5,106,130
2021-05-20 13:00:00,Jan-Jun,13,1.0903378702881246,18.446407489200837,23.471082007329926,15.25,166,181
2021-05-20 14:00:00,Jan-Jun,14,1.2474915580873218,6.1961080563701705,0.4132103937333227,3.75,163,167
2021-05-20 15:00:00,Jan-Jun,15,1.1000723042159606,14.254347306284979,2.91001815967752,11.5,150,161
2021-05-20 16:00:00,Jan-Jun,16,1.053369156710476,4.483524320551801,3.6018488127136266,6.75,152,159
2021-05-20 17:00:00,Jan-Jun,17,0.12375839889776824,8.66705515352219,8.18185073824742,9.5,101,110
2021-05-20 18:00:00,Jan-Jun,18,0.12606686769812225,10.02541728944668,10.048797455754197,6.0,106,112
2021-05-20 19:00:00,Jan-Jun,19,0.31935855441037553,2.974880347313632,0.9080389617364375,5.25,109,114
2021-05-20 20:00:00,Jan-Jun,20,0.3620705225817391,4.700594536501055,1.44624802651785,7.5,110,117
2021-05-20 21:00:00,Jan-Jun,21,0.12465770885384055,6.120048669302035,5.130017184501355,4.0,103,107
2021-05-20 22:00:00,Jan-Jun,22,0.24710477161970162,10.258583866134153,2.0725323139437393,10.5,101,111
2021-05-20 23:00:00,Jan-Jun,23,0.03365965254695247,15.866469187302723,6.365864166032026,10.25,93,103
2021-05-21 00:00:00,Jan-Jun,0,-0.6087853633462716,3.683918266132753,3.929371363626636,3.5,61,64
2021-05-21 01:00:00,Jan-Jun,1,-0.015376194639801192,4.437300552398099,6.156643932702366,6.0,94,100
2021-05-21 02:00:00,Jan-Jun,2,0.23244175449852653,1.416453065701303,-0.08233494745151404,1.5,107,108
2021-05-21 03:00:00,Jan-Jun,3,0.09727580583587642,7.218218893646008,6.708228714539274,9.25,98,107
2021-05-21 04:00:00,Jan-Jun,4,0.03259293314119998,5.200846338479303,3.4265744240388045,5.25,95,100
2021-05-21 05:00:00,Jan-Jun,5,-0.12513062434495179,10.4755602221339,7.403103600402773,13.0,82,95
2021-05-21 06:00:00,Jan-Jun,6,0.08322942121600806,5.703156901623301,5.517820587970419,3.25,102,105
2021-05-21 07:00:00,Jan-Jun,7,0.6527881116656188,14.297677090007612,2.6901500016291493,14.0,121,135
2021-05-21 08:00:00,Jan-Jun,8,1.056215609968011,4.46700374687678,4.4377877046230765,6.75,153,160
2021-05-21 09:00:00,Jan-Jun,9,0.8527025549314601,6.15388062806945,2.1676754980758233,2.25,144,146
2021-05-21 10:00:00,Jan-Jun,10,0.8966582226825907,12.42311949691441,10.634201414487165,17.5,140,157
2021-05-21 11:00:00,Jan-Jun,11,1.1238575456483806,6.630811732128766,0.5391075166607493,4.5,156,160
2021-05-21 12:00:00,Jan-Jun,12,-0.20355460481902107,18.542816658330917,32.86645175252576,23.5,93,116
2021-05-21 13:00:00,Jan-Jun,13,0.9012254172424913,7.2786966517941725,6.370961890571209,4.5,149,153
2021-05-21 14:00:00,Jan-Jun,14,1.0857826786660354,2.7994018856689658,0.7336297175747575,5.5,153,158
2021-05-21 15:00:00,Jan-Jun,15,0.7946113517531059,8.676723092344977,1.5158798427375473,9.75,132,142
2021-05-21 16:00:00,Jan-Jun,16,0.9067039221705114,0.6506382864605349,0.05519714481567917,3.25,144,147
2021-05-21 17:00:00,Jan-Jun,17,0.7116691172497097,20.51820003182059,4.296423793042607,19.5,121,140
2021-05-21 18:00:00,Jan-Jun,18,0.6830044650033061,3.897059965485378,5.948569177171748,8.5,132,140
2021-05-21 19:00:00,Jan-Jun,19,0.47067788914910175,17.83087143760347,18.18644212291744,16.25,124,140
2021-05-21 20:00:00,Jan-Jun,20,0.10620475473739903,6.297847964122823,10.193590630463916,7.75,103,111
2021-05-21 21:00:00,Jan-Jun,21,0.23535203450666534,5.100338166968159,0.7499251602016983,3.75,105,109
2021-05-21 22:00:00,Jan-Jun,22,0.15186246909324214,7.71784620192857,5.562015637875007,8.0,101,109
2021-05-21 23:00:00,Jan-Jun,23,0.03326599865119448,17.329993348659382,9.388268211039517,13.0,93,106
2021-05-22 00:00:00,Jan-Jun,0,-0.6048662052229425,1.5775526582817263,0.7063201098915286,2.5,59,61
2021-05-22 01:00:00,Jan-Jun,1,0.1718045414357291,4.2101540286322185,0.4126138419839407,4.25,101,105
2021-05-22 02:00:00,Jan-Jun,2,-0.07520311544129765,9.160533758105736,9.561576643238027,4.5,96,100
2021-05-22 03:00:00,Jan-Jun,3,0.15175741318578317,7.6584536840911905,0.5680707482280525,5.5,99,104
2021-05-22 04:00:00,Jan-Jun,4,0.1568318945673999,4.376671329588212,1.275592719211005,3.75,101,105
2021-05-22 05:00:00,Jan-Jun,5,-0.03667521945546698,17.86216722412133,14.368836459508074,23.0,84,107
2021-05-22 06:00:00,Jan-Jun,6,0.0787588656238508,10.31795377936517,12.775490128929249,10.0,102,112
2021-05-22 07:00:00,Jan-Jun,7,-0.8431425407810444,24.302393141838145,35.267353808755374,25.75,56,82
2021-05-22 08:00:00,Jan-Jun,8,-1.2950614999849672,0.8665267033092052,-1.378179778161595,0.75,20,21
2021-05-22 09:00:00,Jan-Jun,9,-1.2944790854569104,1.215040426335739,-1.4086104090749245,0.75,20,21
2021-05-22 10:00:00,Jan-Jun,10,-1.218818874921374,3.2904083335777137,-1.361787795143158,2.25,23,25
2021-05-22 11:00:00,Jan-Jun,11,-1.278390551855002,1.2273577323805105,-2.2492216994729546,0.0,21,21
2021-05-22 12:00:00,Jan-Jun,12,-1.2943930436708684,1.3603916087852936,-1.4131060143664058,0.75,20,21
2021-05-22 13:00:00,Jan-Jun,13,-1.2474315458019662,2.913139191103376,0.1331983102291474,3.0,22,25
2021-05-22 14:00:00,Jan-Jun,14,-1.292936735136198,0.33197739101989526,-0.4891968146119865,1.25,21,22
2021-05-22 15:00:00,Jan-Jun,15,-1.2958326751453233,1.2707408212941096,-2.337886575393071,0.0,20,20
2021-05-22 16:00:00,Jan-Jun,16,-1.277894179112987,1.8214221597989801,-0.2751567250948028,2.0,21,23
2021-05-22 17:00:00,Jan-Jun,17,-1.2891835781806749,1.201984118204163,2.3147041381091356,3.25,22,25
2021-05-22 18:00:00,Jan-Jun,18,-1.2958326751453233,1.2707408212941096,-2.337886575393071,0.0,20,20
2021-05-22 19:00:00,Jan-Jun,19,-1.2958326751453233,1.2707408212941096,-2.337886575393071,0.0,20,20
2021-05-22 20:00:00,Jan-Jun,20,-1.2717581319505686,1.4127156085670514,0.4042403753014838,1.5,23,24
2021-05-22 21:00:00,Jan-Jun,21,-1.2936218685105123,0.966720903711067,-1.4533992171349155,0.5,21,21
2021-05-22 22:00:00,Jan-Jun,22,-1.2958326751453233,1.2707408212941096,-2.337886575393071,0.0,20,20
2021-05-22 23:00:00,Jan-Jun,23,-1.21959005008173,3.679480550621233,-1.3214945923746484,2.5,23,25
2021-05-23 00:00:00,Jan-Jun,0,-1.278390551855002,1.2273577323805105,-2.2492216994729546,0.0,21,21
2021-05-23 01:00:00,Jan-Jun,1,-1.2798301833294572,1.3013056722665328,-2.1740022604995914,0.25,21,21
2021-05-23 02:00:00,Jan-Jun,2,-1.245220739167155,2.3133070204903476,0.017685668487288808,2.5,23,25
2021-05-23 03:00:00,Jan-Jun,3,-1.2776193766946458,0.8272725746132167,-1.2895149022414785,0.75,21,22
2021-05-23 04:00:00,Jan-Jun,4,-1.278390551855002,1.2273577323805105,-2.2492216994729546,0.0,21,21
2021-05-23 05:00:00,Jan-Jun,5,-1.2743297827897626,1.546631926230481,0.5386067994814709,2.25,22,24
2021-05-23 06:00:00,Jan-Jun,6,-1.2738662197391226,1.0176075754711944,1.5143860504796294,2.75,22,25
2021-05-23 07:00:00,Jan-Jun,7,-1.2819549481782262,1.83918538370853,-2.0629852240492283,0.75,20,21
2021-05-23 08:00:00,Jan-Jun,8,-1.2944790854569104,1.215040426335739,-1.4086104090749245,0.75,20,21
2021-05-23 09:00:00,Jan-Jun,9,-1.2323524347443036,3.3274833816132254,-0.6546715676528976,2.5,23,25
2021-05-23 10:00:00,Jan-Jun,10,-1.2958326751453233,1.2707408212941096,-2.337886575393071,0.0,20,20
2021-05-23 11:00:00,Jan-Jun,11,-1.2936218685105123,0.966720903711067,-1.4533992171349155,0.5,21,21
2021-05-23 12:00:00,Jan-Jun,12,-1.217379243446919,3.107470449233156,-1.4370072341164928,2.0,23,25
2021-05-23 13:00:00,Jan-Jun,13,-1.2791617270153581,1.6708757252626718,-2.2089284967044307,0.25,21,21
2021-05-23 14:00:00,Jan-Jun,14,-1.2944790854569104,1.215040426335739,-1.4086104090749245,0.75,20,21
2021-05-23 15:00:00,Jan-Jun,15,-1.2764545476385318,1.7463192734641975,-0.35037616406815175,1.75,21,23
2021-05-23 16:00:00,Jan-Jun,16,-1.2753058512135775,0.9993238785252069,1.5896054894529783,3.0,22,25
2021-05-23 17:00:00,Jan-Jun,17,-1.2958326751453233,1.2707408212941096,-2.337886575393071,0.0,20,20
2021-05-23 18:00:00,Jan-Jun,18,-1.291000730919728,1.2189831247201763,0.40964872079283055,2.0,21,23
2021-05-23 19:00:00,Jan-Jun,19,-1.290537167869088,1.3798554875253197,2.385427971791003,3.5,22,25
2021-05-23 20:00:00,Jan-Jun,20,-1.2958326751453233,1.2707408212941096,-2.337886575393071,0.0,20,20
2021-05-23 21:00:00,Jan-Jun,21,-1.2798301833294572,1.3013056722665328,-2.1740022604995914,0.25,21,21
2021-05-23 22:00:00,Jan-Jun,22,-1.2709869567902126,1.551549592509273,1.36394717253296,2.25,23,25
2021-05-23 23:00:00,Jan-Jun,23,-1.2937079102965543,0.7493799537843713,-1.4489036118434484,0.5,21,21
2021-05-24 00:00:00,Jan-Jun,0,-1.2950614999849672,0.8665267033092052,-1.378179778161595,0.75,20,21
2021-05-24 01:00:00,Jan-Jun,1,-1.2585655383577856,2.1479592456310765,0.7149393241223692,2.5,23,25
2021-05-24 02:00:00,Jan-Jun,2,-1.2944790854569104,1.215040426335739,-1.4086104090749245,0.75,20,21
2021-05-24 03:00:00,Jan-Jun,3,-1.2950614999849672,0.8665267033092052,-1.378179778161595,0.75,20,21
2021-05-24 04:00:00,Jan-Jun,4,-1.2186467913492902,3.27115359934697,-1.3707790057261136,2.25,23,25
2021-05-24 05:00:00,Jan-Jun,5,-1.2958326751453233,1.2707408212941096,-2.337886575393071,0.0,20,20
2021-05-24 06:00:00,Jan-Jun,6,-1.2958326751453233,1.2707408212941096,-2.337886575393071,0.0,20,20
2021-05-24 07:00:00,Jan-Jun,7,-0.6383752884530263,29.264859075552295,42.613424337580945,47.0,54,101
2021-05-24 08:00:00,Jan-Jun,8,1.3051732916367573,9.069088160443528,2.088606661824315,11.75,160,172
2021-05-24 09:00:00,Jan-Jun,9,1.2192397314111123,6.907615672585203,2.041561738626143,4.25,163,167
2021-05-24 10:00:00,Jan-Jun,10,1.1953859891056848,10.555316572742651,1.4164205684262754,10.5,155,165
2021-05-24 11:00:00,Jan-Jun,11,1.201816622242208,8.00583017221308,4.045777981793549,3.75,164,168
2021-05-24 12:00:00,Jan-Jun,12,-0.02702473969819773,19.70626261808215,29.81959819423092,19.25,104,123
2021-05-24 13:00:00,Jan-Jun,13,1.1237709594332834,4.006234308768385,0.5440980888250806,5.5,155,160
2021-05-24 14:00:00,Jan-Jun,14,1.1446410866563774,2.987027396824882,3.34120596714763,5.0,159,164
2021-05-24 15:00:00,Jan-Jun,15,1.1553645232509322,10.24633889127977,3.7231389444117156,11.0,154,165
2021-05-24 16:00:00,Jan-Jun,16,0.8396483713665664,10.137846125543081,8.920079850827733,5.25,147,152
2021-05-24 17:00:00,Jan-Jun,17,0.8402539253916632,26.59576738985121,19.885177516105358,34.25,129,163
2021-05-24 18:00:00,Jan-Jun,18,0.9275754576754802,7.860622944094706,3.8522238539553655,5.25,147,152
2021-05-24 19:00:00,Jan-Jun,19,0.6750452796417933,14.356012496265711,12.40731297226182,15.75,130,146
2021-05-24 20:00:00,Jan-Jun,20,0.2567882186213651,2.85266950999839,0.5144072012183614,4.0,106,110
2021-05-24 21:00:00,Jan-Jun,21,0.21832578014753995,3.7991805273663086,1.731267871309143,2.75,106,109
2021-05-24 22:00:00,Jan-Jun,22,0.24813500091751067,11.322859704976176,6.013152958340925,10.5,105,115
2021-05-24 23:00:00,Jan-Jun,23,0.06953952610188274,14.709660268615643,13.306865465528702,14.0,98,112
2021-05-25 00:00:00,Jan-Jun,0,-0.6590563330942931,3.416833080370226,4.79044572600808,3.75,58,62
2021-05-25 01:00:00,Jan-Jun,1,0.1552190906627503,8.4546866720131,2.368549944146693,7.0,99,106
2021-05-25 02:00:00,Jan-Jun,2,0.15681521750718463,5.228594972353355,3.2765539354092255,6.0,101,107
2021-05-25 03:00:00,Jan-Jun,3,0.13633733589797384,8.33651096454063,1.4568381853828214,6.25,98,104
2021-05-25 04:00:00,Jan-Jun,4,0.26336452494087453,6.589666124275266,1.1353684451573969,7.25,104,111
2021-05-25 05:00:00,Jan-Jun,5,0.011387825148000689,15.061344523450858,14.633421857755948,21.0,89,110
2021-05-25 06:00:00,Jan-Jun,6,0.1521245647997358,7.89604823267707,8.546909220118351,5.75,106,112
2021-05-25 07:00:00,Jan-Jun,7,0.6817584258365728,15.971216964588928,6.020387172382954,17.75,122,140
2021-05-25 08:00:00,Jan-Jun,8,1.213797556512252,9.828315414991573,9.355232529448443,10.75,163,174
2021-05-25 09:00:00,Jan-Jun,9,1.0020538426709233,10.624977785954115,10.559511040631321,10.5,153,163
2021-05-25 10:00:00,Jan-Jun,10,1.3205644639212482,17.427271832602795,2.2015052231753316,12.5,161,173
2021-05-25 11:00:00,Jan-Jun,11,1.0589604332373992,12.473096492842414,9.279584247075832,9.0,156,165
2021-05-25 12:00:00,Jan-Jun,12,-0.2376838088704677,19.004086800334175,28.808848949347734,18.5,92,110
2021-05-25 13:00:00,Jan-Jun,13,1.0283685762725518,3.0610066877800146,4.042807984867835,7.25,151,158
2021-05-25 14:00:00,Jan-Jun,14,1.191983306703899,5.054625836008113,3.6125410716664135,6.0,161,167
2021-05-25 15:00:00,Jan-Jun,15,1.1130377895098464,12.799533241220766,2.16272611171712,13.25,148,161
2021-05-25 16:00:00,Jan-Jun,16,0.9996241221974037,8.69795232795475,2.699552909290418,4.0,151,155
2021-05-25 17:00:00,Jan-Jun,17,0.40691753083404525,17.21239059990106,15.861399724883725,22.5,112,134
2021-05-25 18:00:00,Jan-Jun,18,0.7812214205095248,6.774454194574641,8.287635694081075,7.5,141,148
2021-05-25 19:00:00,Jan-Jun,19,0.6327936736070486,12.899183454309336,7.842570001800851,8.75,130,139
2021-05-25 20:00:00,Jan-Jun,20,0.5391091477326612,10.848464849886854,10.242267708132403,16.75,119,136
2021-05-25 21:00:00,Jan-Jun,21,0.40457222138516574,7.465737579954978,5.99657639289326,5.0,119,124
2021-05-25 22:00:00,Jan-Jun,22,0.3051220952948058,11.53122360442605,5.728586164330977,12.0,106,118
2021-05-25 23:00:00,Jan-Jun,23,0.01696345033827284,18.82879585625693,21.316096006154226,16.75,100,117
2021-05-26 00:00:00,Jan-Jun,0,-0.6466182376016509,2.9305920889018835,4.082555738820169,3.75,58,62
2021-05-26 01:00:00,Jan-Jun,1,0.14754123760867524,6.396822203454636,0.8110785809594319,6.0,98,104
2021-05-26 02:00:00,Jan-Jun,2,0.04294983000312978,7.704158284895613,7.837131804689633,3.75,101,105
2021-05-26 03:00:00,Jan-Jun,3,0.19272501926323285,3.6831173806928414,0.2068196610751869,3.5,103,106
2021-05-26 04:00:00,Jan-Jun,4,0.13104026099488353,6.863953036605159,1.762145843584932,4.5,100,104
2021-05-26 05:00:00,Jan-Jun,5,0.0830396348601451,17.89724630063437,19.528759309609683,25.25,94,119
2021-05-26 06:00:00,Jan-Jun,6,0.12384764159783113,3.7426672763090276,1.176707054182856,2.75,100,103
2021-05-26 07:00:00,Jan-Jun,7,0.7124434933240867,17.489932317381854,4.251791057021109,19.5,121,140
2021-05-26 08:00:00,Jan-Jun,8,1.1046662260629583,5.127469047927765,6.645238154348164,10.0,155,165
2021-05-26 09:00:00,Jan-Jun,9,1.1177741861515738,6.093110020944868,0.8897342825552528,6.5,154,160
2021-05-26 10:00:00,Jan-Jun,10,1.0856227573767434,16.521407822074384,6.742847105515011,17.5,147,164
2021-05-26 11:00:00,Jan-Jun,11,1.2078913372682432,5.1727694105478585,1.6956494575089778,9.5,157,166
2021-05-26 12:00:00,Jan-Jun,12,-0.2635564906828586,21.729104391421874,38.28134225891628,27.25,91,118
2021-05-26 13:00:00,Jan-Jun,13,1.1145240287713991,12.49572098146363,7.0770636967477,9.5,157,166
2021-05-26 14:00:00,Jan-Jun,14,1.1728937771854064,5.880023018024041,0.7128048323450855,6.0,157,163
2021-05-26 15:00:00,Jan-Jun,15,0.9571593627787005,10.101325314822553,10.14709546653765,15.5,145,160
2021-05-26 16:00:00,Jan-Jun,16,0.7265969540146165,8.06805335700287,7.436027637032453,7.25,137,144
2021-05-26 17:00:00,Jan-Jun,17,0.48903987033407736,19.638322870335784,25.12811208641648,31.25,117,148
2021-05-26 18:00:00,Jan-Jun,18,0.6565208487436148,9.68456156270252,10.475006127544532,10.0,133,143
2021-05-26 19:00:00,Jan-Jun,19,0.7131937041778602,5.634584340379867,1.2085511325130085,6.25,131,137
2021-05-26 20:00:00,Jan-Jun,20,0.29647681828768724,8.203855920853348,7.226874243287909,4.0,115,119
2021-05-26 21:00:00,Jan-Jun,21,0.15936932743334417,3.2079860244109524,3.1293426282986587,3.0,104,107
2021-05-26 22:00:00,Jan-Jun,22,0.049781924619563094,3.5367461969205802,4.445634909158457,5.25,97,102
2021-05-26 23:00:00,Jan-Jun,23,0.17761162530581237,10.111698646685067,2.0779107823152856,9.25,98,107
2021-05-27 00:00:00,Jan-Jun,0,-0.6071236171190869,5.115063118677983,7.834796312633721,6.5,62,68
2021-05-27 01:00:00,Jan-Jun,1,0.10633272766237052,5.7767386636780556,1.1862146513148275,6.75,95,102
2021-05-27 02:00:00,Jan-Jun,2,-0.025909077969910245,11.697483907609294,13.756102479230918,6.5,101,107
2021-05-27 03:00:00,Jan-Jun,3,-0.01287445295548924,5.317344535401284,8.01426217579251,8.0,94,102
2021-05-27 04:00:00,Jan-Jun,4,0.12156692580813798,3.162344475537834,3.30816073560419,6.0,99,105
2021-05-27 05:00:00,Jan-Jun,5,-0.04319883810936503,12.220150380645588,8.740115513287535,15.25,86,101
2021-05-27 06:00:00,Jan-Jun,6,-0.06516084187268935,12.470922980253675,13.990040196036375,9.5,96,105
2021-05-27 07:00:00,Jan-Jun,7,0.7425666336133434,18.261814935046917,11.515582755711137,23.0,126,149
2021-05-27 08:00:00,Jan-Jun,8,0.6244212480993023,32.614633236764746,45.32513173105832,24.0,152,176
2021-05-27 09:00:00,Jan-Jun,9,1.2357385959689937,6.719535515095417,1.0906162086277504,3.5,164,167
2021-05-27 10:00:00,Jan-Jun,10,1.0561917616454066,15.591303963250837,9.439162251077391,17.0,148,165
2021-05-27 11:00:00,Jan-Jun,11,1.2052616226589599,6.577915317925531,3.8472183939103957,3.5,165,168
2021-05-27 12:00:00,Jan-Jun,12,-0.2707180930206822,19.783233764235845,31.688930911870884,21.25,90,111
2021-05-27 13:00:00,Jan-Jun,13,1.225650036562816,5.517928268454431,-0.3279092033621964,1.5,164,165
2021-05-27 14:00:00,Jan-Jun,14,1.1488465057068038,7.275634033181789,2.0988181086532904,11.0,152,163
2021-05-27 15:00:00,Jan-Jun,15,0.9239932954339298,5.723583195942491,4.05868904187065,8.25,144,152
2021-05-27 16:00:00,Jan-Jun,16,0.9277414588432858,4.4666116836048415,0.8426560398827405,5.25,144,149
2021-05-27 17:00:00,Jan-Jun,17,0.47094363072867046,20.418429335450032,20.171125567869723,28.25,114,142
2021-05-27 18:00:00,Jan-Jun,18,0.40975495958826236,19.501164275044026,21.697858762349867,16.0,124,140
2021-05-27 19:00:00,Jan-Jun,19,0.03014535233088203,8.021254174654414,12.565873720260015,10.0,99,109
2021-05-27 20:00:00,Jan-Jun,20,0.48370415962455077,5.075051119760038,4.435646597702899,8.75,118,127
2021-05-27 21:00:00,Jan-Jun,21,0.23637221357759267,9.173420563488778,8.691125069814092,4.0,113,117
2021-05-27 22:00:00,Jan-Jun,22,0.13464620589872667,5.314775386962597,6.554309893680596,7.5,102,109
2021-05-27 23:00:00,Jan-Jun,23,0.17350136948898254,14.55495438561315,2.314813714783881,9.75,97,107
2021-05-28 00:00:00,Jan-Jun,0,-0.6096259032324542,2.783444417080558,2.977209054663234,2.5,61,63
2021-05-28 01:00:00,Jan-Jun,1,0.19441669369153539,8.214600083683395,3.109316573504316,9.25,100,109
2021-05-28 02:00:00,Jan-Jun,2,0.14492352593720345,3.085304848302392,-0.03804429631023254,1.25,102,103
2021-05-28 03:00:00,Jan-Jun,3,0.11358270884743787,8.818924850001359,11.768347277694943,14.5,99,113
2021-05-28 04:00:00,Jan-Jun,4,0.1314423343561215,6.449226446100858,6.738971529724765,4.5,105,109
2021-05-28 05:00:00,Jan-Jun,5,0.06208580291221081,15.965124594950915,15.736475922914863,22.5,92,114
2021-05-28 06:00:00,Jan-Jun,6,0.31877613988231845,3.3620084394210026,0.9416076046038881,5.25,109,114
2021-05-28 07:00:00,Jan-Jun,7,0.6077380659165469,17.851315161705823,4.286700781291017,19.0,115,134
2021-05-28 08:00:00,Jan-Jun,8,1.2493992017295288,6.935619623804591,8.303259482382884,11.0,164,175
2021-05-28 09:00:00,Jan-Jun,9,1.1445023572047244,5.651039050718305,7.349201920533744,8.5,160,168
2021-05-28 10:00:00,Jan-Jun,10,1.1929141756224906,15.411340851781826,2.558888553091947,15.25,151,166
2021-05-28 11:00:00,Jan-Jun,11,1.2990684234043124,3.804653608704257,2.4404731273320692,4.75,167,172
2021-05-28 12:00:00,Jan-Jun,12,-0.1310950649120691,19.57832480538883,30.74255812212897,20.25,98,118
2021-05-28 13:00:00,Jan-Jun,13,1.2483514315186852,5.41044956083502,1.3636498440936293,5.75,162,168
2021-05-28 14:00:00,Jan-Jun,14,0.9751217071336412,5.363042927658728,1.1117993094779877,1.25,151,152
2021-05-28 15:00:00,Jan-Jun,15,0.9604308064149859,11.501050719862384,1.9585391757908894,12.0,140,152
2021-05-28 16:00:00,Jan-Jun,16,0.745338890469629,4.095189021282721,7.355798107728617,8.5,137,145
2021-05-28 17:00:00,Jan-Jun,17,0.8237688564037398,28.462090828243234,15.835327910442174,33.0,125,158
2021-05-28 18:00:00,Jan-Jun,18,0.9070713932082279,13.060400021300312,10.034017206069308,9.0,148,157
2021-05-28 19:00:00,Jan-Jun,19,0.3547314605673536,9.313115215383378,7.8692497544535485,6.25,117,123
2021-05-28 20:00:00,Jan-Jun,20,0.2170378098418771,3.660415887757783,4.805502652778131,7.0,105,112
2021-05-28 21:00:00,Jan-Jun,21,0.31997986103408593,3.852272150073252,2.872228694035698,4.75,111,116
2021-05-28 22:00:00,Jan-Jun,22,0.2094486550588095,7.052304479397374,4.242918984799388,8.25,103,111
2021-05-28 23:00:00,Jan-Jun,23,0.04445181501980603,8.160827452636596,2.751649251927418,5.5,95,100
2021-05-29 00:00:00,Jan-Jun,0,-0.6078087504934011,4.950906507927326,6.873789344633856,5.75,61,67
2021-05-29 01:00:00,Jan-Jun,1,0.07354511036152542,4.843415145606649,8.075995490605507,8.25,99,107
2021-05-29 02:00:00,Jan-Jun,2,-0.030335365361936116,7.362848072509326,10.008016007880443,8.0,95,103
2021-05-29 03:00:00,Jan-Jun,3,0.0473490032320224,6.5979709325940465,7.58586126899084,9.5,96,105
2021-05-29 04:00:00,Jan-Jun,4,0.054411857071956865,7.962563400737348,8.178779359532456,4.5,102,106
2021-05-29 05:00:00,Jan-Jun,5,-0.047359444530604394,9.992572593446612,8.976908326782763,13.0,88,101
2021-05-29 06:00:00,Jan-Jun,6,0.09417606142140295,7.600247269018482,4.886888772311124,5.5,100,105
2021-05-29 07:00:00,Jan-Jun,7,-0.5857821167354361,22.729737011144888,22.620186371578825,19.5,65,84
2021-05-29 08:00:00,Jan-Jun,8,-1.2687761501554013,2.1365720585837065,2.2484345307911013,2.75,23,26
2021-05-29 09:00:00,Jan-Jun,9,-1.278390551855002,1.2273577323805105,-2.2492216994729546,0.0,21,21
2021-05-29 10:00:00,Jan-Jun,10,-1.278390551855002,1.2273577323805105,-2.2492216994729546,0.0,21,21
2021-05-29 11:00:00,Jan-Jun,11,-1.2032433911216962,4.067346155192974,-1.1755926986470797,2.75,23,26
2021-05-29 12:00:00,Jan-Jun,12,-1.278390551855002,1.2273577323805105,-2.2492216994729546,0.0,21,21
2021-05-29 13:00:00,Jan-Jun,13,-1.2937079102965543,0.7493799537843713,-1.4489036118434484,0.5,21,21
2021-05-29 14:00:00,Jan-Jun,14,-1.257744876445839,2.299474831942024,1.6720604834615784,3.5,23,26
2021-05-29 15:00:00,Jan-Jun,15,-1.27684820153429,0.5707402366145917,-0.32980810500997393,1.5,22,23
2021-05-29 16:00:00,Jan-Jun,16,-1.2936218685105123,0.966720903711067,-1.4533992171349155,0.5,21,21
2021-05-29 17:00:00,Jan-Jun,17,-1.2743297827897626,1.546631926230481,0.5386067994814709,2.25,22,24
2021-05-29 18:00:00,Jan-Jun,18,-1.2716554131043116,1.5595552180012942,2.398873408737785,3.25,23,26
2021-05-29 19:00:00,Jan-Jun,19,-1.278390551855002,1.2273577323805105,-2.2492216994729546,0.0,21,21
2021-05-29 20:00:00,Jan-Jun,20,-1.278390551855002,1.2273577323805105,-2.2492216994729546,0.0,21,21
2021-05-29 21:00:00,Jan-Jun,21,-1.2032433911216962,4.067346155192974,-1.1755926986470797,2.75,23,26
2021-05-29 22:00:00,Jan-Jun,22,-1.2645128248879047,1.7965404667771514,-1.9743203481291118,0.75,21,22
2021-05-29 23:00:00,Jan-Jun,23,-1.278390551855002,1.2273577323805105,-2.2492216994729546,0.0,21,21
2021-05-30 00:00:00,Jan-Jun,0,-1.2000231619426394,3.229133469457389,-1.343846752904895,2.0,24,26
2021-05-30 01:00:00,Jan-Jun,1,-1.277036962166589,1.1693215060676696,-1.319945533154808,0.75,21,22
2021-05-30 02:00:00,Jan-Jun,2,-1.277036962166589,1.1693215060676696,-1.319945533154808,0.75,21,22
2021-05-30 03:00:00,Jan-Jun,3,-1.2582412491878543,1.2479073476407172,-0.3020044909165591,1.5,23,24
2021-05-30 04:00:00,Jan-Jun,4,-1.2563380546627592,1.5807599521444275,1.5985553211082788,2.75,23,26
2021-05-30 05:00:00,Jan-Jun,5,-1.277036962166589,1.1693215060676696,-1.319945533154808,0.75,21,22
2021-05-30 06:00:00,Jan-Jun,6,-1.2776193766946458,0.8272725746132167,-1.2895149022414785,0.75,21,22
2021-05-30 07:00:00,Jan-Jun,7,-1.200450169958828,3.8651769752274032,-1.321535971302282,2.25,24,26
2021-05-30 08:00:00,Jan-Jun,8,-1.278390551855002,1.2273577323805105,-2.2492216994729546,0.0,21,21
2021-05-30 09:00:00,Jan-Jun,9,-1.278390551855002,1.2273577323805105,-2.2492216994729546,0.0,21,21
2021-05-30 10:00:00,Jan-Jun,10,-1.257744876445839,2.299474831942024,1.6720604834615784,3.5,23,26
2021-05-30 11:00:00,Jan-Jun,11,-1.2753058512135775,0.9993238785252069,1.5896054894529783,3.0,22,25
2021-05-30 12:00:00,Jan-Jun,12,-1.278390551855002,1.2273577323805105,-2.2492216994729546,0.0,21,21
2021-05-30 13:00:00,Jan-Jun,13,-1.278390551855002,1.2273577323805105,-2.2492216994729546,0.0,21,21
2021-05-30 14:00:00,Jan-Jun,14,-1.2703185004761137,1.8392584657434028,1.329020936328149,2.25,23,25
2021-05-30 15:00:00,Jan-Jun,15,-1.278390551855002,1.2273577323805105,-2.2492216994729546,0.0,21,21
2021-05-30 16:00:00,Jan-Jun,16,-1.278390551855002,1.2273577323805105,-2.2492216994729546,0.0,21,21
2021-05-30 17:00:00,Jan-Jun,17,-1.2550011420345613,2.109019731016024,1.528702848698643,2.75,23,26
2021-05-30 18:00:00,Jan-Jun,18,-1.278390551855002,1.2273577323805105,-2.2492216994729546,0.0,21,21
2021-05-30 19:00:00,Jan-Jun,19,-1.278390551855002,1.2273577323805105,-2.2492216994729546,0.0,21,21
2021-05-30 20:00:00,Jan-Jun,20,-1.2287880384210794,2.881928506423141,0.1590919569233904,2.75,23,26
2021-05-30 21:00:00,Jan-Jun,21,-1.277036962166589,1.1693215060676696,-1.319945533154808,0.75,21,22
2021-05-30 22:00:00,Jan-Jun,22,-1.278390551855002,1.2273577323805105,-2.2492216994729546,0.0,21,21
2021-05-30 23:00:00,Jan-Jun,23,-1.1992686638424987,3.379344895645637,-1.38326859440118,2.0,24,26
2021-05-31 00:00:00,Jan-Jun,0,-1.278390551855002,1.2273577323805105,-2.2492216994729546,0.0,21,21
2021-05-31 01:00:00,Jan-Jun,1,-1.278390551855002,1.2273577323805105,-2.2492216994729546,0.0,21,21
2021-05-31 02:00:00,Jan-Jun,2,-1.277036962166589,1.1693215060676696,-1.319945533154808,0.75,21,22
2021-05-31 03:00:00,Jan-Jun,3,-1.2688621919414433,1.639880290534689,2.2529301360825826,2.75,23,26
2021-05-31 04:00:00,Jan-Jun,4,-1.278390551855002,1.2273577323805105,-2.2492216994729546,0.0,21,21
2021-05-31 05:00:00,Jan-Jun,5,-1.2922682788220992,0.8238147972676234,-1.5241230508167831,0.25,21,21
2021-05-31 06:00:00,Jan-Jun,6,-1.214910311453982,3.296663878731293,-0.5660066917327882,2.5,24,26
2021-05-31 07:00:00,Jan-Jun,7,-0.6878215315222612,23.1758183195124,27.42756098683541,34.0,49,83
2021-05-31 08:00:00,Jan-Jun,8,1.2642085670495649,7.743898703668121,3.4496916684405505,11.5,160,171
2021-05-31 09:00:00,Jan-Jun,9,1.3301140156724456,4.744899213039249,-0.348902565156493,1.75,169,171
2021-05-31 10:00:00,Jan-Jun,10,1.2736035104814012,12.214612230842578,3.9081950442486573,12.25,160,172
2021-05-31 11:00:00,Jan-Jun,11,1.269340954648252,5.628953491731998,2.1538760971284603,2.75,167,170
2021-05-31 12:00:00,Jan-Jun,12,-0.039787124360771184,19.123460801051866,26.54594446811349,15.25,104,119
2021-05-31 13:00:00,Jan-Jun,13,1.1065228153267201,6.841308035536298,5.538229865673287,4.75,159,164
2021-05-31 14:00:00,Jan-Jun,14,1.1355212650666455,5.202942614400261,0.8668453858309135,5.5,156,161
2021-05-31 15:00:00,Jan-Jun,15,0.9598308509738943,10.869174684168305,3.9931188247662988,11.75,142,154
2021-05-31 16:00:00,Jan-Jun,16,0.941724241717842,3.9723279005666443,1.0367299820713924,3.5,147,150
2021-05-31 17:00:00,Jan-Jun,17,0.6675856990531347,24.45498592515353,28.83726103272147,36.75,125,162
2021-05-31 18:00:00,Jan-Jun,18,0.9345069126711305,16.66205430490029,19.452715383455825,11.5,157,168
2021-05-31 19:00:00,Jan-Jun,19,1.0474718364344942,15.464469498383426,2.94175283069859,12.5,146,158
2021-05-31 20:00:00,Jan-Jun,20,0.38832306271992995,5.285891019871279,0.9331296171912982,5.0,113,118
2021-05-31 21:00:00,Jan-Jun,21,0.4343240803671214,5.81781039041835,1.2817676429470168,7.75,113,121
2021-05-31 22:00:00,Jan-Jun,22,0.15198240942876995,1.9167924217206922,3.555102633314206,4.5,103,107
2021-05-31 23:00:00,Jan-Jun,23,0.15100861313964867,17.704351712093374,6.6112293579757875,11.25,99,110
2021-06-01 00:00:00,Jan-Jun,0,-0.5799344450817898,1.2728524609085161,0.2873775252061961,0.75,61,62
2021-06-01 01:00:00,Jan-Jun,1,0.17245078271438996,6.46400577043721,1.3753664148602667,7.5,99,106
2021-06-01 02:00:00,Jan-Jun,2,0.20490553382680463,2.5015654744225055,0.504770993624561,3.5,104,107
2021-06-01 03:00:00,Jan-Jun,3,0.12710621844348574,3.4907735701210085,4.9888923670169305,4.5,103,107
2021-06-01 04:00:00,Jan-Jun,4,0.19683956485219442,4.652150637897341,0.969669478887127,2.25,105,107
2021-06-01 05:00:00,Jan-Jun,5,-0.03755682662776011,8.318283050406437,10.419011415173003,13.5,90,103
2021-06-01 06:00:00,Jan-Jun,6,0.21190167942587806,7.520369679530797,9.101533948959045,7.5,109,116
2021-06-01 07:00:00,Jan-Jun,7,0.7072863960757406,17.49006645921519,3.5490308191197073,17.0,122,139
2021-06-01 08:00:00,Jan-Jun,8,1.4868862793109492,8.100344260399215,14.615209976542758,15.75,179,195
2021-06-01 09:00:00,Jan-Jun,9,1.3085104221080655,10.567775983087353,11.896264377082332,9.0,173,182
2021-06-01 10:00:00,Jan-Jun,10,1.4454715622377832,17.31485797140829,9.002231212986686,16.5,171,187
2021-06-01 11:00:00,Jan-Jun,11,1.4238724185243186,14.509773450343848,7.247141679040567,9.75,174,184
2021-06-01 12:00:00,Jan-Jun,12,-0.18378282341647156,19.551468504353217,36.741179310935934,27.5,94,121
2021-06-01 13:00:00,Jan-Jun,13,1.4099547106034573,6.353930458754897,1.0493170098783366,7.5,170,177
2021-06-01 14:00:00,Jan-Jun,14,1.2045270025330552,8.057901398177528,2.889559715188909,2.5,165,167
2021-06-01 15:00:00,Jan-Jun,15,1.106000257200899,9.235279863804793,3.5683485633673513,10.25,152,162
2021-06-01 16:00:00,Jan-Jun,16,1.1645661625148853,9.52803836614004,7.192783798091455,7.0,162,169
2021-06-01 17:00:00,Jan-Jun,17,0.6856605874759227,22.810532749109083,20.795478169993544,31.5,124,155
2021-06-01 18:00:00,Jan-Jun,18,0.8576711165527985,13.099079178814556,16.88130236932156,14.5,147,161
2021-06-01 19:00:00,Jan-Jun,19,1.0416928881333827,10.957135462209454,3.274834239770996,14.5,144,158
2021-06-01 20:00:00,Jan-Jun,20,0.40027234108321774,7.8838815607415995,6.244408717252355,3.25,121,124
2021-06-01 21:00:00,Jan-Jun,21,0.41190645172412854,9.450983402797666,9.573853148372564,7.0,121,128
2021-06-01 22:00:00,Jan-Jun,22,0.14605967499529063,7.760720104730723,9.896471447824183,7.25,106,113
2021-06-01 23:00:00,Jan-Jun,23,0.17377671633637892,17.80847648808555,5.2989435406387315,11.5,99,110
2021-06-02 00:00:00,Jan-Jun,0,-0.5624923217914685,1.3165981451484337,0.29469303907891486,0.75,62,63
2021-06-02 01:00:00,Jan-Jun,1,0.19142091632641012,5.79279037361275,5.281984279469299,9.0,102,111
2021-06-02 02:00:00,Jan-Jun,2,0.3060799190315507,2.531872175769186,0.673380050129083,4.25,109,113
2021-06-02 03:00:00,Jan-Jun,3,0.2508237106019752,7.204209709703167,0.8581837210982712,6.5,104,110
2021-06-02 04:00:00,Jan-Jun,4,0.0815825594168923,7.265179458895348,7.612740808746821,7.25,100,107
2021-06-02 05:00:00,Jan-Jun,5,-0.032373002092317145,16.35779835883018,13.123984134979665,21.5,85,106
2021-06-02 06:00:00,Jan-Jun,6,0.053571861614829505,11.76901817440494,18.227194201800657,13.5,103,116
2021-06-02 07:00:00,Jan-Jun,7,0.8828724580350688,17.995223220289866,5.4287719270930666,19.0,132,151
2021-06-02 08:00:00,Jan-Jun,8,1.3597217690982697,4.581311553268587,3.9445945009715047,4.75,172,177
2021-06-02 09:00:00,Jan-Jun,9,1.4698392181982602,3.08735746829284,0.5977519271024505,3.5,177,180
2021-06-02 10:00:00,Jan-Jun,10,1.620533817868199,21.152365588664985,2.912162961371479,18.25,173,191
2021-06-02 11:00:00,Jan-Jun,11,1.1974183128661346,16.399638002180364,21.29928346552265,17.5,168,185
2021-06-02 12:00:00,Jan-Jun,12,-0.0012423894439805277,19.647379650639056,36.35224592941444,28.25,103,131
2021-06-02 13:00:00,Jan-Jun,13,1.494379661504857,8.16135860200968,8.183313691991344,7.25,182,189
2021-06-02 14:00:00,Jan-Jun,14,1.4810597969691768,3.81073669078678,-0.04896889351917366,3.0,177,180
2021-06-02 15:00:00,Jan-Jun,15,1.089303126212892,8.480559941192457,8.530721581288617,10.5,156,166
2021-06-02 16:00:00,Jan-Jun,16,1.3233455228013244,3.5818544387089903,1.0412132526950018,5.0,167,172
2021-06-02 17:00:00,Jan-Jun,17,0.8180777450465808,14.681967379843671,16.163346659055264,21.75,136,158
2021-06-02 18:00:00,Jan-Jun,18,1.0277899070875711,6.7825830914474965,0.07616075728890337,2.5,152,154
2021-06-02 19:00:00,Jan-Jun,19,0.5025131262699524,16.037699130620723,18.35155364739201,14.5,128,142
2021-06-02 20:00:00,Jan-Jun,20,0.34177368843914746,3.8286057603275645,3.6160972384623307,5.5,113,118
2021-06-02 21:00:00,Jan-Jun,21,0.3319877475965185,0.6232837256760552,0.18012979164073784,2.75,111,114
2021-06-02 22:00:00,Jan-Jun,22,0.10741993439792268,4.536543492869524,5.123551285497726,5.5,101,106
2021-06-02 23:00:00,Jan-Jun,23,0.010705670208180368,16.64361746632028,13.672245377956074,13.0,96,109
2021-06-03 00:00:00,Jan-Jun,0,-0.52037656371812,3.223290104820382,3.897756670437275,3.0,66,69
2021-06-03 01:00:00,Jan-Jun,1,0.3206393534536494,9.061035554802883,1.8342175105235583,10.0,105,115
2021-06-03 02:00:00,Jan-Jun,2,0.34862588603510863,3.7033633072280416,0.22115692898313455,2.5,113,115
2021-06-03 03:00:00,Jan-Jun,3,0.21664415594611908,1.9119829687465586,2.828191693664806,4.75,105,110
2021-06-03 04:00:00,Jan-Jun,4,0.15116462900708064,6.64036024217444,5.602237066947339,3.25,106,109
2021-06-03 05:00:00,Jan-Jun,5,0.04814191213330801,11.527947488197226,9.540160355892965,15.75,91,107
2021-06-03 06:00:00,Jan-Jun,6,0.2678618103458932,7.622380116193604,7.876158277207608,6.0,112,118
2021-06-03 07:00:00,Jan-Jun,7,0.7529522104733001,15.131782300512814,10.916988964193933,20.5,129,149
2021-06-03 08:00:00,Jan-Jun,8,1.3792889766611245,6.849257300644957,6.816798797141757,10.75,170,181
2021-06-03 09:00:00,Jan-Jun,9,1.3315703242071155,5.3918836789280915,-0.43283986196161095,1.25,170,171
2021-06-03 10:00:00,Jan-Jun,10,1.187759959864402,10.843374350088046,6.855962234653873,14.5,156,170
2021-06-03 11:00:00,Jan-Jun,11,1.186874448004052,10.403621376467111,8.90700050716083,10.0,162,172
2021-06-03 12:00:00,Jan-Jun,12,-0.022023593390775635,16.3338318487997,27.534967689699073,19.5,102,121
2021-06-03 13:00:00,Jan-Jun,13,1.2021717034660764,2.7400863638050557,1.0253121551035065,7.0,158,165
2021-06-03 14:00:00,Jan-Jun,14,1.1150690244121855,5.486798373358962,4.045651767359686,4.25,159,163
2021-06-03 15:00:00,Jan-Jun,15,1.0625504679896098,6.069510133436539,5.072665311037724,9.75,151,161
2021-06-03 16:00:00,Jan-Jun,16,1.1861387390200369,3.1188463042051904,-0.05059541301449144,3.0,160,163
2021-06-03 17:00:00,Jan-Jun,17,0.7223542736299388,12.404380842687967,14.680563128118337,18.75,132,151
2021-06-03 18:00:00,Jan-Jun,18,0.5356029795760355,21.08787646756885,24.444352822794002,18.0,132,150
2021-06-03 19:00:00,Jan-Jun,19,0.3869551330325033,3.923690088961553,2.0119730198416335,4.25,115,119
2021-06-03 20:00:00,Jan-Jun,20,0.5932225171362691,6.66371693577803,1.1233338828995159,7.75,122,130
2021-06-03 21:00:00,Jan-Jun,21,0.45653829148080244,9.716953279426031,11.001406519495973,9.25,123,132
2021-06-03 22:00:00,Jan-Jun,22,0.36640843112652133,2.198153806725353,2.1962238672352186,5.25,113,118
2021-06-03 23:00:00,Jan-Jun,23,0.22966981959176921,15.326030033267363,6.07743114431679,9.5,105,114
2021-06-04 00:00:00,Jan-Jun,0,-0.4874283213539473,3.8560635109759587,5.022571608637762,4.25,68,72
2021-06-04 01:00:00,Jan-Jun,1,0.3838286588051684,8.573698915822332,2.192173704604457,11.0,108,119
2021-06-04 02:00:00,Jan-Jun,2,0.28711445954193415,2.7860170764580077,4.766492782992941,6.25,110,116
2021-06-04 03:00:00,Jan-Jun,3,0.18292761991184756,4.70795775779711,7.771512648651608,6.5,107,113
2021-06-04 04:00:00,Jan-Jun,4,0.23914408355784195,6.977082571900947,6.531362720216791,6.25,109,115
2021-06-04 05:00:00,Jan-Jun,5,-0.05912674664794575,9.642810436317177,15.646621415093477,16.75,90,107
2021-06-04 06:00:00,Jan-Jun,6,0.20008255349574453,10.207141123654578,11.782753249373243,9.25,109,118
2021-06-04 07:00:00,Jan-Jun,7,0.7748334879462782,11.699125902149111,2.655817146546468,13.75,128,142
2021-06-04 08:00:00,Jan-Jun,8,1.1161287975608407,2.948040706940507,-0.015430408022155007,2.75,156,159
2021-06-04 09:00:00,Jan-Jun,9,1.135886783393432,5.589721622047565,5.845777995540459,5.75,160,166
2021-06-04 10:00:00,Jan-Jun,10,1.3089757103385795,16.2097669708646,2.8694465459875858,16.5,157,173
2021-06-04 11:00:00,Jan-Jun,11,1.0327378213003264,2.7321944705014127,0.7909776838156688,6.25,149,155
2021-06-04 12:00:00,Jan-Jun,12,-0.025843620457904705,18.701806281018317,24.75237709238513,28.75,89,118
2021-06-04 13:00:00,Jan-Jun,13,1.0461943032317496,7.783540202618149,3.0153860485671657,2.75,155,158
2021-06-04 14:00:00,Jan-Jun,14,0.9994172762230148,5.202151747586575,7.711474896652248,8.0,152,160
2021-06-04 15:00:00,Jan-Jun,15,0.8562269703009201,5.7053089844832785,4.964538668284433,9.0,140,149
2021-06-04 16:00:00,Jan-Jun,16,0.8680503860031854,3.09489724220877,0.28307211815078404,3.5,142,145
2021-06-04 17:00:00,Jan-Jun,17,0.6932699396569902,18.202294966432902,8.356897719964167,20.75,122,143
2021-06-04 18:00:00,Jan-Jun,18,0.7309509951905586,7.3921741619720756,8.185073640824669,5.75,139,145
2021-06-04 19:00:00,Jan-Jun,19,0.1873929594783103,20.210599350606078,29.514143743915426,22.25,113,135
2021-06-04 20:00:00,Jan-Jun,20,0.17111620714739392,5.954655337276686,6.452287385114161,10.25,101,111
2021-06-04 21:00:00,Jan-Jun,21,0.2515289469558173,3.4792723095087323,0.8175359931333617,1.75,108,110
2021-06-04 22:00:00,Jan-Jun,22,0.27712573749175645,4.611731424151695,0.3422130424501546,4.25,107,111
2021-06-04 23:00:00,Jan-Jun,23,0.10413315705678852,20.283131303780557,11.31299136543089,15.0,97,112
2021-06-05 00:00:00,Jan-Jun,0,-0.5319436466944061,0.8215184289163189,-0.4439253238255674,0.75,63,64
2021-06-05 01:00:00,Jan-Jun,1,0.32601536454070407,10.453088177365021,2.524360205221029,11.5,105,116
2021-06-05 02:00:00,Jan-Jun,2,0.19114720276617989,4.669082960375657,1.2977603157951734,3.25,104,107
2021-06-05 03:00:00,Jan-Jun,3,0.25872367840877986,6.0058304713737725,0.40285304990833026,4.75,105,110
2021-06-05 04:00:00,Jan-Jun,4,0.20699982604540054,3.700826639669897,1.3840622129204547,1.25,107,108
2021-06-05 05:00:00,Jan-Jun,5,0.04999561990681268,6.400988001233881,1.4333181477547328,6.75,92,99
2021-06-05 06:00:00,Jan-Jun,6,0.2597535233563171,3.942232236646198,1.343495847113175,4.5,107,111
2021-06-05 07:00:00,Jan-Jun,7,-0.7603696702302196,26.79508995945544,40.55649704548389,31.0,61,92
2021-06-05 08:00:00,Jan-Jun,8,-1.252773658339535,1.8485373324917247,2.412318845684567,3.0,24,27
2021-06-05 09:00:00,Jan-Jun,9,-1.2609484285646806,1.1842365919843418,-2.160556823552824,0.0,22,22
2021-06-05 10:00:00,Jan-Jun,10,-1.2609484285646806,1.1842365919843418,-2.160556823552824,0.0,22,22
2021-06-05 11:00:00,Jan-Jun,11,-1.169474486845577,4.131239494987901,-0.9399873228724047,3.0,25,28
2021-06-05 12:00:00,Jan-Jun,12,-1.2595087970902255,1.2875968577879322,-1.2357762625261586,0.75,22,23
2021-06-05 13:00:00,Jan-Jun,13,-1.2595087970902255,1.2875968577879322,-1.2357762625261586,0.75,22,23
2021-06-05 14:00:00,Jan-Jun,14,-1.2581552074018125,1.2048219598902994,-1.306500096208012,0.5,23,23
2021-06-05 15:00:00,Jan-Jun,15,-1.2366851247376267,2.141248110723364,2.571707555286551,3.25,25,28
2021-06-05 16:00:00,Jan-Jun,16,-1.2573840322414562,0.7539323245278486,-1.3467932989765359,0.25,23,23
2021-06-05 17:00:00,Jan-Jun,17,-1.2595948388762674,1.123693403782393,-1.2312806572346915,0.75,22,23
2021-06-05 18:00:00,Jan-Jun,18,-1.1833522138126742,3.5801301702718087,-1.2148886742162546,2.25,25,27
2021-06-05 19:00:00,Jan-Jun,19,-1.2609484285646806,1.1842365919843418,-2.160556823552824,0.0,22,22
2021-06-05 20:00:00,Jan-Jun,20,-1.2609484285646806,1.1842365919843418,-2.160556823552824,0.0,22,22
2021-06-05 21:00:00,Jan-Jun,21,-1.2534093049622588,2.0031439745461377,2.4455308052693425,3.5,24,27
2021-06-05 22:00:00,Jan-Jun,22,-1.257863727923256,1.030632807581897,1.6782703653730948,3.0,23,26
2021-06-05 23:00:00,Jan-Jun,23,-1.2609484285646806,1.1842365919843418,-2.160556823552824,0.0,22,22
2021-06-06 00:00:00,Jan-Jun,0,-1.2609484285646806,1.1842365919843418,-2.160556823552824,0.0,22,22
2021-06-06 01:00:00,Jan-Jun,1,-1.2217452875606725,1.8250760089172364,0.7911146113673979,2.25,25,27
2021-06-06 02:00:00,Jan-Jun,2,-1.2609484285646806,1.1842365919843418,-2.160556823552824,0.0,22,22
2021-06-06 03:00:00,Jan-Jun,3,-1.2609484285646806,1.1842365919843418,-2.160556823552824,0.0,22,22
2021-06-06 04:00:00,Jan-Jun,4,-1.1886805307802848,4.075747666373167,-0.9364889447802796,3.25,24,27
2021-06-06 05:00:00,Jan-Jun,5,-1.2609484285646806,1.1842365919843418,-2.160556823552824,0.0,22,22
2021-06-06 06:00:00,Jan-Jun,6,-1.2609484285646806,1.1842365919843418,-2.160556823552824,0.0,22,22
2021-06-06 07:00:00,Jan-Jun,7,-1.2007082953169537,3.4778880379464296,-1.3080491554278453,2.25,24,26
2021-06-06 08:00:00,Jan-Jun,8,-1.2609484285646806,1.1842365919843418,-2.160556823552824,0.0,22,22
2021-06-06 09:00:00,Jan-Jun,9,-1.2594060782439684,0.5527449266233603,-0.2411432290898574,1.5,23,24
2021-06-06 10:00:00,Jan-Jun,10,-1.2568876594994411,1.512009905248494,0.6272716754015875,2.25,23,25
2021-06-06 11:00:00,Jan-Jun,11,-1.25421328981399,1.59914387493347,2.4875382846578873,3.25,24,27
2021-06-06 12:00:00,Jan-Jun,12,-1.2609484285646806,1.1842365919843418,-2.160556823552824,0.0,22,22
2021-06-06 13:00:00,Jan-Jun,13,-1.2609484285646806,1.1842365919843418,-2.160556823552824,0.0,22,22
2021-06-06 14:00:00,Jan-Jun,14,-1.1859733514034585,3.6503347560616124,-1.0779366121440006,2.75,24,27
2021-06-06 15:00:00,Jan-Jun,15,-1.2609484285646806,1.1842365919843418,-2.160556823552824,0.0,22,22
2021-06-06 16:00:00,Jan-Jun,16,-1.2455283512768711,1.158913590221681,-0.9662418777460147,1.25,23,24
2021-06-06 17:00:00,Jan-Jun,17,-1.2568876594994411,1.512009905248494,0.6272716754015875,2.25,23,25
2021-06-06 18:00:00,Jan-Jun,18,-1.2570925527629,1.4613794484693048,2.637977162604571,3.75,23,27
2021-06-06 19:00:00,Jan-Jun,19,-1.2609484285646806,1.1842365919843418,-2.160556823552824,0.0,22,22
2021-06-06 20:00:00,Jan-Jun,20,-1.2609484285646806,1.1842365919843418,-2.160556823552824,0.0,22,22
2021-06-06 21:00:00,Jan-Jun,21,-1.2090323896496895,2.2233164198401068,0.12687722453792816,2.0,25,27
2021-06-06 22:00:00,Jan-Jun,22,-1.2448598949627723,1.370215357805589,-2.0011681139508397,0.25,23,23
2021-06-06 23:00:00,Jan-Jun,23,-1.2594060782439684,0.5527449266233603,-0.2411432290898574,1.5,23,24
2021-06-07 00:00:00,Jan-Jun,0,-1.2568876594994411,1.512009905248494,0.6272716754015875,2.25,23,25
2021-06-07 01:00:00,Jan-Jun,1,-1.257863727923256,1.030632807581897,1.6782703653730948,3.0,23,26
2021-06-07 02:00:00,Jan-Jun,2,-1.2762657870062326,0.7031688836149975,-1.360238735923346,0.5,22,22
2021-06-07 03:00:00,Jan-Jun,3,-1.2595948388762674,1.123693403782393,-1.2312806572346915,0.75,22,23
2021-06-07 04:00:00,Jan-Jun,4,-1.1983254051100587,3.2461089277104245,-1.4325530077526665,1.75,24,26
2021-06-07 05:00:00,Jan-Jun,5,-1.2609484285646806,1.1842365919843418,-2.160556823552824,0.0,22,22
2021-06-07 06:00:00,Jan-Jun,6,-1.2608457097184234,0.7662361919009493,-0.1659237901165227,1.75,22,24
2021-06-07 07:00:00,Jan-Jun,7,-0.5111923734744933,25.207223267782865,24.375056364933243,33.75,56,90
2021-06-07 08:00:00,Jan-Jun,8,1.4871696587477892,9.062546272942154,1.5988768278093346,11.0,171,182
2021-06-07 09:00:00,Jan-Jun,9,1.1304287008687035,15.999221856270152,19.1603656546514,13.0,166,179
2021-06-07 10:00:00,Jan-Jun,10,1.1523734200082105,12.964679002971721,14.895537247849575,15.25,161,176
2021-06-07 11:00:00,Jan-Jun,11,1.2614965559973157,7.557743656950973,2.606003927286906,1.75,168,170
2021-06-07 12:00:00,Jan-Jun,12,0.24467931142634952,13.398199174309468,20.212328632712556,14.0,115,129
2021-06-07 13:00:00,Jan-Jun,13,1.4973342097131273,2.898150876512495,1.0130223121231836,7.25,175,182
2021-06-07 14:00:00,Jan-Jun,14,1.4735201289376998,1.5166951409988396,0.38559516918053305,5.5,175,180
2021-06-07 15:00:00,Jan-Jun,15,1.3625391554817416,13.22514136259121,1.7822087211354471,12.5,163,175
2021-06-07 16:00:00,Jan-Jun,16,1.22626759784345,5.416973395569394,7.636496399383475,7.75,165,173
2021-06-07 17:00:00,Jan-Jun,17,0.9199847327397934,15.092097981476872,3.2897306849082213,15.25,136,151
2021-06-07 18:00:00,Jan-Jun,18,1.03228088508302,8.307277570142068,3.817314129685485,5.75,152,158
2021-06-07 19:00:00,Jan-Jun,19,0.6276739952459733,20.644047133495253,16.13765305042,17.5,130,147
2021-06-07 20:00:00,Jan-Jun,20,0.24502091650402372,4.161049556406481,5.192639531047448,5.75,108,114
2021-06-07 21:00:00,Jan-Jun,21,0.2796309050953809,3.698408270108244,2.1978226253880564,2.0,111,113
2021-06-07 22:00:00,Jan-Jun,22,0.0553821625152575,5.027735381158013,2.1228538368516183,5.25,95,100
2021-06-07 23:00:00,Jan-Jun,23,0.08475416569717775,14.391211196333,10.429938846552915,11.75,98,110
2021-06-08 00:00:00,Jan-Jun,0,-0.5464037881895601,1.581777656397661,0.3790454745410585,1.0,63,64
2021-06-08 01:00:00,Jan-Jun,1,0.1637986538686463,7.539083887208636,5.874049413436651,11.0,99,110
2021-06-08 02:00:00,Jan-Jun,2,0.08687665841125324,7.427358462814249,11.30760467308157,8.25,103,111
2021-06-08 03:00:00,Jan-Jun,3,0.09056022563565833,4.946685365159698,5.095294803259449,5.5,100,105
2021-06-08 04:00:00,Jan-Jun,4,0.12412711813857569,6.616018589701492,8.160598856783693,5.0,105,110
2021-06-08 05:00:00,Jan-Jun,5,-0.036566418204931644,10.565825107869564,8.36264424817692,13.75,87,101
2021-06-08 06:00:00,Jan-Jun,6,0.031007178473175582,12.630409138249354,12.51682456340258,11.5,98,109
2021-06-08 07:00:00,Jan-Jun,7,0.16498787315065552,19.29537421196531,12.805506347551898,23.75,93,117
2021-06-08 08:00:00,Jan-Jun,8,1.1366521955732738,4.328821000692416,0.8016619117655068,7.0,154,161
2021-06-08 09:00:00,Jan-Jun,9,1.1445061025478007,8.062769037974721,4.348986050087376,4.75,160,165
2021-06-08 10:00:00,Jan-Jun,10,0.791692494726468,10.02872330690472,12.684114088945705,11.0,142,153
2021-06-08 11:00:00,Jan-Jun,11,1.2573269856815412,3.1131072411281706,3.846325571233365,6.75,164,171
2021-06-08 12:00:00,Jan-Jun,12,0.03466882059394225,15.863905284512699,27.308429331553015,21.25,103,124
2021-06-08 13:00:00,Jan-Jun,13,1.2749277163977522,6.437297003839268,5.831871749846556,9.25,165,174
2021-06-08 14:00:00,Jan-Jun,14,1.2675399345403586,4.616537155013312,8.257681544771856,10.25,166,176
2021-06-08 15:00:00,Jan-Jun,15,1.078512821298693,16.301976985050583,23.15264269528285,18.75,161,180
2021-06-08 16:00:00,Jan-Jun,16,1.1916728131039256,6.507035935532486,2.6304370001984694,8.0,158,166
2021-06-08 17:00:00,Jan-Jun,17,0.8695773706013203,18.084727847178222,16.195061263047478,24.75,136,161
2021-06-08 18:00:00,Jan-Jun,18,1.0175117231962751,5.3683822981191565,3.668564737189456,3.25,154,157
2021-06-08 19:00:00,Jan-Jun,19,0.7983051967354488,13.598578478649985,14.302977593486219,13.25,142,155
2021-06-08 20:00:00,Jan-Jun,20,0.4510615791849287,13.910467593497973,13.317067943261065,5.25,129,134
2021-06-08 21:00:00,Jan-Jun,21,0.39832020423558767,11.535409589260688,14.356924084760607,10.75,121,132
2021-06-08 22:00:00,Jan-Jun,22,0.331315865363107,8.256711390669834,1.2188550872092065,8.0,107,115
2021-06-08 23:00:00,Jan-Jun,23,0.15469419800149178,13.033036622867778,10.398803197526746,12.75,101,114
2021-06-09 00:00:00,Jan-Jun,0,-0.4997803750605475,4.6689595485156055,5.725564695102008,4.25,68,72
2021-06-09 01:00:00,Jan-Jun,1,0.13474284234070566,2.9543527149902467,0.5487400563010283,4.25,99,103
2021-06-09 02:00:00,Jan-Jun,2,0.10375624514775385,7.119921593356131,6.334715447948341,3.25,104,107
2021-06-09 03:00:00,Jan-Jun,3,0.28538133095148494,8.872363801841272,1.866385165297089,9.75,103,113
2021-06-09 04:00:00,Jan-Jun,4,0.09924570860183247,1.6316213483491464,0.5946893722866236,1.5,100,101
2021-06-09 05:00:00,Jan-Jun,5,-0.10263124116228432,6.956469554519154,2.12259501431447,6.5,85,91
2021-06-09 06:00:00,Jan-Jun,6,0.1911138486457494,1.8397669150992002,0.2996827481916,2.75,103,106
2021-06-09 07:00:00,Jan-Jun,7,0.873017471890377,20.37557043146657,4.996784046327889,22.5,128,150
2021-06-09 08:00:00,Jan-Jun,8,1.3707173516262,1.9495045420012584,0.310841795263741,5.25,169,174
2021-06-09 09:00:00,Jan-Jun,9,1.4348004289585683,7.203178024447771,1.617283628035409,6.75,172,179
2021-06-09 10:00:00,Jan-Jun,10,1.4216199976485773,15.379843320261283,3.3769645256944614,13.75,166,180
2021-06-09 11:00:00,Jan-Jun,11,1.4296211166747839,3.5991397636698976,0.9158037987690761,6.5,172,178
2021-06-09 12:00:00,Jan-Jun,12,0.091336844352765,16.64754547034638,22.050532807974577,12.25,110,122
2021-06-09 13:00:00,Jan-Jun,13,1.3847639612513596,5.565407393442399,6.501236953196155,11.75,169,181
2021-06-09 14:00:00,Jan-Jun,14,1.2074030645679443,8.154559398928441,5.723792045148286,4.75,165,170
2021-06-09 15:00:00,Jan-Jun,15,1.2529906447636139,13.870524617445136,3.096259377161971,12.25,158,170
2021-06-09 16:00:00,Jan-Jun,16,0.894973400092913,12.05832565683126,12.73130958243857,8.25,151,159
2021-06-09 17:00:00,Jan-Jun,17,0.8046540728065328,22.971212888486303,19.937047241180437,31.75,129,161
2021-06-09 18:00:00,Jan-Jun,18,1.1307952406013284,7.859121172792048,1.1392393935633436,6.5,155,161
2021-06-09 19:00:00,Jan-Jun,19,0.6334793514104183,16.418469701892437,16.803049570570806,16.5,132,148
2021-06-09 20:00:00,Jan-Jun,20,0.22230284448793924,5.124106736449674,5.502041699789842,3.75,109,113
2021-06-09 21:00:00,Jan-Jun,21,0.12339249801267109,7.59130360993211,8.202940178062207,5.0,105,110
2021-06-09 22:00:00,Jan-Jun,22,0.18783984294297057,6.6932852372040195,3.4883867088383766,8.0,101,109
2021-06-09 23:00:00,Jan-Jun,23,0.04078524427938,11.375456777957963,8.960324986568551,11.5,95,106
2021-06-10 00:00:00,Jan-Jun,0,-0.5243184813059424,1.340806165265001,2.122103234779871,2.25,65,67
2021-06-10 01:00:00,Jan-Jun,1,0.1661015846937775,3.064217907170483,2.741315323380263,4.5,103,107
2021-06-10 02:00:00,Jan-Jun,2,0.13409948255230197,5.559937169492627,6.585821402888058,4.75,104,109
2021-06-10 03:00:00,Jan-Jun,3,0.10222714596794434,4.692598702249921,3.422848181256313,4.75,99,104
2021-06-10 04:00:00,Jan-Jun,4,0.20302509876620303,4.019020539982372,1.6131536831762077,2.0,106,108
2021-06-10 05:00:00,Jan-Jun,5,-0.06004958297709401,6.325256233189463,6.699142847944984,7.0,91,98
2021-06-10 06:00:00,Jan-Jun,6,0.1413948207956115,4.798766275126016,4.165339783200636,3.25,104,107
2021-06-10 07:00:00,Jan-Jun,7,0.5849728442100739,12.133006053686694,2.598820518091429,12.5,119,131
2021-06-10 08:00:00,Jan-Jun,8,1.079121578763575,5.462850536146887,8.11755572380963,10.0,155,165
2021-06-10 09:00:00,Jan-Jun,9,1.2880316117195274,4.480622982493393,0.07660215913665525,3.0,166,169
2021-06-10 10:00:00,Jan-Jun,10,1.395195918367358,14.518741637890695,1.8999699415305145,13.25,164,177
2021-06-10 11:00:00,Jan-Jun,11,1.2487895786198664,7.1102689194502116,1.3383963470491267,7.25,161,168
2021-06-10 12:00:00,Jan-Jun,12,0.1749108182650639,13.275270617648694,20.233577275229266,14.0,111,125
2021-06-10 13:00:00,Jan-Jun,13,1.0552345479980283,7.3610321688220814,2.4943332015409396,5.5,153,158
2021-06-10 14:00:00,Jan-Jun,14,1.27521311347203,2.312349843238228,0.8154223104862126,6.75,162,169
2021-06-10 15:00:00,Jan-Jun,15,1.1354367909074585,11.179448298888959,1.8717142253681516,9.75,152,162
2021-06-10 16:00:00,Jan-Jun,16,0.9833658420846134,7.726259108128868,4.636631866722922,3.5,153,156
2021-06-10 17:00:00,Jan-Jun,17,0.7873054819884061,10.35015439500417,2.936968468025583,13.25,130,143
2021-06-10 18:00:00,Jan-Jun,18,0.49722766922059863,3.4793845134541526,-0.3438083129751135,0.75,122,123
2021-06-10 19:00:00,Jan-Jun,19,0.4912827197516812,3.816332465017732,4.998840910169932,4.75,123,128
2021-06-10 20:00:00,Jan-Jun,20,0.7948302655918145,8.358487298190616,4.503262299533645,11.75,133,145
2021-06-10 21:00:00,Jan-Jun,21,0.5861037772424665,12.581538296861137,12.533636898448464,12.0,129,141
2021-06-10 22:00:00,Jan-Jun,22,0.4672251730409054,5.031561541857875,2.3854464203297994,6.5,118,124
2021-06-10 23:00:00,Jan-Jun,23,0.15521012929397937,12.934503968826874,11.369066450815723,10.25,105,115
2021-06-11 00:00:00,Jan-Jun,0,-0.4387690666524645,2.792669381671946,2.253224870016709,2.25,70,72
2021-06-11 01:00:00,Jan-Jun,1,0.2879854720582902,3.8563728254756686,1.7162902095918753,6.0,107,113
2021-06-11 02:00:00,Jan-Jun,2,0.1812442030782803,5.781834317695967,5.868539792997751,6.75,104,111
2021-06-11 03:00:00,Jan-Jun,3,0.14429108022850062,4.780163021147281,3.998407995151865,6.0,101,107
2021-06-11 04:00:00,Jan-Jun,4,0.27932329298566483,5.338825654592508,3.215552473383454,2.75,111,114
2021-06-11 05:00:00,Jan-Jun,5,0.014303643131362266,10.175542884642272,7.467473754518991,13.25,90,103
2021-06-11 06:00:00,Jan-Jun,6,0.21215692329374655,4.701656249248599,0.08682245082185602,1.75,105,107
2021-06-11 07:00:00,Jan-Jun,7,0.8866454929648283,13.957668132536732,3.211305404569913,16.0,133,149
2021-06-11 08:00:00,Jan-Jun,8,1.3286404856485043,4.902030009154932,3.736027327120013,7.5,168,175
2021-06-11 09:00:00,Jan-Jun,9,1.282325454063555,8.993751500139387,6.405488131706278,7.0,168,175
2021-06-11 10:00:00,Jan-Jun,10,1.2442501370706263,14.168776243260876,1.6000362698932236,12.0,156,168
2021-06-11 11:00:00,Jan-Jun,11,1.280495369607363,8.740857616705783,5.510968762026607,6.25,168,174
2021-06-11 12:00:00,Jan-Jun,12,0.02826405341746124,15.350768430366273,25.672944184906783,18.0,104,122
2021-06-11 13:00:00,Jan-Jun,13,1.0473041075610505,7.964662259320809,4.951420224590663,6.5,154,160
2021-06-11 14:00:00,Jan-Jun,14,1.1376849220110683,5.437250758547616,-0.25786137156632094,1.5,159,160
2021-06-11 15:00:00,Jan-Jun,15,1.1089298707542186,11.534763806902737,1.3994943429221394,10.5,150,160
2021-06-11 16:00:00,Jan-Jun,16,1.1693428570083761,3.4733953617745286,0.9174693204910227,6.25,157,163
2021-06-11 17:00:00,Jan-Jun,17,1.0090368921563486,24.327670668835,6.157028817043965,23.25,136,159
2021-06-11 18:00:00,Jan-Jun,18,0.8788301611879555,8.558797881489761,6.661757906473838,7.25,145,152
2021-06-11 19:00:00,Jan-Jun,19,0.799017921249679,9.222014748172882,1.26189827020616,6.0,136,142
2021-06-11 20:00:00,Jan-Jun,20,0.5817586974352954,5.973837600027131,1.784074387987232,9.25,121,130
2021-06-11 21:00:00,Jan-Jun,21,0.2785831348845375,6.649748457342898,5.258212987098801,6.75,109,116
2021-06-11 22:00:00,Jan-Jun,22,0.2515255210365047,5.651389139982196,0.8177334529431022,6.0,104,110
2021-06-11 23:00:00,Jan-Jun,23,0.16108228811775754,11.383587486176635,6.030612664173475,10.25,100,110
2021-06-12 00:00:00,Jan-Jun,0,-0.5077497075931787,3.7715022708512733,5.179123739391201,4.75,66,71
2021-06-12 01:00:00,Jan-Jun,1,0.2720523449682505,3.7251475254453053,0.6346283129210235,5.0,106,111
2021-06-12 02:00:00,Jan-Jun,2,0.09206944684123158,8.35983714244039,11.008307777322983,7.0,104,111
2021-06-12 03:00:00,Jan-Jun,3,0.2889647413961262,5.766332717798835,0.6598480346644635,5.5,107,112
2021-06-12 04:00:00,Jan-Jun,4,0.30750287344579047,1.887243561797513,0.591365185720349,4.25,109,113
2021-06-12 05:00:00,Jan-Jun,5,0.017146351045820827,13.602608498598558,14.305686568503631,20.0,90,110
2021-06-12 06:00:00,Jan-Jun,6,0.18419049369181517,4.132770420632695,0.698724356354333,3.75,102,106
2021-06-12 07:00:00,Jan-Jun,7,-0.45715988970621196,25.232790282732147,23.299902755999625,21.5,71,92
2021-06-12 08:00:00,Jan-Jun,8,-1.231839384942073,2.206807766224511,-1.681477954547006,1.25,23,24
2021-06-12 09:00:00,Jan-Jun,9,-1.220649823230385,1.8026316645573537,1.7338775935599742,3.0,25,28
2021-06-12 10:00:00,Jan-Jun,10,-1.205537358052292,1.1310077360749675,1.9442649931334657,3.0,26,29
2021-06-12 11:00:00,Jan-Jun,11,-1.1511751466088576,3.5664158419630447,-0.8961112550122792,2.75,26,29
2021-06-12 12:00:00,Jan-Jun,12,-1.2238533753492267,0.8568048714652996,-1.0987397134544281,0.5,25,25
2021-06-12 13:00:00,Jan-Jun,13,-1.2584461424513131,1.7215895942082604,2.7087009962864386,4.0,23,27
2021-06-12 14:00:00,Jan-Jun,14,-1.2595087970902255,1.2875968577879322,-1.2357762625261586,0.75,22,23
2021-06-12 15:00:00,Jan-Jun,15,-1.2456310701231283,1.7402000930946628,-1.96087491118233,0.5,23,23
2021-06-12 16:00:00,Jan-Jun,16,-1.2354342538954706,1.873237736191137,1.506350688168368,2.25,25,27
2021-06-12 17:00:00,Jan-Jun,17,-1.2588236637159111,0.657044273138654,-1.2715738600032154,0.5,23,23
2021-06-12 18:00:00,Jan-Jun,18,-1.2609484285646806,1.1842365919843418,-2.160556823552824,0.0,22,22
2021-06-12 19:00:00,Jan-Jun,19,-1.1978983970938701,2.906289774263081,-0.4548637893552865,2.5,25,27
2021-06-12 20:00:00,Jan-Jun,20,-1.2588236637159111,0.657044273138654,-1.2715738600032154,0.5,23,23
2021-06-12 21:00:00,Jan-Jun,21,-1.2573840322414562,0.7539323245278486,-1.3467932989765359,0.25,23,23
2021-06-12 22:00:00,Jan-Jun,22,-1.2587376219298694,0.9086049076801087,-1.2760694652946825,0.5,23,23
2021-06-12 23:00:00,Jan-Jun,23,-1.2506655705509808,2.371151882437485,2.302173170506407,2.75,24,27
2021-06-13 00:00:00,Jan-Jun,0,-1.2462995264372272,1.40651805360042,-1.925948674977505,0.5,23,23
2021-06-13 01:00:00,Jan-Jun,1,-1.2623020182530937,1.4058666610200188,-2.0898329898709562,0.25,22,22
2021-06-13 02:00:00,Jan-Jun,2,-1.1846197617150456,3.511841284998122,-1.148660445825854,2.5,25,27
2021-06-13 03:00:00,Jan-Jun,3,-1.2609484285646806,1.1842365919843418,-2.160556823552824,0.0,22,22
2021-06-13 04:00:00,Jan-Jun,4,-1.2457171119091703,1.618529103889748,-1.9563793058908345,0.5,23,23
2021-06-13 05:00:00,Jan-Jun,5,-1.2595948388762674,1.123693403782393,-1.2312806572346915,0.75,22,23
2021-06-13 06:00:00,Jan-Jun,6,-1.252876377185792,1.8557352701651413,1.4176858122482514,2.25,24,26
2021-06-13 07:00:00,Jan-Jun,7,-1.2623020182530937,1.4058666610200188,-2.0898329898709562,0.25,22,22
2021-06-13 08:00:00,Jan-Jun,8,-1.275597330692134,1.243550859378893,-1.3951649721281285,0.5,22,22
2021-06-13 09:00:00,Jan-Jun,9,-1.1998510783705556,3.052875259781303,-1.3528379634878505,2.0,24,26
2021-06-13 10:00:00,Jan-Jun,10,-1.2595948388762674,1.123693403782393,-1.2312806572346915,0.75,22,23
2021-06-13 11:00:00,Jan-Jun,11,-1.2609484285646806,1.1842365919843418,-2.160556823552824,0.0,22,22
2021-06-13 12:00:00,Jan-Jun,12,-1.2380919465207065,1.8295473299919138,1.6452127176398363,3.0,24,27
2021-06-13 13:00:00,Jan-Jun,13,-1.2447571761165153,1.0822476516989343,-0.006535080514538549,2.0,23,25
2021-06-13 14:00:00,Jan-Jun,14,-1.2470707015975835,1.7541085930232607,-1.885655472208967,0.75,22,23
2021-06-13 15:00:00,Jan-Jun,15,-1.2470707015975835,1.7541085930232607,-1.885655472208967,0.75,22,23
2021-06-13 16:00:00,Jan-Jun,16,-1.2346630787351145,1.9879968010657258,1.4660574853998583,2.0,25,27
2021-06-13 17:00:00,Jan-Jun,17,-1.2609484285646806,1.1842365919843418,-2.160556823552824,0.0,22,22
2021-06-13 18:00:00,Jan-Jun,18,-1.2609484285646806,1.1842365919843418,-2.160556823552824,0.0,22,22
2021-06-13 19:00:00,Jan-Jun,19,-1.2012907098450107,3.159335796605787,-1.2776185245145086,2.25,24,26
2021-06-13 20:00:00,Jan-Jun,20,-1.2609484285646806,1.1842365919843418,-2.160556823552824,0.0,22,22
2021-06-13 21:00:00,Jan-Jun,21,-1.2462995264372272,1.40651805360042,-1.925948674977505,0.5,23,23
2021-06-13 22:00:00,Jan-Jun,22,-1.2568876594994411,1.512009905248494,0.6272716754015875,2.25,23,25
2021-06-13 23:00:00,Jan-Jun,23,-1.255070506760388,0.8361922672656067,1.5323270927178925,2.5,24,26
2021-06-14 00:00:00,Jan-Jun,0,-1.2609484285646806,1.1842365919843418,-2.160556823552824,0.0,22,22
2021-06-14 01:00:00,Jan-Jun,1,-1.2595087970902255,1.2875968577879322,-1.2357762625261586,0.75,22,23
2021-06-14 02:00:00,Jan-Jun,2,-1.1982393633240167,3.6032249696725556,-0.43704861304414777,2.75,24,27
2021-06-14 03:00:00,Jan-Jun,3,-1.2609484285646806,1.1842365919843418,-2.160556823552824,0.0,22,22
2021-06-14 04:00:00,Jan-Jun,4,-1.2441914386486732,1.8472605256716053,-1.0360943501556648,1.25,23,24
2021-06-14 05:00:00,Jan-Jun,5,-1.2403027531555177,2.2657775051935563,1.7607253593817092,3.5,24,27
2021-06-14 06:00:00,Jan-Jun,6,-1.2586349030836121,0.6724356260867078,0.7185635681416045,2.25,23,25
2021-06-14 07:00:00,Jan-Jun,7,-0.4329979309870337,33.135740783080955,41.92477192039286,50.25,62,112
2021-06-14 08:00:00,Jan-Jun,8,1.7360658507271336,16.03385880383606,9.253239868003277,21.5,183,204
2021-06-14 09:00:00,Jan-Jun,9,1.3571063944879997,13.713274488980431,12.095336922438264,6.75,178,185
2021-06-14 10:00:00,Jan-Jun,10,1.4595733566685396,7.817439657624299,1.1894456826952933,9.0,171,180
2021-06-14 11:00:00,Jan-Jun,11,1.5942812802557726,6.847384833370556,3.4252812251204716,8.75,181,190
2021-06-14 12:00:00,Jan-Jun,12,0.28819814593970156,17.21146552574321,28.704032318985753,21.25,119,140
2021-06-14 13:00:00,Jan-Jun,13,1.6784900369379765,1.8842397172004346,0.5717386996494724,6.5,186,192
2021-06-14 14:00:00,Jan-Jun,14,1.3736889637707215,12.006547267673144,11.139566900812156,8.25,177,185
2021-06-14 15:00:00,Jan-Jun,15,1.6266894235810898,13.77889391289416,3.5573721382472456,14.25,178,192
2021-06-14 16:00:00,Jan-Jun,16,1.3087334007136142,10.904899063279615,9.883412552795392,8.75,171,180
2021-06-14 17:00:00,Jan-Jun,17,1.0728656544001758,22.5781199722133,22.478128615872123,32.75,146,179
2021-06-14 18:00:00,Jan-Jun,18,1.3168946947925655,15.32515668436658,11.413019811758318,9.25,173,182
2021-06-14 19:00:00,Jan-Jun,19,1.0532004341311965,19.208769034692807,8.611573480857487,13.75,150,164
2021-06-14 20:00:00,Jan-Jun,20,0.4633356236949307,3.8647296638815614,4.609628487603985,6.75,119,126
2021-06-14 21:00:00,Jan-Jun,21,0.5274155001132782,1.2133800975774363,-0.08374518845104717,2.0,123,125
2021-06-14 22:00:00,Jan-Jun,22,0.2752078835438841,9.60068132980493,18.452752445481238,17.5,112,129
2021-06-14 23:00:00,Jan-Jun,23,0.2018640150531653,12.78249309420552,11.680075098464727,11.25,107,118
2021-06-15 00:00:00,Jan-Jun,0,-0.37316117991241826,6.849792265244155,9.519279739002798,7.0,76,83
2021-06-15 01:00:00,Jan-Jun,1,0.3437568423460063,4.1724202248105655,1.5017941398212002,5.75,110,116
2021-06-15 02:00:00,Jan-Jun,2,0.4492506664031728,1.6867821132815874,0.4214435752317627,3.75,117,121
2021-06-15 03:00:00,Jan-Jun,3,0.3970288080106122,4.974087684324306,5.431356326039321,7.25,116,123
2021-06-15 04:00:00,Jan-Jun,4,0.140460525957707,13.609458599576733,19.219189761584843,12.25,110,122
2021-06-15 05:00:00,Jan-Jun,5,0.036927096342905766,8.524809420359372,15.179903964309588,14.75,97,112
2021-06-15 06:00:00,Jan-Jun,6,0.40057761613173193,5.298250280783839,3.2268135705205054,2.75,118,121
2021-06-15 07:00:00,Jan-Jun,7,0.8175284596336625,13.417881011433808,8.195005838162757,17.75,132,150
2021-06-15 08:00:00,Jan-Jun,8,1.7660091293521187,8.252140160042732,1.5273982585984527,10.25,188,198
2021-06-15 09:00:00,Jan-Jun,9,1.4749040337032673,14.191538907203288,15.30583101049291,9.25,186,195
2021-06-15 10:00:00,Jan-Jun,10,1.4461001976769015,15.340589914670659,2.9659985341419883,16.75,164,181
2021-06-15 11:00:00,Jan-Jun,11,1.306029806601081,10.811693550542095,14.039239684245786,10.75,173,184
2021-06-15 12:00:00,Jan-Jun,12,0.047085407350946414,22.327414728882736,30.60105415235296,16.25,112,128
2021-06-15 13:00:00,Jan-Jun,13,1.3290208884033599,6.831484369774254,5.714102042621818,5.75,171,177
2021-06-15 14:00:00,Jan-Jun,14,1.389916226824283,11.247403814955739,7.20427567451253,5.0,177,182
2021-06-15 15:00:00,Jan-Jun,15,1.3141570402598015,11.396742190143993,5.570810084626999,13.0,163,176
2021-06-15 16:00:00,Jan-Jun,16,1.4593994804643096,8.99601187733001,2.1994673904682713,11.25,170,181
2021-06-15 17:00:00,Jan-Jun,17,0.8848058057665733,20.44541347347933,13.317339508410129,25.5,134,159
2021-06-15 18:00:00,Jan-Jun,18,1.0646672002489355,11.692677120013387,13.950663153062095,8.75,161,170
2021-06-15 19:00:00,Jan-Jun,19,1.0453042765939764,10.296531389852138,7.066684539430014,6.5,156,162
2021-06-15 20:00:00,Jan-Jun,20,0.5713849659601313,8.223728807675847,5.38198544672116,5.25,128,133
2021-06-15 21:00:00,Jan-Jun,21,0.5976142022047732,3.8161600919398433,1.8702102045758693,4.0,127,131
2021-06-15 22:00:00,Jan-Jun,22,0.37471872988929916,3.7480247844104078,6.717242938960382,8.5,115,123
2021-06-15 23:00:00,Jan-Jun,23,0.25914204447996125,15.21976699390316,10.378739672657602,12.25,108,120
2021-06-16 00:00:00,Jan-Jun,0,-0.3981956588998282,3.673892722339046,3.944068366822634,3.0,73,76
2021-06-16 01:00:00,Jan-Jun,1,0.4108685067348751,7.384237373061173,1.633677213504555,9.0,111,120
2021-06-16 02:00:00,Jan-Jun,2,0.37369263028483835,2.657091925575409,0.7763842713091549,3.0,114,117
2021-06-16 03:00:00,Jan-Jun,3,0.33476429169917143,1.3053165942951324,0.02009803951632705,2.5,112,114
2021-06-16 04:00:00,Jan-Jun,4,0.31813044303271304,8.209078121636486,4.978823652454466,6.0,112,118
2021-06-16 05:00:00,Jan-Jun,5,0.08999666335827361,14.823660964915723,11.127776858413881,19.25,92,111
2021-06-16 06:00:00,Jan-Jun,6,0.43588685309112524,7.403964098564955,1.1916940666059759,6.25,115,121
2021-06-16 07:00:00,Jan-Jun,7,0.8681864564441087,24.799810223301638,16.275229422242404,30.75,130,161
2021-06-16 08:00:00,Jan-Jun,8,1.484918329255923,5.9770359072508175,4.728636770339506,8.0,177,185
2021-06-16 09:00:00,Jan-Jun,9,1.5840780622000732,7.312827549672212,6.013364397003443,12.5,180,192
2021-06-16 10:00:00,Jan-Jun,10,1.664278512477357,13.89161905997699,2.390848742821106,15.0,178,193
2021-06-16 11:00:00,Jan-Jun,11,1.40509251875298,11.536706812360896,10.329559301096936,10.25,176,186
2021-06-16 12:00:00,Jan-Jun,12,0.07298801736445522,16.192760017245348,21.108104675664805,11.25,109,120
2021-06-16 13:00:00,Jan-Jun,13,1.3475389174734964,3.987552275790395,2.64677786968565,6.0,169,175
2021-06-16 14:00:00,Jan-Jun,14,1.3499024741352104,3.52172972491962,1.5105494865463243,3.5,171,174
2021-06-16 15:00:00,Jan-Jun,15,1.4270662373142775,16.60086837066294,3.063059453789151,17.0,163,180
2021-06-16 16:00:00,Jan-Jun,16,1.40167776596111,7.341991354275228,1.5263755057567323,8.75,168,177
2021-06-16 17:00:00,Jan-Jun,17,1.2012879817121087,15.826050036738001,13.076247251197515,23.25,154,177
2021-06-16 18:00:00,Jan-Jun,18,1.2164716067739394,12.580561200043531,12.201108217777062,9.25,168,177
2021-06-16 19:00:00,Jan-Jun,19,0.8102972700904852,15.885611937225324,10.611790117379769,13.0,139,152
2021-06-16 20:00:00,Jan-Jun,20,0.42084055172483764,3.3726360640606203,1.058918170245562,6.25,114,120
2021-06-16 21:00:00,Jan-Jun,21,0.4030954904472038,3.782041777855126,5.081690776343024,5.5,118,123
2021-06-16 22:00:00,Jan-Jun,22,0.09955620220180578,5.194254363214319,6.576793443754582,4.5,103,107
2021-06-16 23:00:00,Jan-Jun,23,0.26463956352939855,13.83720528021775,9.061879009440247,13.5,106,119
2021-06-17 00:00:00,Jan-Jun,0,-0.3901958537370237,1.54886035832834,-0.5112249678806933,0.25,72,72
2021-06-17 01:00:00,Jan-Jun,1,0.23759744346499798,5.910358021322413,9.620506459632708,11.5,107,118
2021-06-17 02:00:00,Jan-Jun,2,0.24625853620527705,8.215316459992016,8.121306808809749,4.75,112,117
2021-06-17 03:00:00,Jan-Jun,3,0.43256304121299227,2.328192069889862,0.38326870721093087,3.75,116,120
2021-06-17 04:00:00,Jan-Jun,4,0.3370084524544131,1.855764388850141,0.8907512816647056,2.5,113,115
2021-06-17 05:00:00,Jan-Jun,5,0.03425327108651001,10.01534796346567,15.332079522666774,14.75,97,112
2021-06-17 06:00:00,Jan-Jun,6,0.5270523188476935,3.216765138243066,0.9371875005758454,5.5,121,126
2021-06-17 07:00:00,Jan-Jun,7,1.088439120562416,19.92654993542485,4.580520299759883,21.0,141,162
2021-06-17 08:00:00,Jan-Jun,8,1.7655979345433261,2.6856718555841246,0.5510983055930865,6.75,190,197
2021-06-17 09:00:00,Jan-Jun,9,1.4025787741308564,13.46581447025778,12.47444407202039,8.0,180,188
2021-06-17 10:00:00,Jan-Jun,10,1.4028049511246619,10.699933768565293,1.4614079021377506,11.0,166,177
2021-06-17 11:00:00,Jan-Jun,11,1.4697788173669692,13.26548150962215,10.601233251548933,7.0,183,190
2021-06-17 12:00:00,Jan-Jun,12,-0.08243292872032912,22.513651010289745,32.97304738910037,20.0,103,123
2021-06-17 13:00:00,Jan-Jun,13,1.667181079319816,5.775827253685538,1.2235534144259361,9.25,183,192
2021-06-17 14:00:00,Jan-Jun,14,1.4431982427157708,7.42893273465287,11.133258595515457,10.25,179,189
2021-06-17 15:00:00,Jan-Jun,15,1.4460193744423184,9.911200781075355,0.9706569452330882,9.25,170,179
2021-06-17 16:00:00,Jan-Jun,16,1.3141776876683848,4.35783888460137,3.5696200293459697,5.5,169,174
2021-06-17 17:00:00,Jan-Jun,17,0.8392563482322103,13.149085212597628,14.942674899472678,20.0,138,158
2021-06-17 18:00:00,Jan-Jun,18,1.4085817873698634,5.935650974843976,1.1284482256924377,6.75,170,177
2021-06-17 19:00:00,Jan-Jun,19,1.2533674622541762,9.899635252739746,2.0745407366447353,10.0,159,169
2021-06-17 20:00:00,Jan-Jun,20,0.8310080204533429,4.133747626658821,0.4180840043694616,4.5,139,143
2021-06-17 21:00:00,Jan-Jun,21,0.5458397742316928,6.637008292557806,7.854334395455709,7.25,127,134
2021-06-17 22:00:00,Jan-Jun,22,0.5518670201435757,2.489958193107868,1.5069418498657683,3.0,125,128
2021-06-17 23:00:00,Jan-Jun,23,0.20887629328339866,15.773037456801378,18.275908216874086,14.0,111,125
2021-06-18 00:00:00,Jan-Jun,0,-0.3175780258279459,9.249671427061806,13.3558727482785,10.0,80,90
2021-06-18 01:00:00,Jan-Jun,1,0.37869377659226044,6.208841409495987,0.48813305806800145,5.25,112,117
2021-06-18 02:00:00,Jan-Jun,2,0.38556873365271505,7.637626106503436,4.091880960680655,6.0,115,121
2021-06-18 03:00:00,Jan-Jun,3,0.5019321174980055,9.940505184480957,2.3850412666541843,12.0,114,126
2021-06-18 04:00:00,Jan-Jun,4,0.3732434072332118,3.256288952681111,0.802276153227325,5.5,112,117
2021-06-18 05:00:00,Jan-Jun,5,0.10912796646267667,10.445623278212427,19.02510539236529,18.5,102,120
2021-06-18 06:00:00,Jan-Jun,6,0.48708408508760775,5.783693434503062,0.2408377367933383,2.5,121,123
2021-06-18 07:00:00,Jan-Jun,7,0.7492903138552776,13.823695569950877,19.128049804654097,24.0,133,157
2021-06-18 08:00:00,Jan-Jun,8,1.024847971172676,16.602504609708298,23.245725202041854,15.5,162,177
2021-06-18 09:00:00,Jan-Jun,9,1.2735729434327558,11.064958213985856,17.9099568381086,15.5,171,186
2021-06-18 10:00:00,Jan-Jun,10,1.2759403398560187,9.63157195962914,10.773507142522703,14.25,165,179
2021-06-18 11:00:00,Jan-Jun,11,1.5142322661419896,5.029677180363089,3.039068548801282,7.75,177,185
2021-06-18 12:00:00,Jan-Jun,12,-0.020944806120703457,17.158520805252298,30.47357061269146,22.5,102,124
2021-06-18 13:00:00,Jan-Jun,13,1.4195020846384332,5.643103890781291,3.4990347386388976,5.75,174,180
2021-06-18 14:00:00,Jan-Jun,14,1.0720379856223496,14.703351315535885,13.525832984971686,6.5,164,170
2021-06-18 15:00:00,Jan-Jun,15,1.2402259230398385,14.330066844566861,3.8319800094704988,14.5,156,170
2021-06-18 16:00:00,Jan-Jun,16,1.3332933351184109,8.136032107454795,2.467850908697983,12.25,162,174
2021-06-18 17:00:00,Jan-Jun,17,1.0000413024662376,9.824143485087992,11.675507878163614,16.5,148,164
2021-06-18 18:00:00,Jan-Jun,18,0.9703231170284761,6.66024138807421,3.3883757850768177,3.75,150,154
2021-06-18 19:00:00,Jan-Jun,19,0.8091448283224547,5.9331954748151645,0.6782134366359003,4.5,138,142
2021-06-18 20:00:00,Jan-Jun,20,0.3592719253143929,7.909912560535884,8.607550857528565,6.75,117,124
2021-06-18 21:00:00,Jan-Jun,21,0.2945037146077102,5.884816068889802,9.340598076713832,7.5,114,121
2021-06-18 22:00:00,Jan-Jun,22,0.36711398690412717,5.547456786337359,1.1555577286336813,3.0,114,117
2021-06-18 23:00:00,Jan-Jun,23,0.23849636907079846,17.234541746002794,11.568695058694288,13.75,106,120
2021-06-19 00:00:00,Jan-Jun,0,-0.5042019883301697,3.4759347904884788,3.9772122051757464,3.25,67,70
2021-06-19 01:00:00,Jan-Jun,1,0.33448894485177505,6.776324118175488,4.0359682136614765,7.75,110,118
2021-06-19 02:00:00,Jan-Jun,2,0.3088288719942875,7.255220860970378,6.514938569327811,4.0,115,119
2021-06-19 03:00:00,Jan-Jun,3,0.08973956372371182,6.048281566396024,9.142595317429226,9.5,100,109
2021-06-19 04:00:00,Jan-Jun,4,0.3227341901013007,2.194258205830079,0.7134773505463556,4.75,109,114
2021-06-19 05:00:00,Jan-Jun,5,-0.08265168500601863,8.414285368601394,11.985497477167769,13.75,88,102
2021-06-19 06:00:00,Jan-Jun,6,0.14718756466668134,7.568425371147602,5.831463238466654,6.25,103,109
2021-06-19 07:00:00,Jan-Jun,7,-0.8626043730126761,24.75337966443753,36.37498609677348,24.75,57,82
2021-06-19 08:00:00,Jan-Jun,8,-1.2586349030836121,0.6724356260867078,0.7185635681416045,2.25,23,25
2021-06-19 09:00:00,Jan-Jun,9,-1.2609484285646806,1.1842365919843418,-2.160556823552824,0.0,22,22
2021-06-19 10:00:00,Jan-Jun,10,-1.2609484285646806,1.1842365919843418,-2.160556823552824,0.0,22,22
2021-06-19 11:00:00,Jan-Jun,11,-1.2383301939045959,2.2146808720162308,1.6576609273872833,3.0,24,27
2021-06-19 12:00:00,Jan-Jun,12,-1.2609484285646806,1.1842365919843418,-2.160556823552824,0.0,22,22
2021-06-19 13:00:00,Jan-Jun,13,-1.2623880600391355,1.256822430263456,-2.085337384579489,0.25,22,22
2021-06-19 14:00:00,Jan-Jun,14,-1.1847058035010873,3.588040654446269,-1.144164840534387,2.5,25,27
2021-06-19 15:00:00,Jan-Jun,15,-1.2470707015975835,1.7541085930232607,-1.885655472208967,0.75,22,23
2021-06-19 16:00:00,Jan-Jun,16,-1.2609484285646806,1.1842365919843418,-2.160556823552824,0.0,22,22
2021-06-19 17:00:00,Jan-Jun,17,-1.2588236637159111,0.657044273138654,-1.2715738600032154,0.5,23,23
2021-06-19 18:00:00,Jan-Jun,18,-1.211345915130758,2.855243163023681,0.2477568328434998,2.75,24,27
2021-06-19 19:00:00,Jan-Jun,19,-1.2609484285646806,1.1842365919843418,-2.160556823552824,0.0,22,22
2021-06-19 20:00:00,Jan-Jun,20,-1.2609484285646806,1.1842365919843418,-2.160556823552824,0.0,22,22
2021-06-19 21:00:00,Jan-Jun,21,-1.2403027531555177,2.2657775051935563,1.7607253593817092,3.5,24,27
2021-06-19 22:00:00,Jan-Jun,22,-1.257195271609157,0.7423288253481249,0.6433441291682556,2.0,23,25
2021-06-19 23:00:00,Jan-Jun,23,-1.2609484285646806,1.1842365919843418,-2.160556823552824,0.0,22,22
2021-06-20 00:00:00,Jan-Jun,0,-1.2609484285646806,1.1842365919843418,-2.160556823552824,0.0,22,22
2021-06-20 01:00:00,Jan-Jun,1,-1.2244524669374988,2.3054999046959956,0.9325622787311261,2.75,24,27
2021-06-20 02:00:00,Jan-Jun,2,-1.2609484285646806,1.1842365919843418,-2.160556823552824,0.0,22,22
2021-06-20 03:00:00,Jan-Jun,3,-1.2609484285646806,1.1842365919843418,-2.160556823552824,0.0,22,22
2021-06-20 04:00:00,Jan-Jun,4,-1.2403027531555177,2.2657775051935563,1.7607253593817092,3.5,24,27
2021-06-20 05:00:00,Jan-Jun,5,-1.257863727923256,1.030632807581897,1.6782703653730948,3.0,23,26
2021-06-20 06:00:00,Jan-Jun,6,-1.2609484285646806,1.1842365919843418,-2.160556823552824,0.0,22,22
2021-06-20 07:00:00,Jan-Jun,7,-1.2631592351994916,1.6646117788231414,-2.0450441818109795,0.5,22,22
2021-06-20 08:00:00,Jan-Jun,8,-1.22666327357231,2.2812731787546707,0.04807492047298467,2.25,24,26
2021-06-20 09:00:00,Jan-Jun,9,-1.2609484285646806,1.1842365919843418,-2.160556823552824,0.0,22,22
2021-06-20 10:00:00,Jan-Jun,10,-1.2609484285646806,1.1842365919843418,-2.160556823552824,0.0,22,22
2021-06-20 11:00:00,Jan-Jun,11,-1.1860593931895005,3.65582477185521,-1.0734410068525264,2.75,24,27
2021-06-20 12:00:00,Jan-Jun,12,-1.2609484285646806,1.1842365919843418,-2.160556823552824,0.0,22,22
2021-06-20 13:00:00,Jan-Jun,13,-1.2601772534043243,0.7888446184743286,-1.200850026321362,0.75,22,23
2021-06-20 14:00:00,Jan-Jun,14,-1.2443635222207572,1.611425234641844,-1.0271031395727022,1.25,23,24
2021-06-20 15:00:00,Jan-Jun,15,-1.2382107979981236,1.499912573658763,2.651422599551367,3.5,25,28
2021-06-20 16:00:00,Jan-Jun,16,-1.229714620093304,1.7351594996628965,-1.7924949909973833,0.75,23,24
2021-06-20 17:00:00,Jan-Jun,17,-1.2440887198024162,1.090905809424766,-1.0414613167193636,1.0,23,24
2021-06-20 18:00:00,Jan-Jun,18,-1.1983254051100587,3.2461089277104245,-1.4325530077526665,1.75,24,26
2021-06-20 19:00:00,Jan-Jun,19,-1.2462995264372272,1.40651805360042,-1.925948674977505,0.5,23,23
2021-06-20 20:00:00,Jan-Jun,20,-1.2609484285646806,1.1842365919843418,-2.160556823552824,0.0,22,22
2021-06-20 21:00:00,Jan-Jun,21,-1.1964587656194152,2.664684993547686,-0.5300832283286212,2.25,25,27
2021-06-20 22:00:00,Jan-Jun,22,-1.2587376219298694,0.9086049076801087,-1.2760694652946825,0.5,23,23
2021-06-20 23:00:00,Jan-Jun,23,-1.2588236637159111,0.657044273138654,-1.2715738600032154,0.5,23,23
2021-06-21 00:00:00,Jan-Jun,0,-1.2422387573719877,1.3254960844106938,-0.13812017602309368,1.75,23,25
2021-06-21 01:00:00,Jan-Jun,1,-1.2548817461280888,1.9012424520026603,3.5224645208627123,4.25,24,28
2021-06-21 02:00:00,Jan-Jun,2,-1.2601772534043243,0.7888446184743286,-1.200850026321362,0.75,22,23
2021-06-21 03:00:00,Jan-Jun,3,-1.2462995264372272,1.40651805360042,-1.925948674977505,0.5,23,23
2021-06-21 04:00:00,Jan-Jun,4,-1.2230988772490858,2.0263164765401624,0.8618384450492727,2.5,25,27
2021-06-21 05:00:00,Jan-Jun,5,-1.2601772534043243,0.7888446184743286,-1.200850026321362,0.75,22,23
2021-06-21 06:00:00,Jan-Jun,6,-1.2595948388762674,1.123693403782393,-1.2312806572346915,0.75,22,23
2021-06-21 07:00:00,Jan-Jun,7,-0.5704734347823842,27.336921453031284,38.74892254521406,43.5,58,101
2021-06-21 08:00:00,Jan-Jun,8,1.9170332367434475,21.236963726398876,2.8228174468736995,18.5,190,208
2021-06-21 09:00:00,Jan-Jun,9,1.589302029560025,11.599633902597137,7.7122704403631985,4.75,189,194
2021-06-21 10:00:00,Jan-Jun,10,1.733576593275142,13.093256920234309,7.396713271199133,17.0,185,202
2021-06-21 11:00:00,Jan-Jun,11,1.6407209894332004,7.004308316852824,1.7486343745586055,10.0,181,191
2021-06-21 12:00:00,Jan-Jun,12,0.13453193412524106,21.226185235790595,29.560896179168296,17.5,115,132
2021-06-21 13:00:00,Jan-Jun,13,1.686134216447857,4.576385921949967,7.131150905869845,9.5,190,199
2021-06-21 14:00:00,Jan-Jun,14,1.8093336652579488,6.605036873419563,2.0303007392893164,11.75,189,201
2021-06-21 15:00:00,Jan-Jun,15,1.4991122453512356,11.617416471954034,2.9105416210244073,15.5,169,184
2021-06-21 16:00:00,Jan-Jun,16,1.1432186766711931,7.276391041652863,3.4231894522832818,4.0,160,164
2021-06-21 17:00:00,Jan-Jun,17,0.8756573041788145,20.613065038720336,16.8446319569627,28.0,134,162
2021-06-21 18:00:00,Jan-Jun,18,1.0907562338335413,4.243126696023596,-0.5530312243432718,0.75,156,157
2021-06-21 19:00:00,Jan-Jun,19,0.9387828797239666,16.51729080471638,10.206261347722034,15.75,143,159
2021-06-21 20:00:00,Jan-Jun,20,0.6642951132343773,6.439709857221948,1.026920621988694,7.25,127,134
2021-06-21 21:00:00,Jan-Jun,21,0.6473300291408901,3.570905540362029,1.004737660740119,6.25,127,133
2021-06-21 22:00:00,Jan-Jun,22,0.3897972965179065,5.9246733388180015,3.8481591614705337,7.0,114,121
2021-06-21 23:00:00,Jan-Jun,23,0.3172801723434124,20.290026964053446,17.027830728574315,17.75,112,130
2021-06-22 00:00:00,Jan-Jun,0,-0.3661935567583527,1.8103785718913312,0.12273103360176663,2.75,71,74
2021-06-22 01:00:00,Jan-Jun,1,0.2606786967466671,7.271105059187113,8.29017160186342,10.0,108,118
2021-06-22 02:00:00,Jan-Jun,2,0.1965196303809029,11.885618939851836,13.988109551190277,7.25,113,120
2021-06-22 03:00:00,Jan-Jun,3,0.3871428048066916,8.457776455323561,6.001156176407051,10.0,113,123
2021-06-22 04:00:00,Jan-Jun,4,0.44534210293578097,2.6208090274397136,0.6467215599677303,4.5,117,121
2021-06-22 05:00:00,Jan-Jun,5,0.07043265670944017,12.748603904762907,13.255388071070314,18.5,94,112
2021-06-22 06:00:00,Jan-Jun,6,0.34223779591884285,6.158433231865798,2.5893474623364057,3.0,114,117
2021-06-22 07:00:00,Jan-Jun,7,1.0839836087433077,24.39364151575466,4.837322762339795,23.5,139,162
2021-06-22 08:00:00,Jan-Jun,8,1.378650673553435,3.0190429655082687,3.853588691677345,7.0,171,178
2021-06-22 09:00:00,Jan-Jun,9,1.1768104406945141,13.010010630041322,13.487059985272282,9.5,167,176
2021-06-22 10:00:00,Jan-Jun,10,1.5885293786655217,16.835160066538094,2.7568037421428357,16.75,172,189
2021-06-22 11:00:00,Jan-Jun,11,1.4586639964855859,5.158988363528465,1.241858501656509,7.75,172,180
2021-06-22 12:00:00,Jan-Jun,12,0.16129121665609247,12.754600018150919,18.018570644013735,11.25,111,122
2021-06-22 13:00:00,Jan-Jun,13,1.2819968751214919,10.17448332684389,17.42442644561936,19.75,166,186
2021-06-22 14:00:00,Jan-Jun,14,0.8688682338771474,21.32123976904073,27.235933796769046,15.5,157,172
2021-06-22 15:00:00,Jan-Jun,15,1.247284806531405,15.974874038861103,4.425126939094952,14.75,156,171
2021-06-22 16:00:00,Jan-Jun,16,1.1780388714959407,9.524020587649288,12.416256883917583,15.25,160,175
2021-06-22 17:00:00,Jan-Jun,17,0.5662225532160896,25.68059530456313,31.679531578197725,39.25,120,159
2021-06-22 18:00:00,Jan-Jun,18,0.9394530342517395,12.753278177289985,15.167635631973042,11.5,153,164
2021-06-22 19:00:00,Jan-Jun,19,1.3009196322458707,13.992364144353838,4.333774950206134,18.25,156,174
2021-06-22 20:00:00,Jan-Jun,20,0.6224095699554745,6.6049008734476775,3.4410788819642164,1.5,133,134
2021-06-22 21:00:00,Jan-Jun,21,0.5772928159655417,3.1898008375931033,0.041474526418937785,2.5,126,128
2021-06-22 22:00:00,Jan-Jun,22,0.4011232506200459,7.4892244031560224,4.195364819859222,8.5,114,122
2021-06-22 23:00:00,Jan-Jun,23,0.3302813488189307,18.011833923839877,17.278481546953913,17.75,113,131
2021-06-23 00:00:00,Jan-Jun,0,-0.4417510484476318,1.817657293972584,0.4229385577773712,1.0,69,70
2021-06-23 01:00:00,Jan-Jun,1,0.14029881203626868,2.940712050476722,3.2285104715155626,3.5,103,106
2021-06-23 02:00:00,Jan-Jun,2,0.4840854262322252,5.311216291710732,0.4136715232949655,3.5,120,123
2021-06-23 03:00:00,Jan-Jun,3,0.22054663700923277,6.263396122127821,5.6032642806387685,10.0,103,113
2021-06-23 04:00:00,Jan-Jun,4,0.26750096614151037,6.316900949460979,5.896956264970939,4.25,112,116
2021-06-23 05:00:00,Jan-Jun,5,0.05451534282679652,18.269701598209412,27.172814748110994,29.75,95,125
2021-06-23 06:00:00,Jan-Jun,6,0.2771510590227433,11.727688290311226,14.340753584642002,8.25,117,125
2021-06-23 07:00:00,Jan-Jun,7,1.0351422202428593,14.78277404863474,3.652395272964725,17.75,140,158
2021-06-23 08:00:00,Jan-Jun,8,1.2286674845343242,7.181279122537686,8.498174061310863,11.5,163,174
2021-06-23 09:00:00,Jan-Jun,9,1.1560703040338294,6.410478165696415,0.6824598371737522,2.25,160,162
2021-06-23 10:00:00,Jan-Jun,10,1.0492689511205278,9.41041844893208,4.838172479967028,12.0,148,160
2021-06-23 11:00:00,Jan-Jun,11,1.0186776411105,11.47885832975094,12.60136469290839,10.25,156,166
2021-06-23 12:00:00,Jan-Jun,12,-0.11324462830321246,10.23326167827717,15.726635278489681,11.0,93,104
2021-06-23 13:00:00,Jan-Jun,13,0.9874067331756166,7.682066391017598,9.403726910947398,7.75,153,161
2021-06-23 14:00:00,Jan-Jun,14,1.0524407824061046,3.307474995416021,0.6553575491366814,5.0,151,156
2021-06-23 15:00:00,Jan-Jun,15,1.1211829509576379,12.805772100890747,5.693263207605185,15.0,150,165
2021-06-23 16:00:00,Jan-Jun,16,1.2544641747875547,7.122923232386394,1.0113294848854935,8.5,160,168
2021-06-23 17:00:00,Jan-Jun,17,0.77581608625919,28.309860889766806,30.599183099387062,42.0,128,170
2021-06-23 18:00:00,Jan-Jun,18,1.163301815526535,7.969077456494723,4.2656570017425395,4.5,162,166
2021-06-23 19:00:00,Jan-Jun,19,0.8137894201976256,13.883213711104055,4.410512961438599,9.25,137,146
2021-06-23 20:00:00,Jan-Jun,20,0.5483716691224143,6.254380535773853,9.70840349698021,8.5,128,136
2021-06-23 21:00:00,Jan-Jun,21,0.5640308576469323,3.2716842993907234,-0.19414560138662296,1.25,126,127
2021-06-23 22:00:00,Jan-Jun,22,0.4703559345146077,11.849102249315102,1.204998631425056,9.0,114,123
2021-06-23 23:00:00,Jan-Jun,23,0.354040564212525,8.458036058036019,4.909070967483785,10.0,110,120
2021-06-24 00:00:00,Jan-Jun,0,-0.4366443018036953,3.0826136922089873,3.1322980157034976,2.75,70,73
2021-06-24 01:00:00,Jan-Jun,1,0.3987348224379281,7.974677306533581,3.3330267235338056,10.0,111,121
2021-06-24 02:00:00,Jan-Jun,2,0.34638748826038146,9.910414193562396,11.350171525761453,8.0,118,126
2021-06-24 03:00:00,Jan-Jun,3,0.4512028032508028,4.036802546222574,2.308928207723511,6.25,117,123
2021-06-24 04:00:00,Jan-Jun,4,0.4412485241791664,4.87118272717991,0.8826632762381053,4.75,116,121
2021-06-24 05:00:00,Jan-Jun,5,0.17921607467149,11.171845107967629,10.985435088182086,15.0,101,116
2021-06-24 06:00:00,Jan-Jun,6,0.33384667392148215,9.978411502686933,10.072986801702314,6.25,118,124
2021-06-24 07:00:00,Jan-Jun,7,1.22180904266334,21.330382751274456,6.8934742722487385,22.75,149,172
2021-06-24 08:00:00,Jan-Jun,8,1.5742865202476746,4.032957263615746,2.5777197815063744,6.0,182,188
2021-06-24 09:00:00,Jan-Jun,9,1.3097540567613246,7.059135952884018,1.824584970883251,10.25,162,172
2021-06-24 10:00:00,Jan-Jun,10,1.2348046180290886,16.491997681435723,5.144447921952889,17.0,154,171
2021-06-24 11:00:00,Jan-Jun,11,1.288939179270335,6.690366669405973,1.0242926621658626,6.5,164,170
2021-06-24 12:00:00,Jan-Jun,12,0.10726475289134574,11.871097814765012,15.13249548644562,10.75,105,116
2021-06-24 13:00:00,Jan-Jun,13,1.48627588676694,13.16572740665437,9.650391189118551,19.5,171,190
2021-06-24 14:00:00,Jan-Jun,14,1.042982174094409,18.034801983110253,20.20052362783605,11.75,163,175
2021-06-24 15:00:00,Jan-Jun,15,1.1935756856794923,22.920606828013536,16.520761078952887,29.75,150,180
2021-06-24 16:00:00,Jan-Jun,16,1.2188622101465143,4.91515434674265,0.06332094258769416,2.75,162,165
2021-06-24 17:00:00,Jan-Jun,17,0.8384790906675759,20.099686357669253,20.98747371603085,29.25,135,164
2021-06-24 18:00:00,Jan-Jun,18,0.8685876684782919,11.51222559534926,14.252104752714416,9.25,150,159
2021-06-24 19:00:00,Jan-Jun,19,1.2416806639476539,6.955546927298168,1.7481330660193635,8.75,159,168
2021-06-24 20:00:00,Jan-Jun,20,0.7915962408427997,3.427330247726551,1.6896618768009546,6.5,136,142
2021-06-24 21:00:00,Jan-Jun,21,0.5232305034661436,15.483281704024478,17.15746558339869,11.0,131,142
2021-06-24 22:00:00,Jan-Jun,22,0.48985867647933057,8.787206833773931,12.080918533124844,13.75,121,135
2021-06-24 23:00:00,Jan-Jun,23,0.40236048597102736,17.2750795810669,11.124054250429168,14.25,115,129
2021-06-25 00:00:00,Jan-Jun,0,-0.42064180998782896,3.044518548448309,3.221547351889285,3.0,71,74
2021-06-25 01:00:00,Jan-Jun,1,0.5527351511696745,7.93203087998276,1.4569053570013466,9.0,119,128
2021-06-25 02:00:00,Jan-Jun,2,0.2043062846855133,17.165003680243327,19.53930993357811,9.0,117,126
2021-06-25 03:00:00,Jan-Jun,3,0.5451451325337877,10.354015801897154,1.894371478932328,8.75,119,128
2021-06-25 04:00:00,Jan-Jun,4,0.4659382915933533,1.8219565928855526,0.4596184432525945,3.75,118,122
2021-06-25 05:00:00,Jan-Jun,5,0.27879862280393347,7.679546225994251,3.2457929037046114,8.0,106,114
2021-06-25 06:00:00,Jan-Jun,6,0.42311752217145443,5.2085722087657365,2.92768035927061,7.75,114,122
2021-06-25 07:00:00,Jan-Jun,7,0.9295467661975464,13.48839829840448,3.738603488097482,17.0,135,152
2021-06-25 08:00:00,Jan-Jun,8,1.2122424969539283,9.914264755045473,3.444861541837838,12.25,156,168
2021-06-25 09:00:00,Jan-Jun,9,1.423984643168402,3.7446712954795047,1.2406733840089714,8.25,170,178
2021-06-25 10:00:00,Jan-Jun,10,1.4417361712005858,7.826600689066783,4.2175280533939485,10.25,172,182
2021-06-25 11:00:00,Jan-Jun,11,1.4561004456881081,9.537318634659984,5.389613952538184,3.75,180,184
2021-06-25 12:00:00,Jan-Jun,12,0.2599857557882008,20.588726273302225,26.330110659772203,14.25,122,136
2021-06-25 13:00:00,Jan-Jun,13,1.4131335530726399,12.437942685415194,8.866097975257304,5.75,179,185
2021-06-25 14:00:00,Jan-Jun,14,1.3383106815092651,13.580430929309399,12.178665970783129,7.0,177,184
2021-06-25 15:00:00,Jan-Jun,15,1.5567525921907968,10.18606306796386,1.5883232961001283,11.5,175,186
2021-06-25 16:00:00,Jan-Jun,16,1.2892792816476626,7.150457853131403,7.004690171683762,9.75,166,176
2021-06-25 17:00:00,Jan-Jun,17,0.9830306994437635,27.227539421458175,28.65594849273134,39.0,141,180
2021-06-25 18:00:00,Jan-Jun,18,0.6668126706518498,22.11480293667445,30.88181609287028,22.5,142,164
2021-06-25 19:00:00,Jan-Jun,19,0.2279245936450361,14.139389668559442,19.178020782292236,16.75,110,127
2021-06-25 20:00:00,Jan-Jun,20,0.2854527133147496,3.2171010184939868,3.8622708979770977,6.25,109,115
2021-06-25 21:00:00,Jan-Jun,21,0.40227303590311086,7.096930737372293,3.1290946125032804,4.75,116,121
2021-06-25 22:00:00,Jan-Jun,22,0.6716537337992353,11.086294207051155,2.6027915973181166,13.0,123,136
2021-06-25 23:00:00,Jan-Jun,23,0.02165666511221506,17.862690688342234,26.048990825287802,20.25,102,122
2021-06-26 00:00:00,Jan-Jun,0,-0.4062843873389319,1.2953480468026481,-0.595577403342844,0.0,71,71
2021-06-26 01:00:00,Jan-Jun,1,0.48571039241966674,8.429233415798748,1.320013300516976,8.25,116,124
2021-06-26 02:00:00,Jan-Jun,2,0.2679935935404491,7.976684583766803,14.868562685441134,14.0,111,125
2021-06-26 03:00:00,Jan-Jun,3,0.3112226762808833,3.379671831810318,0.37696680296514273,3.75,109,113
2021-06-26 04:00:00,Jan-Jun,4,0.5278480461046894,4.8298695786968,5.891324145829003,5.75,125,131
2021-06-26 05:00:00,Jan-Jun,5,0.09769461939187651,11.376648625374857,12.684089545593196,15.75,97,113
2021-06-26 06:00:00,Jan-Jun,6,0.426211506131178,8.752458403686155,7.749352316994489,9.0,118,127
2021-06-26 07:00:00,Jan-Jun,7,-0.5073059255725384,28.143870996471517,29.15386674975875,24.25,71,95
2021-06-26 08:00:00,Jan-Jun,8,-1.2427351301140028,0.7513696065945764,-1.1121851504012312,0.75,23,24
2021-06-26 09:00:00,Jan-Jun,9,-1.243506305274359,1.1414070888971413,-2.0718919476327216,0.0,23,23
2021-06-26 10:00:00,Jan-Jun,10,-1.165824048736311,3.38519410913903,-1.1307194035876051,2.25,26,28
2021-06-26 11:00:00,Jan-Jun,11,-1.2268353571443937,1.5386186496845493,-1.942933868944067,0.25,24,24
2021-06-26 12:00:00,Jan-Jun,12,-1.2268353571443937,1.5386186496845493,-1.942933868944067,0.25,24,24
2021-06-26 13:00:00,Jan-Jun,13,-1.181227448963905,3.2350036073482724,-0.3259057106666319,2.75,25,28
2021-06-26 14:00:00,Jan-Jun,14,-1.2406103652652338,0.21829093561799023,-0.22320218685159432,1.25,24,25
2021-06-26 15:00:00,Jan-Jun,15,-1.242152715585946,1.0781676498046164,-1.1426157813145608,0.75,23,24
2021-06-26 16:00:00,Jan-Jun,16,-1.242152715585946,1.0781676498046164,-1.1426157813145608,0.75,23,24
2021-06-26 17:00:00,Jan-Jun,17,-1.2310986824118901,2.4220148771888828,2.279821009976132,2.25,26,28
2021-06-26 18:00:00,Jan-Jun,18,-1.2399419089511348,0.7210147822323808,-1.2581284230564194,0.25,24,24
2021-06-26 19:00:00,Jan-Jun,19,-1.2275038134584928,1.1684042797688647,-1.9080076327392277,0.25,24,24
2021-06-26 20:00:00,Jan-Jun,20,-1.2077815188075336,2.5353448084632917,1.0615203574197807,3.0,25,28
2021-06-26 21:00:00,Jan-Jun,21,-1.2407130841114908,1.1666866350632907,-1.2178352202879097,0.5,24,24
2021-06-26 22:00:00,Jan-Jun,22,-1.2399419089511348,0.7210147822323808,-1.2581284230564194,0.25,24,24
2021-06-26 23:00:00,Jan-Jun,23,-1.1672636802107659,3.542363878412701,-1.0554999646142633,2.5,26,28
2021-06-27 00:00:00,Jan-Jun,0,-1.243506305274359,1.1414070888971413,-2.0718919476327216,0.0,23,23
2021-06-27 01:00:00,Jan-Jun,1,-1.243506305274359,1.1414070888971413,-2.0718919476327216,0.0,23,23
2021-06-27 02:00:00,Jan-Jun,2,-1.2282749886188489,1.5724900890972522,-1.867714429970718,0.5,24,24
2021-06-27 03:00:00,Jan-Jun,3,-1.2376283834700665,0.8810934822986761,1.6209919686380232,2.5,25,27
2021-06-27 04:00:00,Jan-Jun,4,-1.2457171119091703,1.618529103889748,-1.9563793058908345,0.5,23,23
2021-06-27 05:00:00,Jan-Jun,5,-1.242923890746302,1.554004552312349,-1.102322578546051,1.0,23,24
2021-06-27 06:00:00,Jan-Jun,6,-1.2376283834700665,0.8810934822986761,1.6209919686380232,2.5,25,27
2021-06-27 07:00:00,Jan-Jun,7,-1.243506305274359,1.1414070888971413,-2.0718919476327216,0.0,23,23
2021-06-27 08:00:00,Jan-Jun,8,-1.2394455362091197,1.4780602579506597,0.715936551321704,2.25,24,26
2021-06-27 09:00:00,Jan-Jun,9,-1.2201002183937033,1.3295553901066322,1.7051612392666655,2.5,26,28
2021-06-27 10:00:00,Jan-Jun,10,-1.2260641819840377,1.0989033231381309,-1.9832270717125766,0.0,24,24
2021-06-27 11:00:00,Jan-Jun,11,-1.2260641819840377,1.0989033231381309,-1.9832270717125766,0.0,24,24
2021-06-27 12:00:00,Jan-Jun,12,-1.2275509631488812,3.5805817142368253,5.094455895824652,4.75,26,31
2021-06-27 13:00:00,Jan-Jun,13,-1.2260641819840377,1.0989033231381309,-1.9832270717125766,0.0,24,24
2021-06-27 14:00:00,Jan-Jun,14,-1.2260641819840377,1.0989033231381309,-1.9832270717125766,0.0,24,24
2021-06-27 15:00:00,Jan-Jun,15,-1.163355116743374,3.5373823327994103,-0.2597188612038863,2.75,26,29
2021-06-27 16:00:00,Jan-Jun,16,-1.2260641819840377,1.0989033231381309,-1.9832270717125766,0.0,24,24
2021-06-27 17:00:00,Jan-Jun,17,-1.2260641819840377,1.0989033231381309,-1.9832270717125766,0.0,24,24
2021-06-27 18:00:00,Jan-Jun,18,-1.192894369296191,2.1828715613276364,0.2836802962476739,2.5,26,28
2021-06-27 19:00:00,Jan-Jun,19,-1.2252069650376398,1.1945079663019764,-1.0280158797725676,0.75,24,25
2021-06-27 20:00:00,Jan-Jun,20,-1.2260641819840377,1.0989033231381309,-1.9832270717125766,0.0,24,24
2021-06-27 21:00:00,Jan-Jun,21,-1.2260641819840377,1.0989033231381309,-1.9832270717125766,0.0,24,24
2021-06-27 22:00:00,Jan-Jun,22,-1.217889411758892,1.9235247463520821,2.589648597524807,3.0,26,29
2021-06-27 23:00:00,Jan-Jun,23,-1.2260641819840377,1.0989033231381309,-1.9832270717125766,0.0,24,24
2021-06-28 00:00:00,Jan-Jun,0,-1.2275038134584928,1.1684042797688647,-1.9080076327392277,0.25,24,24
2021-06-28 01:00:00,Jan-Jun,1,-1.1670915966386821,3.5337454705553504,-1.0644911751972117,2.5,26,28
2021-06-28 02:00:00,Jan-Jun,2,-1.2254817674559806,1.5090350166215107,-1.0136577026259346,1.0,24,25
2021-06-28 03:00:00,Jan-Jun,3,-1.228188946832807,1.7005361917955624,-1.872210035262185,0.5,24,24
2021-06-28 04:00:00,Jan-Jun,4,-1.192894369296191,2.1828715613276364,0.2836802962476739,2.5,26,28
2021-06-28 05:00:00,Jan-Jun,5,-1.2288574031469057,1.368905947650124,-1.8372837990573885,0.5,24,24
2021-06-28 06:00:00,Jan-Jun,6,-1.243506305274359,1.1414070888971413,-2.0718919476327216,0.0,23,23
2021-06-28 07:00:00,Jan-Jun,7,-0.5221574833722498,24.462828827663195,26.9991142449864,35.0,57,92
2021-06-28 08:00:00,Jan-Jun,8,1.6115714204277733,17.912832199877844,10.42872891984348,23.25,175,198
2021-06-28 09:00:00,Jan-Jun,9,1.4075471107469035,12.205060854888513,9.188083911902567,6.75,178,185
2021-06-28 10:00:00,Jan-Jun,10,1.4774750726611334,17.663623782745187,4.157643964296085,16.75,167,184
2021-06-28 11:00:00,Jan-Jun,11,1.6747678970416817,5.014041226398723,1.7862717836682407,10.25,183,193
2021-06-28 12:00:00,Jan-Jun,12,0.28523892360902775,17.943748060277564,23.87459310138101,13.75,121,135
2021-06-28 13:00:00,Jan-Jun,13,1.666925291022892,4.544802796471783,0.23829629183620682,6.0,185,191
2021-06-28 14:00:00,Jan-Jun,14,1.4686907467785977,9.864938099841096,9.663946407275773,8.75,180,189
2021-06-28 15:00:00,Jan-Jun,15,1.6936152088279168,11.862305971551427,1.6999687333747033,12.5,182,194
2021-06-28 16:00:00,Jan-Jun,16,1.2313915659766572,9.605832870012215,6.341166101044848,4.25,168,172
2021-06-28 17:00:00,Jan-Jun,17,1.1801898823372983,21.93701968879695,16.29227901032567,29.0,150,179
2021-06-28 18:00:00,Jan-Jun,18,1.3257037033585604,15.201482953303785,13.90529473224376,8.25,177,185
2021-06-28 19:00:00,Jan-Jun,19,1.146322101502235,20.922632517563724,8.244317266236067,16.25,153,169
2021-06-28 20:00:00,Jan-Jun,20,0.29621581143930437,3.1453280042961427,1.2419179024983862,1.25,112,113
2021-06-28 21:00:00,Jan-Jun,21,0.47668183116743573,4.475597464189342,0.8403927445087334,5.25,118,123
2021-06-28 22:00:00,Jan-Jun,22,0.28521126501683913,4.789576127643754,7.876187260452724,10.0,109,119
2021-06-28 23:00:00,Jan-Jun,23,0.2623604810268715,18.25656440671139,16.19323855304232,18.75,107,126
2021-06-29 00:00:00,Jan-Jun,0,-0.49272382863018277,1.4934474119876797,0.3239550945697829,0.75,66,67
2021-06-29 01:00:00,Jan-Jun,1,0.27641838908200417,6.287361188030951,1.3829825030421574,7.75,104,112
2021-06-29 02:00:00,Jan-Jun,2,0.24297268764347005,15.533667640919024,15.31069335666217,11.5,113,124
2021-06-29 03:00:00,Jan-Jun,3,0.23702882450689902,7.62050138194498,6.653279966838596,11.5,104,115
2021-06-29 04:00:00,Jan-Jun,4,0.3218807184979791,7.707193861948991,0.762668917839477,4.25,110,114
2021-06-29 05:00:00,Jan-Jun,5,0.0820106537654271,16.41869196535165,10.5880667224951,20.0,90,110
2021-06-29 06:00:00,Jan-Jun,6,0.2601696172928047,8.402371204033212,9.319513428954991,6.0,113,119
2021-06-29 07:00:00,Jan-Jun,7,0.9689677321821522,19.841613209065255,9.466496140360505,23.25,137,160
2021-06-29 08:00:00,Jan-Jun,8,1.949964260144114,13.458258667936057,14.924771106092237,20.0,202,222
2021-06-29 09:00:00,Jan-Jun,9,1.4764888595919643,8.328035664181655,3.214486355265592,3.75,179,183
2021-06-29 10:00:00,Jan-Jun,10,1.3618212124160523,11.341432485047566,1.8235888262157403,12.25,163,175
2021-06-29 11:00:00,Jan-Jun,11,1.8169116809560237,2.197603996004839,0.5935264310294315,6.75,193,200
2021-06-29 12:00:00,Jan-Jun,12,0.17618412914794954,22.54196855888274,29.160187419331578,16.25,118,134
2021-06-29 13:00:00,Jan-Jun,13,1.60703220640959,6.598788063964533,6.690355728473492,7.5,187,194
2021-06-29 14:00:00,Jan-Jun,14,1.5246649926923348,3.04204588340407,0.4377571892260903,5.75,177,183
2021-06-29 15:00:00,Jan-Jun,15,1.3027681232598773,12.020976656561004,9.22723342058481,15.75,163,179
2021-06-29 16:00:00,Jan-Jun,16,1.1253214097957118,11.25051162736169,7.454734736791806,3.25,164,167
2021-06-29 17:00:00,Jan-Jun,17,0.6864018344351609,18.622077425336123,18.752754897732018,25.5,128,153
2021-06-29 18:00:00,Jan-Jun,18,1.2261982331176233,6.165917316032681,9.640494376076532,9.5,166,175
2021-06-29 19:00:00,Jan-Jun,19,1.063490847757557,21.092084460869547,21.018464615366014,16.75,160,177
2021-06-29 20:00:00,Jan-Jun,20,0.7340138002203087,1.9849944628365943,0.008542659430190724,2.5,135,137
2021-06-29 21:00:00,Jan-Jun,21,0.5289083636824,5.117733761625887,0.8302105911740512,2.25,124,126
2021-06-29 22:00:00,Jan-Jun,22,0.4279998170014595,5.8031242961123155,1.6462793920440646,8.5,113,121
2021-06-29 23:00:00,Jan-Jun,23,0.22649907716430293,14.029371368126164,5.260183316600973,9.5,104,113
2021-06-30 00:00:00,Jan-Jun,0,-0.4772177095563316,2.403469501939387,1.441454518897558,2.0,67,69
2021-06-30 01:00:00,Jan-Jun,1,0.2774804992918611,7.899273538699711,1.321765626396754,8.0,104,112
2021-06-30 02:00:00,Jan-Jun,2,0.24289724051336528,8.379468913683835,9.315041905065158,8.25,110,118
2021-06-30 03:00:00,Jan-Jun,3,0.41527024203026114,6.114592729321886,1.3799742699657003,8.0,112,120
2021-06-30 04:00:00,Jan-Jun,4,0.17772478125498753,10.272620905039268,11.07138880962539,7.0,109,116
2021-06-30 05:00:00,Jan-Jun,5,0.13016262164519388,11.094806707245544,12.812730367969024,16.75,98,115
2021-06-30 06:00:00,Jan-Jun,6,0.3579289302819168,2.665815063033202,2.684957100755966,3.75,114,118
2021-06-30 07:00:00,Jan-Jun,7,0.7889356667273068,9.6966530077539,2.8430094634473733,11.5,132,143
2021-06-30 08:00:00,Jan-Jun,8,1.5652346551018945,6.172524627111886,8.099442392679379,13.25,180,193
2021-06-30 09:00:00,Jan-Jun,9,1.3987427763033122,13.52358522620598,11.695539588890028,8.25,179,187
2021-06-30 10:00:00,Jan-Jun,10,1.2620902040288375,10.944170795427972,3.5717878186578957,12.5,159,171
2021-06-30 11:00:00,Jan-Jun,11,0.8278231630321549,7.5876820336060815,7.601649722951834,6.0,144,150
2021-06-30 12:00:00,Jan-Jun,12,0.11825262225359573,12.321849252512724,17.49918734468949,11.25,108,119
2021-06-30 13:00:00,Jan-Jun,13,1.3282758961010452,9.951604624177019,12.75704118532974,17.5,167,184
2021-06-30 14:00:00,Jan-Jun,14,1.179820238634889,12.81584945543897,14.313584175009282,11.25,166,177
2021-06-30 15:00:00,Jan-Jun,15,1.407465131201937,15.84740926219725,2.1928089692884214,14.5,164,178
2021-06-30 16:00:00,Jan-Jun,16,1.0472616319930654,12.299047816331184,9.953868390121556,4.5,161,165
2021-06-30 17:00:00,Jan-Jun,17,1.4031161467067095,20.688434067084973,5.443471513444706,24.75,156,181
2021-06-30 18:00:00,Jan-Jun,18,1.1971866897898142,1.885363738873377,1.31263353141955,5.5,160,165
2021-06-30 19:00:00,Jan-Jun,19,0.804991712587368,24.157852754334893,20.91758668744302,20.75,141,162
2021-06-30 20:00:00,Jan-Jun,20,0.33690285211789867,4.107839079280554,0.896837771290862,6.0,109,115
2021-06-30 21:00:00,Jan-Jun,21,0.32527536831032144,5.129647518692237,3.567011389187627,4.25,113,117
2021-06-30 22:00:00,Jan-Jun,22,0.313254772510277,10.210740679739128,5.259842814275544,12.25,106,118
2021-06-30 23:00:00,Jan-Jun,23,0.14849541294658047,18.79424077991533,16.75608274962616,16.0,104,120
2021-07-01 00:00:00,Jul-Aug,0,-0.4716312672305953,2.3560265725744842,1.123513031092557,1.0,68,69
2021-07-01 01:00:00,Jul-Aug,1,0.25090655147399615,7.910035469796166,5.8534090193802655,11.25,104,115
2021-07-01 02:00:00,Jul-Aug,2,0.29948927271302783,5.537420900248863,4.053245321124706,3.0,113,116
2021-07-01 03:00:00,Jul-Aug,3,0.29006020572641367,5.1147168547608235,0.5967087256226193,5.25,107,112
2021-07-01 04:00:00,Jul-Aug,4,0.07502472278974454,9.800506287188476,11.9907150266191,7.5,104,111
2021-07-01 05:00:00,Jul-Aug,5,0.05761703995219997,13.46545919641583,15.994042141883227,21.0,93,114
2021-07-01 06:00:00,Jul-Aug,6,0.3374164463491845,3.9191106238811253,0.867235725843372,4.75,110,115
2021-07-01 07:00:00,Jul-Aug,7,0.8569511533239067,17.05193232323245,3.922798910606332,19.0,129,148
2021-07-01 08:00:00,Jul-Aug,8,1.639524598888802,7.2701635940805,4.817590770699496,12.25,182,194
2021-07-01 09:00:00,Jul-Aug,9,1.5272366435315285,5.070592725320325,1.2895348760076217,6.0,178,184
2021-07-01 10:00:00,Jul-Aug,10,1.5306393259333146,12.070559745507198,2.0934143727674837,13.5,172,185
2021-07-01 11:00:00,Jul-Aug,11,1.620755071293874,8.111114333018882,1.8994105713264275,2.0,188,190
2021-07-01 12:00:00,Jul-Aug,12,0.27738408785517366,5.877694982831615,4.327322495139867,3.75,111,115
2021-07-01 13:00:00,Jul-Aug,13,1.7343126866094292,11.400875420805873,11.354287038566781,16.25,190,206
2021-07-01 14:00:00,Jul-Aug,14,1.6499676976155577,11.416329276466845,2.2156815896948956,5.5,187,192
2021-07-01 15:00:00,Jul-Aug,15,1.4175107337456216,22.73592611438835,20.61381028719461,33.25,164,197
2021-07-01 16:00:00,Jul-Aug,16,1.2205495973284495,17.288597793151833,22.96606495915873,18.25,170,188
2021-07-01 17:00:00,Jul-Aug,17,0.8478163528876338,19.331236366985724,16.4493016654975,25.5,135,160
2021-07-01 18:00:00,Jul-Aug,18,0.9135720948446134,17.483308252909463,16.659336079299237,7.25,157,164
2021-07-01 19:00:00,Jul-Aug,19,1.2254811539047534,8.612970227980766,5.681824691247073,7.75,163,171
2021-07-01 20:00:00,Jul-Aug,20,0.8963715774052214,2.9066060018325883,0.6507227965649065,5.25,142,147
2021-07-01 21:00:00,Jul-Aug,21,0.7701351220731493,5.291252742057723,1.9266169952072403,1.5,140,141
2021-07-01 22:00:00,Jul-Aug,22,0.47353010286138647,1.4702588541403294,0.022048999331147456,2.75,119,122
2021-07-01 23:00:00,Jul-Aug,23,0.25718990763233124,19.488580886602694,14.491255040165854,15.75,108,124
2021-07-02 00:00:00,Jul-Aug,0,-0.45783958204954006,1.5827727651282424,0.33858612231522045,0.75,68,69
2021-07-02 01:00:00,Jul-Aug,1,0.24818557652721185,4.4423653849704365,6.010237930473195,8.75,106,115
2021-07-02 02:00:00,Jul-Aug,2,0.3921479214624816,5.057521748596602,3.7126761240830604,5.0,116,121
2021-07-02 03:00:00,Jul-Aug,3,0.33640593494682813,7.848244433322208,0.9254786005401172,7.0,108,115
2021-07-02 04:00:00,Jul-Aug,4,0.15404389195599072,7.127516720848808,6.43628490573343,3.75,106,110
2021-07-02 05:00:00,Jul-Aug,5,0.1248999240603335,15.245404411177297,18.116056619693765,23.75,96,120
2021-07-02 06:00:00,Jul-Aug,6,0.279700814250263,7.260507439769662,6.193793269421903,5.25,112,117
2021-07-02 07:00:00,Jul-Aug,7,0.8061395426337385,8.056675391209982,1.8514291741205398,10.5,133,143
2021-07-02 08:00:00,Jul-Aug,8,1.260236176831569,6.762672643938205,5.6786484374327415,12.0,161,173
2021-07-02 09:00:00,Jul-Aug,9,1.3617814589933444,13.832085245683926,13.825880095381166,12.25,175,187
2021-07-02 10:00:00,Jul-Aug,10,1.4175010029425035,12.99155094964165,2.614371141773205,15.0,164,179
2021-07-02 11:00:00,Jul-Aug,11,1.5593425533773724,10.41543436016934,1.4390456288641076,7.5,179,186
2021-07-02 12:00:00,Jul-Aug,12,0.17132740782042258,9.63127144717819,12.440114405861891,9.25,108,117
2021-07-02 13:00:00,Jul-Aug,13,1.4126748216974225,4.518600073417209,1.8925378886951307,8.5,170,178
2021-07-02 14:00:00,Jul-Aug,14,1.5123767657363385,2.8716368278385866,1.1460140789299658,8.0,175,183
2021-07-02 15:00:00,Jul-Aug,15,0.8404295967538041,9.493047452585515,16.875052340764313,16.75,143,160
2021-07-02 16:00:00,Jul-Aug,16,1.1086092325088912,8.041650294950973,5.417974978669605,5.75,158,164
2021-07-02 17:00:00,Jul-Aug,17,1.197595770016932,24.10180184389513,11.289055362629597,27.75,147,175
2021-07-02 18:00:00,Jul-Aug,18,1.0768485786653264,12.014612467187513,12.24856469570176,9.25,160,169
2021-07-02 19:00:00,Jul-Aug,19,0.7172611000764332,13.459652281057465,12.974118518382966,13.5,136,149
2021-07-02 20:00:00,Jul-Aug,20,0.585253729032693,4.947369518960719,1.5826311515094176,8.25,122,130
2021-07-02 21:00:00,Jul-Aug,21,0.30303379106201583,6.902303243925532,8.848949815325355,7.25,114,121
2021-07-02 22:00:00,Jul-Aug,22,0.31794113797135853,4.852491765594125,3.9897346337083377,6.25,111,117
2021-07-02 23:00:00,Jul-Aug,23,0.016063915376908947,9.849858031147264,7.367291287027541,9.75,93,103
2021-07-03 00:00:00,Jul-Aug,0,-0.5190391066608667,6.681708167566911,10.821637906139031,9.0,67,76
2021-07-03 01:00:00,Jul-Aug,1,0.21124592982362642,4.843119892130957,3.139329407602389,6.5,104,110
2021-07-03 02:00:00,Jul-Aug,2,0.18972978632716295,3.857033657807322,1.3794559877670736,1.25,106,107
2021-07-03 03:00:00,Jul-Aug,3,0.1545701928991238,3.655045484698954,4.405950483170557,5.5,103,108
2021-07-03 04:00:00,Jul-Aug,4,0.11607548916297891,8.815522694908799,10.6246708271116,7.75,104,112
2021-07-03 05:00:00,Jul-Aug,5,-0.003499324363341984,12.020335910204114,10.480694985951743,16.5,89,105
2021-07-03 06:00:00,Jul-Aug,6,0.023261753325420315,8.196702114786266,8.957640354843704,7.0,98,105
2021-07-03 07:00:00,Jul-Aug,7,-1.0146626151236742,28.51249806496951,45.97123277479734,30.5,53,83
2021-07-03 08:00:00,Jul-Aug,8,-1.2601772534043243,0.7888446184743286,-1.200850026321362,0.75,22,23
2021-07-03 09:00:00,Jul-Aug,9,-1.2099923254423446,2.5838634506858296,0.17703299916162507,2.5,25,27
2021-07-03 10:00:00,Jul-Aug,10,-1.2587376219298694,0.9086049076801087,-1.2760694652946825,0.5,23,23
2021-07-03 11:00:00,Jul-Aug,11,-1.2581552074018125,1.2048219598902994,-1.306500096208012,0.5,23,23
2021-07-03 12:00:00,Jul-Aug,12,-1.1861454349755425,3.7954337354671535,-1.0689454015610451,2.75,24,27
2021-07-03 13:00:00,Jul-Aug,13,-1.2609484285646806,1.1842365919843418,-2.160556823552824,0.0,22,22
2021-07-03 14:00:00,Jul-Aug,14,-1.2595948388762674,1.123693403782393,-1.2312806572346915,0.75,22,23
2021-07-03 15:00:00,Jul-Aug,15,-1.2576588346597972,1.9189121053873255,0.6675648781701113,2.5,23,25
2021-07-03 16:00:00,Jul-Aug,16,-1.257863727923256,1.030632807581897,1.6782703653730948,3.0,23,26
2021-07-03 17:00:00,Jul-Aug,17,-1.2609484285646806,1.1842365919843418,-2.160556823552824,0.0,22,22
2021-07-03 18:00:00,Jul-Aug,18,-1.2733865240573226,1.0867057719827236,-0.5106776138700155,1.0,22,23
2021-07-03 19:00:00,Jul-Aug,19,-1.2506655705509808,2.371151882437485,2.302173170506407,2.75,24,27
2021-07-03 20:00:00,Jul-Aug,20,-1.2601772534043243,0.7888446184743286,-1.200850026321362,0.75,22,23
2021-07-03 21:00:00,Jul-Aug,21,-1.2448598949627723,1.370215357805589,-2.0011681139508397,0.25,23,23
2021-07-03 22:00:00,Jul-Aug,22,-1.1865557659315156,3.496208262735318,-1.0475059812306569,2.75,24,27
2021-07-03 23:00:00,Jul-Aug,23,-1.2601772534043243,0.7888446184743286,-1.200850026321362,0.75,22,23
2021-07-04 00:00:00,Jul-Aug,0,-1.2595087970902255,1.2875968577879322,-1.2357762625261586,0.75,22,23
2021-07-04 01:00:00,Jul-Aug,1,-1.1847918452871293,3.796734624847276,-1.1396692352428985,2.5,25,27
2021-07-04 02:00:00,Jul-Aug,2,-1.2440887198024162,1.090905809424766,-1.0414613167193636,1.0,23,24
2021-07-04 03:00:00,Jul-Aug,3,-1.2456310701231283,1.7402000930946628,-1.96087491118233,0.5,23,23
2021-07-04 04:00:00,Jul-Aug,4,-1.2587376219298694,0.9086049076801087,-1.2760694652946825,0.5,23,23
2021-07-04 05:00:00,Jul-Aug,5,-1.237747779376539,2.2271134221417572,1.6272302964739538,3.0,24,27
2021-07-04 06:00:00,Jul-Aug,6,-1.2470707015975835,1.7541085930232607,-1.885655472208967,0.75,22,23
2021-07-04 07:00:00,Jul-Aug,7,-1.2478418767579396,2.1538088291775157,-1.8453622694404572,1.0,22,23
2021-07-04 08:00:00,Jul-Aug,8,-1.224366425151457,2.9549754590744155,1.9280666734396519,3.75,24,28
2021-07-04 09:00:00,Jul-Aug,9,-1.2609484285646806,1.1842365919843418,-2.160556823552824,0.0,22,22
2021-07-04 10:00:00,Jul-Aug,10,-1.2442774804347152,1.5825471856996707,-2.0315987448641835,0.25,23,23
2021-07-04 11:00:00,Jul-Aug,11,-1.166320421478326,3.146188261732374,-1.1047843779657356,2.25,26,28
2021-07-04 12:00:00,Jul-Aug,12,-1.2427351301140028,0.7513696065945764,-1.1121851504012312,0.75,23,24
2021-07-04 13:00:00,Jul-Aug,13,-1.242066673799904,1.2522390502597789,-1.147111386606042,0.75,23,24
2021-07-04 14:00:00,Jul-Aug,14,-1.2380919465207065,1.8295473299919138,1.6452127176398363,3.0,24,27
2021-07-04 15:00:00,Jul-Aug,15,-1.2404216046329348,1.063082446552054,1.7669352412932255,3.0,24,27
2021-07-04 16:00:00,Jul-Aug,16,-1.2407991258975328,1.2068123890100149,-0.2133396149964284,1.5,24,25
2021-07-04 17:00:00,Jul-Aug,17,-1.2609484285646806,1.1842365919843418,-2.160556823552824,0.0,22,22
2021-07-04 18:00:00,Jul-Aug,18,-1.2362054290558269,1.8786430068121598,1.546643890936906,2.5,25,27
2021-07-04 19:00:00,Jul-Aug,19,-1.2588236637159111,0.657044273138654,-1.2715738600032154,0.5,23,23
2021-07-04 20:00:00,Jul-Aug,20,-1.2595087970902255,1.2875968577879322,-1.2357762625261586,0.75,22,23
2021-07-04 21:00:00,Jul-Aug,21,-1.169199684427236,3.388438257033672,-0.9543455000190662,2.75,25,28
2021-07-04 22:00:00,Jul-Aug,22,-1.242066673799904,1.2522390502597789,-1.147111386606042,0.75,23,24
2021-07-04 23:00:00,Jul-Aug,23,-1.2587376219298694,0.9086049076801087,-1.2760694652946825,0.5,23,23
2021-07-05 00:00:00,Jul-Aug,0,-1.181227448963905,3.2350036073482724,-0.3259057106666319,2.75,25,28
2021-07-05 01:00:00,Jul-Aug,1,-1.2448598949627723,1.370215357805589,-2.0011681139508397,0.25,23,23
2021-07-05 02:00:00,Jul-Aug,2,-1.2573840322414562,0.7539323245278486,-1.3467932989765359,0.25,23,23
2021-07-05 03:00:00,Jul-Aug,3,-1.2407991258975328,1.2068123890100149,-0.2133396149964284,1.5,24,25
2021-07-05 04:00:00,Jul-Aug,4,-1.241775194321348,1.3813692963551119,1.8376590749750932,3.25,24,27
2021-07-05 05:00:00,Jul-Aug,5,-1.2587376219298694,0.9086049076801087,-1.2760694652946825,0.5,23,23
2021-07-05 06:00:00,Jul-Aug,6,-1.2727013906830085,0.5353835001585817,-0.5464752113470439,0.75,22,23
2021-07-05 07:00:00,Jul-Aug,7,-0.45466682451040014,26.40360801903845,35.158014804539064,41.0,63,104
2021-07-05 08:00:00,Jul-Aug,8,1.4885569219803967,12.034272660462083,2.518919097060575,14.75,168,183
2021-07-05 09:00:00,Jul-Aug,9,1.3819416757401926,7.1320189385133395,0.6639051041957487,5.0,170,175
2021-07-05 10:00:00,Jul-Aug,10,1.4631196676496743,10.352251785375639,5.98504685490542,12.0,173,185
2021-07-05 11:00:00,Jul-Aug,11,1.2947368222691,14.028093197779858,15.690133746268316,13.5,172,185
2021-07-05 12:00:00,Jul-Aug,12,0.09943789515344413,10.518684749375591,15.583612310496108,12.0,104,116
2021-07-05 13:00:00,Jul-Aug,13,1.394477655877905,8.606931753370954,5.941368457247421,13.5,168,181
2021-07-05 14:00:00,Jul-Aug,14,1.275374282964413,7.019022599514747,1.8061329798285897,1.5,169,170
2021-07-05 15:00:00,Jul-Aug,15,1.3280403683366684,17.340318733900844,11.770616305844158,23.5,160,183
2021-07-05 16:00:00,Jul-Aug,16,1.0159566661637158,15.387648745692985,19.758193604001292,14.75,158,173
2021-07-05 17:00:00,Jul-Aug,17,0.6548331421379158,8.224324614709321,7.572280521610139,11.0,129,140
2021-07-05 18:00:00,Jul-Aug,18,1.173833835003825,2.155617950400868,0.6586226928876044,5.5,158,163
2021-07-05 19:00:00,Jul-Aug,19,0.7982001408279898,14.12698458580952,12.309032703839279,13.75,139,153
2021-07-05 20:00:00,Jul-Aug,20,0.526827003180943,6.422170495167325,4.950174026126319,10.0,120,130
2021-07-05 21:00:00,Jul-Aug,21,0.30203045092204844,11.20163554795821,11.906779359765977,7.5,117,124
2021-07-05 22:00:00,Jul-Aug,22,0.22623579818122627,5.951504098899589,7.275357934904008,10.75,104,115
2021-07-05 23:00:00,Jul-Aug,23,0.09894238626424816,14.282817212695068,15.612171970562557,14.5,102,116
2021-07-06 00:00:00,Jul-Aug,0,-0.45861075720989614,1.16555811765467,-0.6175239449609933,0.0,68,68
2021-07-06 01:00:00,Jul-Aug,1,0.26374150177641725,8.983031672102971,1.1136406204689422,7.75,103,111
2021-07-06 02:00:00,Jul-Aug,2,0.20643495243037793,8.404419936695982,3.416619849679961,5.5,105,110
2021-07-06 03:00:00,Jul-Aug,3,0.30910796165899573,10.059135837928519,3.498852670313852,11.0,105,116
2021-07-06 04:00:00,Jul-Aug,4,0.1663593906281394,5.413913619914774,7.726456155343072,6.0,106,112
2021-07-06 05:00:00,Jul-Aug,5,0.06485463384918384,6.7805072733772915,11.576888734742084,12.25,98,110
2021-07-06 06:00:00,Jul-Aug,6,0.02038249037651025,7.865177194860973,9.12150799946987,7.5,98,105
2021-07-06 07:00:00,Jul-Aug,7,0.6063359182558706,19.5390406108696,15.367516406247518,26.25,119,145
2021-07-06 08:00:00,Jul-Aug,8,1.5251438245213156,6.045362936207327,10.410158745357876,13.5,180,193
2021-07-06 09:00:00,Jul-Aug,9,1.5581596389791683,2.8650706221941866,0.5072252999800639,5.25,180,185
2021-07-06 10:00:00,Jul-Aug,10,1.348223506418755,6.991567712880714,3.6073201970017976,7.75,168,176
2021-07-06 11:00:00,Jul-Aug,11,1.4139018467427387,8.779019278249436,5.821815810945736,5.75,176,182
2021-07-06 12:00:00,Jul-Aug,12,0.2120581747958574,16.22643924301807,25.09251402082853,21.75,110,132
2021-07-06 13:00:00,Jul-Aug,13,1.2625865767708526,10.478799811531736,2.5431783686817084,11.5,159,170
2021-07-06 14:00:00,Jul-Aug,14,1.3864370084342814,11.811086400281377,10.404807484701848,6.25,179,185
2021-07-06 15:00:00,Jul-Aug,15,1.305597962591744,12.053853872496457,3.064129889804775,14.75,158,173
2021-07-06 16:00:00,Jul-Aug,16,1.284422947196172,10.749376788459424,8.284594859828871,6.0,171,177
2021-07-06 17:00:00,Jul-Aug,17,0.6926932881094476,13.904404170598486,13.390134201758315,19.25,129,148
2021-07-06 18:00:00,Jul-Aug,18,1.0300885481405706,5.750659639339019,6.94367391695198,7.75,153,161
2021-07-06 19:00:00,Jul-Aug,19,0.9244626214650844,9.88778139998925,9.031638483944505,6.25,151,157
2021-07-06 20:00:00,Jul-Aug,20,0.7429735411757685,2.314017170742025,0.4921298128583942,4.25,134,138
2021-07-06 21:00:00,Jul-Aug,21,0.4975715169410024,8.54545409042526,8.636373326096418,6.25,126,132
2021-07-06 22:00:00,Jul-Aug,22,0.28571372016313246,4.067395227842136,3.847227238766621,3.0,112,115
2021-07-06 23:00:00,Jul-Aug,23,0.3049455626056099,5.922244259929019,1.7387609840042018,8.0,106,114
2021-07-07 00:00:00,Jul-Aug,0,-0.39231719266648024,9.84181721970895,16.609506906905324,13.5,76,89
2021-07-07 01:00:00,Jul-Aug,1,0.18778715527735917,6.252322067117165,6.491423469333213,10.5,102,112
2021-07-07 02:00:00,Jul-Aug,2,0.2167140651010011,2.6493622609481795,-0.17583766230134756,1.0,106,107
2021-07-07 03:00:00,Jul-Aug,3,0.33824030917515197,2.77656834459366,0.8197507205003092,5.0,110,115
2021-07-07 04:00:00,Jul-Aug,4,0.17924437211120628,4.775327968094686,2.983804107837088,1.75,106,108
2021-07-07 05:00:00,Jul-Aug,5,0.019929521981807304,5.341903217327864,5.147287813695655,6.75,94,101
2021-07-07 06:00:00,Jul-Aug,6,0.12282387905457214,4.180412601717045,4.235713685268081,4.0,102,106
2021-07-07 07:00:00,Jul-Aug,7,0.7302706934916671,10.018078873007326,8.22428420936663,15.25,130,145
2021-07-07 08:00:00,Jul-Aug,8,1.6633182572609382,13.737994585430528,12.446195000286707,22.0,181,203
2021-07-07 09:00:00,Jul-Aug,9,1.3298838683302723,16.037142664053253,15.664362443809011,9.0,178,187
2021-07-07 10:00:00,Jul-Aug,10,1.55159635879527,11.747255203074065,1.885513268289003,12.5,174,186
2021-07-07 11:00:00,Jul-Aug,11,1.4988127332832355,5.014896880051156,1.9278046066829688,5.5,178,183
2021-07-07 12:00:00,Jul-Aug,12,0.1942742214225702,15.457731456215594,25.117528251759268,19.5,112,131
2021-07-07 13:00:00,Jul-Aug,13,1.5379036471173957,12.228349510225694,1.6747204842129122,12.25,173,185
2021-07-07 14:00:00,Jul-Aug,14,1.3021954420607027,15.767378717798067,15.260241063296178,10.0,175,185
2021-07-07 15:00:00,Jul-Aug,15,1.3416941879188893,16.788127835479997,3.983650714753537,18.25,158,176
2021-07-07 16:00:00,Jul-Aug,16,1.4047700222151953,8.980190848349888,5.3481470433000595,4.0,177,181
2021-07-07 17:00:00,Jul-Aug,17,0.9961677238806779,30.621775004077804,26.898769438261468,40.75,138,179
2021-07-07 18:00:00,Jul-Aug,18,1.2505841337651706,8.803304698222622,6.2349635206400364,4.5,169,173
2021-07-07 19:00:00,Jul-Aug,19,1.1130349105453539,16.146053239733533,10.162892046676205,12.5,157,169
2021-07-07 20:00:00,Jul-Aug,20,0.48828204325886065,9.085392606923236,4.171790987298465,10.5,117,127
2021-07-07 21:00:00,Jul-Aug,21,0.29781373091588514,8.008894402045486,8.149818571770439,5.0,115,120
2021-07-07 22:00:00,Jul-Aug,22,0.28083945792257103,9.078219556635167,2.1281652314048927,8.75,104,113
2021-07-07 23:00:00,Jul-Aug,23,0.08246112754590916,9.776539021136102,10.562102752282001,5.25,105,110
2021-07-08 00:00:00,Jul-Aug,0,-0.3730446654962031,4.117091036621634,4.5126485478650125,4.75,73,78
2021-07-08 01:00:00,Jul-Aug,1,0.11322560998613139,4.1060982207830765,2.7889293950119054,5.0,99,104
2021-07-08 02:00:00,Jul-Aug,2,0.24276942514141284,5.425706537125731,1.3224088033263683,6.0,104,110
2021-07-08 03:00:00,Jul-Aug,3,0.3181376117693374,7.821846301982249,1.978410467775916,10.0,105,115
2021-07-08 04:00:00,Jul-Aug,4,0.22993946838515922,1.1944059614190976,1.06188938907394,3.5,106,109
2021-07-08 05:00:00,Jul-Aug,5,-6.469359723562162e-05,10.297278262685554,12.28521966334688,11.0,96,107
2021-07-08 06:00:00,Jul-Aug,6,0.2368823818895658,5.074073729003321,6.661720484176357,5.0,110,115
2021-07-08 07:00:00,Jul-Aug,7,0.8068741627596431,10.563980879706948,4.809087852842055,13.5,133,146
2021-07-08 08:00:00,Jul-Aug,8,1.3466724172087992,11.53709270479412,14.696720370308384,21.0,166,187
2021-07-08 09:00:00,Jul-Aug,9,1.4611566167223435,7.457925042631102,7.098191277538604,6.25,180,186
2021-07-08 10:00:00,Jul-Aug,10,1.654552814913,10.664991929189101,10.951409052440908,17.0,184,201
2021-07-08 11:00:00,Jul-Aug,11,1.693794144238626,6.764532837967858,-0.31034457202730437,2.0,190,192
2021-07-08 12:00:00,Jul-Aug,12,0.38983462098670496,10.478186795867247,13.846007889991284,11.25,120,131
2021-07-08 13:00:00,Jul-Aug,13,1.7990701407894298,10.161049280116353,2.621859793618569,15.0,186,201
2021-07-08 14:00:00,Jul-Aug,14,1.6406146221881037,16.460772647074343,10.754765066516711,16.0,184,200
2021-07-08 15:00:00,Jul-Aug,15,1.2544050852939013,14.039555046624962,17.01473522772693,23.5,161,184
2021-07-08 16:00:00,Jul-Aug,16,1.5382175017101734,17.18561104129121,2.6566308380421333,12.25,174,186
2021-07-08 17:00:00,Jul-Aug,17,0.7180986615281221,18.674666107953854,18.925843964956073,26.75,128,155
2021-07-08 18:00:00,Jul-Aug,18,0.8400290935451855,12.765940441830738,11.898136155692896,8.0,147,155
2021-07-08 19:00:00,Jul-Aug,19,0.9961724949473182,3.0235578281429096,0.8984944481566117,6.25,147,153
2021-07-08 20:00:00,Jul-Aug,20,0.5703580025028513,7.33261085990821,4.441176568979671,2.25,130,132
2021-07-08 21:00:00,Jul-Aug,21,0.5069281127062412,6.663568077527187,4.0970869474646605,3.5,125,128
2021-07-08 22:00:00,Jul-Aug,22,0.3203536369556076,2.9485073497012797,4.8506853605205436,7.0,111,118
2021-07-08 23:00:00,Jul-Aug,23,0.36188838878277363,8.044309637610171,3.456745677515613,5.75,113,119
2021-07-09 00:00:00,Jul-Aug,0,-0.3855688027748871,4.188080686829304,5.225435435776575,4.75,73,78
2021-07-09 01:00:00,Jul-Aug,1,0.16438715080098154,2.92711967411501,0.8401301988592706,3.0,102,105
2021-07-09 02:00:00,Jul-Aug,2,0.32434590514783956,2.8043561571780513,0.6205828841568461,4.5,110,114
2021-07-09 03:00:00,Jul-Aug,3,0.07460722057138235,6.793062659832671,10.014778613960104,10.5,99,109
2021-07-09 04:00:00,Jul-Aug,4,0.19250399336861404,4.247007276175666,0.21955893690621053,2.25,104,106
2021-07-09 05:00:00,Jul-Aug,5,0.13945039711366133,7.740981476647492,2.2774105867572416,6.75,98,105
2021-07-09 06:00:00,Jul-Aug,6,0.4799135188552487,8.538180405342791,2.654127868504986,11.75,113,125
2021-07-09 07:00:00,Jul-Aug,7,0.9195595173557514,15.477598914931562,8.314238836200843,19.25,137,156
2021-07-09 08:00:00,Jul-Aug,8,1.5755427671943085,10.583173890734034,2.5053134401921113,14.25,174,188
2021-07-09 09:00:00,Jul-Aug,9,1.2743426453847293,5.799242618994386,-0.13440649538580374,2.0,166,168
2021-07-09 10:00:00,Jul-Aug,10,1.2783851041025875,10.560274098287524,7.632598195484661,12.5,164,176
2021-07-09 11:00:00,Jul-Aug,11,1.4036822710505876,0.8508353137985428,0.41084178839028596,5.25,171,176
2021-07-09 12:00:00,Jul-Aug,12,0.051408204670406965,10.0151436730391,14.351900959197835,12.5,100,112
2021-07-09 13:00:00,Jul-Aug,13,1.5381821948788126,10.921457755397485,2.658665818894491,12.25,174,186
2021-07-09 14:00:00,Jul-Aug,14,1.571850397946113,5.409011850407823,6.718130632512043,11.0,181,192
2021-07-09 15:00:00,Jul-Aug,15,1.4264077368085881,14.191631252109666,11.101013466332887,20.75,167,188
2021-07-09 16:00:00,Jul-Aug,16,1.359375809321956,7.886913875566141,2.9645345945270662,5.0,171,176
2021-07-09 17:00:00,Jul-Aug,17,1.109118150092009,21.288078029507936,6.3886424813267695,22.0,143,165
2021-07-09 18:00:00,Jul-Aug,18,1.3568600470623942,6.450453785233784,1.109535656077469,4.5,170,174
2021-07-09 19:00:00,Jul-Aug,19,0.7516955791763941,9.018874637222535,1.9894174583158701,6.0,134,140
2021-07-09 20:00:00,Jul-Aug,20,0.19681914244890278,3.256353948551366,4.97084656553173,7.25,104,111
2021-07-09 21:00:00,Jul-Aug,21,0.12590537878197552,6.025802488131064,7.058105197048462,5.75,103,109
2021-07-09 22:00:00,Jul-Aug,22,0.253545229977815,7.085836231487896,1.7013234307322591,9.0,102,111
2021-07-09 23:00:00,Jul-Aug,23,0.15710147843428182,9.774682692979916,2.260054706139158,10.0,96,106
2021-07-10 00:00:00,Jul-Aug,0,-0.5266314623579552,3.7959864066399187,5.2537420478315795,5.0,65,70
2021-07-10 01:00:00,Jul-Aug,1,0.06211730126594805,3.802663276584309,3.734660451396593,5.5,97,102
2021-07-10 02:00:00,Jul-Aug,2,0.03158584765815624,4.5739279990435255,3.4838907334457048,3.25,97,100
2021-07-10 03:00:00,Jul-Aug,3,0.09033257290770594,5.811046100436112,6.108416030073499,9.25,97,106
2021-07-10 04:00:00,Jul-Aug,4,0.08182080680078174,5.903339454420865,6.599008937444495,6.25,100,106
2021-07-10 05:00:00,Jul-Aug,5,-0.18430576589256456,9.249082592120141,12.770941563759962,13.75,83,97
2021-07-10 06:00:00,Jul-Aug,6,0.1521193462482768,5.352105134972874,0.5472100019185433,3.25,101,104
2021-07-10 07:00:00,Jul-Aug,7,-0.4291100748032043,28.379989602644297,34.70350215559746,30.25,75,105
2021-07-10 08:00:00,Jul-Aug,8,-1.18974030392894,1.1510867720562092,-0.8811167588456641,0.75,26,27
2021-07-10 09:00:00,Jul-Aug,9,-1.1750914018014869,1.2350917787175977,-1.6465086102703381,0.25,27,27
2021-07-10 10:00:00,Jul-Aug,10,-1.1221992944626809,2.610998664847472,0.5899267478489207,2.5,30,32
2021-07-10 11:00:00,Jul-Aug,11,-1.1386648049001318,0.9833317897678542,0.45023473603286845,1.75,29,31
2021-07-10 12:00:00,Jul-Aug,12,-1.1939731565662632,1.2954836984756453,-1.65995404721712,0.5,26,26
2021-07-10 13:00:00,Jul-Aug,13,-1.2345770369490727,2.6172992633324217,2.461561880108391,3.0,25,28
2021-07-10 14:00:00,Jul-Aug,14,-1.2588236637159111,0.657044273138654,-1.2715738600032154,0.5,23,23
2021-07-10 15:00:00,Jul-Aug,15,-1.2400279507371768,0.7851521222766926,-0.2536328177649523,1.25,24,25
2021-07-10 16:00:00,Jul-Aug,16,-1.2244524669374988,2.3054999046959956,0.9325622787311261,2.75,24,27
2021-07-10 17:00:00,Jul-Aug,17,-1.2587376219298694,0.9086049076801087,-1.2760694652946825,0.5,23,23
2021-07-10 18:00:00,Jul-Aug,18,-1.2609484285646806,1.1842365919843418,-2.160556823552824,0.0,22,22
2021-07-10 19:00:00,Jul-Aug,19,-1.1983254051100587,3.2461089277104245,-1.4325530077526665,1.75,24,26
2021-07-10 20:00:00,Jul-Aug,20,-1.2478418767579396,2.1538088291775157,-1.8453622694404572,1.0,22,23
2021-07-10 21:00:00,Jul-Aug,21,-1.2601772534043243,0.7888446184743286,-1.200850026321362,0.75,22,23
2021-07-10 22:00:00,Jul-Aug,22,-1.1975542299497026,2.8676785781456258,-1.4728462105211833,1.5,25,26
2021-07-10 23:00:00,Jul-Aug,23,-1.2595948388762674,1.123693403782393,-1.2312806572346915,0.75,22,23
2021-07-11 00:00:00,Jul-Aug,0,-1.2457171119091703,1.618529103889748,-1.9563793058908345,0.5,23,23
2021-07-11 01:00:00,Jul-Aug,1,-1.179615733917366,2.844577554221676,-1.4101163602229292,1.5,26,27
2021-07-11 02:00:00,Jul-Aug,2,-1.2587376219298694,0.9086049076801087,-1.2760694652946825,0.5,23,23
2021-07-11 03:00:00,Jul-Aug,3,-1.244174761588458,0.8855178052070352,-1.0369657114278823,1.0,23,24
2021-07-11 04:00:00,Jul-Aug,4,-1.231068209781717,1.8444766015318017,-1.7217711573155299,1.0,23,24
2021-07-11 05:00:00,Jul-Aug,5,-1.255566879502403,1.8758098297366246,2.558262118339755,3.5,24,27
2021-07-11 06:00:00,Jul-Aug,6,-1.2609484285646806,1.1842365919843418,-2.160556823552824,0.0,22,22
2021-07-11 07:00:00,Jul-Aug,7,-1.2609484285646806,1.1842365919843418,-2.160556823552824,0.0,22,22
2021-07-11 08:00:00,Jul-Aug,8,-1.2259948172582111,2.8649775067115946,1.0131486842681738,3.25,24,27
2021-07-11 09:00:00,Jul-Aug,9,-1.2609484285646806,1.1842365919843418,-2.160556823552824,0.0,22,22
2021-07-11 10:00:00,Jul-Aug,10,-1.2462995264372272,1.40651805360042,-1.925948674977505,0.5,23,23
2021-07-11 11:00:00,Jul-Aug,11,-1.1705699511758645,4.342710315676292,-0.8827503050649668,3.25,25,28
2021-07-11 12:00:00,Jul-Aug,12,-1.2309821679956752,1.9552063414812975,-1.7262667626069828,1.0,23,24
2021-07-11 13:00:00,Jul-Aug,13,-1.241295498639548,0.8818426537080158,-1.187404589374566,0.5,24,24
2021-07-11 14:00:00,Jul-Aug,14,-1.1664925050504098,3.1562971306335594,-1.0957931673827872,2.25,26,28
2021-07-11 15:00:00,Jul-Aug,15,-1.2260641819840377,1.0989033231381309,-1.9832270717125766,0.0,24,24
2021-07-11 16:00:00,Jul-Aug,16,-1.2233570026072114,1.1661492487970455,-0.12467473907631188,1.5,25,26
2021-07-11 17:00:00,Jul-Aug,17,-1.2394455362091197,1.4780602579506597,0.715936551321704,2.25,24,26
2021-07-11 18:00:00,Jul-Aug,18,-1.2564240964488012,1.0530356506548504,1.60305092639976,2.75,23,26
2021-07-11 19:00:00,Jul-Aug,19,-1.2595087970902255,1.2875968577879322,-1.2357762625261586,0.75,22,23
2021-07-11 20:00:00,Jul-Aug,20,-1.2573840322414562,0.7539323245278486,-1.3467932989765359,0.25,23,23
2021-07-11 21:00:00,Jul-Aug,21,-1.2201168954539185,2.121409535171512,1.7060326005388902,2.75,25,28
2021-07-11 22:00:00,Jul-Aug,22,-1.231068209781717,1.8444766015318017,-1.7217711573155299,1.0,23,24
2021-07-11 23:00:00,Jul-Aug,23,-1.2588236637159111,0.657044273138654,-1.2715738600032154,0.5,23,23
2021-07-12 00:00:00,Jul-Aug,0,-1.1975542299497026,2.8676785781456258,-1.4728462105211833,1.5,25,26
2021-07-12 01:00:00,Jul-Aug,1,-1.2448598949627723,1.370215357805589,-2.0011681139508397,0.25,23,23
2021-07-12 02:00:00,Jul-Aug,2,-1.2462995264372272,1.40651805360042,-1.925948674977505,0.5,23,23
2021-07-12 03:00:00,Jul-Aug,3,-1.2249853947139655,2.3298917623995163,0.9604072717522172,3.0,24,27
2021-07-12 04:00:00,Jul-Aug,4,-1.2616168848787794,0.9228566864582576,-1.125630587348013,1.0,22,23
2021-07-12 05:00:00,Jul-Aug,5,-1.243506305274359,1.1414070888971413,-2.0718919476327216,0.0,23,23
2021-07-12 06:00:00,Jul-Aug,6,-1.2407991258975328,1.2068123890100149,-0.2133396149964284,1.5,24,25
2021-07-12 07:00:00,Jul-Aug,7,-0.4807619404992844,35.015953981722944,55.64316752216901,58.0,65,123
2021-07-12 08:00:00,Jul-Aug,8,1.7672223563017122,14.936666771937723,1.4574714620881934,12.5,186,198
2021-07-12 09:00:00,Jul-Aug,9,1.635783831747127,10.797559298597916,6.033197473794786,3.75,191,195
2021-07-12 10:00:00,Jul-Aug,10,1.5207553403668324,10.626658172888524,3.6630979325082365,11.5,175,186
2021-07-12 11:00:00,Jul-Aug,11,1.6082979616798148,8.040509259534304,0.6174013556395721,2.5,186,188
2021-07-12 12:00:00,Jul-Aug,12,0.24855647348424081,16.388826603311905,24.988860531917112,19.25,115,134
2021-07-12 13:00:00,Jul-Aug,13,1.4169741575703152,9.174825003294602,1.6447369436091321,11.25,167,178
2021-07-12 14:00:00,Jul-Aug,14,1.5812765834424696,3.8747409600668545,4.174833308550802,6.0,184,190
2021-07-12 15:00:00,Jul-Aug,15,1.4516913772595885,19.779522358581453,9.643739556081925,24.0,164,188
2021-07-12 16:00:00,Jul-Aug,16,1.423865472267221,7.388618744782271,0.24754204066022112,3.25,174,177
2021-07-12 17:00:00,Jul-Aug,17,0.8770799391692906,23.65712742762543,27.76263550319058,35.5,138,173
2021-07-12 18:00:00,Jul-Aug,18,1.1519378331815617,9.084951107761144,2.9206431782773734,7.0,157,164
2021-07-12 19:00:00,Jul-Aug,19,1.1935440617904647,18.88364634020991,11.522583785952293,18.25,157,175
2021-07-12 20:00:00,Jul-Aug,20,0.6761452562237396,7.68102861084464,2.343913590441616,11.25,125,136
2021-07-12 21:00:00,Jul-Aug,21,0.44737343225659215,10.940472570125062,12.52964177361011,13.5,120,133
2021-07-12 22:00:00,Jul-Aug,22,0.49595435833771295,7.824040564637877,1.729581542922574,9.5,116,125
2021-07-12 23:00:00,Jul-Aug,23,0.17134901350029724,15.722017592885479,10.438869118670922,12.25,103,115
2021-07-14 00:00:00,Jul-Aug,0,-0.37409064307490014,2.378912678413648,1.5721783251706114,2.25,73,75
2021-07-14 01:00:00,Jul-Aug,1,0.204891513251555,7.70491844653266,5.505579097922578,10.0,102,112
2021-07-14 02:00:00,Jul-Aug,2,0.21107813602367437,6.565365842207935,2.1490005436654798,3.75,105,109
2021-07-14 03:00:00,Jul-Aug,3,0.29521122057048155,10.824284079739439,2.2998195352339508,11.75,102,114
2021-07-14 04:00:00,Jul-Aug,4,0.18769106326443563,3.9082661894233732,1.4969619274396848,1.75,105,107
2021-07-14 05:00:00,Jul-Aug,5,-0.10021406805563164,14.843638454537189,25.985026313341606,25.75,89,115
2021-07-14 06:00:00,Jul-Aug,6,0.12232718688879318,8.875733290332088,10.264341545880896,6.5,106,112
2021-07-14 07:00:00,Jul-Aug,7,0.9449306078746682,18.19761508362844,4.8519245638757695,22.0,132,154
2021-07-14 08:00:00,Jul-Aug,8,1.5771957113977024,8.285973581883637,0.4100426477057795,7.25,179,186
2021-07-14 09:00:00,Jul-Aug,9,1.7115881478387946,4.617111444672872,1.6640619318267795,10.0,185,195
2021-07-14 10:00:00,Jul-Aug,10,1.5407339677437704,8.103884512101759,1.5115892130475004,10.5,175,185
2021-07-14 11:00:00,Jul-Aug,11,1.6360033844333632,7.898896758861829,4.0205431093176,7.75,185,193
2021-07-14 12:00:00,Jul-Aug,12,0.0390394739035915,8.974849069126904,13.059682108378809,10.75,99,110
2021-07-14 13:00:00,Jul-Aug,13,1.2889260874744126,10.633467778345166,10.025047234383152,13.25,166,179
2021-07-14 14:00:00,Jul-Aug,14,1.3536447170110326,13.820283717698478,13.294857726519638,8.25,178,186
2021-07-14 15:00:00,Jul-Aug,15,0.7125942931658242,8.234908302881477,5.243099402215307,7.0,134,141
2021-07-14 16:00:00,Jul-Aug,16,1.0668871283313008,4.702639660732038,-0.17728690552752369,1.75,154,156
2021-07-14 17:00:00,Jul-Aug,17,0.8646441807378503,23.808952351532508,34.47939566877838,39.25,140,179
2021-07-14 18:00:00,Jul-Aug,18,1.2044576378072287,8.3464918634766,4.893557691881966,4.25,165,169
2021-07-14 19:00:00,Jul-Aug,19,0.8074706948071865,16.38569357887001,6.774705518098813,10.0,138,148
2021-07-14 20:00:00,Jul-Aug,20,0.2968181039415977,6.607477100429421,8.207203552259429,8.25,112,120
2021-07-14 21:00:00,Jul-Aug,21,0.3053809900872784,3.5585612855186217,0.7136642377476079,1.5,112,113
2021-07-14 22:00:00,Jul-Aug,22,0.31855636219079075,3.7675705620758184,1.9542749377175426,4.75,110,115
2021-07-14 23:00:00,Jul-Aug,23,0.2672750411191963,13.929233322243263,1.9099779119655267,8.0,104,112
2021-07-16 00:00:00,Jul-Aug,0,-0.5232725037272453,2.333798597385489,2.0625734574742722,1.75,65,67
2021-07-16 01:00:00,Jul-Aug,1,0.07909406887348301,3.674682400849355,0.7561700096107131,4.25,96,100
2021-07-16 02:00:00,Jul-Aug,2,0.11966981368732112,2.419631055289632,1.4175046413540429,1.75,101,103
2021-07-16 03:00:00,Jul-Aug,3,0.21224475771193488,5.194147681422314,7.081759935940113,7.5,107,114
2021-07-16 04:00:00,Jul-Aug,4,0.18721136758263573,5.145407779435731,3.5246101612176517,3.5,106,109
2021-07-16 05:00:00,Jul-Aug,5,-0.09649660228174063,11.296468793181663,17.77345398696673,19.5,88,107
2021-07-16 06:00:00,Jul-Aug,6,0.10309012589485671,9.404508170608828,8.373108582443507,3.0,106,109
2021-07-16 07:00:00,Jul-Aug,7,1.0019130930560676,22.88858441211347,4.567623430221943,21.75,135,157
2021-07-16 08:00:00,Jul-Aug,8,1.7083040919091341,5.807911959822482,0.8533451576887217,7.5,187,194
2021-07-16 09:00:00,Jul-Aug,9,1.6157455055209717,9.144414309836622,2.188147057541073,5.0,185,190
2021-07-16 10:00:00,Jul-Aug,10,1.5500108266067725,21.025415733900854,2.976898632538166,18.25,169,187
2021-07-16 11:00:00,Jul-Aug,11,1.712771991016326,3.9723436115471116,3.5958287286300674,9.5,188,197
2021-07-16 12:00:00,Jul-Aug,12,0.2971426181168206,11.849220273238373,16.18849951942937,11.75,116,128
2021-07-16 13:00:00,Jul-Aug,13,1.4288183800261438,6.233787962132364,3.962071154023249,9.0,172,181
2021-07-16 14:00:00,Jul-Aug,14,1.336956385521052,11.183985712478146,9.256723567520652,15.5,166,181
2021-07-16 15:00:00,Jul-Aug,15,1.5112554985805553,28.266997061635482,7.210640586165368,31.0,158,189
2021-07-16 16:00:00,Jul-Aug,16,1.024910486585642,21.90424835491306,24.24212199939069,13.25,165,178
2021-07-16 17:00:00,Jul-Aug,17,1.0128746826160393,28.480445059051416,22.935829978183875,37.75,138,176
2021-07-16 18:00:00,Jul-Aug,18,1.0773426143461398,11.204821975950303,11.220089946989134,10.5,158,168
2021-07-16 19:00:00,Jul-Aug,19,0.8504018962410226,14.748701116063877,2.300278629039667,9.75,136,146
2021-07-16 20:00:00,Jul-Aug,20,0.4606565798870759,6.528747393397015,1.7640406124391035,9.25,114,123
2021-07-16 21:00:00,Jul-Aug,21,0.3022163300640904,8.322934671475345,7.896065838321846,6.5,114,120
2021-07-16 22:00:00,Jul-Aug,22,0.2633127011280823,8.916016473816809,2.1383554157425237,10.25,102,112
2021-07-16 23:00:00,Jul-Aug,23,0.08424399738520456,17.71715584875611,18.459343432190664,16.75,101,118
2021-07-17 00:00:00,Jul-Aug,0,-0.557385575147532,2.6839304900455088,3.0040524970050484,2.5,64,66
2021-07-17 01:00:00,Jul-Aug,1,0.13397720515557238,6.289481288697189,7.592869108712421,9.5,101,110
2021-07-17 02:00:00,Jul-Aug,2,-0.012957068822218556,9.167997116952298,11.018964096988967,6.75,98,105
2021-07-17 03:00:00,Jul-Aug,3,0.06240269834022608,5.427344981102059,3.7182110120362495,8.0,94,102
2021-07-17 04:00:00,Jul-Aug,4,0.029937577577165905,4.952531924844769,6.577698815816902,6.75,96,103
2021-07-17 05:00:00,Jul-Aug,5,-0.1396083067531404,15.074111299198782,21.22707270568145,24.0,84,108
2021-07-17 06:00:00,Jul-Aug,6,-0.21937214627217283,9.282271179268646,13.766676326556365,11.0,85,96
2021-07-17 07:00:00,Jul-Aug,7,-0.8787090392457444,27.804452609594072,43.291551818602535,30.75,57,88
2021-07-17 08:00:00,Jul-Aug,8,-1.2223277020887298,1.8176422886580956,0.821545242280763,2.25,25,27
2021-07-17 09:00:00,Jul-Aug,9,-1.256030442553043,0.8634699440963937,-0.4175171326584035,1.0,23,24
2021-07-17 10:00:00,Jul-Aug,10,-1.2427351301140028,0.7513696065945764,-1.1121851504012312,0.75,23,24
2021-07-17 11:00:00,Jul-Aug,11,-1.2366523150462514,1.8292662017454442,1.5699932786665016,2.75,24,27
2021-07-17 12:00:00,Jul-Aug,12,-1.2383995586304226,0.47691333201595376,0.6612851714065329,1.75,24,26
2021-07-17 13:00:00,Jul-Aug,13,-1.2427351301140028,0.7513696065945764,-1.1121851504012312,0.75,23,24
2021-07-17 14:00:00,Jul-Aug,14,-1.242066673799904,1.2522390502597789,-1.147111386606042,0.75,23,24
2021-07-17 15:00:00,Jul-Aug,15,-1.2338919035747584,2.204231054430398,2.4257642826313344,2.75,25,28
2021-07-17 16:00:00,Jul-Aug,16,-1.2309821679956752,1.9552063414812975,-1.7262667626069828,1.0,23,24
2021-07-17 17:00:00,Jul-Aug,17,-1.2470707015975835,1.7541085930232607,-1.885655472208967,0.75,22,23
2021-07-17 18:00:00,Jul-Aug,18,-1.1858873096174167,3.779548180236059,-1.0824322174354748,2.75,24,27
2021-07-17 19:00:00,Jul-Aug,19,-1.2442774804347152,1.5825471856996707,-2.0315987448641835,0.25,23,23
2021-07-17 20:00:00,Jul-Aug,20,-1.244945936748814,1.212515288144053,-1.9966725086593726,0.25,23,23
2021-07-17 21:00:00,Jul-Aug,21,-1.2399419089511348,0.7210147822323808,-1.2581284230564194,0.25,24,24
2021-07-17 22:00:00,Jul-Aug,22,-1.2229794813426134,1.0965715327781997,1.8556001172133492,3.0,25,28
2021-07-17 23:00:00,Jul-Aug,23,-1.243592347060401,1.1816974805526277,-1.067396342341226,1.0,23,24
2021-07-18 00:00:00,Jul-Aug,0,-1.243592347060401,1.1816974805526277,-1.067396342341226,1.0,23,24
2021-07-18 01:00:00,Jul-Aug,1,-1.2353315350492133,1.8858225241542441,2.5009837216046833,3.0,25,28
2021-07-18 02:00:00,Jul-Aug,2,-1.242152715585946,1.0781676498046164,-1.1426157813145608,0.75,23,24
2021-07-18 03:00:00,Jul-Aug,3,-1.230399753467618,2.109675258752986,-1.7566973935203407,1.0,23,24
2021-07-18 04:00:00,Jul-Aug,4,-1.2085526939678897,2.8397474589184846,1.1018135601882904,3.25,25,28
2021-07-18 05:00:00,Jul-Aug,5,-1.2609484285646806,1.1842365919843418,-2.160556823552824,0.0,22,22
2021-07-18 06:00:00,Jul-Aug,6,-1.2448598949627723,1.370215357805589,-2.0011681139508397,0.25,23,23
2021-07-18 07:00:00,Jul-Aug,7,-1.1685312281131373,3.606982605623845,-0.9892717362238699,2.75,25,28
2021-07-18 08:00:00,Jul-Aug,8,-1.242923890746302,1.554004552312349,-1.102322578546051,1.0,23,24
2021-07-18 09:00:00,Jul-Aug,9,-1.2442774804347152,1.5825471856996707,-2.0315987448641835,0.25,23,23
2021-07-18 10:00:00,Jul-Aug,10,-1.2457171119091703,1.618529103889748,-1.9563793058908345,0.5,23,23
2021-07-18 11:00:00,Jul-Aug,11,-1.2356230145277698,1.8855890603270766,1.5162132600235623,2.5,25,27
2021-07-18 12:00:00,Jul-Aug,12,-1.2573840322414562,0.7539323245278486,-1.3467932989765359,0.25,23,23
2021-07-18 13:00:00,Jul-Aug,13,-1.243506305274359,1.1414070888971413,-2.0718919476327216,0.0,23,23
2021-07-18 14:00:00,Jul-Aug,14,-1.1829913696082912,2.8273803507358393,-1.2337424566543902,2.0,25,27
2021-07-18 15:00:00,Jul-Aug,15,-1.2245385087235408,1.7026247983591727,-0.06294211597739263,1.75,24,26
2021-07-18 16:00:00,Jul-Aug,16,-1.243506305274359,1.1414070888971413,-2.0718919476327216,0.0,23,23
2021-07-18 17:00:00,Jul-Aug,17,-1.2366523150462514,1.8292662017454442,1.5699932786665016,2.75,24,27
2021-07-18 18:00:00,Jul-Aug,18,-1.241963954953647,0.538232314483544,-0.1524783531697409,1.5,24,25
2021-07-18 19:00:00,Jul-Aug,19,-1.2448598949627723,1.370215357805589,-2.0011681139508397,0.25,23,23
2021-07-18 20:00:00,Jul-Aug,20,-1.2573840322414562,0.7539323245278486,-1.3467932989765359,0.25,23,23
2021-07-18 21:00:00,Jul-Aug,21,-1.2326410327326025,2.173159957995212,2.360407415513194,2.75,25,28
2021-07-18 22:00:00,Jul-Aug,22,-1.2282749886188489,1.5724900890972522,-1.867714429970718,0.5,24,24
2021-07-18 23:00:00,Jul-Aug,23,-1.2588236637159111,0.657044273138654,-1.2715738600032154,0.5,23,23
2021-07-19 00:00:00,Jul-Aug,0,-1.167177638424724,3.4666660750020553,-1.0599955699057375,2.5,26,28
2021-07-19 01:00:00,Jul-Aug,1,-1.241295498639548,0.8818426537080158,-1.187404589374566,0.5,24,24
2021-07-19 02:00:00,Jul-Aug,2,-1.229714620093304,1.7351594996628965,-1.7924949909973833,0.75,23,24
2021-07-19 03:00:00,Jul-Aug,3,-1.2566128570811002,0.38551723750412237,-0.387086501745074,1.0,23,24
2021-07-19 04:00:00,Jul-Aug,4,-1.249894395390625,2.5366859436674916,2.261879967737883,2.5,25,27
2021-07-19 05:00:00,Jul-Aug,5,-1.2442774804347152,1.5825471856996707,-2.0315987448641835,0.25,23,23
2021-07-19 06:00:00,Jul-Aug,6,-1.2573840322414562,0.7539323245278486,-1.3467932989765359,0.25,23,23
2021-07-19 07:00:00,Jul-Aug,7,-0.35423688717891333,36.64429447961977,44.44224046489643,54.5,65,119
2021-07-19 08:00:00,Jul-Aug,8,1.718586405493778,8.062020924159134,6.260703154534156,12.25,188,200
2021-07-19 09:00:00,Jul-Aug,9,1.551785888861916,6.921695381994014,0.8745893183986766,5.75,179,185
2021-07-19 10:00:00,Jul-Aug,10,1.9022737407333126,23.686405360706416,4.673510941970136,24.5,185,209
2021-07-19 11:00:00,Jul-Aug,11,1.9397340897960258,15.166880673585636,15.514407728025049,22.75,199,222
2021-07-19 12:00:00,Jul-Aug,12,0.3118447523389406,13.872535254038619,21.341112187354895,16.75,117,134
2021-07-19 13:00:00,Jul-Aug,13,1.6609759868553347,12.669761705305497,2.5811965068717484,15.0,178,193
2021-07-19 14:00:00,Jul-Aug,14,1.4502784124634478,10.27688316503398,11.725178648585597,12.0,178,190
2021-07-19 15:00:00,Jul-Aug,15,1.6313991535445027,28.14121813036633,12.285917297188632,31.75,169,201
2021-07-19 16:00:00,Jul-Aug,16,1.571305627310618,8.188842939241985,1.7495295932636168,3.75,183,187
2021-07-19 17:00:00,Jul-Aug,17,1.1100602255478658,27.997403092731172,31.334344051242397,40.75,149,190
2021-07-19 18:00:00,Jul-Aug,18,1.263708451490238,16.28822530944649,20.478516843285547,17.25,171,188
2021-07-19 19:00:00,Jul-Aug,19,1.0495517886540768,13.769554243414019,6.821870564929128,11.25,151,162
2021-07-19 20:00:00,Jul-Aug,20,0.6914482746662783,6.228979283641207,1.4618930773110037,8.75,127,136
2021-07-19 21:00:00,Jul-Aug,21,0.5529805698159529,8.031028481554785,2.4427601554428975,5.0,124,129
2021-07-19 22:00:00,Jul-Aug,22,0.2473977243066405,5.185362087657975,5.055647391519628,8.25,106,114
2021-07-19 23:00:00,Jul-Aug,23,0.21677337959994605,13.70339981597839,12.82074362622079,10.5,110,120
2021-07-20 00:00:00,Jul-Aug,0,-0.4496481347641792,4.811778567387443,6.872385849346202,5.5,71,76
2021-07-20 01:00:00,Jul-Aug,1,0.2614256392341472,11.181369634001443,2.2471200562771685,11.75,100,112
2021-07-20 02:00:00,Jul-Aug,2,0.11398353400558481,5.754792790600578,4.745244906552159,2.75,103,106
2021-07-20 03:00:00,Jul-Aug,3,0.3321175131536364,11.017919470237167,2.1726504905011836,11.5,105,116
2021-07-20 04:00:00,Jul-Aug,4,0.2326670701652771,6.038152290885354,1.9046785269979978,3.0,107,110
2021-07-20 05:00:00,Jul-Aug,5,-0.10992456176815582,10.08902336256659,17.53768015603106,15.25,91,106
2021-07-20 06:00:00,Jul-Aug,6,0.3622097964624478,5.853873972476257,1.4382206938586393,7.0,110,117
2021-07-20 07:00:00,Jul-Aug,7,0.8780627288449113,14.673433992857802,2.7059904264532406,14.75,133,148
2021-07-20 08:00:00,Jul-Aug,8,1.8093529988031294,8.156967413107836,2.029186411190892,12.75,188,201
2021-07-20 09:00:00,Jul-Aug,9,1.4333261025340804,23.883343002350767,22.70225942247305,8.75,191,200
2021-07-20 10:00:00,Jul-Aug,10,1.7645347354753584,9.553896657621861,0.612377940784711,8.5,189,197
2021-07-20 11:00:00,Jul-Aug,11,1.6445548120702878,8.82294091451191,2.527664229203765,1.75,190,192
2021-07-20 12:00:00,Jul-Aug,12,0.3033014247437323,19.047168841512896,29.83352420513185,21.0,121,142
2021-07-20 13:00:00,Jul-Aug,13,1.533434564733621,8.918232381510899,10.932305113817904,16.25,178,194
2021-07-20 14:00:00,Jul-Aug,14,1.5862483459778292,9.961971075283257,5.888275688623253,5.5,187,192
2021-07-20 15:00:00,Jul-Aug,15,1.4418073916931058,20.8360025405717,21.213423115822707,32.0,167,199
2021-07-20 16:00:00,Jul-Aug,16,1.4971379609204398,16.484309781614563,20.024333509419137,16.0,185,201
2021-07-20 17:00:00,Jul-Aug,17,0.8263129161030175,19.923082398546175,16.6886958685468,27.25,132,159
2021-07-20 18:00:00,Jul-Aug,18,1.2153998306874725,18.186190657257093,17.262882206830028,7.5,175,182
2021-07-20 19:00:00,Jul-Aug,19,1.3561754581171355,10.250783030354938,3.148993328761321,5.75,170,176
2021-07-20 20:00:00,Jul-Aug,20,0.5289806098984838,8.851198240668209,6.82604653394435,5.25,127,132
2021-07-20 21:00:00,Jul-Aug,21,0.7127462737583801,4.244302663027027,1.2343396924406989,7.5,130,137
2021-07-20 22:00:00,Jul-Aug,22,0.26098973477569576,6.496827444215053,11.272244294058297,9.0,112,121
2021-07-20 23:00:00,Jul-Aug,23,0.2896014768769608,9.713658157313592,5.623148493482887,8.0,109,117
2021-07-21 00:00:00,Jul-Aug,0,-0.34098411270860174,7.184396283378908,9.687984609927085,7.5,78,85
2021-07-21 01:00:00,Jul-Aug,1,0.28778003436577587,4.956929202693546,1.728131027770857,6.5,107,113
2021-07-21 02:00:00,Jul-Aug,2,0.2034296667416619,6.720894870236425,1.5898355871646004,8.5,100,108
2021-07-21 03:00:00,Jul-Aug,3,0.19188393494799472,8.011720115713883,5.255297261889552,9.5,102,111
2021-07-21 04:00:00,Jul-Aug,4,0.2753123300957797,7.673575595385005,6.446732456572278,10.25,107,117
2021-07-21 05:00:00,Jul-Aug,5,0.05808060300283999,11.512341704855734,12.967323745030399,17.5,94,111
2021-07-21 06:00:00,Jul-Aug,6,0.25116576569023263,4.6794478727412825,0.8384686821602543,4.25,106,110
2021-07-21 07:00:00,Jul-Aug,7,0.8634387613724087,21.66409006227137,4.548872459336849,21.0,128,149
2021-07-21 08:00:00,Jul-Aug,8,1.9395331643551705,14.085498182056023,2.5259884734256843,16.0,193,209
2021-07-21 09:00:00,Jul-Aug,9,1.9282325317840179,5.230821562368118,8.177323357228829,10.5,204,214
2021-07-21 10:00:00,Jul-Aug,10,1.5392000368885386,11.021618986989264,13.600000429770432,17.75,179,197
2021-07-21 11:00:00,Jul-Aug,11,1.8364475520358856,5.257320434012529,5.467536868969233,9.5,197,206
2021-07-21 12:00:00,Jul-Aug,12,0.42210669387109884,19.997340565149617,30.985941499026424,22.5,128,150
2021-07-21 13:00:00,Jul-Aug,13,1.7069297603936655,6.959627036680002,10.932557542685629,15.25,189,204
2021-07-21 14:00:00,Jul-Aug,14,1.8515110748914436,7.035685919169069,1.5993201698583448,4.25,199,203
2021-07-21 15:00:00,Jul-Aug,15,1.698531240336663,23.334889598327248,6.4166232842273985,28.0,171,199
2021-07-21 16:00:00,Jul-Aug,16,1.5319655494871032,6.115855078500326,6.016974787738491,6.75,182,189
2021-07-21 17:00:00,Jul-Aug,17,0.8997689468370762,13.915521092678429,6.454908517125148,15.25,138,153
2021-07-21 18:00:00,Jul-Aug,18,1.05757729969814,13.395228649372685,12.35930395457055,5.75,162,168
2021-07-21 19:00:00,Jul-Aug,19,1.3264931214140254,14.914505827743117,2.859795021126615,12.0,162,174
2021-07-21 20:00:00,Jul-Aug,20,0.6424037855345175,5.331600639636806,6.288671704851367,7.25,131,138
2021-07-21 21:00:00,Jul-Aug,21,0.40790896498043766,3.489497609575701,-0.19574359346354697,1.0,117,118
2021-07-21 22:00:00,Jul-Aug,22,0.25088987441378086,8.282568218008327,4.854370235578486,10.5,104,114
2021-07-21 23:00:00,Jul-Aug,23,0.200901197770253,10.184622944940754,4.735569025830372,8.0,103,111
2021-07-22 00:00:00,Jul-Aug,0,-0.42259449126451437,3.4919377652377683,2.3326804047551946,2.5,71,73
2021-07-22 01:00:00,Jul-Aug,1,0.17591246019135703,6.471563241796689,1.1758456107789073,7.0,99,106
2021-07-22 02:00:00,Jul-Aug,2,0.21731347611303722,7.217670504468328,3.7896140679963537,8.25,103,111
2021-07-22 03:00:00,Jul-Aug,3,0.1429003910765806,6.1325316729388275,2.078563185710351,5.5,100,105
2021-07-22 04:00:00,Jul-Aug,4,0.20160159992290785,1.1668699898909367,1.695199926858038,3.0,105,108
2021-07-22 05:00:00,Jul-Aug,5,-0.1574218689037817,9.919789546888282,17.240896911328377,17.5,86,103
2021-07-22 06:00:00,Jul-Aug,6,0.24157357902607007,2.3405272431447677,0.39133382019414853,3.25,106,109
2021-07-22 07:00:00,Jul-Aug,7,0.6181778036504977,16.367646063030833,15.684985317925168,24.25,122,146
2021-07-22 08:00:00,Jul-Aug,8,1.7475674761914144,11.818899397848568,17.590320351050877,16.5,197,213
2021-07-22 09:00:00,Jul-Aug,9,1.7054300475116833,5.945902405878389,4.018996537102424,5.5,192,197
2021-07-22 10:00:00,Jul-Aug,10,1.6120627364890745,14.139720721296536,4.400410921918706,12.5,180,192
2021-07-22 11:00:00,Jul-Aug,11,1.6313754696184075,3.384749665483615,3.287282368316653,5.75,186,192
2021-07-22 12:00:00,Jul-Aug,12,0.09481138862036294,12.13353493560088,18.850270400312382,15.5,104,119
2021-07-22 13:00:00,Jul-Aug,13,1.4187775147394102,3.89477623654109,0.540796794702203,6.5,171,177
2021-07-22 14:00:00,Jul-Aug,14,1.530423199166391,5.394267193448349,6.105871277434915,7.25,182,189
2021-07-22 15:00:00,Jul-Aug,15,1.44548971071442,17.268083910530912,4.001185188717955,18.5,164,182
2021-07-22 16:00:00,Jul-Aug,16,1.2431620690080194,9.74847066493668,5.6627492800425046,6.75,165,172
2021-07-22 17:00:00,Jul-Aug,17,0.6353424680375125,20.65773064621519,23.695665064068237,31.25,124,155
2021-07-22 18:00:00,Jul-Aug,18,1.1674504190099628,7.299695180022401,7.02654382371378,5.5,164,169
2021-07-22 19:00:00,Jul-Aug,19,1.134837539974206,12.816640921475804,2.906253268604985,9.25,154,163
2021-07-22 20:00:00,Jul-Aug,20,0.5942271080050918,8.389873468396132,9.065432250163951,6.25,132,138
2021-07-22 21:00:00,Jul-Aug,21,0.4850948487764708,2.8304145534712544,0.3554914071444131,3.25,120,123
2021-07-22 22:00:00,Jul-Aug,22,0.4169208491724533,5.522011831156162,3.284838178742916,7.25,115,122
2021-07-22 23:00:00,Jul-Aug,23,0.310396476393714,5.125891925074064,1.4245865095717818,6.75,107,114
2021-07-23 00:00:00,Jul-Aug,0,-0.34079535207630274,8.198800865855318,11.677241666068937,9.25,78,87
2021-07-23 01:00:00,Jul-Aug,1,0.2011579148465041,4.227142196680567,4.72077261633936,6.5,105,111
2021-07-23 02:00:00,Jul-Aug,2,0.15111139691241388,5.022265620204183,6.605305206715286,4.75,105,110
2021-07-23 03:00:00,Jul-Aug,3,0.2283942365741898,6.654725259804962,1.1509519593070365,7.25,102,109
2021-07-23 04:00:00,Jul-Aug,4,0.10638884124729447,2.683116701579425,0.1829804310102503,2.0,99,101
2021-07-23 05:00:00,Jul-Aug,5,-0.04353692284925444,7.7794924552130835,6.759356947985495,10.25,89,99
2021-07-23 06:00:00,Jul-Aug,6,0.11581681937579781,5.026447981189331,3.6395797850585296,1.75,103,105
2021-07-23 07:00:00,Jul-Aug,7,0.7600535695328514,22.408491166148274,5.507687728287522,21.75,122,144
2021-07-23 08:00:00,Jul-Aug,8,1.7980159056159977,9.227409933606312,3.682622776563562,11.5,191,202
2021-07-23 09:00:00,Jul-Aug,9,1.6494143474357992,1.538716295960268,0.24757504988536994,4.75,185,190
2021-07-23 10:00:00,Jul-Aug,10,1.5244452150008072,7.019759640961944,6.450424522339745,10.25,179,189
2021-07-23 11:00:00,Jul-Aug,11,1.7771931530885838,5.1543408668163435,1.8827843615465838,11.0,188,199
2021-07-23 12:00:00,Jul-Aug,12,0.2564170047663368,10.932611336526437,15.535802864833528,12.0,113,125
2021-07-23 13:00:00,Jul-Aug,13,1.4806035645259064,10.257328102408216,11.977326988906327,12.25,180,192
2021-07-23 14:00:00,Jul-Aug,14,1.6440693534079736,2.8987634167410494,0.5556446240550201,6.0,184,190
2021-07-23 15:00:00,Jul-Aug,15,1.6332908895608413,22.015260163593037,17.176883254126892,30.75,175,206
2021-07-23 16:00:00,Jul-Aug,16,1.6379094604487157,12.998352181168768,7.910682551321145,7.75,189,197
2021-07-23 17:00:00,Jul-Aug,17,0.978062137822425,27.509770032821837,26.942321621485604,39.75,138,178
2021-07-23 18:00:00,Jul-Aug,18,1.3798549391342576,7.020839618350981,1.7841784018360727,1.5,175,176
2021-07-23 19:00:00,Jul-Aug,19,0.8703353915650105,19.41887102747623,20.15137118700997,20.5,145,165
2021-07-23 20:00:00,Jul-Aug,20,0.34146373926822965,4.946100960958288,0.633961787721276,4.5,111,115
2021-07-23 21:00:00,Jul-Aug,21,0.22093024067810904,3.138043548475103,2.5811545049672873,3.5,107,110
2021-07-23 22:00:00,Jul-Aug,22,0.1916272178717436,6.018999775915626,1.2700936713805788,7.0,100,107
2021-07-23 23:00:00,Jul-Aug,23,0.19879256555264366,8.506257157234316,4.857104321469151,9.25,102,111
2021-07-24 00:00:00,Jul-Aug,0,-0.49724527925580503,4.358229564658406,5.581284653370474,3.75,68,72
2021-07-24 01:00:00,Jul-Aug,1,0.09514604744093978,3.0994293704506903,0.8309816602669287,4.75,96,101
2021-07-24 02:00:00,Jul-Aug,2,0.0348069406900321,7.895981494454795,3.300568495212815,5.0,95,100
2021-07-24 03:00:00,Jul-Aug,3,0.12905025524939961,12.568259158535435,1.8768438618455292,10.75,93,104
2021-07-24 04:00:00,Jul-Aug,4,0.05536657431315302,5.436080946591818,2.12375229450366,3.5,97,100
2021-07-24 05:00:00,Jul-Aug,5,-0.1569635244046007,8.523013538241793,5.214811126583854,10.5,81,91
2021-07-24 06:00:00,Jul-Aug,6,0.02056836951855211,5.881511203595472,2.1109290500192657,3.5,95,98
2021-07-24 07:00:00,Jul-Aug,7,-0.6537700121921202,20.273190729910354,23.48958506466937,20.0,61,81
2021-07-24 08:00:00,Jul-Aug,8,-1.2382968397841654,1.3604764151338486,2.655918204842834,3.5,25,28
2021-07-24 09:00:00,Jul-Aug,9,-1.2260641819840377,1.0989033231381309,-1.9832270717125766,0.0,24,24
2021-07-24 10:00:00,Jul-Aug,10,-1.2260641819840377,1.0989033231381309,-1.9832270717125766,0.0,24,24
2021-07-24 11:00:00,Jul-Aug,11,-1.1494607127160619,3.025249639016566,-0.985688871132254,2.25,27,29
2021-07-24 12:00:00,Jul-Aug,12,-1.244174761588458,0.8855178052070352,-1.0369657114278823,1.0,23,24
2021-07-24 13:00:00,Jul-Aug,13,-1.2268353571443937,1.5386186496845493,-1.942933868944067,0.25,24,24
2021-07-24 14:00:00,Jul-Aug,14,-1.2260641819840377,1.0989033231381309,-1.9832270717125766,0.0,24,24
2021-07-24 15:00:00,Jul-Aug,15,-1.2179921306051493,1.8917373955905086,1.5950155640885129,2.25,26,28
2021-07-24 16:00:00,Jul-Aug,16,-1.2247105922956245,1.0327577792957265,-1.0539509053944442,0.75,24,25
2021-07-24 17:00:00,Jul-Aug,17,-1.2260641819840377,1.0989033231381309,-1.9832270717125766,0.0,24,24
2021-07-24 18:00:00,Jul-Aug,18,-1.220735865016427,2.310026783084532,2.7383731988514484,4.0,25,29
2021-07-24 19:00:00,Jul-Aug,19,-1.2382107979981236,1.499912573658763,2.651422599551367,3.5,25,28
2021-07-24 20:00:00,Jul-Aug,20,-1.2269213989304357,1.56497434023778,-0.9384382636525856,1.25,24,25
2021-07-24 21:00:00,Jul-Aug,21,-1.2108328653285274,1.5264986848043705,-1.7790495540505944,0.5,25,25
2021-07-24 22:00:00,Jul-Aug,22,-1.167760052952781,3.2363048930982012,-1.029564938992408,2.5,26,28
2021-07-24 23:00:00,Jul-Aug,23,-1.2260641819840377,1.0989033231381309,-1.9832270717125766,0.0,24,24
2021-07-25 00:00:00,Jul-Aug,0,-1.2260641819840377,1.0989033231381309,-1.9832270717125766,0.0,24,24
2021-07-25 01:00:00,Jul-Aug,1,-1.2233570026072114,1.1661492487970455,-0.12467473907631188,1.5,25,26
2021-07-25 02:00:00,Jul-Aug,2,-1.2346464016748995,1.8927317061520095,3.4651861241276407,3.75,25,29
2021-07-25 03:00:00,Jul-Aug,3,-1.2384162356906379,1.5817249633536499,0.6621565326787646,2.0,24,26
2021-07-25 04:00:00,Jul-Aug,4,-1.2268353571443937,1.5386186496845493,-1.942933868944067,0.25,24,24
2021-07-25 05:00:00,Jul-Aug,5,-1.1664925050504098,3.1562971306335594,-1.0957931673827872,2.25,26,28
2021-07-25 06:00:00,Jul-Aug,6,-1.2268353571443937,1.5386186496845493,-1.942933868944067,0.25,24,24
2021-07-25 07:00:00,Jul-Aug,7,-1.2260641819840377,1.0989033231381309,-1.9832270717125766,0.0,24,24
2021-07-25 08:00:00,Jul-Aug,8,-1.24138154042559,0.6110257024657046,-1.1829089840830846,0.5,24,24
2021-07-25 09:00:00,Jul-Aug,9,-1.2042171224843092,2.38635120272698,1.8752838819960473,3.25,26,29
2021-07-25 10:00:00,Jul-Aug,10,-1.2275038134584928,1.1684042797688647,-1.9080076327392277,0.25,24,24
2021-07-25 11:00:00,Jul-Aug,11,-1.2282749886188489,1.5724900890972522,-1.867714429970718,0.5,24,24
2021-07-25 12:00:00,Jul-Aug,12,-1.1648641129436557,2.3760194334505167,-1.180875178211302,1.75,26,28
2021-07-25 13:00:00,Jul-Aug,13,-1.2274177716724508,1.335254177748374,-1.9125032380307232,0.25,24,24
2021-07-25 14:00:00,Jul-Aug,14,-1.2121864550169406,1.669948853560174,-1.708325720368741,0.75,24,25
2021-07-25 15:00:00,Jul-Aug,15,-1.2108328653285274,1.5264986848043705,-1.7790495540505944,0.5,25,25
2021-07-25 16:00:00,Jul-Aug,16,-1.204011684791795,1.6662835922041066,1.8645499488686568,2.75,26,29
2021-07-25 17:00:00,Jul-Aug,17,-1.2274177716724508,1.335254177748374,-1.9125032380307232,0.25,24,24
2021-07-25 18:00:00,Jul-Aug,18,-1.242066673799904,1.2522390502597789,-1.147111386606042,0.75,23,24
2021-07-25 19:00:00,Jul-Aug,19,-1.206772096263288,1.8869280204635968,1.0087789449038098,2.75,25,28
2021-07-25 20:00:00,Jul-Aug,20,-1.2268353571443937,1.5386186496845493,-1.942933868944067,0.25,24,24
2021-07-25 21:00:00,Jul-Aug,21,-1.2399419089511348,0.7210147822323808,-1.2581284230564194,0.25,24,24
2021-07-25 22:00:00,Jul-Aug,22,-1.2268353571443937,1.5386186496845493,-1.942933868944067,0.25,24,24
2021-07-25 23:00:00,Jul-Aug,23,-1.2187633057655052,1.8860179447187175,1.6353087668570154,2.5,26,28
2021-07-26 00:00:00,Jul-Aug,0,-1.2260641819840377,1.0989033231381309,-1.9832270717125766,0.0,24,24
2021-07-26 01:00:00,Jul-Aug,1,-1.2268353571443937,1.5386186496845493,-1.942933868944067,0.25,24,24
2021-07-26 02:00:00,Jul-Aug,2,-1.2220034129187982,1.4448303820608936,0.8046014272418347,2.25,25,27
2021-07-26 03:00:00,Jul-Aug,3,-1.2237506565029694,0.7132051458097394,0.8958933199818588,2.25,25,27
2021-07-26 04:00:00,Jul-Aug,4,-1.2282749886188489,1.5724900890972522,-1.867714429970718,0.5,24,24
2021-07-26 05:00:00,Jul-Aug,5,-1.241295498639548,0.8818426537080158,-1.187404589374566,0.5,24,24
2021-07-26 06:00:00,Jul-Aug,6,-1.1905975208753379,1.419455300332842,-0.8363279507856731,1.0,26,27
2021-07-26 07:00:00,Jul-Aug,7,-0.33682289945756344,35.38221951000029,51.45115725989538,56.5,71,127
2021-07-26 08:00:00,Jul-Aug,8,1.9215702780969388,12.86563780892341,11.56131586418087,19.25,198,217
2021-07-26 09:00:00,Jul-Aug,9,1.6265912195122558,4.336996516031737,0.5630323289808246,5.25,184,189
2021-07-26 10:00:00,Jul-Aug,10,1.676706942093389,17.336949302710426,15.674510988377278,22.5,185,207
2021-07-26 11:00:00,Jul-Aug,11,1.5621462116431586,16.171353513756397,17.277451096941093,12.0,190,202
2021-07-26 12:00:00,Jul-Aug,12,0.21601856207604145,14.754529517655016,22.864249065507437,17.0,113,130
2021-07-26 13:00:00,Jul-Aug,13,1.4520670427574933,9.419603723744288,1.6220873129985307,11.0,169,180
2021-07-26 14:00:00,Jul-Aug,14,1.7651463744304976,7.499927718778263,2.577124888774847,13.5,186,199
2021-07-26 15:00:00,Jul-Aug,15,1.3943419654695277,21.57663956787887,4.9491892492090415,22.5,158,180
2021-07-26 16:00:00,Jul-Aug,16,1.406215029794128,4.005878167598943,1.2648611000050494,8.0,169,177
2021-07-26 17:00:00,Jul-Aug,17,0.8320377684566435,21.234470347886965,26.358732389152067,33.25,136,169
2021-07-26 18:00:00,Jul-Aug,18,1.3239541227131875,15.872787467569118,15.00613536210966,11.5,175,186
2021-07-26 19:00:00,Jul-Aug,19,1.126042488848914,23.661203062723,17.41317388270923,20.0,157,177
2021-07-26 20:00:00,Jul-Aug,20,0.14665409246115932,1.3412703292570711,-0.13778900871437827,1.5,102,103
2021-07-26 21:00:00,Jul-Aug,21,0.350489644035495,3.5201613132253384,1.1137354556297225,6.25,110,116
2021-07-26 22:00:00,Jul-Aug,22,0.3547219522437628,6.320656002105537,0.8697977859732191,6.5,110,116
2021-07-26 23:00:00,Jul-Aug,23,0.006952513252657049,15.649370424049897,11.885848998440508,12.0,95,107
2021-07-27 00:00:00,Jul-Aug,0,-0.4721276399726104,3.350740747549462,2.1517631192345306,2.0,68,70
2021-07-27 01:00:00,Jul-Aug,1,0.23427161394942697,9.207232658050158,1.812197390864597,7.75,102,110
2021-07-27 02:00:00,Jul-Aug,2,0.41051108844980494,3.9624762683896,0.6542777414581451,4.0,115,119
2021-07-27 03:00:00,Jul-Aug,3,0.2694145303172509,5.069417420909386,0.78666411165932,5.75,105,111
2021-07-27 04:00:00,Jul-Aug,4,0.2624117604106083,9.046343118504742,4.19028296173029,5.75,108,114
2021-07-27 05:00:00,Jul-Aug,5,-0.05256657295959619,10.305700400593528,14.27326190270324,17.25,89,106
2021-07-27 06:00:00,Jul-Aug,6,0.1599027996388662,7.949835116770422,7.098594875479677,5.75,105,111
2021-07-27 07:00:00,Jul-Aug,7,0.8829936465736876,20.49976607945778,15.421786979814868,27.25,134,161
2021-07-27 08:00:00,Jul-Aug,8,1.8477910470510597,9.505263326646274,5.813731521249963,13.25,194,207
2021-07-27 09:00:00,Jul-Aug,9,1.6037143150649904,5.8936031967319815,4.881589127117309,11.25,181,192
2021-07-27 10:00:00,Jul-Aug,10,1.8827152720597018,18.337348953008696,2.800802962189721,17.75,188,206
2021-07-27 11:00:00,Jul-Aug,11,2.0171751230414556,5.647761377139197,0.05093667249599321,4.25,207,211
2021-07-27 12:00:00,Jul-Aug,12,0.19935820860201323,12.578806605806282,17.82450233680011,14.5,110,124
2021-07-27 13:00:00,Jul-Aug,13,1.606545339465401,10.966951869034162,10.718417292507581,16.25,182,198
2021-07-27 14:00:00,Jul-Aug,14,1.806959738945589,4.967057086744583,0.16712679828049204,4.0,195,199
2021-07-27 15:00:00,Jul-Aug,15,1.741816501588529,19.333884707819642,5.921789439275869,21.75,179,201
2021-07-27 16:00:00,Jul-Aug,16,1.6118951676944142,5.247843728156035,-0.5899309106546298,1.25,186,187
2021-07-27 17:00:00,Jul-Aug,17,1.2974223285137794,17.924255166036136,14.535349145776479,25.25,159,184
2021-07-27 18:00:00,Jul-Aug,18,1.3378196848717283,6.581840161558324,2.2069655580712038,5.25,169,174
2021-07-27 19:00:00,Jul-Aug,19,1.4371060794032116,10.02994192746408,2.4843927871911546,11.25,169,180
2021-07-27 20:00:00,Jul-Aug,20,0.8271579076320769,7.710077032913119,4.63999306753729,3.25,144,147
2021-07-27 21:00:00,Jul-Aug,21,0.8637671827614526,5.0323933849037,3.5299432263116444,4.5,144,148
2021-07-27 22:00:00,Jul-Aug,22,0.5807573749327661,6.46856208394951,3.84178764180092,2.75,129,132
2021-07-27 23:00:00,Jul-Aug,23,0.39688751901822994,22.03467764614025,21.439499803747907,17.5,122,139
2021-07-28 00:00:00,Jul-Aug,0,-0.1392709889218335,4.547775476899861,4.207874918092244,3.5,88,91
2021-07-28 01:00:00,Jul-Aug,1,0.5864712457544186,6.2821166982679895,1.5124571052796796,8.75,121,130
2021-07-28 02:00:00,Jul-Aug,2,0.3816783204539211,8.19066922225514,13.316112817864592,10.75,119,130
2021-07-28 03:00:00,Jul-Aug,3,0.5661521965763888,5.3236762082867335,0.6835867258592145,6.0,122,128
2021-07-28 04:00:00,Jul-Aug,4,0.3937092859046109,6.0904120887915285,5.622683716924826,4.0,119,123
2021-07-28 05:00:00,Jul-Aug,5,0.2903956339813375,10.471546566346502,7.577375637667629,14.0,105,119
2021-07-28 06:00:00,Jul-Aug,6,0.4908030240698813,4.43017661905895,4.0264891439478845,3.5,124,127
2021-07-28 07:00:00,Jul-Aug,7,1.3146760105955655,17.419409945736334,3.540898176491453,18.0,156,174
2021-07-28 08:00:00,Jul-Aug,8,1.8391385987815523,3.5164261260830485,3.3124329304629896,6.25,198,204
2021-07-28 09:00:00,Jul-Aug,9,1.8262374846673255,4.677102165965734,4.056014814894098,5.75,198,204
2021-07-28 10:00:00,Jul-Aug,10,1.7265848023747083,11.697715924463232,7.799699323974153,14.0,188,202
2021-07-28 11:00:00,Jul-Aug,11,1.9467595247486897,7.977578493837899,5.1094825320461155,4.5,208,212
2021-07-28 12:00:00,Jul-Aug,12,0.3243884481680971,19.094849599991242,31.618130830877377,24.25,121,145
2021-07-28 13:00:00,Jul-Aug,13,1.8254300738962819,4.762762958387588,0.10255157267539516,5.75,194,200
2021-07-28 14:00:00,Jul-Aug,14,1.8664980617587867,2.7855853711650393,0.7355147776965794,6.75,196,203
2021-07-28 15:00:00,Jul-Aug,15,1.50408189330492,23.777763821753666,5.624105879301538,25.75,161,187
2021-07-28 16:00:00,Jul-Aug,16,1.3461559440130206,11.832003710853987,8.72648835071493,7.5,174,181
2021-07-28 17:00:00,Jul-Aug,17,1.2052982383021935,33.541061027361806,25.84510797703058,43.0,147,190
2021-07-28 18:00:00,Jul-Aug,18,1.5189455838954595,10.4912862951847,7.767406918184179,6.75,183,190
2021-07-28 19:00:00,Jul-Aug,19,1.0002418435568212,21.49940601616969,22.663949285570624,24.0,151,175
2021-07-28 20:00:00,Jul-Aug,20,0.13461486941573417,8.199321817171452,10.556116035450117,6.25,107,113
2021-07-28 21:00:00,Jul-Aug,21,0.24277464369287188,6.339805893074733,6.322108021526162,5.5,110,115
2021-07-28 22:00:00,Jul-Aug,22,0.1318187667626088,5.102459446150114,6.717275084309392,6.0,103,109
2021-07-28 23:00:00,Jul-Aug,23,0.14227332399812032,15.634950491568775,13.114705468906806,13.5,103,116
2021-07-29 00:00:00,Jul-Aug,0,-0.47096281091649633,2.365776066482009,2.0854691415032676,2.0,68,70
2021-07-29 01:00:00,Jul-Aug,1,0.3581341429691395,6.809096288561407,2.6731292512134246,7.75,110,118
2021-07-29 02:00:00,Jul-Aug,2,0.34405152273858347,5.828907800718691,3.4848096375776407,7.5,111,118
2021-07-29 03:00:00,Jul-Aug,3,0.374563098372139,9.427595837311097,0.7262130771811712,6.75,110,117
2021-07-29 04:00:00,Jul-Aug,4,0.3527703598251881,5.512194378181358,0.9822817742083885,5.0,111,116
2021-07-29 05:00:00,Jul-Aug,5,0.0609399879775138,15.974633828575588,20.802517291187996,25.0,94,119
2021-07-29 06:00:00,Jul-Aug,6,0.32738633758913255,8.76714227670476,7.4453413922853,4.75,116,121
2021-07-29 07:00:00,Jul-Aug,7,0.9231101181090176,11.770414087574993,11.109592758691576,18.5,141,159
2021-07-29 08:00:00,Jul-Aug,8,1.8279262776053706,6.454477815242717,3.9586778078598854,11.75,192,204
2021-07-29 09:00:00,Jul-Aug,9,1.8996350647552585,4.8623696877525076,0.8255963850405692,6.75,198,205
2021-07-29 10:00:00,Jul-Aug,10,1.7435083378875764,11.117969173697094,7.82427702195622,16.25,187,203
2021-07-29 11:00:00,Jul-Aug,11,1.942063653489782,8.737169764710451,4.3801385985554475,3.75,207,211
2021-07-29 12:00:00,Jul-Aug,12,0.2211229716587761,16.114788604563202,25.57004606390369,21.0,112,133
2021-07-29 13:00:00,Jul-Aug,13,1.891354149764543,10.22657531186611,2.30288372000183,14.25,192,206
2021-07-29 14:00:00,Jul-Aug,14,1.6783531001184695,6.654947876644497,9.579631331045135,13.75,187,201
2021-07-29 15:00:00,Jul-Aug,15,1.4994249141416656,19.411451114619982,4.892520320977582,22.5,164,186
2021-07-29 16:00:00,Jul-Aug,16,1.287412642157019,4.9459517742614,3.112277725573847,6.25,166,172
2021-07-29 17:00:00,Jul-Aug,17,0.7745361510687353,17.575473630547734,12.672954760690232,22.75,129,152
2021-07-29 18:00:00,Jul-Aug,18,1.4690291509422508,1.8921068373128789,0.6444417967839513,6.25,174,180
2021-07-29 19:00:00,Jul-Aug,19,1.4497162584679377,10.963328502700673,2.757579534557209,12.25,169,181
2021-07-29 20:00:00,Jul-Aug,20,0.48842855332846635,10.794702220052757,11.163346582212128,5.75,128,134
2021-07-29 21:00:00,Jul-Aug,21,0.6148620268875727,3.964305304800746,0.8760968383643046,5.25,126,131
2021-07-29 22:00:00,Jul-Aug,22,0.5011356882589351,5.109301029805523,6.430945081562015,8.0,122,130
2021-07-29 23:00:00,Jul-Aug,23,0.3755977775208634,14.82377136513857,10.66657724539347,12.75,114,127
2021-07-30 00:00:00,Jul-Aug,0,-0.1392709889218335,4.547775476899861,4.207874918092244,3.5,88,91
2021-07-30 01:00:00,Jul-Aug,1,0.5864712457544186,6.2821166982679895,1.5124571052796796,8.75,121,130
2021-07-30 02:00:00,Jul-Aug,2,0.3816783204539211,8.19066922225514,13.316112817864592,10.75,119,130
2021-07-30 03:00:00,Jul-Aug,3,0.5661521965763888,5.3236762082867335,0.6835867258592145,6.0,122,128
2021-07-30 04:00:00,Jul-Aug,4,0.3937092859046109,6.0904120887915285,5.622683716924826,4.0,119,123
2021-07-30 05:00:00,Jul-Aug,5,0.2903956339813375,10.471546566346502,7.577375637667629,14.0,105,119
2021-07-30 06:00:00,Jul-Aug,6,0.4908030240698813,4.43017661905895,4.0264891439478845,3.5,124,127
2021-07-30 07:00:00,Jul-Aug,7,1.3146760105955655,17.419409945736334,3.540898176491453,18.0,156,174
2021-07-30 08:00:00,Jul-Aug,8,1.8391385987815523,3.5164261260830485,3.3124329304629896,6.25,198,204
2021-07-30 09:00:00,Jul-Aug,9,1.8262374846673255,4.677102165965734,4.056014814894098,5.75,198,204
2021-07-30 10:00:00,Jul-Aug,10,1.7265848023747083,11.697715924463232,7.799699323974153,14.0,188,202
2021-07-30 11:00:00,Jul-Aug,11,1.9467595247486897,7.977578493837899,5.1094825320461155,4.5,208,212
2021-07-30 12:00:00,Jul-Aug,12,0.3243884481680971,19.094849599991242,31.618130830877377,24.25,121,145
2021-07-30 13:00:00,Jul-Aug,13,1.8254300738962819,4.762762958387588,0.10255157267539516,5.75,194,200
2021-07-30 14:00:00,Jul-Aug,14,1.8664980617587867,2.7855853711650393,0.7355147776965794,6.75,196,203
2021-07-30 15:00:00,Jul-Aug,15,1.50408189330492,23.777763821753666,5.624105879301538,25.75,161,187
2021-07-30 16:00:00,Jul-Aug,16,1.3461559440130206,11.832003710853987,8.72648835071493,7.5,174,181
2021-07-30 17:00:00,Jul-Aug,17,1.2052982383021935,33.541061027361806,25.84510797703058,43.0,147,190
2021-07-30 18:00:00,Jul-Aug,18,1.5189455838954595,10.4912862951847,7.767406918184179,6.75,183,190
2021-07-30 19:00:00,Jul-Aug,19,1.0002418435568212,21.49940601616969,22.663949285570624,24.0,151,175
2021-07-30 20:00:00,Jul-Aug,20,0.13461486941573417,8.199321817171452,10.556116035450117,6.25,107,113
2021-07-30 21:00:00,Jul-Aug,21,0.24277464369287188,6.339805893074733,6.322108021526162,5.5,110,115
2021-07-30 22:00:00,Jul-Aug,22,0.1318187667626088,5.102459446150114,6.717275084309392,6.0,103,109
2021-07-30 23:00:00,Jul-Aug,23,0.14227332399812032,15.634950491568775,13.114705468906806,13.5,103,116
2021-07-31 00:00:00,Jul-Aug,0,-1.232696601888471,2.7162448594194117,-1.636689146487015,1.5,23,24
2021-07-31 01:00:00,Jul-Aug,1,-1.278390551855002,1.2273577323805105,-2.2492216994729546,0.0,21,21
2021-07-31 02:00:00,Jul-Aug,2,-1.278390551855002,1.2273577323805105,-2.2492216994729546,0.0,21,21
2021-07-31 03:00:00,Jul-Aug,3,-1.2798301833294572,1.3013056722665328,-2.1740022604995914,0.25,21,21
2021-07-31 04:00:00,Jul-Aug,4,-1.2702157816298565,1.811694919365069,2.3236539697644503,3.0,23,26
2021-07-31 05:00:00,Jul-Aug,5,-1.2964150896733806,1.1723830699239066,-1.3074559444797273,1.0,20,21
2021-07-31 06:00:00,Jul-Aug,6,-1.2930394539824552,1.2828195737981103,-1.4838298480482734,0.5,21,21
2021-07-31 07:00:00,Jul-Aug,7,-1.2501387251787925,2.7619335650678507,-1.7253540224071315,1.5,22,23
2021-07-31 08:00:00,Jul-Aug,8,-1.280601358489813,1.7107345856341185,-2.133709057731096,0.5,21,21
2021-07-31 09:00:00,Jul-Aug,9,-1.2797441415434152,1.4421569070660578,-2.178497865791087,0.25,21,21
2021-07-31 10:00:00,Jul-Aug,10,-1.2756833724781758,1.2893928371728969,-0.39066936683667564,1.5,22,23
2021-07-31 11:00:00,Jul-Aug,11,-1.2687761501554013,2.1365720585837065,2.2484345307911013,2.75,23,26
2021-07-31 12:00:00,Jul-Aug,12,-1.278390551855002,1.2273577323805105,-2.2492216994729546,0.0,21,21
2021-07-31 13:00:00,Jul-Aug,13,-1.278390551855002,1.2273577323805105,-2.2492216994729546,0.0,21,21
2021-07-31 14:00:00,Jul-Aug,14,-1.2590984661342524,2.0017363679008486,0.7427843171434461,2.75,22,25
2021-07-31 15:00:00,Jul-Aug,15,-1.275511288906092,1.5589917054892939,-0.399660577419624,1.5,22,23
2021-07-31 16:00:00,Jul-Aug,16,-1.2791617270153581,1.6708757252626718,-2.2089284967044307,0.25,21,21
2021-07-31 17:00:00,Jul-Aug,17,-1.278390551855002,1.2273577323805105,-2.2492216994729546,0.0,21,21
2021-07-31 18:00:00,Jul-Aug,18,-1.2667707812131046,3.2250433831365384,4.143655822176655,4.75,23,28
2021-07-31 19:00:00,Jul-Aug,19,-1.280601358489813,1.7107345856341185,-2.133709057731096,0.5,21,21
2021-07-31 20:00:00,Jul-Aug,20,-1.2937079102965543,0.7493799537843713,-1.4489036118434484,0.5,21,21
2021-07-31 21:00:00,Jul-Aug,21,-1.231343012200058,2.7548583843855727,-0.7074129801688684,2.25,23,25
2021-07-31 22:00:00,Jul-Aug,22,-1.278390551855002,1.2273577323805105,-2.2492216994729546,0.0,21,21
2021-07-31 23:00:00,Jul-Aug,23,-1.278390551855002,1.2273577323805105,-2.2492216994729546,0.0,21,21
2021-08-01 00:00:00,Jul-Aug,0,-1.278390551855002,1.2273577323805105,-2.2492216994729546,0.0,21,21
2021-08-01 01:00:00,Jul-Aug,1,-1.2819854208083996,2.7342928132054642,2.9386069432424335,3.0,23,26
2021-08-01 02:00:00,Jul-Aug,2,-1.278390551855002,1.2273577323805105,-2.2492216994729546,0.0,21,21
2021-08-01 03:00:00,Jul-Aug,3,-1.2798301833294572,1.3013056722665328,-2.1740022604995914,0.25,21,21
2021-08-01 04:00:00,Jul-Aug,4,-1.2868539200684468,1.9995774816496423,2.1929816144557748,3.25,22,25
2021-08-01 05:00:00,Jul-Aug,5,-1.2760770263739338,0.656125382975982,0.6298986922215022,2.25,22,24
2021-08-01 06:00:00,Jul-Aug,6,-1.2819549481782262,1.83918538370853,-2.0629852240492283,0.75,20,21
2021-08-01 07:00:00,Jul-Aug,7,-1.2944790854569104,1.215040426335739,-1.4086104090749245,0.75,20,21
2021-08-01 08:00:00,Jul-Aug,8,-1.2564773285434678,3.179456528789776,3.605832255071192,5.25,23,28
2021-08-01 09:00:00,Jul-Aug,9,-1.2760770263739338,0.656125382975982,0.6298986922215022,2.25,22,24
2021-08-01 10:00:00,Jul-Aug,10,-1.2922682788220992,0.8238147972676234,-1.5241230508167831,0.25,21,21
2021-08-01 11:00:00,Jul-Aug,11,-1.278390551855002,1.2273577323805105,-2.2492216994729546,0.0,21,21
2021-08-01 12:00:00,Jul-Aug,12,-1.245220739167155,2.3133070204903476,0.017685668487288808,2.5,23,25
2021-08-01 13:00:00,Jul-Aug,13,-1.278390551855002,1.2273577323805105,-2.2492216994729546,0.0,21,21
2021-08-01 14:00:00,Jul-Aug,14,-1.278390551855002,1.2273577323805105,-2.2492216994729546,0.0,21,21
2021-08-01 15:00:00,Jul-Aug,15,-1.2756833724781758,1.2893928371728969,-0.39066936683667564,1.5,22,23
2021-08-01 16:00:00,Jul-Aug,16,-1.2185607495632484,3.4838918790430022,-1.3752746110175735,2.25,23,25
2021-08-01 17:00:00,Jul-Aug,17,-1.2937079102965543,0.7493799537843713,-1.4489036118434484,0.5,21,21
2021-08-01 18:00:00,Jul-Aug,18,-1.2944790854569104,1.215040426335739,-1.4086104090749245,0.75,20,21
2021-08-01 19:00:00,Jul-Aug,19,-1.277036962166589,1.1693215060676696,-1.319945533154808,0.75,21,22
2021-08-01 20:00:00,Jul-Aug,20,-1.2730950445787665,1.4194584012736116,2.4740928477111197,3.5,23,26
2021-08-01 21:00:00,Jul-Aug,21,-1.2761797452201908,0.9369438749740696,-1.364734341214799,0.5,22,22
2021-08-01 22:00:00,Jul-Aug,22,-1.2756833724781758,1.2893928371728969,-0.39066936683667564,1.5,22,23
2021-08-01 23:00:00,Jul-Aug,23,-1.2751009579501187,1.9570402772288893,0.5789000022499948,2.5,22,24
2021-08-02 00:00:00,Jul-Aug,0,-1.2921655599758421,0.3496273111094856,0.47050998261951804,2.0,21,23
2021-08-02 01:00:00,Jul-Aug,1,-1.278390551855002,1.2273577323805105,-2.2492216994729546,0.0,21,21
2021-08-02 02:00:00,Jul-Aug,2,-1.278390551855002,1.2273577323805105,-2.2492216994729546,0.0,21,21
2021-08-02 03:00:00,Jul-Aug,3,-1.2426657653881765,2.57612995895657,0.8841906055795334,3.0,23,26
2021-08-02 04:00:00,Jul-Aug,4,-1.278390551855002,1.2273577323805105,-2.2492216994729546,0.0,21,21
2021-08-02 05:00:00,Jul-Aug,5,-1.278390551855002,1.2273577323805105,-2.2492216994729546,0.0,21,21
2021-08-02 06:00:00,Jul-Aug,6,-1.2854142885939916,2.069242662364572,2.117762175482426,3.0,22,25
2021-08-02 07:00:00,Jul-Aug,7,-1.3079792911594093,1.3407179845853785,2.2967630958708583,3.5,21,24
2021-08-02 08:00:00,Jul-Aug,8,-1.2944790854569104,1.215040426335739,-1.4086104090749245,0.75,20,21
2021-08-02 09:00:00,Jul-Aug,9,-1.278390551855002,1.2273577323805105,-2.2492216994729546,0.0,21,21
2021-08-02 10:00:00,Jul-Aug,10,-1.2729761931013495,1.8857152660463707,1.4678829657996033,3.0,22,25
2021-08-02 11:00:00,Jul-Aug,11,-1.2798301833294572,1.3013056722665328,-2.1740022604995914,0.25,21,21
2021-08-02 12:00:00,Jul-Aug,12,-1.278390551855002,1.2273577323805105,-2.2492216994729546,0.0,21,21
2021-08-02 13:00:00,Jul-Aug,13,-1.2506350979208076,2.4170483563218124,-1.6994189967852549,1.5,22,23
2021-08-02 14:00:00,Jul-Aug,14,-1.2572119486693725,1.8316082553628938,0.6442154904405015,2.25,23,25
2021-08-02 15:00:00,Jul-Aug,15,-1.278390551855002,1.2273577323805105,-2.2492216994729546,0.0,21,21
2021-08-02 16:00:00,Jul-Aug,16,-1.278390551855002,1.2273577323805105,-2.2492216994729546,0.0,21,21
2021-08-02 17:00:00,Jul-Aug,17,-1.2743297827897626,1.546631926230481,0.5386067994814709,2.25,22,24
2021-08-02 18:00:00,Jul-Aug,18,-1.2745346760532215,1.4248464849613474,2.5493122866844544,3.75,22,26
2021-08-02 19:00:00,Jul-Aug,19,-1.278390551855002,1.2273577323805105,-2.2492216994729546,0.0,21,21
2021-08-02 20:00:00,Jul-Aug,20,-1.2367573709537105,3.0577937025451254,-1.4245176454414263,2.25,22,24
2021-08-02 21:00:00,Jul-Aug,21,-1.2728901513153077,1.5614146548638073,0.4633873605081362,2.0,22,24
2021-08-02 22:00:00,Jul-Aug,22,-1.2885151218665758,0.9753583501915446,1.2797779019043105,2.25,22,24
2021-08-02 23:00:00,Jul-Aug,23,-1.278390551855002,1.2273577323805105,-2.2492216994729546,0.0,21,21
2021-08-03 00:00:00,Jul-Aug,0,-1.277036962166589,1.1693215060676696,-1.319945533154808,0.75,21,22
2021-08-03 01:00:00,Jul-Aug,1,-1.2032433911216962,4.067346155192974,-1.1755926986470797,2.75,23,26
2021-08-03 02:00:00,Jul-Aug,2,-1.2791617270153581,1.6708757252626718,-2.2089284967044307,0.25,21,21
2021-08-03 03:00:00,Jul-Aug,3,-1.277036962166589,1.1693215060676696,-1.319945533154808,0.75,21,22
2021-08-03 04:00:00,Jul-Aug,4,-1.2805153167037713,1.8205482733218596,-2.138204663022563,0.5,21,21
2021-08-03 05:00:00,Jul-Aug,5,-1.2484409683462119,3.0804211619283244,-0.8140602772548817,2.25,22,24
2021-08-03 06:00:00,Jul-Aug,6,-1.278390551855002,1.2273577323805105,-2.2492216994729546,0.0,21,21
2021-08-03 07:00:00,Jul-Aug,7,-1.2943930436708684,1.3603916087852936,-1.4131060143664058,0.75,20,21
2021-08-03 08:00:00,Jul-Aug,8,-1.2613092727690633,2.553308767159176,0.8582969588853047,3.25,22,25
2021-08-03 09:00:00,Jul-Aug,9,-1.2798301833294572,1.3013056722665328,-2.1740022604995914,0.25,21,21
2021-08-03 10:00:00,Jul-Aug,10,-1.278390551855002,1.2273577323805105,-2.2492216994729546,0.0,21,21
2021-08-03 11:00:00,Jul-Aug,11,-1.2740716574316369,1.8818854167492338,0.5251199836070413,2.25,22,24
2021-08-03 12:00:00,Jul-Aug,12,-1.2448765720229875,2.643520777508441,-0.0002967526786221697,2.5,23,25
2021-08-03 13:00:00,Jul-Aug,13,-1.278390551855002,1.2273577323805105,-2.2492216994729546,0.0,21,21
2021-08-03 14:00:00,Jul-Aug,14,-1.277036962166589,1.1693215060676696,-1.319945533154808,0.75,21,22
2021-08-03 15:00:00,Jul-Aug,15,-1.269411796778125,1.9845524727897492,2.281646490375877,3.25,23,26
2021-08-03 16:00:00,Jul-Aug,16,-1.2746373948994787,0.7208188384589258,0.5546792532481533,2.0,22,24
2021-08-03 17:00:00,Jul-Aug,17,-1.278390551855002,1.2273577323805105,-2.2492216994729546,0.0,21,21
2021-08-03 18:00:00,Jul-Aug,18,-1.2740716574316369,1.8818854167492338,0.5251199836070413,2.25,22,24
2021-08-03 19:00:00,Jul-Aug,19,-1.218818874921374,3.2904083335777137,-1.361787795143158,2.25,23,25
2021-08-03 20:00:00,Jul-Aug,20,-1.277808137326945,1.6442538385940133,-1.2796523303862841,1.0,21,22
2021-08-03 21:00:00,Jul-Aug,21,-1.2630731934134496,1.780211763424851,-2.0495397871024466,0.5,22,22
2021-08-03 22:00:00,Jul-Aug,22,-1.278390551855002,1.2273577323805105,-2.2492216994729546,0.0,21,21
2021-08-03 23:00:00,Jul-Aug,23,-1.2434369405485326,2.890745774315389,0.9244838083480431,3.25,23,26
2021-08-04 00:00:00,Jul-Aug,0,-1.278390551855002,1.2273577323805105,-2.2492216994729546,0.0,21,21
2021-08-04 01:00:00,Jul-Aug,1,-1.2922682788220992,0.8238147972676234,-1.5241230508167831,0.25,21,21
2021-08-04 02:00:00,Jul-Aug,2,-1.2944790854569104,1.215040426335739,-1.4086104090749245,0.75,20,21
2021-08-04 03:00:00,Jul-Aug,3,-1.2738662197391226,1.0176075754711944,1.5143860504796294,2.75,22,25
2021-08-04 04:00:00,Jul-Aug,4,-1.278390551855002,1.2273577323805105,-2.2492216994729546,0.0,21,21
2021-08-04 05:00:00,Jul-Aug,5,-1.2937079102965543,0.7493799537843713,-1.4489036118434484,0.5,21,21
2021-08-04 06:00:00,Jul-Aug,6,-1.2047690643821931,3.881950978715052,-1.0958776543822637,3.0,23,26
2021-08-04 07:00:00,Jul-Aug,7,-1.2943930436708684,1.3603916087852936,-1.4131060143664058,0.75,20,21
2021-08-04 08:00:00,Jul-Aug,8,-1.277894179112987,1.8214221597989801,-0.2751567250948028,2.0,21,23
2021-08-04 09:00:00,Jul-Aug,9,-1.280601358489813,1.7107345856341185,-2.133709057731096,0.5,21,21
2021-08-04 10:00:00,Jul-Aug,10,-1.2595254741504407,2.7207881595881362,0.765095098746059,3.0,22,25
2021-08-04 11:00:00,Jul-Aug,11,-1.278390551855002,1.2273577323805105,-2.2492216994729546,0.0,21,21
2021-08-04 12:00:00,Jul-Aug,12,-1.278390551855002,1.2273577323805105,-2.2492216994729546,0.0,21,21
2021-08-04 13:00:00,Jul-Aug,13,-1.2729761931013495,1.8857152660463707,1.4678829657996033,3.0,22,25
2021-08-04 14:00:00,Jul-Aug,14,-1.2760770263739338,0.656125382975982,0.6298986922215022,2.25,22,24
2021-08-04 15:00:00,Jul-Aug,15,-1.2743297827897626,1.546631926230481,0.5386067994814709,2.25,22,24
2021-08-04 16:00:00,Jul-Aug,16,-1.2769509203805471,1.3236665862688584,-1.324441138446275,0.75,21,22
2021-08-04 17:00:00,Jul-Aug,17,-1.257744876445839,2.299474831942024,1.6720604834615784,3.5,23,26
2021-08-04 18:00:00,Jul-Aug,18,-1.2776193766946458,0.8272725746132167,-1.2895149022414785,0.75,21,22
2021-08-04 19:00:00,Jul-Aug,19,-1.278390551855002,1.2273577323805105,-2.2492216994729546,0.0,21,21
2021-08-04 20:00:00,Jul-Aug,20,-1.278390551855002,1.2273577323805105,-2.2492216994729546,0.0,21,21
2021-08-04 21:00:00,Jul-Aug,21,-1.2061226540706063,4.114541705390354,-1.025153820700396,3.25,23,26
2021-08-04 22:00:00,Jul-Aug,22,-1.278390551855002,1.2273577323805105,-2.2492216994729546,0.0,21,21
2021-08-04 23:00:00,Jul-Aug,23,-1.280412597857514,1.2170621026950446,-1.143571629586262,1.25,21,22
2021-08-05 00:00:00,Jul-Aug,0,-1.278390551855002,1.2273577323805105,-2.2492216994729546,0.0,21,21
2021-08-05 01:00:00,Jul-Aug,1,-1.2863043152317648,1.599804780015351,2.164265260162466,2.75,22,25
2021-08-05 02:00:00,Jul-Aug,2,-1.278390551855002,1.2273577323805105,-2.2492216994729546,0.0,21,21
2021-08-05 03:00:00,Jul-Aug,3,-1.278390551855002,1.2273577323805105,-2.2492216994729546,0.0,21,21
2021-08-05 04:00:00,Jul-Aug,4,-1.2882935515429017,2.0365487208265587,2.2682010534291095,3.5,22,25
2021-08-05 05:00:00,Jul-Aug,5,-1.279059008169101,0.9610263671576406,-1.2142954632681295,1.0,21,22
2021-08-05 06:00:00,Jul-Aug,6,-1.2645128248879047,1.7965404667771514,-1.9743203481291118,0.75,21,22
2021-08-05 07:00:00,Jul-Aug,7,-1.2958326751453233,1.2707408212941096,-2.337886575393071,0.0,20,20
2021-08-05 08:00:00,Jul-Aug,8,-1.2484409683462119,3.0804211619283244,-0.8140602772548817,2.25,22,24
2021-08-05 09:00:00,Jul-Aug,9,-1.2791617270153581,1.6708757252626718,-2.2089284967044307,0.25,21,21
2021-08-05 10:00:00,Jul-Aug,10,-1.2797441415434152,1.4421569070660578,-2.178497865791087,0.25,21,21
2021-08-05 11:00:00,Jul-Aug,11,-1.2590984661342524,2.0017363679008486,0.7427843171434461,2.75,22,25
2021-08-05 12:00:00,Jul-Aug,12,-1.2760770263739338,0.656125382975982,0.6298986922215022,2.25,22,24
2021-08-05 13:00:00,Jul-Aug,13,-1.2743297827897626,1.546631926230481,0.5386067994814709,2.25,22,24
2021-08-05 14:00:00,Jul-Aug,14,-1.277036962166589,1.1693215060676696,-1.319945533154808,0.75,21,22
2021-08-05 15:00:00,Jul-Aug,15,-1.244449564006799,1.9206974059773918,-0.022607534281235075,2.25,23,25
2021-08-05 16:00:00,Jul-Aug,16,-1.275597330692134,1.243550859378893,-1.3951649721281285,0.5,22,22
2021-08-05 17:00:00,Jul-Aug,17,-1.2630731934134496,1.780211763424851,-2.0495397871024466,0.5,22,22
2021-08-05 18:00:00,Jul-Aug,18,-1.278390551855002,1.2273577323805105,-2.2492216994729546,0.0,21,21
2021-08-05 19:00:00,Jul-Aug,19,-1.2732144404852388,2.22372198731953,1.480331175547036,3.0,22,25
2021-08-05 20:00:00,Jul-Aug,20,-1.2923543206081411,0.8981021241496355,-0.519627445525316,1.25,21,22
2021-08-05 21:00:00,Jul-Aug,21,-1.2769509203805471,1.3236665862688584,-1.324441138446275,0.75,21,22
2021-08-05 22:00:00,Jul-Aug,22,-1.2756833724781758,1.2893928371728969,-0.39066936683667564,1.5,22,23
2021-08-05 23:00:00,Jul-Aug,23,-1.2730950445787665,1.4194584012736116,2.4740928477111197,3.5,23,26
2021-08-06 00:00:00,Jul-Aug,0,-1.2922682788220992,0.8238147972676234,-1.5241230508167831,0.25,21,21
2021-08-06 01:00:00,Jul-Aug,1,-1.278390551855002,1.2273577323805105,-2.2492216994729546,0.0,21,21
2021-08-06 02:00:00,Jul-Aug,2,-1.2943930436708684,1.3603916087852936,-1.4131060143664058,0.75,20,21
2021-08-06 03:00:00,Jul-Aug,3,-1.2738662197391226,1.0176075754711944,1.5143860504796294,2.75,22,25
2021-08-06 04:00:00,Jul-Aug,4,-1.275511288906092,1.5589917054892939,-0.399660577419624,1.5,22,23
2021-08-06 05:00:00,Jul-Aug,5,-1.2798301833294572,1.3013056722665328,-2.1740022604995914,0.25,21,21
2021-08-06 06:00:00,Jul-Aug,6,-1.2620804479294194,2.9559793527109735,0.8985901616538143,3.5,22,25
2021-08-06 07:00:00,Jul-Aug,7,-1.2944790854569104,1.215040426335739,-1.4086104090749245,0.75,20,21
2021-08-06 08:00:00,Jul-Aug,8,-1.2944790854569104,1.215040426335739,-1.4086104090749245,0.75,20,21
2021-08-06 09:00:00,Jul-Aug,9,-1.278390551855002,1.2273577323805105,-2.2492216994729546,0.0,21,21
2021-08-06 10:00:00,Jul-Aug,10,-1.25373359413219,1.2710859481544525,0.4624746203082566,1.5,24,25
2021-08-06 11:00:00,Jul-Aug,11,-1.2143972616517518,2.162502980814004,-1.5928130786268682,1.25,24,25
2021-08-06 12:00:00,Jul-Aug,12,-1.2288574031469057,1.368905947650124,-1.8372837990573885,0.5,24,24
2021-08-06 13:00:00,Jul-Aug,13,-1.242152715585946,1.0781676498046164,-1.1426157813145608,0.75,23,24
2021-08-06 14:00:00,Jul-Aug,14,-1.255566879502403,1.8758098297366246,2.558262118339755,3.5,24,27
2021-08-06 15:00:00,Jul-Aug,15,-1.275597330692134,1.243550859378893,-1.3951649721281285,0.5,22,22
2021-08-06 16:00:00,Jul-Aug,16,-1.2617196037250367,1.626637136857597,-2.120263620784314,0.25,22,22
2021-08-06 17:00:00,Jul-Aug,17,-1.216608068286563,2.7121526047440065,-1.4773004368850167,1.75,23,25
2021-08-06 18:00:00,Jul-Aug,18,-1.2623880600391355,1.256822430263456,-2.085337384579489,0.25,22,22
2021-08-06 19:00:00,Jul-Aug,19,-1.278390551855002,1.2273577323805105,-2.2492216994729546,0.0,21,21
2021-08-06 20:00:00,Jul-Aug,20,-1.2922682788220992,0.8238147972676234,-1.5241230508167831,0.25,21,21
2021-08-06 21:00:00,Jul-Aug,21,-1.2688788690016588,2.2809326370451832,2.2538014973548286,3.0,23,26
2021-08-06 22:00:00,Jul-Aug,22,-1.278390551855002,1.2273577323805105,-2.2492216994729546,0.0,21,21
2021-08-06 23:00:00,Jul-Aug,23,-1.278390551855002,1.2273577323805105,-2.2492216994729546,0.0,21,21
2021-08-07 00:00:00,Jul-Aug,0,-1.2743297827897626,1.546631926230481,0.5386067994814709,2.25,22,24
2021-08-07 01:00:00,Jul-Aug,1,-1.2738662197391226,1.0176075754711944,1.5143860504796294,2.75,22,25
2021-08-07 02:00:00,Jul-Aug,2,-1.2811837730178701,1.483315785993126,-2.1032784268177522,0.5,21,21
2021-08-07 03:00:00,Jul-Aug,3,-1.2937079102965543,0.7493799537843713,-1.4489036118434484,0.5,21,21
2021-08-07 04:00:00,Jul-Aug,4,-1.278390551855002,1.2273577323805105,-2.2492216994729546,0.0,21,21
2021-08-07 05:00:00,Jul-Aug,5,-1.2746373948994787,0.7208188384589258,0.5546792532481533,2.0,22,24
2021-08-07 06:00:00,Jul-Aug,6,-1.278390551855002,1.2273577323805105,-2.2492216994729546,0.0,21,21
2021-08-07 07:00:00,Jul-Aug,7,-1.2937079102965543,0.7493799537843713,-1.4489036118434484,0.5,21,21
2021-08-07 08:00:00,Jul-Aug,8,-1.2613092727690633,2.553308767159176,0.8582969588853047,3.25,22,25
2021-08-07 09:00:00,Jul-Aug,9,-1.2760770263739338,0.656125382975982,0.6298986922215022,2.25,22,24
2021-08-07 10:00:00,Jul-Aug,10,-1.2922682788220992,0.8238147972676234,-1.5241230508167831,0.25,21,21
2021-08-07 11:00:00,Jul-Aug,11,-1.2922682788220992,0.8238147972676234,-1.5241230508167831,0.25,21,21
2021-08-07 12:00:00,Jul-Aug,12,-1.2047690643821931,3.881950978715052,-1.0958776543822637,3.0,23,26
2021-08-07 13:00:00,Jul-Aug,13,-1.2797441415434152,1.4421569070660578,-2.178497865791087,0.25,21,21
2021-08-07 14:00:00,Jul-Aug,14,-1.278390551855002,1.2273577323805105,-2.2492216994729546,0.0,21,21
2021-08-07 15:00:00,Jul-Aug,15,-1.2776193766946458,0.8272725746132167,-1.2895149022414785,0.75,21,22
2021-08-07 16:00:00,Jul-Aug,16,-1.228685319574822,2.170556736884728,-0.8462750096403369,1.5,24,25
2021-08-07 17:00:00,Jul-Aug,17,-1.278390551855002,1.2273577323805105,-2.2492216994729546,0.0,21,21
2021-08-07 18:00:00,Jul-Aug,18,-1.278390551855002,1.2273577323805105,-2.2492216994729546,0.0,21,21
2021-08-07 19:00:00,Jul-Aug,19,-1.2743297827897626,1.546631926230481,0.5386067994814709,2.25,22,24
2021-08-07 20:00:00,Jul-Aug,20,-1.2731810863648085,1.2794128385005559,2.478588453002601,3.5,23,26
2021-08-07 21:00:00,Jul-Aug,21,-1.2748261555317777,0.7882576469453393,-1.4354581748966666,0.25,22,22
2021-08-07 22:00:00,Jul-Aug,22,-1.278390551855002,1.2273577323805105,-2.2492216994729546,0.0,21,21
2021-08-07 23:00:00,Jul-Aug,23,-1.2436783888464429,1.5780238512511116,-0.06290073704974475,2.0,23,25
2021-08-08 00:00:00,Jul-Aug,0,-1.278390551855002,1.2273577323805105,-2.2492216994729546,0.0,21,21
2021-08-08 01:00:00,Jul-Aug,1,-1.278390551855002,1.2273577323805105,-2.2492216994729546,0.0,21,21
2021-08-08 02:00:00,Jul-Aug,2,-1.278390551855002,1.2273577323805105,-2.2492216994729546,0.0,21,21
2021-08-08 03:00:00,Jul-Aug,3,-1.2324384765303453,2.9408125501883036,-1.6501759623614447,1.5,23,24
2021-08-08 04:00:00,Jul-Aug,4,-1.278390551855002,1.2273577323805105,-2.2492216994729546,0.0,21,21
2021-08-08 05:00:00,Jul-Aug,5,-1.2937079102965543,0.7493799537843713,-1.4489036118434484,0.5,21,21
2021-08-08 06:00:00,Jul-Aug,6,-1.289389015873189,1.4869091645932762,0.32543807123653323,1.75,21,23
2021-08-08 07:00:00,Jul-Aug,7,-1.2890975363946329,1.5203777022445284,2.3102085328176685,3.25,22,25
2021-08-08 08:00:00,Jul-Aug,8,-1.280601358489813,1.7107345856341185,-2.133709057731096,0.5,21,21
2021-08-08 09:00:00,Jul-Aug,9,-1.278390551855002,1.2273577323805105,-2.2492216994729546,0.0,21,21
2021-08-08 10:00:00,Jul-Aug,10,-1.245220739167155,2.3133070204903476,0.017685668487288808,2.5,23,25
2021-08-08 11:00:00,Jul-Aug,11,-1.278390551855002,1.2273577323805105,-2.2492216994729546,0.0,21,21
2021-08-08 12:00:00,Jul-Aug,12,-1.2797441415434152,1.4421569070660578,-2.178497865791087,0.25,21,21
2021-08-08 13:00:00,Jul-Aug,13,-1.2901601910335452,1.8117005091698486,0.3657312740050571,2.0,21,23
2021-08-08 14:00:00,Jul-Aug,14,-1.2595254741504407,2.7207881595881362,0.765095098746059,3.0,22,25
2021-08-08 15:00:00,Jul-Aug,15,-1.280601358489813,1.7107345856341185,-2.133709057731096,0.5,21,21
2021-08-08 16:00:00,Jul-Aug,16,-1.2922682788220992,0.8238147972676234,-1.5241230508167831,0.25,21,21
2021-08-08 17:00:00,Jul-Aug,17,-1.2590984661342524,2.0017363679008486,0.7427843171434461,2.75,22,25
2021-08-08 18:00:00,Jul-Aug,18,-1.2760770263739338,0.656125382975982,0.6298986922215022,2.25,22,24
2021-08-08 19:00:00,Jul-Aug,19,-1.278390551855002,1.2273577323805105,-2.2492216994729546,0.0,21,21
2021-08-08 20:00:00,Jul-Aug,20,-1.2908286473476442,1.1083532844132515,-0.5993424897901178,1.0,21,22
2021-08-08 21:00:00,Jul-Aug,21,-1.2716226034129363,2.2702619092623415,2.39715913211775,3.75,22,26
2021-08-08 22:00:00,Jul-Aug,22,-1.2776193766946458,0.8272725746132167,-1.2895149022414785,0.75,21,22
2021-08-08 23:00:00,Jul-Aug,23,-1.2791617270153581,1.6708757252626718,-2.2089284967044307,0.25,21,21
2021-08-09 00:00:00,Jul-Aug,0,-1.278390551855002,1.2273577323805105,-2.2492216994729546,0.0,21,21
2021-08-09 01:00:00,Jul-Aug,1,-1.2309988450558902,3.0462800025009376,-0.7253954013347794,2.25,23,25
2021-08-09 02:00:00,Jul-Aug,2,-1.2950614999849672,0.8665267033092052,-1.378179778161595,0.75,20,21
2021-08-09 03:00:00,Jul-Aug,3,-1.2756833724781758,1.2893928371728969,-0.39066936683667564,1.5,22,23
2021-08-09 04:00:00,Jul-Aug,4,-1.277808137326945,1.6442538385940133,-1.2796523303862841,1.0,21,22
2021-08-09 05:00:00,Jul-Aug,5,-1.30585452631064,1.6269728674947024,3.185746059420481,4.0,21,25
2021-08-09 06:00:00,Jul-Aug,6,-1.2958326751453233,1.2707408212941096,-2.337886575393071,0.0,20,20
2021-08-09 07:00:00,Jul-Aug,7,-0.12639817477308748,36.05899854470245,24.475243765017495,42.25,70,112
2021-08-09 08:00:00,Jul-Aug,8,2.0173980991212397,20.061195862963302,4.03808499378664,22.0,193,215
2021-08-09 09:00:00,Jul-Aug,9,1.6063472980405673,12.561048816024533,9.729831811793986,6.25,191,197
2021-08-09 10:00:00,Jul-Aug,10,1.588905269168718,12.140636590259637,14.735138530423,19.25,182,201
2021-08-09 11:00:00,Jul-Aug,11,1.5781291449085522,10.954130612109603,6.356242313653752,4.75,187,192
2021-08-09 12:00:00,Jul-Aug,12,0.5348391981575954,13.040850879545582,18.48837491432724,14.75,129,144
2021-08-09 13:00:00,Jul-Aug,13,1.6424533485893027,10.314823475145529,10.648786340164008,18.0,182,200
2021-08-09 14:00:00,Jul-Aug,14,1.577009128481625,10.478291230710157,5.4207967325941695,8.5,183,191
2021-08-09 15:00:00,Jul-Aug,15,1.387878590093902,10.103371730593715,8.321719001216536,16.5,167,183
2021-08-09 16:00:00,Jul-Aug,16,1.5499443458969677,12.512271788487281,6.98073038311702,6.75,184,191
2021-08-09 17:00:00,Jul-Aug,17,0.803368539032073,24.71893933371866,28.011141588230544,22.75,146,169
2021-08-09 18:00:00,Jul-Aug,18,0.038218267562589635,6.310354826328889,6.106419468335105,4.75,98,103
2021-08-09 19:00:00,Jul-Aug,19,-0.023636462221933285,3.819584046420511,1.626760978864553,2.0,93,95
2021-08-09 20:00:00,Jul-Aug,20,0.2731867013941912,3.3769212281783867,2.569247379045919,4.25,109,113
2021-08-09 21:00:00,Jul-Aug,21,0.31218783062499744,6.841353437914331,6.321338174335949,3.75,115,119
2021-08-09 22:00:00,Jul-Aug,22,0.24294618283590025,2.6158914828683004,3.3122210150166893,3.5,109,112
2021-08-09 23:00:00,Jul-Aug,23,0.12061214364043381,14.283560848829554,6.363191542803989,10.25,98,108
2021-08-10 00:00:00,Jul-Aug,0,-0.47152854838433805,2.9913254059474044,3.117666987958046,2.75,68,71
2021-08-10 01:00:00,Jul-Aug,1,0.0668309384431819,6.406029076679971,5.462980410142876,5.0,99,104
2021-08-10 02:00:00,Jul-Aug,2,0.001927199198866927,3.3869026572101206,2.1718549632007296,1.5,96,97
2021-08-10 03:00:00,Jul-Aug,3,0.14433768548983383,6.14428745366192,0.9957218063669444,6.5,98,104
2021-08-10 04:00:00,Jul-Aug,4,0.11734015557509296,4.327512039556281,1.5517792128238455,1.75,101,103
2021-08-10 05:00:00,Jul-Aug,5,-0.08399147912447372,9.86214508450617,9.061749250753891,14.0,85,99
2021-08-10 06:00:00,Jul-Aug,6,0.06302688645419362,4.461708080834943,6.68223466379888,5.25,100,105
2021-08-10 07:00:00,Jul-Aug,7,0.7192037286004725,7.3755889321221195,1.8621511823943706,10.25,128,138
2021-08-10 08:00:00,Jul-Aug,8,1.7125996824389504,10.865807448163107,1.6057600830490912,12.0,183,195
2021-08-10 09:00:00,Jul-Aug,9,1.681757960236477,6.399001893494653,1.3833853107126401,8.25,185,193
2021-08-10 10:00:00,Jul-Aug,10,1.6402566569482135,17.063783142140906,2.7753971193209566,17.0,175,192
2021-08-10 11:00:00,Jul-Aug,11,1.5591441268684632,7.345498766363146,6.4504823432524745,6.25,185,191
2021-08-10 12:00:00,Jul-Aug,12,0.12772541301128587,11.886341883952776,16.953203831943313,11.75,107,119
2021-08-10 13:00:00,Jul-Aug,13,1.6010121292343313,7.2156389515751025,3.0373350893848965,8.75,181,190
2021-08-10 14:00:00,Jul-Aug,14,1.2410425227107094,13.65578074509139,13.784913630806187,9.75,170,180
2021-08-10 15:00:00,Jul-Aug,15,1.2191404359584033,17.438317592697565,16.047284833483474,26.25,155,181
2021-08-10 16:00:00,Jul-Aug,16,1.1235825856770207,20.074577551915684,22.554955392420652,13.0,169,182
2021-08-10 17:00:00,Jul-Aug,17,0.6288850131954201,19.771190862781467,25.067853574114565,30.5,126,156
2021-08-10 18:00:00,Jul-Aug,18,1.2225843500428089,5.263398477913126,2.848787858568926,3.0,165,168
2021-08-10 19:00:00,Jul-Aug,19,1.1366069985938152,12.292518719853641,2.8042669313675788,7.0,156,163
2021-08-10 20:00:00,Jul-Aug,20,0.6379122631100133,4.871812962726534,3.5475497117278962,6.0,129,135
2021-08-10 21:00:00,Jul-Aug,21,0.4579246908605907,6.746953876303156,5.921498578656951,4.5,123,127
2021-08-10 22:00:00,Jul-Aug,22,0.18255329956127048,5.777132866316606,8.793087361439873,8.25,106,114
2021-08-10 23:00:00,Jul-Aug,23,0.20653245272517612,11.444456196009796,2.411000222390669,9.75,99,109
2021-08-11 00:00:00,Jul-Aug,0,-0.3186763716484905,7.741053355196233,6.418382962104488,6.5,77,83
2021-08-11 01:00:00,Jul-Aug,1,0.04354978544422126,8.954104511220155,10.802986508911943,9.0,99,108
2021-08-11 02:00:00,Jul-Aug,2,0.25889864347112085,3.839900619225726,4.392768583589117,5.5,109,114
2021-08-11 03:00:00,Jul-Aug,3,0.1504622741434958,6.228013752857587,9.642718714375604,8.75,104,113
2021-08-11 04:00:00,Jul-Aug,4,0.3588693075240995,2.3066788390128776,0.6307565506618289,4.75,111,116
2021-08-11 05:00:00,Jul-Aug,5,-0.04332914809553832,8.894204614576685,12.747531852428622,13.5,92,105
2021-08-11 06:00:00,Jul-Aug,6,0.5073323612579361,3.974847331201968,5.073787262089695,7.5,122,129
2021-08-11 07:00:00,Jul-Aug,7,0.7926522686483786,12.106724375901507,9.628795571865453,17.75,132,150
2021-08-11 08:00:00,Jul-Aug,8,2.099921263779419,12.102999099301263,2.2816949841765677,15.0,203,218
2021-08-11 09:00:00,Jul-Aug,9,1.3453335543954357,15.379666032663966,16.7738884447042,10.5,179,189
2021-08-11 10:00:00,Jul-Aug,10,1.6712084942646248,7.799946241822561,0.9914251836753465,9.0,183,192
2021-08-11 11:00:00,Jul-Aug,11,1.6439634336476954,3.513994632047248,2.561749524317804,8.0,184,192
2021-08-11 12:00:00,Jul-Aug,12,0.253349525614183,14.415641500168228,22.71260324875513,18.75,113,132
2021-08-11 13:00:00,Jul-Aug,13,1.707761336385313,14.643515644659828,11.884627973390934,22.5,183,205
2021-08-11 14:00:00,Jul-Aug,14,1.493989977957467,20.362761736601982,26.205773893795197,19.75,187,207
2021-08-11 15:00:00,Jul-Aug,15,1.3348039620800942,20.437580375615166,5.380782859156255,24.25,153,177
2021-08-11 16:00:00,Jul-Aug,16,1.5632303750177088,8.313896668295097,2.2149631414093847,5.25,182,187
2021-08-11 17:00:00,Jul-Aug,17,1.203540944491141,23.16587209508711,12.946393170848125,26.25,151,177
2021-08-11 18:00:00,Jul-Aug,18,1.3838529703070042,16.74215794214402,19.553743764399087,14.5,180,194
2021-08-11 19:00:00,Jul-Aug,19,0.9157592132356039,14.698799364813361,15.53327707383292,12.75,150,163
2021-08-11 20:00:00,Jul-Aug,20,0.5731460051142604,3.7600056998001445,0.28048438245724583,3.25,125,128
2021-08-11 21:00:00,Jul-Aug,21,0.1730418417132186,9.604662025238524,10.341299530382884,6.75,108,115
2021-08-11 22:00:00,Jul-Aug,22,0.3006877753133362,5.326335909985021,3.984167192356736,6.0,110,116
2021-08-11 23:00:00,Jul-Aug,23,0.2058639964110772,11.55889366758333,2.4495280581493972,9.75,99,109
2021-08-12 00:00:00,Jul-Aug,0,-0.33569148692262346,5.798996489781449,5.386765118402607,5.25,76,81
2021-08-12 01:00:00,Jul-Aug,1,0.2670978039221616,7.07892017276026,4.92019333737727,10.25,105,115
2021-08-12 02:00:00,Jul-Aug,2,0.2621697676836425,3.993292264635324,0.20423070347901273,2.5,108,110
2021-08-12 03:00:00,Jul-Aug,3,0.22846593836121823,7.961014535642025,2.1468192813504174,6.25,104,110
2021-08-12 04:00:00,Jul-Aug,4,0.24430118080618798,9.16386951838994,5.234122958118206,6.75,107,114
2021-08-12 05:00:00,Jul-Aug,5,0.04987014159606207,13.10843517563506,5.440550344752381,14.25,89,103
2021-08-12 06:00:00,Jul-Aug,6,0.32029035463405914,5.010545940088881,3.8543327655036705,2.75,114,117
2021-08-12 07:00:00,Jul-Aug,7,0.79211700381071,15.393987174842469,8.65964664667493,19.25,130,149
2021-08-12 08:00:00,Jul-Aug,8,1.718668701936744,8.63030550375975,2.255959832089218,9.0,187,196
2021-08-12 09:00:00,Jul-Aug,9,1.4926306252885393,12.142181250025018,8.28412294258419,8.5,181,189
2021-08-12 10:00:00,Jul-Aug,10,1.4781156184115525,7.762676888879005,6.120724810497109,9.25,177,186
2021-08-12 11:00:00,Jul-Aug,11,1.7381445547436252,6.270558752318336,4.133429544951184,11.5,188,199
2021-08-12 12:00:00,Jul-Aug,12,0.41270864394371337,11.293677572552463,14.527617172391444,13.5,120,133
2021-08-12 13:00:00,Jul-Aug,13,1.5290522261179624,16.889479389628544,8.184890090370686,21.0,170,191
2021-08-12 14:00:00,Jul-Aug,14,1.6748878373772096,9.474402454761789,1.7793587791074401,8.75,184,193
2021-08-12 15:00:00,Jul-Aug,15,1.502782464490501,24.88264188963185,15.699001095168512,31.75,165,197
2021-08-12 16:00:00,Jul-Aug,16,1.3926820144002539,6.589223557675428,1.0448638966251735,6.25,170,176
2021-08-12 17:00:00,Jul-Aug,17,0.8763429819821841,19.759179283573275,14.805111525732656,24.75,135,160
2021-08-12 18:00:00,Jul-Aug,18,1.414959282830192,8.65457891517079,0.7608683368274569,5.5,172,177
2021-08-12 19:00:00,Jul-Aug,19,1.1105577209576816,20.57024868979133,23.30566989402996,21.0,161,182
2021-08-12 20:00:00,Jul-Aug,20,0.5607573963732088,0.42185400984165516,-0.005473020012942698,2.5,125,127
2021-08-12 21:00:00,Jul-Aug,21,0.3337882232753564,2.4607082484306155,0.07635572327045281,2.25,112,114
2021-08-12 22:00:00,Jul-Aug,22,0.44208531872227275,4.22793582288571,1.8344329251432043,6.5,116,122
2021-08-12 23:00:00,Jul-Aug,23,0.1808718354386331,14.441479709412285,12.8900019573301,15.0,103,118
2021-08-13 00:00:00,Jul-Aug,0,-0.43184516726947486,6.2560038554780935,8.85916461791345,7.25,72,79
2021-08-13 01:00:00,Jul-Aug,1,0.15266466131282697,4.204767674073815,1.5157796618939017,5.5,100,105
2021-08-13 02:00:00,Jul-Aug,2,0.2483994336852061,6.956840197125311,7.997911839320722,5.0,112,117
2021-08-13 03:00:00,Jul-Aug,3,0.427165359519555,3.626693262050387,0.6943750418754178,4.5,116,120
2021-08-13 04:00:00,Jul-Aug,4,0.20487794268688853,8.0339655040447,9.506361264947714,6.5,110,116
2021-08-13 05:00:00,Jul-Aug,5,-0.004528624881823779,14.0784280986487,13.539275620846496,19.75,88,108
2021-08-13 06:00:00,Jul-Aug,6,0.23534377691193004,8.635031578446643,7.750401103426427,5.75,110,116
2021-08-13 07:00:00,Jul-Aug,7,0.8789685686900806,20.067577315330798,20.653780509301896,30.25,136,166
2021-08-13 08:00:00,Jul-Aug,8,1.9154824694830197,8.543943129351398,1.912199063966085,11.25,196,207
2021-08-13 09:00:00,Jul-Aug,9,1.6356782314106129,5.694614773521615,2.039283963420928,3.25,188,191
2021-08-13 10:00:00,Jul-Aug,10,1.7204162649446788,16.079785518492514,7.155235492850238,17.5,184,201
2021-08-13 11:00:00,Jul-Aug,11,1.866272746092036,3.3448086422253787,1.7485013032471102,8.25,196,204
2021-08-13 12:00:00,Jul-Aug,12,0.16189226095529474,17.801174409679675,29.98392823649216,23.5,111,134
2021-08-13 13:00:00,Jul-Aug,13,1.6996157274527028,10.468700387883324,2.3541166691981914,11.75,183,195
2021-08-13 14:00:00,Jul-Aug,14,1.4968016688126966,18.395066806687986,19.043716387283894,10.75,189,200
2021-08-13 15:00:00,Jul-Aug,15,1.4952462223783365,20.882699453489476,14.133367698058493,28.0,167,195
2021-08-13 16:00:00,Jul-Aug,16,1.5068183014265544,9.94186351211041,4.4663874458668715,3.25,183,186
2021-08-13 17:00:00,Jul-Aug,17,1.1614802111446056,21.164665766472563,14.370648865779259,27.25,149,176
2021-08-13 18:00:00,Jul-Aug,18,1.4305172257168353,4.602260981952479,-0.13584526380373063,2.75,174,177
2021-08-13 19:00:00,Jul-Aug,19,0.8630900845023466,20.97338413686185,23.56896915810276,22.25,146,168
2021-08-13 20:00:00,Jul-Aug,20,0.4620291836969061,5.233770158668516,3.6849278072616585,8.5,117,125
2021-08-13 21:00:00,Jul-Aug,21,0.2712541230970337,7.76639568589064,8.680635449819306,6.25,113,119
2021-08-13 22:00:00,Jul-Aug,22,0.34594543394537935,7.358769139170066,3.375650223001074,9.5,109,118
2021-08-13 23:00:00,Jul-Aug,23,-0.026882874259031516,19.588069367550574,22.811524198981942,19.25,97,116
2021-08-14 00:00:00,Jul-Aug,0,-0.5787857486568356,3.8833282030653415,5.2220017047661145,5.0,62,67
2021-08-14 01:00:00,Jul-Aug,1,0.16790977353829528,8.637189040087861,1.637096691058332,9.0,97,106
2021-08-14 02:00:00,Jul-Aug,2,0.23365981564930738,3.739297531654535,-0.1525403729543484,1.0,107,108
2021-08-14 03:00:00,Jul-Aug,3,-0.07058502837369646,4.083706826441821,7.298747209499496,7.25,91,98
2021-08-14 04:00:00,Jul-Aug,4,0.06196243918313489,3.4197613276803795,1.7435862417078454,2.25,98,100
2021-08-14 05:00:00,Jul-Aug,5,-0.15690795524873216,4.725039422560011,5.211648516274337,7.75,83,91
2021-08-14 06:00:00,Jul-Aug,6,-0.19875662406941955,6.978913697250762,7.593384020140817,5.25,86,91
2021-08-14 07:00:00,Jul-Aug,7,-0.8683491033405383,20.26670667687592,29.70193623802252,21.75,53,75
2021-08-14 08:00:00,Jul-Aug,8,-1.2730950445787665,1.4194584012736116,2.4740928477111197,3.5,23,26
2021-08-14 09:00:00,Jul-Aug,9,-1.2749121973178197,0.8595512595207946,-0.4309625696051853,1.25,22,23
2021-08-14 10:00:00,Jul-Aug,10,-1.2797441415434152,1.4421569070660578,-2.178497865791087,0.25,21,21
2021-08-14 11:00:00,Jul-Aug,11,-1.2307605976720009,3.275640964160695,0.2621563889177878,3.25,23,26
2021-08-14 12:00:00,Jul-Aug,12,-1.2615308430927377,1.116763094845877,-1.13012619263948,1.0,22,23
2021-08-14 13:00:00,Jul-Aug,13,-1.2791617270153581,1.6708757252626718,-2.2089284967044307,0.25,21,21
2021-08-14 14:00:00,Jul-Aug,14,-1.2631592351994916,1.6646117788231414,-2.0450441818109795,0.5,22,22
2021-08-14 15:00:00,Jul-Aug,15,-1.2040839310078788,3.4714509961137994,-1.1316752518593063,2.75,23,26
2021-08-14 16:00:00,Jul-Aug,16,-1.2623880600391355,1.256822430263456,-2.085337384579489,0.25,22,22
2021-08-14 17:00:00,Jul-Aug,17,-1.2901435139733297,0.5501861494547744,-0.6351400872671746,0.75,21,22
2021-08-14 18:00:00,Jul-Aug,18,-1.2760770263739338,0.656125382975982,0.6298986922215022,2.25,22,24
2021-08-14 19:00:00,Jul-Aug,19,-1.2730950445787665,1.4194584012736116,2.4740928477111197,3.5,23,26
2021-08-14 20:00:00,Jul-Aug,20,-1.2631592351994916,1.6646117788231414,-2.0450441818109795,0.5,22,22
2021-08-14 21:00:00,Jul-Aug,21,-1.2595948388762674,1.123693403782393,-1.2312806572346915,0.75,22,23
2021-08-14 22:00:00,Jul-Aug,22,-1.2302276698955343,2.700665687614657,-0.7656886041032891,2.0,23,25
2021-08-14 23:00:00,Jul-Aug,23,-1.2637416497275487,1.4446685124710854,-2.0146135508976215,0.5,22,22
2021-08-15 00:00:00,Jul-Aug,0,-1.2631592351994916,1.6646117788231414,-2.0450441818109795,0.5,22,22
2021-08-15 01:00:00,Jul-Aug,1,-1.255037697069013,3.0251946223503308,3.5306128160978574,5.0,23,28
2021-08-15 02:00:00,Jul-Aug,2,-1.2885151218665758,0.9753583501915446,1.2797779019043105,2.25,22,24
2021-08-15 03:00:00,Jul-Aug,3,-1.277036962166589,1.1693215060676696,-1.319945533154808,0.75,21,22
2021-08-15 04:00:00,Jul-Aug,4,-1.2609484285646806,1.1842365919843418,-2.160556823552824,0.0,22,22
2021-08-15 05:00:00,Jul-Aug,5,-1.2695473253157574,1.9344792929647308,1.288727733559611,2.0,23,25
2021-08-15 06:00:00,Jul-Aug,6,-1.2761797452201908,0.9369438749740696,-1.364734341214799,0.5,22,22
2021-08-15 07:00:00,Jul-Aug,7,-1.2937079102965543,0.7493799537843713,-1.4489036118434484,0.5,21,21
2021-08-15 08:00:00,Jul-Aug,8,-1.2292182473512887,2.4906234388644264,0.18156998338074004,2.75,23,26
2021-08-15 09:00:00,Jul-Aug,9,-1.2468819409652845,1.5285074283576692,-0.895518044064147,1.5,23,24
2021-08-15 10:00:00,Jul-Aug,10,-1.2922682788220992,0.8238147972676234,-1.5241230508167831,0.25,21,21
2021-08-15 11:00:00,Jul-Aug,11,-1.2631592351994916,1.6646117788231414,-2.0450441818109795,0.5,22,22
2021-08-15 12:00:00,Jul-Aug,12,-1.203501516479822,3.7006077833522126,-1.1621058827726358,2.75,23,26
2021-08-15 13:00:00,Jul-Aug,13,-1.2762657870062326,0.7031688836149975,-1.360238735923346,0.5,22,22
2021-08-15 14:00:00,Jul-Aug,14,-1.2630731934134496,1.780211763424851,-2.0495397871024466,0.5,22,22
2021-08-15 15:00:00,Jul-Aug,15,-1.278390551855002,1.2273577323805105,-2.2492216994729546,0.0,21,21
2021-08-15 16:00:00,Jul-Aug,16,-1.2709869567902126,1.551549592509273,1.36394717253296,2.25,23,25
2021-08-15 17:00:00,Jul-Aug,17,-1.2748261555317777,0.7882576469453393,-1.4354581748966666,0.25,22,22
2021-08-15 18:00:00,Jul-Aug,18,-1.2798301833294572,1.3013056722665328,-2.1740022604995914,0.25,21,21
2021-08-15 19:00:00,Jul-Aug,19,-1.217379243446919,3.107470449233156,-1.4370072341164928,2.0,23,25
2021-08-15 20:00:00,Jul-Aug,20,-1.2762657870062326,0.7031688836149975,-1.360238735923346,0.5,22,22
2021-08-15 21:00:00,Jul-Aug,21,-1.2609484285646806,1.1842365919843418,-2.160556823552824,0.0,22,22
2021-08-15 22:00:00,Jul-Aug,22,-1.2582412491878543,1.2479073476407172,-0.3020044909165591,1.5,23,24
2021-08-15 23:00:00,Jul-Aug,23,-1.2710729985762543,1.0146261348714,1.3684427778244412,2.25,23,25
2021-08-16 00:00:00,Jul-Aug,0,-1.2623020182530937,1.4058666610200188,-2.0898329898709562,0.25,22,22
2021-08-16 01:00:00,Jul-Aug,1,-1.276282464066448,1.954553262583194,-0.35936737465110014,1.75,21,23
2021-08-16 02:00:00,Jul-Aug,2,-1.205712323114633,4.26605859049862,-1.0465932410307985,3.25,23,26
2021-08-16 03:00:00,Jul-Aug,3,-1.278390551855002,1.2273577323805105,-2.2492216994729546,0.0,21,21
2021-08-16 04:00:00,Jul-Aug,4,-1.2617196037250367,1.626637136857597,-2.120263620784314,0.25,22,22
2021-08-16 05:00:00,Jul-Aug,5,-1.2617196037250367,1.626637136857597,-2.120263620784314,0.25,22,22
2021-08-16 06:00:00,Jul-Aug,6,-1.2557723171949173,2.2187120484115765,1.5689960514671668,3.0,23,26
2021-08-16 07:00:00,Jul-Aug,7,-0.543543251956032,38.204786278307964,58.216243624458734,62.25,60,122
2021-08-16 08:00:00,Jul-Aug,8,1.505130369815564,8.660088309152286,1.5636748085689192,8.75,174,183
2021-08-16 09:00:00,Jul-Aug,9,1.582118531610527,10.438030461845447,4.12630591782667,7.5,183,190
2021-08-16 10:00:00,Jul-Aug,10,0.9702158834047958,13.06661431399691,6.394556412522206,13.25,144,157
2021-08-16 11:00:00,Jul-Aug,11,1.0830617037192511,4.745896117012881,-0.10954137133231256,2.0,155,157
2021-08-16 12:00:00,Jul-Aug,12,-0.07455399267237958,11.606164836000403,16.524633084729032,10.5,97,107
2021-08-16 13:00:00,Jul-Aug,13,0.9565703239430742,9.980599541122853,7.181045914810568,4.5,153,157
2021-08-16 14:00:00,Jul-Aug,14,0.9346820352864905,8.00568724917867,4.4426218362487475,7.0,146,153
2021-08-16 15:00:00,Jul-Aug,15,0.7734382865426993,11.153351616878206,6.736232409883314,13.5,133,146
2021-08-16 16:00:00,Jul-Aug,16,0.30501188828816034,9.636802936072588,12.734938168735667,8.75,116,125
2021-08-16 17:00:00,Jul-Aug,17,0.08130775699855135,5.873789007415648,5.628579603618874,5.5,100,105
2021-08-16 18:00:00,Jul-Aug,18,-0.05639594395380685,3.9267736497321284,2.4912030968059042,2.5,92,94
2021-08-16 19:00:00,Jul-Aug,19,-0.14421944756364422,7.727129817067626,8.48950680672209,5.75,89,95
2021-08-16 20:00:00,Jul-Aug,20,0.030439488294403846,4.795009121586457,5.5491335445979075,3.75,98,102
2021-08-16 21:00:00,Jul-Aug,21,0.28220255593457494,5.8810354511468255,5.049600312169545,4.25,112,116
2021-08-16 22:00:00,Jul-Aug,22,0.01952418457200148,5.0892023503400425,6.170356803156608,6.75,95,102
2021-08-16 23:00:00,Jul-Aug,23,0.10388741898674632,8.589630947871889,1.3271549776259661,6.5,96,102
2021-08-17 00:00:00,Jul-Aug,0,-0.4522364626635884,2.5548339222855825,2.0196954920993733,1.5,70,71
2021-08-17 01:00:00,Jul-Aug,1,0.08462727910455257,2.489100943419349,0.43725221273338377,3.75,96,100
2021-08-17 02:00:00,Jul-Aug,2,0.10340685945212726,2.124313665851468,0.35485300131365705,2.75,98,101
2021-08-17 03:00:00,Jul-Aug,3,0.0545226085076577,5.773096834081317,1.172395975854684,6.75,92,99
2021-08-17 04:00:00,Jul-Aug,4,0.04566558639845512,3.633872146011205,0.6825698172029178,4.75,93,98
2021-08-17 05:00:00,Jul-Aug,5,-0.10566411799091649,10.531014698773031,14.295205293808877,17.5,86,103
2021-08-17 06:00:00,Jul-Aug,6,-0.02060499367517567,2.813286865943322,2.4542308489910454,2.5,94,96
2021-08-17 07:00:00,Jul-Aug,7,0.8129322007254631,20.948453573122475,4.459920544755676,21.5,125,146
2021-08-17 08:00:00,Jul-Aug,8,1.2725448261908572,4.65640566839561,2.9692144610842774,6.75,164,171
2021-08-17 09:00:00,Jul-Aug,9,1.2884390611852434,2.8972104609593843,1.053117982588418,7.25,163,170
2021-08-17 10:00:00,Jul-Aug,10,1.1529284009493705,12.429626874755662,3.8635497954173843,12.0,153,165
2021-08-17 11:00:00,Jul-Aug,11,1.3302495442100777,3.0311635384742224,1.6432859726306788,4.0,169,173
2021-08-17 12:00:00,Jul-Aug,12,0.1496205509807301,16.49995993235104,30.691233136463254,23.75,110,134
2021-08-17 13:00:00,Jul-Aug,13,1.1953922965152546,4.139698179196445,0.41605702807987655,2.0,162,164
2021-08-17 14:00:00,Jul-Aug,14,1.1853681082887362,6.806043438946345,0.9938214525606668,3.25,161,164
2021-08-17 15:00:00,Jul-Aug,15,1.1035307807789068,14.813060029419479,9.710681846769432,17.75,150,168
2021-08-17 16:00:00,Jul-Aug,16,1.0029470702227175,8.257969826449187,5.508028058595187,6.0,152,158
2021-08-17 17:00:00,Jul-Aug,17,0.41459538388812023,15.32206127888004,16.418871088071,22.5,113,135
2021-08-17 18:00:00,Jul-Aug,18,1.025078437938613,4.190695029344053,4.232441782439707,8.75,149,158
2021-08-17 19:00:00,Jul-Aug,19,0.7695008837323001,9.059141585561155,3.963172608659818,5.5,138,143
2021-08-17 20:00:00,Jul-Aug,20,0.5509024102285169,5.507020601421127,1.5625390992218797,8.0,120,128
2021-08-17 21:00:00,Jul-Aug,21,0.44854940039769875,5.270816196110772,0.46186246411383536,3.25,118,121
2021-08-17 22:00:00,Jul-Aug,22,0.38479038722997005,10.092687406228613,1.1367425357849896,8.25,110,118
2021-08-17 23:00:00,Jul-Aug,23,0.0977798942693359,14.776905338059606,17.679174555033896,14.25,104,118
2021-08-18 00:00:00,Jul-Aug,0,-0.5116055833949592,1.3810950784296316,0.3985734030101469,1.0,65,66
2021-08-18 01:00:00,Jul-Aug,1,0.04513499568319027,5.704716284821245,7.712767354667804,9.75,95,105
2021-08-18 02:00:00,Jul-Aug,2,0.17528344040196686,1.6247864373527183,0.21210044243126447,2.5,103,105
2021-08-18 03:00:00,Jul-Aug,3,0.037454261138858025,8.223646918039965,4.149901406371896,10.0,91,101
2021-08-18 04:00:00,Jul-Aug,4,0.06358794979963178,2.7348215915067486,0.6498966396567596,4.0,95,99
2021-08-18 05:00:00,Jul-Aug,5,-0.18536842053147687,9.254380104480889,13.831420483476393,15.5,83,98
2021-08-18 06:00:00,Jul-Aug,6,0.14324190173578258,2.7722669241692417,4.0588795260454305,6.25,101,107
2021-08-18 07:00:00,Jul-Aug,7,0.8067638883007252,18.097600035748023,4.815443744995292,21.5,125,146
2021-08-18 08:00:00,Jul-Aug,8,1.347325060315502,7.7588637871408865,1.659103960838138,10.75,163,174
2021-08-18 09:00:00,Jul-Aug,9,1.226992167742473,10.566294652599057,6.594734343320141,3.0,169,172
2021-08-18 10:00:00,Jul-Aug,10,1.2309378281476073,11.635293831453211,10.367318201318938,17.0,159,176
2021-08-18 11:00:00,Jul-Aug,11,1.496613929586236,9.031192463639726,2.0545371184670387,10.25,173,183
2021-08-18 12:00:00,Jul-Aug,12,-0.047379480057859726,17.732594920174485,27.978048609806038,18.25,102,120
2021-08-18 13:00:00,Jul-Aug,13,1.3421936040219065,4.602679749904762,4.954865854491942,5.75,171,177
2021-08-18 14:00:00,Jul-Aug,14,1.5059383250156628,3.8909191731737875,3.5171066715145685,5.75,179,185
2021-08-18 15:00:00,Jul-Aug,15,1.5118764226459553,14.131923425060238,2.1748523679889615,14.25,170,184
2021-08-18 16:00:00,Jul-Aug,16,1.0104508895195432,26.009302140066865,35.07553021044339,22.5,166,188
2021-08-18 17:00:00,Jul-Aug,17,1.061051040721701,33.46984109104568,30.15908784350796,45.25,141,186
2021-08-18 18:00:00,Jul-Aug,18,1.336123655744786,12.64388908726882,2.3047196375325427,10.5,164,174
2021-08-18 19:00:00,Jul-Aug,19,0.8355916670681673,15.825306168644634,15.153896232891725,14.75,143,158
2021-08-18 20:00:00,Jul-Aug,20,0.44834629976638624,3.7342390626159547,3.4735685810292694,4.5,120,124
2021-08-18 21:00:00,Jul-Aug,21,0.361612178082558,3.934695979769241,7.472665641570487,8.5,115,123
2021-08-18 22:00:00,Jul-Aug,22,0.37705245276836746,9.601867543452473,8.58273408640757,13.25,112,125
2021-08-18 23:00:00,Jul-Aug,23,0.21085602127094485,6.718410998217779,5.161802578042682,7.5,105,112
2021-08-19 00:00:00,Jul-Aug,0,-0.4485327924596555,6.273303927568152,7.808908313727784,6.25,71,77
2021-08-19 01:00:00,Jul-Aug,1,0.24636554229790147,10.159611978553114,5.115139295578345,11.75,102,114
2021-08-19 02:00:00,Jul-Aug,2,0.15198817240928433,10.603451870041875,12.554770472240918,7.0,109,116
2021-08-19 03:00:00,Jul-Aug,3,0.3898947968127046,9.22535518443133,1.8425395341812418,10.25,109,119
2021-08-19 04:00:00,Jul-Aug,4,0.1283941887491486,7.338602730790359,5.914657585547943,4.25,104,108
2021-08-19 05:00:00,Jul-Aug,5,-0.008006979419006145,13.763611138227864,11.737239396749132,18.5,88,106
2021-08-19 06:00:00,Jul-Aug,6,0.2693184383043272,9.215022740362482,8.792202569765792,10.0,109,119
2021-08-19 07:00:00,Jul-Aug,7,0.756699604448309,21.6375113409213,4.701000310115603,20.0,123,143
2021-08-19 08:00:00,Jul-Aug,8,1.427419593358272,11.70049171582858,8.042693061341026,11.25,174,185
2021-08-19 09:00:00,Jul-Aug,9,1.497350342344287,3.5006590598595433,1.0120924751980738,8.0,174,182
2021-08-19 10:00:00,Jul-Aug,10,1.2332208809985024,9.04089644269823,11.235729818634013,14.5,163,177
2021-08-19 11:00:00,Jul-Aug,11,1.4177076913638735,10.904052177538258,11.602458235299252,11.25,177,188
2021-08-19 12:00:00,Jul-Aug,12,-0.0210080884422519,18.517323899169988,26.477172202807623,15.25,105,120
2021-08-19 13:00:00,Jul-Aug,13,1.2216272957404108,8.966311810110973,6.903949624861298,4.25,168,172
2021-08-19 14:00:00,Jul-Aug,14,1.3551643078672515,10.55709450799294,11.207273024731307,9.0,175,184
2021-08-19 15:00:00,Jul-Aug,15,1.5250362065473633,13.327955314029897,2.4163615256109097,14.75,170,185
2021-08-19 16:00:00,Jul-Aug,16,1.2623180817620816,7.525328572655737,3.5586536232073627,5.25,166,171
2021-08-19 17:00:00,Jul-Aug,17,0.7474991846292858,19.10634486421372,17.23128517125349,25.5,130,155
2021-08-19 18:00:00,Jul-Aug,18,1.0141310939591826,10.100091579846904,7.8634141615432895,8.75,152,161
2021-08-19 19:00:00,Jul-Aug,19,0.9398613475702747,10.404756176684815,4.14410166551508,6.25,147,153
2021-08-19 20:00:00,Jul-Aug,20,0.6686640388383882,3.137721268227146,0.7751087315731695,5.75,128,134
2021-08-19 21:00:00,Jul-Aug,21,0.4919655160647936,2.7773248509533737,-0.04051344052346906,1.75,121,123
2021-08-19 22:00:00,Jul-Aug,22,0.4220109187561745,6.238964722982169,5.991461692073813,9.25,116,125
2021-08-19 23:00:00,Jul-Aug,23,0.2810520668774743,7.886522932479132,6.115911082969788,7.25,110,117
2021-08-20 00:00:00,Jul-Aug,0,-0.4129634125046985,6.428748043837279,8.784546309473086,7.0,73,80
2021-08-20 01:00:00,Jul-Aug,1,0.22315196139262108,7.391878082696909,1.4531011243871745,8.25,101,109
2021-08-20 02:00:00,Jul-Aug,2,0.2236374200549353,2.839450382888769,2.4251207295359336,3.0,107,110
2021-08-20 03:00:00,Jul-Aug,3,0.19212592767496053,4.565958530778796,1.241349520140858,4.75,102,107
2021-08-20 04:00:00,Jul-Aug,4,-0.0595752633997722,12.348416230284545,14.67214787273258,7.0,99,106
2021-08-20 05:00:00,Jul-Aug,5,0.017041295138361858,14.023793998004173,8.311665620926007,16.5,88,104
2021-08-20 06:00:00,Jul-Aug,6,0.26340684295584044,6.0140601526719975,5.132929360514396,4.5,111,115
2021-08-20 07:00:00,Jul-Aug,7,0.8184003360028378,15.476471203576764,4.144753474851939,19.0,127,146
2021-08-20 08:00:00,Jul-Aug,8,1.3561933833804416,5.578698928685415,6.147960169845703,8.25,171,179
2021-08-20 09:00:00,Jul-Aug,9,1.3158360079762568,4.303177792840724,4.474039374171525,9.75,165,175
2021-08-20 10:00:00,Jul-Aug,10,1.1664487096313974,5.667692040389534,6.084279375912672,10.75,157,168
2021-08-20 11:00:00,Jul-Aug,11,1.644896097724198,6.306065175573307,3.507993538175299,6.0,187,193
2021-08-20 12:00:00,Jul-Aug,12,0.0842932296395392,21.009925835313684,34.45650583133474,23.25,111,134
2021-08-20 13:00:00,Jul-Aug,13,1.4453572255377893,5.9325077236750055,2.0088212406454033,2.75,177,180
2021-08-20 14:00:00,Jul-Aug,14,1.515251035139081,9.505288343083286,1.9803497308798228,9.5,175,184
2021-08-20 15:00:00,Jul-Aug,15,1.2757110538409,17.520813998581115,7.786722507156014,17.0,159,176
2021-08-20 16:00:00,Jul-Aug,16,1.2952525285562961,11.694262921592284,7.660409968193733,6.5,171,177
2021-08-20 17:00:00,Jul-Aug,17,1.0327638422876233,29.60505347336287,9.789477911424115,30.0,134,164
2021-08-20 18:00:00,Jul-Aug,18,1.0992357346781456,1.2343328752197396,-0.041764457863990856,3.25,155,158
2021-08-20 19:00:00,Jul-Aug,19,0.6366560143714179,18.272918227037948,14.619956156325486,20.75,125,146
2021-08-20 20:00:00,Jul-Aug,20,0.4903146839173099,9.158861919301533,2.0546356193357695,11.0,114,125
2021-08-20 21:00:00,Jul-Aug,21,0.4014181560179147,5.635757654257154,3.178367348979222,2.75,118,121
2021-08-20 22:00:00,Jul-Aug,22,0.2868034215129055,7.126168975675891,1.7844200907980792,7.25,106,113
2021-08-20 23:00:00,Jul-Aug,23,0.10193761920031807,9.746227405889138,5.43953564387067,7.75,98,106
2021-08-21 00:00:00,Jul-Aug,0,-0.546489829975602,1.2955896863671035,0.3839423752647093,1.0,63,64
2021-08-21 01:00:00,Jul-Aug,1,-0.037204240018112525,5.0777833580479745,6.398944634793821,4.25,95,99
2021-08-21 02:00:00,Jul-Aug,2,0.19853357634169874,1.6673564733913586,2.8720316900527223,4.75,104,109
2021-08-21 03:00:00,Jul-Aug,3,-0.003335498385993454,4.21549902753216,7.471371149430723,8.5,94,102
2021-08-21 04:00:00,Jul-Aug,4,0.20739114287995672,2.833587642821559,0.36150787329732736,2.75,104,107
2021-08-21 05:00:00,Jul-Aug,5,0.036375154445022054,9.466044041643759,13.211316662761092,15.5,95,110
2021-08-21 06:00:00,Jul-Aug,6,0.09167377530803558,5.84839017430895,3.0311131088365784,4.5,99,103
2021-08-21 07:00:00,Jul-Aug,7,-0.5820427553498709,26.401822030025066,32.40736789909768,25.5,69,94
2021-08-21 08:00:00,Jul-Aug,8,-1.2718274966763954,1.2953463782385206,2.4078646193207476,3.25,23,26
2021-08-21 09:00:00,Jul-Aug,9,-1.2798301833294572,1.3013056722665328,-2.1740022604995914,0.25,21,21
2021-08-21 10:00:00,Jul-Aug,10,-1.2645128248879047,1.7965404667771514,-1.9743203481291118,0.75,21,22
2021-08-21 11:00:00,Jul-Aug,11,-1.203329432907738,3.8201506435695136,-1.1710970933556055,2.75,23,26
2021-08-21 12:00:00,Jul-Aug,12,-1.2609484285646806,1.1842365919843418,-2.160556823552824,0.0,22,22
2021-08-21 13:00:00,Jul-Aug,13,-1.278390551855002,1.2273577323805105,-2.2492216994729546,0.0,21,21
2021-08-21 14:00:00,Jul-Aug,14,-1.256305244971384,2.2127538072047535,1.5968410444882437,3.25,23,26
2021-08-21 15:00:00,Jul-Aug,15,-1.2754946118458765,0.2914991744878716,-0.40053193869185577,1.25,22,23
2021-08-21 16:00:00,Jul-Aug,16,-1.2762657870062326,0.7031688836149975,-1.360238735923346,0.5,22,22
2021-08-21 17:00:00,Jul-Aug,17,-1.2609484285646806,1.1842365919843418,-2.160556823552824,0.0,22,22
2021-08-21 18:00:00,Jul-Aug,18,-1.2215565269283735,1.7219407978932229,0.7812520395122249,2.0,25,27
2021-08-21 19:00:00,Jul-Aug,19,-1.2798301833294572,1.3013056722665328,-2.1740022604995914,0.25,21,21
2021-08-21 20:00:00,Jul-Aug,20,-1.275597330692134,1.243550859378893,-1.3951649721281285,0.5,22,22
2021-08-21 21:00:00,Jul-Aug,21,-1.243506305274359,1.1414070888971413,-2.0718919476327216,0.0,23,23
2021-08-21 22:00:00,Jul-Aug,22,-1.2230988772490858,2.0263164765401624,0.8618384450492727,2.5,25,27
2021-08-21 23:00:00,Jul-Aug,23,-1.2595948388762674,1.123693403782393,-1.2312806572346915,0.75,22,23
2021-08-22 00:00:00,Jul-Aug,0,-1.2595948388762674,1.123693403782393,-1.2312806572346915,0.75,22,23
2021-08-22 01:00:00,Jul-Aug,1,-1.254762894650672,1.5703162570842406,1.5162546389512102,2.75,23,26
2021-08-22 02:00:00,Jul-Aug,2,-1.254299331600032,1.292130753759837,2.492033889949383,3.25,24,27
2021-08-22 03:00:00,Jul-Aug,3,-1.2586515801438274,1.4898221794125681,-0.28056507058616376,1.5,23,24
2021-08-22 04:00:00,Jul-Aug,4,-1.2623880600391355,1.256822430263456,-2.085337384579489,0.25,22,22
2021-08-22 05:00:00,Jul-Aug,5,-1.2153405203841916,2.949318636648514,-0.543528665275403,2.5,24,26
2021-08-22 06:00:00,Jul-Aug,6,-1.2609484285646806,1.1842365919843418,-2.160556823552824,0.0,22,22
2021-08-22 07:00:00,Jul-Aug,7,-1.2617196037250367,1.626637136857597,-2.120263620784314,0.25,22,22
2021-08-22 08:00:00,Jul-Aug,8,-1.2762657870062326,0.7031688836149975,-1.360238735923346,0.5,22,22
2021-08-22 09:00:00,Jul-Aug,9,-1.251436745711337,2.296375082142336,2.3424663732749167,3.0,24,27
2021-08-22 10:00:00,Jul-Aug,10,-1.2609484285646806,1.1842365919843418,-2.160556823552824,0.0,22,22
2021-08-22 11:00:00,Jul-Aug,11,-1.2615308430927377,1.116763094845877,-1.13012619263948,1.0,22,23
2021-08-22 12:00:00,Jul-Aug,12,-1.2443635222207572,1.611425234641844,-1.0271031395727022,1.25,23,24
2021-08-22 13:00:00,Jul-Aug,13,-1.254984464974346,1.2602538858679684,1.5278314874264254,2.5,24,26
2021-08-22 14:00:00,Jul-Aug,14,-1.244945936748814,1.212515288144053,-1.9966725086593726,0.25,23,23
2021-08-22 15:00:00,Jul-Aug,15,-1.2573840322414562,0.7539323245278486,-1.3467932989765359,0.25,23,23
2021-08-22 16:00:00,Jul-Aug,16,-1.1852021762431024,3.278170687792421,-1.1182298149125245,2.5,25,27
2021-08-22 17:00:00,Jul-Aug,17,-1.2609484285646806,1.1842365919843418,-2.160556823552824,0.0,22,22
2021-08-22 18:00:00,Jul-Aug,18,-1.2609484285646806,1.1842365919843418,-2.160556823552824,0.0,22,22
2021-08-22 19:00:00,Jul-Aug,19,-1.2623880600391355,1.256822430263456,-2.085337384579489,0.25,22,22
2021-08-22 20:00:00,Jul-Aug,20,-1.2376450605302818,1.4388831257811734,0.6218633299102407,1.75,24,26
2021-08-22 21:00:00,Jul-Aug,21,-1.2595948388762674,1.123693403782393,-1.2312806572346915,0.75,22,23
2021-08-22 22:00:00,Jul-Aug,22,-1.2324217994701303,2.0561431615061214,-1.651047323633648,1.25,23,24
2021-08-22 23:00:00,Jul-Aug,23,-1.2708514282525802,2.019372667541995,2.356865929349212,3.5,23,26
2021-08-23 00:00:00,Jul-Aug,0,-1.2447571761165153,1.0822476516989343,-0.006535080514538549,2.0,23,25
2021-08-23 01:00:00,Jul-Aug,1,-1.2442774804347152,1.5825471856996707,-2.0315987448641835,0.25,23,23
2021-08-23 02:00:00,Jul-Aug,2,-1.244945936748814,1.212515288144053,-1.9966725086593726,0.25,23,23
2021-08-23 03:00:00,Jul-Aug,3,-1.2121170902911138,3.185742600520225,0.2880500356120024,3.0,24,27
2021-08-23 04:00:00,Jul-Aug,4,-1.2609484285646806,1.1842365919843418,-2.160556823552824,0.0,22,22
2021-08-23 05:00:00,Jul-Aug,5,-1.2609484285646806,1.1842365919843418,-2.160556823552824,0.0,22,22
2021-08-23 06:00:00,Jul-Aug,6,-1.2776193766946458,0.8272725746132167,-1.2895149022414785,0.75,21,22
2021-08-23 07:00:00,Jul-Aug,7,-0.5192782204233397,24.082630540435183,26.835246600360236,34.5,58,92
2021-08-23 08:00:00,Jul-Aug,8,1.3391721857020307,6.731902247815091,9.12901142890172,14.0,167,181
2021-08-23 09:00:00,Jul-Aug,9,1.513234207688028,10.87749059292533,5.0965936725540075,7.25,180,187
2021-08-23 10:00:00,Jul-Aug,10,1.4855111134346255,12.748563421936588,1.6944704516202194,12.25,170,182
2021-08-23 11:00:00,Jul-Aug,11,1.6608591530153558,2.569316324411495,0.5879304622594361,6.75,184,191
2021-08-23 12:00:00,Jul-Aug,12,0.20696817013864421,18.994701860561186,29.385886765326617,20.5,116,136
2021-08-23 13:00:00,Jul-Aug,13,1.4615171415029624,12.230084184838216,14.077411700411915,9.5,184,193
2021-08-23 14:00:00,Jul-Aug,14,1.5427281031826028,7.038094937731103,6.396653171532819,5.75,184,190
2021-08-23 15:00:00,Jul-Aug,15,1.559788734859958,12.63771618710166,11.413329053948047,16.5,180,196
2021-08-23 16:00:00,Jul-Aug,16,1.4147011574720663,7.231642752927609,0.7757459155012612,5.5,172,177
2021-08-23 17:00:00,Jul-Aug,17,0.9918238948023624,23.030782018552973,25.14913483950528,34.75,142,177
2021-08-23 18:00:00,Jul-Aug,18,0.9621282463495672,23.47716481016428,28.860703781569185,23.25,156,179
2021-08-23 19:00:00,Jul-Aug,19,0.6859193542073405,13.616442254406167,2.7805636244688685,8.5,129,137
2021-08-23 20:00:00,Jul-Aug,20,0.3664444417319174,5.339351958659529,2.194148322938588,6.0,112,118
2021-08-23 21:00:00,Jul-Aug,21,0.2668685204328075,6.199899784216054,6.9334085564330366,6.0,111,117
2021-08-23 22:00:00,Jul-Aug,22,0.2863959720471895,2.6028308954260986,1.8079042673463164,4.0,109,113
2021-08-23 23:00:00,Jul-Aug,23,0.07253530346700802,13.821747702235443,8.134197759563719,11.25,96,107
2021-08-24 00:00:00,Jul-Aug,0,-0.5121879979230163,2.0200146083350843,1.4317203918757855,2.0,65,67
2021-08-24 01:00:00,Jul-Aug,1,0.2695333817946679,7.080553925110132,0.7798138656446838,6.25,105,111
2021-08-24 02:00:00,Jul-Aug,2,0.23203430503281047,6.696773294609025,6.941149229096737,5.25,110,115
2021-08-24 03:00:00,Jul-Aug,3,0.31493405965049603,7.799609741153088,2.1630536931834428,10.5,105,115
2021-08-24 04:00:00,Jul-Aug,4,0.22639783152642837,5.842212216181075,5.266018814336647,5.0,108,113
2021-08-24 05:00:00,Jul-Aug,5,-0.0444473718903192,11.808355623056807,13.81117338245457,18.0,88,106
2021-08-24 06:00:00,Jul-Aug,6,0.16692800958623838,9.012633898598672,10.693682648137184,6.0,109,115
2021-08-24 07:00:00,Jul-Aug,7,0.810760511191597,12.616295375593989,3.585090276741113,14.0,131,145
2021-08-24 08:00:00,Jul-Aug,8,1.7390904699610306,7.238176237279362,1.0789098024202133,9.5,187,196
2021-08-24 09:00:00,Jul-Aug,9,1.373422036388805,15.28833174101678,16.154951801983827,9.25,181,190
2021-08-24 10:00:00,Jul-Aug,10,1.4242278840984588,8.228175482035503,4.226653699542879,10.25,171,181
2021-08-24 11:00:00,Jul-Aug,11,1.609476586305887,4.026087387169442,0.5494689342430661,5.5,183,188
2021-08-24 12:00:00,Jul-Aug,12,0.15274468814686315,19.180575347088915,26.511167152963992,15.25,115,130
2021-08-24 13:00:00,Jul-Aug,13,1.470382740630664,2.0657853768260304,0.5664249090682745,6.0,174,180
2021-08-24 14:00:00,Jul-Aug,14,1.520645677789242,11.555361586338396,7.669418557639858,4.25,186,190
2021-08-24 15:00:00,Jul-Aug,15,1.5261492767171931,18.23937799878124,18.352207468290146,26.5,175,201
2021-08-24 16:00:00,Jul-Aug,16,1.5220168083906895,12.44319787863737,8.590390663816237,7.25,184,191
2021-08-24 17:00:00,Jul-Aug,17,0.9577122316639503,16.55727534466401,7.115229746732581,18.0,139,157
2021-08-24 18:00:00,Jul-Aug,18,0.9935398988477777,4.202375825248199,4.050229465094674,4.5,152,156
2021-08-24 19:00:00,Jul-Aug,19,0.9380971075021246,12.862984491934967,15.24578722095228,14.0,150,164
2021-08-24 20:00:00,Jul-Aug,20,0.5183340261901442,2.1539252788128724,0.4396839846720013,4.0,121,125
2021-08-24 21:00:00,Jul-Aug,21,0.4667650359095781,4.586269159488813,1.4119673573728733,1.75,121,123
2021-08-24 22:00:00,Jul-Aug,22,0.274665769393355,7.306699056637556,9.483998294332594,7.5,113,120
2021-08-24 23:00:00,Jul-Aug,23,0.18232471805399084,10.680417187383597,1.8062621203346652,7.75,99,107
2021-08-25 00:00:00,Jul-Aug,0,-0.30505677003951914,5.884131582045667,3.643249854774467,4.25,77,81
2021-08-25 01:00:00,Jul-Aug,1,0.22951191593991532,6.6870319396010816,3.086532241630138,6.75,104,111
2021-08-25 02:00:00,Jul-Aug,2,0.20410676752653242,7.587676703061558,8.55080950979594,5.75,109,115
2021-08-25 03:00:00,Jul-Aug,3,0.07219152067311228,4.46078477214328,7.154012378321184,7.5,99,106
2021-08-25 04:00:00,Jul-Aug,4,0.2676868452835522,3.013537657160452,-0.11375725647319257,1.25,109,110
2021-08-25 05:00:00,Jul-Aug,5,-0.08158669330590453,9.792029623033283,16.924885548163445,15.75,91,107
2021-08-25 06:00:00,Jul-Aug,6,0.22071926501037192,2.8942344625160796,0.593314515583117,4.0,104,108
2021-08-25 07:00:00,Jul-Aug,7,1.083523791035744,21.408248437671595,4.863825288746227,23.25,139,162
2021-08-25 08:00:00,Jul-Aug,8,1.4984818172799708,6.234756259164518,0.9468776218595849,8.5,174,182
2021-08-25 09:00:00,Jul-Aug,9,1.393504468944347,3.9050312979935784,5.997460060464903,10.0,171,181
2021-08-25 10:00:00,Jul-Aug,10,1.5819720864674294,10.119774181617778,3.1347465807419894,12.0,177,189
2021-08-25 11:00:00,Jul-Aug,11,1.5098694860768038,9.52373769294752,2.2905262286191714,11.0,173,184
2021-08-25 12:00:00,Jul-Aug,12,0.16480058825250354,14.035557314810328,16.81630089260129,11.25,110,121
2021-08-25 13:00:00,Jul-Aug,13,1.3166018070321348,9.868447026641073,9.429900992011426,6.25,174,180
2021-08-25 14:00:00,Jul-Aug,14,1.4779557627825717,8.036630711720298,4.129938413972127,7.0,177,184
2021-08-25 15:00:00,Jul-Aug,15,1.3794567704610763,11.489055451028383,5.807127661078681,11.5,169,180
2021-08-25 16:00:00,Jul-Aug,16,0.9739871931546814,19.911126274629805,21.177189324241,10.25,162,172
2021-08-25 17:00:00,Jul-Aug,17,1.0556983335281955,21.36250942959201,20.46760198162923,30.5,146,176
2021-08-25 18:00:00,Jul-Aug,18,1.2401130595482277,8.897503916670127,5.838485125775378,5.0,167,172
2021-08-25 19:00:00,Jul-Aug,19,0.7744919798128406,17.44869955530381,12.675500660633844,13.0,139,152
2021-08-25 20:00:00,Jul-Aug,20,0.30940465968901093,6.529419835689391,11.481751877443386,13.0,111,124
2021-08-25 21:00:00,Jul-Aug,21,0.49716096097973755,6.317899497387358,7.660036551817754,9.75,121,131
2021-08-25 22:00:00,Jul-Aug,22,0.18387376013454462,9.074508874162834,8.716979937484183,4.0,110,114
2021-08-25 23:00:00,Jul-Aug,23,0.21541511578912934,16.582352244958734,11.899029916463576,14.25,105,119
2021-08-26 00:00:00,Jul-Aug,0,-0.37902530614675284,2.2819071193960867,-0.1469749342028308,1.5,72,73
2021-08-26 01:00:00,Jul-Aug,1,0.24755079375730718,5.83407493082203,1.0468249231988551,6.75,103,110
2021-08-26 02:00:00,Jul-Aug,2,0.3234939067529006,4.832833386347137,4.669689540096144,3.25,115,118
2021-08-26 03:00:00,Jul-Aug,3,0.15139711341045572,4.0127424058259615,0.588837356718301,4.75,99,104
2021-08-26 04:00:00,Jul-Aug,4,0.28537041687178405,5.070503458946759,3.867014220422007,5.5,110,115
2021-08-26 05:00:00,Jul-Aug,5,0.03638895001498011,11.29830809270274,11.210531514757804,16.5,92,108
2021-08-26 06:00:00,Jul-Aug,6,0.09628562241833953,8.049588672167214,10.765299944591618,6.5,105,111
2021-08-26 07:00:00,Jul-Aug,7,0.8652476565167265,12.17247919075605,2.4446131179930717,13.25,134,147
2021-08-26 08:00:00,Jul-Aug,8,1.5436009083311053,8.366858341583177,12.346347276141302,13.25,183,196
2021-08-26 09:00:00,Jul-Aug,9,1.7042680999458262,10.741372526819129,6.0859677423006815,4.25,195,199
2021-08-26 10:00:00,Jul-Aug,10,1.533370737983017,9.425279982675862,9.935983898074142,13.0,180,193
2021-08-26 11:00:00,Jul-Aug,11,1.5337911216916362,13.89944915307916,10.911754230196493,5.75,188,194
2021-08-26 12:00:00,Jul-Aug,12,0.1214386334594027,16.452527393266347,25.31555512538992,16.5,111,127
2021-08-26 13:00:00,Jul-Aug,13,1.6941422792053968,9.914071243227548,6.669589962902307,15.75,183,199
2021-08-26 14:00:00,Jul-Aug,14,1.6313371219518096,5.110857327123684,1.2894926138768597,5.25,185,190
2021-08-26 15:00:00,Jul-Aug,15,1.8219793104990154,11.539790915254038,2.3014433216318366,14.5,188,202
2021-08-26 16:00:00,Jul-Aug,16,1.3888494424920224,14.148781748282953,11.265761953685058,13.25,173,186
2021-08-26 17:00:00,Jul-Aug,17,0.7868211771107108,19.92342174039214,20.964882362159642,29.25,132,161
2021-08-26 18:00:00,Jul-Aug,18,1.1907459120079371,5.257086546197955,3.683860825267658,5.5,162,167
2021-08-26 19:00:00,Jul-Aug,19,1.2461707131637756,19.583919601469805,3.489339970496701,13.75,156,170
2021-08-26 20:00:00,Jul-Aug,20,0.3284285698247532,6.249574597571863,7.385270223011389,5.0,116,121
2021-08-26 21:00:00,Jul-Aug,21,0.5723748299539044,3.5847000855420097,0.324932627305472,3.5,125,128
2021-08-26 22:00:00,Jul-Aug,22,0.22804523775459953,7.841171820230891,8.171067214287149,5.0,111,116
2021-08-26 23:00:00,Jul-Aug,23,0.2854184304149918,11.186294300416774,1.86424686245428,8.5,105,113
2021-08-27 00:00:00,Jul-Aug,0,-0.41950979062308996,5.0644643017401005,6.1571206738600495,5.5,72,77
2021-08-27 01:00:00,Jul-Aug,1,0.25548123419428515,7.311764444671095,1.5897379001491174,8.75,102,111
2021-08-27 02:00:00,Jul-Aug,2,0.307952096497417,2.8410658944911242,2.565473303802179,3.75,111,115
2021-08-27 03:00:00,Jul-Aug,3,0.17882741432189947,6.25275618998689,9.00783631590501,11.75,102,114
2021-08-27 04:00:00,Jul-Aug,4,0.2873040840270524,5.781391181489927,0.7555633911024415,4.5,108,112
2021-08-27 05:00:00,Jul-Aug,5,-0.1306263507622426,10.508954977835371,16.715882168908337,18.5,86,104
2021-08-27 06:00:00,Jul-Aug,6,0.08905177386443204,3.655154004198324,3.1822374812863785,2.5,101,103
2021-08-27 07:00:00,Jul-Aug,7,0.6703718458978506,10.200617709123613,1.6766758070772028,10.25,125,135
2021-08-27 08:00:00,Jul-Aug,8,1.6339747115975176,4.936882051063091,1.1374697837750034,9.0,181,190
2021-08-27 09:00:00,Jul-Aug,9,1.3351431399958202,13.316982359981166,13.361233651893997,9.25,176,185
2021-08-27 10:00:00,Jul-Aug,10,1.4166522054615855,8.86418599299197,0.6632933065392024,8.0,169,177
2021-08-27 11:00:00,Jul-Aug,11,1.3281170661956287,12.629101374340912,10.766195669146214,7.5,175,182
2021-08-27 12:00:00,Jul-Aug,12,0.03828878607303509,17.34458855878463,28.102406044617197,18.75,106,125
2021-08-27 13:00:00,Jul-Aug,13,1.3181256876604852,11.378103380557514,8.342069040503645,6.25,173,179
2021-08-27 14:00:00,Jul-Aug,14,1.2075089843282225,9.073376617914493,4.7176871448855024,3.75,165,169
2021-08-27 15:00:00,Jul-Aug,15,1.331686069188984,13.001056468429065,3.560488941196809,13.5,162,175
2021-08-27 16:00:00,Jul-Aug,16,1.0759686022544348,6.500798699969697,4.299283921349399,4.75,156,161
2021-08-27 17:00:00,Jul-Aug,17,1.0752105163642365,20.939378355556627,6.3429777395579094,21.25,142,163
2021-08-27 18:00:00,Jul-Aug,18,0.7661638207132644,13.981655721366568,18.15551100565324,14.0,143,157
2021-08-27 19:00:00,Jul-Aug,19,0.5661098810871874,13.985863082023034,10.68602566492467,10.75,127,138
2021-08-27 20:00:00,Jul-Aug,20,0.24166195787331377,2.6900984353893413,2.386239926039309,3.0,108,111
2021-08-27 21:00:00,Jul-Aug,21,0.2728105884114677,7.597008670303557,4.590925413824635,8.25,107,115
2021-08-27 22:00:00,Jul-Aug,22,0.15086130414373186,10.122477261781052,1.6197198108008308,9.25,96,105
2021-08-27 23:00:00,Jul-Aug,23,0.2723955833330909,14.193962265666245,2.6148450734366406,10.75,102,113
2021-08-28 00:00:00,Jul-Aug,0,-0.40302760312542374,3.6540286678384715,3.219069064314695,3.0,72,75
2021-08-28 01:00:00,Jul-Aug,1,0.2662437878897846,6.663804464647231,0.9694162839434881,6.75,104,111
2021-08-28 02:00:00,Jul-Aug,2,0.276857561906749,7.73936813519698,8.357669886339181,8.5,111,119
2021-08-28 03:00:00,Jul-Aug,3,0.07492145951443199,7.267798914017444,9.996666814981694,6.75,102,109
2021-08-28 04:00:00,Jul-Aug,4,0.17338399121994819,6.957772985596035,2.3215790494446793,4.5,103,107
2021-08-28 05:00:00,Jul-Aug,5,-0.046383920535844766,13.108591566162625,14.921388278029283,20.25,87,107
2021-08-28 06:00:00,Jul-Aug,6,-0.000621692175833613,7.845385670635168,8.316920152935552,5.0,98,103
2021-08-28 07:00:00,Jul-Aug,7,-0.732162656183197,28.46597992970011,40.951149761877005,27.75,66,94
2021-08-28 08:00:00,Jul-Aug,8,-1.032847236102089,0.5491288879284765,-0.07863727027307732,0.75,35,36
2021-08-28 09:00:00,Jul-Aug,9,-1.016758702500181,0.6379048798491062,-0.9192485606710861,0.0,36,36
2021-08-28 10:00:00,Jul-Aug,10,-0.9425381234390997,2.9329372031744714,-0.07574013388495615,2.75,38,41
2021-08-28 11:00:00,Jul-Aug,11,-0.9737719319104765,2.2470541755560007,-0.2981287389803313,2.0,37,39
2021-08-28 12:00:00,Jul-Aug,12,-0.9818744559195383,0.5786724479096308,-0.8369893611424999,0.0,38,38
2021-08-28 13:00:00,Jul-Aug,13,-0.9931310452958508,1.4220980138877262,2.8036575059032813,2.75,38,41
2021-08-28 14:00:00,Jul-Aug,14,-0.9962318785684351,1.594266175926292,2.980135394089615,3.0,38,41
2021-08-28 15:00:00,Jul-Aug,15,-0.9840852625543494,0.9361313245458956,-0.711165606105638,0.5,38,38
2021-08-28 16:00:00,Jul-Aug,16,-0.7638008776027778,6.797109754518006,0.7517775323105198,6.25,46,52
2021-08-28 17:00:00,Jul-Aug,17,-1.5494050179623584,26.10526420373689,37.91103837817714,25.0,22,47
2021-08-28 18:00:00,Jul-Aug,18,-1.6446751409517515,2.168649131711144,-4.1111840937955435,0.0,0,0
2021-08-28 19:00:00,Jul-Aug,19,-1.6446751409517515,2.168649131711144,-4.1111840937955435,0.0,0,0
2021-08-28 20:00:00,Jul-Aug,20,-1.6446751409517515,2.168649131711144,-4.1111840937955435,0.0,0,0
2021-08-28 21:00:00,Jul-Aug,21,-1.6446751409517515,2.168649131711144,-4.1111840937955435,0.0,0,0
2021-08-28 22:00:00,Jul-Aug,22,-1.6446751409517515,2.168649131711144,-4.1111840937955435,0.0,0,0
2021-08-28 23:00:00,Jul-Aug,23,-1.6446751409517515,2.168649131711144,-4.1111840937955435,0.0,0,0
2021-08-29 00:00:00,Jul-Aug,0,-1.6446751409517515,2.168649131711144,-4.1111840937955435,0.0,0,0
2021-08-29 01:00:00,Jul-Aug,1,-1.6446751409517515,2.168649131711144,-4.1111840937955435,0.0,0,0
2021-08-29 02:00:00,Jul-Aug,2,-1.6446751409517515,2.168649131711144,-4.1111840937955435,0.0,0,0
2021-08-29 03:00:00,Jul-Aug,3,-1.6446751409517515,2.168649131711144,-4.1111840937955435,0.0,0,0
2021-08-29 04:00:00,Jul-Aug,4,-1.6446751409517515,2.168649131711144,-4.1111840937955435,0.0,0,0
2021-08-29 05:00:00,Jul-Aug,5,-1.6446751409517515,2.168649131711144,-4.1111840937955435,0.0,0,0
2021-08-29 06:00:00,Jul-Aug,6,-1.6446751409517515,2.168649131711144,-4.1111840937955435,0.0,0,0
2021-08-29 07:00:00,Jul-Aug,7,-1.6446751409517515,2.168649131711144,-4.1111840937955435,0.0,0,0
2021-08-29 08:00:00,Jul-Aug,8,-1.6446751409517515,2.168649131711144,-4.1111840937955435,0.0,0,0
2021-08-29 09:00:00,Jul-Aug,9,-1.6446751409517515,2.168649131711144,-4.1111840937955435,0.0,0,0
2021-08-29 10:00:00,Jul-Aug,10,-1.6446751409517515,2.168649131711144,-4.1111840937955435,0.0,0,0
2021-08-29 11:00:00,Jul-Aug,11,-1.0418485930904404,25.48988703264944,5.39167546925551,24.5,17,41
2021-08-29 12:00:00,Jul-Aug,12,-1.2766761179622061,1.7583502624772704,-0.3387993155929223,1.5,22,23
2021-08-29 13:00:00,Jul-Aug,13,-1.3132747984356448,1.3143599205703467,-2.4265514513131876,0.0,19,19
2021-08-29 14:00:00,Jul-Aug,14,-1.2630731934134496,1.780211763424851,-2.0495397871024466,0.5,22,22
2021-08-29 15:00:00,Jul-Aug,15,-1.278390551855002,1.2273577323805105,-2.2492216994729546,0.0,21,21
2021-08-29 16:00:00,Jul-Aug,16,-1.2756833724781758,1.2893928371728969,-0.39066936683667564,1.5,22,23
2021-08-29 17:00:00,Jul-Aug,17,-1.1926195668778499,1.0808666141892704,-1.7306778808990018,0.25,26,26
2021-08-29 18:00:00,Jul-Aug,18,-1.227914144414466,2.0286115047465567,-0.8865682124088607,1.25,24,25
2021-08-29 19:00:00,Jul-Aug,19,-1.2805153167037713,1.8205482733218596,-2.138204663022563,0.5,21,21
2021-08-29 20:00:00,Jul-Aug,20,-1.2958326751453233,1.2707408212941096,-2.337886575393071,0.0,20,20
2021-08-29 21:00:00,Jul-Aug,21,-1.2944790854569104,1.215040426335739,-1.4086104090749245,0.75,20,21
2021-08-29 22:00:00,Jul-Aug,22,-1.2484409683462119,3.0804211619283244,-0.8140602772548817,2.25,22,24
2021-08-29 23:00:00,Jul-Aug,23,-1.2841657548130374,2.3403102032772365,-1.9474725823073697,1.25,20,21
2021-08-30 00:00:00,Jul-Aug,0,-1.2958326751453233,1.2707408212941096,-2.337886575393071,0.0,20,20
2021-08-30 01:00:00,Jul-Aug,1,-1.291771906080084,1.5818821735928175,0.44994192356135443,2.25,21,23
2021-08-30 02:00:00,Jul-Aug,2,-1.291308343029444,0.9831331588305406,1.4257211745595129,2.75,21,24
2021-08-30 03:00:00,Jul-Aug,3,-1.3096243603263786,1.2657695851279809,-0.6172835320283951,1.25,20,21
2021-08-30 04:00:00,Jul-Aug,4,-1.2980434817801345,1.7568943636434748,-2.2223739336512125,0.5,20,20
2021-08-30 05:00:00,Jul-Aug,5,-1.3111500335868755,0.7956624193795148,-1.5375684877635791,0.5,20,20
2021-08-30 06:00:00,Jul-Aug,6,-1.292661932717857,1.3450881984361138,1.4964450082413663,3.0,21,24
2021-08-30 07:00:00,Jul-Aug,7,-0.6405319991403515,19.90656923130814,21.73616932709497,28.5,52,80
2021-08-30 08:00:00,Jul-Aug,8,1.413891249561037,16.06768175452144,6.822426601011614,16.0,167,183
2021-08-30 09:00:00,Jul-Aug,9,1.4450883436529818,7.679135931637058,2.02431879355629,10.25,170,180
2021-08-30 10:00:00,Jul-Aug,10,1.537819013613228,12.011032442094095,2.6795985079213835,14.75,171,186
2021-08-30 11:00:00,Jul-Aug,11,1.2175545237373597,13.600321587715438,15.138692101679453,8.75,171,180
2021-08-30 12:00:00,Jul-Aug,12,0.11287542788995814,21.866109948482354,32.809112850538384,19.75,114,134
2021-08-30 13:00:00,Jul-Aug,13,1.3172679262850318,7.642047081459969,6.391507857516245,5.5,172,177
2021-08-30 14:00:00,Jul-Aug,14,1.3783957491093302,2.2338606303896413,-0.13171822082210838,3.25,171,174
2021-08-30 15:00:00,Jul-Aug,15,1.3409947145455619,14.973101060224737,5.02396628164513,17.5,160,177
2021-08-30 16:00:00,Jul-Aug,16,1.2701510219042613,9.203621557395236,6.1071862274469595,4.0,170,174
2021-08-30 17:00:00,Jul-Aug,17,0.8639095606119457,19.415471333111885,27.521736990056894,32.25,140,172
2021-08-30 18:00:00,Jul-Aug,18,1.230210059860328,9.355527543726561,6.409264602977942,4.5,168,172
2021-08-30 19:00:00,Jul-Aug,19,0.7290748499020886,19.434077343700295,25.29320908065685,18.5,144,162
2021-08-30 20:00:00,Jul-Aug,20,0.6418846533280088,3.426318949019781,0.31859294273570526,4.5,128,132
2021-08-30 21:00:00,Jul-Aug,21,0.5284005324316285,10.173112118179361,9.859480475548253,6.0,129,135
2021-08-30 22:00:00,Jul-Aug,22,0.4717267456922915,6.51415933307815,1.1259891482380766,7.5,116,123
2021-08-30 23:00:00,Jul-Aug,23,0.24507001890534225,11.583937009427729,6.189809414533528,9.75,105,115
2021-08-31 00:00:00,Jul-Aug,0,-0.3995492485882413,3.749093176516538,4.021105288412059,3.25,73,76
2021-08-31 01:00:00,Jul-Aug,1,0.27282352012860656,3.2632592556320668,0.5901800680727973,4.75,106,111
2021-08-31 02:00:00,Jul-Aug,2,0.2245812232164306,7.177111205426329,6.370722719632056,5.75,108,114
2021-08-31 03:00:00,Jul-Aug,3,0.1582511036385633,4.46939342015222,3.1937937252486392,6.5,101,107
2021-08-31 04:00:00,Jul-Aug,4,0.24827824514658728,7.017834960407728,5.004896786598891,3.75,110,114
2021-08-31 05:00:00,Jul-Aug,5,0.006527745353433676,12.120245931420262,18.910023836374265,21.0,93,114
2021-08-31 06:00:00,Jul-Aug,6,0.3119106911454546,4.450402881807321,1.3373116704715642,1.25,113,114
2021-08-31 07:00:00,Jul-Aug,7,0.7763308637670587,21.517322831518086,4.569512853393235,20.75,123,144
2021-08-31 08:00:00,Jul-Aug,8,1.37387228084627,9.056082883325232,3.1290010492680267,10.0,167,177
2021-08-31 09:00:00,Jul-Aug,9,1.3855512690428755,8.318398124190137,10.455858871422777,16.25,169,185
2021-08-31 10:00:00,Jul-Aug,10,1.524819854775148,8.308745465115152,4.428831398914838,11.0,176,187
2021-08-31 11:00:00,Jul-Aug,11,1.1463594908975414,16.120864282746382,21.242162252585814,17.25,165,182
2021-08-31 12:00:00,Jul-Aug,12,0.25978514977110917,13.867427526809834,25.341672994536196,23.0,112,135
2021-08-31 13:00:00,Jul-Aug,13,1.4086918368234898,6.672032651629094,8.122105302175612,10.25,174,184
2021-08-31 14:00:00,Jul-Aug,14,1.5764595236449432,8.062910854399128,1.4524743223382757,5.0,182,187
2021-08-31 15:00:00,Jul-Aug,15,1.2733925348136643,12.876665518918996,1.9203550548644444,12.75,157,170
2021-08-31 16:00:00,Jul-Aug,16,1.2010380533399359,15.20393166103847,16.090652379956765,13.5,167,180
2021-08-31 17:00:00,Jul-Aug,17,0.6497735451843678,11.941599457037976,6.863900656419446,13.75,125,139
2021-08-31 18:00:00,Jul-Aug,18,1.1325430286145548,9.585223582811293,2.0385020856879237,6.5,156,162
2021-08-31 19:00:00,Jul-Aug,19,0.9968909824420631,5.939232925074317,1.857082963803208,6.5,148,154
2021-08-31 20:00:00,Jul-Aug,20,0.9837214677375372,7.348461669790048,0.6161346607597977,4.75,147,152
2021-08-31 21:00:00,Jul-Aug,21,0.649305469882069,4.238048333262691,-0.10912087394939363,1.5,131,132
2021-08-31 22:00:00,Jul-Aug,22,0.5362895187064598,8.3956999451589,1.404782747231792,8.25,119,127
2021-08-31 23:00:00,Jul-Aug,23,0.39195948025394645,11.585823235070647,10.723537315427194,15.75,112,128
