timestamp,sustained_onset,variant,actual,prediction
2021-07-01 00:00:00,0.0,B0,69,65.07508853408567
2021-07-01 01:00:00,0.0,B0,115,115.25106793403796
2021-07-01 02:00:00,0.0,B0,116,113.16792712512249
2021-07-01 03:00:00,0.0,B0,112,117.58957821199937
2021-07-01 04:00:00,0.0,B0,111,113.80824367566755
2021-07-01 05:00:00,0.0,B0,114,106.64839722040297
2021-07-01 06:00:00,0.0,B0,115,118.66760217295645
2021-07-01 07:00:00,0.0,B0,148,149.40693910588965
2021-07-01 08:00:00,0.0,B0,194,177.29876271383395
2021-07-01 09:00:00,0.0,B0,184,184.8496958814727
2021-07-01 10:00:00,0.0,B0,185,180.2093104499986
2021-07-01 11:00:00,0.0,B0,190,183.33407088046584
2021-07-01 12:00:00,0.0,B0,115,131.20450994001234
2021-07-01 13:00:00,0.0,B0,206,181.88201738326921
2021-07-01 14:00:00,0.0,B0,192,188.32651032628345
2021-07-01 15:00:00,0.0,B0,197,185.84266023248523
2021-07-01 16:00:00,0.0,B0,188,181.3520757169026
2021-07-01 17:00:00,0.0,B0,160,169.29611027382708
2021-07-01 18:00:00,0.0,B0,164,167.12306984699003
2021-07-01 19:00:00,0.0,B0,171,155.97133730792154
2021-07-01 20:00:00,0.0,B0,147,144.07703600552873
2021-07-01 21:00:00,0.0,B0,141,141.05056650823252
2021-07-01 22:00:00,0.0,B0,122,138.3779730090462
2021-07-01 23:00:00,0.0,B0,124,121.94520415120233
2021-07-02 00:00:00,0.0,B0,69,68.57583296906867
2021-07-02 01:00:00,0.0,B0,115,113.30446109767696
2021-07-02 02:00:00,0.0,B0,121,113.75643968979794
2021-07-02 03:00:00,0.0,B0,115,119.29992211260992
2021-07-02 04:00:00,0.0,B0,110,115.24876693427949
2021-07-02 05:00:00,0.0,B0,120,108.59570025213958
2021-07-02 06:00:00,0.0,B0,117,121.45528104260201
2021-07-02 07:00:00,0.0,B0,143,145.7932118586992
2021-07-02 08:00:00,0.0,B0,173,173.80605578134353
2021-07-02 09:00:00,0.0,B0,187,171.22245625709695
2021-07-02 10:00:00,0.0,B0,179,174.8803239412685
2021-07-02 11:00:00,0.0,B0,186,178.4282362100002
2021-07-02 12:00:00,0.0,B0,117,125.23222474555969
2021-07-02 13:00:00,0.0,B0,178,177.8712401057805
2021-07-02 14:00:00,0.0,B0,183,175.45668159336563
2021-07-02 15:00:00,0.0,B0,160,178.05404238620073
2021-07-02 16:00:00,0.0,B0,164,167.74899159446352
2021-07-02 17:00:00,0.0,B0,175,156.28158908320165
2021-07-02 18:00:00,0.0,B0,169,163.81124979339558
2021-07-02 19:00:00,0.0,B0,149,147.8102454649654
2021-07-02 20:00:00,0.0,B0,130,122.6825692310274
2021-07-02 21:00:00,0.0,B0,121,122.5905162559421
2021-07-02 22:00:00,0.0,B0,117,121.18494306349834
2021-07-02 23:00:00,0.0,B0,103,116.01814516204178
2021-07-03 00:00:00,0.0,B0,76,66.35215285403538
2021-07-03 01:00:00,0.0,B0,110,112.08535531322482
2021-07-03 02:00:00,0.0,B0,107,111.08909858020057
2021-07-03 03:00:00,0.0,B0,108,108.12251205108727
2021-07-03 04:00:00,0.0,B0,112,109.28520396816054
2021-07-03 05:00:00,0.0,B0,105,105.66021796984684
2021-07-03 06:00:00,0.0,B0,105,110.06742871061388
2021-07-03 07:00:00,-1.0,B0,83,92.56300104772909
2021-07-03 08:00:00,0.0,B0,23,27.194956671700798
2021-07-03 09:00:00,0.0,B0,27,23.074645612112533
2021-07-03 10:00:00,0.0,B0,23,23.333958431016782
2021-07-03 11:00:00,0.0,B0,23,23.066126494235807
2021-07-03 12:00:00,0.0,B0,27,24.234096817770926
2021-07-03 13:00:00,0.0,B0,22,24.60193763722778
2021-07-03 14:00:00,0.0,B0,23,23.274632897272355
2021-07-03 15:00:00,0.0,B0,25,24.55637818046956
2021-07-03 16:00:00,0.0,B0,26,24.743155836645
2021-07-03 17:00:00,0.0,B0,22,24.406726673033496
2021-07-03 18:00:00,0.0,B0,23,23.016463050203424
2021-07-03 19:00:00,0.0,B0,27,24.144393992187425
2021-07-03 20:00:00,0.0,B0,23,23.67712795397238
2021-07-03 21:00:00,0.0,B0,23,22.862648708990218
2021-07-03 22:00:00,0.0,B0,27,24.45690601638008
2021-07-03 23:00:00,0.0,B0,23,23.56118702315624
2021-07-04 00:00:00,0.0,B0,23,22.865811858625015
2021-07-04 01:00:00,0.0,B0,27,23.898708424696945
2021-07-04 02:00:00,0.0,B0,24,23.529393505293903
2021-07-04 03:00:00,0.0,B0,23,23.057561552878912
2021-07-04 04:00:00,0.0,B0,23,24.200382084021772
2021-07-04 05:00:00,0.0,B0,27,21.948508880022953
2021-07-04 06:00:00,0.0,B0,23,27.142270995937736
2021-07-04 07:00:00,0.0,B0,23,37.56207559893091
2021-07-04 08:00:00,0.0,B0,28,39.08561409985027
2021-07-04 09:00:00,0.0,B0,22,24.506115272376647
2021-07-04 10:00:00,0.0,B0,23,23.0637852337732
2021-07-04 11:00:00,0.0,B0,28,25.206988890944523
2021-07-04 12:00:00,0.0,B0,24,23.025308965745246
2021-07-04 13:00:00,0.0,B0,24,23.949951978403526
2021-07-04 14:00:00,0.0,B0,27,25.188269276671093
2021-07-04 15:00:00,0.0,B0,27,25.405362235297137
2021-07-04 16:00:00,0.0,B0,25,23.958471096280253
2021-07-04 17:00:00,0.0,B0,22,24.146161947465647
2021-07-04 18:00:00,0.0,B0,27,24.472274922592245
2021-07-04 19:00:00,0.0,B0,23,23.688875258726448
2021-07-04 20:00:00,0.0,B0,23,22.858217884335293
2021-07-04 21:00:00,0.0,B0,28,24.317545077068825
2021-07-04 22:00:00,0.0,B0,24,22.671108098062806
2021-07-04 23:00:00,0.0,B0,23,23.552916461682525
2021-07-05 00:00:00,0.0,B0,28,31.93223269383461
2021-07-05 01:00:00,0.0,B0,23,25.048181500614838
2021-07-05 02:00:00,0.0,B0,23,23.65451508033511
2021-07-05 03:00:00,0.0,B0,25,24.892119721016755
2021-07-05 04:00:00,0.0,B0,27,25.03449074222253
2021-07-05 05:00:00,0.0,B0,23,31.60129442645065
2021-07-05 06:00:00,0.0,B0,23,33.666747885080085
2021-07-05 07:00:00,0.0,B0,104,85.76800438799464
2021-07-05 08:00:00,1.0,B0,183,189.0497057905741
2021-07-05 09:00:00,0.0,B0,175,176.47919117498046
2021-07-05 10:00:00,0.0,B0,185,176.5179691998048
2021-07-05 11:00:00,0.0,B0,185,179.7672284337631
2021-07-05 12:00:00,0.0,B0,116,127.30993605913275
2021-07-05 13:00:00,0.0,B0,181,175.99106494962368
2021-07-05 14:00:00,0.0,B0,170,174.9584411068655
2021-07-05 15:00:00,0.0,B0,183,172.19148987110742
2021-07-05 16:00:00,0.0,B0,173,172.37169381418516
2021-07-05 17:00:00,0.0,B0,140,157.61041015054593
2021-07-05 18:00:00,0.0,B0,163,150.77428690050255
2021-07-05 19:00:00,0.0,B0,153,157.13879951871868
2021-07-05 20:00:00,0.0,B0,130,123.14703051380971
2021-07-05 21:00:00,0.0,B0,124,126.05263278213117
2021-07-05 22:00:00,0.0,B0,115,117.44332477419653
2021-07-05 23:00:00,0.0,B0,116,114.51007019337125
2021-07-06 00:00:00,0.0,B0,68,66.76574393557227
2021-07-06 01:00:00,0.0,B0,111,113.96195185271536
2021-07-06 02:00:00,0.0,B0,110,110.31232245116058
2021-07-06 03:00:00,0.0,B0,116,103.0144774314296
2021-07-06 04:00:00,0.0,B0,112,114.67839587509445
2021-07-06 05:00:00,0.0,B0,110,112.93081363496796
2021-07-06 06:00:00,0.0,B0,105,113.06524846749613
2021-07-06 07:00:00,0.0,B0,145,130.67390463376876
2021-07-06 08:00:00,0.0,B0,193,177.45601933888548
2021-07-06 09:00:00,0.0,B0,185,185.3052773494277
2021-07-06 10:00:00,0.0,B0,176,181.74014585137726
2021-07-06 11:00:00,0.0,B0,182,183.25367662725318
2021-07-06 12:00:00,0.0,B0,132,128.0859274695482
2021-07-06 13:00:00,0.0,B0,170,174.21110617161634
2021-07-06 14:00:00,0.0,B0,185,163.6967197482169
2021-07-06 15:00:00,0.0,B0,173,177.22100578862035
2021-07-06 16:00:00,0.0,B0,177,173.00920670184206
2021-07-06 17:00:00,0.0,B0,148,164.57305428396575
2021-07-06 18:00:00,0.0,B0,161,164.541516905634
2021-07-06 19:00:00,0.0,B0,157,149.44082886831706
2021-07-06 20:00:00,0.0,B0,138,140.96573009739717
2021-07-06 21:00:00,0.0,B0,132,127.27384499330775
2021-07-06 22:00:00,0.0,B0,115,127.39830218057512
2021-07-06 23:00:00,0.0,B0,114,116.32972406550647
2021-07-07 00:00:00,0.0,B0,89,74.64461354907289
2021-07-07 01:00:00,0.0,B0,112,113.91375705620153
2021-07-07 02:00:00,0.0,B0,107,112.81661043677931
2021-07-07 03:00:00,0.0,B0,115,109.0310063359485
2021-07-07 04:00:00,0.0,B0,108,111.08555352016606
2021-07-07 05:00:00,0.0,B0,101,110.3527495780702
2021-07-07 06:00:00,0.0,B0,106,110.16380478336761
2021-07-07 07:00:00,0.0,B0,145,131.1812882106047
2021-07-07 08:00:00,0.0,B0,203,177.81032236995696
2021-07-07 09:00:00,0.0,B0,187,186.4844683005134
2021-07-07 10:00:00,0.0,B0,186,181.01075440838912
2021-07-07 11:00:00,0.0,B0,183,181.08559163489042
2021-07-07 12:00:00,0.0,B0,131,131.22861874311073
2021-07-07 13:00:00,0.0,B0,185,181.06398511074045
2021-07-07 14:00:00,0.0,B0,185,178.5146172613781
2021-07-07 15:00:00,0.0,B0,176,179.8140821182875
2021-07-07 16:00:00,0.0,B0,181,175.58634451515312
2021-07-07 17:00:00,0.0,B0,179,165.37535438695937
2021-07-07 18:00:00,0.0,B0,173,175.0072566577138
2021-07-07 19:00:00,0.0,B0,169,161.23124728076678
2021-07-07 20:00:00,0.0,B0,127,129.22123056237626
2021-07-07 21:00:00,0.0,B0,120,118.522314456611
2021-07-07 22:00:00,0.0,B0,113,120.2725578864382
2021-07-07 23:00:00,0.0,B0,110,114.95111259268178
2021-07-08 00:00:00,0.0,B0,78,74.13457045586091
2021-07-08 01:00:00,0.0,B0,104,115.32202294602271
2021-07-08 02:00:00,0.0,B0,110,107.8254925253288
2021-07-08 03:00:00,0.0,B0,115,106.43166709909376
2021-07-08 04:00:00,0.0,B0,109,110.77598168335055
2021-07-08 05:00:00,0.0,B0,107,110.3527495780702
2021-07-08 06:00:00,0.0,B0,115,113.13488849065283
2021-07-08 07:00:00,0.0,B0,146,147.0842732305497
2021-07-08 08:00:00,0.0,B0,187,177.6299021139805
2021-07-08 09:00:00,0.0,B0,186,177.7345969958623
2021-07-08 10:00:00,0.0,B0,201,177.76101246024345
2021-07-08 11:00:00,0.0,B0,192,188.710576958105
2021-07-08 12:00:00,0.0,B0,131,133.63141416586942
2021-07-08 13:00:00,0.0,B0,201,188.15253423532548
2021-07-08 14:00:00,0.0,B0,200,187.70249180164097
2021-07-08 15:00:00,0.0,B0,184,186.49815262132094
2021-07-08 16:00:00,0.0,B0,186,175.66169915448455
2021-07-08 17:00:00,-1.0,B0,155,155.0059382830104
2021-07-08 18:00:00,0.0,B0,155,170.1247193666414
2021-07-08 19:00:00,0.0,B0,153,146.0189962291088
2021-07-08 20:00:00,0.0,B0,132,140.47096438745965
2021-07-08 21:00:00,0.0,B0,128,125.66308585215343
2021-07-08 22:00:00,0.0,B0,118,122.3368773085468
2021-07-08 23:00:00,0.0,B0,119,119.53861882060679
2021-07-09 00:00:00,0.0,B0,78,75.00630735367031
2021-07-09 01:00:00,0.0,B0,105,116.32377208438605
2021-07-09 02:00:00,0.0,B0,114,110.15434441270254
2021-07-09 03:00:00,0.0,B0,109,110.86557714674001
2021-07-09 04:00:00,0.0,B0,106,109.56129150546867
2021-07-09 05:00:00,0.0,B0,105,106.75581527641361
2021-07-09 06:00:00,0.0,B0,125,110.97031563590473
2021-07-09 07:00:00,0.0,B0,156,145.74211250503308
2021-07-09 08:00:00,0.0,B0,188,179.44077102723745
2021-07-09 09:00:00,0.0,B0,168,179.7586283146316
2021-07-09 10:00:00,0.0,B0,176,175.1349446861224
2021-07-09 11:00:00,0.0,B0,176,174.75905429018576
2021-07-09 12:00:00,0.0,B0,112,129.20333736406263
2021-07-09 13:00:00,0.0,B0,186,171.78798277719343
2021-07-09 14:00:00,0.0,B0,192,174.73994889484473
2021-07-09 15:00:00,0.0,B0,188,185.21209730147862
2021-07-09 16:00:00,0.0,B0,176,179.04871120924037
2021-07-09 17:00:00,0.0,B0,165,166.71880047791933
2021-07-09 18:00:00,0.0,B0,174,165.4533395104332
2021-07-09 19:00:00,0.0,B0,140,159.03994870475518
2021-07-09 20:00:00,0.0,B0,111,124.34678659862814
2021-07-09 21:00:00,0.0,B0,109,113.19857800698925
2021-07-09 22:00:00,0.0,B0,111,109.96512416571979
2021-07-09 23:00:00,0.0,B0,106,107.54663060552404
2021-07-10 00:00:00,0.0,B0,70,70.46581521698785
2021-07-10 01:00:00,0.0,B0,102,110.84730665134177
2021-07-10 02:00:00,0.0,B0,100,105.50902926998816
2021-07-10 03:00:00,0.0,B0,106,102.71768345962312
2021-07-10 04:00:00,0.0,B0,106,108.31329287232911
2021-07-10 05:00:00,0.0,B0,97,104.95749990286002
2021-07-10 06:00:00,0.0,B0,104,105.0224785061621
2021-07-10 07:00:00,0.0,B0,105,93.60413965408324
2021-07-10 08:00:00,-1.0,B0,27,27.599321677626786
2021-07-10 09:00:00,0.0,B0,27,24.655003854821306
2021-07-10 10:00:00,0.0,B0,32,24.617450573324227
2021-07-10 11:00:00,0.0,B0,31,24.33037465858102
2021-07-10 12:00:00,0.0,B0,26,24.03901778938261
2021-07-10 13:00:00,0.0,B0,28,23.833423917835262
2021-07-10 14:00:00,0.0,B0,23,23.648934433456937
2021-07-10 15:00:00,0.0,B0,25,23.274632897272355
2021-07-10 16:00:00,0.0,B0,27,24.470398725447087
2021-07-10 17:00:00,0.0,B0,23,24.01439703783267
2021-07-10 18:00:00,0.0,B0,22,22.914866778467523
2021-07-10 19:00:00,0.0,B0,26,24.32197590172375
2021-07-10 20:00:00,0.0,B0,23,23.67712795397238
2021-07-10 21:00:00,0.0,B0,23,22.862648708990218
2021-07-10 22:00:00,0.0,B0,26,24.144393992187425
2021-07-10 23:00:00,0.0,B0,23,23.071814922418064
2021-07-11 00:00:00,0.0,B0,23,22.865811858625015
2021-07-11 01:00:00,0.0,B0,27,23.898708424696945
2021-07-11 02:00:00,0.0,B0,23,24.176384690797505
2021-07-11 03:00:00,0.0,B0,24,22.65823059917547
2021-07-11 04:00:00,0.0,B0,24,24.3812061222755
2021-07-11 05:00:00,0.0,B0,27,27.357531897099594
2021-07-11 06:00:00,0.0,B0,22,25.166000768040988
2021-07-11 07:00:00,0.0,B0,22,48.96435792668741
2021-07-11 08:00:00,0.0,B0,27,41.180529316078754
2021-07-11 09:00:00,0.0,B0,22,26.125770708910924
2021-07-11 10:00:00,0.0,B0,23,23.42924783814893
2021-07-11 11:00:00,0.0,B0,28,24.980743145793536
2021-07-11 12:00:00,0.0,B0,24,23.2268075748453
2021-07-11 13:00:00,0.0,B0,24,23.654584354759734
2021-07-11 14:00:00,0.0,B0,28,25.188269276671093
2021-07-11 15:00:00,0.0,B0,24,25.889660313451788
2021-07-11 16:00:00,0.0,B0,26,24.084285500938112
2021-07-11 17:00:00,0.0,B0,26,24.694138655349686
2021-07-11 18:00:00,0.0,B0,26,24.19859681479287
2021-07-11 19:00:00,0.0,B0,23,23.623011442414466
2021-07-11 20:00:00,0.0,B0,23,22.959814156071193
2021-07-11 21:00:00,0.0,B0,28,24.452475191725156
2021-07-11 22:00:00,0.0,B0,24,23.321116212482533
2021-07-11 23:00:00,0.0,B0,23,23.552916461682525
2021-07-12 00:00:00,0.0,B0,26,31.93223269383461
2021-07-12 01:00:00,0.0,B0,23,24.856826381233486
2021-07-12 02:00:00,0.0,B0,23,23.65451508033511
2021-07-12 03:00:00,0.0,B0,27,24.741930721158695
2021-07-12 04:00:00,0.0,B0,23,24.414173097968384
2021-07-12 05:00:00,0.0,B0,23,27.554173024819203
2021-07-12 06:00:00,0.0,B0,25,38.63525926707856
2021-07-12 07:00:00,0.0,B0,123,87.25248484165654
2021-07-12 08:00:00,1.0,B0,198,181.12941754825357
2021-07-12 09:00:00,0.0,B0,195,189.1814563754962
2021-07-12 10:00:00,0.0,B0,186,186.76017558321536
2021-07-12 11:00:00,0.0,B0,188,183.03389785404644
2021-07-12 12:00:00,0.0,B0,134,131.98430471331048
2021-07-12 13:00:00,0.0,B0,178,177.28007022921696
2021-07-12 14:00:00,0.0,B0,190,175.8671682149067
2021-07-12 15:00:00,0.0,B0,188,181.33537837071185
2021-07-12 16:00:00,0.0,B0,177,177.3738931957971
2021-07-12 17:00:00,0.0,B0,173,168.6941767597738
2021-07-12 18:00:00,0.0,B0,164,169.7517415001274
2021-07-12 19:00:00,0.0,B0,175,151.0718765992283
2021-07-12 20:00:00,0.0,B0,136,128.81472719435908
2021-07-12 21:00:00,0.0,B0,133,126.31216624249083
2021-07-12 22:00:00,,B0,125,117.59291335828615
2021-07-12 23:00:00,,B0,115,119.66516514449569
2021-07-17 00:00:00,0.0,B0,66,64.19978512484519
2021-07-17 01:00:00,0.0,B0,110,114.97733221010508
2021-07-17 02:00:00,0.0,B0,105,106.68237777161171
2021-07-17 03:00:00,0.0,B0,102,105.07760699302709
2021-07-17 04:00:00,0.0,B0,103,106.86188203678518
2021-07-17 05:00:00,0.0,B0,108,105.16575854173144
2021-07-17 06:00:00,0.0,B0,96,110.0779107103412
2021-07-17 07:00:00,0.0,B0,88,92.65438732670923
2021-07-17 08:00:00,0.0,B0,27,27.073848484331553
2021-07-17 09:00:00,0.0,B0,24,23.448947148297115
2021-07-17 10:00:00,0.0,B0,24,23.88429821577829
2021-07-17 11:00:00,0.0,B0,27,25.660612539253076
2021-07-17 12:00:00,0.0,B0,26,24.667801411528707
2021-07-17 13:00:00,0.0,B0,24,23.771547471307727
2021-07-17 14:00:00,0.0,B0,24,23.953153345210595
2021-07-17 15:00:00,0.0,B0,28,25.182951525601435
2021-07-17 16:00:00,0.0,B0,24,24.27771805560303
2021-07-17 17:00:00,0.0,B0,23,23.657785721566803
2021-07-17 18:00:00,0.0,B0,27,24.353992653787213
2021-07-17 19:00:00,0.0,B0,23,23.071814922418064
2021-07-17 20:00:00,0.0,B0,23,23.33758587042678
2021-07-17 21:00:00,0.0,B0,24,24.472164901581813
2021-07-17 22:00:00,0.0,B0,28,24.002967644321824
2021-07-17 23:00:00,0.0,B0,24,23.83164232760116
2021-07-18 00:00:00,0.0,B0,24,24.409555586903114
2021-07-18 01:00:00,0.0,B0,28,25.550327137825807
2021-07-18 02:00:00,0.0,B0,24,23.528701381013978
2021-07-18 03:00:00,0.0,B0,24,24.070530925039524
2021-07-18 04:00:00,0.0,B0,28,24.685752966440155
2021-07-18 05:00:00,0.0,B0,22,24.791200955258333
2021-07-18 06:00:00,0.0,B0,23,21.035665443372025
2021-07-18 07:00:00,0.0,B0,28,49.66978811771583
2021-07-18 08:00:00,0.0,B0,24,40.63427441387454
2021-07-18 09:00:00,0.0,B0,23,24.47608555963725
2021-07-18 10:00:00,0.0,B0,23,25.66401568721764
2021-07-18 11:00:00,0.0,B0,27,25.200760725318194
2021-07-18 12:00:00,0.0,B0,23,22.96343251921771
2021-07-18 13:00:00,0.0,B0,23,23.730190562492854
2021-07-18 14:00:00,0.0,B0,27,24.796969615812323
2021-07-18 15:00:00,0.0,B0,26,23.767842635617328
2021-07-18 16:00:00,0.0,B0,23,23.40243406909882
2021-07-18 17:00:00,0.0,B0,27,23.662390584657288
2021-07-18 18:00:00,0.0,B0,25,24.596943044949562
2021-07-18 19:00:00,0.0,B0,23,23.552916461682525
2021-07-18 20:00:00,0.0,B0,23,24.90142356823591
2021-07-18 21:00:00,0.0,B0,28,24.467734076926888
2021-07-18 22:00:00,0.0,B0,24,23.057741156854945
2021-07-18 23:00:00,0.0,B0,23,23.678730866340384
2021-07-19 00:00:00,0.0,B0,28,32.65422832352273
2021-07-19 01:00:00,0.0,B0,24,24.729842024966874
2021-07-19 02:00:00,0.0,B0,24,23.950595591958074
2021-07-19 03:00:00,0.0,B0,24,26.031002540990478
2021-07-19 04:00:00,0.0,B0,27,25.283419381875525
2021-07-19 05:00:00,0.0,B0,23,28.151687114862906
2021-07-19 06:00:00,0.0,B0,23,38.13521996986849
2021-07-19 07:00:00,0.0,B0,119,90.27719091558026
2021-07-19 08:00:00,1.0,B0,200,180.9444589980465
2021-07-19 09:00:00,0.0,B0,185,187.5887272760954
2021-07-19 10:00:00,0.0,B0,209,181.80303046066254
2021-07-19 11:00:00,0.0,B0,222,188.8880312964753
2021-07-19 12:00:00,0.0,B0,134,135.8960435339561
2021-07-19 13:00:00,0.0,B0,193,186.77530623803398
2021-07-19 14:00:00,0.0,B0,190,183.36273585339762
2021-07-19 15:00:00,0.0,B0,201,182.52902359578968
2021-07-19 16:00:00,0.0,B0,187,184.95438157976457
2021-07-19 17:00:00,0.0,B0,190,173.1598317872244
2021-07-19 18:00:00,0.0,B0,188,171.78789000631775
2021-07-19 19:00:00,0.0,B0,162,164.39492554527092
2021-07-19 20:00:00,0.0,B0,136,128.72709579667227
2021-07-19 21:00:00,0.0,B0,129,129.09822470918436
2021-07-19 22:00:00,0.0,B0,114,121.1484629373095
2021-07-19 23:00:00,0.0,B0,120,115.17384501222885
2021-07-21 00:00:00,0.0,B0,85,74.45113694207963
2021-07-21 01:00:00,0.0,B0,113,113.331924101368
2021-07-21 02:00:00,0.0,B0,108,114.36178939526386
2021-07-21 03:00:00,0.0,B0,111,107.63779948522209
2021-07-21 04:00:00,0.0,B0,117,110.83710992006804
2021-07-21 05:00:00,0.0,B0,111,109.65062968948398
2021-07-21 06:00:00,0.0,B0,110,116.19050680086708
2021-07-21 07:00:00,0.0,B0,149,136.91326695318665
2021-07-21 08:00:00,1.0,B0,209,178.0938256372443
2021-07-21 09:00:00,0.0,B0,214,188.29061105725685
2021-07-21 10:00:00,0.0,B0,197,187.83851485945556
2021-07-21 11:00:00,0.0,B0,206,187.37381624529735
2021-07-21 12:00:00,0.0,B0,150,135.7130406075997
2021-07-21 13:00:00,0.0,B0,204,184.09795145306282
2021-07-21 14:00:00,0.0,B0,203,188.41752773631742
2021-07-21 15:00:00,0.0,B0,199,187.7237089580346
2021-07-21 16:00:00,0.0,B0,189,184.6493319621354
2021-07-21 17:00:00,-1.0,B0,153,172.01027998846752
2021-07-21 18:00:00,0.0,B0,168,167.91865132527465
2021-07-21 19:00:00,0.0,B0,174,161.5436003456878
2021-07-21 20:00:00,0.0,B0,138,140.65774502281403
2021-07-21 21:00:00,0.0,B0,118,128.20599864894083
2021-07-21 22:00:00,0.0,B0,114,119.99544647406587
2021-07-21 23:00:00,0.0,B0,111,114.79093468821006
2021-07-23 00:00:00,0.0,B0,87,74.25255547307829
2021-07-23 01:00:00,0.0,B0,111,111.53429653685268
2021-07-23 02:00:00,0.0,B0,110,108.26507175571399
2021-07-23 03:00:00,0.0,B0,109,109.599137481226
2021-07-23 04:00:00,0.0,B0,101,108.74611518564001
2021-07-23 05:00:00,0.0,B0,99,105.49571729151188
2021-07-23 06:00:00,0.0,B0,105,109.39117135633528
2021-07-23 07:00:00,0.0,B0,144,130.6806963421862
2021-07-23 08:00:00,1.0,B0,202,174.07681201782867
2021-07-23 09:00:00,0.0,B0,190,187.7040693358917
2021-07-23 10:00:00,0.0,B0,189,183.1311167096563
2021-07-23 11:00:00,0.0,B0,199,183.40896282598212
2021-07-23 12:00:00,0.0,B0,125,135.11279258774698
2021-07-23 13:00:00,0.0,B0,192,180.6715622284743
2021-07-23 14:00:00,0.0,B0,190,183.24921651427627
2021-07-23 15:00:00,0.0,B0,206,183.88825196571833
2021-07-23 16:00:00,0.0,B0,197,184.95651422674985
2021-07-23 17:00:00,0.0,B0,178,175.80928232219557
2021-07-23 18:00:00,0.0,B0,176,173.94532102499628
2021-07-23 19:00:00,0.0,B0,165,163.87875949987733
2021-07-23 20:00:00,0.0,B0,115,124.11739337715021
2021-07-23 21:00:00,0.0,B0,110,112.70624234514092
2021-07-23 22:00:00,0.0,B0,107,112.13859582038863
2021-07-23 23:00:00,0.0,B0,111,105.39367575123013
2021-07-24 00:00:00,0.0,B0,72,67.4513986854436
2021-07-24 01:00:00,0.0,B0,101,114.70393315841109
2021-07-24 02:00:00,0.0,B0,100,107.08160650120548
2021-07-24 03:00:00,0.0,B0,104,101.77366437752993
2021-07-24 04:00:00,0.0,B0,100,106.39162151196146
2021-07-24 05:00:00,0.0,B0,91,102.38000235503145
2021-07-24 06:00:00,0.0,B0,98,107.01114663391111
2021-07-24 07:00:00,0.0,B0,81,92.26222683695532
2021-07-24 08:00:00,0.0,B0,28,27.352287030699802
2021-07-24 09:00:00,0.0,B0,24,23.190889843739185
2021-07-24 10:00:00,0.0,B0,24,23.88429821577829
2021-07-24 11:00:00,0.0,B0,29,24.35663632682571
2021-07-24 12:00:00,0.0,B0,24,23.433747532115728
2021-07-24 13:00:00,0.0,B0,24,23.944634227333868
2021-07-24 14:00:00,0.0,B0,24,24.713069123084207
2021-07-24 15:00:00,0.0,B0,28,24.930605334237992
2021-07-24 16:00:00,0.0,B0,25,23.871734357823154
2021-07-24 17:00:00,0.0,B0,24,23.84194303571199
2021-07-24 18:00:00,0.0,B0,29,23.72451938213328
2021-07-24 19:00:00,0.0,B0,28,24.40322813593472
2021-07-24 20:00:00,0.0,B0,25,23.2369502451748
2021-07-24 21:00:00,0.0,B0,25,23.529651792858647
2021-07-24 22:00:00,0.0,B0,28,23.590895485480722
2021-07-24 23:00:00,0.0,B0,24,22.836243420819542
2021-07-25 00:00:00,0.0,B0,24,24.409555586903114
2021-07-25 01:00:00,0.0,B0,26,24.698360576832503
2021-07-25 02:00:00,0.0,B0,29,24.408859096943853
2021-07-25 03:00:00,0.0,B0,26,22.533517093713684
2021-07-25 04:00:00,0.0,B0,24,23.352929176522704
2021-07-25 05:00:00,0.0,B0,28,29.041909339008697
2021-07-25 06:00:00,0.0,B0,24,25.93817904432261
2021-07-25 07:00:00,0.0,B0,24,45.35305859340571
2021-07-25 08:00:00,0.0,B0,24,33.49144687923711
2021-07-25 09:00:00,0.0,B0,29,24.9569427885614
2021-07-25 10:00:00,0.0,B0,24,25.516957896006954
2021-07-25 11:00:00,0.0,B0,24,23.875779097901564
2021-07-25 12:00:00,0.0,B0,28,24.43074206200303
2021-07-25 13:00:00,0.0,B0,24,25.376661995652782
2021-07-25 14:00:00,0.0,B0,25,23.958471096280253
2021-07-25 15:00:00,0.0,B0,25,24.37456830705656
2021-07-25 16:00:00,0.0,B0,29,23.590124920284214
2021-07-25 17:00:00,0.0,B0,24,23.139059013471233
2021-07-25 18:00:00,0.0,B0,24,23.59870497747542
2021-07-25 19:00:00,0.0,B0,28,24.399236294982405
2021-07-25 20:00:00,0.0,B0,24,24.551154529156666
2021-07-25 21:00:00,0.0,B0,24,23.678730866340384
2021-07-25 22:00:00,0.0,B0,24,24.525050699640264
2021-07-25 23:00:00,0.0,B0,28,24.525050699640264
2021-07-26 00:00:00,0.0,B0,24,31.950902464872097
2021-07-26 01:00:00,0.0,B0,24,24.847889075564826
2021-07-26 02:00:00,0.0,B0,27,24.457040350309054
2021-07-26 03:00:00,0.0,B0,27,24.595532992226744
2021-07-26 04:00:00,0.0,B0,24,23.23112246045173
2021-07-26 05:00:00,0.0,B0,24,31.618915627046835
2021-07-26 06:00:00,0.0,B0,27,40.64173740402651
2021-07-26 07:00:00,0.0,B0,127,85.47186752425871
2021-07-26 08:00:00,1.0,B0,217,178.10491605975398
2021-07-26 09:00:00,0.0,B0,189,189.1814563754962
2021-07-26 10:00:00,0.0,B0,207,184.11977336073736
2021-07-26 11:00:00,0.0,B0,202,188.0860193789781
2021-07-26 12:00:00,0.0,B0,130,135.8960435339561
2021-07-26 13:00:00,0.0,B0,180,186.2218364190713
2021-07-26 14:00:00,0.0,B0,199,172.95539087712422
2021-07-26 15:00:00,0.0,B0,180,186.881017991163
2021-07-26 16:00:00,0.0,B0,177,177.31311880737036
2021-07-26 17:00:00,0.0,B0,169,165.21533781246004
2021-07-26 18:00:00,0.0,B0,186,168.52176685517355
2021-07-26 19:00:00,0.0,B0,177,163.243639605046
2021-07-26 20:00:00,-1.0,B0,103,124.72641751917719
2021-07-26 21:00:00,0.0,B0,116,109.25822281982654
2021-07-26 22:00:00,0.0,B0,116,111.89311607187744
2021-07-26 23:00:00,0.0,B0,107,117.35603416624872
2021-07-27 00:00:00,0.0,B0,70,65.10225447460965
2021-07-27 01:00:00,0.0,B0,110,111.24939952516168
2021-07-27 02:00:00,0.0,B0,119,111.16536331426418
2021-07-27 03:00:00,0.0,B0,111,116.25808129864002
2021-07-27 04:00:00,0.0,B0,114,111.69204080892055
2021-07-27 05:00:00,0.0,B0,106,107.40560948176442
2021-07-27 06:00:00,0.0,B0,111,112.64532859077568
2021-07-27 07:00:00,0.0,B0,161,134.8111313192016
2021-07-27 08:00:00,1.0,B0,207,185.39525531451872
2021-07-27 09:00:00,0.0,B0,192,187.71061632896644
2021-07-27 10:00:00,0.0,B0,206,184.5837231417198
2021-07-27 11:00:00,0.0,B0,211,187.92751540542855
2021-07-27 12:00:00,0.0,B0,124,135.5316040535293
2021-07-27 13:00:00,0.0,B0,198,183.55675640190495
2021-07-27 14:00:00,0.0,B0,199,186.60407452944327
2021-07-27 15:00:00,0.0,B0,201,187.8078208186108
2021-07-27 16:00:00,0.0,B0,187,184.9746047939124
2021-07-27 17:00:00,0.0,B0,184,172.81391325342656
2021-07-27 18:00:00,0.0,B0,174,170.80737089871613
2021-07-27 19:00:00,0.0,B0,180,161.15306568630388
2021-07-27 20:00:00,0.0,B0,147,152.4544240982343
2021-07-27 21:00:00,0.0,B0,148,141.42868596938197
2021-07-27 22:00:00,0.0,B0,132,138.8934034865018
2021-07-27 23:00:00,0.0,B0,139,125.65954279262156
2021-07-28 00:00:00,0.0,B0,91,74.24424681180271
2021-07-28 01:00:00,0.0,B0,130,106.98454574681921
2021-07-28 02:00:00,0.0,B0,130,121.10692374861169
2021-07-28 03:00:00,0.0,B0,128,125.56100374020963
2021-07-28 04:00:00,0.0,B0,123,123.96823839035892
2021-07-28 05:00:00,0.0,B0,119,119.81088360385333
2021-07-28 06:00:00,0.0,B0,127,127.26183386334671
2021-07-28 07:00:00,0.0,B0,174,153.92315252741
2021-07-28 08:00:00,0.0,B0,204,183.87219643925576
2021-07-28 09:00:00,0.0,B0,204,186.36720572259858
2021-07-28 10:00:00,0.0,B0,202,187.83851485945556
2021-07-28 11:00:00,0.0,B0,212,187.68756344181293
2021-07-28 12:00:00,0.0,B0,145,135.7130406075997
2021-07-28 13:00:00,0.0,B0,200,183.89190207068395
2021-07-28 14:00:00,0.0,B0,203,187.74189841686248
2021-07-28 15:00:00,0.0,B0,187,187.7237089580346
2021-07-28 16:00:00,0.0,B0,181,176.8923318260766
2021-07-28 17:00:00,0.0,B0,190,163.02868109030868
2021-07-28 18:00:00,0.0,B0,190,172.58938317247097
2021-07-28 19:00:00,0.0,B0,175,165.7280522793577
2021-07-28 20:00:00,-1.0,B0,113,132.134252853209
2021-07-28 21:00:00,0.0,B0,115,115.64710895390516
2021-07-28 22:00:00,0.0,B0,109,113.18042922133324
2021-07-28 23:00:00,0.0,B0,116,112.19223546046304
2021-07-29 00:00:00,0.0,B0,70,66.11565213896802
2021-07-29 01:00:00,0.0,B0,118,113.83359470282834
2021-07-29 02:00:00,0.0,B0,118,115.7853828756075
2021-07-29 03:00:00,0.0,B0,117,116.08147175280169
2021-07-29 04:00:00,0.0,B0,116,118.82920152492831
2021-07-29 05:00:00,0.0,B0,119,113.1345112656806
2021-07-29 06:00:00,0.0,B0,121,124.32754740417693
2021-07-29 07:00:00,0.0,B0,159,151.20367050497805
2021-07-29 08:00:00,0.0,B0,204,184.27745219253399
2021-07-29 09:00:00,0.0,B0,205,187.00117591170712
2021-07-29 10:00:00,0.0,B0,203,187.79910824423405
2021-07-29 11:00:00,0.0,B0,211,187.64815682659142
2021-07-29 12:00:00,0.0,B0,133,135.6736339923782
2021-07-29 13:00:00,0.0,B0,206,181.61038329479425
2021-07-29 14:00:00,0.0,B0,201,187.70249180164097
2021-07-29 15:00:00,0.0,B0,186,187.68430234281308
2021-07-29 16:00:00,0.0,B0,172,176.16151754064407
2021-07-29 17:00:00,0.0,B0,152,167.22591433272632
2021-07-29 18:00:00,0.0,B0,180,164.09357455849286
2021-07-29 19:00:00,0.0,B0,181,164.2505030188124
2021-07-29 20:00:00,0.0,B0,134,151.7386581757038
2021-07-29 21:00:00,0.0,B0,131,131.53653708327994
2021-07-29 22:00:00,0.0,B0,130,127.58655786772755
2021-07-29 23:00:00,0.0,B0,127,122.12830341661738
2021-07-30 00:00:00,0.0,B0,91,73.50367851016787
2021-07-30 01:00:00,0.0,B0,130,107.33959713157341
2021-07-30 02:00:00,0.0,B0,130,120.63976449760067
2021-07-30 03:00:00,0.0,B0,128,125.62642393180035
2021-07-30 04:00:00,0.0,B0,123,123.21962129130308
2021-07-30 05:00:00,0.0,B0,119,120.47849687440404
2021-07-30 06:00:00,0.0,B0,127,126.08049890770089
2021-07-30 07:00:00,0.0,B0,174,151.47578596692844
2021-07-30 08:00:00,0.0,B0,204,181.7978163592859
2021-07-30 09:00:00,0.0,B0,204,185.84741354095132
2021-07-30 10:00:00,0.0,B0,202,187.3187226778083
2021-07-30 11:00:00,0.0,B0,212,187.3233127513506
2021-07-30 12:00:00,0.0,B0,145,135.5754340176272
2021-07-30 13:00:00,0.0,B0,200,181.47700162729632
2021-07-30 14:00:00,0.0,B0,203,187.15535669549732
2021-07-30 15:00:00,0.0,B0,187,187.20391677638733
2021-07-30 16:00:00,0.0,B0,181,175.64274433868997
2021-07-30 17:00:00,0.0,B0,190,162.0901248341613
2021-07-30 18:00:00,0.0,B0,190,171.6553193139497
2021-07-30 19:00:00,0.0,B0,175,166.1425981013756
2021-07-30 20:00:00,-1.0,B0,113,132.27669465017559
2021-07-30 21:00:00,0.0,B0,115,115.78037654909265
2021-07-30 22:00:00,0.0,B0,109,113.38997514167119
2021-07-30 23:00:00,0.0,B0,116,111.8752139083434
2021-07-31 00:00:00,0.0,B0,24,64.12084046081088
2021-07-31 01:00:00,0.0,B0,21,24.61973674182767
2021-07-31 02:00:00,0.0,B0,21,21.574845190917312
2021-07-31 03:00:00,0.0,B0,21,23.662333369063546
2021-07-31 04:00:00,0.0,B0,26,23.662333369063546
2021-07-31 05:00:00,0.0,B0,21,20.334513888656918
2021-07-31 06:00:00,0.0,B0,21,18.827732739440584
2021-07-31 07:00:00,0.0,B0,23,32.407297765677136
2021-07-31 08:00:00,0.0,B0,21,29.173809202999774
2021-07-31 09:00:00,0.0,B0,21,22.784914238671057
2021-07-31 10:00:00,0.0,B0,23,23.93028001899707
2021-07-31 11:00:00,0.0,B0,26,24.084190335988616
2021-07-31 12:00:00,0.0,B0,21,21.19989053577666
2021-07-31 13:00:00,0.0,B0,21,21.68963385726759
2021-07-31 14:00:00,0.0,B0,25,23.93028001899707
2021-07-31 15:00:00,0.0,B0,23,23.25744235457659
2021-07-31 16:00:00,0.0,B0,21,21.967741399394402
2021-07-31 17:00:00,0.0,B0,21,22.784914238671057
2021-07-31 18:00:00,0.0,B0,28,23.714551438540852
2021-07-31 19:00:00,0.0,B0,21,22.348796816787566
2021-07-31 20:00:00,0.0,B0,21,21.28616878686218
2021-07-31 21:00:00,0.0,B0,25,23.662333369063546
2021-07-31 22:00:00,0.0,B0,21,23.017080668056426
2021-07-31 23:00:00,0.0,B0,21,21.383500728171423
2021-08-01 00:00:00,0.0,B0,21,23.539881495750926
2021-08-01 01:00:00,0.0,B0,26,23.547816541915985
2021-08-01 02:00:00,0.0,B0,21,22.360544121541633
2021-08-01 03:00:00,0.0,B0,21,21.184776286574046
2021-08-01 04:00:00,0.0,B0,25,23.65790254440862
2021-08-01 05:00:00,0.0,B0,24,21.790924351073865
2021-08-01 06:00:00,0.0,B0,21,16.205539655144154
2021-08-01 07:00:00,0.0,B0,21,32.978620706220326
2021-08-01 08:00:00,0.0,B0,28,27.03775622820513
2021-08-01 09:00:00,0.0,B0,24,24.467449842091334
2021-08-01 10:00:00,0.0,B0,21,22.232606373642184
2021-08-01 11:00:00,0.0,B0,21,22.59236294069239
2021-08-01 12:00:00,0.0,B0,25,23.576216891169636
2021-08-01 13:00:00,0.0,B0,21,23.248923236699863
2021-08-01 14:00:00,0.0,B0,21,21.784624538114226
2021-08-01 15:00:00,0.0,B0,23,23.919419640657736
2021-08-01 16:00:00,0.0,B0,25,24.08184907552601
2021-08-01 17:00:00,0.0,B0,21,21.62473013204671
2021-08-01 18:00:00,0.0,B0,21,21.424858419309395
2021-08-01 19:00:00,0.0,B0,22,23.65790254440862
2021-08-01 20:00:00,0.0,B0,26,23.648324359181508
2021-08-01 21:00:00,0.0,B0,22,21.142832475233845
2021-08-01 22:00:00,0.0,B0,23,21.281737962207256
2021-08-01 23:00:00,0.0,B0,24,23.59218642738144
2021-08-02 00:00:00,0.0,B0,23,30.32855358275941
2021-08-02 01:00:00,0.0,B0,21,23.052737126358682
2021-08-02 02:00:00,0.0,B0,21,23.039749268392928
2021-08-02 03:00:00,0.0,B0,26,24.179249864131705
2021-08-02 04:00:00,0.0,B0,21,22.958210536977006
2021-08-02 05:00:00,0.0,B0,21,25.524594949054087
2021-08-02 06:00:00,0.0,B0,25,33.806600502388626
2021-08-02 07:00:00,0.0,B0,24,70.62388480653505
2021-08-02 08:00:00,0.0,B0,21,53.313909921574584
2021-08-02 09:00:00,0.0,B0,21,40.52059003162308
2021-08-02 10:00:00,0.0,B0,25,42.67362217064402
2021-08-02 11:00:00,0.0,B0,21,36.329648238214475
2021-08-02 12:00:00,0.0,B0,21,39.09545415148966
2021-08-02 13:00:00,0.0,B0,23,42.66510305276731
2021-08-02 14:00:00,0.0,B0,25,42.162115574760875
2021-08-02 15:00:00,0.0,B0,21,39.544438105100674
2021-08-02 16:00:00,0.0,B0,21,39.54767198842133
2021-08-02 17:00:00,0.0,B0,24,42.67362217064402
2021-08-02 18:00:00,0.0,B0,26,41.16076283900343
2021-08-02 19:00:00,0.0,B0,21,22.62536933950401
2021-08-02 20:00:00,0.0,B0,24,22.072673706180424
2021-08-02 21:00:00,0.0,B0,24,23.212659770141325
2021-08-02 22:00:00,0.0,B0,24,23.205139641309156
2021-08-02 23:00:00,0.0,B0,21,22.8684832489587
2021-08-03 00:00:00,0.0,B0,22,29.41385229713489
2021-08-03 01:00:00,0.0,B0,26,24.21866740525845
2021-08-03 02:00:00,0.0,B0,21,21.35727655398209
2021-08-03 03:00:00,0.0,B0,22,21.265471845292588
2021-08-03 04:00:00,0.0,B0,21,23.906892722582672
2021-08-03 05:00:00,0.0,B0,24,21.72511847159484
2021-08-03 06:00:00,0.0,B0,21,20.473058432518616
2021-08-03 07:00:00,0.0,B0,21,49.394355379512206
2021-08-03 08:00:00,0.0,B0,25,31.884853248425816
2021-08-03 09:00:00,0.0,B0,21,25.10587312260908
2021-08-03 10:00:00,0.0,B0,21,23.338730399644124
2021-08-03 11:00:00,0.0,B0,24,25.421118073328337
2021-08-03 12:00:00,0.0,B0,25,24.119844347726584
2021-08-03 13:00:00,0.0,B0,21,21.892516460871384
2021-08-03 14:00:00,0.0,B0,22,22.698783263948727
2021-08-03 15:00:00,0.0,B0,26,24.99600780136051
2021-08-03 16:00:00,0.0,B0,24,24.77613221688138
2021-08-03 17:00:00,0.0,B0,21,22.660584967948317
2021-08-03 18:00:00,0.0,B0,24,22.032486432517164
2021-08-03 19:00:00,0.0,B0,25,23.030210321282937
2021-08-03 20:00:00,0.0,B0,22,23.00841373911909
2021-08-03 21:00:00,0.0,B0,22,23.079420898769317
2021-08-03 22:00:00,0.0,B0,21,22.274333471794115
2021-08-03 23:00:00,0.0,B0,26,22.90482384274076
2021-08-04 00:00:00,0.0,B0,21,30.15245137969098
2021-08-04 01:00:00,0.0,B0,21,21.37536677095733
2021-08-04 02:00:00,0.0,B0,21,23.662333369063546
2021-08-04 03:00:00,0.0,B0,25,23.662333369063546
2021-08-04 04:00:00,0.0,B0,21,22.037175492075242
2021-08-04 05:00:00,0.0,B0,21,22.102665685040293
2021-08-04 06:00:00,0.0,B0,26,20.65009798219201
2021-08-04 07:00:00,0.0,B0,21,54.50160423729976
2021-08-04 08:00:00,0.0,B0,23,30.879109192749677
2021-08-04 09:00:00,0.0,B0,21,24.604216049748505
2021-08-04 10:00:00,0.0,B0,25,22.784914238671057
2021-08-04 11:00:00,0.0,B0,21,23.308970385746996
2021-08-04 12:00:00,0.0,B0,21,21.38161184811777
2021-08-04 13:00:00,0.0,B0,25,24.756255458052678
2021-08-04 14:00:00,0.0,B0,24,23.25744235457659
2021-08-04 15:00:00,0.0,B0,24,22.587240557413185
2021-08-04 16:00:00,0.0,B0,22,22.963352012766684
2021-08-04 17:00:00,0.0,B0,26,21.866225104542597
2021-08-04 18:00:00,0.0,B0,22,23.225769208356972
2021-08-04 19:00:00,0.0,B0,21,21.28616878686218
2021-08-04 20:00:00,0.0,B0,21,22.828559108677144
2021-08-04 21:00:00,0.0,B0,26,23.662333369063546
2021-08-04 22:00:00,0.0,B0,21,22.44129404190885
2021-08-04 23:00:00,0.0,B0,22,21.28616878686218
2021-08-05 00:00:00,0.0,B0,21,31.19291445007966
2021-08-05 01:00:00,0.0,B0,25,24.167685483410665
2021-08-05 02:00:00,0.0,B0,21,22.78056297122435
2021-08-05 03:00:00,0.0,B0,21,22.039045510976187
2021-08-05 04:00:00,0.0,B0,25,24.662103873693077
2021-08-05 05:00:00,0.0,B0,22,25.543111176984326
2021-08-05 06:00:00,0.0,B0,22,23.78365537773078
2021-08-05 07:00:00,0.0,B0,20,51.62974435294645
2021-08-05 08:00:00,0.0,B0,24,33.17367325141475
2021-08-05 09:00:00,0.0,B0,21,26.676596086634806
2021-08-05 10:00:00,0.0,B0,21,26.043738959135492
2021-08-05 11:00:00,0.0,B0,25,27.577939754781557
2021-08-05 12:00:00,0.0,B0,24,25.510920024828177
2021-08-05 13:00:00,0.0,B0,24,26.09698424080517
2021-08-05 14:00:00,0.0,B0,22,25.56003243250637
2021-08-05 15:00:00,0.0,B0,25,25.976481000007357
2021-08-05 16:00:00,0.0,B0,22,25.846357782984573
2021-08-05 17:00:00,0.0,B0,22,26.011820772727525
2021-08-05 18:00:00,0.0,B0,21,25.567256368015638
2021-08-05 19:00:00,0.0,B0,25,24.00438600864179
2021-08-05 20:00:00,0.0,B0,22,22.78056297122435
2021-08-05 21:00:00,0.0,B0,22,23.429657166082166
2021-08-05 22:00:00,0.0,B0,23,23.373895637695146
2021-08-05 23:00:00,0.0,B0,26,23.937128049513657
2021-08-06 00:00:00,0.0,B0,21,28.74994125353293
2021-08-06 01:00:00,0.0,B0,21,22.44630754308934
2021-08-06 02:00:00,0.0,B0,21,24.733274141195555
2021-08-06 03:00:00,0.0,B0,25,24.733274141195555
2021-08-06 04:00:00,0.0,B0,23,23.10811626420725
2021-08-06 05:00:00,0.0,B0,21,23.865122489523884
2021-08-06 06:00:00,0.0,B0,25,20.581581001286573
2021-08-06 07:00:00,0.0,B0,21,54.72860003825675
2021-08-06 08:00:00,0.0,B0,21,30.44697541355956
2021-08-06 09:00:00,0.0,B0,21,25.789926832268517
2021-08-06 10:00:00,0.0,B0,25,25.789926832268517
2021-08-06 11:00:00,0.0,B0,25,24.30731263593491
2021-08-06 12:00:00,0.0,B0,24,25.47949650795233
2021-08-06 13:00:00,0.0,B0,24,25.335249088048712
2021-08-06 14:00:00,0.0,B0,27,27.061231567356185
2021-08-06 15:00:00,0.0,B0,22,24.29308072176248
2021-08-06 16:00:00,0.0,B0,22,25.064956297705827
2021-08-06 17:00:00,0.0,B0,25,24.883850973721763
2021-08-06 18:00:00,0.0,B0,22,24.00308977718748
2021-08-06 19:00:00,0.0,B0,21,24.779862373898162
2021-08-06 20:00:00,0.0,B0,21,23.899499880809152
2021-08-06 21:00:00,0.0,B0,26,24.733274141195555
2021-08-06 22:00:00,0.0,B0,21,23.419737588919574
2021-08-06 23:00:00,0.0,B0,21,22.35710955899419
2021-08-07 00:00:00,0.0,B0,24,31.006275083540505
2021-08-07 01:00:00,0.0,B0,25,24.686069340457607
2021-08-07 02:00:00,0.0,B0,21,20.974091498126164
2021-08-07 03:00:00,0.0,B0,21,20.86321861101154
2021-08-07 04:00:00,0.0,B0,21,23.662333369063546
2021-08-07 05:00:00,0.0,B0,24,20.300959786204366
2021-08-07 06:00:00,0.0,B0,21,19.10765577073952
2021-08-07 07:00:00,0.0,B0,21,37.876371810369434
2021-08-07 08:00:00,0.0,B0,25,27.427907413965265
2021-08-07 09:00:00,0.0,B0,24,24.380447579796535
2021-08-07 10:00:00,0.0,B0,21,21.234831221675886
2021-08-07 11:00:00,0.0,B0,21,22.603223319031724
2021-08-07 12:00:00,0.0,B0,26,23.58707726950897
2021-08-07 13:00:00,0.0,B0,21,23.282160379595798
2021-08-07 14:00:00,0.0,B0,21,21.698152975144318
2021-08-07 15:00:00,0.0,B0,22,23.93028001899707
2021-08-07 16:00:00,0.0,B0,25,23.418773423113908
2021-08-07 17:00:00,0.0,B0,21,21.54309328526476
2021-08-07 18:00:00,0.0,B0,21,21.43571879764873
2021-08-07 19:00:00,0.0,B0,24,23.662333369063546
2021-08-07 20:00:00,0.0,B0,26,23.42060897470248
2021-08-07 21:00:00,0.0,B0,22,22.487666973851237
2021-08-07 22:00:00,0.0,B0,21,22.964244980726118
2021-08-07 23:00:00,0.0,B0,25,22.828559108677144
2021-08-08 00:00:00,0.0,B0,21,23.747905388619156
2021-08-08 01:00:00,0.0,B0,21,21.172022225390652
2021-08-08 02:00:00,0.0,B0,21,23.65790254440862
2021-08-08 03:00:00,0.0,B0,24,23.65790254440862
2021-08-08 04:00:00,0.0,B0,21,22.69131245041824
2021-08-08 05:00:00,0.0,B0,21,22.449755580090663
2021-08-08 06:00:00,0.0,B0,23,19.797516994789003
2021-08-08 07:00:00,0.0,B0,25,31.650330678805144
2021-08-08 08:00:00,0.0,B0,21,23.338834400437953
2021-08-08 09:00:00,0.0,B0,21,22.424571673809623
2021-08-08 10:00:00,0.0,B0,25,23.919419640657736
2021-08-08 11:00:00,0.0,B0,21,23.248923236699863
2021-08-08 12:00:00,0.0,B0,21,21.284761265879265
2021-08-08 13:00:00,0.0,B0,23,23.91090052278101
2021-08-08 14:00:00,0.0,B0,25,23.919419640657736
2021-08-08 15:00:00,0.0,B0,21,21.513511348314932
2021-08-08 16:00:00,0.0,B0,21,21.870614742013398
2021-08-08 17:00:00,0.0,B0,25,23.919419640657736
2021-08-08 18:00:00,0.0,B0,24,22.836623438698336
2021-08-08 19:00:00,0.0,B0,21,22.257091823517793
2021-08-08 20:00:00,0.0,B0,22,22.345230146907237
2021-08-08 21:00:00,0.0,B0,26,23.65790254440862
2021-08-08 22:00:00,0.0,B0,22,23.295007653983284
2021-08-08 23:00:00,0.0,B0,21,21.55132638645734
2021-08-09 00:00:00,0.0,B0,21,30.333402195254415
2021-08-09 01:00:00,0.0,B0,25,24.365409523860066
2021-08-09 02:00:00,0.0,B0,21,22.958210536977006
2021-08-09 03:00:00,0.0,B0,23,21.803455547606372
2021-08-09 04:00:00,0.0,B0,22,24.16967167890459
2021-08-09 05:00:00,0.0,B0,25,26.978953246690324
2021-08-09 06:00:00,0.0,B0,20,31.975626716999603
2021-08-09 07:00:00,0.0,B0,112,73.46006669799874
2021-08-09 08:00:00,1.0,B0,215,176.17800468849933
2021-08-09 09:00:00,0.0,B0,197,188.68549137758677
2021-08-09 10:00:00,0.0,B0,201,188.19095127242426
2021-08-09 11:00:00,0.0,B0,192,187.95213240597457
2021-08-09 12:00:00,0.0,B0,144,134.10085117546495
2021-08-09 13:00:00,0.0,B0,200,188.70575359346978
2021-08-09 14:00:00,0.0,B0,191,186.28819207308774
2021-08-09 15:00:00,0.0,B0,183,186.28752347995783
2021-08-09 16:00:00,0.0,B0,191,179.517105585045
2021-08-09 17:00:00,0.0,B0,169,174.88015094285905
2021-08-09 18:00:00,-1.0,B0,103,163.06952342268488
2021-08-09 19:00:00,0.0,B0,95,109.17379346957676
2021-08-09 20:00:00,0.0,B0,113,101.70066307619456
2021-08-09 21:00:00,0.0,B0,119,113.47085777865598
2021-08-09 22:00:00,0.0,B0,112,117.59053017479485
2021-08-09 23:00:00,0.0,B0,108,115.50120260421845
2021-08-10 00:00:00,0.0,B0,71,62.500447934507136
2021-08-10 01:00:00,0.0,B0,104,109.81576714030471
2021-08-10 02:00:00,0.0,B0,97,105.92179146858687
2021-08-10 03:00:00,0.0,B0,104,101.37299059326376
2021-08-10 04:00:00,0.0,B0,103,105.71960213207609
2021-08-10 05:00:00,0.0,B0,99,105.27857716369222
2021-08-10 06:00:00,0.0,B0,105,109.93492249955356
2021-08-10 07:00:00,0.0,B0,138,135.1630337681209
2021-08-10 08:00:00,0.0,B0,195,174.26982450085092
2021-08-10 09:00:00,0.0,B0,193,186.16122947375476
2021-08-10 10:00:00,0.0,B0,192,186.0912548374477
2021-08-10 11:00:00,0.0,B0,191,185.4812371614785
2021-08-10 12:00:00,0.0,B0,119,133.81850134673536
2021-08-10 13:00:00,0.0,B0,190,182.83121180305864
2021-08-10 14:00:00,0.0,B0,180,180.09814398395346
2021-08-10 15:00:00,0.0,B0,181,180.43807817952717
2021-08-10 16:00:00,0.0,B0,182,173.30505702727885
2021-08-10 17:00:00,0.0,B0,156,164.00040827404058
2021-08-10 18:00:00,0.0,B0,168,171.026337557484
2021-08-10 19:00:00,0.0,B0,163,163.25234297046026
2021-08-10 20:00:00,0.0,B0,135,139.75115551063644
2021-08-10 21:00:00,0.0,B0,127,129.3162195658315
2021-08-10 22:00:00,0.0,B0,114,122.78473460805795
2021-08-10 23:00:00,0.0,B0,109,111.73259777097542
2021-08-11 00:00:00,0.0,B0,83,62.500736712070605
2021-08-11 01:00:00,0.0,B0,108,108.37809206056491
2021-08-11 02:00:00,0.0,B0,114,103.34781173278087
2021-08-11 03:00:00,0.0,B0,113,110.98117363580617
2021-08-11 04:00:00,0.0,B0,116,109.29797839093021
2021-08-11 05:00:00,0.0,B0,105,114.00172388494126
2021-08-11 06:00:00,0.0,B0,129,114.26055540893276
2021-08-11 07:00:00,0.0,B0,150,155.0341191970468
2021-08-11 08:00:00,1.0,B0,218,185.07998091022606
2021-08-11 09:00:00,0.0,B0,189,188.9662403767118
2021-08-11 10:00:00,0.0,B0,192,181.61551948132754
2021-08-11 11:00:00,0.0,B0,192,184.86657976925946
2021-08-11 12:00:00,0.0,B0,132,134.3539495377532
2021-08-11 13:00:00,0.0,B0,205,184.89896734124375
2021-08-11 14:00:00,0.0,B0,207,187.74189841686248
2021-08-11 15:00:00,0.0,B0,177,187.4825479868338
2021-08-11 16:00:00,0.0,B0,187,176.8928029274649
2021-08-11 17:00:00,0.0,B0,177,166.0647563212059
2021-08-11 18:00:00,0.0,B0,194,171.60194673058004
2021-08-11 19:00:00,0.0,B0,163,166.61899612593132
2021-08-11 20:00:00,0.0,B0,128,137.90975894660446
2021-08-11 21:00:00,0.0,B0,115,123.24699458660028
2021-08-11 22:00:00,0.0,B0,116,116.75273489592553
2021-08-11 23:00:00,0.0,B0,109,113.63040163969688
2021-08-12 00:00:00,0.0,B0,81,67.4571928895164
2021-08-12 01:00:00,0.0,B0,115,114.7510074594516
2021-08-12 02:00:00,0.0,B0,110,114.22359894080897
2021-08-12 03:00:00,0.0,B0,110,111.67828440690353
2021-08-12 04:00:00,0.0,B0,114,109.6865045701261
2021-08-12 05:00:00,0.0,B0,103,109.16365215115876
2021-08-12 06:00:00,0.0,B0,117,112.60146719974524
2021-08-12 07:00:00,0.0,B0,149,153.5360515993966
2021-08-12 08:00:00,0.0,B0,196,179.06626670026367
2021-08-12 09:00:00,0.0,B0,189,186.50589273694743
2021-08-12 10:00:00,0.0,B0,186,181.80756549387175
2021-08-12 11:00:00,0.0,B0,199,180.91695794480137
2021-08-12 12:00:00,0.0,B0,133,135.97207308434736
2021-08-12 13:00:00,0.0,B0,191,183.41472411947657
2021-08-12 14:00:00,0.0,B0,193,181.12634546171395
2021-08-12 15:00:00,0.0,B0,197,185.39132098451626
2021-08-12 16:00:00,0.0,B0,176,184.09609885494964
2021-08-12 17:00:00,0.0,B0,160,171.11076469634062
2021-08-12 18:00:00,0.0,B0,177,166.78526124297213
2021-08-12 19:00:00,0.0,B0,182,162.5259895832223
2021-08-12 20:00:00,0.0,B0,127,129.90381446606335
2021-08-12 21:00:00,0.0,B0,114,127.63455671662507
2021-08-12 22:00:00,0.0,B0,122,113.24469109341716
2021-08-12 23:00:00,0.0,B0,118,119.39152973188467
2021-08-13 00:00:00,0.0,B0,79,65.23365055170188
2021-08-13 01:00:00,0.0,B0,105,113.76345573486286
2021-08-13 02:00:00,0.0,B0,117,109.71215726338959
2021-08-13 03:00:00,0.0,B0,120,115.16854579345272
2021-08-13 04:00:00,0.0,B0,116,119.40156597517606
2021-08-13 05:00:00,0.0,B0,108,114.47458119347004
2021-08-13 06:00:00,0.0,B0,116,114.05883125194592
2021-08-13 07:00:00,0.0,B0,166,143.72591056453834
2021-08-13 08:00:00,1.0,B0,207,182.4036162308697
2021-08-13 09:00:00,0.0,B0,191,187.03996274702507
2021-08-13 10:00:00,0.0,B0,201,185.17982595137843
2021-08-13 11:00:00,0.0,B0,204,187.07951714359587
2021-08-13 12:00:00,0.0,B0,134,135.5754340176272
2021-08-13 13:00:00,0.0,B0,195,177.7763866015251
2021-08-13 14:00:00,0.0,B0,200,185.02997915399348
2021-08-13 15:00:00,0.0,B0,195,187.54563603183902
2021-08-13 16:00:00,0.0,B0,186,181.0261967739336
2021-08-13 17:00:00,0.0,B0,176,170.56896047420963
2021-08-13 18:00:00,0.0,B0,177,173.0379432852526
2021-08-13 19:00:00,0.0,B0,168,161.93407376800718
2021-08-13 20:00:00,0.0,B0,125,124.11739337715021
2021-08-13 21:00:00,0.0,B0,119,124.42144986433347
2021-08-13 22:00:00,0.0,B0,118,117.60979172433422
2021-08-13 23:00:00,0.0,B0,116,118.83359608064822
2021-08-14 00:00:00,0.0,B0,67,64.59069760518138
2021-08-14 01:00:00,0.0,B0,106,104.71533113341155
2021-08-14 02:00:00,0.0,B0,108,106.89186089123481
2021-08-14 03:00:00,0.0,B0,98,107.04262380426017
2021-08-14 04:00:00,0.0,B0,100,104.66802835090023
2021-08-14 05:00:00,0.0,B0,91,101.18067022781305
2021-08-14 06:00:00,0.0,B0,91,105.17660530070582
2021-08-14 07:00:00,0.0,B0,75,92.3880735892359
2021-08-14 08:00:00,0.0,B0,26,27.67143591434791
2021-08-14 09:00:00,0.0,B0,23,21.581414111020866
2021-08-14 10:00:00,0.0,B0,21,23.862409300536623
2021-08-14 11:00:00,0.0,B0,26,22.77639512079433
2021-08-14 12:00:00,0.0,B0,23,23.763641856380804
2021-08-14 13:00:00,0.0,B0,21,21.74805461459725
2021-08-14 14:00:00,0.0,B0,22,22.23095730687483
2021-08-14 15:00:00,0.0,B0,26,24.092709453865343
2021-08-14 16:00:00,0.0,B0,22,23.056668760989833
2021-08-14 17:00:00,0.0,B0,22,23.376229169008255
2021-08-14 18:00:00,0.0,B0,24,23.64883532151367
2021-08-14 19:00:00,0.0,B0,26,21.627958278204073
2021-08-14 20:00:00,0.0,B0,22,20.974091498126164
2021-08-14 21:00:00,0.0,B0,23,22.905824223396458
2021-08-14 22:00:00,0.0,B0,25,23.596617252036364
2021-08-14 23:00:00,0.0,B0,22,22.053174044128532
2021-08-15 00:00:00,0.0,B0,22,21.261048854858803
2021-08-15 01:00:00,0.0,B0,28,23.60771544783622
2021-08-15 02:00:00,0.0,B0,24,23.94470447862011
2021-08-15 03:00:00,0.0,B0,22,21.24390993188288
2021-08-15 04:00:00,0.0,B0,22,21.9967227648414
2021-08-15 05:00:00,0.0,B0,25,18.243855029851925
2021-08-15 06:00:00,0.0,B0,22,24.04279900083952
2021-08-15 07:00:00,0.0,B0,21,37.272112248783074
2021-08-15 08:00:00,0.0,B0,26,25.200917258228863
2021-08-15 09:00:00,0.0,B0,24,25.22984983108885
2021-08-15 10:00:00,0.0,B0,21,22.232606373642184
2021-08-15 11:00:00,0.0,B0,22,22.550591690144966
2021-08-15 12:00:00,0.0,B0,26,23.73864632603791
2021-08-15 13:00:00,0.0,B0,22,23.179281798840623
2021-08-15 14:00:00,0.0,B0,22,23.30694803333926
2021-08-15 15:00:00,0.0,B0,21,22.334262863318244
2021-08-15 16:00:00,0.0,B0,25,23.079780195684098
2021-08-15 17:00:00,0.0,B0,22,22.69838031350304
2021-08-15 18:00:00,0.0,B0,21,23.750279292904125
2021-08-15 19:00:00,0.0,B0,25,22.82412828402222
2021-08-15 20:00:00,0.0,B0,22,23.166159741538163
2021-08-15 21:00:00,0.0,B0,22,22.998725340050775
2021-08-15 22:00:00,0.0,B0,24,23.59218642738144
2021-08-15 23:00:00,0.0,B0,25,24.189458476478066
2021-08-16 00:00:00,0.0,B0,22,32.61723895042985
2021-08-16 01:00:00,0.0,B0,23,22.695380644395186
2021-08-16 02:00:00,0.0,B0,26,22.59995827137945
2021-08-16 03:00:00,0.0,B0,21,23.429588545259815
2021-08-16 04:00:00,0.0,B0,22,21.70612360629713
2021-08-16 05:00:00,0.0,B0,22,26.156559238369145
2021-08-16 06:00:00,0.0,B0,26,31.88202853030787
2021-08-16 07:00:00,0.0,B0,122,74.68399840159483
2021-08-16 08:00:00,1.0,B0,183,184.81717246334102
2021-08-16 09:00:00,0.0,B0,190,178.29132664385716
2021-08-16 10:00:00,0.0,B0,157,183.39166936262637
2021-08-16 11:00:00,0.0,B0,157,184.94331955947658
2021-08-16 12:00:00,0.0,B0,107,118.08350528119837
2021-08-16 13:00:00,0.0,B0,157,164.63992972735568
2021-08-16 14:00:00,0.0,B0,153,161.1704603726089
2021-08-16 15:00:00,0.0,B0,146,156.57954390542153
2021-08-16 16:00:00,0.0,B0,125,154.8931338298714
2021-08-16 17:00:00,0.0,B0,105,147.88786473962597
2021-08-16 18:00:00,0.0,B0,94,128.1089291244794
2021-08-16 19:00:00,0.0,B0,95,107.84958545483755
2021-08-16 20:00:00,0.0,B0,102,101.11438686742838
2021-08-16 21:00:00,0.0,B0,116,106.28170289115427
2021-08-16 22:00:00,0.0,B0,102,112.65647981116805
2021-08-16 23:00:00,0.0,B0,102,109.30696023522397
2021-08-17 00:00:00,0.0,B0,71,65.71930548642837
2021-08-17 01:00:00,0.0,B0,100,113.68427667282738
2021-08-17 02:00:00,0.0,B0,101,107.1801993636966
2021-08-17 03:00:00,0.0,B0,99,104.76103650833153
2021-08-17 04:00:00,0.0,B0,98,101.88824567874212
2021-08-17 05:00:00,0.0,B0,103,100.28751895626019
2021-08-17 06:00:00,0.0,B0,96,108.71267131083779
2021-08-17 07:00:00,0.0,B0,146,130.5486426070543
2021-08-17 08:00:00,0.0,B0,171,176.76417338972288
2021-08-17 09:00:00,0.0,B0,170,171.4370676223848
2021-08-17 10:00:00,0.0,B0,165,171.0190541047982
2021-08-17 11:00:00,0.0,B0,173,169.93906351453944
2021-08-17 12:00:00,0.0,B0,134,128.35611898844456
2021-08-17 13:00:00,0.0,B0,164,179.53291962871216
2021-08-17 14:00:00,0.0,B0,164,165.7172057387239
2021-08-17 15:00:00,0.0,B0,168,158.63677234449912
2021-08-17 16:00:00,0.0,B0,158,164.19538833375174
2021-08-17 17:00:00,0.0,B0,135,149.70024128862093
2021-08-17 18:00:00,0.0,B0,158,147.562385632362
2021-08-17 19:00:00,0.0,B0,143,159.29816285807667
2021-08-17 20:00:00,0.0,B0,128,122.85770453392502
2021-08-17 21:00:00,0.0,B0,121,120.74063908071803
2021-08-17 22:00:00,0.0,B0,118,120.87359562671573
2021-08-17 23:00:00,0.0,B0,118,119.53277930925326
2021-08-18 00:00:00,0.0,B0,66,70.28499543970813
2021-08-18 01:00:00,0.0,B0,105,112.23352032554494
2021-08-18 02:00:00,0.0,B0,105,110.41664192296184
2021-08-18 03:00:00,0.0,B0,101,107.00124956076425
2021-08-18 04:00:00,0.0,B0,99,105.60178405188344
2021-08-18 05:00:00,0.0,B0,98,101.00110116721496
2021-08-18 06:00:00,0.0,B0,107,108.18878421244625
2021-08-18 07:00:00,0.0,B0,146,134.09699381802574
2021-08-18 08:00:00,0.0,B0,174,174.222817320913
2021-08-18 09:00:00,0.0,B0,172,171.2726953257131
2021-08-18 10:00:00,0.0,B0,176,171.54194912937155
2021-08-18 11:00:00,0.0,B0,183,176.8919668127171
2021-08-18 12:00:00,0.0,B0,120,125.45952568847042
2021-08-18 13:00:00,0.0,B0,177,178.5046359878718
2021-08-18 14:00:00,0.0,B0,185,177.84833186447523
2021-08-18 15:00:00,0.0,B0,184,180.8704309098235
2021-08-18 16:00:00,0.0,B0,188,179.1492705960691
2021-08-18 17:00:00,0.0,B0,186,169.293436186822
2021-08-18 18:00:00,0.0,B0,174,170.0074762755656
2021-08-18 19:00:00,0.0,B0,158,148.83874639175116
2021-08-18 20:00:00,0.0,B0,124,125.14969710201991
2021-08-18 21:00:00,0.0,B0,123,122.15701726394488
2021-08-18 22:00:00,0.0,B0,125,121.82715121308017
2021-08-18 23:00:00,0.0,B0,112,115.28967628982042
2021-08-19 00:00:00,0.0,B0,77,72.59202914609213
2021-08-19 01:00:00,0.0,B0,114,113.10646016937834
2021-08-19 02:00:00,0.0,B0,116,113.4332439156322
2021-08-19 03:00:00,0.0,B0,119,115.35184544737403
2021-08-19 04:00:00,0.0,B0,108,118.3858444839404
2021-08-19 05:00:00,0.0,B0,106,108.55848696302658
2021-08-19 06:00:00,0.0,B0,119,112.25795792838449
2021-08-19 07:00:00,0.0,B0,143,147.11778826078057
2021-08-19 08:00:00,0.0,B0,185,179.2572992791705
2021-08-19 09:00:00,0.0,B0,182,176.33914349588258
2021-08-19 10:00:00,0.0,B0,177,181.4832848023453
2021-08-19 11:00:00,0.0,B0,188,181.38556438713368
2021-08-19 12:00:00,0.0,B0,120,125.37219204377881
2021-08-19 13:00:00,0.0,B0,172,178.1552993774567
2021-08-19 14:00:00,0.0,B0,184,171.3779991148572
2021-08-19 15:00:00,0.0,B0,185,177.1930805851873
2021-08-19 16:00:00,0.0,B0,171,178.28547548701005
2021-08-19 17:00:00,0.0,B0,155,167.9104228661326
2021-08-19 18:00:00,0.0,B0,161,163.54616759716427
2021-08-19 19:00:00,0.0,B0,153,151.94353924332745
2021-08-19 20:00:00,0.0,B0,134,125.32404338689842
2021-08-19 21:00:00,0.0,B0,123,125.35358139713016
2021-08-19 22:00:00,0.0,B0,125,121.94520415120233
2021-08-19 23:00:00,0.0,B0,117,120.06217276481105
2021-08-20 00:00:00,0.0,B0,80,74.60973819663913
2021-08-20 01:00:00,0.0,B0,109,111.35832291503887
2021-08-20 02:00:00,0.0,B0,110,107.99015163006669
2021-08-20 03:00:00,0.0,B0,107,109.76262449114067
2021-08-20 04:00:00,0.0,B0,106,106.92866132938322
2021-08-20 05:00:00,0.0,B0,104,106.5373230334572
2021-08-20 06:00:00,0.0,B0,115,109.32385738226009
2021-08-20 07:00:00,0.0,B0,146,141.82047924492733
2021-08-20 08:00:00,0.0,B0,179,172.04796628824437
2021-08-20 09:00:00,0.0,B0,175,176.1439878966218
2021-08-20 10:00:00,0.0,B0,168,178.59145640935157
2021-08-20 11:00:00,0.0,B0,193,169.95971101928006
2021-08-20 12:00:00,0.0,B0,134,133.45049852289213
2021-08-20 13:00:00,0.0,B0,180,187.13020803211109
2021-08-20 14:00:00,0.0,B0,184,175.39566248418248
2021-08-20 15:00:00,0.0,B0,176,180.52981584015242
2021-08-20 16:00:00,0.0,B0,177,172.5771715375392
2021-08-20 17:00:00,0.0,B0,164,162.90704116225396
2021-08-20 18:00:00,0.0,B0,158,166.29134857613803
2021-08-20 19:00:00,0.0,B0,146,154.13803658544276
2021-08-20 20:00:00,0.0,B0,125,117.92693542113464
2021-08-20 21:00:00,0.0,B0,121,121.09700851426996
2021-08-20 22:00:00,0.0,B0,113,120.05628948309679
2021-08-20 23:00:00,0.0,B0,106,114.62106149112019
2021-08-21 00:00:00,0.0,B0,64,66.58746812199044
2021-08-21 01:00:00,0.0,B0,99,113.38339176023811
2021-08-21 02:00:00,0.0,B0,109,104.67443929735234
2021-08-21 03:00:00,0.0,B0,102,108.4237228641396
2021-08-21 04:00:00,0.0,B0,107,107.58360540840002
2021-08-21 05:00:00,0.0,B0,110,104.48673142675534
2021-08-21 06:00:00,0.0,B0,103,110.02620104731433
2021-08-21 07:00:00,0.0,B0,94,93.65088084684216
2021-08-21 08:00:00,-1.0,B0,26,27.194956671700798
2021-08-21 09:00:00,0.0,B0,21,23.657121262140947
2021-08-21 10:00:00,0.0,B0,22,22.184333106672685
2021-08-21 11:00:00,0.0,B0,26,23.41025430523718
2021-08-21 12:00:00,0.0,B0,22,22.713466011501733
2021-08-21 13:00:00,0.0,B0,21,23.367710051131528
2021-08-21 14:00:00,0.0,B0,26,22.23095730687483
2021-08-21 15:00:00,0.0,B0,23,24.106844605868904
2021-08-21 16:00:00,0.0,B0,22,23.376229169008255
2021-08-21 17:00:00,0.0,B0,22,23.552972382030276
2021-08-21 18:00:00,0.0,B0,27,23.64883532151367
2021-08-21 19:00:00,0.0,B0,21,23.67712795397238
2021-08-21 20:00:00,0.0,B0,22,21.28616878686218
2021-08-21 21:00:00,0.0,B0,23,23.830627988519055
2021-08-21 22:00:00,0.0,B0,27,23.730365772066065
2021-08-21 23:00:00,0.0,B0,23,23.865733867320895
2021-08-22 00:00:00,0.0,B0,23,22.865811858625015
2021-08-22 01:00:00,0.0,B0,26,23.898708424696945
2021-08-22 02:00:00,0.0,B0,27,24.12314790399458
2021-08-22 03:00:00,0.0,B0,24,23.603881179271262
2021-08-22 04:00:00,0.0,B0,22,21.164999098083804
2021-08-22 05:00:00,0.0,B0,26,24.450554921715373
2021-08-22 06:00:00,0.0,B0,22,23.625445786474806
2021-08-22 07:00:00,0.0,B0,22,48.96435792668741
2021-08-22 08:00:00,0.0,B0,22,41.180529316078754
2021-08-22 09:00:00,0.0,B0,27,23.847838339043317
2021-08-22 10:00:00,0.0,B0,22,23.06198651205949
2021-08-22 11:00:00,0.0,B0,23,23.055266115896472
2021-08-22 12:00:00,0.0,B0,24,22.42599909336099
2021-08-22 13:00:00,0.0,B0,26,24.812739738350054
2021-08-22 14:00:00,0.0,B0,23,24.588354808862647
2021-08-22 15:00:00,0.0,B0,23,24.5623015817936
2021-08-22 16:00:00,0.0,B0,27,24.873288711524616
2021-08-22 17:00:00,0.0,B0,22,23.463295791452673
2021-08-22 18:00:00,0.0,B0,22,22.90400640012819
2021-08-22 19:00:00,0.0,B0,22,24.1399631675325
2021-08-22 20:00:00,0.0,B0,26,24.1399631675325
2021-08-22 21:00:00,0.0,B0,23,22.806334600397612
2021-08-22 22:00:00,0.0,B0,24,22.858217884335293
2021-08-22 23:00:00,0.0,B0,26,24.452475191725156
2021-08-23 00:00:00,0.0,B0,25,31.56616804829399
2021-08-23 01:00:00,0.0,B0,23,24.894855278525586
2021-08-23 02:00:00,0.0,B0,23,24.603813582637656
2021-08-23 03:00:00,0.0,B0,27,24.892119721016755
2021-08-23 04:00:00,0.0,B0,22,24.082490355822333
2021-08-23 05:00:00,0.0,B0,22,27.554173024819203
2021-08-23 06:00:00,0.0,B0,22,34.70437062193083
2021-08-23 07:00:00,0.0,B0,92,75.68834241387643
2021-08-23 08:00:00,1.0,B0,181,181.16443317501512
2021-08-23 09:00:00,0.0,B0,187,177.4087282397093
2021-08-23 10:00:00,0.0,B0,182,178.64912683771337
2021-08-23 11:00:00,0.0,B0,191,179.63258232619896
2021-08-23 12:00:00,0.0,B0,136,133.9438980609819
2021-08-23 13:00:00,0.0,B0,193,190.35743882451914
2021-08-23 14:00:00,0.0,B0,190,186.4359777277155
2021-08-23 15:00:00,0.0,B0,196,184.5907809343773
2021-08-23 16:00:00,0.0,B0,177,184.8501904105117
2021-08-23 17:00:00,0.0,B0,177,173.98956708148663
2021-08-23 18:00:00,0.0,B0,179,174.42403170046953
2021-08-23 19:00:00,0.0,B0,137,136.08847551798172
2021-08-23 20:00:00,0.0,B0,118,118.9200239910671
2021-08-23 21:00:00,0.0,B0,117,117.21376031258792
2021-08-23 22:00:00,0.0,B0,113,116.31096550712981
2021-08-23 23:00:00,0.0,B0,107,115.22106658990066
2021-08-24 00:00:00,0.0,B0,67,65.33677249664566
2021-08-24 01:00:00,0.0,B0,111,109.41446653833916
2021-08-24 02:00:00,0.0,B0,115,111.23080032028838
2021-08-24 03:00:00,0.0,B0,115,111.64529465541027
2021-08-24 04:00:00,0.0,B0,113,110.88714280226819
2021-08-24 05:00:00,0.0,B0,106,108.96335228748889
2021-08-24 06:00:00,0.0,B0,115,112.98182605531078
2021-08-24 07:00:00,0.0,B0,145,149.57997826857283
2021-08-24 08:00:00,0.0,B0,196,180.26803201730365
2021-08-24 09:00:00,0.0,B0,190,186.84453772153367
2021-08-24 10:00:00,0.0,B0,181,182.89109978004035
2021-08-24 11:00:00,0.0,B0,188,184.98159510276122
2021-08-24 12:00:00,0.0,B0,130,131.50394291909075
2021-08-24 13:00:00,0.0,B0,180,183.66746757747336
2021-08-24 14:00:00,0.0,B0,190,176.65159831090781
2021-08-24 15:00:00,0.0,B0,201,183.88504942913139
2021-08-24 16:00:00,0.0,B0,191,185.5604182689733
2021-08-24 17:00:00,0.0,B0,157,174.79106471157746
2021-08-24 18:00:00,0.0,B0,156,172.90159651547575
2021-08-24 19:00:00,0.0,B0,164,154.5832291929224
2021-08-24 20:00:00,0.0,B0,125,139.83738986953963
2021-08-24 21:00:00,0.0,B0,123,121.79641708212988
2021-08-24 22:00:00,0.0,B0,120,121.74947677401943
2021-08-24 23:00:00,0.0,B0,107,116.73559524199565
2021-08-25 00:00:00,0.0,B0,81,65.80691841857961
2021-08-25 01:00:00,0.0,B0,111,110.25770978274551
2021-08-25 02:00:00,0.0,B0,115,111.1181578878041
2021-08-25 03:00:00,0.0,B0,106,111.92812381318626
2021-08-25 04:00:00,0.0,B0,110,111.31798005326208
2021-08-25 05:00:00,0.0,B0,107,108.88552191707002
2021-08-25 06:00:00,0.0,B0,108,112.61892394247715
2021-08-25 07:00:00,0.0,B0,162,135.71343949193354
2021-08-25 08:00:00,0.0,B0,182,181.19653792389522
2021-08-25 09:00:00,0.0,B0,181,178.58445094043446
2021-08-25 10:00:00,0.0,B0,189,180.25518643256044
2021-08-25 11:00:00,0.0,B0,184,182.91609287864677
2021-08-25 12:00:00,0.0,B0,121,129.02038130651567
2021-08-25 13:00:00,0.0,B0,180,180.37998530662682
2021-08-25 14:00:00,0.0,B0,184,176.7301359514626
2021-08-25 15:00:00,0.0,B0,180,179.33211607438565
2021-08-25 16:00:00,0.0,B0,172,178.07668405355267
2021-08-25 17:00:00,0.0,B0,176,167.08691096210663
2021-08-25 18:00:00,0.0,B0,172,168.1125153388344
2021-08-25 19:00:00,0.0,B0,152,158.38293276640698
2021-08-25 20:00:00,0.0,B0,124,123.31637895591702
2021-08-25 21:00:00,0.0,B0,131,123.34521841204226
2021-08-25 22:00:00,0.0,B0,114,121.15258316402668
2021-08-25 23:00:00,0.0,B0,119,115.53124261776922
2021-08-26 00:00:00,0.0,B0,73,66.51494142239979
2021-08-26 01:00:00,0.0,B0,110,117.08748572167116
2021-08-26 02:00:00,0.0,B0,118,110.18212390092583
2021-08-26 03:00:00,0.0,B0,104,118.27376309768654
2021-08-26 04:00:00,0.0,B0,115,110.09612176285736
2021-08-26 05:00:00,0.0,B0,108,106.53940916879971
2021-08-26 06:00:00,0.0,B0,111,114.81162110671102
2021-08-26 07:00:00,0.0,B0,147,135.54615883510368
2021-08-26 08:00:00,0.0,B0,196,177.41819806589868
2021-08-26 09:00:00,0.0,B0,199,186.22553773361588
2021-08-26 10:00:00,0.0,B0,193,187.95494834727347
2021-08-26 11:00:00,0.0,B0,194,186.3915080042707
2021-08-26 12:00:00,0.0,B0,127,133.78725426890884
2021-08-26 13:00:00,0.0,B0,199,187.72219545097187
2021-08-26 14:00:00,0.0,B0,190,188.063210724476
2021-08-26 15:00:00,0.0,B0,202,183.53846369812928
2021-08-26 16:00:00,0.0,B0,186,187.5140565266198
2021-08-26 17:00:00,0.0,B0,161,170.48393693341276
2021-08-26 18:00:00,0.0,B0,167,169.21240203888547
2021-08-26 19:00:00,0.0,B0,170,162.16790501683982
2021-08-26 20:00:00,0.0,B0,121,128.3714394072329
2021-08-26 21:00:00,0.0,B0,128,122.99739344126361
2021-08-26 22:00:00,0.0,B0,116,122.42397908913989
2021-08-26 23:00:00,0.0,B0,113,116.29440814282391
2021-08-27 00:00:00,0.0,B0,77,69.86151767852549
2021-08-27 01:00:00,0.0,B0,111,111.39437135505335
2021-08-27 02:00:00,0.0,B0,115,109.63210378704825
2021-08-27 03:00:00,0.0,B0,114,112.7661906725286
2021-08-27 04:00:00,0.0,B0,112,113.68261736838669
2021-08-27 05:00:00,0.0,B0,104,108.44872227472908
2021-08-27 06:00:00,0.0,B0,103,110.099774830697
2021-08-27 07:00:00,0.0,B0,135,130.56607197236914
2021-08-27 08:00:00,0.0,B0,190,170.855843829524
2021-08-27 09:00:00,0.0,B0,185,179.0179969761305
2021-08-27 10:00:00,0.0,B0,177,180.8699274571858
2021-08-27 11:00:00,0.0,B0,182,181.60316909681947
2021-08-27 12:00:00,0.0,B0,125,126.75610765498132
2021-08-27 13:00:00,0.0,B0,179,178.82460771954524
2021-08-27 14:00:00,0.0,B0,169,174.14645649236022
2021-08-27 15:00:00,0.0,B0,175,171.6646095321733
2021-08-27 16:00:00,0.0,B0,161,165.95714554206182
2021-08-27 17:00:00,0.0,B0,163,159.259978334304
2021-08-27 18:00:00,0.0,B0,157,156.3045105487961
2021-08-27 19:00:00,0.0,B0,138,128.99523165144268
2021-08-27 20:00:00,0.0,B0,111,118.37215742626417
2021-08-27 21:00:00,0.0,B0,115,112.87326599672608
2021-08-27 22:00:00,0.0,B0,105,107.28054800624611
2021-08-27 23:00:00,0.0,B0,113,110.81529414365205
2021-08-28 00:00:00,0.0,B0,75,66.66060990086723
2021-08-28 01:00:00,0.0,B0,111,115.03074221404974
2021-08-28 02:00:00,0.0,B0,119,110.19724875444501
2021-08-28 03:00:00,0.0,B0,109,111.84083396078773
2021-08-28 04:00:00,0.0,B0,107,109.72099464904814
2021-08-28 05:00:00,0.0,B0,107,104.44440516564251
2021-08-28 06:00:00,0.0,B0,103,110.14677627842484
2021-08-28 07:00:00,0.0,B0,94,94.73258726686231
2021-08-28 08:00:00,0.0,B0,36,27.33446955603715
2021-08-28 09:00:00,0.0,B0,36,24.68156963478762
2021-08-28 10:00:00,0.0,B0,41,24.870111657818732
2021-08-28 11:00:00,0.0,B0,39,24.33037465858102
2021-08-28 12:00:00,0.0,B0,38,24.03901778938261
2021-08-28 13:00:00,0.0,B0,41,24.530361943740843
2021-08-28 14:00:00,0.0,B0,41,24.53888106161757
2021-08-28 15:00:00,0.0,B0,38,24.53888106161757
2021-08-28 16:00:00,0.0,B0,52,24.53888106161757
2021-08-28 17:00:00,0.0,B0,47,24.53888106161757
2021-08-28 18:00:00,0.0,B0,0,21.421635277375856
2021-08-28 19:00:00,0.0,B0,0,21.469490932070595
2021-08-28 20:00:00,0.0,B0,0,23.90336303539748
2021-08-28 21:00:00,0.0,B0,0,23.90336303539748
2021-08-28 22:00:00,0.0,B0,0,23.90336303539748
2021-08-28 23:00:00,0.0,B0,0,23.90336303539748
2021-08-29 00:00:00,0.0,B0,0,23.539881495750926
2021-08-29 01:00:00,0.0,B0,0,23.547816541915985
2021-08-29 02:00:00,0.0,B0,0,23.65790254440862
2021-08-29 03:00:00,0.0,B0,0,23.65790254440862
2021-08-29 04:00:00,0.0,B0,0,23.65790254440862
2021-08-29 05:00:00,0.0,B0,0,20.479314414370688
2021-08-29 06:00:00,0.0,B0,0,19.797516994789003
2021-08-29 07:00:00,0.0,B0,0,32.16183727468828
2021-08-29 08:00:00,0.0,B0,0,27.03775622820513
2021-08-29 09:00:00,0.0,B0,0,23.919419640657736
2021-08-29 10:00:00,0.0,B0,0,23.919419640657736
2021-08-29 11:00:00,0.0,B0,41,23.91090052278101
2021-08-29 12:00:00,0.0,B0,23,23.036556740686205
2021-08-29 13:00:00,0.0,B0,19,21.78556218498625
2021-08-29 14:00:00,0.0,B0,22,22.774053860331723
2021-08-29 15:00:00,0.0,B0,21,23.230040240091952
2021-08-29 16:00:00,0.0,B0,23,23.079780195684098
2021-08-29 17:00:00,0.0,B0,26,24.08184907552601
2021-08-29 18:00:00,0.0,B0,25,23.452014953507955
2021-08-29 19:00:00,0.0,B0,21,21.763604448967893
2021-08-29 20:00:00,0.0,B0,20,21.3790699035165
2021-08-29 21:00:00,0.0,B0,21,23.65790254440862
2021-08-29 22:00:00,0.0,B0,24,23.65790254440862
2021-08-29 23:00:00,0.0,B0,21,22.51343964573562
2021-08-30 00:00:00,0.0,B0,20,29.854504058139437
2021-08-30 01:00:00,0.0,B0,23,24.443139715425126
2021-08-30 02:00:00,0.0,B0,24,25.100080745804306
2021-08-30 03:00:00,0.0,B0,21,21.954175399339064
2021-08-30 04:00:00,0.0,B0,20,22.86657746663032
2021-08-30 05:00:00,0.0,B0,20,27.465257480135342
2021-08-30 06:00:00,0.0,B0,24,34.230415621543806
2021-08-30 07:00:00,0.0,B0,80,75.14183544637532
2021-08-30 08:00:00,1.0,B0,183,182.14662556010342
2021-08-30 09:00:00,0.0,B0,180,177.85963558385936
2021-08-30 10:00:00,0.0,B0,186,175.95532103271515
2021-08-30 11:00:00,0.0,B0,180,180.88035017354915
2021-08-30 12:00:00,0.0,B0,134,131.18658210936007
2021-08-30 13:00:00,0.0,B0,177,184.48342223602938
2021-08-30 14:00:00,0.0,B0,174,174.7135914190958
2021-08-30 15:00:00,0.0,B0,177,177.26596833563698
2021-08-30 16:00:00,0.0,B0,174,175.70454208833496
2021-08-30 17:00:00,0.0,B0,172,161.0523900469458
2021-08-30 18:00:00,0.0,B0,172,169.97866114553293
2021-08-30 19:00:00,0.0,B0,162,161.88458986734017
2021-08-30 20:00:00,0.0,B0,132,129.06379235250984
2021-08-30 21:00:00,0.0,B0,135,127.09825020464162
2021-08-30 22:00:00,0.0,B0,123,125.3795264717094
2021-08-30 23:00:00,0.0,B0,115,121.39049177323682
2021-08-31 00:00:00,0.0,B0,76,71.37699202325032
2021-08-31 01:00:00,0.0,B0,111,115.92545159928363
2021-08-31 02:00:00,0.0,B0,114,111.23080032028838
2021-08-31 03:00:00,0.0,B0,107,109.17881851701587
2021-08-31 04:00:00,0.0,B0,114,109.52124243230168
2021-08-31 05:00:00,0.0,B0,114,108.86909197109263
2021-08-31 06:00:00,0.0,B0,114,119.09774438001917
2021-08-31 07:00:00,0.0,B0,144,145.16752772101526
2021-08-31 08:00:00,0.0,B0,177,180.20332947420854
2021-08-31 09:00:00,0.0,B0,185,170.95008477843015
2021-08-31 10:00:00,0.0,B0,187,178.06146283187292
2021-08-31 11:00:00,0.0,B0,182,182.29317621614217
2021-08-31 12:00:00,0.0,B0,135,124.60427486942866
2021-08-31 13:00:00,0.0,B0,184,179.46091931314334
2021-08-31 14:00:00,0.0,B0,187,177.05075693694667
2021-08-31 15:00:00,0.0,B0,170,181.77887363371573
2021-08-31 16:00:00,0.0,B0,180,169.8259918842345
2021-08-31 17:00:00,0.0,B0,139,161.11847698777015
2021-08-31 18:00:00,0.0,B0,162,159.61242385080607
2021-08-31 19:00:00,0.0,B0,154,146.82968987852905
2021-08-31 20:00:00,0.0,B0,152,144.34049999631637
2021-08-31 21:00:00,0.0,B0,132,130.7005406997649
2021-08-31 22:00:00,,B0,127,126.48912384992535
2021-08-31 23:00:00,,B0,128,120.77455969996767
2021-07-01 00:00:00,0.0,B1_all,69,57.44589496782159
2021-07-01 01:00:00,0.0,B1_all,115,118.04683715795011
2021-07-01 02:00:00,0.0,B1_all,116,118.55468361108531
2021-07-01 03:00:00,0.0,B1_all,112,119.39736200759201
2021-07-01 04:00:00,0.0,B1_all,111,117.35614883003994
2021-07-01 05:00:00,0.0,B1_all,114,112.50884942328511
2021-07-01 06:00:00,0.0,B1_all,115,119.99748221092955
2021-07-01 07:00:00,0.0,B1_all,148,153.89598395239997
2021-07-01 08:00:00,0.0,B1_all,194,178.02843826236878
2021-07-01 09:00:00,0.0,B1_all,184,186.2455905636594
2021-07-01 10:00:00,0.0,B1_all,185,181.58595429528572
2021-07-01 11:00:00,0.0,B1_all,190,180.8654262043088
2021-07-01 12:00:00,0.0,B1_all,115,128.00768474638605
2021-07-01 13:00:00,0.0,B1_all,206,177.09654816351753
2021-07-01 14:00:00,0.0,B1_all,192,190.18609164317851
2021-07-01 15:00:00,0.0,B1_all,197,181.18738206492546
2021-07-01 16:00:00,0.0,B1_all,188,186.37269892509323
2021-07-01 17:00:00,0.0,B1_all,160,166.52514297664243
2021-07-01 18:00:00,0.0,B1_all,164,169.2634872739178
2021-07-01 19:00:00,0.0,B1_all,171,158.61945151687087
2021-07-01 20:00:00,0.0,B1_all,147,143.33191037090802
2021-07-01 21:00:00,0.0,B1_all,141,140.7922912857777
2021-07-01 22:00:00,0.0,B1_all,122,137.510210604522
2021-07-01 23:00:00,0.0,B1_all,124,121.22860810100275
2021-07-02 00:00:00,0.0,B1_all,69,68.84207682010737
2021-07-02 01:00:00,0.0,B1_all,115,113.35045695302027
2021-07-02 02:00:00,0.0,B1_all,121,115.00597462269504
2021-07-02 03:00:00,0.0,B1_all,115,119.76454098275342
2021-07-02 04:00:00,0.0,B1_all,110,114.91395918610614
2021-07-02 05:00:00,0.0,B1_all,120,110.80099820368545
2021-07-02 06:00:00,0.0,B1_all,117,123.29967925792889
2021-07-02 07:00:00,0.0,B1_all,143,147.81484622279024
2021-07-02 08:00:00,0.0,B1_all,173,168.98535986284446
2021-07-02 09:00:00,0.0,B1_all,187,172.01551047460805
2021-07-02 10:00:00,0.0,B1_all,179,172.38948447205084
2021-07-02 11:00:00,0.0,B1_all,186,178.94107620703707
2021-07-02 12:00:00,0.0,B1_all,117,122.5995727016015
2021-07-02 13:00:00,0.0,B1_all,178,179.95496148455823
2021-07-02 14:00:00,0.0,B1_all,183,171.82828204775797
2021-07-02 15:00:00,0.0,B1_all,160,176.67504107777282
2021-07-02 16:00:00,0.0,B1_all,164,171.92250140268996
2021-07-02 17:00:00,0.0,B1_all,175,156.58223281862504
2021-07-02 18:00:00,0.0,B1_all,169,160.53961713493567
2021-07-02 19:00:00,0.0,B1_all,149,147.22625650625292
2021-07-02 20:00:00,0.0,B1_all,130,124.50660893165072
2021-07-02 21:00:00,0.0,B1_all,121,120.61936432565946
2021-07-02 22:00:00,0.0,B1_all,117,120.61082646043356
2021-07-02 23:00:00,0.0,B1_all,103,115.13405460581957
2021-07-03 00:00:00,0.0,B1_all,76,67.42735448930387
2021-07-03 01:00:00,0.0,B1_all,110,112.44451453468857
2021-07-03 02:00:00,0.0,B1_all,107,113.41200819328313
2021-07-03 03:00:00,0.0,B1_all,108,107.84180869436594
2021-07-03 04:00:00,0.0,B1_all,112,108.55908852296278
2021-07-03 05:00:00,0.0,B1_all,105,105.39862016805154
2021-07-03 06:00:00,0.0,B1_all,105,110.95181907179042
2021-07-03 07:00:00,-1.0,B1_all,83,94.03970755727532
2021-07-03 08:00:00,0.0,B1_all,23,24.981753194663145
2021-07-03 09:00:00,0.0,B1_all,27,23.513196180760353
2021-07-03 10:00:00,0.0,B1_all,23,23.271962439466336
2021-07-03 11:00:00,0.0,B1_all,23,23.435541301982887
2021-07-03 12:00:00,0.0,B1_all,27,23.88467115043144
2021-07-03 13:00:00,0.0,B1_all,22,25.675318992846137
2021-07-03 14:00:00,0.0,B1_all,23,22.723467526714202
2021-07-03 15:00:00,0.0,B1_all,25,23.969179933058836
2021-07-03 16:00:00,0.0,B1_all,26,26.406804195505934
2021-07-03 17:00:00,0.0,B1_all,22,25.18751867940658
2021-07-03 18:00:00,0.0,B1_all,23,23.86303605366103
2021-07-03 19:00:00,0.0,B1_all,27,24.59927958468918
2021-07-03 20:00:00,0.0,B1_all,23,21.905969477806263
2021-07-03 21:00:00,0.0,B1_all,23,23.50941413849968
2021-07-03 22:00:00,0.0,B1_all,27,24.39459932750346
2021-07-03 23:00:00,0.0,B1_all,23,21.27777005267305
2021-07-04 00:00:00,0.0,B1_all,23,23.485155059078355
2021-07-04 01:00:00,0.0,B1_all,27,23.62696915057396
2021-07-04 02:00:00,0.0,B1_all,24,23.749869505104037
2021-07-04 03:00:00,0.0,B1_all,23,21.923858757042016
2021-07-04 04:00:00,0.0,B1_all,23,27.38251412091944
2021-07-04 05:00:00,0.0,B1_all,27,28.02442601924583
2021-07-04 06:00:00,0.0,B1_all,23,18.375060530096995
2021-07-04 07:00:00,0.0,B1_all,23,31.66739057532909
2021-07-04 08:00:00,0.0,B1_all,28,44.28806580550688
2021-07-04 09:00:00,0.0,B1_all,22,21.90807431330809
2021-07-04 10:00:00,0.0,B1_all,23,22.60302245608098
2021-07-04 11:00:00,0.0,B1_all,28,23.848734862425612
2021-07-04 12:00:00,0.0,B1_all,24,24.510829620127655
2021-07-04 13:00:00,0.0,B1_all,24,24.213206327414877
2021-07-04 14:00:00,0.0,B1_all,27,25.392693704676457
2021-07-04 15:00:00,0.0,B1_all,27,26.210565438123318
2021-07-04 16:00:00,0.0,B1_all,25,26.39846383523261
2021-07-04 17:00:00,0.0,B1_all,22,26.866304414784054
2021-07-04 18:00:00,0.0,B1_all,27,23.689685992793713
2021-07-04 19:00:00,0.0,B1_all,23,23.53268961592539
2021-07-04 20:00:00,0.0,B1_all,23,22.68183664899118
2021-07-04 21:00:00,0.0,B1_all,28,23.858493818245172
2021-07-04 22:00:00,0.0,B1_all,24,24.24083916587917
2021-07-04 23:00:00,0.0,B1_all,23,22.854442497325138
2021-07-05 00:00:00,0.0,B1_all,28,30.663984193977058
2021-07-05 01:00:00,0.0,B1_all,23,25.228507992730606
2021-07-05 02:00:00,0.0,B1_all,23,23.204635047923887
2021-07-05 03:00:00,0.0,B1_all,25,25.239894326815445
2021-07-05 04:00:00,0.0,B1_all,27,24.3772425819493
2021-07-05 05:00:00,0.0,B1_all,23,43.98987979684682
2021-07-05 06:00:00,0.0,B1_all,23,40.8419097342053
2021-07-05 07:00:00,0.0,B1_all,104,84.26675472578692
2021-07-05 08:00:00,1.0,B1_all,183,195.13655885229684
2021-07-05 09:00:00,0.0,B1_all,175,175.42201182533373
2021-07-05 10:00:00,0.0,B1_all,185,176.38560041305007
2021-07-05 11:00:00,0.0,B1_all,185,182.38604243746823
2021-07-05 12:00:00,0.0,B1_all,116,129.8574394259804
2021-07-05 13:00:00,0.0,B1_all,181,171.19253044200642
2021-07-05 14:00:00,0.0,B1_all,170,173.792983490982
2021-07-05 15:00:00,0.0,B1_all,183,169.53166509246824
2021-07-05 16:00:00,0.0,B1_all,173,173.12044671387608
2021-07-05 17:00:00,0.0,B1_all,140,157.72294691516635
2021-07-05 18:00:00,0.0,B1_all,163,151.12426350031467
2021-07-05 19:00:00,0.0,B1_all,153,159.86576246265363
2021-07-05 20:00:00,0.0,B1_all,130,125.37281038605937
2021-07-05 21:00:00,0.0,B1_all,124,127.56902192217444
2021-07-05 22:00:00,0.0,B1_all,115,118.83988315927556
2021-07-05 23:00:00,0.0,B1_all,116,114.61504154284759
2021-07-06 00:00:00,0.0,B1_all,68,67.51398437714491
2021-07-06 01:00:00,0.0,B1_all,111,114.52181829637968
2021-07-06 02:00:00,0.0,B1_all,110,109.73532242888163
2021-07-06 03:00:00,0.0,B1_all,116,103.29069379596889
2021-07-06 04:00:00,0.0,B1_all,112,113.14270553054442
2021-07-06 05:00:00,0.0,B1_all,110,110.56541748075742
2021-07-06 06:00:00,0.0,B1_all,105,112.80213264897178
2021-07-06 07:00:00,0.0,B1_all,145,132.83857903908702
2021-07-06 08:00:00,0.0,B1_all,193,183.36118462639635
2021-07-06 09:00:00,0.0,B1_all,185,182.11572563259446
2021-07-06 10:00:00,0.0,B1_all,176,180.03031388358912
2021-07-06 11:00:00,0.0,B1_all,182,178.9767363560019
2021-07-06 12:00:00,0.0,B1_all,132,126.63461079094328
2021-07-06 13:00:00,0.0,B1_all,170,169.55536044909772
2021-07-06 14:00:00,0.0,B1_all,185,167.06193209674458
2021-07-06 15:00:00,0.0,B1_all,173,178.13453587649724
2021-07-06 16:00:00,0.0,B1_all,177,175.48544649185152
2021-07-06 17:00:00,0.0,B1_all,148,163.67690539072632
2021-07-06 18:00:00,0.0,B1_all,161,165.2697015087015
2021-07-06 19:00:00,0.0,B1_all,157,154.78741335404035
2021-07-06 20:00:00,0.0,B1_all,138,141.00744980441885
2021-07-06 21:00:00,0.0,B1_all,132,126.47812930605609
2021-07-06 22:00:00,0.0,B1_all,115,126.94850123838184
2021-07-06 23:00:00,0.0,B1_all,114,114.81462672708035
2021-07-07 00:00:00,0.0,B1_all,89,75.9664027401334
2021-07-07 01:00:00,0.0,B1_all,112,114.16815747583861
2021-07-07 02:00:00,0.0,B1_all,107,115.68724612684218
2021-07-07 03:00:00,0.0,B1_all,115,108.86267543772871
2021-07-07 04:00:00,0.0,B1_all,108,110.52904221074452
2021-07-07 05:00:00,0.0,B1_all,101,106.11076653287314
2021-07-07 06:00:00,0.0,B1_all,106,105.99933794116318
2021-07-07 07:00:00,0.0,B1_all,145,138.70614634118684
2021-07-07 08:00:00,0.0,B1_all,203,183.4628310360429
2021-07-07 09:00:00,0.0,B1_all,187,188.5645817457959
2021-07-07 10:00:00,0.0,B1_all,186,181.571405552297
2021-07-07 11:00:00,0.0,B1_all,183,180.76909478798473
2021-07-07 12:00:00,0.0,B1_all,131,128.1500940284722
2021-07-07 13:00:00,0.0,B1_all,185,174.98841963364248
2021-07-07 14:00:00,0.0,B1_all,185,181.74377478647327
2021-07-07 15:00:00,0.0,B1_all,176,179.8151873382004
2021-07-07 16:00:00,0.0,B1_all,181,181.4090863292713
2021-07-07 17:00:00,0.0,B1_all,179,165.0912226726388
2021-07-07 18:00:00,0.0,B1_all,173,174.6357906668201
2021-07-07 19:00:00,0.0,B1_all,169,162.94178183395627
2021-07-07 20:00:00,0.0,B1_all,127,129.13611667585306
2021-07-07 21:00:00,0.0,B1_all,120,121.9460459080482
2021-07-07 22:00:00,0.0,B1_all,113,120.25560943571375
2021-07-07 23:00:00,0.0,B1_all,110,114.64052699253192
2021-07-08 00:00:00,0.0,B1_all,78,73.02952570645162
2021-07-08 01:00:00,0.0,B1_all,104,115.73423664099914
2021-07-08 02:00:00,0.0,B1_all,110,108.63934246745573
2021-07-08 03:00:00,0.0,B1_all,115,106.74283860808178
2021-07-08 04:00:00,0.0,B1_all,109,109.10752022052274
2021-07-08 05:00:00,0.0,B1_all,107,110.5274245404116
2021-07-08 06:00:00,0.0,B1_all,115,112.77384857409554
2021-07-08 07:00:00,0.0,B1_all,146,144.8525459969879
2021-07-08 08:00:00,0.0,B1_all,187,177.2416339173666
2021-07-08 09:00:00,0.0,B1_all,186,179.75441684975792
2021-07-08 10:00:00,0.0,B1_all,201,179.6077958538862
2021-07-08 11:00:00,0.0,B1_all,192,189.5490331798937
2021-07-08 12:00:00,0.0,B1_all,131,129.1868092922469
2021-07-08 13:00:00,0.0,B1_all,201,177.4450790354978
2021-07-08 14:00:00,0.0,B1_all,200,185.11137405770276
2021-07-08 15:00:00,0.0,B1_all,184,182.33774403226724
2021-07-08 16:00:00,0.0,B1_all,186,181.33929571455604
2021-07-08 17:00:00,-1.0,B1_all,155,151.0515379165645
2021-07-08 18:00:00,0.0,B1_all,155,171.49263316231313
2021-07-08 19:00:00,0.0,B1_all,153,148.30854224516926
2021-07-08 20:00:00,0.0,B1_all,132,140.38958035428968
2021-07-08 21:00:00,0.0,B1_all,128,125.90115950554511
2021-07-08 22:00:00,0.0,B1_all,118,122.61080549179937
2021-07-08 23:00:00,0.0,B1_all,119,118.04003060584022
2021-07-09 00:00:00,0.0,B1_all,78,74.14547087537892
2021-07-09 01:00:00,0.0,B1_all,105,115.53916596097643
2021-07-09 02:00:00,0.0,B1_all,114,112.57081538941627
2021-07-09 03:00:00,0.0,B1_all,109,113.64069748583042
2021-07-09 04:00:00,0.0,B1_all,106,109.63750797832012
2021-07-09 05:00:00,0.0,B1_all,105,106.01135425862488
2021-07-09 06:00:00,0.0,B1_all,125,109.01934848480761
2021-07-09 07:00:00,0.0,B1_all,156,145.6993892148712
2021-07-09 08:00:00,0.0,B1_all,188,178.66758646200114
2021-07-09 09:00:00,0.0,B1_all,168,176.12231535019865
2021-07-09 10:00:00,0.0,B1_all,176,174.40519077707654
2021-07-09 11:00:00,0.0,B1_all,176,171.2930733488979
2021-07-09 12:00:00,0.0,B1_all,112,125.12365554847646
2021-07-09 13:00:00,0.0,B1_all,186,167.1925878748395
2021-07-09 14:00:00,0.0,B1_all,192,175.0004087703176
2021-07-09 15:00:00,0.0,B1_all,188,183.28884581838068
2021-07-09 16:00:00,0.0,B1_all,176,179.6344226876044
2021-07-09 17:00:00,0.0,B1_all,165,165.05430129112966
2021-07-09 18:00:00,0.0,B1_all,174,166.95889530428914
2021-07-09 19:00:00,0.0,B1_all,140,162.529969716931
2021-07-09 20:00:00,0.0,B1_all,111,127.76949165944238
2021-07-09 21:00:00,0.0,B1_all,109,115.12644380753116
2021-07-09 22:00:00,0.0,B1_all,111,111.26630449980163
2021-07-09 23:00:00,0.0,B1_all,106,109.3074709173703
2021-07-10 00:00:00,0.0,B1_all,70,68.57582937199177
2021-07-10 01:00:00,0.0,B1_all,102,108.67100537335246
2021-07-10 02:00:00,0.0,B1_all,100,103.77987304532913
2021-07-10 03:00:00,0.0,B1_all,106,103.83258192334418
2021-07-10 04:00:00,0.0,B1_all,106,106.53451755559861
2021-07-10 05:00:00,0.0,B1_all,97,107.07040434490392
2021-07-10 06:00:00,0.0,B1_all,104,106.25196822874686
2021-07-10 07:00:00,0.0,B1_all,105,94.25014876854738
2021-07-10 08:00:00,-1.0,B1_all,27,25.56426188389643
2021-07-10 09:00:00,0.0,B1_all,27,25.361082738178936
2021-07-10 10:00:00,0.0,B1_all,32,29.60682065618169
2021-07-10 11:00:00,0.0,B1_all,31,25.73675217527325
2021-07-10 12:00:00,0.0,B1_all,26,25.33018847854358
2021-07-10 13:00:00,0.0,B1_all,28,25.007966638681978
2021-07-10 14:00:00,0.0,B1_all,23,24.798447721253687
2021-07-10 15:00:00,0.0,B1_all,25,23.391027583500634
2021-07-10 16:00:00,0.0,B1_all,27,25.641995291682928
2021-07-10 17:00:00,0.0,B1_all,23,26.119052242525388
2021-07-10 18:00:00,0.0,B1_all,22,23.04000952575809
2021-07-10 19:00:00,0.0,B1_all,26,24.14228790470517
2021-07-10 20:00:00,0.0,B1_all,23,22.22620253600591
2021-07-10 21:00:00,0.0,B1_all,23,22.911275864023544
2021-07-10 22:00:00,0.0,B1_all,26,23.713518580316475
2021-07-10 23:00:00,0.0,B1_all,23,21.27777005267305
2021-07-11 00:00:00,0.0,B1_all,23,23.485155059078355
2021-07-11 01:00:00,0.0,B1_all,27,23.782816110729097
2021-07-11 02:00:00,0.0,B1_all,23,25.80131460808148
2021-07-11 03:00:00,0.0,B1_all,24,22.99795988816163
2021-07-11 04:00:00,0.0,B1_all,24,24.22300891690681
2021-07-11 05:00:00,0.0,B1_all,27,33.76648728003265
2021-07-11 06:00:00,0.0,B1_all,22,35.79196840169515
2021-07-11 07:00:00,0.0,B1_all,22,42.8164545783098
2021-07-11 08:00:00,0.0,B1_all,27,35.43055983027125
2021-07-11 09:00:00,0.0,B1_all,22,27.009815371501876
2021-07-11 10:00:00,0.0,B1_all,23,22.44717549592584
2021-07-11 11:00:00,0.0,B1_all,28,23.749446655701494
2021-07-11 12:00:00,0.0,B1_all,24,21.27921315037394
2021-07-11 13:00:00,0.0,B1_all,24,22.204766202243963
2021-07-11 14:00:00,0.0,B1_all,28,24.965214721961853
2021-07-11 15:00:00,0.0,B1_all,24,26.690707009505676
2021-07-11 16:00:00,0.0,B1_all,26,24.327868370973565
2021-07-11 17:00:00,0.0,B1_all,26,27.281266339235437
2021-07-11 18:00:00,0.0,B1_all,26,25.523369980528745
2021-07-11 19:00:00,0.0,B1_all,23,24.78182524595939
2021-07-11 20:00:00,0.0,B1_all,23,23.969870697572546
2021-07-11 21:00:00,0.0,B1_all,28,24.817177192768977
2021-07-11 22:00:00,0.0,B1_all,24,23.37711032477929
2021-07-11 23:00:00,0.0,B1_all,23,23.69325169666102
2021-07-12 00:00:00,0.0,B1_all,26,31.659444394760676
2021-07-12 01:00:00,0.0,B1_all,23,23.73095164358086
2021-07-12 02:00:00,0.0,B1_all,23,22.761165357872184
2021-07-12 03:00:00,0.0,B1_all,27,24.25993613070877
2021-07-12 04:00:00,0.0,B1_all,23,25.838918326422355
2021-07-12 05:00:00,0.0,B1_all,23,28.233040359599734
2021-07-12 06:00:00,0.0,B1_all,25,38.209056667368834
2021-07-12 07:00:00,0.0,B1_all,123,91.44185205081425
2021-07-12 08:00:00,1.0,B1_all,198,192.5216942825533
2021-07-12 09:00:00,0.0,B1_all,195,184.99051922189793
2021-07-12 10:00:00,0.0,B1_all,186,187.94894527752598
2021-07-12 11:00:00,0.0,B1_all,188,186.48741853412417
2021-07-12 12:00:00,0.0,B1_all,134,134.15205499431704
2021-07-12 13:00:00,0.0,B1_all,178,169.14586792093468
2021-07-12 14:00:00,0.0,B1_all,190,174.68253028153242
2021-07-12 15:00:00,0.0,B1_all,188,180.59998894977716
2021-07-12 16:00:00,0.0,B1_all,177,181.4013167679155
2021-07-12 17:00:00,0.0,B1_all,173,167.43104845250986
2021-07-12 18:00:00,0.0,B1_all,164,171.90002674358553
2021-07-12 19:00:00,0.0,B1_all,175,152.83833672891905
2021-07-12 20:00:00,0.0,B1_all,136,126.03594822690638
2021-07-12 21:00:00,0.0,B1_all,133,128.06829023029564
2021-07-12 22:00:00,,B1_all,125,117.24082073832045
2021-07-12 23:00:00,,B1_all,115,120.75542742906893
2021-07-17 00:00:00,0.0,B1_all,66,62.99120004510989
2021-07-17 01:00:00,0.0,B1_all,110,116.12516123920862
2021-07-17 02:00:00,0.0,B1_all,105,106.6083130373397
2021-07-17 03:00:00,0.0,B1_all,102,104.29801310460078
2021-07-17 04:00:00,0.0,B1_all,103,104.67996296397685
2021-07-17 05:00:00,0.0,B1_all,108,105.14758067948128
2021-07-17 06:00:00,0.0,B1_all,96,110.06584790559658
2021-07-17 07:00:00,0.0,B1_all,88,94.27660842584395
2021-07-17 08:00:00,0.0,B1_all,27,24.816802279126925
2021-07-17 09:00:00,0.0,B1_all,24,23.94465024545097
2021-07-17 10:00:00,0.0,B1_all,24,23.30579959910786
2021-07-17 11:00:00,0.0,B1_all,27,24.902072005851338
2021-07-17 12:00:00,0.0,B1_all,26,25.38994589935598
2021-07-17 13:00:00,0.0,B1_all,24,25.034160421345046
2021-07-17 14:00:00,0.0,B1_all,24,24.32751518165578
2021-07-17 15:00:00,0.0,B1_all,28,25.332158280477532
2021-07-17 16:00:00,0.0,B1_all,24,24.393461765515436
2021-07-17 17:00:00,0.0,B1_all,23,25.207336884112188
2021-07-17 18:00:00,0.0,B1_all,27,25.1712452571599
2021-07-17 19:00:00,0.0,B1_all,23,25.894606228100237
2021-07-17 20:00:00,0.0,B1_all,23,23.896325075120362
2021-07-17 21:00:00,0.0,B1_all,24,24.835847252844975
2021-07-17 22:00:00,0.0,B1_all,28,24.560724417606327
2021-07-17 23:00:00,0.0,B1_all,24,22.9976521643043
2021-07-18 00:00:00,0.0,B1_all,24,23.92739244723405
2021-07-18 01:00:00,0.0,B1_all,28,25.14514976819839
2021-07-18 02:00:00,0.0,B1_all,24,26.162672042939064
2021-07-18 03:00:00,0.0,B1_all,24,22.68832965747085
2021-07-18 04:00:00,0.0,B1_all,28,28.231758891547987
2021-07-18 05:00:00,0.0,B1_all,22,28.26114645875439
2021-07-18 06:00:00,0.0,B1_all,23,21.615753627987228
2021-07-18 07:00:00,0.0,B1_all,28,37.07748571013353
2021-07-18 08:00:00,0.0,B1_all,24,39.60226561167074
2021-07-18 09:00:00,0.0,B1_all,23,24.35413404535134
2021-07-18 10:00:00,0.0,B1_all,23,28.25485950995259
2021-07-18 11:00:00,0.0,B1_all,27,26.2462768659706
2021-07-18 12:00:00,0.0,B1_all,23,21.99770071484074
2021-07-18 13:00:00,0.0,B1_all,23,22.657600582212655
2021-07-18 14:00:00,0.0,B1_all,27,25.48251838117952
2021-07-18 15:00:00,0.0,B1_all,26,21.9639437431676
2021-07-18 16:00:00,0.0,B1_all,23,23.615894179458962
2021-07-18 17:00:00,0.0,B1_all,27,23.09983797036835
2021-07-18 18:00:00,0.0,B1_all,25,24.278819457902983
2021-07-18 19:00:00,0.0,B1_all,23,24.446441277585688
2021-07-18 20:00:00,0.0,B1_all,23,25.110487928456084
2021-07-18 21:00:00,0.0,B1_all,28,23.86498682672484
2021-07-18 22:00:00,0.0,B1_all,24,24.825062846684926
2021-07-18 23:00:00,0.0,B1_all,23,23.40174684600821
2021-07-19 00:00:00,0.0,B1_all,28,30.232863861039203
2021-07-19 01:00:00,0.0,B1_all,24,28.83471286237729
2021-07-19 02:00:00,0.0,B1_all,24,24.173346575625626
2021-07-19 03:00:00,0.0,B1_all,24,28.459497443686452
2021-07-19 04:00:00,0.0,B1_all,27,29.423883277183833
2021-07-19 05:00:00,0.0,B1_all,23,32.67840674514894
2021-07-19 06:00:00,0.0,B1_all,23,33.74236952216511
2021-07-19 07:00:00,0.0,B1_all,119,66.55051362290656
2021-07-19 08:00:00,1.0,B1_all,200,187.06599067901027
2021-07-19 09:00:00,0.0,B1_all,185,185.51330865971514
2021-07-19 10:00:00,0.0,B1_all,209,184.0270019924759
2021-07-19 11:00:00,0.0,B1_all,222,190.21347725461396
2021-07-19 12:00:00,0.0,B1_all,134,134.73056685094807
2021-07-19 13:00:00,0.0,B1_all,193,180.2947963868923
2021-07-19 14:00:00,0.0,B1_all,190,181.36026760844354
2021-07-19 15:00:00,0.0,B1_all,201,179.41404538107616
2021-07-19 16:00:00,0.0,B1_all,187,187.49648258467178
2021-07-19 17:00:00,0.0,B1_all,190,170.77861464529943
2021-07-19 18:00:00,0.0,B1_all,188,176.63504367840724
2021-07-19 19:00:00,0.0,B1_all,162,163.35160083090997
2021-07-19 20:00:00,0.0,B1_all,136,130.5346147710001
2021-07-19 21:00:00,0.0,B1_all,129,128.73436046604218
2021-07-19 22:00:00,0.0,B1_all,114,121.61826011024871
2021-07-19 23:00:00,0.0,B1_all,120,115.67538038402446
2021-07-21 00:00:00,0.0,B1_all,85,74.91282631042398
2021-07-21 01:00:00,0.0,B1_all,113,113.19618085079496
2021-07-21 02:00:00,0.0,B1_all,108,115.83147567175455
2021-07-21 03:00:00,0.0,B1_all,111,110.45822501009435
2021-07-21 04:00:00,0.0,B1_all,117,108.49074550040253
2021-07-21 05:00:00,0.0,B1_all,111,110.05553525488993
2021-07-21 06:00:00,0.0,B1_all,110,113.63923157165421
2021-07-21 07:00:00,0.0,B1_all,149,134.29229035760153
2021-07-21 08:00:00,1.0,B1_all,209,178.61153379179763
2021-07-21 09:00:00,0.0,B1_all,214,185.94611949365967
2021-07-21 10:00:00,0.0,B1_all,197,189.2416846662377
2021-07-21 11:00:00,0.0,B1_all,206,186.14932515732258
2021-07-21 12:00:00,0.0,B1_all,150,141.00430069500197
2021-07-21 13:00:00,0.0,B1_all,204,177.289363418268
2021-07-21 14:00:00,0.0,B1_all,203,189.78721545171507
2021-07-21 15:00:00,0.0,B1_all,199,185.5787706178379
2021-07-21 16:00:00,0.0,B1_all,189,188.28808701293195
2021-07-21 17:00:00,-1.0,B1_all,153,170.51233528221974
2021-07-21 18:00:00,0.0,B1_all,168,175.8173675328564
2021-07-21 19:00:00,0.0,B1_all,174,161.7584382955498
2021-07-21 20:00:00,0.0,B1_all,138,141.44499799191507
2021-07-21 21:00:00,0.0,B1_all,118,130.00746412737408
2021-07-21 22:00:00,0.0,B1_all,114,119.4722393348962
2021-07-21 23:00:00,0.0,B1_all,111,114.03831194880578
2021-07-23 00:00:00,0.0,B1_all,87,73.62133428215698
2021-07-23 01:00:00,0.0,B1_all,111,112.89212153486632
2021-07-23 02:00:00,0.0,B1_all,110,111.03654190984133
2021-07-23 03:00:00,0.0,B1_all,109,111.83077056459031
2021-07-23 04:00:00,0.0,B1_all,101,108.5951834914952
2021-07-23 05:00:00,0.0,B1_all,99,105.74777239668153
2021-07-23 06:00:00,0.0,B1_all,105,106.34937839189236
2021-07-23 07:00:00,0.0,B1_all,144,129.1078553688514
2021-07-23 08:00:00,1.0,B1_all,202,177.17461730678954
2021-07-23 09:00:00,0.0,B1_all,190,184.46835934989727
2021-07-23 10:00:00,0.0,B1_all,189,182.90086801244394
2021-07-23 11:00:00,0.0,B1_all,199,182.42434381489272
2021-07-23 12:00:00,0.0,B1_all,125,134.2934952322199
2021-07-23 13:00:00,0.0,B1_all,192,175.09299635145157
2021-07-23 14:00:00,0.0,B1_all,190,180.58713595129925
2021-07-23 15:00:00,0.0,B1_all,206,181.48421234350494
2021-07-23 16:00:00,0.0,B1_all,197,187.88010388597667
2021-07-23 17:00:00,0.0,B1_all,178,171.8982889540088
2021-07-23 18:00:00,0.0,B1_all,176,176.65246602887248
2021-07-23 19:00:00,0.0,B1_all,165,163.18396869481
2021-07-23 20:00:00,0.0,B1_all,115,124.97816287258331
2021-07-23 21:00:00,0.0,B1_all,110,114.84479344150769
2021-07-23 22:00:00,0.0,B1_all,107,111.71010101056585
2021-07-23 23:00:00,0.0,B1_all,111,107.53138104382985
2021-07-24 00:00:00,0.0,B1_all,72,69.79031212264259
2021-07-24 01:00:00,0.0,B1_all,101,110.30789093636872
2021-07-24 02:00:00,0.0,B1_all,100,105.79878412282969
2021-07-24 03:00:00,0.0,B1_all,104,103.50554205570322
2021-07-24 04:00:00,0.0,B1_all,100,104.287420370911
2021-07-24 05:00:00,0.0,B1_all,91,103.3044243026097
2021-07-24 06:00:00,0.0,B1_all,98,106.71208332069446
2021-07-24 07:00:00,0.0,B1_all,81,92.45957596177797
2021-07-24 08:00:00,0.0,B1_all,28,27.131350170143005
2021-07-24 09:00:00,0.0,B1_all,24,23.94465024545097
2021-07-24 10:00:00,0.0,B1_all,24,29.00362078030821
2021-07-24 11:00:00,0.0,B1_all,29,25.342056350437197
2021-07-24 12:00:00,0.0,B1_all,24,24.781421260792442
2021-07-24 13:00:00,0.0,B1_all,24,23.497578999415243
2021-07-24 14:00:00,0.0,B1_all,24,24.953826404131686
2021-07-24 15:00:00,0.0,B1_all,28,25.034160421345046
2021-07-24 16:00:00,0.0,B1_all,25,24.800446001779868
2021-07-24 17:00:00,0.0,B1_all,24,26.018532727532264
2021-07-24 18:00:00,0.0,B1_all,29,24.717400437872275
2021-07-24 19:00:00,0.0,B1_all,28,25.976422180121567
2021-07-24 20:00:00,0.0,B1_all,25,24.40157268154899
2021-07-24 21:00:00,0.0,B1_all,25,25.002071324354738
2021-07-24 22:00:00,0.0,B1_all,28,24.921737307141377
2021-07-24 23:00:00,0.0,B1_all,24,24.63361108739793
2021-07-25 00:00:00,0.0,B1_all,24,24.282967951716902
2021-07-25 01:00:00,0.0,B1_all,26,24.535457988755628
2021-07-25 02:00:00,0.0,B1_all,29,29.136555180399668
2021-07-25 03:00:00,0.0,B1_all,26,27.985781058163422
2021-07-25 04:00:00,0.0,B1_all,24,23.139634502392383
2021-07-25 05:00:00,0.0,B1_all,28,35.679062373209966
2021-07-25 06:00:00,0.0,B1_all,24,33.94965488691697
2021-07-25 07:00:00,0.0,B1_all,24,35.39719305116529
2021-07-25 08:00:00,0.0,B1_all,24,43.03838365271559
2021-07-25 09:00:00,0.0,B1_all,29,29.859689169470624
2021-07-25 10:00:00,0.0,B1_all,24,26.503935401542655
2021-07-25 11:00:00,0.0,B1_all,24,23.029208773617356
2021-07-25 12:00:00,0.0,B1_all,28,24.477050175300473
2021-07-25 13:00:00,0.0,B1_all,24,24.550494129250882
2021-07-25 14:00:00,0.0,B1_all,25,23.029208773617356
2021-07-25 15:00:00,0.0,B1_all,25,24.229750165349973
2021-07-25 16:00:00,0.0,B1_all,29,26.454562520250185
2021-07-25 17:00:00,0.0,B1_all,24,22.79865959789034
2021-07-25 18:00:00,0.0,B1_all,24,22.92864691918256
2021-07-25 19:00:00,0.0,B1_all,28,25.02976722045543
2021-07-25 20:00:00,0.0,B1_all,24,25.120766312472732
2021-07-25 21:00:00,0.0,B1_all,24,23.585197353944462
2021-07-25 22:00:00,0.0,B1_all,24,24.68300894574148
2021-07-25 23:00:00,0.0,B1_all,28,24.446441277585688
2021-07-26 00:00:00,0.0,B1_all,24,30.28786455277347
2021-07-26 01:00:00,0.0,B1_all,24,25.18820901579278
2021-07-26 02:00:00,0.0,B1_all,27,29.73849669294738
2021-07-26 03:00:00,0.0,B1_all,27,29.75852856768642
2021-07-26 04:00:00,0.0,B1_all,24,29.717833315347924
2021-07-26 05:00:00,0.0,B1_all,24,30.085582263434038
2021-07-26 06:00:00,0.0,B1_all,27,40.95130293492916
2021-07-26 07:00:00,0.0,B1_all,127,70.74617404102486
2021-07-26 08:00:00,1.0,B1_all,217,184.23276491667627
2021-07-26 09:00:00,0.0,B1_all,189,185.69220514798138
2021-07-26 10:00:00,0.0,B1_all,207,186.2062927779628
2021-07-26 11:00:00,0.0,B1_all,202,189.82813042503
2021-07-26 12:00:00,0.0,B1_all,130,136.31472248677935
2021-07-26 13:00:00,0.0,B1_all,180,176.79665110436045
2021-07-26 14:00:00,0.0,B1_all,199,174.51288654180163
2021-07-26 15:00:00,0.0,B1_all,180,184.35811867618884
2021-07-26 16:00:00,0.0,B1_all,177,180.70711277503386
2021-07-26 17:00:00,0.0,B1_all,169,163.94396096079316
2021-07-26 18:00:00,0.0,B1_all,186,170.16363289854826
2021-07-26 19:00:00,0.0,B1_all,177,161.919339418634
2021-07-26 20:00:00,-1.0,B1_all,103,124.60244017233417
2021-07-26 21:00:00,0.0,B1_all,116,112.3105384699017
2021-07-26 22:00:00,0.0,B1_all,116,114.55905124476855
2021-07-26 23:00:00,0.0,B1_all,107,116.2292571106182
2021-07-27 00:00:00,0.0,B1_all,70,62.61507156337854
2021-07-27 01:00:00,0.0,B1_all,110,109.657959176086
2021-07-27 02:00:00,0.0,B1_all,119,107.92886267455135
2021-07-27 03:00:00,0.0,B1_all,111,116.58242683510667
2021-07-27 04:00:00,0.0,B1_all,114,108.97466485560614
2021-07-27 05:00:00,0.0,B1_all,106,100.76193412701727
2021-07-27 06:00:00,0.0,B1_all,111,111.16541502338171
2021-07-27 07:00:00,0.0,B1_all,161,133.15800468300216
2021-07-27 08:00:00,1.0,B1_all,207,182.95258650238736
2021-07-27 09:00:00,0.0,B1_all,192,186.7076185933566
2021-07-27 10:00:00,0.0,B1_all,206,186.00198592432207
2021-07-27 11:00:00,0.0,B1_all,211,188.8625767652725
2021-07-27 12:00:00,0.0,B1_all,124,135.87151533272137
2021-07-27 13:00:00,0.0,B1_all,198,180.36636042344816
2021-07-27 14:00:00,0.0,B1_all,199,189.69832646235628
2021-07-27 15:00:00,0.0,B1_all,201,187.86672449052938
2021-07-27 16:00:00,0.0,B1_all,187,190.56041485252553
2021-07-27 17:00:00,0.0,B1_all,184,171.1469649115883
2021-07-27 18:00:00,0.0,B1_all,174,177.0662745466291
2021-07-27 19:00:00,0.0,B1_all,180,158.48799825223202
2021-07-27 20:00:00,0.0,B1_all,147,152.0528093683546
2021-07-27 21:00:00,0.0,B1_all,148,141.43503076077295
2021-07-27 22:00:00,0.0,B1_all,132,140.39539270292033
2021-07-27 23:00:00,0.0,B1_all,139,124.50522178977533
2021-07-28 00:00:00,0.0,B1_all,91,70.79403607589583
2021-07-28 01:00:00,0.0,B1_all,130,110.20567711662048
2021-07-28 02:00:00,0.0,B1_all,130,122.96384210060445
2021-07-28 03:00:00,0.0,B1_all,128,127.85323799271374
2021-07-28 04:00:00,0.0,B1_all,123,123.87061257745425
2021-07-28 05:00:00,0.0,B1_all,119,120.64063135820943
2021-07-28 06:00:00,0.0,B1_all,127,125.88771123324015
2021-07-28 07:00:00,0.0,B1_all,174,152.46593213722042
2021-07-28 08:00:00,0.0,B1_all,204,182.84762778395793
2021-07-28 09:00:00,0.0,B1_all,204,186.08526090937704
2021-07-28 10:00:00,0.0,B1_all,202,187.42322306975964
2021-07-28 11:00:00,0.0,B1_all,212,192.3682758416771
2021-07-28 12:00:00,0.0,B1_all,145,136.05382168545233
2021-07-28 13:00:00,0.0,B1_all,200,180.65821873424494
2021-07-28 14:00:00,0.0,B1_all,203,187.23426065708463
2021-07-28 15:00:00,0.0,B1_all,187,187.40678659900541
2021-07-28 16:00:00,0.0,B1_all,181,184.650851926354
2021-07-28 17:00:00,0.0,B1_all,190,164.24864852405142
2021-07-28 18:00:00,0.0,B1_all,190,172.85599597237857
2021-07-28 19:00:00,0.0,B1_all,175,167.63379105414637
2021-07-28 20:00:00,-1.0,B1_all,113,128.40446738719672
2021-07-28 21:00:00,0.0,B1_all,115,117.8675566191645
2021-07-28 22:00:00,0.0,B1_all,109,113.18291904447885
2021-07-28 23:00:00,0.0,B1_all,116,112.19623848367179
2021-07-29 00:00:00,0.0,B1_all,70,65.15148695771835
2021-07-29 01:00:00,0.0,B1_all,118,111.28782316458106
2021-07-29 02:00:00,0.0,B1_all,118,115.21706751815513
2021-07-29 03:00:00,0.0,B1_all,117,114.8068215541581
2021-07-29 04:00:00,0.0,B1_all,116,118.09089508424177
2021-07-29 05:00:00,0.0,B1_all,119,113.91589012563777
2021-07-29 06:00:00,0.0,B1_all,121,125.85659688649888
2021-07-29 07:00:00,0.0,B1_all,159,156.24454395681016
2021-07-29 08:00:00,0.0,B1_all,204,184.9663862564364
2021-07-29 09:00:00,0.0,B1_all,205,185.5694981212898
2021-07-29 10:00:00,0.0,B1_all,203,187.78781112405946
2021-07-29 11:00:00,0.0,B1_all,211,188.71469511063916
2021-07-29 12:00:00,0.0,B1_all,133,134.3274013902721
2021-07-29 13:00:00,0.0,B1_all,206,173.2842984733201
2021-07-29 14:00:00,0.0,B1_all,201,187.18462149390223
2021-07-29 15:00:00,0.0,B1_all,186,192.0973600906848
2021-07-29 16:00:00,0.0,B1_all,172,184.6168680042088
2021-07-29 17:00:00,0.0,B1_all,152,166.4379767021339
2021-07-29 18:00:00,0.0,B1_all,180,166.74810480088885
2021-07-29 19:00:00,0.0,B1_all,181,165.181008718222
2021-07-29 20:00:00,0.0,B1_all,134,151.16050183621329
2021-07-29 21:00:00,0.0,B1_all,131,133.18393611853588
2021-07-29 22:00:00,0.0,B1_all,130,127.01572615763816
2021-07-29 23:00:00,0.0,B1_all,127,121.2384530701018
2021-07-30 00:00:00,0.0,B1_all,91,73.75966031397336
2021-07-30 01:00:00,0.0,B1_all,130,109.8230432853997
2021-07-30 02:00:00,0.0,B1_all,130,121.65562135137941
2021-07-30 03:00:00,0.0,B1_all,128,127.64034048417346
2021-07-30 04:00:00,0.0,B1_all,123,122.96543600414839
2021-07-30 05:00:00,0.0,B1_all,119,119.62031736323755
2021-07-30 06:00:00,0.0,B1_all,127,124.630354561797
2021-07-30 07:00:00,0.0,B1_all,174,150.79874501377108
2021-07-30 08:00:00,0.0,B1_all,204,180.6660124273992
2021-07-30 09:00:00,0.0,B1_all,204,184.6301240892389
2021-07-30 10:00:00,0.0,B1_all,202,186.08640099840085
2021-07-30 11:00:00,0.0,B1_all,212,190.77775232157668
2021-07-30 12:00:00,0.0,B1_all,145,135.2155013722039
2021-07-30 13:00:00,0.0,B1_all,200,179.19596471245788
2021-07-30 14:00:00,0.0,B1_all,203,185.48153214911082
2021-07-30 15:00:00,0.0,B1_all,187,186.27750465998835
2021-07-30 16:00:00,0.0,B1_all,181,183.00410949976748
2021-07-30 17:00:00,0.0,B1_all,190,163.80387040278924
2021-07-30 18:00:00,0.0,B1_all,190,171.98260836477365
2021-07-30 19:00:00,0.0,B1_all,175,166.29563753042797
2021-07-30 20:00:00,-1.0,B1_all,113,129.549742557921
2021-07-30 21:00:00,0.0,B1_all,115,117.31960077435319
2021-07-30 22:00:00,0.0,B1_all,109,112.64437523144889
2021-07-30 23:00:00,0.0,B1_all,116,111.64393478296329
2021-07-31 00:00:00,0.0,B1_all,24,63.16458873440447
2021-07-31 01:00:00,0.0,B1_all,21,25.714060988726754
2021-07-31 02:00:00,0.0,B1_all,21,23.269441068944612
2021-07-31 03:00:00,0.0,B1_all,21,24.368902751906603
2021-07-31 04:00:00,0.0,B1_all,26,23.671903130101214
2021-07-31 05:00:00,0.0,B1_all,21,20.61991308010992
2021-07-31 06:00:00,0.0,B1_all,21,19.532216715450687
2021-07-31 07:00:00,0.0,B1_all,23,33.373249553780674
2021-07-31 08:00:00,0.0,B1_all,21,34.30744431126793
2021-07-31 09:00:00,0.0,B1_all,21,22.443922721826343
2021-07-31 10:00:00,0.0,B1_all,23,23.607878431172438
2021-07-31 11:00:00,0.0,B1_all,26,27.269708617800106
2021-07-31 12:00:00,0.0,B1_all,21,20.617947295925184
2021-07-31 13:00:00,0.0,B1_all,21,22.2246878042628
2021-07-31 14:00:00,0.0,B1_all,25,23.968405648513297
2021-07-31 15:00:00,0.0,B1_all,23,24.027941213814582
2021-07-31 16:00:00,0.0,B1_all,21,23.841983822200653
2021-07-31 17:00:00,0.0,B1_all,21,23.47040021060744
2021-07-31 18:00:00,0.0,B1_all,28,23.63127612592271
2021-07-31 19:00:00,0.0,B1_all,21,21.31480792407759
2021-07-31 20:00:00,0.0,B1_all,21,20.2997715813835
2021-07-31 21:00:00,0.0,B1_all,25,22.18187589544413
2021-07-31 22:00:00,0.0,B1_all,21,24.124258774515273
2021-07-31 23:00:00,0.0,B1_all,21,21.59901654698029
2021-08-01 00:00:00,0.0,B1_all,21,24.406936448493372
2021-08-01 01:00:00,0.0,B1_all,26,23.664269095282183
2021-08-01 02:00:00,0.0,B1_all,21,21.350017492321708
2021-08-01 03:00:00,0.0,B1_all,21,21.26250305321524
2021-08-01 04:00:00,0.0,B1_all,25,23.3102726063895
2021-08-01 05:00:00,0.0,B1_all,24,28.75495033272191
2021-08-01 06:00:00,0.0,B1_all,21,22.460888958179606
2021-08-01 07:00:00,0.0,B1_all,21,35.85647460979707
2021-08-01 08:00:00,0.0,B1_all,28,35.61243714193267
2021-08-01 09:00:00,0.0,B1_all,24,24.479473107093305
2021-08-01 10:00:00,0.0,B1_all,21,22.16655835810746
2021-08-01 11:00:00,0.0,B1_all,21,22.304313599565788
2021-08-01 12:00:00,0.0,B1_all,25,23.17448880306522
2021-08-01 13:00:00,0.0,B1_all,21,23.30654044374078
2021-08-01 14:00:00,0.0,B1_all,21,21.929231721847106
2021-08-01 15:00:00,0.0,B1_all,23,23.53501867913012
2021-08-01 16:00:00,0.0,B1_all,25,23.96447271968198
2021-08-01 17:00:00,0.0,B1_all,21,24.36600408030842
2021-08-01 18:00:00,0.0,B1_all,21,24.78584544112004
2021-08-01 19:00:00,0.0,B1_all,22,33.33955909735298
2021-08-01 20:00:00,0.0,B1_all,26,35.453860084752314
2021-08-01 21:00:00,0.0,B1_all,22,33.558493422051185
2021-08-01 22:00:00,0.0,B1_all,23,33.723950805076534
2021-08-01 23:00:00,0.0,B1_all,24,35.22190689248928
2021-08-02 00:00:00,0.0,B1_all,23,44.67099292086358
2021-08-02 01:00:00,0.0,B1_all,21,36.21695118356811
2021-08-02 02:00:00,0.0,B1_all,21,36.20517329457262
2021-08-02 03:00:00,0.0,B1_all,26,36.70317873247847
2021-08-02 04:00:00,0.0,B1_all,21,35.47276423111752
2021-08-02 05:00:00,0.0,B1_all,21,38.20539165756847
2021-08-02 06:00:00,0.0,B1_all,25,43.202459636588166
2021-08-02 07:00:00,0.0,B1_all,24,82.96506039381431
2021-08-02 08:00:00,0.0,B1_all,21,53.512434887054546
2021-08-02 09:00:00,0.0,B1_all,21,46.10923983146471
2021-08-02 10:00:00,0.0,B1_all,25,46.26608990342778
2021-08-02 11:00:00,0.0,B1_all,21,43.293313302695324
2021-08-02 12:00:00,0.0,B1_all,21,43.410478436847846
2021-08-02 13:00:00,0.0,B1_all,23,46.26608990342778
2021-08-02 14:00:00,0.0,B1_all,25,49.233374461381274
2021-08-02 15:00:00,0.0,B1_all,21,46.20637585950984
2021-08-02 16:00:00,0.0,B1_all,21,44.350034400686
2021-08-02 17:00:00,0.0,B1_all,24,46.26608990342778
2021-08-02 18:00:00,0.0,B1_all,26,44.90738324699487
2021-08-02 19:00:00,0.0,B1_all,21,35.47199945126951
2021-08-02 20:00:00,0.0,B1_all,24,34.787123229736686
2021-08-02 21:00:00,0.0,B1_all,24,36.342651515137604
2021-08-02 22:00:00,0.0,B1_all,24,36.63234753134566
2021-08-02 23:00:00,0.0,B1_all,21,35.84464607723175
2021-08-03 00:00:00,0.0,B1_all,22,40.53140875343468
2021-08-03 01:00:00,0.0,B1_all,26,35.59608465636216
2021-08-03 02:00:00,0.0,B1_all,21,33.34332097758766
2021-08-03 03:00:00,0.0,B1_all,22,33.56926164649825
2021-08-03 04:00:00,0.0,B1_all,21,35.71949034992234
2021-08-03 05:00:00,0.0,B1_all,24,41.24483557412984
2021-08-03 06:00:00,0.0,B1_all,21,34.728296209385086
2021-08-03 07:00:00,0.0,B1_all,21,67.05261736728062
2021-08-03 08:00:00,0.0,B1_all,25,49.35265448608067
2021-08-03 09:00:00,0.0,B1_all,21,38.51208828909974
2021-08-03 10:00:00,0.0,B1_all,21,35.84516679662095
2021-08-03 11:00:00,0.0,B1_all,24,37.3696497233079
2021-08-03 12:00:00,0.0,B1_all,25,36.10175660112146
2021-08-03 13:00:00,0.0,B1_all,21,38.024775268587426
2021-08-03 14:00:00,0.0,B1_all,22,35.625931879057404
2021-08-03 15:00:00,0.0,B1_all,26,37.79682396008094
2021-08-03 16:00:00,0.0,B1_all,24,36.99769761984451
2021-08-03 17:00:00,0.0,B1_all,21,36.138470442098935
2021-08-03 18:00:00,0.0,B1_all,24,34.34180500214269
2021-08-03 19:00:00,0.0,B1_all,25,34.796605313252755
2021-08-03 20:00:00,0.0,B1_all,22,36.16349118456872
2021-08-03 21:00:00,0.0,B1_all,22,33.55931086782252
2021-08-03 22:00:00,0.0,B1_all,21,34.65912709268776
2021-08-03 23:00:00,0.0,B1_all,26,34.65912709268776
2021-08-04 00:00:00,0.0,B1_all,21,39.8457970848335
2021-08-04 01:00:00,0.0,B1_all,21,33.38578035103035
2021-08-04 02:00:00,0.0,B1_all,21,35.15713253059362
2021-08-04 03:00:00,0.0,B1_all,25,35.498287896536404
2021-08-04 04:00:00,0.0,B1_all,21,34.42561047449215
2021-08-04 05:00:00,0.0,B1_all,21,36.987530074330046
2021-08-04 06:00:00,0.0,B1_all,26,34.920680321778704
2021-08-04 07:00:00,0.0,B1_all,21,71.71191845037654
2021-08-04 08:00:00,0.0,B1_all,23,44.46732039512521
2021-08-04 09:00:00,0.0,B1_all,21,38.39483091023106
2021-08-04 10:00:00,0.0,B1_all,25,37.02749124555717
2021-08-04 11:00:00,0.0,B1_all,21,35.54521197002983
2021-08-04 12:00:00,0.0,B1_all,21,35.093647851930506
2021-08-04 13:00:00,0.0,B1_all,25,37.3696497233079
2021-08-04 14:00:00,0.0,B1_all,24,38.22243283270753
2021-08-04 15:00:00,0.0,B1_all,24,39.84998523760789
2021-08-04 16:00:00,0.0,B1_all,22,37.01135706191053
2021-08-04 17:00:00,0.0,B1_all,26,36.87164428540204
2021-08-04 18:00:00,0.0,B1_all,22,35.75618754775832
2021-08-04 19:00:00,0.0,B1_all,21,33.41341468634312
2021-08-04 20:00:00,0.0,B1_all,21,34.65912709268776
2021-08-04 21:00:00,0.0,B1_all,26,35.15713253059362
2021-08-04 22:00:00,0.0,B1_all,21,33.685479455338374
2021-08-04 23:00:00,0.0,B1_all,22,33.41341468634312
2021-08-05 00:00:00,0.0,B1_all,21,40.78574446468841
2021-08-05 01:00:00,0.0,B1_all,25,35.28576791027786
2021-08-05 02:00:00,0.0,B1_all,21,35.88936388309008
2021-08-05 03:00:00,0.0,B1_all,21,33.60041264615941
2021-08-05 04:00:00,0.0,B1_all,25,34.8254616749046
2021-08-05 05:00:00,0.0,B1_all,22,41.80906965300856
2021-08-05 06:00:00,0.0,B1_all,22,36.53119018752778
2021-08-05 07:00:00,0.0,B1_all,20,67.70258154464251
2021-08-05 08:00:00,0.0,B1_all,24,47.395517443075924
2021-08-05 09:00:00,0.0,B1_all,21,38.05265569773558
2021-08-05 10:00:00,0.0,B1_all,21,38.226941844584275
2021-08-05 11:00:00,0.0,B1_all,25,38.892892116024505
2021-08-05 12:00:00,0.0,B1_all,24,38.92090090917813
2021-08-05 13:00:00,0.0,B1_all,24,41.256881641827526
2021-08-05 14:00:00,0.0,B1_all,22,39.390852306095034
2021-08-05 15:00:00,0.0,B1_all,25,39.68059357013841
2021-08-05 16:00:00,0.0,B1_all,22,39.29542932652181
2021-08-05 17:00:00,0.0,B1_all,22,38.24957275800612
2021-08-05 18:00:00,0.0,B1_all,21,37.51621001888697
2021-08-05 19:00:00,0.0,B1_all,25,34.84612505250406
2021-08-05 20:00:00,0.0,B1_all,22,34.02913421238421
2021-08-05 21:00:00,0.0,B1_all,22,34.027586882932454
2021-08-05 22:00:00,0.0,B1_all,23,34.84612505250406
2021-08-05 23:00:00,0.0,B1_all,26,35.2732992892771
2021-08-06 00:00:00,0.0,B1_all,21,43.29803872376501
2021-08-06 01:00:00,0.0,B1_all,21,34.31956301860751
2021-08-06 02:00:00,0.0,B1_all,21,36.051502973862526
2021-08-06 03:00:00,0.0,B1_all,25,36.20734993401766
2021-08-06 04:00:00,0.0,B1_all,23,35.22878288952804
2021-08-06 05:00:00,0.0,B1_all,21,43.106699693997534
2021-08-06 06:00:00,0.0,B1_all,25,35.531378432784116
2021-08-06 07:00:00,0.0,B1_all,21,76.18232901831517
2021-08-06 08:00:00,0.0,B1_all,21,45.8442153905772
2021-08-06 09:00:00,0.0,B1_all,21,37.69534425851509
2021-08-06 10:00:00,0.0,B1_all,25,37.51003585272744
2021-08-06 11:00:00,0.0,B1_all,25,37.78166672188898
2021-08-06 12:00:00,0.0,B1_all,24,36.31751443257204
2021-08-06 13:00:00,0.0,B1_all,24,38.52498100718094
2021-08-06 14:00:00,0.0,B1_all,27,37.42676725206532
2021-08-06 15:00:00,0.0,B1_all,22,38.25302803228953
2021-08-06 16:00:00,0.0,B1_all,22,37.14229018011069
2021-08-06 17:00:00,0.0,B1_all,25,37.32892416340739
2021-08-06 18:00:00,0.0,B1_all,22,34.70253727401322
2021-08-06 19:00:00,0.0,B1_all,21,34.62927886043515
2021-08-06 20:00:00,0.0,B1_all,21,35.72443193674627
2021-08-06 21:00:00,0.0,B1_all,26,36.20734993401766
2021-08-06 22:00:00,0.0,B1_all,21,35.75305408787605
2021-08-06 23:00:00,0.0,B1_all,21,34.478719530401634
2021-08-07 00:00:00,0.0,B1_all,24,42.57174233103364
2021-08-07 01:00:00,0.0,B1_all,25,36.848671532011885
2021-08-07 02:00:00,0.0,B1_all,21,35.91835916359447
2021-08-07 03:00:00,0.0,B1_all,21,33.62376131144098
2021-08-07 04:00:00,0.0,B1_all,21,35.13646915299417
2021-08-07 05:00:00,0.0,B1_all,24,41.58699405188056
2021-08-07 06:00:00,0.0,B1_all,21,34.4953203961696
2021-08-07 07:00:00,0.0,B1_all,21,52.81167543821934
2021-08-07 08:00:00,0.0,B1_all,25,50.01551122191493
2021-08-07 09:00:00,0.0,B1_all,24,39.37192445337311
2021-08-07 10:00:00,0.0,B1_all,21,36.8827006796544
2021-08-07 11:00:00,0.0,B1_all,21,35.84516679662095
2021-08-07 12:00:00,0.0,B1_all,26,36.462283818462325
2021-08-07 13:00:00,0.0,B1_all,21,35.66383018417115
2021-08-07 14:00:00,0.0,B1_all,21,35.781778839212535
2021-08-07 15:00:00,0.0,B1_all,22,37.52549668346303
2021-08-07 16:00:00,0.0,B1_all,25,37.52549668346303
2021-08-07 17:00:00,0.0,B1_all,21,35.46688361170337
2021-08-07 18:00:00,0.0,B1_all,21,34.278417044734276
2021-08-07 19:00:00,0.0,B1_all,24,35.31297949074875
2021-08-07 20:00:00,0.0,B1_all,26,35.450412463478415
2021-08-07 21:00:00,0.0,B1_all,22,35.494809696616805
2021-08-07 22:00:00,0.0,B1_all,21,35.4284234954215
2021-08-07 23:00:00,0.0,B1_all,25,34.65912709268776
2021-08-08 00:00:00,0.0,B1_all,21,36.761434638953936
2021-08-08 01:00:00,0.0,B1_all,21,32.96610071266024
2021-08-08 02:00:00,0.0,B1_all,21,34.910351522782264
2021-08-08 03:00:00,0.0,B1_all,24,34.95465588464088
2021-08-08 04:00:00,0.0,B1_all,21,32.93656126448547
2021-08-08 05:00:00,0.0,B1_all,21,36.48037266259271
2021-08-08 06:00:00,0.0,B1_all,23,34.738445072952615
2021-08-08 07:00:00,0.0,B1_all,25,56.04818859708177
2021-08-08 08:00:00,0.0,B1_all,21,56.68882349788904
2021-08-08 09:00:00,0.0,B1_all,21,35.60569048193075
2021-08-08 10:00:00,0.0,B1_all,25,37.16717307735516
2021-08-08 11:00:00,0.0,B1_all,21,37.21146287429042
2021-08-08 12:00:00,0.0,B1_all,21,34.698324577085174
2021-08-08 13:00:00,0.0,B1_all,23,36.80664586001429
2021-08-08 14:00:00,0.0,B1_all,25,37.16717307735516
2021-08-08 15:00:00,0.0,B1_all,21,36.034412048155545
2021-08-08 16:00:00,0.0,B1_all,21,35.60569048193075
2021-08-08 17:00:00,0.0,B1_all,25,37.16717307735516
2021-08-08 18:00:00,0.0,B1_all,24,35.85133458806292
2021-08-08 19:00:00,0.0,B1_all,21,34.649942089813464
2021-08-08 20:00:00,0.0,B1_all,22,34.63888569556111
2021-08-08 21:00:00,0.0,B1_all,26,34.95465588464088
2021-08-08 22:00:00,0.0,B1_all,22,34.98737852808739
2021-08-08 23:00:00,0.0,B1_all,21,33.61240820678002
2021-08-09 00:00:00,0.0,B1_all,21,42.077454955319524
2021-08-09 01:00:00,0.0,B1_all,25,36.714956621473966
2021-08-09 02:00:00,0.0,B1_all,21,35.49342760871698
2021-08-09 03:00:00,0.0,B1_all,23,34.06569420885798
2021-08-09 04:00:00,0.0,B1_all,22,35.872940788839
2021-08-09 05:00:00,0.0,B1_all,25,43.033500373903
2021-08-09 06:00:00,0.0,B1_all,20,42.501611700922325
2021-08-09 07:00:00,0.0,B1_all,112,73.68003637577479
2021-08-09 08:00:00,1.0,B1_all,215,192.54314221749698
2021-08-09 09:00:00,0.0,B1_all,197,186.06555065642755
2021-08-09 10:00:00,0.0,B1_all,201,188.37135510821105
2021-08-09 11:00:00,0.0,B1_all,192,186.5659282036682
2021-08-09 12:00:00,0.0,B1_all,144,136.25169618987
2021-08-09 13:00:00,0.0,B1_all,200,179.96338084433035
2021-08-09 14:00:00,0.0,B1_all,191,189.85829620936693
2021-08-09 15:00:00,0.0,B1_all,183,184.96948907764852
2021-08-09 16:00:00,0.0,B1_all,191,184.45365702286267
2021-08-09 17:00:00,0.0,B1_all,169,168.9694155408683
2021-08-09 18:00:00,-1.0,B1_all,103,153.01960390768213
2021-08-09 19:00:00,0.0,B1_all,95,112.24794823118567
2021-08-09 20:00:00,0.0,B1_all,113,107.64696486214052
2021-08-09 21:00:00,0.0,B1_all,119,115.08706494846139
2021-08-09 22:00:00,0.0,B1_all,112,119.08982672247856
2021-08-09 23:00:00,0.0,B1_all,108,112.78594576266809
2021-08-10 00:00:00,0.0,B1_all,71,62.20809846238544
2021-08-10 01:00:00,0.0,B1_all,104,107.98916108408677
2021-08-10 02:00:00,0.0,B1_all,97,105.05109578875003
2021-08-10 03:00:00,0.0,B1_all,104,103.59667641354304
2021-08-10 04:00:00,0.0,B1_all,103,104.89651960050037
2021-08-10 05:00:00,0.0,B1_all,99,104.47370069687003
2021-08-10 06:00:00,0.0,B1_all,105,109.11366603453064
2021-08-10 07:00:00,0.0,B1_all,138,131.55408916614152
2021-08-10 08:00:00,0.0,B1_all,195,170.6978475764495
2021-08-10 09:00:00,0.0,B1_all,193,183.66166773659535
2021-08-10 10:00:00,0.0,B1_all,192,186.19632006453935
2021-08-10 11:00:00,0.0,B1_all,191,186.79089722638525
2021-08-10 12:00:00,0.0,B1_all,119,133.24938162931323
2021-08-10 13:00:00,0.0,B1_all,190,176.37206726269196
2021-08-10 14:00:00,0.0,B1_all,180,180.6525188473924
2021-08-10 15:00:00,0.0,B1_all,181,176.52923074609686
2021-08-10 16:00:00,0.0,B1_all,182,178.09606764931956
2021-08-10 17:00:00,0.0,B1_all,156,163.12372992113592
2021-08-10 18:00:00,0.0,B1_all,168,170.5681757903052
2021-08-10 19:00:00,0.0,B1_all,163,162.73459952055765
2021-08-10 20:00:00,0.0,B1_all,135,141.14895855496778
2021-08-10 21:00:00,0.0,B1_all,127,129.1509700896911
2021-08-10 22:00:00,0.0,B1_all,114,122.84953127631046
2021-08-10 23:00:00,0.0,B1_all,109,112.10982290059535
2021-08-11 00:00:00,0.0,B1_all,83,66.2202561299243
2021-08-11 01:00:00,0.0,B1_all,108,110.08517306583985
2021-08-11 02:00:00,0.0,B1_all,114,103.96432708073435
2021-08-11 03:00:00,0.0,B1_all,113,108.84732125670786
2021-08-11 04:00:00,0.0,B1_all,116,107.16667222034536
2021-08-11 05:00:00,0.0,B1_all,105,112.17131880418536
2021-08-11 06:00:00,0.0,B1_all,129,112.33831059782918
2021-08-11 07:00:00,0.0,B1_all,150,148.4161085301774
2021-08-11 08:00:00,1.0,B1_all,218,177.97800434442343
2021-08-11 09:00:00,0.0,B1_all,189,185.5694981212898
2021-08-11 10:00:00,0.0,B1_all,192,184.39906971167466
2021-08-11 11:00:00,0.0,B1_all,192,186.39429452539113
2021-08-11 12:00:00,0.0,B1_all,132,129.78072986534937
2021-08-11 13:00:00,0.0,B1_all,205,177.67385195282975
2021-08-11 14:00:00,0.0,B1_all,207,191.93493043082285
2021-08-11 15:00:00,0.0,B1_all,177,183.93914402863456
2021-08-11 16:00:00,0.0,B1_all,187,180.91101986431008
2021-08-11 17:00:00,0.0,B1_all,177,166.14135162881826
2021-08-11 18:00:00,0.0,B1_all,194,172.0811965843744
2021-08-11 19:00:00,0.0,B1_all,163,165.27654776362456
2021-08-11 20:00:00,0.0,B1_all,128,135.63737218524278
2021-08-11 21:00:00,0.0,B1_all,115,122.0257195217982
2021-08-11 22:00:00,0.0,B1_all,116,115.65922095444054
2021-08-11 23:00:00,0.0,B1_all,109,112.70778612291335
2021-08-12 00:00:00,0.0,B1_all,81,67.12924856971624
2021-08-12 01:00:00,0.0,B1_all,115,113.49250097177331
2021-08-12 02:00:00,0.0,B1_all,110,114.8220918217574
2021-08-12 03:00:00,0.0,B1_all,110,110.91953950576473
2021-08-12 04:00:00,0.0,B1_all,114,109.49890134402476
2021-08-12 05:00:00,0.0,B1_all,103,103.38074929100956
2021-08-12 06:00:00,0.0,B1_all,117,112.34272716496669
2021-08-12 07:00:00,0.0,B1_all,149,151.911427379679
2021-08-12 08:00:00,0.0,B1_all,196,181.36010121429658
2021-08-12 09:00:00,0.0,B1_all,189,184.90692528075826
2021-08-12 10:00:00,0.0,B1_all,186,180.2683442620299
2021-08-12 11:00:00,0.0,B1_all,199,182.98276969527353
2021-08-12 12:00:00,0.0,B1_all,133,138.55852959863728
2021-08-12 13:00:00,0.0,B1_all,191,176.56717043500007
2021-08-12 14:00:00,0.0,B1_all,193,185.61735181287884
2021-08-12 15:00:00,0.0,B1_all,197,182.9328505012989
2021-08-12 16:00:00,0.0,B1_all,176,187.87888940278634
2021-08-12 17:00:00,0.0,B1_all,160,167.09554593808184
2021-08-12 18:00:00,0.0,B1_all,177,168.11333335768734
2021-08-12 19:00:00,0.0,B1_all,182,163.0524506201846
2021-08-12 20:00:00,0.0,B1_all,127,128.51807303222535
2021-08-12 21:00:00,0.0,B1_all,114,130.01936470469704
2021-08-12 22:00:00,0.0,B1_all,122,111.57995565461827
2021-08-12 23:00:00,0.0,B1_all,118,119.1517854449213
2021-08-13 00:00:00,0.0,B1_all,79,66.5532862591049
2021-08-13 01:00:00,0.0,B1_all,105,113.35829356423865
2021-08-13 02:00:00,0.0,B1_all,117,112.22562443483275
2021-08-13 03:00:00,0.0,B1_all,120,116.85191594152086
2021-08-13 04:00:00,0.0,B1_all,116,119.4849852567667
2021-08-13 05:00:00,0.0,B1_all,108,113.47503069221132
2021-08-13 06:00:00,0.0,B1_all,116,112.43263171088408
2021-08-13 07:00:00,0.0,B1_all,166,149.13011707036648
2021-08-13 08:00:00,1.0,B1_all,207,183.81627098845584
2021-08-13 09:00:00,0.0,B1_all,191,184.26120061330633
2021-08-13 10:00:00,0.0,B1_all,201,184.4277909387744
2021-08-13 11:00:00,0.0,B1_all,204,186.04426653421572
2021-08-13 12:00:00,0.0,B1_all,134,135.19611291826786
2021-08-13 13:00:00,0.0,B1_all,195,172.92902467378514
2021-08-13 14:00:00,0.0,B1_all,200,184.526146464595
2021-08-13 15:00:00,0.0,B1_all,195,187.42198790303038
2021-08-13 16:00:00,0.0,B1_all,186,186.50641384778547
2021-08-13 17:00:00,0.0,B1_all,176,168.92955013077693
2021-08-13 18:00:00,0.0,B1_all,177,173.97117679991678
2021-08-13 19:00:00,0.0,B1_all,168,163.3086035569097
2021-08-13 20:00:00,0.0,B1_all,125,124.52511595739163
2021-08-13 21:00:00,0.0,B1_all,119,124.98749995514821
2021-08-13 22:00:00,0.0,B1_all,118,118.0245930626942
2021-08-13 23:00:00,0.0,B1_all,116,118.76018120432778
2021-08-14 00:00:00,0.0,B1_all,67,61.66362667012722
2021-08-14 01:00:00,0.0,B1_all,106,104.12926039930261
2021-08-14 02:00:00,0.0,B1_all,108,106.42026657553883
2021-08-14 03:00:00,0.0,B1_all,98,105.37597753595455
2021-08-14 04:00:00,0.0,B1_all,100,106.88846566543441
2021-08-14 05:00:00,0.0,B1_all,91,101.63740083920939
2021-08-14 06:00:00,0.0,B1_all,91,104.64689804822052
2021-08-14 07:00:00,0.0,B1_all,75,92.48809992603647
2021-08-14 08:00:00,0.0,B1_all,26,28.074459657026473
2021-08-14 09:00:00,0.0,B1_all,23,23.737771499430533
2021-08-14 10:00:00,0.0,B1_all,21,25.179528977077457
2021-08-14 11:00:00,0.0,B1_all,26,23.73870592836533
2021-08-14 12:00:00,0.0,B1_all,23,24.68296428064481
2021-08-14 13:00:00,0.0,B1_all,21,23.999413976636028
2021-08-14 14:00:00,0.0,B1_all,22,22.05317033242952
2021-08-14 15:00:00,0.0,B1_all,26,23.997832214760297
2021-08-14 16:00:00,0.0,B1_all,22,22.023639131469658
2021-08-14 17:00:00,0.0,B1_all,22,22.4902953478783
2021-08-14 18:00:00,0.0,B1_all,24,23.55472519178749
2021-08-14 19:00:00,0.0,B1_all,26,22.87795335315433
2021-08-14 20:00:00,0.0,B1_all,22,22.01171207626287
2021-08-14 21:00:00,0.0,B1_all,23,22.298021952544342
2021-08-14 22:00:00,0.0,B1_all,25,23.24416542411208
2021-08-14 23:00:00,0.0,B1_all,22,25.30505038815397
2021-08-15 00:00:00,0.0,B1_all,22,22.931605095168074
2021-08-15 01:00:00,0.0,B1_all,28,23.471131977804205
2021-08-15 02:00:00,0.0,B1_all,24,23.032525028051264
2021-08-15 03:00:00,0.0,B1_all,22,21.78820078861663
2021-08-15 04:00:00,0.0,B1_all,22,23.24286125677479
2021-08-15 05:00:00,0.0,B1_all,25,22.57296989335023
2021-08-15 06:00:00,0.0,B1_all,22,23.947044760563912
2021-08-15 07:00:00,0.0,B1_all,21,34.56934212613293
2021-08-15 08:00:00,0.0,B1_all,26,25.933592801614672
2021-08-15 09:00:00,0.0,B1_all,24,24.60091805483624
2021-08-15 10:00:00,0.0,B1_all,21,27.170939311030544
2021-08-15 11:00:00,0.0,B1_all,22,22.14315034808311
2021-08-15 12:00:00,0.0,B1_all,26,23.107922090074116
2021-08-15 13:00:00,0.0,B1_all,22,21.95777218696811
2021-08-15 14:00:00,0.0,B1_all,22,22.14315034808311
2021-08-15 15:00:00,0.0,B1_all,21,23.433167116286356
2021-08-15 16:00:00,0.0,B1_all,25,23.433167116286356
2021-08-15 17:00:00,0.0,B1_all,22,22.656071157516834
2021-08-15 18:00:00,0.0,B1_all,21,22.4672728960552
2021-08-15 19:00:00,0.0,B1_all,25,21.99518131460776
2021-08-15 20:00:00,0.0,B1_all,22,22.13036535001963
2021-08-15 21:00:00,0.0,B1_all,22,21.88748899534075
2021-08-15 22:00:00,0.0,B1_all,24,23.419371594529384
2021-08-15 23:00:00,0.0,B1_all,25,23.419371594529384
2021-08-16 00:00:00,0.0,B1_all,22,34.84284393774411
2021-08-16 01:00:00,0.0,B1_all,23,25.05045238172094
2021-08-16 02:00:00,0.0,B1_all,26,24.628679812224878
2021-08-16 03:00:00,0.0,B1_all,21,25.376747717065676
2021-08-16 04:00:00,0.0,B1_all,22,23.665004379610778
2021-08-16 05:00:00,0.0,B1_all,22,26.611056546414098
2021-08-16 06:00:00,0.0,B1_all,26,29.301825310006997
2021-08-16 07:00:00,0.0,B1_all,122,65.04258486515636
2021-08-16 08:00:00,1.0,B1_all,183,185.52575163225836
2021-08-16 09:00:00,0.0,B1_all,190,176.26907879316505
2021-08-16 10:00:00,0.0,B1_all,157,181.30997817511792
2021-08-16 11:00:00,0.0,B1_all,157,183.2651744196394
2021-08-16 12:00:00,0.0,B1_all,107,122.37945351660409
2021-08-16 13:00:00,0.0,B1_all,157,158.0963160908226
2021-08-16 14:00:00,0.0,B1_all,153,163.72503931438666
2021-08-16 15:00:00,0.0,B1_all,146,156.68198682573367
2021-08-16 16:00:00,0.0,B1_all,125,153.91070594575461
2021-08-16 17:00:00,0.0,B1_all,105,144.9289917095844
2021-08-16 18:00:00,0.0,B1_all,94,127.46160652285815
2021-08-16 19:00:00,0.0,B1_all,95,109.09812766749991
2021-08-16 20:00:00,0.0,B1_all,102,105.85085009811036
2021-08-16 21:00:00,0.0,B1_all,116,105.24110821045316
2021-08-16 22:00:00,0.0,B1_all,102,111.30080398152434
2021-08-16 23:00:00,0.0,B1_all,102,107.37605242280826
2021-08-17 00:00:00,0.0,B1_all,71,65.36687460237408
2021-08-17 01:00:00,0.0,B1_all,100,110.96485658620101
2021-08-17 02:00:00,0.0,B1_all,101,107.12891777498106
2021-08-17 03:00:00,0.0,B1_all,99,104.74307507088118
2021-08-17 04:00:00,0.0,B1_all,98,103.93771046602905
2021-08-17 05:00:00,0.0,B1_all,103,102.62689666083654
2021-08-17 06:00:00,0.0,B1_all,96,106.9187551434322
2021-08-17 07:00:00,0.0,B1_all,146,132.7923654304519
2021-08-17 08:00:00,0.0,B1_all,171,178.76323952899918
2021-08-17 09:00:00,0.0,B1_all,170,169.57252526788506
2021-08-17 10:00:00,0.0,B1_all,165,168.70751829653148
2021-08-17 11:00:00,0.0,B1_all,173,171.83874129281747
2021-08-17 12:00:00,0.0,B1_all,134,127.42662505345623
2021-08-17 13:00:00,0.0,B1_all,164,176.4470816410231
2021-08-17 14:00:00,0.0,B1_all,164,167.81257865765068
2021-08-17 15:00:00,0.0,B1_all,168,161.46410858451674
2021-08-17 16:00:00,0.0,B1_all,158,163.39742614213995
2021-08-17 17:00:00,0.0,B1_all,135,151.78789415641646
2021-08-17 18:00:00,0.0,B1_all,158,149.49082236267233
2021-08-17 19:00:00,0.0,B1_all,143,157.37760920589966
2021-08-17 20:00:00,0.0,B1_all,128,123.96912904623912
2021-08-17 21:00:00,0.0,B1_all,121,119.9541080125373
2021-08-17 22:00:00,0.0,B1_all,118,119.76691896666904
2021-08-17 23:00:00,0.0,B1_all,118,118.12623200153219
2021-08-18 00:00:00,0.0,B1_all,66,69.93264525987946
2021-08-18 01:00:00,0.0,B1_all,105,112.3512511099063
2021-08-18 02:00:00,0.0,B1_all,105,114.23191254038981
2021-08-18 03:00:00,0.0,B1_all,101,106.36553871909621
2021-08-18 04:00:00,0.0,B1_all,99,107.15790742216166
2021-08-18 05:00:00,0.0,B1_all,98,101.32907039473989
2021-08-18 06:00:00,0.0,B1_all,107,105.34393629891765
2021-08-18 07:00:00,0.0,B1_all,146,144.54956107653925
2021-08-18 08:00:00,0.0,B1_all,174,173.4173339554688
2021-08-18 09:00:00,0.0,B1_all,172,171.6721836076542
2021-08-18 10:00:00,0.0,B1_all,176,172.71457167966867
2021-08-18 11:00:00,0.0,B1_all,183,178.28351843093276
2021-08-18 12:00:00,0.0,B1_all,120,123.74155290616775
2021-08-18 13:00:00,0.0,B1_all,177,175.76816064581342
2021-08-18 14:00:00,0.0,B1_all,185,175.34288056939155
2021-08-18 15:00:00,0.0,B1_all,184,180.5440302190696
2021-08-18 16:00:00,0.0,B1_all,188,177.1921896573998
2021-08-18 17:00:00,0.0,B1_all,186,166.1126945434784
2021-08-18 18:00:00,0.0,B1_all,174,169.78615575930337
2021-08-18 19:00:00,0.0,B1_all,158,152.63531374649224
2021-08-18 20:00:00,0.0,B1_all,124,125.5542695794077
2021-08-18 21:00:00,0.0,B1_all,123,122.15549613434567
2021-08-18 22:00:00,0.0,B1_all,125,120.6790791700844
2021-08-18 23:00:00,0.0,B1_all,112,115.32098570111853
2021-08-19 00:00:00,0.0,B1_all,77,71.84815593200453
2021-08-19 01:00:00,0.0,B1_all,114,113.83492980127652
2021-08-19 02:00:00,0.0,B1_all,116,115.13682464184727
2021-08-19 03:00:00,0.0,B1_all,119,116.84556987904931
2021-08-19 04:00:00,0.0,B1_all,108,118.00658766124792
2021-08-19 05:00:00,0.0,B1_all,106,107.22488220095391
2021-08-19 06:00:00,0.0,B1_all,119,111.5207129605754
2021-08-19 07:00:00,0.0,B1_all,143,146.6631325928225
2021-08-19 08:00:00,0.0,B1_all,185,180.17906160189165
2021-08-19 09:00:00,0.0,B1_all,182,175.48235998484884
2021-08-19 10:00:00,0.0,B1_all,177,181.8038747592596
2021-08-19 11:00:00,0.0,B1_all,188,182.1480708688454
2021-08-19 12:00:00,0.0,B1_all,120,122.88221321415672
2021-08-19 13:00:00,0.0,B1_all,172,178.6160173991288
2021-08-19 14:00:00,0.0,B1_all,184,171.75770105159887
2021-08-19 15:00:00,0.0,B1_all,185,181.61892276243972
2021-08-19 16:00:00,0.0,B1_all,171,176.65585734214002
2021-08-19 17:00:00,0.0,B1_all,155,167.61368385324272
2021-08-19 18:00:00,0.0,B1_all,161,166.03007075871966
2021-08-19 19:00:00,0.0,B1_all,153,154.09018216474465
2021-08-19 20:00:00,0.0,B1_all,134,126.9781546774747
2021-08-19 21:00:00,0.0,B1_all,123,126.0726993298935
2021-08-19 22:00:00,0.0,B1_all,125,120.7525678529359
2021-08-19 23:00:00,0.0,B1_all,117,120.84494163315482
2021-08-20 00:00:00,0.0,B1_all,80,73.78087800339283
2021-08-20 01:00:00,0.0,B1_all,109,113.91377064411994
2021-08-20 02:00:00,0.0,B1_all,110,111.10451555582632
2021-08-20 03:00:00,0.0,B1_all,107,111.93981877377766
2021-08-20 04:00:00,0.0,B1_all,106,106.70279320133767
2021-08-20 05:00:00,0.0,B1_all,104,105.65326203883575
2021-08-20 06:00:00,0.0,B1_all,115,107.45744162174192
2021-08-20 07:00:00,0.0,B1_all,146,146.8792538241926
2021-08-20 08:00:00,0.0,B1_all,179,166.46624797426205
2021-08-20 09:00:00,0.0,B1_all,175,175.2044945268494
2021-08-20 10:00:00,0.0,B1_all,168,178.20346313518334
2021-08-20 11:00:00,0.0,B1_all,193,168.8307608620983
2021-08-20 12:00:00,0.0,B1_all,134,130.85946273118302
2021-08-20 13:00:00,0.0,B1_all,180,180.94967420739047
2021-08-20 14:00:00,0.0,B1_all,184,173.64309601129457
2021-08-20 15:00:00,0.0,B1_all,176,177.7041308374565
2021-08-20 16:00:00,0.0,B1_all,177,172.87057243394534
2021-08-20 17:00:00,0.0,B1_all,164,160.16614014790957
2021-08-20 18:00:00,0.0,B1_all,158,169.33149052023415
2021-08-20 19:00:00,0.0,B1_all,146,155.79300573836514
2021-08-20 20:00:00,0.0,B1_all,125,116.35265740627358
2021-08-20 21:00:00,0.0,B1_all,121,121.0105585109086
2021-08-20 22:00:00,0.0,B1_all,113,119.03933731466006
2021-08-20 23:00:00,0.0,B1_all,106,113.58728083139916
2021-08-21 00:00:00,0.0,B1_all,64,64.1093598840697
2021-08-21 01:00:00,0.0,B1_all,99,114.87118660803338
2021-08-21 02:00:00,0.0,B1_all,109,106.14963317014828
2021-08-21 03:00:00,0.0,B1_all,102,107.80350573521419
2021-08-21 04:00:00,0.0,B1_all,107,105.70619390949628
2021-08-21 05:00:00,0.0,B1_all,110,104.49800010227253
2021-08-21 06:00:00,0.0,B1_all,103,111.43330151932489
2021-08-21 07:00:00,0.0,B1_all,94,97.87295085090297
2021-08-21 08:00:00,-1.0,B1_all,26,24.957503258890064
2021-08-21 09:00:00,0.0,B1_all,21,23.737771499430533
2021-08-21 10:00:00,0.0,B1_all,22,23.30579959910786
2021-08-21 11:00:00,0.0,B1_all,26,24.456090931788832
2021-08-21 12:00:00,0.0,B1_all,22,25.32715074101655
2021-08-21 13:00:00,0.0,B1_all,21,24.345511500790593
2021-08-21 14:00:00,0.0,B1_all,26,22.4282522101482
2021-08-21 15:00:00,0.0,B1_all,23,24.072882468888313
2021-08-21 16:00:00,0.0,B1_all,22,22.709530265441842
2021-08-21 17:00:00,0.0,B1_all,22,23.73600775422294
2021-08-21 18:00:00,0.0,B1_all,27,23.398878231632352
2021-08-21 19:00:00,0.0,B1_all,21,20.63118933444252
2021-08-21 20:00:00,0.0,B1_all,22,21.868548797931926
2021-08-21 21:00:00,0.0,B1_all,23,23.898017822173074
2021-08-21 22:00:00,0.0,B1_all,27,22.49009568853428
2021-08-21 23:00:00,0.0,B1_all,23,22.21651147514473
2021-08-22 00:00:00,0.0,B1_all,23,23.81633197038676
2021-08-22 01:00:00,0.0,B1_all,26,24.169312463172055
2021-08-22 02:00:00,0.0,B1_all,27,25.660727994133257
2021-08-22 03:00:00,0.0,B1_all,24,31.717917504902474
2021-08-22 04:00:00,0.0,B1_all,22,21.90319537944256
2021-08-22 05:00:00,0.0,B1_all,26,29.722918401468064
2021-08-22 06:00:00,0.0,B1_all,22,28.82163485824378
2021-08-22 07:00:00,0.0,B1_all,22,33.78725129964249
2021-08-22 08:00:00,0.0,B1_all,22,26.041161398426603
2021-08-22 09:00:00,0.0,B1_all,27,22.26433714089002
2021-08-22 10:00:00,0.0,B1_all,22,21.281139752464433
2021-08-22 11:00:00,0.0,B1_all,23,22.088572221951434
2021-08-22 12:00:00,0.0,B1_all,24,21.957226642932056
2021-08-22 13:00:00,0.0,B1_all,26,23.616956837648917
2021-08-22 14:00:00,0.0,B1_all,23,22.19756080822796
2021-08-22 15:00:00,0.0,B1_all,23,25.296699096030853
2021-08-22 16:00:00,0.0,B1_all,27,25.817610757221967
2021-08-22 17:00:00,0.0,B1_all,22,24.444964262784527
2021-08-22 18:00:00,0.0,B1_all,22,23.46474645577453
2021-08-22 19:00:00,0.0,B1_all,22,24.53181176925832
2021-08-22 20:00:00,0.0,B1_all,26,24.53181176925832
2021-08-22 21:00:00,0.0,B1_all,23,20.93904873217062
2021-08-22 22:00:00,0.0,B1_all,24,22.505628374623793
2021-08-22 23:00:00,0.0,B1_all,26,24.17128455191746
2021-08-23 00:00:00,0.0,B1_all,25,32.70964916372204
2021-08-23 01:00:00,0.0,B1_all,23,25.274972665101586
2021-08-23 02:00:00,0.0,B1_all,23,30.069361882411854
2021-08-23 03:00:00,0.0,B1_all,27,25.942252408114665
2021-08-23 04:00:00,0.0,B1_all,22,28.26249272996304
2021-08-23 05:00:00,0.0,B1_all,22,28.95446938047843
2021-08-23 06:00:00,0.0,B1_all,22,38.13702670403044
2021-08-23 07:00:00,0.0,B1_all,92,80.6742280330165
2021-08-23 08:00:00,1.0,B1_all,181,190.56798082697887
2021-08-23 09:00:00,0.0,B1_all,187,178.17665941782613
2021-08-23 10:00:00,0.0,B1_all,182,180.2455407249478
2021-08-23 11:00:00,0.0,B1_all,191,183.6033001647658
2021-08-23 12:00:00,0.0,B1_all,136,134.73872958510276
2021-08-23 13:00:00,0.0,B1_all,193,187.05827422224783
2021-08-23 14:00:00,0.0,B1_all,190,188.35874047102388
2021-08-23 15:00:00,0.0,B1_all,196,182.29828728329218
2021-08-23 16:00:00,0.0,B1_all,177,186.85762900680874
2021-08-23 17:00:00,0.0,B1_all,177,169.8354146290271
2021-08-23 18:00:00,0.0,B1_all,179,176.04037406774532
2021-08-23 19:00:00,0.0,B1_all,137,132.62179745688303
2021-08-23 20:00:00,0.0,B1_all,118,122.50898214934132
2021-08-23 21:00:00,0.0,B1_all,117,117.49012615127334
2021-08-23 22:00:00,0.0,B1_all,113,116.54573752303995
2021-08-23 23:00:00,0.0,B1_all,107,113.86035766516832
2021-08-24 00:00:00,0.0,B1_all,67,63.99928993215352
2021-08-24 01:00:00,0.0,B1_all,111,111.60836452661202
2021-08-24 02:00:00,0.0,B1_all,115,114.12645542085846
2021-08-24 03:00:00,0.0,B1_all,115,113.51144288656762
2021-08-24 04:00:00,0.0,B1_all,113,109.27346628003446
2021-08-24 05:00:00,0.0,B1_all,106,106.57602796359667
2021-08-24 06:00:00,0.0,B1_all,115,112.80619182754137
2021-08-24 07:00:00,0.0,B1_all,145,148.58921610777944
2021-08-24 08:00:00,0.0,B1_all,196,181.8879401121407
2021-08-24 09:00:00,0.0,B1_all,190,186.0345708626944
2021-08-24 10:00:00,0.0,B1_all,181,182.78980893606558
2021-08-24 11:00:00,0.0,B1_all,188,183.10049206111844
2021-08-24 12:00:00,0.0,B1_all,130,130.08563680329635
2021-08-24 13:00:00,0.0,B1_all,180,186.0137111105711
2021-08-24 14:00:00,0.0,B1_all,190,177.6227624373017
2021-08-24 15:00:00,0.0,B1_all,201,182.87773720858235
2021-08-24 16:00:00,0.0,B1_all,191,187.70098223827242
2021-08-24 17:00:00,0.0,B1_all,157,169.9443529214676
2021-08-24 18:00:00,0.0,B1_all,156,175.21890262180872
2021-08-24 19:00:00,0.0,B1_all,164,152.3337221257874
2021-08-24 20:00:00,0.0,B1_all,125,139.18701267298917
2021-08-24 21:00:00,0.0,B1_all,123,120.97167842678044
2021-08-24 22:00:00,0.0,B1_all,120,120.77508405831988
2021-08-24 23:00:00,0.0,B1_all,107,116.30555717826756
2021-08-25 00:00:00,0.0,B1_all,81,65.42065099992845
2021-08-25 01:00:00,0.0,B1_all,111,110.48297073098124
2021-08-25 02:00:00,0.0,B1_all,115,114.28182800631396
2021-08-25 03:00:00,0.0,B1_all,106,113.87769484952861
2021-08-25 04:00:00,0.0,B1_all,110,108.27956619578148
2021-08-25 05:00:00,0.0,B1_all,107,105.63620073445435
2021-08-25 06:00:00,0.0,B1_all,108,111.84719379868763
2021-08-25 07:00:00,0.0,B1_all,162,139.49544144177304
2021-08-25 08:00:00,0.0,B1_all,182,178.59408201380566
2021-08-25 09:00:00,0.0,B1_all,181,179.4688550656359
2021-08-25 10:00:00,0.0,B1_all,189,181.49413595230757
2021-08-25 11:00:00,0.0,B1_all,184,184.49840811419514
2021-08-25 12:00:00,0.0,B1_all,121,125.5064013989038
2021-08-25 13:00:00,0.0,B1_all,180,183.57361958687002
2021-08-25 14:00:00,0.0,B1_all,184,175.5335676071094
2021-08-25 15:00:00,0.0,B1_all,180,177.68208877493217
2021-08-25 16:00:00,0.0,B1_all,172,182.39018206540987
2021-08-25 17:00:00,0.0,B1_all,176,167.4060979676919
2021-08-25 18:00:00,0.0,B1_all,172,164.4088445851317
2021-08-25 19:00:00,0.0,B1_all,152,162.94515278561494
2021-08-25 20:00:00,0.0,B1_all,124,123.92977625760687
2021-08-25 21:00:00,0.0,B1_all,131,123.35892455737539
2021-08-25 22:00:00,0.0,B1_all,114,121.29793664261841
2021-08-25 23:00:00,0.0,B1_all,119,114.98299122012098
2021-08-26 00:00:00,0.0,B1_all,73,63.957636405041846
2021-08-26 01:00:00,0.0,B1_all,110,116.39445267658431
2021-08-26 02:00:00,0.0,B1_all,118,113.84239021038366
2021-08-26 03:00:00,0.0,B1_all,104,119.75418547834137
2021-08-26 04:00:00,0.0,B1_all,115,108.68895092994065
2021-08-26 05:00:00,0.0,B1_all,108,107.04268991278121
2021-08-26 06:00:00,0.0,B1_all,111,113.53263210423093
2021-08-26 07:00:00,0.0,B1_all,147,133.7440593002792
2021-08-26 08:00:00,0.0,B1_all,196,174.85293792254728
2021-08-26 09:00:00,0.0,B1_all,199,184.59749722236523
2021-08-26 10:00:00,0.0,B1_all,193,187.87695108866575
2021-08-26 11:00:00,0.0,B1_all,194,186.75214864069872
2021-08-26 12:00:00,0.0,B1_all,127,133.64022879211237
2021-08-26 13:00:00,0.0,B1_all,199,188.17806670111796
2021-08-26 14:00:00,0.0,B1_all,190,191.25957814941688
2021-08-26 15:00:00,0.0,B1_all,202,184.16497205411366
2021-08-26 16:00:00,0.0,B1_all,186,184.8451356963621
2021-08-26 17:00:00,0.0,B1_all,161,166.34952306256335
2021-08-26 18:00:00,0.0,B1_all,167,174.99438141800675
2021-08-26 19:00:00,0.0,B1_all,170,162.20813330907876
2021-08-26 20:00:00,0.0,B1_all,121,126.99376138514454
2021-08-26 21:00:00,0.0,B1_all,128,125.7427856543438
2021-08-26 22:00:00,0.0,B1_all,116,122.66453647532212
2021-08-26 23:00:00,0.0,B1_all,113,115.12576487291109
2021-08-27 00:00:00,0.0,B1_all,77,69.96364713822533
2021-08-27 01:00:00,0.0,B1_all,111,112.48010764222857
2021-08-27 02:00:00,0.0,B1_all,115,112.39557605227208
2021-08-27 03:00:00,0.0,B1_all,114,114.30280615938592
2021-08-27 04:00:00,0.0,B1_all,112,110.60801932175637
2021-08-27 05:00:00,0.0,B1_all,104,107.00429498951151
2021-08-27 06:00:00,0.0,B1_all,103,109.26221178209346
2021-08-27 07:00:00,0.0,B1_all,135,130.37101593178613
2021-08-27 08:00:00,0.0,B1_all,190,171.4954226639993
2021-08-27 09:00:00,0.0,B1_all,185,178.78537075877313
2021-08-27 10:00:00,0.0,B1_all,177,182.02958742540707
2021-08-27 11:00:00,0.0,B1_all,182,178.86039219103515
2021-08-27 12:00:00,0.0,B1_all,125,126.70120307467845
2021-08-27 13:00:00,0.0,B1_all,179,181.45130434983545
2021-08-27 14:00:00,0.0,B1_all,169,175.49663620353252
2021-08-27 15:00:00,0.0,B1_all,175,173.33093813187517
2021-08-27 16:00:00,0.0,B1_all,161,167.85548988930094
2021-08-27 17:00:00,0.0,B1_all,163,158.93231838653998
2021-08-27 18:00:00,0.0,B1_all,157,155.5298853700633
2021-08-27 19:00:00,0.0,B1_all,138,129.23642382294918
2021-08-27 20:00:00,0.0,B1_all,111,120.8127666839688
2021-08-27 21:00:00,0.0,B1_all,115,113.5263749390105
2021-08-27 22:00:00,0.0,B1_all,105,110.65244334674348
2021-08-27 23:00:00,0.0,B1_all,113,110.4492759781541
2021-08-28 00:00:00,0.0,B1_all,75,62.21916899091895
2021-08-28 01:00:00,0.0,B1_all,111,111.7796719307909
2021-08-28 02:00:00,0.0,B1_all,119,109.53983048166978
2021-08-28 03:00:00,0.0,B1_all,109,110.10285968765767
2021-08-28 04:00:00,0.0,B1_all,107,107.02113694310994
2021-08-28 05:00:00,0.0,B1_all,107,105.29286541881088
2021-08-28 06:00:00,0.0,B1_all,103,111.77367798265426
2021-08-28 07:00:00,0.0,B1_all,94,93.9391643260293
2021-08-28 08:00:00,0.0,B1_all,36,25.049200924680477
2021-08-28 09:00:00,0.0,B1_all,36,25.188018306256783
2021-08-28 10:00:00,0.0,B1_all,41,29.656228341843356
2021-08-28 11:00:00,0.0,B1_all,39,25.792407530670165
2021-08-28 12:00:00,0.0,B1_all,38,24.470335156684467
2021-08-28 13:00:00,0.0,B1_all,41,25.85145928194303
2021-08-28 14:00:00,0.0,B1_all,41,24.87664290103653
2021-08-28 15:00:00,0.0,B1_all,38,25.56340843628338
2021-08-28 16:00:00,0.0,B1_all,52,26.754410894370967
2021-08-28 17:00:00,0.0,B1_all,47,26.237212312221413
2021-08-28 18:00:00,0.0,B1_all,0,22.60589562343077
2021-08-28 19:00:00,0.0,B1_all,0,23.144997405965814
2021-08-28 20:00:00,0.0,B1_all,0,24.380517016225344
2021-08-28 21:00:00,0.0,B1_all,0,23.94171786420357
2021-08-28 22:00:00,0.0,B1_all,0,23.927579119418127
2021-08-28 23:00:00,0.0,B1_all,0,23.966991343726384
2021-08-29 00:00:00,0.0,B1_all,0,24.61420685597846
2021-08-29 01:00:00,0.0,B1_all,0,23.47543106771048
2021-08-29 02:00:00,0.0,B1_all,0,23.26782372428052
2021-08-29 03:00:00,0.0,B1_all,0,23.26782372428052
2021-08-29 04:00:00,0.0,B1_all,0,23.247160346681067
2021-08-29 05:00:00,0.0,B1_all,0,22.657603000469862
2021-08-29 06:00:00,0.0,B1_all,0,20.9836116752793
2021-08-29 07:00:00,0.0,B1_all,0,32.97474418939856
2021-08-29 08:00:00,0.0,B1_all,0,26.88351259979391
2021-08-29 09:00:00,0.0,B1_all,0,23.523485077022883
2021-08-29 10:00:00,0.0,B1_all,0,23.523485077022883
2021-08-29 11:00:00,0.0,B1_all,41,23.523485077022883
2021-08-29 12:00:00,0.0,B1_all,23,22.155962285635503
2021-08-29 13:00:00,0.0,B1_all,19,21.267255599088017
2021-08-29 14:00:00,0.0,B1_all,22,21.368036197911614
2021-08-29 15:00:00,0.0,B1_all,21,22.140254764018763
2021-08-29 16:00:00,0.0,B1_all,23,22.529234829793506
2021-08-29 17:00:00,0.0,B1_all,26,22.980572434681207
2021-08-29 18:00:00,0.0,B1_all,25,24.256154090376807
2021-08-29 19:00:00,0.0,B1_all,21,21.475072196122763
2021-08-29 20:00:00,0.0,B1_all,20,21.88748899534075
2021-08-29 21:00:00,0.0,B1_all,21,23.44897159076515
2021-08-29 22:00:00,0.0,B1_all,24,23.44897159076515
2021-08-29 23:00:00,0.0,B1_all,21,21.650785520192166
2021-08-30 00:00:00,0.0,B1_all,20,28.022508320019135
2021-08-30 01:00:00,0.0,B1_all,23,25.922927686437077
2021-08-30 02:00:00,0.0,B1_all,24,25.438001691227445
2021-08-30 03:00:00,0.0,B1_all,21,23.638092295361055
2021-08-30 04:00:00,0.0,B1_all,20,23.36994404099402
2021-08-30 05:00:00,0.0,B1_all,20,26.113485515937587
2021-08-30 06:00:00,0.0,B1_all,24,29.70774954425215
2021-08-30 07:00:00,0.0,B1_all,80,53.0844021084586
2021-08-30 08:00:00,1.0,B1_all,183,179.1721176401842
2021-08-30 09:00:00,0.0,B1_all,180,177.87760693927345
2021-08-30 10:00:00,0.0,B1_all,186,175.4266063169727
2021-08-30 11:00:00,0.0,B1_all,180,181.03176103661306
2021-08-30 12:00:00,0.0,B1_all,134,134.2127245470302
2021-08-30 13:00:00,0.0,B1_all,177,182.99619483350685
2021-08-30 14:00:00,0.0,B1_all,174,176.42275698206134
2021-08-30 15:00:00,0.0,B1_all,177,175.2292974822571
2021-08-30 16:00:00,0.0,B1_all,174,177.25346853032698
2021-08-30 17:00:00,0.0,B1_all,172,161.48724264134069
2021-08-30 18:00:00,0.0,B1_all,172,171.5131243515697
2021-08-30 19:00:00,0.0,B1_all,162,162.93665381300917
2021-08-30 20:00:00,0.0,B1_all,132,129.8814793528557
2021-08-30 21:00:00,0.0,B1_all,135,126.83436421552636
2021-08-30 22:00:00,0.0,B1_all,123,125.38990359310478
2021-08-30 23:00:00,0.0,B1_all,115,121.034126129464
2021-08-31 00:00:00,0.0,B1_all,76,72.37541391925203
2021-08-31 01:00:00,0.0,B1_all,111,115.48340463646488
2021-08-31 02:00:00,0.0,B1_all,114,114.40798105764885
2021-08-31 03:00:00,0.0,B1_all,107,110.53913769196298
2021-08-31 04:00:00,0.0,B1_all,114,110.13735550043644
2021-08-31 05:00:00,0.0,B1_all,114,109.26208756760052
2021-08-31 06:00:00,0.0,B1_all,114,117.57096374693016
2021-08-31 07:00:00,0.0,B1_all,144,143.29301881790784
2021-08-31 08:00:00,0.0,B1_all,177,180.93887247046564
2021-08-31 09:00:00,0.0,B1_all,185,170.69854110981296
2021-08-31 10:00:00,0.0,B1_all,187,178.126183490468
2021-08-31 11:00:00,0.0,B1_all,182,180.20859445751734
2021-08-31 12:00:00,0.0,B1_all,135,127.14438757289768
2021-08-31 13:00:00,0.0,B1_all,184,178.14978425732858
2021-08-31 14:00:00,0.0,B1_all,187,177.84277805698255
2021-08-31 15:00:00,0.0,B1_all,170,180.86443436266146
2021-08-31 16:00:00,0.0,B1_all,180,175.8189714389693
2021-08-31 17:00:00,0.0,B1_all,139,157.8561019214975
2021-08-31 18:00:00,0.0,B1_all,162,159.2476700539265
2021-08-31 19:00:00,0.0,B1_all,154,149.27380998054403
2021-08-31 20:00:00,0.0,B1_all,152,142.8346579684692
2021-08-31 21:00:00,0.0,B1_all,132,130.2343333649499
2021-08-31 22:00:00,,B1_all,127,126.25117453573306
2021-08-31 23:00:00,,B1_all,128,119.64656642805899
2021-07-01 00:00:00,0.0,G1_noage,69,65.07508853408567
2021-07-01 01:00:00,0.0,G1_noage,115,115.25106793403796
2021-07-01 02:00:00,0.0,G1_noage,116,113.16792712512249
2021-07-01 03:00:00,0.0,G1_noage,112,117.58957821199937
2021-07-01 04:00:00,0.0,G1_noage,111,113.80824367566755
2021-07-01 05:00:00,0.0,G1_noage,114,106.64839722040297
2021-07-01 06:00:00,0.0,G1_noage,115,118.66760217295645
2021-07-01 07:00:00,0.0,G1_noage,148,149.40693910588965
2021-07-01 08:00:00,0.0,G1_noage,194,177.29876271383395
2021-07-01 09:00:00,0.0,G1_noage,184,184.8496958814727
2021-07-01 10:00:00,0.0,G1_noage,185,180.2093104499986
2021-07-01 11:00:00,0.0,G1_noage,190,183.33407088046584
2021-07-01 12:00:00,0.0,G1_noage,115,131.20450994001234
2021-07-01 13:00:00,0.0,G1_noage,206,181.88201738326921
2021-07-01 14:00:00,0.0,G1_noage,192,188.32651032628345
2021-07-01 15:00:00,0.0,G1_noage,197,185.84266023248523
2021-07-01 16:00:00,0.0,G1_noage,188,181.3520757169026
2021-07-01 17:00:00,0.0,G1_noage,160,169.29611027382708
2021-07-01 18:00:00,0.0,G1_noage,164,167.12306984699003
2021-07-01 19:00:00,0.0,G1_noage,171,155.97133730792154
2021-07-01 20:00:00,0.0,G1_noage,147,144.07703600552873
2021-07-01 21:00:00,0.0,G1_noage,141,141.05056650823252
2021-07-01 22:00:00,0.0,G1_noage,122,138.3779730090462
2021-07-01 23:00:00,0.0,G1_noage,124,121.94520415120233
2021-07-02 00:00:00,0.0,G1_noage,69,68.57583296906867
2021-07-02 01:00:00,0.0,G1_noage,115,113.30446109767696
2021-07-02 02:00:00,0.0,G1_noage,121,113.75643968979794
2021-07-02 03:00:00,0.0,G1_noage,115,119.29992211260992
2021-07-02 04:00:00,0.0,G1_noage,110,115.24876693427949
2021-07-02 05:00:00,0.0,G1_noage,120,108.59570025213958
2021-07-02 06:00:00,0.0,G1_noage,117,121.45528104260201
2021-07-02 07:00:00,0.0,G1_noage,143,145.7932118586992
2021-07-02 08:00:00,0.0,G1_noage,173,173.80605578134353
2021-07-02 09:00:00,0.0,G1_noage,187,171.22245625709695
2021-07-02 10:00:00,0.0,G1_noage,179,174.8803239412685
2021-07-02 11:00:00,0.0,G1_noage,186,178.4282362100002
2021-07-02 12:00:00,0.0,G1_noage,117,125.23222474555969
2021-07-02 13:00:00,0.0,G1_noage,178,177.8712401057805
2021-07-02 14:00:00,0.0,G1_noage,183,175.45668159336563
2021-07-02 15:00:00,0.0,G1_noage,160,178.05404238620073
2021-07-02 16:00:00,0.0,G1_noage,164,167.74899159446352
2021-07-02 17:00:00,0.0,G1_noage,175,156.28158908320165
2021-07-02 18:00:00,0.0,G1_noage,169,163.81124979339558
2021-07-02 19:00:00,0.0,G1_noage,149,147.8102454649654
2021-07-02 20:00:00,0.0,G1_noage,130,122.6825692310274
2021-07-02 21:00:00,0.0,G1_noage,121,122.5905162559421
2021-07-02 22:00:00,0.0,G1_noage,117,121.18494306349834
2021-07-02 23:00:00,0.0,G1_noage,103,116.01814516204178
2021-07-03 00:00:00,0.0,G1_noage,76,66.35215285403538
2021-07-03 01:00:00,0.0,G1_noage,110,112.08535531322482
2021-07-03 02:00:00,0.0,G1_noage,107,111.08909858020057
2021-07-03 03:00:00,0.0,G1_noage,108,108.12251205108727
2021-07-03 04:00:00,0.0,G1_noage,112,109.28520396816054
2021-07-03 05:00:00,0.0,G1_noage,105,105.66021796984684
2021-07-03 06:00:00,0.0,G1_noage,105,110.06742871061388
2021-07-03 07:00:00,-1.0,G1_noage,83,92.56300104772909
2021-07-03 08:00:00,0.0,G1_noage,23,27.194956671700798
2021-07-03 09:00:00,0.0,G1_noage,27,23.074645612112533
2021-07-03 10:00:00,0.0,G1_noage,23,23.333958431016782
2021-07-03 11:00:00,0.0,G1_noage,23,23.066126494235807
2021-07-03 12:00:00,0.0,G1_noage,27,24.234096817770926
2021-07-03 13:00:00,0.0,G1_noage,22,24.60193763722778
2021-07-03 14:00:00,0.0,G1_noage,23,23.274632897272355
2021-07-03 15:00:00,0.0,G1_noage,25,24.55637818046956
2021-07-03 16:00:00,0.0,G1_noage,26,24.743155836645
2021-07-03 17:00:00,0.0,G1_noage,22,24.406726673033496
2021-07-03 18:00:00,0.0,G1_noage,23,23.016463050203424
2021-07-03 19:00:00,0.0,G1_noage,27,24.144393992187425
2021-07-03 20:00:00,0.0,G1_noage,23,23.67712795397238
2021-07-03 21:00:00,0.0,G1_noage,23,22.862648708990218
2021-07-03 22:00:00,0.0,G1_noage,27,24.45690601638008
2021-07-03 23:00:00,0.0,G1_noage,23,23.56118702315624
2021-07-04 00:00:00,0.0,G1_noage,23,22.865811858625015
2021-07-04 01:00:00,0.0,G1_noage,27,23.898708424696945
2021-07-04 02:00:00,0.0,G1_noage,24,23.529393505293903
2021-07-04 03:00:00,0.0,G1_noage,23,23.057561552878912
2021-07-04 04:00:00,0.0,G1_noage,23,24.200382084021772
2021-07-04 05:00:00,0.0,G1_noage,27,21.948508880022953
2021-07-04 06:00:00,0.0,G1_noage,23,27.142270995937736
2021-07-04 07:00:00,0.0,G1_noage,23,37.56207559893091
2021-07-04 08:00:00,0.0,G1_noage,28,39.08561409985027
2021-07-04 09:00:00,0.0,G1_noage,22,24.506115272376647
2021-07-04 10:00:00,0.0,G1_noage,23,23.0637852337732
2021-07-04 11:00:00,0.0,G1_noage,28,25.206988890944523
2021-07-04 12:00:00,0.0,G1_noage,24,23.025308965745246
2021-07-04 13:00:00,0.0,G1_noage,24,23.949951978403526
2021-07-04 14:00:00,0.0,G1_noage,27,25.188269276671093
2021-07-04 15:00:00,0.0,G1_noage,27,25.405362235297137
2021-07-04 16:00:00,0.0,G1_noage,25,23.958471096280253
2021-07-04 17:00:00,0.0,G1_noage,22,24.146161947465647
2021-07-04 18:00:00,0.0,G1_noage,27,24.472274922592245
2021-07-04 19:00:00,0.0,G1_noage,23,23.688875258726448
2021-07-04 20:00:00,0.0,G1_noage,23,22.858217884335293
2021-07-04 21:00:00,0.0,G1_noage,28,24.317545077068825
2021-07-04 22:00:00,0.0,G1_noage,24,22.671108098062806
2021-07-04 23:00:00,0.0,G1_noage,23,23.552916461682525
2021-07-05 00:00:00,0.0,G1_noage,28,31.93223269383461
2021-07-05 01:00:00,0.0,G1_noage,23,25.048181500614838
2021-07-05 02:00:00,0.0,G1_noage,23,23.65451508033511
2021-07-05 03:00:00,0.0,G1_noage,25,24.892119721016755
2021-07-05 04:00:00,0.0,G1_noage,27,25.03449074222253
2021-07-05 05:00:00,0.0,G1_noage,23,31.60129442645065
2021-07-05 06:00:00,0.0,G1_noage,23,33.666747885080085
2021-07-05 07:00:00,0.0,G1_noage,104,85.76800438799464
2021-07-05 08:00:00,1.0,G1_noage,183,195.13655885229684
2021-07-05 09:00:00,0.0,G1_noage,175,176.47919117498046
2021-07-05 10:00:00,0.0,G1_noage,185,176.5179691998048
2021-07-05 11:00:00,0.0,G1_noage,185,179.7672284337631
2021-07-05 12:00:00,0.0,G1_noage,116,127.30993605913275
2021-07-05 13:00:00,0.0,G1_noage,181,175.99106494962368
2021-07-05 14:00:00,0.0,G1_noage,170,174.9584411068655
2021-07-05 15:00:00,0.0,G1_noage,183,172.19148987110742
2021-07-05 16:00:00,0.0,G1_noage,173,172.37169381418516
2021-07-05 17:00:00,0.0,G1_noage,140,157.61041015054593
2021-07-05 18:00:00,0.0,G1_noage,163,150.77428690050255
2021-07-05 19:00:00,0.0,G1_noage,153,157.13879951871868
2021-07-05 20:00:00,0.0,G1_noage,130,123.14703051380971
2021-07-05 21:00:00,0.0,G1_noage,124,126.05263278213117
2021-07-05 22:00:00,0.0,G1_noage,115,117.44332477419653
2021-07-05 23:00:00,0.0,G1_noage,116,114.51007019337125
2021-07-06 00:00:00,0.0,G1_noage,68,66.76574393557227
2021-07-06 01:00:00,0.0,G1_noage,111,113.96195185271536
2021-07-06 02:00:00,0.0,G1_noage,110,110.31232245116058
2021-07-06 03:00:00,0.0,G1_noage,116,103.0144774314296
2021-07-06 04:00:00,0.0,G1_noage,112,114.67839587509445
2021-07-06 05:00:00,0.0,G1_noage,110,112.93081363496796
2021-07-06 06:00:00,0.0,G1_noage,105,113.06524846749613
2021-07-06 07:00:00,0.0,G1_noage,145,130.67390463376876
2021-07-06 08:00:00,0.0,G1_noage,193,177.45601933888548
2021-07-06 09:00:00,0.0,G1_noage,185,185.3052773494277
2021-07-06 10:00:00,0.0,G1_noage,176,181.74014585137726
2021-07-06 11:00:00,0.0,G1_noage,182,183.25367662725318
2021-07-06 12:00:00,0.0,G1_noage,132,128.0859274695482
2021-07-06 13:00:00,0.0,G1_noage,170,174.21110617161634
2021-07-06 14:00:00,0.0,G1_noage,185,163.6967197482169
2021-07-06 15:00:00,0.0,G1_noage,173,177.22100578862035
2021-07-06 16:00:00,0.0,G1_noage,177,173.00920670184206
2021-07-06 17:00:00,0.0,G1_noage,148,164.57305428396575
2021-07-06 18:00:00,0.0,G1_noage,161,164.541516905634
2021-07-06 19:00:00,0.0,G1_noage,157,149.44082886831706
2021-07-06 20:00:00,0.0,G1_noage,138,140.96573009739717
2021-07-06 21:00:00,0.0,G1_noage,132,127.27384499330775
2021-07-06 22:00:00,0.0,G1_noage,115,127.39830218057512
2021-07-06 23:00:00,0.0,G1_noage,114,116.32972406550647
2021-07-07 00:00:00,0.0,G1_noage,89,74.64461354907289
2021-07-07 01:00:00,0.0,G1_noage,112,113.91375705620153
2021-07-07 02:00:00,0.0,G1_noage,107,112.81661043677931
2021-07-07 03:00:00,0.0,G1_noage,115,109.0310063359485
2021-07-07 04:00:00,0.0,G1_noage,108,111.08555352016606
2021-07-07 05:00:00,0.0,G1_noage,101,110.3527495780702
2021-07-07 06:00:00,0.0,G1_noage,106,110.16380478336761
2021-07-07 07:00:00,0.0,G1_noage,145,131.1812882106047
2021-07-07 08:00:00,0.0,G1_noage,203,177.81032236995696
2021-07-07 09:00:00,0.0,G1_noage,187,186.4844683005134
2021-07-07 10:00:00,0.0,G1_noage,186,181.01075440838912
2021-07-07 11:00:00,0.0,G1_noage,183,181.08559163489042
2021-07-07 12:00:00,0.0,G1_noage,131,131.22861874311073
2021-07-07 13:00:00,0.0,G1_noage,185,181.06398511074045
2021-07-07 14:00:00,0.0,G1_noage,185,178.5146172613781
2021-07-07 15:00:00,0.0,G1_noage,176,179.8140821182875
2021-07-07 16:00:00,0.0,G1_noage,181,175.58634451515312
2021-07-07 17:00:00,0.0,G1_noage,179,165.37535438695937
2021-07-07 18:00:00,0.0,G1_noage,173,175.0072566577138
2021-07-07 19:00:00,0.0,G1_noage,169,161.23124728076678
2021-07-07 20:00:00,0.0,G1_noage,127,129.22123056237626
2021-07-07 21:00:00,0.0,G1_noage,120,118.522314456611
2021-07-07 22:00:00,0.0,G1_noage,113,120.2725578864382
2021-07-07 23:00:00,0.0,G1_noage,110,114.95111259268178
2021-07-08 00:00:00,0.0,G1_noage,78,74.13457045586091
2021-07-08 01:00:00,0.0,G1_noage,104,115.32202294602271
2021-07-08 02:00:00,0.0,G1_noage,110,107.8254925253288
2021-07-08 03:00:00,0.0,G1_noage,115,106.43166709909376
2021-07-08 04:00:00,0.0,G1_noage,109,110.77598168335055
2021-07-08 05:00:00,0.0,G1_noage,107,110.3527495780702
2021-07-08 06:00:00,0.0,G1_noage,115,113.13488849065283
2021-07-08 07:00:00,0.0,G1_noage,146,147.0842732305497
2021-07-08 08:00:00,0.0,G1_noage,187,177.6299021139805
2021-07-08 09:00:00,0.0,G1_noage,186,177.7345969958623
2021-07-08 10:00:00,0.0,G1_noage,201,177.76101246024345
2021-07-08 11:00:00,0.0,G1_noage,192,188.710576958105
2021-07-08 12:00:00,0.0,G1_noage,131,133.63141416586942
2021-07-08 13:00:00,0.0,G1_noage,201,188.15253423532548
2021-07-08 14:00:00,0.0,G1_noage,200,187.70249180164097
2021-07-08 15:00:00,0.0,G1_noage,184,186.49815262132094
2021-07-08 16:00:00,0.0,G1_noage,186,175.66169915448455
2021-07-08 17:00:00,-1.0,G1_noage,155,155.0059382830104
2021-07-08 18:00:00,0.0,G1_noage,155,170.1247193666414
2021-07-08 19:00:00,0.0,G1_noage,153,146.0189962291088
2021-07-08 20:00:00,0.0,G1_noage,132,140.47096438745965
2021-07-08 21:00:00,0.0,G1_noage,128,125.66308585215343
2021-07-08 22:00:00,0.0,G1_noage,118,122.3368773085468
2021-07-08 23:00:00,0.0,G1_noage,119,119.53861882060679
2021-07-09 00:00:00,0.0,G1_noage,78,75.00630735367031
2021-07-09 01:00:00,0.0,G1_noage,105,116.32377208438605
2021-07-09 02:00:00,0.0,G1_noage,114,110.15434441270254
2021-07-09 03:00:00,0.0,G1_noage,109,110.86557714674001
2021-07-09 04:00:00,0.0,G1_noage,106,109.56129150546867
2021-07-09 05:00:00,0.0,G1_noage,105,106.75581527641361
2021-07-09 06:00:00,0.0,G1_noage,125,110.97031563590473
2021-07-09 07:00:00,0.0,G1_noage,156,145.74211250503308
2021-07-09 08:00:00,0.0,G1_noage,188,179.44077102723745
2021-07-09 09:00:00,0.0,G1_noage,168,179.7586283146316
2021-07-09 10:00:00,0.0,G1_noage,176,175.1349446861224
2021-07-09 11:00:00,0.0,G1_noage,176,174.75905429018576
2021-07-09 12:00:00,0.0,G1_noage,112,129.20333736406263
2021-07-09 13:00:00,0.0,G1_noage,186,171.78798277719343
2021-07-09 14:00:00,0.0,G1_noage,192,174.73994889484473
2021-07-09 15:00:00,0.0,G1_noage,188,185.21209730147862
2021-07-09 16:00:00,0.0,G1_noage,176,179.04871120924037
2021-07-09 17:00:00,0.0,G1_noage,165,166.71880047791933
2021-07-09 18:00:00,0.0,G1_noage,174,165.4533395104332
2021-07-09 19:00:00,0.0,G1_noage,140,159.03994870475518
2021-07-09 20:00:00,0.0,G1_noage,111,124.34678659862814
2021-07-09 21:00:00,0.0,G1_noage,109,113.19857800698925
2021-07-09 22:00:00,0.0,G1_noage,111,109.96512416571979
2021-07-09 23:00:00,0.0,G1_noage,106,107.54663060552404
2021-07-10 00:00:00,0.0,G1_noage,70,70.46581521698785
2021-07-10 01:00:00,0.0,G1_noage,102,110.84730665134177
2021-07-10 02:00:00,0.0,G1_noage,100,105.50902926998816
2021-07-10 03:00:00,0.0,G1_noage,106,102.71768345962312
2021-07-10 04:00:00,0.0,G1_noage,106,108.31329287232911
2021-07-10 05:00:00,0.0,G1_noage,97,104.95749990286002
2021-07-10 06:00:00,0.0,G1_noage,104,105.0224785061621
2021-07-10 07:00:00,0.0,G1_noage,105,93.60413965408324
2021-07-10 08:00:00,-1.0,G1_noage,27,27.599321677626786
2021-07-10 09:00:00,0.0,G1_noage,27,24.655003854821306
2021-07-10 10:00:00,0.0,G1_noage,32,24.617450573324227
2021-07-10 11:00:00,0.0,G1_noage,31,24.33037465858102
2021-07-10 12:00:00,0.0,G1_noage,26,24.03901778938261
2021-07-10 13:00:00,0.0,G1_noage,28,23.833423917835262
2021-07-10 14:00:00,0.0,G1_noage,23,23.648934433456937
2021-07-10 15:00:00,0.0,G1_noage,25,23.274632897272355
2021-07-10 16:00:00,0.0,G1_noage,27,24.470398725447087
2021-07-10 17:00:00,0.0,G1_noage,23,24.01439703783267
2021-07-10 18:00:00,0.0,G1_noage,22,22.914866778467523
2021-07-10 19:00:00,0.0,G1_noage,26,24.32197590172375
2021-07-10 20:00:00,0.0,G1_noage,23,23.67712795397238
2021-07-10 21:00:00,0.0,G1_noage,23,22.862648708990218
2021-07-10 22:00:00,0.0,G1_noage,26,24.144393992187425
2021-07-10 23:00:00,0.0,G1_noage,23,23.071814922418064
2021-07-11 00:00:00,0.0,G1_noage,23,22.865811858625015
2021-07-11 01:00:00,0.0,G1_noage,27,23.898708424696945
2021-07-11 02:00:00,0.0,G1_noage,23,24.176384690797505
2021-07-11 03:00:00,0.0,G1_noage,24,22.65823059917547
2021-07-11 04:00:00,0.0,G1_noage,24,24.3812061222755
2021-07-11 05:00:00,0.0,G1_noage,27,27.357531897099594
2021-07-11 06:00:00,0.0,G1_noage,22,25.166000768040988
2021-07-11 07:00:00,0.0,G1_noage,22,48.96435792668741
2021-07-11 08:00:00,0.0,G1_noage,27,41.180529316078754
2021-07-11 09:00:00,0.0,G1_noage,22,26.125770708910924
2021-07-11 10:00:00,0.0,G1_noage,23,23.42924783814893
2021-07-11 11:00:00,0.0,G1_noage,28,24.980743145793536
2021-07-11 12:00:00,0.0,G1_noage,24,23.2268075748453
2021-07-11 13:00:00,0.0,G1_noage,24,23.654584354759734
2021-07-11 14:00:00,0.0,G1_noage,28,25.188269276671093
2021-07-11 15:00:00,0.0,G1_noage,24,25.889660313451788
2021-07-11 16:00:00,0.0,G1_noage,26,24.084285500938112
2021-07-11 17:00:00,0.0,G1_noage,26,24.694138655349686
2021-07-11 18:00:00,0.0,G1_noage,26,24.19859681479287
2021-07-11 19:00:00,0.0,G1_noage,23,23.623011442414466
2021-07-11 20:00:00,0.0,G1_noage,23,22.959814156071193
2021-07-11 21:00:00,0.0,G1_noage,28,24.452475191725156
2021-07-11 22:00:00,0.0,G1_noage,24,23.321116212482533
2021-07-11 23:00:00,0.0,G1_noage,23,23.552916461682525
2021-07-12 00:00:00,0.0,G1_noage,26,31.93223269383461
2021-07-12 01:00:00,0.0,G1_noage,23,24.856826381233486
2021-07-12 02:00:00,0.0,G1_noage,23,23.65451508033511
2021-07-12 03:00:00,0.0,G1_noage,27,24.741930721158695
2021-07-12 04:00:00,0.0,G1_noage,23,24.414173097968384
2021-07-12 05:00:00,0.0,G1_noage,23,27.554173024819203
2021-07-12 06:00:00,0.0,G1_noage,25,38.63525926707856
2021-07-12 07:00:00,0.0,G1_noage,123,87.25248484165654
2021-07-12 08:00:00,1.0,G1_noage,198,192.5216942825533
2021-07-12 09:00:00,0.0,G1_noage,195,189.1814563754962
2021-07-12 10:00:00,0.0,G1_noage,186,186.76017558321536
2021-07-12 11:00:00,0.0,G1_noage,188,183.03389785404644
2021-07-12 12:00:00,0.0,G1_noage,134,131.98430471331048
2021-07-12 13:00:00,0.0,G1_noage,178,177.28007022921696
2021-07-12 14:00:00,0.0,G1_noage,190,175.8671682149067
2021-07-12 15:00:00,0.0,G1_noage,188,181.33537837071185
2021-07-12 16:00:00,0.0,G1_noage,177,177.3738931957971
2021-07-12 17:00:00,0.0,G1_noage,173,168.6941767597738
2021-07-12 18:00:00,0.0,G1_noage,164,169.7517415001274
2021-07-12 19:00:00,0.0,G1_noage,175,151.0718765992283
2021-07-12 20:00:00,0.0,G1_noage,136,128.81472719435908
2021-07-12 21:00:00,0.0,G1_noage,133,126.31216624249083
2021-07-12 22:00:00,,G1_noage,125,117.59291335828615
2021-07-12 23:00:00,,G1_noage,115,119.66516514449569
2021-07-17 00:00:00,0.0,G1_noage,66,64.19978512484519
2021-07-17 01:00:00,0.0,G1_noage,110,114.97733221010508
2021-07-17 02:00:00,0.0,G1_noage,105,106.68237777161171
2021-07-17 03:00:00,0.0,G1_noage,102,105.07760699302709
2021-07-17 04:00:00,0.0,G1_noage,103,106.86188203678518
2021-07-17 05:00:00,0.0,G1_noage,108,105.16575854173144
2021-07-17 06:00:00,0.0,G1_noage,96,110.0779107103412
2021-07-17 07:00:00,0.0,G1_noage,88,92.65438732670923
2021-07-17 08:00:00,0.0,G1_noage,27,27.073848484331553
2021-07-17 09:00:00,0.0,G1_noage,24,23.448947148297115
2021-07-17 10:00:00,0.0,G1_noage,24,23.88429821577829
2021-07-17 11:00:00,0.0,G1_noage,27,25.660612539253076
2021-07-17 12:00:00,0.0,G1_noage,26,24.667801411528707
2021-07-17 13:00:00,0.0,G1_noage,24,23.771547471307727
2021-07-17 14:00:00,0.0,G1_noage,24,23.953153345210595
2021-07-17 15:00:00,0.0,G1_noage,28,25.182951525601435
2021-07-17 16:00:00,0.0,G1_noage,24,24.27771805560303
2021-07-17 17:00:00,0.0,G1_noage,23,23.657785721566803
2021-07-17 18:00:00,0.0,G1_noage,27,24.353992653787213
2021-07-17 19:00:00,0.0,G1_noage,23,23.071814922418064
2021-07-17 20:00:00,0.0,G1_noage,23,23.33758587042678
2021-07-17 21:00:00,0.0,G1_noage,24,24.472164901581813
2021-07-17 22:00:00,0.0,G1_noage,28,24.002967644321824
2021-07-17 23:00:00,0.0,G1_noage,24,23.83164232760116
2021-07-18 00:00:00,0.0,G1_noage,24,24.409555586903114
2021-07-18 01:00:00,0.0,G1_noage,28,25.550327137825807
2021-07-18 02:00:00,0.0,G1_noage,24,23.528701381013978
2021-07-18 03:00:00,0.0,G1_noage,24,24.070530925039524
2021-07-18 04:00:00,0.0,G1_noage,28,24.685752966440155
2021-07-18 05:00:00,0.0,G1_noage,22,24.791200955258333
2021-07-18 06:00:00,0.0,G1_noage,23,21.035665443372025
2021-07-18 07:00:00,0.0,G1_noage,28,49.66978811771583
2021-07-18 08:00:00,0.0,G1_noage,24,40.63427441387454
2021-07-18 09:00:00,0.0,G1_noage,23,24.47608555963725
2021-07-18 10:00:00,0.0,G1_noage,23,25.66401568721764
2021-07-18 11:00:00,0.0,G1_noage,27,25.200760725318194
2021-07-18 12:00:00,0.0,G1_noage,23,22.96343251921771
2021-07-18 13:00:00,0.0,G1_noage,23,23.730190562492854
2021-07-18 14:00:00,0.0,G1_noage,27,24.796969615812323
2021-07-18 15:00:00,0.0,G1_noage,26,23.767842635617328
2021-07-18 16:00:00,0.0,G1_noage,23,23.40243406909882
2021-07-18 17:00:00,0.0,G1_noage,27,23.662390584657288
2021-07-18 18:00:00,0.0,G1_noage,25,24.596943044949562
2021-07-18 19:00:00,0.0,G1_noage,23,23.552916461682525
2021-07-18 20:00:00,0.0,G1_noage,23,24.90142356823591
2021-07-18 21:00:00,0.0,G1_noage,28,24.467734076926888
2021-07-18 22:00:00,0.0,G1_noage,24,23.057741156854945
2021-07-18 23:00:00,0.0,G1_noage,23,23.678730866340384
2021-07-19 00:00:00,0.0,G1_noage,28,32.65422832352273
2021-07-19 01:00:00,0.0,G1_noage,24,24.729842024966874
2021-07-19 02:00:00,0.0,G1_noage,24,23.950595591958074
2021-07-19 03:00:00,0.0,G1_noage,24,26.031002540990478
2021-07-19 04:00:00,0.0,G1_noage,27,25.283419381875525
2021-07-19 05:00:00,0.0,G1_noage,23,28.151687114862906
2021-07-19 06:00:00,0.0,G1_noage,23,38.13521996986849
2021-07-19 07:00:00,0.0,G1_noage,119,90.27719091558026
2021-07-19 08:00:00,1.0,G1_noage,200,187.06599067901027
2021-07-19 09:00:00,0.0,G1_noage,185,187.5887272760954
2021-07-19 10:00:00,0.0,G1_noage,209,181.80303046066254
2021-07-19 11:00:00,0.0,G1_noage,222,188.8880312964753
2021-07-19 12:00:00,0.0,G1_noage,134,135.8960435339561
2021-07-19 13:00:00,0.0,G1_noage,193,186.77530623803398
2021-07-19 14:00:00,0.0,G1_noage,190,183.36273585339762
2021-07-19 15:00:00,0.0,G1_noage,201,182.52902359578968
2021-07-19 16:00:00,0.0,G1_noage,187,184.95438157976457
2021-07-19 17:00:00,0.0,G1_noage,190,173.1598317872244
2021-07-19 18:00:00,0.0,G1_noage,188,171.78789000631775
2021-07-19 19:00:00,0.0,G1_noage,162,164.39492554527092
2021-07-19 20:00:00,0.0,G1_noage,136,128.72709579667227
2021-07-19 21:00:00,0.0,G1_noage,129,129.09822470918436
2021-07-19 22:00:00,0.0,G1_noage,114,121.1484629373095
2021-07-19 23:00:00,0.0,G1_noage,120,115.17384501222885
2021-07-21 00:00:00,0.0,G1_noage,85,74.45113694207963
2021-07-21 01:00:00,0.0,G1_noage,113,113.331924101368
2021-07-21 02:00:00,0.0,G1_noage,108,114.36178939526386
2021-07-21 03:00:00,0.0,G1_noage,111,107.63779948522209
2021-07-21 04:00:00,0.0,G1_noage,117,110.83710992006804
2021-07-21 05:00:00,0.0,G1_noage,111,109.65062968948398
2021-07-21 06:00:00,0.0,G1_noage,110,116.19050680086708
2021-07-21 07:00:00,0.0,G1_noage,149,136.91326695318665
2021-07-21 08:00:00,1.0,G1_noage,209,178.0938256372443
2021-07-21 09:00:00,0.0,G1_noage,214,188.29061105725685
2021-07-21 10:00:00,0.0,G1_noage,197,187.83851485945556
2021-07-21 11:00:00,0.0,G1_noage,206,187.37381624529735
2021-07-21 12:00:00,0.0,G1_noage,150,135.7130406075997
2021-07-21 13:00:00,0.0,G1_noage,204,184.09795145306282
2021-07-21 14:00:00,0.0,G1_noage,203,188.41752773631742
2021-07-21 15:00:00,0.0,G1_noage,199,187.7237089580346
2021-07-21 16:00:00,0.0,G1_noage,189,184.6493319621354
2021-07-21 17:00:00,-1.0,G1_noage,153,172.01027998846752
2021-07-21 18:00:00,0.0,G1_noage,168,167.91865132527465
2021-07-21 19:00:00,0.0,G1_noage,174,161.5436003456878
2021-07-21 20:00:00,0.0,G1_noage,138,140.65774502281403
2021-07-21 21:00:00,0.0,G1_noage,118,128.20599864894083
2021-07-21 22:00:00,0.0,G1_noage,114,119.99544647406587
2021-07-21 23:00:00,0.0,G1_noage,111,114.79093468821006
2021-07-23 00:00:00,0.0,G1_noage,87,74.25255547307829
2021-07-23 01:00:00,0.0,G1_noage,111,111.53429653685268
2021-07-23 02:00:00,0.0,G1_noage,110,108.26507175571399
2021-07-23 03:00:00,0.0,G1_noage,109,109.599137481226
2021-07-23 04:00:00,0.0,G1_noage,101,108.74611518564001
2021-07-23 05:00:00,0.0,G1_noage,99,105.49571729151188
2021-07-23 06:00:00,0.0,G1_noage,105,109.39117135633528
2021-07-23 07:00:00,0.0,G1_noage,144,130.6806963421862
2021-07-23 08:00:00,1.0,G1_noage,202,174.07681201782867
2021-07-23 09:00:00,0.0,G1_noage,190,187.7040693358917
2021-07-23 10:00:00,0.0,G1_noage,189,183.1311167096563
2021-07-23 11:00:00,0.0,G1_noage,199,183.40896282598212
2021-07-23 12:00:00,0.0,G1_noage,125,135.11279258774698
2021-07-23 13:00:00,0.0,G1_noage,192,180.6715622284743
2021-07-23 14:00:00,0.0,G1_noage,190,183.24921651427627
2021-07-23 15:00:00,0.0,G1_noage,206,183.88825196571833
2021-07-23 16:00:00,0.0,G1_noage,197,184.95651422674985
2021-07-23 17:00:00,0.0,G1_noage,178,175.80928232219557
2021-07-23 18:00:00,0.0,G1_noage,176,173.94532102499628
2021-07-23 19:00:00,0.0,G1_noage,165,163.87875949987733
2021-07-23 20:00:00,0.0,G1_noage,115,124.11739337715021
2021-07-23 21:00:00,0.0,G1_noage,110,112.70624234514092
2021-07-23 22:00:00,0.0,G1_noage,107,112.13859582038863
2021-07-23 23:00:00,0.0,G1_noage,111,105.39367575123013
2021-07-24 00:00:00,0.0,G1_noage,72,67.4513986854436
2021-07-24 01:00:00,0.0,G1_noage,101,114.70393315841109
2021-07-24 02:00:00,0.0,G1_noage,100,107.08160650120548
2021-07-24 03:00:00,0.0,G1_noage,104,101.77366437752993
2021-07-24 04:00:00,0.0,G1_noage,100,106.39162151196146
2021-07-24 05:00:00,0.0,G1_noage,91,102.38000235503145
2021-07-24 06:00:00,0.0,G1_noage,98,107.01114663391111
2021-07-24 07:00:00,0.0,G1_noage,81,92.26222683695532
2021-07-24 08:00:00,0.0,G1_noage,28,27.352287030699802
2021-07-24 09:00:00,0.0,G1_noage,24,23.190889843739185
2021-07-24 10:00:00,0.0,G1_noage,24,23.88429821577829
2021-07-24 11:00:00,0.0,G1_noage,29,24.35663632682571
2021-07-24 12:00:00,0.0,G1_noage,24,23.433747532115728
2021-07-24 13:00:00,0.0,G1_noage,24,23.944634227333868
2021-07-24 14:00:00,0.0,G1_noage,24,24.713069123084207
2021-07-24 15:00:00,0.0,G1_noage,28,24.930605334237992
2021-07-24 16:00:00,0.0,G1_noage,25,23.871734357823154
2021-07-24 17:00:00,0.0,G1_noage,24,23.84194303571199
2021-07-24 18:00:00,0.0,G1_noage,29,23.72451938213328
2021-07-24 19:00:00,0.0,G1_noage,28,24.40322813593472
2021-07-24 20:00:00,0.0,G1_noage,25,23.2369502451748
2021-07-24 21:00:00,0.0,G1_noage,25,23.529651792858647
2021-07-24 22:00:00,0.0,G1_noage,28,23.590895485480722
2021-07-24 23:00:00,0.0,G1_noage,24,22.836243420819542
2021-07-25 00:00:00,0.0,G1_noage,24,24.409555586903114
2021-07-25 01:00:00,0.0,G1_noage,26,24.698360576832503
2021-07-25 02:00:00,0.0,G1_noage,29,24.408859096943853
2021-07-25 03:00:00,0.0,G1_noage,26,22.533517093713684
2021-07-25 04:00:00,0.0,G1_noage,24,23.352929176522704
2021-07-25 05:00:00,0.0,G1_noage,28,29.041909339008697
2021-07-25 06:00:00,0.0,G1_noage,24,25.93817904432261
2021-07-25 07:00:00,0.0,G1_noage,24,45.35305859340571
2021-07-25 08:00:00,0.0,G1_noage,24,33.49144687923711
2021-07-25 09:00:00,0.0,G1_noage,29,24.9569427885614
2021-07-25 10:00:00,0.0,G1_noage,24,25.516957896006954
2021-07-25 11:00:00,0.0,G1_noage,24,23.875779097901564
2021-07-25 12:00:00,0.0,G1_noage,28,24.43074206200303
2021-07-25 13:00:00,0.0,G1_noage,24,25.376661995652782
2021-07-25 14:00:00,0.0,G1_noage,25,23.958471096280253
2021-07-25 15:00:00,0.0,G1_noage,25,24.37456830705656
2021-07-25 16:00:00,0.0,G1_noage,29,23.590124920284214
2021-07-25 17:00:00,0.0,G1_noage,24,23.139059013471233
2021-07-25 18:00:00,0.0,G1_noage,24,23.59870497747542
2021-07-25 19:00:00,0.0,G1_noage,28,24.399236294982405
2021-07-25 20:00:00,0.0,G1_noage,24,24.551154529156666
2021-07-25 21:00:00,0.0,G1_noage,24,23.678730866340384
2021-07-25 22:00:00,0.0,G1_noage,24,24.525050699640264
2021-07-25 23:00:00,0.0,G1_noage,28,24.525050699640264
2021-07-26 00:00:00,0.0,G1_noage,24,31.950902464872097
2021-07-26 01:00:00,0.0,G1_noage,24,24.847889075564826
2021-07-26 02:00:00,0.0,G1_noage,27,24.457040350309054
2021-07-26 03:00:00,0.0,G1_noage,27,24.595532992226744
2021-07-26 04:00:00,0.0,G1_noage,24,23.23112246045173
2021-07-26 05:00:00,0.0,G1_noage,24,31.618915627046835
2021-07-26 06:00:00,0.0,G1_noage,27,40.64173740402651
2021-07-26 07:00:00,0.0,G1_noage,127,85.47186752425871
2021-07-26 08:00:00,1.0,G1_noage,217,184.23276491667627
2021-07-26 09:00:00,0.0,G1_noage,189,189.1814563754962
2021-07-26 10:00:00,0.0,G1_noage,207,184.11977336073736
2021-07-26 11:00:00,0.0,G1_noage,202,188.0860193789781
2021-07-26 12:00:00,0.0,G1_noage,130,135.8960435339561
2021-07-26 13:00:00,0.0,G1_noage,180,186.2218364190713
2021-07-26 14:00:00,0.0,G1_noage,199,172.95539087712422
2021-07-26 15:00:00,0.0,G1_noage,180,186.881017991163
2021-07-26 16:00:00,0.0,G1_noage,177,177.31311880737036
2021-07-26 17:00:00,0.0,G1_noage,169,165.21533781246004
2021-07-26 18:00:00,0.0,G1_noage,186,168.52176685517355
2021-07-26 19:00:00,0.0,G1_noage,177,163.243639605046
2021-07-26 20:00:00,-1.0,G1_noage,103,124.72641751917719
2021-07-26 21:00:00,0.0,G1_noage,116,109.25822281982654
2021-07-26 22:00:00,0.0,G1_noage,116,111.89311607187744
2021-07-26 23:00:00,0.0,G1_noage,107,117.35603416624872
2021-07-27 00:00:00,0.0,G1_noage,70,65.10225447460965
2021-07-27 01:00:00,0.0,G1_noage,110,111.24939952516168
2021-07-27 02:00:00,0.0,G1_noage,119,111.16536331426418
2021-07-27 03:00:00,0.0,G1_noage,111,116.25808129864002
2021-07-27 04:00:00,0.0,G1_noage,114,111.69204080892055
2021-07-27 05:00:00,0.0,G1_noage,106,107.40560948176442
2021-07-27 06:00:00,0.0,G1_noage,111,112.64532859077568
2021-07-27 07:00:00,0.0,G1_noage,161,134.8111313192016
2021-07-27 08:00:00,1.0,G1_noage,207,185.39525531451872
2021-07-27 09:00:00,0.0,G1_noage,192,187.71061632896644
2021-07-27 10:00:00,0.0,G1_noage,206,184.5837231417198
2021-07-27 11:00:00,0.0,G1_noage,211,187.92751540542855
2021-07-27 12:00:00,0.0,G1_noage,124,135.5316040535293
2021-07-27 13:00:00,0.0,G1_noage,198,183.55675640190495
2021-07-27 14:00:00,0.0,G1_noage,199,186.60407452944327
2021-07-27 15:00:00,0.0,G1_noage,201,187.8078208186108
2021-07-27 16:00:00,0.0,G1_noage,187,184.9746047939124
2021-07-27 17:00:00,0.0,G1_noage,184,172.81391325342656
2021-07-27 18:00:00,0.0,G1_noage,174,170.80737089871613
2021-07-27 19:00:00,0.0,G1_noage,180,161.15306568630388
2021-07-27 20:00:00,0.0,G1_noage,147,152.4544240982343
2021-07-27 21:00:00,0.0,G1_noage,148,141.42868596938197
2021-07-27 22:00:00,0.0,G1_noage,132,138.8934034865018
2021-07-27 23:00:00,0.0,G1_noage,139,125.65954279262156
2021-07-28 00:00:00,0.0,G1_noage,91,74.24424681180271
2021-07-28 01:00:00,0.0,G1_noage,130,106.98454574681921
2021-07-28 02:00:00,0.0,G1_noage,130,121.10692374861169
2021-07-28 03:00:00,0.0,G1_noage,128,125.56100374020963
2021-07-28 04:00:00,0.0,G1_noage,123,123.96823839035892
2021-07-28 05:00:00,0.0,G1_noage,119,119.81088360385333
2021-07-28 06:00:00,0.0,G1_noage,127,127.26183386334671
2021-07-28 07:00:00,0.0,G1_noage,174,153.92315252741
2021-07-28 08:00:00,0.0,G1_noage,204,183.87219643925576
2021-07-28 09:00:00,0.0,G1_noage,204,186.36720572259858
2021-07-28 10:00:00,0.0,G1_noage,202,187.83851485945556
2021-07-28 11:00:00,0.0,G1_noage,212,187.68756344181293
2021-07-28 12:00:00,0.0,G1_noage,145,135.7130406075997
2021-07-28 13:00:00,0.0,G1_noage,200,183.89190207068395
2021-07-28 14:00:00,0.0,G1_noage,203,187.74189841686248
2021-07-28 15:00:00,0.0,G1_noage,187,187.7237089580346
2021-07-28 16:00:00,0.0,G1_noage,181,176.8923318260766
2021-07-28 17:00:00,0.0,G1_noage,190,163.02868109030868
2021-07-28 18:00:00,0.0,G1_noage,190,172.58938317247097
2021-07-28 19:00:00,0.0,G1_noage,175,165.7280522793577
2021-07-28 20:00:00,-1.0,G1_noage,113,132.134252853209
2021-07-28 21:00:00,0.0,G1_noage,115,115.64710895390516
2021-07-28 22:00:00,0.0,G1_noage,109,113.18042922133324
2021-07-28 23:00:00,0.0,G1_noage,116,112.19223546046304
2021-07-29 00:00:00,0.0,G1_noage,70,66.11565213896802
2021-07-29 01:00:00,0.0,G1_noage,118,113.83359470282834
2021-07-29 02:00:00,0.0,G1_noage,118,115.7853828756075
2021-07-29 03:00:00,0.0,G1_noage,117,116.08147175280169
2021-07-29 04:00:00,0.0,G1_noage,116,118.82920152492831
2021-07-29 05:00:00,0.0,G1_noage,119,113.1345112656806
2021-07-29 06:00:00,0.0,G1_noage,121,124.32754740417693
2021-07-29 07:00:00,0.0,G1_noage,159,151.20367050497805
2021-07-29 08:00:00,0.0,G1_noage,204,184.27745219253399
2021-07-29 09:00:00,0.0,G1_noage,205,187.00117591170712
2021-07-29 10:00:00,0.0,G1_noage,203,187.79910824423405
2021-07-29 11:00:00,0.0,G1_noage,211,187.64815682659142
2021-07-29 12:00:00,0.0,G1_noage,133,135.6736339923782
2021-07-29 13:00:00,0.0,G1_noage,206,181.61038329479425
2021-07-29 14:00:00,0.0,G1_noage,201,187.70249180164097
2021-07-29 15:00:00,0.0,G1_noage,186,187.68430234281308
2021-07-29 16:00:00,0.0,G1_noage,172,176.16151754064407
2021-07-29 17:00:00,0.0,G1_noage,152,167.22591433272632
2021-07-29 18:00:00,0.0,G1_noage,180,164.09357455849286
2021-07-29 19:00:00,0.0,G1_noage,181,164.2505030188124
2021-07-29 20:00:00,0.0,G1_noage,134,151.7386581757038
2021-07-29 21:00:00,0.0,G1_noage,131,131.53653708327994
2021-07-29 22:00:00,0.0,G1_noage,130,127.58655786772755
2021-07-29 23:00:00,0.0,G1_noage,127,122.12830341661738
2021-07-30 00:00:00,0.0,G1_noage,91,73.50367851016787
2021-07-30 01:00:00,0.0,G1_noage,130,107.33959713157341
2021-07-30 02:00:00,0.0,G1_noage,130,120.63976449760067
2021-07-30 03:00:00,0.0,G1_noage,128,125.62642393180035
2021-07-30 04:00:00,0.0,G1_noage,123,123.21962129130308
2021-07-30 05:00:00,0.0,G1_noage,119,120.47849687440404
2021-07-30 06:00:00,0.0,G1_noage,127,126.08049890770089
2021-07-30 07:00:00,0.0,G1_noage,174,151.47578596692844
2021-07-30 08:00:00,0.0,G1_noage,204,181.7978163592859
2021-07-30 09:00:00,0.0,G1_noage,204,185.84741354095132
2021-07-30 10:00:00,0.0,G1_noage,202,187.3187226778083
2021-07-30 11:00:00,0.0,G1_noage,212,187.3233127513506
2021-07-30 12:00:00,0.0,G1_noage,145,135.5754340176272
2021-07-30 13:00:00,0.0,G1_noage,200,181.47700162729632
2021-07-30 14:00:00,0.0,G1_noage,203,187.15535669549732
2021-07-30 15:00:00,0.0,G1_noage,187,187.20391677638733
2021-07-30 16:00:00,0.0,G1_noage,181,175.64274433868997
2021-07-30 17:00:00,0.0,G1_noage,190,162.0901248341613
2021-07-30 18:00:00,0.0,G1_noage,190,171.6553193139497
2021-07-30 19:00:00,0.0,G1_noage,175,166.1425981013756
2021-07-30 20:00:00,-1.0,G1_noage,113,132.27669465017559
2021-07-30 21:00:00,0.0,G1_noage,115,115.78037654909265
2021-07-30 22:00:00,0.0,G1_noage,109,113.38997514167119
2021-07-30 23:00:00,0.0,G1_noage,116,111.8752139083434
2021-07-31 00:00:00,0.0,G1_noage,24,64.12084046081088
2021-07-31 01:00:00,0.0,G1_noage,21,24.61973674182767
2021-07-31 02:00:00,0.0,G1_noage,21,21.574845190917312
2021-07-31 03:00:00,0.0,G1_noage,21,23.662333369063546
2021-07-31 04:00:00,0.0,G1_noage,26,23.662333369063546
2021-07-31 05:00:00,0.0,G1_noage,21,20.334513888656918
2021-07-31 06:00:00,0.0,G1_noage,21,18.827732739440584
2021-07-31 07:00:00,0.0,G1_noage,23,32.407297765677136
2021-07-31 08:00:00,0.0,G1_noage,21,29.173809202999774
2021-07-31 09:00:00,0.0,G1_noage,21,22.784914238671057
2021-07-31 10:00:00,0.0,G1_noage,23,23.93028001899707
2021-07-31 11:00:00,0.0,G1_noage,26,24.084190335988616
2021-07-31 12:00:00,0.0,G1_noage,21,21.19989053577666
2021-07-31 13:00:00,0.0,G1_noage,21,21.68963385726759
2021-07-31 14:00:00,0.0,G1_noage,25,23.93028001899707
2021-07-31 15:00:00,0.0,G1_noage,23,23.25744235457659
2021-07-31 16:00:00,0.0,G1_noage,21,21.967741399394402
2021-07-31 17:00:00,0.0,G1_noage,21,22.784914238671057
2021-07-31 18:00:00,0.0,G1_noage,28,23.714551438540852
2021-07-31 19:00:00,0.0,G1_noage,21,22.348796816787566
2021-07-31 20:00:00,0.0,G1_noage,21,21.28616878686218
2021-07-31 21:00:00,0.0,G1_noage,25,23.662333369063546
2021-07-31 22:00:00,0.0,G1_noage,21,23.017080668056426
2021-07-31 23:00:00,0.0,G1_noage,21,21.383500728171423
2021-08-01 00:00:00,0.0,G1_noage,21,23.539881495750926
2021-08-01 01:00:00,0.0,G1_noage,26,23.547816541915985
2021-08-01 02:00:00,0.0,G1_noage,21,22.360544121541633
2021-08-01 03:00:00,0.0,G1_noage,21,21.184776286574046
2021-08-01 04:00:00,0.0,G1_noage,25,23.65790254440862
2021-08-01 05:00:00,0.0,G1_noage,24,21.790924351073865
2021-08-01 06:00:00,0.0,G1_noage,21,16.205539655144154
2021-08-01 07:00:00,0.0,G1_noage,21,32.978620706220326
2021-08-01 08:00:00,0.0,G1_noage,28,27.03775622820513
2021-08-01 09:00:00,0.0,G1_noage,24,24.467449842091334
2021-08-01 10:00:00,0.0,G1_noage,21,22.232606373642184
2021-08-01 11:00:00,0.0,G1_noage,21,22.59236294069239
2021-08-01 12:00:00,0.0,G1_noage,25,23.576216891169636
2021-08-01 13:00:00,0.0,G1_noage,21,23.248923236699863
2021-08-01 14:00:00,0.0,G1_noage,21,21.784624538114226
2021-08-01 15:00:00,0.0,G1_noage,23,23.919419640657736
2021-08-01 16:00:00,0.0,G1_noage,25,24.08184907552601
2021-08-01 17:00:00,0.0,G1_noage,21,21.62473013204671
2021-08-01 18:00:00,0.0,G1_noage,21,21.424858419309395
2021-08-01 19:00:00,0.0,G1_noage,22,23.65790254440862
2021-08-01 20:00:00,0.0,G1_noage,26,23.648324359181508
2021-08-01 21:00:00,0.0,G1_noage,22,21.142832475233845
2021-08-01 22:00:00,0.0,G1_noage,23,21.281737962207256
2021-08-01 23:00:00,0.0,G1_noage,24,23.59218642738144
2021-08-02 00:00:00,0.0,G1_noage,23,30.32855358275941
2021-08-02 01:00:00,0.0,G1_noage,21,23.052737126358682
2021-08-02 02:00:00,0.0,G1_noage,21,23.039749268392928
2021-08-02 03:00:00,0.0,G1_noage,26,24.179249864131705
2021-08-02 04:00:00,0.0,G1_noage,21,22.958210536977006
2021-08-02 05:00:00,0.0,G1_noage,21,25.524594949054087
2021-08-02 06:00:00,0.0,G1_noage,25,33.806600502388626
2021-08-02 07:00:00,0.0,G1_noage,24,70.62388480653505
2021-08-02 08:00:00,0.0,G1_noage,21,53.313909921574584
2021-08-02 09:00:00,0.0,G1_noage,21,40.52059003162308
2021-08-02 10:00:00,0.0,G1_noage,25,42.67362217064402
2021-08-02 11:00:00,0.0,G1_noage,21,36.329648238214475
2021-08-02 12:00:00,0.0,G1_noage,21,39.09545415148966
2021-08-02 13:00:00,0.0,G1_noage,23,42.66510305276731
2021-08-02 14:00:00,0.0,G1_noage,25,42.162115574760875
2021-08-02 15:00:00,0.0,G1_noage,21,39.544438105100674
2021-08-02 16:00:00,0.0,G1_noage,21,39.54767198842133
2021-08-02 17:00:00,0.0,G1_noage,24,42.67362217064402
2021-08-02 18:00:00,0.0,G1_noage,26,41.16076283900343
2021-08-02 19:00:00,0.0,G1_noage,21,22.62536933950401
2021-08-02 20:00:00,0.0,G1_noage,24,22.072673706180424
2021-08-02 21:00:00,0.0,G1_noage,24,23.212659770141325
2021-08-02 22:00:00,0.0,G1_noage,24,23.205139641309156
2021-08-02 23:00:00,0.0,G1_noage,21,22.8684832489587
2021-08-03 00:00:00,0.0,G1_noage,22,29.41385229713489
2021-08-03 01:00:00,0.0,G1_noage,26,24.21866740525845
2021-08-03 02:00:00,0.0,G1_noage,21,21.35727655398209
2021-08-03 03:00:00,0.0,G1_noage,22,21.265471845292588
2021-08-03 04:00:00,0.0,G1_noage,21,23.906892722582672
2021-08-03 05:00:00,0.0,G1_noage,24,21.72511847159484
2021-08-03 06:00:00,0.0,G1_noage,21,20.473058432518616
2021-08-03 07:00:00,0.0,G1_noage,21,49.394355379512206
2021-08-03 08:00:00,0.0,G1_noage,25,31.884853248425816
2021-08-03 09:00:00,0.0,G1_noage,21,25.10587312260908
2021-08-03 10:00:00,0.0,G1_noage,21,23.338730399644124
2021-08-03 11:00:00,0.0,G1_noage,24,25.421118073328337
2021-08-03 12:00:00,0.0,G1_noage,25,24.119844347726584
2021-08-03 13:00:00,0.0,G1_noage,21,21.892516460871384
2021-08-03 14:00:00,0.0,G1_noage,22,22.698783263948727
2021-08-03 15:00:00,0.0,G1_noage,26,24.99600780136051
2021-08-03 16:00:00,0.0,G1_noage,24,24.77613221688138
2021-08-03 17:00:00,0.0,G1_noage,21,22.660584967948317
2021-08-03 18:00:00,0.0,G1_noage,24,22.032486432517164
2021-08-03 19:00:00,0.0,G1_noage,25,23.030210321282937
2021-08-03 20:00:00,0.0,G1_noage,22,23.00841373911909
2021-08-03 21:00:00,0.0,G1_noage,22,23.079420898769317
2021-08-03 22:00:00,0.0,G1_noage,21,22.274333471794115
2021-08-03 23:00:00,0.0,G1_noage,26,22.90482384274076
2021-08-04 00:00:00,0.0,G1_noage,21,30.15245137969098
2021-08-04 01:00:00,0.0,G1_noage,21,21.37536677095733
2021-08-04 02:00:00,0.0,G1_noage,21,23.662333369063546
2021-08-04 03:00:00,0.0,G1_noage,25,23.662333369063546
2021-08-04 04:00:00,0.0,G1_noage,21,22.037175492075242
2021-08-04 05:00:00,0.0,G1_noage,21,22.102665685040293
2021-08-04 06:00:00,0.0,G1_noage,26,20.65009798219201
2021-08-04 07:00:00,0.0,G1_noage,21,54.50160423729976
2021-08-04 08:00:00,0.0,G1_noage,23,30.879109192749677
2021-08-04 09:00:00,0.0,G1_noage,21,24.604216049748505
2021-08-04 10:00:00,0.0,G1_noage,25,22.784914238671057
2021-08-04 11:00:00,0.0,G1_noage,21,23.308970385746996
2021-08-04 12:00:00,0.0,G1_noage,21,21.38161184811777
2021-08-04 13:00:00,0.0,G1_noage,25,24.756255458052678
2021-08-04 14:00:00,0.0,G1_noage,24,23.25744235457659
2021-08-04 15:00:00,0.0,G1_noage,24,22.587240557413185
2021-08-04 16:00:00,0.0,G1_noage,22,22.963352012766684
2021-08-04 17:00:00,0.0,G1_noage,26,21.866225104542597
2021-08-04 18:00:00,0.0,G1_noage,22,23.225769208356972
2021-08-04 19:00:00,0.0,G1_noage,21,21.28616878686218
2021-08-04 20:00:00,0.0,G1_noage,21,22.828559108677144
2021-08-04 21:00:00,0.0,G1_noage,26,23.662333369063546
2021-08-04 22:00:00,0.0,G1_noage,21,22.44129404190885
2021-08-04 23:00:00,0.0,G1_noage,22,21.28616878686218
2021-08-05 00:00:00,0.0,G1_noage,21,31.19291445007966
2021-08-05 01:00:00,0.0,G1_noage,25,24.167685483410665
2021-08-05 02:00:00,0.0,G1_noage,21,22.78056297122435
2021-08-05 03:00:00,0.0,G1_noage,21,22.039045510976187
2021-08-05 04:00:00,0.0,G1_noage,25,24.662103873693077
2021-08-05 05:00:00,0.0,G1_noage,22,25.543111176984326
2021-08-05 06:00:00,0.0,G1_noage,22,23.78365537773078
2021-08-05 07:00:00,0.0,G1_noage,20,51.62974435294645
2021-08-05 08:00:00,0.0,G1_noage,24,33.17367325141475
2021-08-05 09:00:00,0.0,G1_noage,21,26.676596086634806
2021-08-05 10:00:00,0.0,G1_noage,21,26.043738959135492
2021-08-05 11:00:00,0.0,G1_noage,25,27.577939754781557
2021-08-05 12:00:00,0.0,G1_noage,24,25.510920024828177
2021-08-05 13:00:00,0.0,G1_noage,24,26.09698424080517
2021-08-05 14:00:00,0.0,G1_noage,22,25.56003243250637
2021-08-05 15:00:00,0.0,G1_noage,25,25.976481000007357
2021-08-05 16:00:00,0.0,G1_noage,22,25.846357782984573
2021-08-05 17:00:00,0.0,G1_noage,22,26.011820772727525
2021-08-05 18:00:00,0.0,G1_noage,21,25.567256368015638
2021-08-05 19:00:00,0.0,G1_noage,25,24.00438600864179
2021-08-05 20:00:00,0.0,G1_noage,22,22.78056297122435
2021-08-05 21:00:00,0.0,G1_noage,22,23.429657166082166
2021-08-05 22:00:00,0.0,G1_noage,23,23.373895637695146
2021-08-05 23:00:00,0.0,G1_noage,26,23.937128049513657
2021-08-06 00:00:00,0.0,G1_noage,21,28.74994125353293
2021-08-06 01:00:00,0.0,G1_noage,21,22.44630754308934
2021-08-06 02:00:00,0.0,G1_noage,21,24.733274141195555
2021-08-06 03:00:00,0.0,G1_noage,25,24.733274141195555
2021-08-06 04:00:00,0.0,G1_noage,23,23.10811626420725
2021-08-06 05:00:00,0.0,G1_noage,21,23.865122489523884
2021-08-06 06:00:00,0.0,G1_noage,25,20.581581001286573
2021-08-06 07:00:00,0.0,G1_noage,21,54.72860003825675
2021-08-06 08:00:00,0.0,G1_noage,21,30.44697541355956
2021-08-06 09:00:00,0.0,G1_noage,21,25.789926832268517
2021-08-06 10:00:00,0.0,G1_noage,25,25.789926832268517
2021-08-06 11:00:00,0.0,G1_noage,25,24.30731263593491
2021-08-06 12:00:00,0.0,G1_noage,24,25.47949650795233
2021-08-06 13:00:00,0.0,G1_noage,24,25.335249088048712
2021-08-06 14:00:00,0.0,G1_noage,27,27.061231567356185
2021-08-06 15:00:00,0.0,G1_noage,22,24.29308072176248
2021-08-06 16:00:00,0.0,G1_noage,22,25.064956297705827
2021-08-06 17:00:00,0.0,G1_noage,25,24.883850973721763
2021-08-06 18:00:00,0.0,G1_noage,22,24.00308977718748
2021-08-06 19:00:00,0.0,G1_noage,21,24.779862373898162
2021-08-06 20:00:00,0.0,G1_noage,21,23.899499880809152
2021-08-06 21:00:00,0.0,G1_noage,26,24.733274141195555
2021-08-06 22:00:00,0.0,G1_noage,21,23.419737588919574
2021-08-06 23:00:00,0.0,G1_noage,21,22.35710955899419
2021-08-07 00:00:00,0.0,G1_noage,24,31.006275083540505
2021-08-07 01:00:00,0.0,G1_noage,25,24.686069340457607
2021-08-07 02:00:00,0.0,G1_noage,21,20.974091498126164
2021-08-07 03:00:00,0.0,G1_noage,21,20.86321861101154
2021-08-07 04:00:00,0.0,G1_noage,21,23.662333369063546
2021-08-07 05:00:00,0.0,G1_noage,24,20.300959786204366
2021-08-07 06:00:00,0.0,G1_noage,21,19.10765577073952
2021-08-07 07:00:00,0.0,G1_noage,21,37.876371810369434
2021-08-07 08:00:00,0.0,G1_noage,25,27.427907413965265
2021-08-07 09:00:00,0.0,G1_noage,24,24.380447579796535
2021-08-07 10:00:00,0.0,G1_noage,21,21.234831221675886
2021-08-07 11:00:00,0.0,G1_noage,21,22.603223319031724
2021-08-07 12:00:00,0.0,G1_noage,26,23.58707726950897
2021-08-07 13:00:00,0.0,G1_noage,21,23.282160379595798
2021-08-07 14:00:00,0.0,G1_noage,21,21.698152975144318
2021-08-07 15:00:00,0.0,G1_noage,22,23.93028001899707
2021-08-07 16:00:00,0.0,G1_noage,25,23.418773423113908
2021-08-07 17:00:00,0.0,G1_noage,21,21.54309328526476
2021-08-07 18:00:00,0.0,G1_noage,21,21.43571879764873
2021-08-07 19:00:00,0.0,G1_noage,24,23.662333369063546
2021-08-07 20:00:00,0.0,G1_noage,26,23.42060897470248
2021-08-07 21:00:00,0.0,G1_noage,22,22.487666973851237
2021-08-07 22:00:00,0.0,G1_noage,21,22.964244980726118
2021-08-07 23:00:00,0.0,G1_noage,25,22.828559108677144
2021-08-08 00:00:00,0.0,G1_noage,21,23.747905388619156
2021-08-08 01:00:00,0.0,G1_noage,21,21.172022225390652
2021-08-08 02:00:00,0.0,G1_noage,21,23.65790254440862
2021-08-08 03:00:00,0.0,G1_noage,24,23.65790254440862
2021-08-08 04:00:00,0.0,G1_noage,21,22.69131245041824
2021-08-08 05:00:00,0.0,G1_noage,21,22.449755580090663
2021-08-08 06:00:00,0.0,G1_noage,23,19.797516994789003
2021-08-08 07:00:00,0.0,G1_noage,25,31.650330678805144
2021-08-08 08:00:00,0.0,G1_noage,21,23.338834400437953
2021-08-08 09:00:00,0.0,G1_noage,21,22.424571673809623
2021-08-08 10:00:00,0.0,G1_noage,25,23.919419640657736
2021-08-08 11:00:00,0.0,G1_noage,21,23.248923236699863
2021-08-08 12:00:00,0.0,G1_noage,21,21.284761265879265
2021-08-08 13:00:00,0.0,G1_noage,23,23.91090052278101
2021-08-08 14:00:00,0.0,G1_noage,25,23.919419640657736
2021-08-08 15:00:00,0.0,G1_noage,21,21.513511348314932
2021-08-08 16:00:00,0.0,G1_noage,21,21.870614742013398
2021-08-08 17:00:00,0.0,G1_noage,25,23.919419640657736
2021-08-08 18:00:00,0.0,G1_noage,24,22.836623438698336
2021-08-08 19:00:00,0.0,G1_noage,21,22.257091823517793
2021-08-08 20:00:00,0.0,G1_noage,22,22.345230146907237
2021-08-08 21:00:00,0.0,G1_noage,26,23.65790254440862
2021-08-08 22:00:00,0.0,G1_noage,22,23.295007653983284
2021-08-08 23:00:00,0.0,G1_noage,21,21.55132638645734
2021-08-09 00:00:00,0.0,G1_noage,21,30.333402195254415
2021-08-09 01:00:00,0.0,G1_noage,25,24.365409523860066
2021-08-09 02:00:00,0.0,G1_noage,21,22.958210536977006
2021-08-09 03:00:00,0.0,G1_noage,23,21.803455547606372
2021-08-09 04:00:00,0.0,G1_noage,22,24.16967167890459
2021-08-09 05:00:00,0.0,G1_noage,25,26.978953246690324
2021-08-09 06:00:00,0.0,G1_noage,20,31.975626716999603
2021-08-09 07:00:00,0.0,G1_noage,112,73.46006669799874
2021-08-09 08:00:00,1.0,G1_noage,215,192.54314221749698
2021-08-09 09:00:00,0.0,G1_noage,197,188.68549137758677
2021-08-09 10:00:00,0.0,G1_noage,201,188.19095127242426
2021-08-09 11:00:00,0.0,G1_noage,192,187.95213240597457
2021-08-09 12:00:00,0.0,G1_noage,144,134.10085117546495
2021-08-09 13:00:00,0.0,G1_noage,200,188.70575359346978
2021-08-09 14:00:00,0.0,G1_noage,191,186.28819207308774
2021-08-09 15:00:00,0.0,G1_noage,183,186.28752347995783
2021-08-09 16:00:00,0.0,G1_noage,191,179.517105585045
2021-08-09 17:00:00,0.0,G1_noage,169,174.88015094285905
2021-08-09 18:00:00,-1.0,G1_noage,103,163.06952342268488
2021-08-09 19:00:00,0.0,G1_noage,95,109.17379346957676
2021-08-09 20:00:00,0.0,G1_noage,113,101.70066307619456
2021-08-09 21:00:00,0.0,G1_noage,119,113.47085777865598
2021-08-09 22:00:00,0.0,G1_noage,112,117.59053017479485
2021-08-09 23:00:00,0.0,G1_noage,108,115.50120260421845
2021-08-10 00:00:00,0.0,G1_noage,71,62.500447934507136
2021-08-10 01:00:00,0.0,G1_noage,104,109.81576714030471
2021-08-10 02:00:00,0.0,G1_noage,97,105.92179146858687
2021-08-10 03:00:00,0.0,G1_noage,104,101.37299059326376
2021-08-10 04:00:00,0.0,G1_noage,103,105.71960213207609
2021-08-10 05:00:00,0.0,G1_noage,99,105.27857716369222
2021-08-10 06:00:00,0.0,G1_noage,105,109.93492249955356
2021-08-10 07:00:00,0.0,G1_noage,138,135.1630337681209
2021-08-10 08:00:00,0.0,G1_noage,195,174.26982450085092
2021-08-10 09:00:00,0.0,G1_noage,193,186.16122947375476
2021-08-10 10:00:00,0.0,G1_noage,192,186.0912548374477
2021-08-10 11:00:00,0.0,G1_noage,191,185.4812371614785
2021-08-10 12:00:00,0.0,G1_noage,119,133.81850134673536
2021-08-10 13:00:00,0.0,G1_noage,190,182.83121180305864
2021-08-10 14:00:00,0.0,G1_noage,180,180.09814398395346
2021-08-10 15:00:00,0.0,G1_noage,181,180.43807817952717
2021-08-10 16:00:00,0.0,G1_noage,182,173.30505702727885
2021-08-10 17:00:00,0.0,G1_noage,156,164.00040827404058
2021-08-10 18:00:00,0.0,G1_noage,168,171.026337557484
2021-08-10 19:00:00,0.0,G1_noage,163,163.25234297046026
2021-08-10 20:00:00,0.0,G1_noage,135,139.75115551063644
2021-08-10 21:00:00,0.0,G1_noage,127,129.3162195658315
2021-08-10 22:00:00,0.0,G1_noage,114,122.78473460805795
2021-08-10 23:00:00,0.0,G1_noage,109,111.73259777097542
2021-08-11 00:00:00,0.0,G1_noage,83,62.500736712070605
2021-08-11 01:00:00,0.0,G1_noage,108,108.37809206056491
2021-08-11 02:00:00,0.0,G1_noage,114,103.34781173278087
2021-08-11 03:00:00,0.0,G1_noage,113,110.98117363580617
2021-08-11 04:00:00,0.0,G1_noage,116,109.29797839093021
2021-08-11 05:00:00,0.0,G1_noage,105,114.00172388494126
2021-08-11 06:00:00,0.0,G1_noage,129,114.26055540893276
2021-08-11 07:00:00,0.0,G1_noage,150,155.0341191970468
2021-08-11 08:00:00,1.0,G1_noage,218,185.07998091022606
2021-08-11 09:00:00,0.0,G1_noage,189,188.9662403767118
2021-08-11 10:00:00,0.0,G1_noage,192,181.61551948132754
2021-08-11 11:00:00,0.0,G1_noage,192,184.86657976925946
2021-08-11 12:00:00,0.0,G1_noage,132,134.3539495377532
2021-08-11 13:00:00,0.0,G1_noage,205,184.89896734124375
2021-08-11 14:00:00,0.0,G1_noage,207,187.74189841686248
2021-08-11 15:00:00,0.0,G1_noage,177,187.4825479868338
2021-08-11 16:00:00,0.0,G1_noage,187,176.8928029274649
2021-08-11 17:00:00,0.0,G1_noage,177,166.0647563212059
2021-08-11 18:00:00,0.0,G1_noage,194,171.60194673058004
2021-08-11 19:00:00,0.0,G1_noage,163,166.61899612593132
2021-08-11 20:00:00,0.0,G1_noage,128,137.90975894660446
2021-08-11 21:00:00,0.0,G1_noage,115,123.24699458660028
2021-08-11 22:00:00,0.0,G1_noage,116,116.75273489592553
2021-08-11 23:00:00,0.0,G1_noage,109,113.63040163969688
2021-08-12 00:00:00,0.0,G1_noage,81,67.4571928895164
2021-08-12 01:00:00,0.0,G1_noage,115,114.7510074594516
2021-08-12 02:00:00,0.0,G1_noage,110,114.22359894080897
2021-08-12 03:00:00,0.0,G1_noage,110,111.67828440690353
2021-08-12 04:00:00,0.0,G1_noage,114,109.6865045701261
2021-08-12 05:00:00,0.0,G1_noage,103,109.16365215115876
2021-08-12 06:00:00,0.0,G1_noage,117,112.60146719974524
2021-08-12 07:00:00,0.0,G1_noage,149,153.5360515993966
2021-08-12 08:00:00,0.0,G1_noage,196,179.06626670026367
2021-08-12 09:00:00,0.0,G1_noage,189,186.50589273694743
2021-08-12 10:00:00,0.0,G1_noage,186,181.80756549387175
2021-08-12 11:00:00,0.0,G1_noage,199,180.91695794480137
2021-08-12 12:00:00,0.0,G1_noage,133,135.97207308434736
2021-08-12 13:00:00,0.0,G1_noage,191,183.41472411947657
2021-08-12 14:00:00,0.0,G1_noage,193,181.12634546171395
2021-08-12 15:00:00,0.0,G1_noage,197,185.39132098451626
2021-08-12 16:00:00,0.0,G1_noage,176,184.09609885494964
2021-08-12 17:00:00,0.0,G1_noage,160,171.11076469634062
2021-08-12 18:00:00,0.0,G1_noage,177,166.78526124297213
2021-08-12 19:00:00,0.0,G1_noage,182,162.5259895832223
2021-08-12 20:00:00,0.0,G1_noage,127,129.90381446606335
2021-08-12 21:00:00,0.0,G1_noage,114,127.63455671662507
2021-08-12 22:00:00,0.0,G1_noage,122,113.24469109341716
2021-08-12 23:00:00,0.0,G1_noage,118,119.39152973188467
2021-08-13 00:00:00,0.0,G1_noage,79,65.23365055170188
2021-08-13 01:00:00,0.0,G1_noage,105,113.76345573486286
2021-08-13 02:00:00,0.0,G1_noage,117,109.71215726338959
2021-08-13 03:00:00,0.0,G1_noage,120,115.16854579345272
2021-08-13 04:00:00,0.0,G1_noage,116,119.40156597517606
2021-08-13 05:00:00,0.0,G1_noage,108,114.47458119347004
2021-08-13 06:00:00,0.0,G1_noage,116,114.05883125194592
2021-08-13 07:00:00,0.0,G1_noage,166,143.72591056453834
2021-08-13 08:00:00,1.0,G1_noage,207,182.4036162308697
2021-08-13 09:00:00,0.0,G1_noage,191,187.03996274702507
2021-08-13 10:00:00,0.0,G1_noage,201,185.17982595137843
2021-08-13 11:00:00,0.0,G1_noage,204,187.07951714359587
2021-08-13 12:00:00,0.0,G1_noage,134,135.5754340176272
2021-08-13 13:00:00,0.0,G1_noage,195,177.7763866015251
2021-08-13 14:00:00,0.0,G1_noage,200,185.02997915399348
2021-08-13 15:00:00,0.0,G1_noage,195,187.54563603183902
2021-08-13 16:00:00,0.0,G1_noage,186,181.0261967739336
2021-08-13 17:00:00,0.0,G1_noage,176,170.56896047420963
2021-08-13 18:00:00,0.0,G1_noage,177,173.0379432852526
2021-08-13 19:00:00,0.0,G1_noage,168,161.93407376800718
2021-08-13 20:00:00,0.0,G1_noage,125,124.11739337715021
2021-08-13 21:00:00,0.0,G1_noage,119,124.42144986433347
2021-08-13 22:00:00,0.0,G1_noage,118,117.60979172433422
2021-08-13 23:00:00,0.0,G1_noage,116,118.83359608064822
2021-08-14 00:00:00,0.0,G1_noage,67,64.59069760518138
2021-08-14 01:00:00,0.0,G1_noage,106,104.71533113341155
2021-08-14 02:00:00,0.0,G1_noage,108,106.89186089123481
2021-08-14 03:00:00,0.0,G1_noage,98,107.04262380426017
2021-08-14 04:00:00,0.0,G1_noage,100,104.66802835090023
2021-08-14 05:00:00,0.0,G1_noage,91,101.18067022781305
2021-08-14 06:00:00,0.0,G1_noage,91,105.17660530070582
2021-08-14 07:00:00,0.0,G1_noage,75,92.3880735892359
2021-08-14 08:00:00,0.0,G1_noage,26,27.67143591434791
2021-08-14 09:00:00,0.0,G1_noage,23,21.581414111020866
2021-08-14 10:00:00,0.0,G1_noage,21,23.862409300536623
2021-08-14 11:00:00,0.0,G1_noage,26,22.77639512079433
2021-08-14 12:00:00,0.0,G1_noage,23,23.763641856380804
2021-08-14 13:00:00,0.0,G1_noage,21,21.74805461459725
2021-08-14 14:00:00,0.0,G1_noage,22,22.23095730687483
2021-08-14 15:00:00,0.0,G1_noage,26,24.092709453865343
2021-08-14 16:00:00,0.0,G1_noage,22,23.056668760989833
2021-08-14 17:00:00,0.0,G1_noage,22,23.376229169008255
2021-08-14 18:00:00,0.0,G1_noage,24,23.64883532151367
2021-08-14 19:00:00,0.0,G1_noage,26,21.627958278204073
2021-08-14 20:00:00,0.0,G1_noage,22,20.974091498126164
2021-08-14 21:00:00,0.0,G1_noage,23,22.905824223396458
2021-08-14 22:00:00,0.0,G1_noage,25,23.596617252036364
2021-08-14 23:00:00,0.0,G1_noage,22,22.053174044128532
2021-08-15 00:00:00,0.0,G1_noage,22,21.261048854858803
2021-08-15 01:00:00,0.0,G1_noage,28,23.60771544783622
2021-08-15 02:00:00,0.0,G1_noage,24,23.94470447862011
2021-08-15 03:00:00,0.0,G1_noage,22,21.24390993188288
2021-08-15 04:00:00,0.0,G1_noage,22,21.9967227648414
2021-08-15 05:00:00,0.0,G1_noage,25,18.243855029851925
2021-08-15 06:00:00,0.0,G1_noage,22,24.04279900083952
2021-08-15 07:00:00,0.0,G1_noage,21,37.272112248783074
2021-08-15 08:00:00,0.0,G1_noage,26,25.200917258228863
2021-08-15 09:00:00,0.0,G1_noage,24,25.22984983108885
2021-08-15 10:00:00,0.0,G1_noage,21,22.232606373642184
2021-08-15 11:00:00,0.0,G1_noage,22,22.550591690144966
2021-08-15 12:00:00,0.0,G1_noage,26,23.73864632603791
2021-08-15 13:00:00,0.0,G1_noage,22,23.179281798840623
2021-08-15 14:00:00,0.0,G1_noage,22,23.30694803333926
2021-08-15 15:00:00,0.0,G1_noage,21,22.334262863318244
2021-08-15 16:00:00,0.0,G1_noage,25,23.079780195684098
2021-08-15 17:00:00,0.0,G1_noage,22,22.69838031350304
2021-08-15 18:00:00,0.0,G1_noage,21,23.750279292904125
2021-08-15 19:00:00,0.0,G1_noage,25,22.82412828402222
2021-08-15 20:00:00,0.0,G1_noage,22,23.166159741538163
2021-08-15 21:00:00,0.0,G1_noage,22,22.998725340050775
2021-08-15 22:00:00,0.0,G1_noage,24,23.59218642738144
2021-08-15 23:00:00,0.0,G1_noage,25,24.189458476478066
2021-08-16 00:00:00,0.0,G1_noage,22,32.61723895042985
2021-08-16 01:00:00,0.0,G1_noage,23,22.695380644395186
2021-08-16 02:00:00,0.0,G1_noage,26,22.59995827137945
2021-08-16 03:00:00,0.0,G1_noage,21,23.429588545259815
2021-08-16 04:00:00,0.0,G1_noage,22,21.70612360629713
2021-08-16 05:00:00,0.0,G1_noage,22,26.156559238369145
2021-08-16 06:00:00,0.0,G1_noage,26,31.88202853030787
2021-08-16 07:00:00,0.0,G1_noage,122,74.68399840159483
2021-08-16 08:00:00,1.0,G1_noage,183,185.52575163225836
2021-08-16 09:00:00,0.0,G1_noage,190,178.29132664385716
2021-08-16 10:00:00,0.0,G1_noage,157,183.39166936262637
2021-08-16 11:00:00,0.0,G1_noage,157,184.94331955947658
2021-08-16 12:00:00,0.0,G1_noage,107,118.08350528119837
2021-08-16 13:00:00,0.0,G1_noage,157,164.63992972735568
2021-08-16 14:00:00,0.0,G1_noage,153,161.1704603726089
2021-08-16 15:00:00,0.0,G1_noage,146,156.57954390542153
2021-08-16 16:00:00,0.0,G1_noage,125,154.8931338298714
2021-08-16 17:00:00,0.0,G1_noage,105,147.88786473962597
2021-08-16 18:00:00,0.0,G1_noage,94,128.1089291244794
2021-08-16 19:00:00,0.0,G1_noage,95,107.84958545483755
2021-08-16 20:00:00,0.0,G1_noage,102,101.11438686742838
2021-08-16 21:00:00,0.0,G1_noage,116,106.28170289115427
2021-08-16 22:00:00,0.0,G1_noage,102,112.65647981116805
2021-08-16 23:00:00,0.0,G1_noage,102,109.30696023522397
2021-08-17 00:00:00,0.0,G1_noage,71,65.71930548642837
2021-08-17 01:00:00,0.0,G1_noage,100,113.68427667282738
2021-08-17 02:00:00,0.0,G1_noage,101,107.1801993636966
2021-08-17 03:00:00,0.0,G1_noage,99,104.76103650833153
2021-08-17 04:00:00,0.0,G1_noage,98,101.88824567874212
2021-08-17 05:00:00,0.0,G1_noage,103,100.28751895626019
2021-08-17 06:00:00,0.0,G1_noage,96,108.71267131083779
2021-08-17 07:00:00,0.0,G1_noage,146,130.5486426070543
2021-08-17 08:00:00,0.0,G1_noage,171,176.76417338972288
2021-08-17 09:00:00,0.0,G1_noage,170,171.4370676223848
2021-08-17 10:00:00,0.0,G1_noage,165,171.0190541047982
2021-08-17 11:00:00,0.0,G1_noage,173,169.93906351453944
2021-08-17 12:00:00,0.0,G1_noage,134,128.35611898844456
2021-08-17 13:00:00,0.0,G1_noage,164,179.53291962871216
2021-08-17 14:00:00,0.0,G1_noage,164,165.7172057387239
2021-08-17 15:00:00,0.0,G1_noage,168,158.63677234449912
2021-08-17 16:00:00,0.0,G1_noage,158,164.19538833375174
2021-08-17 17:00:00,0.0,G1_noage,135,149.70024128862093
2021-08-17 18:00:00,0.0,G1_noage,158,147.562385632362
2021-08-17 19:00:00,0.0,G1_noage,143,159.29816285807667
2021-08-17 20:00:00,0.0,G1_noage,128,122.85770453392502
2021-08-17 21:00:00,0.0,G1_noage,121,120.74063908071803
2021-08-17 22:00:00,0.0,G1_noage,118,120.87359562671573
2021-08-17 23:00:00,0.0,G1_noage,118,119.53277930925326
2021-08-18 00:00:00,0.0,G1_noage,66,70.28499543970813
2021-08-18 01:00:00,0.0,G1_noage,105,112.23352032554494
2021-08-18 02:00:00,0.0,G1_noage,105,110.41664192296184
2021-08-18 03:00:00,0.0,G1_noage,101,107.00124956076425
2021-08-18 04:00:00,0.0,G1_noage,99,105.60178405188344
2021-08-18 05:00:00,0.0,G1_noage,98,101.00110116721496
2021-08-18 06:00:00,0.0,G1_noage,107,108.18878421244625
2021-08-18 07:00:00,0.0,G1_noage,146,134.09699381802574
2021-08-18 08:00:00,0.0,G1_noage,174,174.222817320913
2021-08-18 09:00:00,0.0,G1_noage,172,171.2726953257131
2021-08-18 10:00:00,0.0,G1_noage,176,171.54194912937155
2021-08-18 11:00:00,0.0,G1_noage,183,176.8919668127171
2021-08-18 12:00:00,0.0,G1_noage,120,125.45952568847042
2021-08-18 13:00:00,0.0,G1_noage,177,178.5046359878718
2021-08-18 14:00:00,0.0,G1_noage,185,177.84833186447523
2021-08-18 15:00:00,0.0,G1_noage,184,180.8704309098235
2021-08-18 16:00:00,0.0,G1_noage,188,179.1492705960691
2021-08-18 17:00:00,0.0,G1_noage,186,169.293436186822
2021-08-18 18:00:00,0.0,G1_noage,174,170.0074762755656
2021-08-18 19:00:00,0.0,G1_noage,158,148.83874639175116
2021-08-18 20:00:00,0.0,G1_noage,124,125.14969710201991
2021-08-18 21:00:00,0.0,G1_noage,123,122.15701726394488
2021-08-18 22:00:00,0.0,G1_noage,125,121.82715121308017
2021-08-18 23:00:00,0.0,G1_noage,112,115.28967628982042
2021-08-19 00:00:00,0.0,G1_noage,77,72.59202914609213
2021-08-19 01:00:00,0.0,G1_noage,114,113.10646016937834
2021-08-19 02:00:00,0.0,G1_noage,116,113.4332439156322
2021-08-19 03:00:00,0.0,G1_noage,119,115.35184544737403
2021-08-19 04:00:00,0.0,G1_noage,108,118.3858444839404
2021-08-19 05:00:00,0.0,G1_noage,106,108.55848696302658
2021-08-19 06:00:00,0.0,G1_noage,119,112.25795792838449
2021-08-19 07:00:00,0.0,G1_noage,143,147.11778826078057
2021-08-19 08:00:00,0.0,G1_noage,185,179.2572992791705
2021-08-19 09:00:00,0.0,G1_noage,182,176.33914349588258
2021-08-19 10:00:00,0.0,G1_noage,177,181.4832848023453
2021-08-19 11:00:00,0.0,G1_noage,188,181.38556438713368
2021-08-19 12:00:00,0.0,G1_noage,120,125.37219204377881
2021-08-19 13:00:00,0.0,G1_noage,172,178.1552993774567
2021-08-19 14:00:00,0.0,G1_noage,184,171.3779991148572
2021-08-19 15:00:00,0.0,G1_noage,185,177.1930805851873
2021-08-19 16:00:00,0.0,G1_noage,171,178.28547548701005
2021-08-19 17:00:00,0.0,G1_noage,155,167.9104228661326
2021-08-19 18:00:00,0.0,G1_noage,161,163.54616759716427
2021-08-19 19:00:00,0.0,G1_noage,153,151.94353924332745
2021-08-19 20:00:00,0.0,G1_noage,134,125.32404338689842
2021-08-19 21:00:00,0.0,G1_noage,123,125.35358139713016
2021-08-19 22:00:00,0.0,G1_noage,125,121.94520415120233
2021-08-19 23:00:00,0.0,G1_noage,117,120.06217276481105
2021-08-20 00:00:00,0.0,G1_noage,80,74.60973819663913
2021-08-20 01:00:00,0.0,G1_noage,109,111.35832291503887
2021-08-20 02:00:00,0.0,G1_noage,110,107.99015163006669
2021-08-20 03:00:00,0.0,G1_noage,107,109.76262449114067
2021-08-20 04:00:00,0.0,G1_noage,106,106.92866132938322
2021-08-20 05:00:00,0.0,G1_noage,104,106.5373230334572
2021-08-20 06:00:00,0.0,G1_noage,115,109.32385738226009
2021-08-20 07:00:00,0.0,G1_noage,146,141.82047924492733
2021-08-20 08:00:00,0.0,G1_noage,179,172.04796628824437
2021-08-20 09:00:00,0.0,G1_noage,175,176.1439878966218
2021-08-20 10:00:00,0.0,G1_noage,168,178.59145640935157
2021-08-20 11:00:00,0.0,G1_noage,193,169.95971101928006
2021-08-20 12:00:00,0.0,G1_noage,134,133.45049852289213
2021-08-20 13:00:00,0.0,G1_noage,180,187.13020803211109
2021-08-20 14:00:00,0.0,G1_noage,184,175.39566248418248
2021-08-20 15:00:00,0.0,G1_noage,176,180.52981584015242
2021-08-20 16:00:00,0.0,G1_noage,177,172.5771715375392
2021-08-20 17:00:00,0.0,G1_noage,164,162.90704116225396
2021-08-20 18:00:00,0.0,G1_noage,158,166.29134857613803
2021-08-20 19:00:00,0.0,G1_noage,146,154.13803658544276
2021-08-20 20:00:00,0.0,G1_noage,125,117.92693542113464
2021-08-20 21:00:00,0.0,G1_noage,121,121.09700851426996
2021-08-20 22:00:00,0.0,G1_noage,113,120.05628948309679
2021-08-20 23:00:00,0.0,G1_noage,106,114.62106149112019
2021-08-21 00:00:00,0.0,G1_noage,64,66.58746812199044
2021-08-21 01:00:00,0.0,G1_noage,99,113.38339176023811
2021-08-21 02:00:00,0.0,G1_noage,109,104.67443929735234
2021-08-21 03:00:00,0.0,G1_noage,102,108.4237228641396
2021-08-21 04:00:00,0.0,G1_noage,107,107.58360540840002
2021-08-21 05:00:00,0.0,G1_noage,110,104.48673142675534
2021-08-21 06:00:00,0.0,G1_noage,103,110.02620104731433
2021-08-21 07:00:00,0.0,G1_noage,94,93.65088084684216
2021-08-21 08:00:00,-1.0,G1_noage,26,27.194956671700798
2021-08-21 09:00:00,0.0,G1_noage,21,23.657121262140947
2021-08-21 10:00:00,0.0,G1_noage,22,22.184333106672685
2021-08-21 11:00:00,0.0,G1_noage,26,23.41025430523718
2021-08-21 12:00:00,0.0,G1_noage,22,22.713466011501733
2021-08-21 13:00:00,0.0,G1_noage,21,23.367710051131528
2021-08-21 14:00:00,0.0,G1_noage,26,22.23095730687483
2021-08-21 15:00:00,0.0,G1_noage,23,24.106844605868904
2021-08-21 16:00:00,0.0,G1_noage,22,23.376229169008255
2021-08-21 17:00:00,0.0,G1_noage,22,23.552972382030276
2021-08-21 18:00:00,0.0,G1_noage,27,23.64883532151367
2021-08-21 19:00:00,0.0,G1_noage,21,23.67712795397238
2021-08-21 20:00:00,0.0,G1_noage,22,21.28616878686218
2021-08-21 21:00:00,0.0,G1_noage,23,23.830627988519055
2021-08-21 22:00:00,0.0,G1_noage,27,23.730365772066065
2021-08-21 23:00:00,0.0,G1_noage,23,23.865733867320895
2021-08-22 00:00:00,0.0,G1_noage,23,22.865811858625015
2021-08-22 01:00:00,0.0,G1_noage,26,23.898708424696945
2021-08-22 02:00:00,0.0,G1_noage,27,24.12314790399458
2021-08-22 03:00:00,0.0,G1_noage,24,23.603881179271262
2021-08-22 04:00:00,0.0,G1_noage,22,21.164999098083804
2021-08-22 05:00:00,0.0,G1_noage,26,24.450554921715373
2021-08-22 06:00:00,0.0,G1_noage,22,23.625445786474806
2021-08-22 07:00:00,0.0,G1_noage,22,48.96435792668741
2021-08-22 08:00:00,0.0,G1_noage,22,41.180529316078754
2021-08-22 09:00:00,0.0,G1_noage,27,23.847838339043317
2021-08-22 10:00:00,0.0,G1_noage,22,23.06198651205949
2021-08-22 11:00:00,0.0,G1_noage,23,23.055266115896472
2021-08-22 12:00:00,0.0,G1_noage,24,22.42599909336099
2021-08-22 13:00:00,0.0,G1_noage,26,24.812739738350054
2021-08-22 14:00:00,0.0,G1_noage,23,24.588354808862647
2021-08-22 15:00:00,0.0,G1_noage,23,24.5623015817936
2021-08-22 16:00:00,0.0,G1_noage,27,24.873288711524616
2021-08-22 17:00:00,0.0,G1_noage,22,23.463295791452673
2021-08-22 18:00:00,0.0,G1_noage,22,22.90400640012819
2021-08-22 19:00:00,0.0,G1_noage,22,24.1399631675325
2021-08-22 20:00:00,0.0,G1_noage,26,24.1399631675325
2021-08-22 21:00:00,0.0,G1_noage,23,22.806334600397612
2021-08-22 22:00:00,0.0,G1_noage,24,22.858217884335293
2021-08-22 23:00:00,0.0,G1_noage,26,24.452475191725156
2021-08-23 00:00:00,0.0,G1_noage,25,31.56616804829399
2021-08-23 01:00:00,0.0,G1_noage,23,24.894855278525586
2021-08-23 02:00:00,0.0,G1_noage,23,24.603813582637656
2021-08-23 03:00:00,0.0,G1_noage,27,24.892119721016755
2021-08-23 04:00:00,0.0,G1_noage,22,24.082490355822333
2021-08-23 05:00:00,0.0,G1_noage,22,27.554173024819203
2021-08-23 06:00:00,0.0,G1_noage,22,34.70437062193083
2021-08-23 07:00:00,0.0,G1_noage,92,75.68834241387643
2021-08-23 08:00:00,1.0,G1_noage,181,190.56798082697887
2021-08-23 09:00:00,0.0,G1_noage,187,177.4087282397093
2021-08-23 10:00:00,0.0,G1_noage,182,178.64912683771337
2021-08-23 11:00:00,0.0,G1_noage,191,179.63258232619896
2021-08-23 12:00:00,0.0,G1_noage,136,133.9438980609819
2021-08-23 13:00:00,0.0,G1_noage,193,190.35743882451914
2021-08-23 14:00:00,0.0,G1_noage,190,186.4359777277155
2021-08-23 15:00:00,0.0,G1_noage,196,184.5907809343773
2021-08-23 16:00:00,0.0,G1_noage,177,184.8501904105117
2021-08-23 17:00:00,0.0,G1_noage,177,173.98956708148663
2021-08-23 18:00:00,0.0,G1_noage,179,174.42403170046953
2021-08-23 19:00:00,0.0,G1_noage,137,136.08847551798172
2021-08-23 20:00:00,0.0,G1_noage,118,118.9200239910671
2021-08-23 21:00:00,0.0,G1_noage,117,117.21376031258792
2021-08-23 22:00:00,0.0,G1_noage,113,116.31096550712981
2021-08-23 23:00:00,0.0,G1_noage,107,115.22106658990066
2021-08-24 00:00:00,0.0,G1_noage,67,65.33677249664566
2021-08-24 01:00:00,0.0,G1_noage,111,109.41446653833916
2021-08-24 02:00:00,0.0,G1_noage,115,111.23080032028838
2021-08-24 03:00:00,0.0,G1_noage,115,111.64529465541027
2021-08-24 04:00:00,0.0,G1_noage,113,110.88714280226819
2021-08-24 05:00:00,0.0,G1_noage,106,108.96335228748889
2021-08-24 06:00:00,0.0,G1_noage,115,112.98182605531078
2021-08-24 07:00:00,0.0,G1_noage,145,149.57997826857283
2021-08-24 08:00:00,0.0,G1_noage,196,180.26803201730365
2021-08-24 09:00:00,0.0,G1_noage,190,186.84453772153367
2021-08-24 10:00:00,0.0,G1_noage,181,182.89109978004035
2021-08-24 11:00:00,0.0,G1_noage,188,184.98159510276122
2021-08-24 12:00:00,0.0,G1_noage,130,131.50394291909075
2021-08-24 13:00:00,0.0,G1_noage,180,183.66746757747336
2021-08-24 14:00:00,0.0,G1_noage,190,176.65159831090781
2021-08-24 15:00:00,0.0,G1_noage,201,183.88504942913139
2021-08-24 16:00:00,0.0,G1_noage,191,185.5604182689733
2021-08-24 17:00:00,0.0,G1_noage,157,174.79106471157746
2021-08-24 18:00:00,0.0,G1_noage,156,172.90159651547575
2021-08-24 19:00:00,0.0,G1_noage,164,154.5832291929224
2021-08-24 20:00:00,0.0,G1_noage,125,139.83738986953963
2021-08-24 21:00:00,0.0,G1_noage,123,121.79641708212988
2021-08-24 22:00:00,0.0,G1_noage,120,121.74947677401943
2021-08-24 23:00:00,0.0,G1_noage,107,116.73559524199565
2021-08-25 00:00:00,0.0,G1_noage,81,65.80691841857961
2021-08-25 01:00:00,0.0,G1_noage,111,110.25770978274551
2021-08-25 02:00:00,0.0,G1_noage,115,111.1181578878041
2021-08-25 03:00:00,0.0,G1_noage,106,111.92812381318626
2021-08-25 04:00:00,0.0,G1_noage,110,111.31798005326208
2021-08-25 05:00:00,0.0,G1_noage,107,108.88552191707002
2021-08-25 06:00:00,0.0,G1_noage,108,112.61892394247715
2021-08-25 07:00:00,0.0,G1_noage,162,135.71343949193354
2021-08-25 08:00:00,0.0,G1_noage,182,181.19653792389522
2021-08-25 09:00:00,0.0,G1_noage,181,178.58445094043446
2021-08-25 10:00:00,0.0,G1_noage,189,180.25518643256044
2021-08-25 11:00:00,0.0,G1_noage,184,182.91609287864677
2021-08-25 12:00:00,0.0,G1_noage,121,129.02038130651567
2021-08-25 13:00:00,0.0,G1_noage,180,180.37998530662682
2021-08-25 14:00:00,0.0,G1_noage,184,176.7301359514626
2021-08-25 15:00:00,0.0,G1_noage,180,179.33211607438565
2021-08-25 16:00:00,0.0,G1_noage,172,178.07668405355267
2021-08-25 17:00:00,0.0,G1_noage,176,167.08691096210663
2021-08-25 18:00:00,0.0,G1_noage,172,168.1125153388344
2021-08-25 19:00:00,0.0,G1_noage,152,158.38293276640698
2021-08-25 20:00:00,0.0,G1_noage,124,123.31637895591702
2021-08-25 21:00:00,0.0,G1_noage,131,123.34521841204226
2021-08-25 22:00:00,0.0,G1_noage,114,121.15258316402668
2021-08-25 23:00:00,0.0,G1_noage,119,115.53124261776922
2021-08-26 00:00:00,0.0,G1_noage,73,66.51494142239979
2021-08-26 01:00:00,0.0,G1_noage,110,117.08748572167116
2021-08-26 02:00:00,0.0,G1_noage,118,110.18212390092583
2021-08-26 03:00:00,0.0,G1_noage,104,118.27376309768654
2021-08-26 04:00:00,0.0,G1_noage,115,110.09612176285736
2021-08-26 05:00:00,0.0,G1_noage,108,106.53940916879971
2021-08-26 06:00:00,0.0,G1_noage,111,114.81162110671102
2021-08-26 07:00:00,0.0,G1_noage,147,135.54615883510368
2021-08-26 08:00:00,0.0,G1_noage,196,177.41819806589868
2021-08-26 09:00:00,0.0,G1_noage,199,186.22553773361588
2021-08-26 10:00:00,0.0,G1_noage,193,187.95494834727347
2021-08-26 11:00:00,0.0,G1_noage,194,186.3915080042707
2021-08-26 12:00:00,0.0,G1_noage,127,133.78725426890884
2021-08-26 13:00:00,0.0,G1_noage,199,187.72219545097187
2021-08-26 14:00:00,0.0,G1_noage,190,188.063210724476
2021-08-26 15:00:00,0.0,G1_noage,202,183.53846369812928
2021-08-26 16:00:00,0.0,G1_noage,186,187.5140565266198
2021-08-26 17:00:00,0.0,G1_noage,161,170.48393693341276
2021-08-26 18:00:00,0.0,G1_noage,167,169.21240203888547
2021-08-26 19:00:00,0.0,G1_noage,170,162.16790501683982
2021-08-26 20:00:00,0.0,G1_noage,121,128.3714394072329
2021-08-26 21:00:00,0.0,G1_noage,128,122.99739344126361
2021-08-26 22:00:00,0.0,G1_noage,116,122.42397908913989
2021-08-26 23:00:00,0.0,G1_noage,113,116.29440814282391
2021-08-27 00:00:00,0.0,G1_noage,77,69.86151767852549
2021-08-27 01:00:00,0.0,G1_noage,111,111.39437135505335
2021-08-27 02:00:00,0.0,G1_noage,115,109.63210378704825
2021-08-27 03:00:00,0.0,G1_noage,114,112.7661906725286
2021-08-27 04:00:00,0.0,G1_noage,112,113.68261736838669
2021-08-27 05:00:00,0.0,G1_noage,104,108.44872227472908
2021-08-27 06:00:00,0.0,G1_noage,103,110.099774830697
2021-08-27 07:00:00,0.0,G1_noage,135,130.56607197236914
2021-08-27 08:00:00,0.0,G1_noage,190,170.855843829524
2021-08-27 09:00:00,0.0,G1_noage,185,179.0179969761305
2021-08-27 10:00:00,0.0,G1_noage,177,180.8699274571858
2021-08-27 11:00:00,0.0,G1_noage,182,181.60316909681947
2021-08-27 12:00:00,0.0,G1_noage,125,126.75610765498132
2021-08-27 13:00:00,0.0,G1_noage,179,178.82460771954524
2021-08-27 14:00:00,0.0,G1_noage,169,174.14645649236022
2021-08-27 15:00:00,0.0,G1_noage,175,171.6646095321733
2021-08-27 16:00:00,0.0,G1_noage,161,165.95714554206182
2021-08-27 17:00:00,0.0,G1_noage,163,159.259978334304
2021-08-27 18:00:00,0.0,G1_noage,157,156.3045105487961
2021-08-27 19:00:00,0.0,G1_noage,138,128.99523165144268
2021-08-27 20:00:00,0.0,G1_noage,111,118.37215742626417
2021-08-27 21:00:00,0.0,G1_noage,115,112.87326599672608
2021-08-27 22:00:00,0.0,G1_noage,105,107.28054800624611
2021-08-27 23:00:00,0.0,G1_noage,113,110.81529414365205
2021-08-28 00:00:00,0.0,G1_noage,75,66.66060990086723
2021-08-28 01:00:00,0.0,G1_noage,111,115.03074221404974
2021-08-28 02:00:00,0.0,G1_noage,119,110.19724875444501
2021-08-28 03:00:00,0.0,G1_noage,109,111.84083396078773
2021-08-28 04:00:00,0.0,G1_noage,107,109.72099464904814
2021-08-28 05:00:00,0.0,G1_noage,107,104.44440516564251
2021-08-28 06:00:00,0.0,G1_noage,103,110.14677627842484
2021-08-28 07:00:00,0.0,G1_noage,94,94.73258726686231
2021-08-28 08:00:00,0.0,G1_noage,36,27.33446955603715
2021-08-28 09:00:00,0.0,G1_noage,36,24.68156963478762
2021-08-28 10:00:00,0.0,G1_noage,41,24.870111657818732
2021-08-28 11:00:00,0.0,G1_noage,39,24.33037465858102
2021-08-28 12:00:00,0.0,G1_noage,38,24.03901778938261
2021-08-28 13:00:00,0.0,G1_noage,41,24.530361943740843
2021-08-28 14:00:00,0.0,G1_noage,41,24.53888106161757
2021-08-28 15:00:00,0.0,G1_noage,38,24.53888106161757
2021-08-28 16:00:00,0.0,G1_noage,52,24.53888106161757
2021-08-28 17:00:00,0.0,G1_noage,47,24.53888106161757
2021-08-28 18:00:00,0.0,G1_noage,0,21.421635277375856
2021-08-28 19:00:00,0.0,G1_noage,0,21.469490932070595
2021-08-28 20:00:00,0.0,G1_noage,0,23.90336303539748
2021-08-28 21:00:00,0.0,G1_noage,0,23.90336303539748
2021-08-28 22:00:00,0.0,G1_noage,0,23.90336303539748
2021-08-28 23:00:00,0.0,G1_noage,0,23.90336303539748
2021-08-29 00:00:00,0.0,G1_noage,0,23.539881495750926
2021-08-29 01:00:00,0.0,G1_noage,0,23.547816541915985
2021-08-29 02:00:00,0.0,G1_noage,0,23.65790254440862
2021-08-29 03:00:00,0.0,G1_noage,0,23.65790254440862
2021-08-29 04:00:00,0.0,G1_noage,0,23.65790254440862
2021-08-29 05:00:00,0.0,G1_noage,0,20.479314414370688
2021-08-29 06:00:00,0.0,G1_noage,0,19.797516994789003
2021-08-29 07:00:00,0.0,G1_noage,0,32.16183727468828
2021-08-29 08:00:00,0.0,G1_noage,0,27.03775622820513
2021-08-29 09:00:00,0.0,G1_noage,0,23.919419640657736
2021-08-29 10:00:00,0.0,G1_noage,0,23.919419640657736
2021-08-29 11:00:00,0.0,G1_noage,41,23.91090052278101
2021-08-29 12:00:00,0.0,G1_noage,23,23.036556740686205
2021-08-29 13:00:00,0.0,G1_noage,19,21.78556218498625
2021-08-29 14:00:00,0.0,G1_noage,22,22.774053860331723
2021-08-29 15:00:00,0.0,G1_noage,21,23.230040240091952
2021-08-29 16:00:00,0.0,G1_noage,23,23.079780195684098
2021-08-29 17:00:00,0.0,G1_noage,26,24.08184907552601
2021-08-29 18:00:00,0.0,G1_noage,25,23.452014953507955
2021-08-29 19:00:00,0.0,G1_noage,21,21.763604448967893
2021-08-29 20:00:00,0.0,G1_noage,20,21.3790699035165
2021-08-29 21:00:00,0.0,G1_noage,21,23.65790254440862
2021-08-29 22:00:00,0.0,G1_noage,24,23.65790254440862
2021-08-29 23:00:00,0.0,G1_noage,21,22.51343964573562
2021-08-30 00:00:00,0.0,G1_noage,20,29.854504058139437
2021-08-30 01:00:00,0.0,G1_noage,23,24.443139715425126
2021-08-30 02:00:00,0.0,G1_noage,24,25.100080745804306
2021-08-30 03:00:00,0.0,G1_noage,21,21.954175399339064
2021-08-30 04:00:00,0.0,G1_noage,20,22.86657746663032
2021-08-30 05:00:00,0.0,G1_noage,20,27.465257480135342
2021-08-30 06:00:00,0.0,G1_noage,24,34.230415621543806
2021-08-30 07:00:00,0.0,G1_noage,80,75.14183544637532
2021-08-30 08:00:00,1.0,G1_noage,183,182.14662556010342
2021-08-30 09:00:00,0.0,G1_noage,180,177.85963558385936
2021-08-30 10:00:00,0.0,G1_noage,186,175.95532103271515
2021-08-30 11:00:00,0.0,G1_noage,180,180.88035017354915
2021-08-30 12:00:00,0.0,G1_noage,134,131.18658210936007
2021-08-30 13:00:00,0.0,G1_noage,177,184.48342223602938
2021-08-30 14:00:00,0.0,G1_noage,174,174.7135914190958
2021-08-30 15:00:00,0.0,G1_noage,177,177.26596833563698
2021-08-30 16:00:00,0.0,G1_noage,174,175.70454208833496
2021-08-30 17:00:00,0.0,G1_noage,172,161.0523900469458
2021-08-30 18:00:00,0.0,G1_noage,172,169.97866114553293
2021-08-30 19:00:00,0.0,G1_noage,162,161.88458986734017
2021-08-30 20:00:00,0.0,G1_noage,132,129.06379235250984
2021-08-30 21:00:00,0.0,G1_noage,135,127.09825020464162
2021-08-30 22:00:00,0.0,G1_noage,123,125.3795264717094
2021-08-30 23:00:00,0.0,G1_noage,115,121.39049177323682
2021-08-31 00:00:00,0.0,G1_noage,76,71.37699202325032
2021-08-31 01:00:00,0.0,G1_noage,111,115.92545159928363
2021-08-31 02:00:00,0.0,G1_noage,114,111.23080032028838
2021-08-31 03:00:00,0.0,G1_noage,107,109.17881851701587
2021-08-31 04:00:00,0.0,G1_noage,114,109.52124243230168
2021-08-31 05:00:00,0.0,G1_noage,114,108.86909197109263
2021-08-31 06:00:00,0.0,G1_noage,114,119.09774438001917
2021-08-31 07:00:00,0.0,G1_noage,144,145.16752772101526
2021-08-31 08:00:00,0.0,G1_noage,177,180.20332947420854
2021-08-31 09:00:00,0.0,G1_noage,185,170.95008477843015
2021-08-31 10:00:00,0.0,G1_noage,187,178.06146283187292
2021-08-31 11:00:00,0.0,G1_noage,182,182.29317621614217
2021-08-31 12:00:00,0.0,G1_noage,135,124.60427486942866
2021-08-31 13:00:00,0.0,G1_noage,184,179.46091931314334
2021-08-31 14:00:00,0.0,G1_noage,187,177.05075693694667
2021-08-31 15:00:00,0.0,G1_noage,170,181.77887363371573
2021-08-31 16:00:00,0.0,G1_noage,180,169.8259918842345
2021-08-31 17:00:00,0.0,G1_noage,139,161.11847698777015
2021-08-31 18:00:00,0.0,G1_noage,162,159.61242385080607
2021-08-31 19:00:00,0.0,G1_noage,154,146.82968987852905
2021-08-31 20:00:00,0.0,G1_noage,152,144.34049999631637
2021-08-31 21:00:00,0.0,G1_noage,132,130.7005406997649
2021-08-31 22:00:00,,G1_noage,127,126.48912384992535
2021-08-31 23:00:00,,G1_noage,128,120.77455969996767
